<?xml version="1.0" encoding="UTF-8"?><kml xmlns="http://www.opengis.net/kml/2.2"><Document><Folder><name>Barredora 1</name><Placemark><name>Trabajado - Cuartel 1 - Hilera 1</name><Style><LineStyle><color>ff00ff00</color><width>3</width></LineStyle></Style><LineString><coordinates>-70.68836,-34.083945,0 -70.689655,-34.0846533,0</coordinates></LineString></Placemark><Placemark><name>Trabajado - Cuartel 1 - Hilera 43</name><Style><LineStyle><color>ff00ff00</color><width>3</width></LineStyle></Style><LineString><coordinates>-70.6895716,-34.084635,0 -70.68854805929959,-34.08408486092333,0</coordinates></LineString></Placemark><Placemark><name>Trabajado - Cuartel 1 - Hilera 44</name><Style><LineStyle><color>ff00ff00</color><width>3</width></LineStyle></Style><LineString><coordinates>-70.68859,-34.0840116,0 -70.6884883,-34.0839999,0</coordinates></LineString></Placemark><Placemark><name>Trabajado - Cuartel 1 - Hilera 46</name><Style><LineStyle><color>ff00ff00</color><width>3</width></LineStyle></Style><LineString><coordinates>-70.688435,-34.0842199,0 -70.6885183,-34.0842466,0</coordinates></LineString></Placemark><Placemark><name>Trabajado - Cuartel 1 - Hilera 47</name><Style><LineStyle><color>ff00ff00</color><width>3</width></LineStyle></Style><LineString><coordinates>-70.6885183,-34.0842466,0 -70.68867,-34.0842083,0</coordinates></LineString></Placemark><Placemark><name>Trabajado - Cuartel 1 - Hilera 48</name><Style><LineStyle><color>ff00ff00</color><width>3</width></LineStyle></Style><LineString><coordinates>-70.6886583,-34.084165,0 -70.6885366,-34.0841233,0</coordinates></LineString></Placemark><Placemark><name>Trabajado - Cuartel 1 - Hilera 50</name><Style><LineStyle><color>ff00ff00</color><width>3</width></LineStyle></Style><LineString><coordinates>-70.68847520809547,-34.08422939457934,0 -70.6886383,-34.08425,0</coordinates></LineString></Placemark><Placemark><name>Trabajado - Cuartel 1 - Hilera 53</name><Style><LineStyle><color>ff00ff00</color><width>3</width></LineStyle></Style><LineString><coordinates>-70.6884566,-34.08421,0 -70.6887183,-34.08419,0</coordinates></LineString></Placemark><Placemark><name>Trabajado - Cuartel 1 - Hilera 54</name><Style><LineStyle><color>ff00ff00</color><width>3</width></LineStyle></Style><LineString><coordinates>-70.6887133,-34.084205,0 -70.6885033,-34.0841583,0</coordinates></LineString></Placemark><Placemark><name>Trabajado - Cuartel 1 - Hilera 55</name><Style><LineStyle><color>ff00ff00</color><width>3</width></LineStyle></Style><LineString><coordinates>-70.6884683,-34.0842249,0 -70.68862,-34.0842133,0</coordinates></LineString></Placemark><Placemark><name>Trabajado - Cuartel 1 - Hilera 57</name><Style><LineStyle><color>ff00ff00</color><width>3</width></LineStyle></Style><LineString><coordinates>-70.6886783,-34.0841633,0 -70.6884283,-34.0841916,0</coordinates></LineString></Placemark><Placemark><name>Trabajado - Cuartel 1 - Hilera 58</name><Style><LineStyle><color>ff00ff00</color><width>3</width></LineStyle></Style><LineString><coordinates>-70.6884433,-34.0841333,0 -70.6886816,-34.0841449,0</coordinates></LineString></Placemark><Placemark><name>Trabajado - Cuartel 1 - Hilera 59</name><Style><LineStyle><color>ff00ff00</color><width>3</width></LineStyle></Style><LineString><coordinates>-70.68887947266708,-34.08419286073969,0 -70.6884966,-34.0841433,0</coordinates></LineString></Placemark><Placemark><name>Trabajado - Cuartel 1 - Hilera 60</name><Style><LineStyle><color>ff00ff00</color><width>3</width></LineStyle></Style><LineString><coordinates>-70.6886283,-34.0842116,0 -70.68847,-34.0841666,0</coordinates></LineString></Placemark><Placemark><name>Trabajado - Cuartel 1 - Hilera 61</name><Style><LineStyle><color>ff00ff00</color><width>3</width></LineStyle></Style><LineString><coordinates>-70.6885099,-34.0841066,0 -70.688925,-34.0841816,0</coordinates></LineString></Placemark><Placemark><name>Trabajado - Cuartel 1 - Hilera 62</name><Style><LineStyle><color>ff00ff00</color><width>3</width></LineStyle></Style><LineString><coordinates>-70.6885399,-34.0841283,0 -70.6884316,-34.084055,0</coordinates></LineString></Placemark><Placemark><name>Trabajado - Cuartel 1 - Hilera 63</name><Style><LineStyle><color>ff00ff00</color><width>3</width></LineStyle></Style><LineString><coordinates>-70.6884316,-34.084055,0 -70.6889033,-34.0841433,0</coordinates></LineString></Placemark><Placemark><name>Trabajado - Cuartel 1 - Hilera 66</name><Style><LineStyle><color>ff00ff00</color><width>3</width></LineStyle></Style><LineString><coordinates>-70.6885116,-34.0842183,0 -70.6888166,-34.0841449,0</coordinates></LineString></Placemark><Placemark><name>Trabajado - Cuartel 1 - Hilera 67</name><Style><LineStyle><color>ff00ff00</color><width>3</width></LineStyle></Style><LineString><coordinates>-70.6888166,-34.0841449,0 -70.6896166,-34.0846333,0</coordinates></LineString></Placemark><Placemark><name>Trabajado - Cuartel 1 - Hilera 114</name><Style><LineStyle><color>ff00ff00</color><width>3</width></LineStyle></Style><LineString><coordinates>-70.689575,-34.08466,0 -70.6883016,-34.0839616,0</coordinates></LineString></Placemark><Placemark><name>Trabajado - Cuartel 1 - Hilera 115</name><Style><LineStyle><color>ff00ff00</color><width>3</width></LineStyle></Style><LineString><coordinates>-70.68834,-34.0838866,0 -70.68848,-34.0838483,0</coordinates></LineString></Placemark><Placemark><name>Trabajado - Cuartel 1 - Hilera 116</name><Style><LineStyle><color>ff00ff00</color><width>3</width></LineStyle></Style><LineString><coordinates>-70.6884483,-34.0838716,0 -70.6896466,-34.0846516,0</coordinates></LineString></Placemark><Placemark><name>Trabajado - Cuartel 1 - Hilera 167</name><Style><LineStyle><color>ff00ff00</color><width>3</width></LineStyle></Style><LineString><coordinates>-70.689585,-34.0845766,0 -70.688915,-34.0841299,0</coordinates></LineString></Placemark><Placemark><name>Trabajado - Cuartel 1 - Hilera 168</name><Style><LineStyle><color>ff00ff00</color><width>3</width></LineStyle></Style><LineString><coordinates>-70.688915,-34.0841299,0 -70.6883233,-34.0840099,0</coordinates></LineString></Placemark><Placemark><name>Trabajado - Cuartel 1 - Hilera 169</name><Style><LineStyle><color>ff00ff00</color><width>3</width></LineStyle></Style><LineString><coordinates>-70.6883483,-34.0839366,0 -70.6884483,-34.0839366,0</coordinates></LineString></Placemark><Placemark><name>Trabajado - Cuartel 1 - Hilera 170</name><Style><LineStyle><color>ff00ff00</color><width>3</width></LineStyle></Style><LineString><coordinates>-70.6884333,-34.0839483,0 -70.6896066,-34.08464,0</coordinates></LineString></Placemark><Placemark><name>Trabajado - Cuartel 1 - Hilera 189</name><Style><LineStyle><color>ff00ff00</color><width>3</width></LineStyle></Style><LineString><coordinates>-70.6896033,-34.0845983,0 -70.6883149,-34.0839883,0</coordinates></LineString></Placemark><Placemark><name>Trabajado - Cuartel 1 - Hilera 191</name><Style><LineStyle><color>ff00ff00</color><width>3</width></LineStyle></Style><LineString><coordinates>-70.68838,-34.0838766,0 -70.6885433,-34.0838633,0</coordinates></LineString></Placemark><Placemark><name>Trabajado - Cuartel 1 - Hilera 192</name><Style><LineStyle><color>ff00ff00</color><width>3</width></LineStyle></Style><LineString><coordinates>-70.6885433,-34.0838633,0 -70.6884333,-34.0839033,0</coordinates></LineString></Placemark><Placemark><name>Trabajado - Cuartel 1 - Hilera 194</name><Style><LineStyle><color>ff00ff00</color><width>3</width></LineStyle></Style><LineString><coordinates>-70.6885099,-34.0840416,0 -70.6896516,-34.0846016,0</coordinates></LineString></Placemark><Placemark><name>Trabajado - Cuartel 1 - Hilera 236</name><Style><LineStyle><color>ff00ff00</color><width>3</width></LineStyle></Style><LineString><coordinates>-70.6895783,-34.0846133,0 -70.68895,-34.0841383,0</coordinates></LineString></Placemark><Placemark><name>Trabajado - Cuartel 1 - Hilera 237</name><Style><LineStyle><color>ff00ff00</color><width>3</width></LineStyle></Style><LineString><coordinates>-70.6890566,-34.0841983,0 -70.68837161390152,-34.083914829919586,0</coordinates></LineString></Placemark><Placemark><name>Trabajado - Cuartel 1 - Hilera 238</name><Style><LineStyle><color>ff00ff00</color><width>3</width></LineStyle></Style><LineString><coordinates>-70.6884583,-34.0839233,0 -70.68966,-34.0846083,0</coordinates></LineString></Placemark><Placemark><name>Trabajado - Cuartel 2 - Hilera 2</name><Style><LineStyle><color>ff00ff00</color><width>3</width></LineStyle></Style><LineString><coordinates>-70.689655,-34.0846533,0 -70.6874,-34.0871133,0</coordinates></LineString></Placemark><Placemark><name>Trabajado - Cuartel 2 - Hilera 42</name><Style><LineStyle><color>ff00ff00</color><width>3</width></LineStyle></Style><LineString><coordinates>-70.68671676583402,-34.087662866719924,0 -70.69009937454635,-34.08417304888022,0</coordinates></LineString></Placemark><Placemark><name>Trabajado - Cuartel 2 - Hilera 68</name><Style><LineStyle><color>ff00ff00</color><width>3</width></LineStyle></Style><LineString><coordinates>-70.689615,-34.084705,0 -70.68723,-34.0871966,0</coordinates></LineString></Placemark><Placemark><name>Trabajado - Cuartel 2 - Hilera 117</name><Style><LineStyle><color>ff00ff00</color><width>3</width></LineStyle></Style><LineString><coordinates>-70.6896283,-34.084715,0 -70.6875216,-34.0868083,0</coordinates></LineString></Placemark><Placemark><name>Trabajado - Cuartel 2 - Hilera 166</name><Style><LineStyle><color>ff00ff00</color><width>3</width></LineStyle></Style><LineString><coordinates>-70.686735,-34.0875683,0 -70.6896,-34.084615,0</coordinates></LineString></Placemark><Placemark><name>Trabajado - Cuartel 2 - Hilera 235</name><Style><LineStyle><color>ff00ff00</color><width>3</width></LineStyle></Style><LineString><coordinates>-70.6862899,-34.0882099,0 -70.6895783,-34.0846133,0</coordinates></LineString></Placemark><Placemark><name>Trabajado - Cuartel 3 - Hilera 3</name><Style><LineStyle><color>ff00ff00</color><width>3</width></LineStyle></Style><LineString><coordinates>-70.68644732946152,-34.08647261341363,0 -70.6922549,-34.0903783,0</coordinates></LineString></Placemark><Placemark><name>Trabajado - Cuartel 3 - Hilera 6</name><Style><LineStyle><color>ff00ff00</color><width>3</width></LineStyle></Style><LineString><coordinates>-70.69227535168002,-34.090379410494855,0 -70.68667734911195,-34.086695800565174,0</coordinates></LineString></Placemark><Placemark><name>Trabajado - Cuartel 3 - Hilera 7</name><Style><LineStyle><color>ff00ff00</color><width>3</width></LineStyle></Style><LineString><coordinates>-70.6922683,-34.0904166,0 -70.6873299,-34.0871833,0</coordinates></LineString></Placemark><Placemark><name>Trabajado - Cuartel 3 - Hilera 8</name><Style><LineStyle><color>ff00ff00</color><width>3</width></LineStyle></Style><LineString><coordinates>-70.68732077586667,-34.087177208041716,0 -70.69219479427922,-34.09043146965658,0</coordinates></LineString></Placemark><Placemark><name>Trabajado - Cuartel 3 - Hilera 13</name><Style><LineStyle><color>ff00ff00</color><width>3</width></LineStyle></Style><LineString><coordinates>-70.6920983,-34.0904249,0 -70.68732,-34.087205,0</coordinates></LineString></Placemark><Placemark><name>Trabajado - Cuartel 3 - Hilera 14</name><Style><LineStyle><color>ff00ff00</color><width>3</width></LineStyle></Style><LineString><coordinates>-70.68692958930222,-34.08693534425804,0 -70.6920833,-34.090495,0</coordinates></LineString></Placemark><Placemark><name>Trabajado - Cuartel 3 - Hilera 15</name><Style><LineStyle><color>ff00ff00</color><width>3</width></LineStyle></Style><LineString><coordinates>-70.6921233,-34.090475,0 -70.68727,-34.0871966,0</coordinates></LineString></Placemark><Placemark><name>Trabajado - Cuartel 3 - Hilera 16</name><Style><LineStyle><color>ff00ff00</color><width>3</width></LineStyle></Style><LineString><coordinates>-70.6921033,-34.0904683,0 -70.68748798239513,-34.08742875132234,0</coordinates></LineString></Placemark><Placemark><name>Trabajado - Cuartel 3 - Hilera 17</name><Style><LineStyle><color>ff00ff00</color><width>3</width></LineStyle></Style><LineString><coordinates>-70.6874633,-34.08746,0 -70.69132576817371,-34.090005229931556,0</coordinates></LineString></Placemark><Placemark><name>Trabajado - Cuartel 3 - Hilera 20</name><Style><LineStyle><color>ff00ff00</color><width>3</width></LineStyle></Style><LineString><coordinates>-70.687505,-34.08746,0 -70.6920533,-34.0905466,0</coordinates></LineString></Placemark><Placemark><name>Trabajado - Cuartel 3 - Hilera 21</name><Style><LineStyle><color>ff00ff00</color><width>3</width></LineStyle></Style><LineString><coordinates>-70.6920533,-34.0905466,0 -70.6874366,-34.0874833,0</coordinates></LineString></Placemark><Placemark><name>Trabajado - Cuartel 3 - Hilera 23</name><Style><LineStyle><color>ff00ff00</color><width>3</width></LineStyle></Style><LineString><coordinates>-70.6906218411657,-34.090315134014766,0 -70.69137857797863,-34.0908346909086,0</coordinates></LineString></Placemark><Placemark><name>Trabajado - Cuartel 3 - Hilera 25</name><Style><LineStyle><color>ff00ff00</color><width>3</width></LineStyle></Style><LineString><coordinates>-70.6913816,-34.090825,0 -70.6906333,-34.0902983,0</coordinates></LineString></Placemark><Placemark><name>Trabajado - Cuartel 3 - Hilera 26</name><Style><LineStyle><color>ff00ff00</color><width>3</width></LineStyle></Style><LineString><coordinates>-70.68979699326722,-34.0896661989968,0 -70.691435,-34.0908233,0</coordinates></LineString></Placemark><Placemark><name>Trabajado - Cuartel 3 - Hilera 27</name><Style><LineStyle><color>ff00ff00</color><width>3</width></LineStyle></Style><LineString><coordinates>-70.691335,-34.0907316,0 -70.6897499,-34.0895916,0</coordinates></LineString></Placemark><Placemark><name>Trabajado - Cuartel 3 - Hilera 28</name><Style><LineStyle><color>ff00ff00</color><width>3</width></LineStyle></Style><LineString><coordinates>-70.6897499,-34.0895916,0 -70.6914816,-34.0907966,0</coordinates></LineString></Placemark><Placemark><name>Trabajado - Cuartel 3 - Hilera 29</name><Style><LineStyle><color>ff00ff00</color><width>3</width></LineStyle></Style><LineString><coordinates>-70.6915083,-34.0908049,0 -70.6892283,-34.08919,0</coordinates></LineString></Placemark><Placemark><name>Trabajado - Cuartel 3 - Hilera 30</name><Style><LineStyle><color>ff00ff00</color><width>3</width></LineStyle></Style><LineString><coordinates>-70.6892466,-34.0892366,0 -70.69151,-34.0907766,0</coordinates></LineString></Placemark><Placemark><name>Trabajado - Cuartel 3 - Hilera 31</name><Style><LineStyle><color>ff00ff00</color><width>3</width></LineStyle></Style><LineString><coordinates>-70.69151,-34.0907766,0 -70.689155,-34.0891233,0</coordinates></LineString></Placemark><Placemark><name>Trabajado - Cuartel 3 - Hilera 33</name><Style><LineStyle><color>ff00ff00</color><width>3</width></LineStyle></Style><LineString><coordinates>-70.6892683,-34.08918,0 -70.6915033,-34.0906883,0</coordinates></LineString></Placemark><Placemark><name>Trabajado - Cuartel 3 - Hilera 34</name><Style><LineStyle><color>ff00ff00</color><width>3</width></LineStyle></Style><LineString><coordinates>-70.6915166,-34.0906649,0 -70.68848,-34.0885966,0</coordinates></LineString></Placemark><Placemark><name>Trabajado - Cuartel 3 - Hilera 35</name><Style><LineStyle><color>ff00ff00</color><width>3</width></LineStyle></Style><LineString><coordinates>-70.68848,-34.0885966,0 -70.6915616,-34.0907383,0</coordinates></LineString></Placemark><Placemark><name>Trabajado - Cuartel 3 - Hilera 36</name><Style><LineStyle><color>ff00ff00</color><width>3</width></LineStyle></Style><LineString><coordinates>-70.6885083,-34.0886583,0 -70.6915916,-34.0906816,0</coordinates></LineString></Placemark><Placemark><name>Trabajado - Cuartel 3 - Hilera 37</name><Style><LineStyle><color>ff00ff00</color><width>3</width></LineStyle></Style><LineString><coordinates>-70.69164,-34.0906766,0 -70.6876699,-34.0880283,0</coordinates></LineString></Placemark><Placemark><name>Trabajado - Cuartel 3 - Hilera 39</name><Style><LineStyle><color>ff00ff00</color><width>3</width></LineStyle></Style><LineString><coordinates>-70.68768524867404,-34.087990155536914,0 -70.69169854610062,-34.09066847465652,0</coordinates></LineString></Placemark><Placemark><name>Trabajado - Cuartel 3 - Hilera 40</name><Style><LineStyle><color>ff00ff00</color><width>3</width></LineStyle></Style><LineString><coordinates>-70.6917066,-34.09066,0 -70.68731,-34.0876949,0</coordinates></LineString></Placemark><Placemark><name>Trabajado - Cuartel 3 - Hilera 71</name><Style><LineStyle><color>ff00ff00</color><width>3</width></LineStyle></Style><LineString><coordinates>-70.6873216,-34.0875766,0 -70.6917766,-34.0906449,0</coordinates></LineString></Placemark><Placemark><name>Trabajado - Cuartel 3 - Hilera 72</name><Style><LineStyle><color>ff00ff00</color><width>3</width></LineStyle></Style><LineString><coordinates>-70.6917766,-34.0906449,0 -70.68735,-34.087715,0</coordinates></LineString></Placemark><Placemark><name>Trabajado - Cuartel 3 - Hilera 73</name><Style><LineStyle><color>ff00ff00</color><width>3</width></LineStyle></Style><LineString><coordinates>-70.6917533,-34.0906416,0 -70.6873333,-34.0876716,0</coordinates></LineString></Placemark><Placemark><name>Trabajado - Cuartel 3 - Hilera 74</name><Style><LineStyle><color>ff00ff00</color><width>3</width></LineStyle></Style><LineString><coordinates>-70.6873383,-34.0876516,0 -70.6918016,-34.0906116,0</coordinates></LineString></Placemark><Placemark><name>Trabajado - Cuartel 3 - Hilera 75</name><Style><LineStyle><color>ff00ff00</color><width>3</width></LineStyle></Style><LineString><coordinates>-70.6918383,-34.0906083,0 -70.6873233,-34.0876,0</coordinates></LineString></Placemark><Placemark><name>Trabajado - Cuartel 3 - Hilera 76</name><Style><LineStyle><color>ff00ff00</color><width>3</width></LineStyle></Style><LineString><coordinates>-70.68728468583521,-34.08757379991286,0 -70.6917816,-34.090625,0</coordinates></LineString></Placemark><Placemark><name>Trabajado - Cuartel 3 - Hilera 77</name><Style><LineStyle><color>ff00ff00</color><width>3</width></LineStyle></Style><LineString><coordinates>-70.6873362402937,-34.08753080356811,0 -70.6918983,-34.0905799,0</coordinates></LineString></Placemark><Placemark><name>Trabajado - Cuartel 3 - Hilera 78</name><Style><LineStyle><color>ff00ff00</color><width>3</width></LineStyle></Style><LineString><coordinates>-70.6873399,-34.08754,0 -70.691895,-34.0906066,0</coordinates></LineString></Placemark><Placemark><name>Trabajado - Cuartel 3 - Hilera 79</name><Style><LineStyle><color>ff00ff00</color><width>3</width></LineStyle></Style><LineString><coordinates>-70.691895,-34.0906066,0 -70.6873183,-34.0874866,0</coordinates></LineString></Placemark><Placemark><name>Trabajado - Cuartel 3 - Hilera 80</name><Style><LineStyle><color>ff00ff00</color><width>3</width></LineStyle></Style><LineString><coordinates>-70.68732696489215,-34.08747520548355,0 -70.69198394334275,-34.090584323315326,0</coordinates></LineString></Placemark><Placemark><name>Trabajado - Cuartel 3 - Hilera 81</name><Style><LineStyle><color>ff00ff00</color><width>3</width></LineStyle></Style><LineString><coordinates>-70.6919916,-34.0905799,0 -70.6871533,-34.0872449,0</coordinates></LineString></Placemark><Placemark><name>Descartado (grupo chico) - Hilera 4</name><Style><LineStyle><color>ff00ffff</color><width>3</width></LineStyle></Style><LineString><coordinates>-70.6922549,-34.0904116,0 -70.69216,-34.0904783,0</coordinates></LineString></Placemark><Placemark><name>Descartado (grupo chico) - Hilera 19</name><Style><LineStyle><color>ff00ffff</color><width>3</width></LineStyle></Style><LineString><coordinates>-70.69209526567262,-34.09051693742977,0 -70.6919449,-34.0905883,0</coordinates></LineString></Placemark><Placemark><name>Descartado (grupo chico) - Hilera 24</name><Style><LineStyle><color>ff00ffff</color><width>3</width></LineStyle></Style><LineString><coordinates>-70.69135067807332,-34.09084091381847,0 -70.6919033,-34.09055,0</coordinates></LineString></Placemark><Placemark><name>Descartado (grupo chico) - Hilera 5</name><Style><LineStyle><color>ff00ffff</color><width>3</width></LineStyle></Style><LineString><coordinates>-70.6921966,-34.09046,0 -70.6922533,-34.0903649,0</coordinates></LineString></Placemark><Placemark><name>Descartado (grupo chico) - Hilera 9</name><Style><LineStyle><color>ff00ffff</color><width>3</width></LineStyle></Style><LineString><coordinates>-70.692155,-34.0904049,0 -70.6921716,-34.0904883,0</coordinates></LineString></Placemark><Placemark><name>Descartado (grupo chico) - Hilera 10</name><Style><LineStyle><color>ff00ffff</color><width>3</width></LineStyle></Style><LineString><coordinates>-70.692175,-34.0904383,0 -70.689055,-34.088285,0</coordinates></LineString></Placemark><Placemark><name>Descartado (grupo chico) - Hilera 11</name><Style><LineStyle><color>ff00ffff</color><width>3</width></LineStyle></Style><LineString><coordinates>-70.689055,-34.088285,0 -70.6873166,-34.0871816,0</coordinates></LineString></Placemark><Placemark><name>Descartado (grupo chico) - Hilera 22</name><Style><LineStyle><color>ff00ffff</color><width>3</width></LineStyle></Style><LineString><coordinates>-70.68563737075623,-34.08617068552249,0 -70.6906483,-34.0903333,0</coordinates></LineString></Placemark><Placemark><name>Descartado (grupo chico) - Hilera 12</name><Style><LineStyle><color>ff00ffff</color><width>3</width></LineStyle></Style><LineString><coordinates>-70.6921883,-34.0904383,0 -70.6920983,-34.0904249,0</coordinates></LineString></Placemark><Placemark><name>Descartado (grupo chico) - Hilera 18</name><Style><LineStyle><color>ff00ffff</color><width>3</width></LineStyle></Style><LineString><coordinates>-70.6913166,-34.090015,0 -70.6920533,-34.0905183,0</coordinates></LineString></Placemark><Placemark><name>Descartado (grupo chico) - Hilera 32</name><Style><LineStyle><color>ff00ffff</color><width>3</width></LineStyle></Style><LineString><coordinates>-70.6891533,-34.0891616,0 -70.6892683,-34.08918,0</coordinates></LineString></Placemark><Placemark><name>Descartado (grupo chico) - Hilera 38</name><Style><LineStyle><color>ff00ffff</color><width>3</width></LineStyle></Style><LineString><coordinates>-70.6877366,-34.0880933,0 -70.6877,-34.088,0</coordinates></LineString></Placemark><Placemark><name>Trabajado - Cuartel 41 - Hilera 41</name><Style><LineStyle><color>ff00ff00</color><width>3</width></LineStyle></Style><LineString><coordinates>-70.68731,-34.0876949,0 -70.6871816,-34.0871833,0</coordinates></LineString></Placemark><Placemark><name>Trabajado - Cuartel 41 - Hilera 69</name><Style><LineStyle><color>ff00ff00</color><width>3</width></LineStyle></Style><LineString><coordinates>-70.68723,-34.0871966,0 -70.6873666,-34.0873716,0</coordinates></LineString></Placemark><Placemark><name>Trabajado - Cuartel 41 - Hilera 70</name><Style><LineStyle><color>ff00ff00</color><width>3</width></LineStyle></Style><LineString><coordinates>-70.6873666,-34.0873716,0 -70.6873216,-34.0875766,0</coordinates></LineString></Placemark><Placemark><name>Trabajado - Cuartel 41 - Hilera 82</name><Style><LineStyle><color>ff00ff00</color><width>3</width></LineStyle></Style><LineString><coordinates>-70.68802886564374,-34.08632926629133,0 -70.6863483,-34.0851983,0</coordinates></LineString></Placemark><Placemark><name>Trabajado - Cuartel 41 - Hilera 83</name><Style><LineStyle><color>ff00ff00</color><width>3</width></LineStyle></Style><LineString><coordinates>-70.6879966,-34.0863283,0 -70.68635457308386,-34.085230013983846,0</coordinates></LineString></Placemark><Placemark><name>Trabajado - Cuartel 41 - Hilera 84</name><Style><LineStyle><color>ff00ff00</color><width>3</width></LineStyle></Style><LineString><coordinates>-70.68632965202119,-34.08523186725488,0 -70.6879883,-34.0863666,0</coordinates></LineString></Placemark><Placemark><name>Trabajado - Cuartel 41 - Hilera 85</name><Style><LineStyle><color>ff00ff00</color><width>3</width></LineStyle></Style><LineString><coordinates>-70.687975,-34.0863633,0 -70.6863016,-34.0852816,0</coordinates></LineString></Placemark><Placemark><name>Trabajado - Cuartel 41 - Hilera 86</name><Style><LineStyle><color>ff00ff00</color><width>3</width></LineStyle></Style><LineString><coordinates>-70.6863016,-34.0852816,0 -70.6879333,-34.086455,0</coordinates></LineString></Placemark><Placemark><name>Trabajado - Cuartel 41 - Hilera 88</name><Style><LineStyle><color>ff00ff00</color><width>3</width></LineStyle></Style><LineString><coordinates>-70.687935,-34.0863683,0 -70.68631,-34.0853066,0</coordinates></LineString></Placemark><Placemark><name>Trabajado - Cuartel 41 - Hilera 89</name><Style><LineStyle><color>ff00ff00</color><width>3</width></LineStyle></Style><LineString><coordinates>-70.68631,-34.0853066,0 -70.6879499,-34.0864233,0</coordinates></LineString></Placemark><Placemark><name>Trabajado - Cuartel 41 - Hilera 90</name><Style><LineStyle><color>ff00ff00</color><width>3</width></LineStyle></Style><LineString><coordinates>-70.687935,-34.086455,0 -70.68624405381509,-34.08531087821266,0</coordinates></LineString></Placemark><Placemark><name>Trabajado - Cuartel 41 - Hilera 91</name><Style><LineStyle><color>ff00ff00</color><width>3</width></LineStyle></Style><LineString><coordinates>-70.68624429226615,-34.08531060585501,0 -70.6878949,-34.0864733,0</coordinates></LineString></Placemark><Placemark><name>Trabajado - Cuartel 41 - Hilera 92</name><Style><LineStyle><color>ff00ff00</color><width>3</width></LineStyle></Style><LineString><coordinates>-70.6878916,-34.0864883,0 -70.6863116,-34.0854516,0</coordinates></LineString></Placemark><Placemark><name>Trabajado - Cuartel 41 - Hilera 93</name><Style><LineStyle><color>ff00ff00</color><width>3</width></LineStyle></Style><LineString><coordinates>-70.68627990018508,-34.08542987828576,0 -70.6878683,-34.0865183,0</coordinates></LineString></Placemark><Placemark><name>Trabajado - Cuartel 41 - Hilera 94</name><Style><LineStyle><color>ff00ff00</color><width>3</width></LineStyle></Style><LineString><coordinates>-70.68783,-34.0865283,0 -70.68614147688146,-34.08539474677929,0</coordinates></LineString></Placemark><Placemark><name>Trabajado - Cuartel 41 - Hilera 95</name><Style><LineStyle><color>ff00ff00</color><width>3</width></LineStyle></Style><LineString><coordinates>-70.68612718720277,-34.085409619609436,0 -70.6878183,-34.0865583,0</coordinates></LineString></Placemark><Placemark><name>Trabajado - Cuartel 41 - Hilera 96</name><Style><LineStyle><color>ff00ff00</color><width>3</width></LineStyle></Style><LineString><coordinates>-70.687805,-34.0865966,0 -70.68610122817533,-34.08542864188189,0</coordinates></LineString></Placemark><Placemark><name>Trabajado - Cuartel 41 - Hilera 97</name><Style><LineStyle><color>ff00ff00</color><width>3</width></LineStyle></Style><LineString><coordinates>-70.68610230221078,-34.08542764649968,0 -70.68776198456747,-34.08661831076297,0</coordinates></LineString></Placemark><Placemark><name>Trabajado - Cuartel 41 - Hilera 99</name><Style><LineStyle><color>ff00ff00</color><width>3</width></LineStyle></Style><LineString><coordinates>-70.6877433,-34.0866366,0 -70.6861066,-34.08556,0</coordinates></LineString></Placemark><Placemark><name>Trabajado - Cuartel 41 - Hilera 100</name><Style><LineStyle><color>ff00ff00</color><width>3</width></LineStyle></Style><LineString><coordinates>-70.68606548086979,-34.08553111802671,0 -70.68770041093273,-34.086679488776916,0</coordinates></LineString></Placemark><Placemark><name>Trabajado - Cuartel 41 - Hilera 102</name><Style><LineStyle><color>ff00ff00</color><width>3</width></LineStyle></Style><LineString><coordinates>-70.6876633,-34.086555,0 -70.6860583,-34.0854949,0</coordinates></LineString></Placemark><Placemark><name>Trabajado - Cuartel 41 - Hilera 103</name><Style><LineStyle><color>ff00ff00</color><width>3</width></LineStyle></Style><LineString><coordinates>-70.6877016,-34.0866783,0 -70.6860016,-34.0855766,0</coordinates></LineString></Placemark><Placemark><name>Trabajado - Cuartel 41 - Hilera 104</name><Style><LineStyle><color>ff00ff00</color><width>3</width></LineStyle></Style><LineString><coordinates>-70.6860016,-34.0855766,0 -70.6876533,-34.0867016,0</coordinates></LineString></Placemark><Placemark><name>Trabajado - Cuartel 41 - Hilera 106</name><Style><LineStyle><color>ff00ff00</color><width>3</width></LineStyle></Style><LineString><coordinates>-70.68766163977195,-34.08669141694163,0 -70.6859916,-34.0855983,0</coordinates></LineString></Placemark><Placemark><name>Trabajado - Cuartel 41 - Hilera 107</name><Style><LineStyle><color>ff00ff00</color><width>3</width></LineStyle></Style><LineString><coordinates>-70.6876583,-34.086695,0 -70.6859733,-34.0856216,0</coordinates></LineString></Placemark><Placemark><name>Trabajado - Cuartel 41 - Hilera 108</name><Style><LineStyle><color>ff00ff00</color><width>3</width></LineStyle></Style><LineString><coordinates>-70.685955,-34.08562,0 -70.6876333,-34.0867566,0</coordinates></LineString></Placemark><Placemark><name>Trabajado - Cuartel 41 - Hilera 109</name><Style><LineStyle><color>ff00ff00</color><width>3</width></LineStyle></Style><LineString><coordinates>-70.68763107719464,-34.08671320056753,0 -70.6859449,-34.0856016,0</coordinates></LineString></Placemark><Placemark><name>Trabajado - Cuartel 41 - Hilera 110</name><Style><LineStyle><color>ff00ff00</color><width>3</width></LineStyle></Style><LineString><coordinates>-70.6875866,-34.0867916,0 -70.6859239280982,-34.08566982389998,0</coordinates></LineString></Placemark><Placemark><name>Trabajado - Cuartel 41 - Hilera 111</name><Style><LineStyle><color>ff00ff00</color><width>3</width></LineStyle></Style><LineString><coordinates>-70.6859116,-34.0856716,0 -70.6875616,-34.0868333,0</coordinates></LineString></Placemark><Placemark><name>Trabajado - Cuartel 41 - Hilera 112</name><Style><LineStyle><color>ff00ff00</color><width>3</width></LineStyle></Style><LineString><coordinates>-70.6875583,-34.0868116,0 -70.6858716,-34.0857016,0</coordinates></LineString></Placemark><Placemark><name>Trabajado - Cuartel 41 - Hilera 113</name><Style><LineStyle><color>ff00ff00</color><width>3</width></LineStyle></Style><LineString><coordinates>-70.6858716,-34.0857016,0 -70.6875166,-34.0868633,0</coordinates></LineString></Placemark><Placemark><name>Trabajado - Cuartel 41 - Hilera 118</name><Style><LineStyle><color>ff00ff00</color><width>3</width></LineStyle></Style><LineString><coordinates>-70.68754,-34.0868566,0 -70.6858716,-34.085775,0</coordinates></LineString></Placemark><Placemark><name>Trabajado - Cuartel 41 - Hilera 119</name><Style><LineStyle><color>ff00ff00</color><width>3</width></LineStyle></Style><LineString><coordinates>-70.6858716,-34.085775,0 -70.6874666,-34.086905,0</coordinates></LineString></Placemark><Placemark><name>Trabajado - Cuartel 41 - Hilera 120</name><Style><LineStyle><color>ff00ff00</color><width>3</width></LineStyle></Style><LineString><coordinates>-70.68719051607731,-34.08716298319956,0 -70.6862301897579,-34.08626813079643,0</coordinates></LineString></Placemark><Placemark><name>Trabajado - Cuartel 41 - Hilera 121</name><Style><LineStyle><color>ff00ff00</color><width>3</width></LineStyle></Style><LineString><coordinates>-70.6869316,-34.0869333,0 -70.6872916,-34.0870899,0</coordinates></LineString></Placemark><Placemark><name>Trabajado - Cuartel 41 - Hilera 123</name><Style><LineStyle><color>ff00ff00</color><width>3</width></LineStyle></Style><LineString><coordinates>-70.6872733,-34.0870166,0 -70.6864317102347,-34.08649382780687,0</coordinates></LineString></Placemark><Placemark><name>Trabajado - Cuartel 41 - Hilera 124</name><Style><LineStyle><color>ff00ff00</color><width>3</width></LineStyle></Style><LineString><coordinates>-70.6862366,-34.0862633,0 -70.68738527612054,-34.08700844568429,0</coordinates></LineString></Placemark><Placemark><name>Trabajado - Cuartel 41 - Hilera 125</name><Style><LineStyle><color>ff00ff00</color><width>3</width></LineStyle></Style><LineString><coordinates>-70.68628,-34.0863083,0 -70.6874016,-34.086995,0</coordinates></LineString></Placemark><Placemark><name>Trabajado - Cuartel 41 - Hilera 127</name><Style><LineStyle><color>ff00ff00</color><width>3</width></LineStyle></Style><LineString><coordinates>-70.6872933,-34.0869833,0 -70.6862583,-34.08629,0</coordinates></LineString></Placemark><Placemark><name>Trabajado - Cuartel 41 - Hilera 128</name><Style><LineStyle><color>ff00ff00</color><width>3</width></LineStyle></Style><LineString><coordinates>-70.6862383,-34.0862216,0 -70.6859033,-34.0859616,0</coordinates></LineString></Placemark><Placemark><name>Trabajado - Cuartel 41 - Hilera 129</name><Style><LineStyle><color>ff00ff00</color><width>3</width></LineStyle></Style><LineString><coordinates>-70.6859033,-34.0859616,0 -70.68741752861746,-34.086958797053995,0</coordinates></LineString></Placemark><Placemark><name>Trabajado - Cuartel 41 - Hilera 130</name><Style><LineStyle><color>ff00ff00</color><width>3</width></LineStyle></Style><LineString><coordinates>-70.68741764732201,-34.08695852017061,0 -70.68622,-34.0862083,0</coordinates></LineString></Placemark><Placemark><name>Trabajado - Cuartel 41 - Hilera 131</name><Style><LineStyle><color>ff00ff00</color><width>3</width></LineStyle></Style><LineString><coordinates>-70.6859116,-34.0859833,0 -70.6857733,-34.085765,0</coordinates></LineString></Placemark><Placemark><name>Trabajado - Cuartel 41 - Hilera 132</name><Style><LineStyle><color>ff00ff00</color><width>3</width></LineStyle></Style><LineString><coordinates>-70.6857733,-34.085765,0 -70.6873633,-34.0868933,0</coordinates></LineString></Placemark><Placemark><name>Trabajado - Cuartel 41 - Hilera 133</name><Style><LineStyle><color>ff00ff00</color><width>3</width></LineStyle></Style><LineString><coordinates>-70.6873633,-34.0868933,0 -70.6857966,-34.0858183,0</coordinates></LineString></Placemark><Placemark><name>Trabajado - Cuartel 41 - Hilera 134</name><Style><LineStyle><color>ff00ff00</color><width>3</width></LineStyle></Style><LineString><coordinates>-70.6858233,-34.0858316,0 -70.6874383,-34.0868949,0</coordinates></LineString></Placemark><Placemark><name>Trabajado - Cuartel 41 - Hilera 135</name><Style><LineStyle><color>ff00ff00</color><width>3</width></LineStyle></Style><LineString><coordinates>-70.6874333,-34.0869066,0 -70.6857866,-34.0858333,0</coordinates></LineString></Placemark><Placemark><name>Trabajado - Cuartel 41 - Hilera 136</name><Style><LineStyle><color>ff00ff00</color><width>3</width></LineStyle></Style><LineString><coordinates>-70.685815,-34.0857899,0 -70.687485,-34.0868416,0</coordinates></LineString></Placemark><Placemark><name>Trabajado - Cuartel 41 - Hilera 137</name><Style><LineStyle><color>ff00ff00</color><width>3</width></LineStyle></Style><LineString><coordinates>-70.6858,-34.0858066,0 -70.6871833,-34.0872,0</coordinates></LineString></Placemark><Placemark><name>Trabajado - Cuartel 41 - Hilera 138</name><Style><LineStyle><color>ff00ff00</color><width>3</width></LineStyle></Style><LineString><coordinates>-70.6868233,-34.0875166,0 -70.68691,-34.087205,0</coordinates></LineString></Placemark><Placemark><name>Trabajado - Cuartel 41 - Hilera 139</name><Style><LineStyle><color>ff00ff00</color><width>3</width></LineStyle></Style><LineString><coordinates>-70.68691,-34.087205,0 -70.6857233,-34.086055,0</coordinates></LineString></Placemark><Placemark><name>Trabajado - Cuartel 41 - Hilera 141</name><Style><LineStyle><color>ff00ff00</color><width>3</width></LineStyle></Style><LineString><coordinates>-70.6846933,-34.0869266,0 -70.6863383,-34.0882099,0</coordinates></LineString></Placemark><Placemark><name>Trabajado - Cuartel 41 - Hilera 142</name><Style><LineStyle><color>ff00ff00</color><width>3</width></LineStyle></Style><LineString><coordinates>-70.68633653451768,-34.08821526706628,0 -70.68642526410228,-34.087945529129044,0</coordinates></LineString></Placemark><Placemark><name>Trabajado - Cuartel 41 - Hilera 143</name><Style><LineStyle><color>ff00ff00</color><width>3</width></LineStyle></Style><LineString><coordinates>-70.686255,-34.0882083,0 -70.6846616,-34.0869366,0</coordinates></LineString></Placemark><Placemark><name>Trabajado - Cuartel 41 - Hilera 144</name><Style><LineStyle><color>ff00ff00</color><width>3</width></LineStyle></Style><LineString><coordinates>-70.6857333,-34.08602,0 -70.6860933,-34.0864133,0</coordinates></LineString></Placemark><Placemark><name>Trabajado - Cuartel 41 - Hilera 145</name><Style><LineStyle><color>ff00ff00</color><width>3</width></LineStyle></Style><LineString><coordinates>-70.6856959332537,-34.086059103633964,0 -70.6866916,-34.0869466,0</coordinates></LineString></Placemark><Placemark><name>Trabajado - Cuartel 41 - Hilera 146</name><Style><LineStyle><color>ff00ff00</color><width>3</width></LineStyle></Style><LineString><coordinates>-70.685685,-34.0860349,0 -70.6860633,-34.0864183,0</coordinates></LineString></Placemark><Placemark><name>Trabajado - Cuartel 41 - Hilera 147</name><Style><LineStyle><color>ff00ff00</color><width>3</width></LineStyle></Style><LineString><coordinates>-70.6860833,-34.0864199,0 -70.6856733,-34.0861033,0</coordinates></LineString></Placemark><Placemark><name>Trabajado - Cuartel 41 - Hilera 148</name><Style><LineStyle><color>ff00ff00</color><width>3</width></LineStyle></Style><LineString><coordinates>-70.68564718633868,-34.08608056994874,0 -70.6866766,-34.0869766,0</coordinates></LineString></Placemark><Placemark><name>Trabajado - Cuartel 41 - Hilera 149</name><Style><LineStyle><color>ff00ff00</color><width>3</width></LineStyle></Style><LineString><coordinates>-70.686585,-34.0869166,0 -70.6868833,-34.0872033,0</coordinates></LineString></Placemark><Placemark><name>Trabajado - Cuartel 41 - Hilera 150</name><Style><LineStyle><color>ff00ff00</color><width>3</width></LineStyle></Style><LineString><coordinates>-70.6868833,-34.0872033,0 -70.686785,-34.0875016,0</coordinates></LineString></Placemark><Placemark><name>Trabajado - Cuartel 41 - Hilera 151</name><Style><LineStyle><color>ff00ff00</color><width>3</width></LineStyle></Style><LineString><coordinates>-70.68657571934678,-34.087871857945856,0 -70.686895,-34.0872466,0</coordinates></LineString></Placemark><Placemark><name>Trabajado - Cuartel 41 - Hilera 152</name><Style><LineStyle><color>ff00ff00</color><width>3</width></LineStyle></Style><LineString><coordinates>-70.686895,-34.0872466,0 -70.6868616,-34.0871483,0</coordinates></LineString></Placemark><Placemark><name>Trabajado - Cuartel 41 - Hilera 153</name><Style><LineStyle><color>ff00ff00</color><width>3</width></LineStyle></Style><LineString><coordinates>-70.68689492530977,-34.087176355659736,0 -70.6856183,-34.0861016,0</coordinates></LineString></Placemark><Placemark><name>Trabajado - Cuartel 41 - Hilera 154</name><Style><LineStyle><color>ff00ff00</color><width>3</width></LineStyle></Style><LineString><coordinates>-70.6856183,-34.0861016,0 -70.6868566,-34.087215,0</coordinates></LineString></Placemark><Placemark><name>Trabajado - Cuartel 41 - Hilera 156</name><Style><LineStyle><color>ff00ff00</color><width>3</width></LineStyle></Style><LineString><coordinates>-70.6856533,-34.0862966,0 -70.6868666,-34.0872966,0</coordinates></LineString></Placemark><Placemark><name>Trabajado - Cuartel 41 - Hilera 157</name><Style><LineStyle><color>ff00ff00</color><width>3</width></LineStyle></Style><LineString><coordinates>-70.6868916,-34.0872766,0 -70.6855866,-34.0861933,0</coordinates></LineString></Placemark><Placemark><name>Trabajado - Cuartel 41 - Hilera 158</name><Style><LineStyle><color>ff00ff00</color><width>3</width></LineStyle></Style><LineString><coordinates>-70.6867616,-34.08716,0 -70.6868566,-34.0873716,0</coordinates></LineString></Placemark><Placemark><name>Trabajado - Cuartel 41 - Hilera 159</name><Style><LineStyle><color>ff00ff00</color><width>3</width></LineStyle></Style><LineString><coordinates>-70.6868033,-34.0874383,0 -70.686875,-34.0873483,0</coordinates></LineString></Placemark><Placemark><name>Trabajado - Cuartel 41 - Hilera 160</name><Style><LineStyle><color>ff00ff00</color><width>3</width></LineStyle></Style><LineString><coordinates>-70.686875,-34.0873483,0 -70.6855066,-34.086205,0</coordinates></LineString></Placemark><Placemark><name>Trabajado - Cuartel 41 - Hilera 161</name><Style><LineStyle><color>ff00ff00</color><width>3</width></LineStyle></Style><LineString><coordinates>-70.6855066,-34.086205,0 -70.6868383,-34.0873733,0</coordinates></LineString></Placemark><Placemark><name>Trabajado - Cuartel 41 - Hilera 162</name><Style><LineStyle><color>ff00ff00</color><width>3</width></LineStyle></Style><LineString><coordinates>-70.6868116,-34.0873883,0 -70.6868266,-34.0872866,0</coordinates></LineString></Placemark><Placemark><name>Trabajado - Cuartel 41 - Hilera 163</name><Style><LineStyle><color>ff00ff00</color><width>3</width></LineStyle></Style><LineString><coordinates>-70.6868266,-34.0872866,0 -70.68556,-34.0862033,0</coordinates></LineString></Placemark><Placemark><name>Trabajado - Cuartel 41 - Hilera 164</name><Style><LineStyle><color>ff00ff00</color><width>3</width></LineStyle></Style><LineString><coordinates>-70.68556,-34.0862033,0 -70.686855,-34.0873716,0</coordinates></LineString></Placemark><Placemark><name>Trabajado - Cuartel 41 - Hilera 165</name><Style><LineStyle><color>ff00ff00</color><width>3</width></LineStyle></Style><LineString><coordinates>-70.686855,-34.0873716,0 -70.68638314325615,-34.08810928371277,0</coordinates></LineString></Placemark><Placemark><name>Trabajado - Cuartel 41 - Hilera 171</name><Style><LineStyle><color>ff00ff00</color><width>3</width></LineStyle></Style><LineString><coordinates>-70.68676280083938,-34.08753801852824,0 -70.6867666,-34.087375,0</coordinates></LineString></Placemark><Placemark><name>Trabajado - Cuartel 41 - Hilera 172</name><Style><LineStyle><color>ff00ff00</color><width>3</width></LineStyle></Style><LineString><coordinates>-70.68679036993151,-34.087395182017325,0 -70.6854416,-34.08625,0</coordinates></LineString></Placemark><Placemark><name>Trabajado - Cuartel 41 - Hilera 173</name><Style><LineStyle><color>ff00ff00</color><width>3</width></LineStyle></Style><LineString><coordinates>-70.6854616,-34.0863033,0 -70.6867833,-34.0873666,0</coordinates></LineString></Placemark><Placemark><name>Trabajado - Cuartel 41 - Hilera 174</name><Style><LineStyle><color>ff00ff00</color><width>3</width></LineStyle></Style><LineString><coordinates>-70.68679,-34.0873983,0 -70.6854149,-34.08631,0</coordinates></LineString></Placemark><Placemark><name>Trabajado - Cuartel 41 - Hilera 175</name><Style><LineStyle><color>ff00ff00</color><width>3</width></LineStyle></Style><LineString><coordinates>-70.68539578701089,-34.08629357202003,0 -70.6867916,-34.0874933,0</coordinates></LineString></Placemark><Placemark><name>Trabajado - Cuartel 41 - Hilera 176</name><Style><LineStyle><color>ff00ff00</color><width>3</width></LineStyle></Style><LineString><coordinates>-70.68539,-34.0862983,0 -70.6867949,-34.08746,0</coordinates></LineString></Placemark><Placemark><name>Trabajado - Cuartel 41 - Hilera 177</name><Style><LineStyle><color>ff00ff00</color><width>3</width></LineStyle></Style><LineString><coordinates>-70.6867866,-34.0875316,0 -70.6853154073876,-34.086330550438284,0</coordinates></LineString></Placemark><Placemark><name>Trabajado - Cuartel 41 - Hilera 180</name><Style><LineStyle><color>ff00ff00</color><width>3</width></LineStyle></Style><LineString><coordinates>-70.6853966,-34.0863933,0 -70.6867283,-34.0875866,0</coordinates></LineString></Placemark><Placemark><name>Trabajado - Cuartel 41 - Hilera 181</name><Style><LineStyle><color>ff00ff00</color><width>3</width></LineStyle></Style><LineString><coordinates>-70.68532,-34.0863266,0 -70.6867499,-34.087545,0</coordinates></LineString></Placemark><Placemark><name>Trabajado - Cuartel 41 - Hilera 182</name><Style><LineStyle><color>ff00ff00</color><width>3</width></LineStyle></Style><LineString><coordinates>-70.6866933,-34.0875366,0 -70.6852766,-34.08639,0</coordinates></LineString></Placemark><Placemark><name>Trabajado - Cuartel 41 - Hilera 183</name><Style><LineStyle><color>ff00ff00</color><width>3</width></LineStyle></Style><LineString><coordinates>-70.6852766,-34.08639,0 -70.68669,-34.0876666,0</coordinates></LineString></Placemark><Placemark><name>Trabajado - Cuartel 41 - Hilera 184</name><Style><LineStyle><color>ff00ff00</color><width>3</width></LineStyle></Style><LineString><coordinates>-70.68669,-34.0876666,0 -70.686685,-34.0875483,0</coordinates></LineString></Placemark><Placemark><name>Trabajado - Cuartel 41 - Hilera 185</name><Style><LineStyle><color>ff00ff00</color><width>3</width></LineStyle></Style><LineString><coordinates>-70.68673459170277,-34.087589911809715,0 -70.6853383,-34.0864183,0</coordinates></LineString></Placemark><Placemark><name>Trabajado - Cuartel 41 - Hilera 186</name><Style><LineStyle><color>ff00ff00</color><width>3</width></LineStyle></Style><LineString><coordinates>-70.6867266,-34.0875966,0 -70.6852583,-34.0864666,0</coordinates></LineString></Placemark><Placemark><name>Trabajado - Cuartel 41 - Hilera 187</name><Style><LineStyle><color>ff00ff00</color><width>3</width></LineStyle></Style><LineString><coordinates>-70.6852583,-34.0864666,0 -70.6866866,-34.0876783,0</coordinates></LineString></Placemark><Placemark><name>Trabajado - Cuartel 41 - Hilera 188</name><Style><LineStyle><color>ff00ff00</color><width>3</width></LineStyle></Style><LineString><coordinates>-70.68653866308773,-34.08785846293555,0 -70.686755,-34.087595,0</coordinates></LineString></Placemark><Placemark><name>Trabajado - Cuartel 41 - Hilera 195</name><Style><LineStyle><color>ff00ff00</color><width>3</width></LineStyle></Style><LineString><coordinates>-70.6867199,-34.087665,0 -70.6852933,-34.08646,0</coordinates></LineString></Placemark><Placemark><name>Trabajado - Cuartel 41 - Hilera 196</name><Style><LineStyle><color>ff00ff00</color><width>3</width></LineStyle></Style><LineString><coordinates>-70.6866816,-34.0876933,0 -70.6852633,-34.0865533,0</coordinates></LineString></Placemark><Placemark><name>Trabajado - Cuartel 41 - Hilera 197</name><Style><LineStyle><color>ff00ff00</color><width>3</width></LineStyle></Style><LineString><coordinates>-70.6852633,-34.0865533,0 -70.6866549,-34.087745,0</coordinates></LineString></Placemark><Placemark><name>Trabajado - Cuartel 41 - Hilera 198</name><Style><LineStyle><color>ff00ff00</color><width>3</width></LineStyle></Style><LineString><coordinates>-70.68667237911475,-34.08771310232313,0 -70.6852366,-34.08652,0</coordinates></LineString></Placemark><Placemark><name>Trabajado - Cuartel 41 - Hilera 199</name><Style><LineStyle><color>ff00ff00</color><width>3</width></LineStyle></Style><LineString><coordinates>-70.68666,-34.0877533,0 -70.6852033,-34.0865699,0</coordinates></LineString></Placemark><Placemark><name>Trabajado - Cuartel 41 - Hilera 200</name><Style><LineStyle><color>ff00ff00</color><width>3</width></LineStyle></Style><LineString><coordinates>-70.6852,-34.0865716,0 -70.6866116,-34.087785,0</coordinates></LineString></Placemark><Placemark><name>Trabajado - Cuartel 41 - Hilera 201</name><Style><LineStyle><color>ff00ff00</color><width>3</width></LineStyle></Style><LineString><coordinates>-70.6866416,-34.0877666,0 -70.6851516,-34.0865433,0</coordinates></LineString></Placemark><Placemark><name>Trabajado - Cuartel 41 - Hilera 202</name><Style><LineStyle><color>ff00ff00</color><width>3</width></LineStyle></Style><LineString><coordinates>-70.6865868976431,-34.08780129295782,0 -70.6850983,-34.086565,0</coordinates></LineString></Placemark><Placemark><name>Trabajado - Cuartel 41 - Hilera 203</name><Style><LineStyle><color>ff00ff00</color><width>3</width></LineStyle></Style><LineString><coordinates>-70.68659,-34.0878633,0 -70.6865433,-34.0877516,0</coordinates></LineString></Placemark><Placemark><name>Trabajado - Cuartel 41 - Hilera 204</name><Style><LineStyle><color>ff00ff00</color><width>3</width></LineStyle></Style><LineString><coordinates>-70.6865433,-34.0877516,0 -70.6850833,-34.0865816,0</coordinates></LineString></Placemark><Placemark><name>Trabajado - Cuartel 41 - Hilera 205</name><Style><LineStyle><color>ff00ff00</color><width>3</width></LineStyle></Style><LineString><coordinates>-70.6850833,-34.0865816,0 -70.6865799,-34.0878233,0</coordinates></LineString></Placemark><Placemark><name>Trabajado - Cuartel 41 - Hilera 206</name><Style><LineStyle><color>ff00ff00</color><width>3</width></LineStyle></Style><LineString><coordinates>-70.6865699,-34.0878383,0 -70.6850283,-34.086615,0</coordinates></LineString></Placemark><Placemark><name>Trabajado - Cuartel 41 - Hilera 207</name><Style><LineStyle><color>ff00ff00</color><width>3</width></LineStyle></Style><LineString><coordinates>-70.6850283,-34.086615,0 -70.68652080367843,-34.0878670895724,0</coordinates></LineString></Placemark><Placemark><name>Trabajado - Cuartel 41 - Hilera 208</name><Style><LineStyle><color>ff00ff00</color><width>3</width></LineStyle></Style><LineString><coordinates>-70.6865316,-34.08784,0 -70.685115,-34.08666,0</coordinates></LineString></Placemark><Placemark><name>Trabajado - Cuartel 41 - Hilera 209</name><Style><LineStyle><color>ff00ff00</color><width>3</width></LineStyle></Style><LineString><coordinates>-70.6865233,-34.087865,0 -70.6865166,-34.0879516,0</coordinates></LineString></Placemark><Placemark><name>Trabajado - Cuartel 41 - Hilera 210</name><Style><LineStyle><color>ff00ff00</color><width>3</width></LineStyle></Style><LineString><coordinates>-70.6865166,-34.0879516,0 -70.6863883,-34.0881116,0</coordinates></LineString></Placemark><Placemark><name>Trabajado - Cuartel 41 - Hilera 211</name><Style><LineStyle><color>ff00ff00</color><width>3</width></LineStyle></Style><LineString><coordinates>-70.6864833,-34.0879216,0 -70.6850333,-34.0867049,0</coordinates></LineString></Placemark><Placemark><name>Trabajado - Cuartel 41 - Hilera 212</name><Style><LineStyle><color>ff00ff00</color><width>3</width></LineStyle></Style><LineString><coordinates>-70.68499849885167,-34.0866768344026,0 -70.68648,-34.0878716,0</coordinates></LineString></Placemark><Placemark><name>Trabajado - Cuartel 41 - Hilera 213</name><Style><LineStyle><color>ff00ff00</color><width>3</width></LineStyle></Style><LineString><coordinates>-70.6850083,-34.0866683,0 -70.6865133,-34.0879199,0</coordinates></LineString></Placemark><Placemark><name>Trabajado - Cuartel 41 - Hilera 214</name><Style><LineStyle><color>ff00ff00</color><width>3</width></LineStyle></Style><LineString><coordinates>-70.6864966,-34.08796,0 -70.68489,-34.0866633,0</coordinates></LineString></Placemark><Placemark><name>Trabajado - Cuartel 41 - Hilera 215</name><Style><LineStyle><color>ff00ff00</color><width>3</width></LineStyle></Style><LineString><coordinates>-70.68489,-34.0866633,0 -70.68646122357636,-34.08797270399737,0</coordinates></LineString></Placemark><Placemark><name>Trabajado - Cuartel 41 - Hilera 216</name><Style><LineStyle><color>ff00ff00</color><width>3</width></LineStyle></Style><LineString><coordinates>-70.6864233,-34.0880216,0 -70.6864066,-34.0879199,0</coordinates></LineString></Placemark><Placemark><name>Trabajado - Cuartel 41 - Hilera 217</name><Style><LineStyle><color>ff00ff00</color><width>3</width></LineStyle></Style><LineString><coordinates>-70.686445,-34.0879866,0 -70.6849066,-34.0867716,0</coordinates></LineString></Placemark><Placemark><name>Trabajado - Cuartel 41 - Hilera 218</name><Style><LineStyle><color>ff00ff00</color><width>3</width></LineStyle></Style><LineString><coordinates>-70.68483633404185,-34.08671181952085,0 -70.6863916,-34.088035,0</coordinates></LineString></Placemark><Placemark><name>Trabajado - Cuartel 41 - Hilera 219</name><Style><LineStyle><color>ff00ff00</color><width>3</width></LineStyle></Style><LineString><coordinates>-70.6864216,-34.0881183,0 -70.6864033,-34.0879966,0</coordinates></LineString></Placemark><Placemark><name>Trabajado - Cuartel 41 - Hilera 220</name><Style><LineStyle><color>ff00ff00</color><width>3</width></LineStyle></Style><LineString><coordinates>-70.6864033,-34.0879966,0 -70.6848366,-34.0867116,0</coordinates></LineString></Placemark><Placemark><name>Trabajado - Cuartel 41 - Hilera 222</name><Style><LineStyle><color>ff00ff00</color><width>3</width></LineStyle></Style><LineString><coordinates>-70.6860283,-34.0877983,0 -70.6847799,-34.0867899,0</coordinates></LineString></Placemark><Placemark><name>Trabajado - Cuartel 41 - Hilera 223</name><Style><LineStyle><color>ff00ff00</color><width>3</width></LineStyle></Style><LineString><coordinates>-70.68482,-34.0867933,0 -70.686385,-34.0880766,0</coordinates></LineString></Placemark><Placemark><name>Trabajado - Cuartel 41 - Hilera 224</name><Style><LineStyle><color>ff00ff00</color><width>3</width></LineStyle></Style><LineString><coordinates>-70.68635977363228,-34.088052537842714,0 -70.6848433,-34.0867749,0</coordinates></LineString></Placemark><Placemark><name>Trabajado - Cuartel 41 - Hilera 225</name><Style><LineStyle><color>ff00ff00</color><width>3</width></LineStyle></Style><LineString><coordinates>-70.6862816,-34.0880566,0 -70.684755,-34.086825,0</coordinates></LineString></Placemark><Placemark><name>Trabajado - Cuartel 41 - Hilera 226</name><Style><LineStyle><color>ff00ff00</color><width>3</width></LineStyle></Style><LineString><coordinates>-70.68469917867243,-34.08680303220348,0 -70.6863516,-34.0881533,0</coordinates></LineString></Placemark><Placemark><name>Trabajado - Cuartel 41 - Hilera 227</name><Style><LineStyle><color>ff00ff00</color><width>3</width></LineStyle></Style><LineString><coordinates>-70.6862416,-34.0882016,0 -70.6846616,-34.08689,0</coordinates></LineString></Placemark><Placemark><name>Trabajado - Cuartel 41 - Hilera 228</name><Style><LineStyle><color>ff00ff00</color><width>3</width></LineStyle></Style><LineString><coordinates>-70.6847133,-34.0868883,0 -70.6862983,-34.0881783,0</coordinates></LineString></Placemark><Placemark><name>Trabajado - Cuartel 41 - Hilera 229</name><Style><LineStyle><color>ff00ff00</color><width>3</width></LineStyle></Style><LineString><coordinates>-70.6862983,-34.0881783,0 -70.68472,-34.0868466,0</coordinates></LineString></Placemark><Placemark><name>Trabajado - Cuartel 41 - Hilera 230</name><Style><LineStyle><color>ff00ff00</color><width>3</width></LineStyle></Style><LineString><coordinates>-70.6847516,-34.0868599,0 -70.6850666,-34.0872,0</coordinates></LineString></Placemark><Placemark><name>Trabajado - Cuartel 41 - Hilera 231</name><Style><LineStyle><color>ff00ff00</color><width>3</width></LineStyle></Style><LineString><coordinates>-70.6862583,-34.0881666,0 -70.6847183,-34.0867866,0</coordinates></LineString></Placemark><Placemark><name>Trabajado - Cuartel 41 - Hilera 232</name><Style><LineStyle><color>ff00ff00</color><width>3</width></LineStyle></Style><LineString><coordinates>-70.6863483,-34.08812,0 -70.6847816,-34.0867916,0</coordinates></LineString></Placemark><Placemark><name>Trabajado - Cuartel 41 - Hilera 234</name><Style><LineStyle><color>ff00ff00</color><width>3</width></LineStyle></Style><LineString><coordinates>-70.6846916,-34.086905,0 -70.6862899,-34.0882099,0</coordinates></LineString></Placemark><Placemark><name>Trabajado - Cuartel 45 - Hilera 45</name><Style><LineStyle><color>ff00ff00</color><width>3</width></LineStyle></Style><LineString><coordinates>-70.6884883,-34.0839999,0 -70.688435,-34.0842199,0</coordinates></LineString></Placemark><Placemark><name>Trabajado - Cuartel 45 - Hilera 49</name><Style><LineStyle><color>ff00ff00</color><width>3</width></LineStyle></Style><LineString><coordinates>-70.6884683,-34.0841433,0 -70.68848,-34.08423,0</coordinates></LineString></Placemark><Placemark><name>Trabajado - Cuartel 45 - Hilera 51</name><Style><LineStyle><color>ff00ff00</color><width>3</width></LineStyle></Style><LineString><coordinates>-70.6886383,-34.08425,0 -70.6886516,-34.0841583,0</coordinates></LineString></Placemark><Placemark><name>Trabajado - Cuartel 45 - Hilera 52</name><Style><LineStyle><color>ff00ff00</color><width>3</width></LineStyle></Style><LineString><coordinates>-70.6885099,-34.0841116,0 -70.6884566,-34.08421,0</coordinates></LineString></Placemark><Placemark><name>Trabajado - Cuartel 45 - Hilera 56</name><Style><LineStyle><color>ff00ff00</color><width>3</width></LineStyle></Style><LineString><coordinates>-70.68860753335916,-34.08423155369583,0 -70.6886633,-34.0841499,0</coordinates></LineString></Placemark><Placemark><name>Trabajado - Cuartel 45 - Hilera 64</name><Style><LineStyle><color>ff00ff00</color><width>3</width></LineStyle></Style><LineString><coordinates>-70.68859,-34.0840833,0 -70.6885399,-34.0839933,0</coordinates></LineString></Placemark><Placemark><name>Trabajado - Cuartel 45 - Hilera 65</name><Style><LineStyle><color>ff00ff00</color><width>3</width></LineStyle></Style><LineString><coordinates>-70.6885216,-34.0840099,0 -70.6884966,-34.0842066,0</coordinates></LineString></Placemark><Placemark><name>Trabajado - Cuartel 45 - Hilera 190</name><Style><LineStyle><color>ff00ff00</color><width>3</width></LineStyle></Style><LineString><coordinates>-70.6883149,-34.0839883,0 -70.68838,-34.0838766,0</coordinates></LineString></Placemark><Placemark><name>Trabajado - Cuartel 45 - Hilera 193</name><Style><LineStyle><color>ff00ff00</color><width>3</width></LineStyle></Style><LineString><coordinates>-70.6884333,-34.0839033,0 -70.6885099,-34.0840416,0</coordinates></LineString></Placemark><Placemark><name>Descartado (grupo chico) - Hilera 87</name><Style><LineStyle><color>ff00ffff</color><width>3</width></LineStyle></Style><LineString><coordinates>-70.6879133,-34.0864533,0 -70.687935,-34.0863683,0</coordinates></LineString></Placemark><Placemark><name>Descartado (grupo chico) - Hilera 98</name><Style><LineStyle><color>ff00ffff</color><width>3</width></LineStyle></Style><LineString><coordinates>-70.68771,-34.0866316,0 -70.6876933,-34.0865316,0</coordinates></LineString></Placemark><Placemark><name>Descartado (grupo chico) - Hilera 101</name><Style><LineStyle><color>ff00ffff</color><width>3</width></LineStyle></Style><LineString><coordinates>-70.6876716,-34.086685,0 -70.6876633,-34.086555,0</coordinates></LineString></Placemark><Placemark><name>Descartado (grupo chico) - Hilera 105</name><Style><LineStyle><color>ff00ffff</color><width>3</width></LineStyle></Style><LineString><coordinates>-70.68763,-34.0867566,0 -70.6876416,-34.0866783,0</coordinates></LineString></Placemark><Placemark><name>Descartado (grupo chico) - Hilera 122</name><Style><LineStyle><color>ff00ffff</color><width>3</width></LineStyle></Style><LineString><coordinates>-70.6866716,-34.0867099,0 -70.6866466,-34.0866283,0</coordinates></LineString></Placemark><Placemark><name>Descartado (grupo chico) - Hilera 126</name><Style><LineStyle><color>ff00ffff</color><width>3</width></LineStyle></Style><LineString><coordinates>-70.6874016,-34.086995,0 -70.6872933,-34.0869833,0</coordinates></LineString></Placemark><Placemark><name>Descartado (grupo chico) - Hilera 140</name><Style><LineStyle><color>ff00ffff</color><width>3</width></LineStyle></Style><LineString><coordinates>-70.68572985285809,-34.08601714393172,0 -70.68465321503827,-34.08692965278869,0</coordinates></LineString></Placemark><Placemark><name>Descartado (grupo chico) - Hilera 178</name><Style><LineStyle><color>ff00ffff</color><width>3</width></LineStyle></Style><LineString><coordinates>-70.6853,-34.0863166,0 -70.6847133,-34.0868816,0</coordinates></LineString></Placemark><Placemark><name>Descartado (grupo chico) - Hilera 155</name><Style><LineStyle><color>ff00ffff</color><width>3</width></LineStyle></Style><LineString><coordinates>-70.6856383,-34.0861699,0 -70.6856533,-34.0862966,0</coordinates></LineString></Placemark><Placemark><name>Descartado (grupo chico) - Hilera 179</name><Style><LineStyle><color>ff00ffff</color><width>3</width></LineStyle></Style><LineString><coordinates>-70.6852066,-34.086425,0 -70.6853966,-34.0863933,0</coordinates></LineString></Placemark><Placemark><name>Descartado (grupo chico) - Hilera 221</name><Style><LineStyle><color>ff00ffff</color><width>3</width></LineStyle></Style><LineString><coordinates>-70.686385,-34.088015,0 -70.6859466,-34.08774,0</coordinates></LineString></Placemark><Placemark><name>Descartado (grupo chico) - Hilera 233</name><Style><LineStyle><color>ff00ffff</color><width>3</width></LineStyle></Style><LineString><coordinates>-70.68471,-34.0868333,0 -70.6846916,-34.086905,0</coordinates></LineString></Placemark><Placemark><name>Descartado (grupo chico) - Hilera 239</name><Style><LineStyle><color>ff00ffff</color><width>3</width></LineStyle></Style><LineString><coordinates>-70.6900833,-34.0841183,0 -70.6862033,-34.0814999,0</coordinates></LineString></Placemark><Placemark><name>Descartado (grupo chico) - Hilera 240</name><Style><LineStyle><color>ff00ffff</color><width>3</width></LineStyle></Style><LineString><coordinates>-70.6861483,-34.0815033,0 -70.6856016,-34.0819083,0</coordinates></LineString></Placemark><Placemark><name>Descartado (grupo chico) - Hilera 241</name><Style><LineStyle><color>ff00ffff</color><width>3</width></LineStyle></Style><LineString><coordinates>-70.6856016,-34.0819083,0 -70.68551,-34.0818666,0</coordinates></LineString></Placemark><Placemark><name>Descartado (grupo chico) - Hilera 242</name><Style><LineStyle><color>ff00ffff</color><width>3</width></LineStyle></Style><LineString><coordinates>-70.68551,-34.0818666,0 -70.6850866,-34.0814583,0</coordinates></LineString></Placemark><Placemark><name>Descartado (grupo chico) - Hilera 243</name><Style><LineStyle><color>ff00ffff</color><width>3</width></LineStyle></Style><LineString><coordinates>-70.6850766,-34.0814166,0 -70.6849783,-34.0814383,0</coordinates></LineString></Placemark><Placemark><name>Descartado (grupo chico) - Hilera 250</name><Style><LineStyle><color>ff00ffff</color><width>3</width></LineStyle></Style><LineString><coordinates>-70.6845766,-34.0810283,0 -70.685705,-34.080995,0</coordinates></LineString></Placemark><Placemark><name>Descartado (grupo chico) - Hilera 244</name><Style><LineStyle><color>ff00ffff</color><width>3</width></LineStyle></Style><LineString><coordinates>-70.6849783,-34.0814383,0 -70.6854033,-34.0810283,0</coordinates></LineString></Placemark><Placemark><name>Descartado (grupo chico) - Hilera 245</name><Style><LineStyle><color>ff00ffff</color><width>3</width></LineStyle></Style><LineString><coordinates>-70.6854033,-34.0810283,0 -70.6853416,-34.08113,0</coordinates></LineString></Placemark><Placemark><name>Descartado (grupo chico) - Hilera 246</name><Style><LineStyle><color>ff00ffff</color><width>3</width></LineStyle></Style><LineString><coordinates>-70.6853416,-34.08113,0 -70.685545,-34.0809733,0</coordinates></LineString></Placemark><Placemark><name>Descartado (grupo chico) - Hilera 247</name><Style><LineStyle><color>ff00ffff</color><width>3</width></LineStyle></Style><LineString><coordinates>-70.6831883,-34.0799866,0 -70.6809166,-34.0803116,0</coordinates></LineString></Placemark><Placemark><name>Descartado (grupo chico) - Hilera 248</name><Style><LineStyle><color>ff00ffff</color><width>3</width></LineStyle></Style><LineString><coordinates>-70.67699,-34.0855133,0 -70.6769683,-34.0854216,0</coordinates></LineString></Placemark><Placemark><name>Descartado (grupo chico) - Hilera 249</name><Style><LineStyle><color>ff00ffff</color><width>3</width></LineStyle></Style><LineString><coordinates>-70.6769549,-34.085415,0 -70.6771016,-34.0853916,0</coordinates></LineString></Placemark><Placemark><name>Descartado (grupo chico) - Hilera 251</name><Style><LineStyle><color>ff00ffff</color><width>3</width></LineStyle></Style><LineString><coordinates>-70.8875933,-33.16751,0 -70.8901099,-33.170075,0</coordinates></LineString></Placemark><Placemark><name>Descartado (grupo chico) - Hilera 252</name><Style><LineStyle><color>ff00ffff</color><width>3</width></LineStyle></Style><LineString><coordinates>-70.8877033,-33.1719333,0 -70.8875116,-33.1719416,0</coordinates></LineString></Placemark><Placemark><name>Descartado (grupo chico) - Hilera 2547</name><Style><LineStyle><color>ff00ffff</color><width>3</width></LineStyle></Style><LineString><coordinates>-70.8875083,-33.1719083,0 -70.8876633,-33.1719016,0</coordinates></LineString></Placemark><Placemark><name>Trabajado - Cuartel 253 - Hilera 253</name><Style><LineStyle><color>ff00ff00</color><width>3</width></LineStyle></Style><LineString><coordinates>-70.87567,-33.1818133,0 -70.87587692508558,-33.18254061432886,0</coordinates></LineString></Placemark><Placemark><name>Trabajado - Cuartel 253 - Hilera 254</name><Style><LineStyle><color>ff00ff00</color><width>3</width></LineStyle></Style><LineString><coordinates>-70.875831171278,-33.18232937664406,0 -70.87569311500063,-33.18266044363925,0</coordinates></LineString></Placemark><Placemark><name>Trabajado - Cuartel 253 - Hilera 255</name><Style><LineStyle><color>ff00ff00</color><width>3</width></LineStyle></Style><LineString><coordinates>-70.87578997268027,-33.182658468384986,0 -70.87560974763191,-33.182576992007846,0</coordinates></LineString></Placemark><Placemark><name>Trabajado - Cuartel 253 - Hilera 256</name><Style><LineStyle><color>ff00ff00</color><width>3</width></LineStyle></Style><LineString><coordinates>-70.87571936052288,-33.182689251307195,0 -70.87561020914774,-33.18241637286934,0</coordinates></LineString></Placemark><Placemark><name>Trabajado - Cuartel 253 - Hilera 257</name><Style><LineStyle><color>ff00ff00</color><width>3</width></LineStyle></Style><LineString><coordinates>-70.875595,-33.182465,0 -70.87576660987928,-33.18236125241252,0</coordinates></LineString></Placemark><Placemark><name>Trabajado - Cuartel 253 - Hilera 258</name><Style><LineStyle><color>ff00ff00</color><width>3</width></LineStyle></Style><LineString><coordinates>-70.87570908589383,-33.181963507450234,0 -70.87568287146834,-33.18262778099206,0</coordinates></LineString></Placemark><Placemark><name>Trabajado - Cuartel 253 - Hilera 259</name><Style><LineStyle><color>ff00ff00</color><width>3</width></LineStyle></Style><LineString><coordinates>-70.87579533188367,-33.18272447042097,0 -70.8756316,-33.1824366,0</coordinates></LineString></Placemark><Placemark><name>Trabajado - Cuartel 253 - Hilera 260</name><Style><LineStyle><color>ff00ff00</color><width>3</width></LineStyle></Style><LineString><coordinates>-70.8756283,-33.1824399,0 -70.875655,-33.182675,0</coordinates></LineString></Placemark><Placemark><name>Trabajado - Cuartel 253 - Hilera 261</name><Style><LineStyle><color>ff00ff00</color><width>3</width></LineStyle></Style><LineString><coordinates>-70.8756587753513,-33.18268517310233,0 -70.8756049,-33.18254,0</coordinates></LineString></Placemark><Placemark><name>Trabajado - Cuartel 253 - Hilera 262</name><Style><LineStyle><color>ff00ff00</color><width>3</width></LineStyle></Style><LineString><coordinates>-70.8756033,-33.1824633,0 -70.87587590656001,-33.18244205241153,0</coordinates></LineString></Placemark><Placemark><name>Trabajado - Cuartel 253 - Hilera 263</name><Style><LineStyle><color>ff00ff00</color><width>3</width></LineStyle></Style><LineString><coordinates>-70.8759601290352,-33.1825271551822,0 -70.8756233,-33.1824183,0</coordinates></LineString></Placemark><Placemark><name>Trabajado - Cuartel 253 - Hilera 264</name><Style><LineStyle><color>ff00ff00</color><width>3</width></LineStyle></Style><LineString><coordinates>-70.8756233,-33.1824183,0 -70.8759616,-33.1824783,0</coordinates></LineString></Placemark><Placemark><name>Trabajado - Cuartel 253 - Hilera 265</name><Style><LineStyle><color>ff00ff00</color><width>3</width></LineStyle></Style><LineString><coordinates>-70.8759616,-33.1824783,0 -70.8759266,-33.18255,0</coordinates></LineString></Placemark><Placemark><name>Trabajado - Cuartel 253 - Hilera 266</name><Style><LineStyle><color>ff00ff00</color><width>3</width></LineStyle></Style><LineString><coordinates>-70.87591244386671,-33.182554246960926,0 -70.87563815670066,-33.181805761936175,0</coordinates></LineString></Placemark><Placemark><name>Trabajado - Cuartel 253 - Hilera 267</name><Style><LineStyle><color>ff00ff00</color><width>3</width></LineStyle></Style><LineString><coordinates>-70.8756333,-33.1819,0 -70.8755083,-33.181925,0</coordinates></LineString></Placemark><Placemark><name>Trabajado - Cuartel 253 - Hilera 268</name><Style><LineStyle><color>ff00ff00</color><width>3</width></LineStyle></Style><LineString><coordinates>-70.8755083,-33.181925,0 -70.875245,-33.1824116,0</coordinates></LineString></Placemark><Placemark><name>Trabajado - Cuartel 253 - Hilera 269</name><Style><LineStyle><color>ff00ff00</color><width>3</width></LineStyle></Style><LineString><coordinates>-70.87520144901052,-33.1823610401263,0 -70.8764983,-33.1838666,0</coordinates></LineString></Placemark><Placemark><name>Trabajado - Cuartel 253 - Hilera 305</name><Style><LineStyle><color>ff00ff00</color><width>3</width></LineStyle></Style><LineString><coordinates>-70.87520792321054,-33.18239640443711,0 -70.8755933,-33.181875,0</coordinates></LineString></Placemark><Placemark><name>Trabajado - Cuartel 253 - Hilera 306</name><Style><LineStyle><color>ff00ff00</color><width>3</width></LineStyle></Style><LineString><coordinates>-70.8756616,-33.1818733,0 -70.87579,-33.1819483,0</coordinates></LineString></Placemark><Placemark><name>Trabajado - Cuartel 253 - Hilera 307</name><Style><LineStyle><color>ff00ff00</color><width>3</width></LineStyle></Style><LineString><coordinates>-70.87579,-33.1819483,0 -70.8760316,-33.1825316,0</coordinates></LineString></Placemark><Placemark><name>Trabajado - Cuartel 253 - Hilera 308</name><Style><LineStyle><color>ff00ff00</color><width>3</width></LineStyle></Style><LineString><coordinates>-70.8759566,-33.182595,0 -70.876035,-33.18253,0</coordinates></LineString></Placemark><Placemark><name>Trabajado - Cuartel 253 - Hilera 309</name><Style><LineStyle><color>ff00ff00</color><width>3</width></LineStyle></Style><LineString><coordinates>-70.87558437278943,-33.18242990835074,0 -70.8761399,-33.1825533,0</coordinates></LineString></Placemark><Placemark><name>Trabajado - Cuartel 253 - Hilera 310</name><Style><LineStyle><color>ff00ff00</color><width>3</width></LineStyle></Style><LineString><coordinates>-70.87576903908786,-33.18236716661427,0 -70.8759190361518,-33.18257880268331,0</coordinates></LineString></Placemark><Placemark><name>Trabajado - Cuartel 253 - Hilera 311</name><Style><LineStyle><color>ff00ff00</color><width>3</width></LineStyle></Style><LineString><coordinates>-70.87572372493517,-33.18197570777603,0 -70.87558693423922,-33.181898763009556,0</coordinates></LineString></Placemark><Placemark><name>Trabajado - Cuartel 253 - Hilera 312</name><Style><LineStyle><color>ff00ff00</color><width>3</width></LineStyle></Style><LineString><coordinates>-70.87556622631288,-33.181859156045284,0 -70.875210356779,-33.182408629748295,0</coordinates></LineString></Placemark><Placemark><name>Trabajado - Cuartel 253 - Hilera 426</name><Style><LineStyle><color>ff00ff00</color><width>3</width></LineStyle></Style><LineString><coordinates>-70.87645544155156,-33.18393099125007,0 -70.8752,-33.1823533,0</coordinates></LineString></Placemark><Placemark><name>Trabajado - Cuartel 253 - Hilera 427</name><Style><LineStyle><color>ff00ff00</color><width>3</width></LineStyle></Style><LineString><coordinates>-70.8752,-33.1823533,0 -70.8756033,-33.1818916,0</coordinates></LineString></Placemark><Placemark><name>Trabajado - Cuartel 253 - Hilera 428</name><Style><LineStyle><color>ff00ff00</color><width>3</width></LineStyle></Style><LineString><coordinates>-70.87568170630611,-33.18186130630593,0 -70.8757616,-33.182005,0</coordinates></LineString></Placemark><Placemark><name>Trabajado - Cuartel 253 - Hilera 429</name><Style><LineStyle><color>ff00ff00</color><width>3</width></LineStyle></Style><LineString><coordinates>-70.8757616,-33.182005,0 -70.87571605310167,-33.182761999405905,0</coordinates></LineString></Placemark><Placemark><name>Trabajado - Cuartel 253 - Hilera 430</name><Style><LineStyle><color>ff00ff00</color><width>3</width></LineStyle></Style><LineString><coordinates>-70.87588286283314,-33.182631032902705,0 -70.87552610362879,-33.1825909577556,0</coordinates></LineString></Placemark><Placemark><name>Trabajado - Cuartel 253 - Hilera 431</name><Style><LineStyle><color>ff00ff00</color><width>3</width></LineStyle></Style><LineString><coordinates>-70.87553,-33.1825666,0 -70.8756183,-33.1827233,0</coordinates></LineString></Placemark><Placemark><name>Trabajado - Cuartel 253 - Hilera 432</name><Style><LineStyle><color>ff00ff00</color><width>3</width></LineStyle></Style><LineString><coordinates>-70.8757816,-33.18264,0 -70.8756533,-33.1826166,0</coordinates></LineString></Placemark><Placemark><name>Trabajado - Cuartel 253 - Hilera 433</name><Style><LineStyle><color>ff00ff00</color><width>3</width></LineStyle></Style><LineString><coordinates>-70.87554883478852,-33.182702486171934,0 -70.87589746987382,-33.182554741425434,0</coordinates></LineString></Placemark><Placemark><name>Trabajado - Cuartel 253 - Hilera 434</name><Style><LineStyle><color>ff00ff00</color><width>3</width></LineStyle></Style><LineString><coordinates>-70.87582501824204,-33.182631173499615,0 -70.87557252108265,-33.182551095829076,0</coordinates></LineString></Placemark><Placemark><name>Trabajado - Cuartel 253 - Hilera 435</name><Style><LineStyle><color>ff00ff00</color><width>3</width></LineStyle></Style><LineString><coordinates>-70.87568253490241,-33.1823720445375,0 -70.87574516707436,-33.182707399380135,0</coordinates></LineString></Placemark><Placemark><name>Trabajado - Cuartel 253 - Hilera 436</name><Style><LineStyle><color>ff00ff00</color><width>3</width></LineStyle></Style><LineString><coordinates>-70.8757066,-33.1827616,0 -70.8754916,-33.18261,0</coordinates></LineString></Placemark><Placemark><name>Trabajado - Cuartel 253 - Hilera 437</name><Style><LineStyle><color>ff00ff00</color><width>3</width></LineStyle></Style><LineString><coordinates>-70.8754916,-33.18261,0 -70.8756516,-33.182795,0</coordinates></LineString></Placemark><Placemark><name>Trabajado - Cuartel 253 - Hilera 438</name><Style><LineStyle><color>ff00ff00</color><width>3</width></LineStyle></Style><LineString><coordinates>-70.8756516,-33.182795,0 -70.8756583,-33.1829316,0</coordinates></LineString></Placemark><Placemark><name>Trabajado - Cuartel 253 - Hilera 439</name><Style><LineStyle><color>ff00ff00</color><width>3</width></LineStyle></Style><LineString><coordinates>-70.8756666,-33.1827966,0 -70.8758283,-33.1827583,0</coordinates></LineString></Placemark><Placemark><name>Trabajado - Cuartel 253 - Hilera 440</name><Style><LineStyle><color>ff00ff00</color><width>3</width></LineStyle></Style><LineString><coordinates>-70.87593767397567,-33.18278077730753,0 -70.87565,-33.1828183,0</coordinates></LineString></Placemark><Placemark><name>Trabajado - Cuartel 253 - Hilera 441</name><Style><LineStyle><color>ff00ff00</color><width>3</width></LineStyle></Style><LineString><coordinates>-70.87594,-33.1827933,0 -70.87579,-33.1827266,0</coordinates></LineString></Placemark><Placemark><name>Trabajado - Cuartel 253 - Hilera 442</name><Style><LineStyle><color>ff00ff00</color><width>3</width></LineStyle></Style><LineString><coordinates>-70.8757483,-33.182635,0 -70.8756333,-33.1826433,0</coordinates></LineString></Placemark><Placemark><name>Trabajado - Cuartel 253 - Hilera 443</name><Style><LineStyle><color>ff00ff00</color><width>3</width></LineStyle></Style><LineString><coordinates>-70.8757966,-33.18253,0 -70.8756766,-33.1825749,0</coordinates></LineString></Placemark><Placemark><name>Trabajado - Cuartel 253 - Hilera 444</name><Style><LineStyle><color>ff00ff00</color><width>3</width></LineStyle></Style><LineString><coordinates>-70.87555681393901,-33.18257628581126,0 -70.87589303798461,-33.182572396017534,0</coordinates></LineString></Placemark><Placemark><name>Trabajado - Cuartel 253 - Hilera 445</name><Style><LineStyle><color>ff00ff00</color><width>3</width></LineStyle></Style><LineString><coordinates>-70.87586905165858,-33.182646326975615,0 -70.87569683470142,-33.182414081392395,0</coordinates></LineString></Placemark><Placemark><name>Trabajado - Cuartel 253 - Hilera 446</name><Style><LineStyle><color>ff00ff00</color><width>3</width></LineStyle></Style><LineString><coordinates>-70.87582597992204,-33.182748972173854,0 -70.87568329268727,-33.18191120618726,0</coordinates></LineString></Placemark><Placemark><name>Trabajado - Cuartel 253 - Hilera 447</name><Style><LineStyle><color>ff00ff00</color><width>3</width></LineStyle></Style><LineString><coordinates>-70.87558420456934,-33.181871707810686,0 -70.87523913462876,-33.18241092201945,0</coordinates></LineString></Placemark><Placemark><name>Trabajado - Cuartel 253 - Hilera 501</name><Style><LineStyle><color>ff00ff00</color><width>3</width></LineStyle></Style><LineString><coordinates>-70.876485,-33.1839516,0 -70.8752083,-33.1823966,0</coordinates></LineString></Placemark><Placemark><name>Trabajado - Cuartel 253 - Hilera 502</name><Style><LineStyle><color>ff00ff00</color><width>3</width></LineStyle></Style><LineString><coordinates>-70.8755888409516,-33.181855053889315,0 -70.87574702458264,-33.18195259437313,0</coordinates></LineString></Placemark><Placemark><name>Trabajado - Cuartel 253 - Hilera 503</name><Style><LineStyle><color>ff00ff00</color><width>3</width></LineStyle></Style><LineString><coordinates>-70.8757266,-33.18194,0 -70.87573444007815,-33.182708327658545,0</coordinates></LineString></Placemark><Placemark><name>Trabajado - Cuartel 253 - Hilera 504</name><Style><LineStyle><color>ff00ff00</color><width>3</width></LineStyle></Style><LineString><coordinates>-70.87561314224926,-33.18266231450422,0 -70.87577949292996,-33.18240518582586,0</coordinates></LineString></Placemark><Placemark><name>Trabajado - Cuartel 253 - Hilera 505</name><Style><LineStyle><color>ff00ff00</color><width>3</width></LineStyle></Style><LineString><coordinates>-70.87576185658119,-33.18266304497578,0 -70.87574483830348,-33.181948107129344,0</coordinates></LineString></Placemark><Placemark><name>Trabajado - Cuartel 253 - Hilera 506</name><Style><LineStyle><color>ff00ff00</color><width>3</width></LineStyle></Style><LineString><coordinates>-70.8756083,-33.1818916,0 -70.875285,-33.1824233,0</coordinates></LineString></Placemark><Placemark><name>Trabajado - Cuartel 253 - Hilera 507</name><Style><LineStyle><color>ff00ff00</color><width>3</width></LineStyle></Style><LineString><coordinates>-70.8752236741009,-33.18235110828283,0 -70.8764516,-33.1837966,0</coordinates></LineString></Placemark><Placemark><name>Trabajado - Cuartel 253 - Hilera 572</name><Style><LineStyle><color>ff00ff00</color><width>3</width></LineStyle></Style><LineString><coordinates>-70.8764381063444,-33.18388837155507,0 -70.8751683,-33.182395,0</coordinates></LineString></Placemark><Placemark><name>Trabajado - Cuartel 253 - Hilera 573</name><Style><LineStyle><color>ff00ff00</color><width>3</width></LineStyle></Style><LineString><coordinates>-70.8751683,-33.182395,0 -70.87559627474326,-33.18184855625221,0</coordinates></LineString></Placemark><Placemark><name>Trabajado - Cuartel 253 - Hilera 574</name><Style><LineStyle><color>ff00ff00</color><width>3</width></LineStyle></Style><LineString><coordinates>-70.875598713808,-33.18258462060918,0 -70.87585195385294,-33.18242699922427,0</coordinates></LineString></Placemark><Placemark><name>Trabajado - Cuartel 253 - Hilera 575</name><Style><LineStyle><color>ff00ff00</color><width>3</width></LineStyle></Style><LineString><coordinates>-70.87580427803718,-33.18230179350835,0 -70.87555859479089,-33.182564609477524,0</coordinates></LineString></Placemark><Placemark><name>Trabajado - Cuartel 253 - Hilera 576</name><Style><LineStyle><color>ff00ff00</color><width>3</width></LineStyle></Style><LineString><coordinates>-70.8756533,-33.1824633,0 -70.87584583991875,-33.18236903320993,0</coordinates></LineString></Placemark><Placemark><name>Trabajado - Cuartel 253 - Hilera 577</name><Style><LineStyle><color>ff00ff00</color><width>3</width></LineStyle></Style><LineString><coordinates>-70.87575781621112,-33.18268090238357,0 -70.87568863933694,-33.18189987315904,0</coordinates></LineString></Placemark><Placemark><name>Trabajado - Cuartel 253 - Hilera 578</name><Style><LineStyle><color>ff00ff00</color><width>3</width></LineStyle></Style><LineString><coordinates>-70.87573737469961,-33.181951965905284,0 -70.8756016,-33.1818966,0</coordinates></LineString></Placemark><Placemark><name>Trabajado - Cuartel 253 - Hilera 579</name><Style><LineStyle><color>ff00ff00</color><width>3</width></LineStyle></Style><LineString><coordinates>-70.87522835352958,-33.18234514765335,0 -70.87648021672955,-33.183889778524374,0</coordinates></LineString></Placemark><Placemark><name>Trabajado - Cuartel 253 - Hilera 631</name><Style><LineStyle><color>ff00ff00</color><width>3</width></LineStyle></Style><LineString><coordinates>-70.8756016,-33.1819116,0 -70.8757283,-33.1820266,0</coordinates></LineString></Placemark><Placemark><name>Trabajado - Cuartel 253 - Hilera 632</name><Style><LineStyle><color>ff00ff00</color><width>3</width></LineStyle></Style><LineString><coordinates>-70.87559464372117,-33.18249865690737,0 -70.8758149,-33.1826533,0</coordinates></LineString></Placemark><Placemark><name>Trabajado - Cuartel 253 - Hilera 633</name><Style><LineStyle><color>ff00ff00</color><width>3</width></LineStyle></Style><LineString><coordinates>-70.8757466,-33.1826633,0 -70.8759210667837,-33.182507859037855,0</coordinates></LineString></Placemark><Placemark><name>Trabajado - Cuartel 253 - Hilera 634</name><Style><LineStyle><color>ff00ff00</color><width>3</width></LineStyle></Style><LineString><coordinates>-70.8758383,-33.1825816,0 -70.87559286849203,-33.18244777693131,0</coordinates></LineString></Placemark><Placemark><name>Trabajado - Cuartel 253 - Hilera 635</name><Style><LineStyle><color>ff00ff00</color><width>3</width></LineStyle></Style><LineString><coordinates>-70.8756916,-33.18266,0 -70.87597360283473,-33.1824003407272,0</coordinates></LineString></Placemark><Placemark><name>Trabajado - Cuartel 253 - Hilera 636</name><Style><LineStyle><color>ff00ff00</color><width>3</width></LineStyle></Style><LineString><coordinates>-70.87569125153075,-33.18259820038619,0 -70.8758483,-33.1824766,0</coordinates></LineString></Placemark><Placemark><name>Trabajado - Cuartel 253 - Hilera 637</name><Style><LineStyle><color>ff00ff00</color><width>3</width></LineStyle></Style><LineString><coordinates>-70.8756587161799,-33.18251633887899,0 -70.8760399,-33.1825049,0</coordinates></LineString></Placemark><Placemark><name>Trabajado - Cuartel 253 - Hilera 638</name><Style><LineStyle><color>ff00ff00</color><width>3</width></LineStyle></Style><LineString><coordinates>-70.8760399,-33.1825049,0 -70.87564509190756,-33.1823991456517,0</coordinates></LineString></Placemark><Placemark><name>Trabajado - Cuartel 253 - Hilera 639</name><Style><LineStyle><color>ff00ff00</color><width>3</width></LineStyle></Style><LineString><coordinates>-70.87568870651086,-33.18249806154748,0 -70.875765,-33.1822799,0</coordinates></LineString></Placemark><Placemark><name>Trabajado - Cuartel 253 - Hilera 640</name><Style><LineStyle><color>ff00ff00</color><width>3</width></LineStyle></Style><LineString><coordinates>-70.87585199651977,-33.18256563921185,0 -70.8756483,-33.1818966,0</coordinates></LineString></Placemark><Placemark><name>Trabajado - Cuartel 253 - Hilera 641</name><Style><LineStyle><color>ff00ff00</color><width>3</width></LineStyle></Style><LineString><coordinates>-70.87568426557552,-33.18189931376616,0 -70.87551350106062,-33.181886428807296,0</coordinates></LineString></Placemark><Placemark><name>Trabajado - Cuartel 253 - Hilera 642</name><Style><LineStyle><color>ff00ff00</color><width>3</width></LineStyle></Style><LineString><coordinates>-70.875265,-33.1823233,0 -70.8752616,-33.1824066,0</coordinates></LineString></Placemark><Placemark><name>Trabajado - Cuartel 253 - Hilera 742</name><Style><LineStyle><color>ff00ff00</color><width>3</width></LineStyle></Style><LineString><coordinates>-70.87586901182053,-33.18234563798995,0 -70.87575092675955,-33.1826591130467,0</coordinates></LineString></Placemark><Placemark><name>Trabajado - Cuartel 253 - Hilera 743</name><Style><LineStyle><color>ff00ff00</color><width>3</width></LineStyle></Style><LineString><coordinates>-70.875765,-33.1823616,0 -70.87566,-33.182375,0</coordinates></LineString></Placemark><Placemark><name>Trabajado - Cuartel 253 - Hilera 744</name><Style><LineStyle><color>ff00ff00</color><width>3</width></LineStyle></Style><LineString><coordinates>-70.8757766966426,-33.18269297945292,0 -70.8756983,-33.1824,0</coordinates></LineString></Placemark><Placemark><name>Trabajado - Cuartel 253 - Hilera 745</name><Style><LineStyle><color>ff00ff00</color><width>3</width></LineStyle></Style><LineString><coordinates>-70.87566794069467,-33.18265643630318,0 -70.8757366,-33.1820499,0</coordinates></LineString></Placemark><Placemark><name>Trabajado - Cuartel 253 - Hilera 746</name><Style><LineStyle><color>ff00ff00</color><width>3</width></LineStyle></Style><LineString><coordinates>-70.8757366,-33.1820499,0 -70.8755366,-33.1819216,0</coordinates></LineString></Placemark><Placemark><name>Trabajado - Cuartel 253 - Hilera 841</name><Style><LineStyle><color>ff00ff00</color><width>3</width></LineStyle></Style><LineString><coordinates>-70.8757583,-33.1819516,0 -70.87578303450634,-33.1826449640647,0</coordinates></LineString></Placemark><Placemark><name>Trabajado - Cuartel 253 - Hilera 842</name><Style><LineStyle><color>ff00ff00</color><width>3</width></LineStyle></Style><LineString><coordinates>-70.87576034460794,-33.18271745413961,0 -70.8758116,-33.1823066,0</coordinates></LineString></Placemark><Placemark><name>Trabajado - Cuartel 253 - Hilera 843</name><Style><LineStyle><color>ff00ff00</color><width>3</width></LineStyle></Style><LineString><coordinates>-70.8759433206027,-33.182238883803755,0 -70.8756533,-33.1826866,0</coordinates></LineString></Placemark><Placemark><name>Trabajado - Cuartel 253 - Hilera 844</name><Style><LineStyle><color>ff00ff00</color><width>3</width></LineStyle></Style><LineString><coordinates>-70.87549214376008,-33.18260867358765,0 -70.87591966705475,-33.1825642356825,0</coordinates></LineString></Placemark><Placemark><name>Trabajado - Cuartel 253 - Hilera 845</name><Style><LineStyle><color>ff00ff00</color><width>3</width></LineStyle></Style><LineString><coordinates>-70.87548622688102,-33.18249509458116,0 -70.87602874628725,-33.18258807134314,0</coordinates></LineString></Placemark><Placemark><name>Trabajado - Cuartel 253 - Hilera 846</name><Style><LineStyle><color>ff00ff00</color><width>3</width></LineStyle></Style><LineString><coordinates>-70.87604661179027,-33.18246101208551,0 -70.8757033,-33.1825883,0</coordinates></LineString></Placemark><Placemark><name>Trabajado - Cuartel 253 - Hilera 847</name><Style><LineStyle><color>ff00ff00</color><width>3</width></LineStyle></Style><LineString><coordinates>-70.87585892634638,-33.18262053566718,0 -70.8756566,-33.1824466,0</coordinates></LineString></Placemark><Placemark><name>Trabajado - Cuartel 253 - Hilera 848</name><Style><LineStyle><color>ff00ff00</color><width>3</width></LineStyle></Style><LineString><coordinates>-70.8755883,-33.1824399,0 -70.8757116,-33.1822266,0</coordinates></LineString></Placemark><Placemark><name>Trabajado - Cuartel 253 - Hilera 849</name><Style><LineStyle><color>ff00ff00</color><width>3</width></LineStyle></Style><LineString><coordinates>-70.8757847570525,-33.1826109147223,0 -70.8756583,-33.1819466,0</coordinates></LineString></Placemark><Placemark><name>Trabajado - Cuartel 253 - Hilera 928</name><Style><LineStyle><color>ff00ff00</color><width>3</width></LineStyle></Style><LineString><coordinates>-70.87561568638505,-33.18246786781967,0 -70.8759356957371,-33.18252737255781,0</coordinates></LineString></Placemark><Placemark><name>Trabajado - Cuartel 253 - Hilera 929</name><Style><LineStyle><color>ff00ff00</color><width>3</width></LineStyle></Style><LineString><coordinates>-70.87578791791259,-33.182483072826265,0 -70.87555155675668,-33.18256997031004,0</coordinates></LineString></Placemark><Placemark><name>Trabajado - Cuartel 253 - Hilera 930</name><Style><LineStyle><color>ff00ff00</color><width>3</width></LineStyle></Style><LineString><coordinates>-70.8754816,-33.1824683,0 -70.87586669312347,-33.182641969447836,0</coordinates></LineString></Placemark><Placemark><name>Trabajado - Cuartel 253 - Hilera 931</name><Style><LineStyle><color>ff00ff00</color><width>3</width></LineStyle></Style><LineString><coordinates>-70.8757083,-33.1826649,0 -70.87585348618545,-33.18234099733224,0</coordinates></LineString></Placemark><Placemark><name>Trabajado - Cuartel 253 - Hilera 932</name><Style><LineStyle><color>ff00ff00</color><width>3</width></LineStyle></Style><LineString><coordinates>-70.87580856751583,-33.18265518660178,0 -70.8758149,-33.1824183,0</coordinates></LineString></Placemark><Placemark><name>Trabajado - Cuartel 253 - Hilera 933</name><Style><LineStyle><color>ff00ff00</color><width>3</width></LineStyle></Style><LineString><coordinates>-70.87585066920514,-33.18237503115579,0 -70.8758299,-33.1826883,0</coordinates></LineString></Placemark><Placemark><name>Trabajado - Cuartel 253 - Hilera 934</name><Style><LineStyle><color>ff00ff00</color><width>3</width></LineStyle></Style><LineString><coordinates>-70.8758299,-33.1826883,0 -70.87590587856805,-33.18245894791778,0</coordinates></LineString></Placemark><Placemark><name>Trabajado - Cuartel 253 - Hilera 935</name><Style><LineStyle><color>ff00ff00</color><width>3</width></LineStyle></Style><LineString><coordinates>-70.87587037053892,-33.18264902763496,0 -70.87575563267694,-33.1823743158349,0</coordinates></LineString></Placemark><Placemark><name>Trabajado - Cuartel 253 - Hilera 936</name><Style><LineStyle><color>ff00ff00</color><width>3</width></LineStyle></Style><LineString><coordinates>-70.87589374803618,-33.182301732575,0 -70.87579335015454,-33.182654910011955,0</coordinates></LineString></Placemark><Placemark><name>Trabajado - Cuartel 253 - Hilera 937</name><Style><LineStyle><color>ff00ff00</color><width>3</width></LineStyle></Style><LineString><coordinates>-70.87559804355526,-33.18241758741333,0 -70.87578345712572,-33.18262667080136,0</coordinates></LineString></Placemark><Placemark><name>Trabajado - Cuartel 253 - Hilera 938</name><Style><LineStyle><color>ff00ff00</color><width>3</width></LineStyle></Style><LineString><coordinates>-70.87564083760003,-33.182418856143634,0 -70.8760399,-33.1824483,0</coordinates></LineString></Placemark><Placemark><name>Trabajado - Cuartel 253 - Hilera 939</name><Style><LineStyle><color>ff00ff00</color><width>3</width></LineStyle></Style><LineString><coordinates>-70.8759,-33.1825566,0 -70.8757033,-33.1824016,0</coordinates></LineString></Placemark><Placemark><name>Trabajado - Cuartel 253 - Hilera 940</name><Style><LineStyle><color>ff00ff00</color><width>3</width></LineStyle></Style><LineString><coordinates>-70.87559291848856,-33.18241568297783,0 -70.87603159217447,-33.18258387012222,0</coordinates></LineString></Placemark><Placemark><name>Trabajado - Cuartel 253 - Hilera 941</name><Style><LineStyle><color>ff00ff00</color><width>3</width></LineStyle></Style><LineString><coordinates>-70.8759083,-33.1825366,0 -70.87570539963956,-33.18189630398411,0</coordinates></LineString></Placemark><Placemark><name>Trabajado - Cuartel 253 - Hilera 1040</name><Style><LineStyle><color>ff00ff00</color><width>3</width></LineStyle></Style><LineString><coordinates>-70.8755899,-33.1824516,0 -70.8756616,-33.18252,0</coordinates></LineString></Placemark><Placemark><name>Trabajado - Cuartel 253 - Hilera 1041</name><Style><LineStyle><color>ff00ff00</color><width>3</width></LineStyle></Style><LineString><coordinates>-70.875482921414,-33.18303697475098,0 -70.87587503188783,-33.182392586133396,0</coordinates></LineString></Placemark><Placemark><name>Trabajado - Cuartel 253 - Hilera 1042</name><Style><LineStyle><color>ff00ff00</color><width>3</width></LineStyle></Style><LineString><coordinates>-70.87570039779284,-33.18244690369963,0 -70.87568128304723,-33.18195179023447,0</coordinates></LineString></Placemark><Placemark><name>Trabajado - Cuartel 253 - Hilera 1043</name><Style><LineStyle><color>ff00ff00</color><width>3</width></LineStyle></Style><LineString><coordinates>-70.8752533,-33.1824,0 -70.8762983,-33.1835383,0</coordinates></LineString></Placemark><Placemark><name>Trabajado - Cuartel 253 - Hilera 1107</name><Style><LineStyle><color>ff00ff00</color><width>3</width></LineStyle></Style><LineString><coordinates>-70.8757766,-33.1823183,0 -70.87568942970167,-33.182585259038646,0</coordinates></LineString></Placemark><Placemark><name>Trabajado - Cuartel 253 - Hilera 1108</name><Style><LineStyle><color>ff00ff00</color><width>3</width></LineStyle></Style><LineString><coordinates>-70.8757383,-33.182605,0 -70.876105,-33.18216,0</coordinates></LineString></Placemark><Placemark><name>Trabajado - Cuartel 253 - Hilera 1109</name><Style><LineStyle><color>ff00ff00</color><width>3</width></LineStyle></Style><LineString><coordinates>-70.87594384610767,-33.18236018445427,0 -70.8755933,-33.1826533,0</coordinates></LineString></Placemark><Placemark><name>Trabajado - Cuartel 253 - Hilera 1110</name><Style><LineStyle><color>ff00ff00</color><width>3</width></LineStyle></Style><LineString><coordinates>-70.8756916,-33.182535,0 -70.8758033,-33.182525,0</coordinates></LineString></Placemark><Placemark><name>Trabajado - Cuartel 253 - Hilera 1111</name><Style><LineStyle><color>ff00ff00</color><width>3</width></LineStyle></Style><LineString><coordinates>-70.87550231913245,-33.18262491336793,0 -70.8758697637655,-33.18248601929665,0</coordinates></LineString></Placemark><Placemark><name>Trabajado - Cuartel 253 - Hilera 1112</name><Style><LineStyle><color>ff00ff00</color><width>3</width></LineStyle></Style><LineString><coordinates>-70.87568371427004,-33.18245615041001,0 -70.8760360764914,-33.18268414949445,0</coordinates></LineString></Placemark><Placemark><name>Trabajado - Cuartel 253 - Hilera 1113</name><Style><LineStyle><color>ff00ff00</color><width>3</width></LineStyle></Style><LineString><coordinates>-70.8756899,-33.1825049,0 -70.8757683,-33.1824433,0</coordinates></LineString></Placemark><Placemark><name>Trabajado - Cuartel 253 - Hilera 1114</name><Style><LineStyle><color>ff00ff00</color><width>3</width></LineStyle></Style><LineString><coordinates>-70.87590715426252,-33.18258401708254,0 -70.875755,-33.1824133,0</coordinates></LineString></Placemark><Placemark><name>Trabajado - Cuartel 253 - Hilera 1115</name><Style><LineStyle><color>ff00ff00</color><width>3</width></LineStyle></Style><LineString><coordinates>-70.87521679808765,-33.18237266845093,0 -70.8764116,-33.1836983,0</coordinates></LineString></Placemark><Placemark><name>Trabajado - Cuartel 253 - Hilera 1247</name><Style><LineStyle><color>ff00ff00</color><width>3</width></LineStyle></Style><LineString><coordinates>-70.87517730858656,-33.18238864833273,0 -70.8755599,-33.1818433,0</coordinates></LineString></Placemark><Placemark><name>Trabajado - Cuartel 253 - Hilera 1248</name><Style><LineStyle><color>ff00ff00</color><width>3</width></LineStyle></Style><LineString><coordinates>-70.8755599,-33.1818433,0 -70.87568,-33.181875,0</coordinates></LineString></Placemark><Placemark><name>Trabajado - Cuartel 253 - Hilera 1249</name><Style><LineStyle><color>ff00ff00</color><width>3</width></LineStyle></Style><LineString><coordinates>-70.8756933,-33.1818899,0 -70.87577898657524,-33.18260069534364,0</coordinates></LineString></Placemark><Placemark><name>Trabajado - Cuartel 253 - Hilera 1250</name><Style><LineStyle><color>ff00ff00</color><width>3</width></LineStyle></Style><LineString><coordinates>-70.8757316,-33.1824066,0 -70.8756116,-33.1825466,0</coordinates></LineString></Placemark><Placemark><name>Trabajado - Cuartel 253 - Hilera 1251</name><Style><LineStyle><color>ff00ff00</color><width>3</width></LineStyle></Style><LineString><coordinates>-70.87590451459758,-33.182305175373145,0 -70.8756833,-33.1825466,0</coordinates></LineString></Placemark><Placemark><name>Trabajado - Cuartel 253 - Hilera 1252</name><Style><LineStyle><color>ff00ff00</color><width>3</width></LineStyle></Style><LineString><coordinates>-70.87595,-33.1823349,0 -70.87573005593029,-33.18250335128163,0</coordinates></LineString></Placemark><Placemark><name>Trabajado - Cuartel 253 - Hilera 1253</name><Style><LineStyle><color>ff00ff00</color><width>3</width></LineStyle></Style><LineString><coordinates>-70.875845,-33.1823666,0 -70.8758883,-33.1826883,0</coordinates></LineString></Placemark><Placemark><name>Trabajado - Cuartel 253 - Hilera 1254</name><Style><LineStyle><color>ff00ff00</color><width>3</width></LineStyle></Style><LineString><coordinates>-70.8758883,-33.1826883,0 -70.875905,-33.1825033,0</coordinates></LineString></Placemark><Placemark><name>Trabajado - Cuartel 253 - Hilera 1255</name><Style><LineStyle><color>ff00ff00</color><width>3</width></LineStyle></Style><LineString><coordinates>-70.8757833,-33.1824533,0 -70.87563,-33.1825183,0</coordinates></LineString></Placemark><Placemark><name>Trabajado - Cuartel 253 - Hilera 1256</name><Style><LineStyle><color>ff00ff00</color><width>3</width></LineStyle></Style><LineString><coordinates>-70.8755983,-33.182495,0 -70.8757083,-33.1824666,0</coordinates></LineString></Placemark><Placemark><name>Trabajado - Cuartel 253 - Hilera 1257</name><Style><LineStyle><color>ff00ff00</color><width>3</width></LineStyle></Style><LineString><coordinates>-70.87580721128816,-33.18254355955684,0 -70.8756183,-33.18238,0</coordinates></LineString></Placemark><Placemark><name>Trabajado - Cuartel 253 - Hilera 1258</name><Style><LineStyle><color>ff00ff00</color><width>3</width></LineStyle></Style><LineString><coordinates>-70.8759766,-33.1825183,0 -70.87573,-33.181945,0</coordinates></LineString></Placemark><Placemark><name>Trabajado - Cuartel 253 - Hilera 1259</name><Style><LineStyle><color>ff00ff00</color><width>3</width></LineStyle></Style><LineString><coordinates>-70.87573,-33.181945,0 -70.875615,-33.1819566,0</coordinates></LineString></Placemark><Placemark><name>Trabajado - Cuartel 253 - Hilera 1260</name><Style><LineStyle><color>ff00ff00</color><width>3</width></LineStyle></Style><LineString><coordinates>-70.875615,-33.1819566,0 -70.8754966,-33.1819283,0</coordinates></LineString></Placemark><Placemark><name>Trabajado - Cuartel 253 - Hilera 1261</name><Style><LineStyle><color>ff00ff00</color><width>3</width></LineStyle></Style><LineString><coordinates>-70.8754383,-33.1819549,0 -70.87520872972435,-33.18239185160271,0</coordinates></LineString></Placemark><Placemark><name>Trabajado - Cuartel 253 - Hilera 1262</name><Style><LineStyle><color>ff00ff00</color><width>3</width></LineStyle></Style><LineString><coordinates>-70.87524721777503,-33.18230983068082,0 -70.8764583,-33.18382,0</coordinates></LineString></Placemark><Placemark><name>Trabajado - Cuartel 253 - Hilera 1363</name><Style><LineStyle><color>ff00ff00</color><width>3</width></LineStyle></Style><LineString><coordinates>-70.8764533,-33.183975,0 -70.875235,-33.182395,0</coordinates></LineString></Placemark><Placemark><name>Trabajado - Cuartel 253 - Hilera 1364</name><Style><LineStyle><color>ff00ff00</color><width>3</width></LineStyle></Style><LineString><coordinates>-70.8756333,-33.1818916,0 -70.875755,-33.1820483,0</coordinates></LineString></Placemark><Placemark><name>Trabajado - Cuartel 253 - Hilera 1365</name><Style><LineStyle><color>ff00ff00</color><width>3</width></LineStyle></Style><LineString><coordinates>-70.87600126991103,-33.18234926827916,0 -70.8754783,-33.183035,0</coordinates></LineString></Placemark><Placemark><name>Trabajado - Cuartel 253 - Hilera 1366</name><Style><LineStyle><color>ff00ff00</color><width>3</width></LineStyle></Style><LineString><coordinates>-70.87566090606866,-33.18246328609924,0 -70.87583375679931,-33.18264741951467,0</coordinates></LineString></Placemark><Placemark><name>Trabajado - Cuartel 253 - Hilera 1367</name><Style><LineStyle><color>ff00ff00</color><width>3</width></LineStyle></Style><LineString><coordinates>-70.87566,-33.1823516,0 -70.87591473685924,-33.1825085662573,0</coordinates></LineString></Placemark><Placemark><name>Trabajado - Cuartel 253 - Hilera 1368</name><Style><LineStyle><color>ff00ff00</color><width>3</width></LineStyle></Style><LineString><coordinates>-70.8759316,-33.1824399,0 -70.87592,-33.1825283,0</coordinates></LineString></Placemark><Placemark><name>Trabajado - Cuartel 253 - Hilera 1369</name><Style><LineStyle><color>ff00ff00</color><width>3</width></LineStyle></Style><LineString><coordinates>-70.87592677452263,-33.18248478471606,0 -70.8757016,-33.1823566,0</coordinates></LineString></Placemark><Placemark><name>Trabajado - Cuartel 253 - Hilera 1370</name><Style><LineStyle><color>ff00ff00</color><width>3</width></LineStyle></Style><LineString><coordinates>-70.8757016,-33.1823566,0 -70.8756301085381,-33.18242213384007,0</coordinates></LineString></Placemark><Placemark><name>Trabajado - Cuartel 253 - Hilera 1453</name><Style><LineStyle><color>ff00ff00</color><width>3</width></LineStyle></Style><LineString><coordinates>-70.87597194266392,-33.1825022799755,0 -70.87584,-33.1826466,0</coordinates></LineString></Placemark><Placemark><name>Trabajado - Cuartel 253 - Hilera 1454</name><Style><LineStyle><color>ff00ff00</color><width>3</width></LineStyle></Style><LineString><coordinates>-70.87571,-33.1823816,0 -70.8756066,-33.1824316,0</coordinates></LineString></Placemark><Placemark><name>Trabajado - Cuartel 253 - Hilera 1524</name><Style><LineStyle><color>ff00ff00</color><width>3</width></LineStyle></Style><LineString><coordinates>-70.87577740847149,-33.182611030387015,0 -70.875895,-33.18241,0</coordinates></LineString></Placemark><Placemark><name>Trabajado - Cuartel 253 - Hilera 1525</name><Style><LineStyle><color>ff00ff00</color><width>3</width></LineStyle></Style><LineString><coordinates>-70.8759316,-33.1825783,0 -70.8756833,-33.182445,0</coordinates></LineString></Placemark><Placemark><name>Trabajado - Cuartel 253 - Hilera 1526</name><Style><LineStyle><color>ff00ff00</color><width>3</width></LineStyle></Style><LineString><coordinates>-70.87525658210002,-33.18236889128125,0 -70.8764383,-33.1837249,0</coordinates></LineString></Placemark><Placemark><name>Trabajado - Cuartel 253 - Hilera 1598</name><Style><LineStyle><color>ff00ff00</color><width>3</width></LineStyle></Style><LineString><coordinates>-70.8764083,-33.1838083,0 -70.8752333,-33.1824083,0</coordinates></LineString></Placemark><Placemark><name>Trabajado - Cuartel 253 - Hilera 1599</name><Style><LineStyle><color>ff00ff00</color><width>3</width></LineStyle></Style><LineString><coordinates>-70.8757833,-33.1823549,0 -70.8757533,-33.1825216,0</coordinates></LineString></Placemark><Placemark><name>Trabajado - Cuartel 253 - Hilera 1600</name><Style><LineStyle><color>ff00ff00</color><width>3</width></LineStyle></Style><LineString><coordinates>-70.8759,-33.1824383,0 -70.87598,-33.18257,0</coordinates></LineString></Placemark><Placemark><name>Trabajado - Cuartel 253 - Hilera 1601</name><Style><LineStyle><color>ff00ff00</color><width>3</width></LineStyle></Style><LineString><coordinates>-70.8758333,-33.1826233,0 -70.8759533,-33.1822433,0</coordinates></LineString></Placemark><Placemark><name>Trabajado - Cuartel 253 - Hilera 1602</name><Style><LineStyle><color>ff00ff00</color><width>3</width></LineStyle></Style><LineString><coordinates>-70.8759533,-33.1822433,0 -70.8759833,-33.18232,0</coordinates></LineString></Placemark><Placemark><name>Trabajado - Cuartel 253 - Hilera 1603</name><Style><LineStyle><color>ff00ff00</color><width>3</width></LineStyle></Style><LineString><coordinates>-70.8759833,-33.18232,0 -70.8758366,-33.1826083,0</coordinates></LineString></Placemark><Placemark><name>Trabajado - Cuartel 253 - Hilera 1604</name><Style><LineStyle><color>ff00ff00</color><width>3</width></LineStyle></Style><LineString><coordinates>-70.8758666,-33.1824133,0 -70.8756683,-33.1824416,0</coordinates></LineString></Placemark><Placemark><name>Trabajado - Cuartel 253 - Hilera 1605</name><Style><LineStyle><color>ff00ff00</color><width>3</width></LineStyle></Style><LineString><coordinates>-70.8756883,-33.181925,0 -70.87556887637402,-33.18193740209545,0</coordinates></LineString></Placemark><Placemark><name>Trabajado - Cuartel 253 - Hilera 1606</name><Style><LineStyle><color>ff00ff00</color><width>3</width></LineStyle></Style><LineString><coordinates>-70.8756084809184,-33.18189172555437,0 -70.87523061138405,-33.18242360125694,0</coordinates></LineString></Placemark><Placemark><name>Trabajado - Cuartel 253 - Hilera 1717</name><Style><LineStyle><color>ff00ff00</color><width>3</width></LineStyle></Style><LineString><coordinates>-70.8757383,-33.18255,0 -70.8758766,-33.1826466,0</coordinates></LineString></Placemark><Placemark><name>Trabajado - Cuartel 253 - Hilera 1718</name><Style><LineStyle><color>ff00ff00</color><width>3</width></LineStyle></Style><LineString><coordinates>-70.8758566,-33.1821999,0 -70.8758116,-33.182485,0</coordinates></LineString></Placemark><Placemark><name>Trabajado - Cuartel 253 - Hilera 1719</name><Style><LineStyle><color>ff00ff00</color><width>3</width></LineStyle></Style><LineString><coordinates>-70.8755866,-33.1818899,0 -70.8754083,-33.18199,0</coordinates></LineString></Placemark><Placemark><name>Trabajado - Cuartel 253 - Hilera 1720</name><Style><LineStyle><color>ff00ff00</color><width>3</width></LineStyle></Style><LineString><coordinates>-70.8754083,-33.18199,0 -70.8752466,-33.182375,0</coordinates></LineString></Placemark><Placemark><name>Trabajado - Cuartel 253 - Hilera 1871</name><Style><LineStyle><color>ff00ff00</color><width>3</width></LineStyle></Style><LineString><coordinates>-70.87573453928978,-33.18193477045311,0 -70.87581672920491,-33.182673807837105,0</coordinates></LineString></Placemark><Placemark><name>Trabajado - Cuartel 253 - Hilera 1872</name><Style><LineStyle><color>ff00ff00</color><width>3</width></LineStyle></Style><LineString><coordinates>-70.8757966,-33.1826983,0 -70.875695,-33.1826016,0</coordinates></LineString></Placemark><Placemark><name>Trabajado - Cuartel 253 - Hilera 1873</name><Style><LineStyle><color>ff00ff00</color><width>3</width></LineStyle></Style><LineString><coordinates>-70.8758433,-33.1826333,0 -70.8758066,-33.1824583,0</coordinates></LineString></Placemark><Placemark><name>Trabajado - Cuartel 253 - Hilera 2051</name><Style><LineStyle><color>ff00ff00</color><width>3</width></LineStyle></Style><LineString><coordinates>-70.8756916,-33.1824833,0 -70.8759183,-33.1825766,0</coordinates></LineString></Placemark><Placemark><name>Trabajado - Cuartel 253 - Hilera 2052</name><Style><LineStyle><color>ff00ff00</color><width>3</width></LineStyle></Style><LineString><coordinates>-70.8760033,-33.1825316,0 -70.8756616,-33.1818833,0</coordinates></LineString></Placemark><Placemark><name>Trabajado - Cuartel 253 - Hilera 2053</name><Style><LineStyle><color>ff00ff00</color><width>3</width></LineStyle></Style><LineString><coordinates>-70.8752783,-33.182375,0 -70.8764816,-33.1839399,0</coordinates></LineString></Placemark><Placemark><name>Trabajado - Cuartel 253 - Hilera 2224</name><Style><LineStyle><color>ff00ff00</color><width>3</width></LineStyle></Style><LineString><coordinates>-70.8752333,-33.1824516,0 -70.8752466,-33.182325,0</coordinates></LineString></Placemark><Placemark><name>Trabajado - Cuartel 253 - Hilera 2225</name><Style><LineStyle><color>ff00ff00</color><width>3</width></LineStyle></Style><LineString><coordinates>-70.8755133,-33.1818883,0 -70.8752149,-33.18239,0</coordinates></LineString></Placemark><Placemark><name>Trabajado - Cuartel 253 - Hilera 2348</name><Style><LineStyle><color>ff00ff00</color><width>3</width></LineStyle></Style><LineString><coordinates>-70.875745,-33.1824,0 -70.875585,-33.1824116,0</coordinates></LineString></Placemark><Placemark><name>Trabajado - Cuartel 253 - Hilera 2481</name><Style><LineStyle><color>ff00ff00</color><width>3</width></LineStyle></Style><LineString><coordinates>-70.8763266,-33.18367,0 -70.8751949,-33.1824016,0</coordinates></LineString></Placemark><Placemark><name>Trabajado - Cuartel 253 - Hilera 2482</name><Style><LineStyle><color>ff00ff00</color><width>3</width></LineStyle></Style><LineString><coordinates>-70.8758299,-33.1827083,0 -70.8757633,-33.182635,0</coordinates></LineString></Placemark><Placemark><name>Trabajado - Cuartel 253 - Hilera 2483</name><Style><LineStyle><color>ff00ff00</color><width>3</width></LineStyle></Style><LineString><coordinates>-70.8760083,-33.1824766,0 -70.87578,-33.1823816,0</coordinates></LineString></Placemark><Placemark><name>Trabajado - Cuartel 253 - Hilera 2484</name><Style><LineStyle><color>ff00ff00</color><width>3</width></LineStyle></Style><LineString><coordinates>-70.87578,-33.1823816,0 -70.8756649,-33.1824366,0</coordinates></LineString></Placemark><Placemark><name>Trabajado - Cuartel 253 - Hilera 2544</name><Style><LineStyle><color>ff00ff00</color><width>3</width></LineStyle></Style><LineString><coordinates>-70.8752233,-33.1824216,0 -70.8756283,-33.18194,0</coordinates></LineString></Placemark><Placemark><name>Trabajado - Cuartel 253 - Hilera 2545</name><Style><LineStyle><color>ff00ff00</color><width>3</width></LineStyle></Style><LineString><coordinates>-70.875845,-33.1826716,0 -70.8757133,-33.1824049,0</coordinates></LineString></Placemark><Placemark><name>Trabajado - Cuartel 253 - Hilera 2546</name><Style><LineStyle><color>ff00ff00</color><width>3</width></LineStyle></Style><LineString><coordinates>-70.8756983,-33.1826033,0 -70.8755533,-33.1825733,0</coordinates></LineString></Placemark><Placemark><name>Trabajado - Cuartel 270 - Hilera 270</name><Style><LineStyle><color>ff00ff00</color><width>3</width></LineStyle></Style><LineString><coordinates>-70.8764983,-33.1838666,0 -70.87658715113965,-33.1852250262573,0</coordinates></LineString></Placemark><Placemark><name>Trabajado - Cuartel 270 - Hilera 271</name><Style><LineStyle><color>ff00ff00</color><width>3</width></LineStyle></Style><LineString><coordinates>-70.87642538236001,-33.183804873205816,0 -70.87679974626386,-33.18708304769031,0</coordinates></LineString></Placemark><Placemark><name>Trabajado - Cuartel 270 - Hilera 302</name><Style><LineStyle><color>ff00ff00</color><width>3</width></LineStyle></Style><LineString><coordinates>-70.87675049472206,-33.18709127107238,0 -70.87633890326704,-33.18366896093117,0</coordinates></LineString></Placemark><Placemark><name>Trabajado - Cuartel 270 - Hilera 303</name><Style><LineStyle><color>ff00ff00</color><width>3</width></LineStyle></Style><LineString><coordinates>-70.87656386555643,-33.18515264763064,0 -70.87632457943795,-33.184881456696345,0</coordinates></LineString></Placemark><Placemark><name>Trabajado - Cuartel 270 - Hilera 304</name><Style><LineStyle><color>ff00ff00</color><width>3</width></LineStyle></Style><LineString><coordinates>-70.87636,-33.1849216,0 -70.876445,-33.1838166,0</coordinates></LineString></Placemark><Placemark><name>Trabajado - Cuartel 270 - Hilera 313</name><Style><LineStyle><color>ff00ff00</color><width>3</width></LineStyle></Style><LineString><coordinates>-70.87641707308285,-33.18369862763038,0 -70.87632614564737,-33.18476527211211,0</coordinates></LineString></Placemark><Placemark><name>Trabajado - Cuartel 270 - Hilera 315</name><Style><LineStyle><color>ff00ff00</color><width>3</width></LineStyle></Style><LineString><coordinates>-70.87653,-33.1852,0 -70.87678133365533,-33.187073174341194,0</coordinates></LineString></Placemark><Placemark><name>Trabajado - Cuartel 270 - Hilera 424</name><Style><LineStyle><color>ff00ff00</color><width>3</width></LineStyle></Style><LineString><coordinates>-70.87676375592763,-33.187089501904396,0 -70.8762733,-33.1844233,0</coordinates></LineString></Placemark><Placemark><name>Trabajado - Cuartel 270 - Hilera 425</name><Style><LineStyle><color>ff00ff00</color><width>3</width></LineStyle></Style><LineString><coordinates>-70.8762733,-33.1844233,0 -70.87647496007754,-33.18386873478672,0</coordinates></LineString></Placemark><Placemark><name>Trabajado - Cuartel 270 - Hilera 449</name><Style><LineStyle><color>ff00ff00</color><width>3</width></LineStyle></Style><LineString><coordinates>-70.8766183,-33.1852266,0 -70.87683,-33.1870783,0</coordinates></LineString></Placemark><Placemark><name>Trabajado - Cuartel 270 - Hilera 499</name><Style><LineStyle><color>ff00ff00</color><width>3</width></LineStyle></Style><LineString><coordinates>-70.8767766,-33.1870016,0 -70.876315,-33.1844516,0</coordinates></LineString></Placemark><Placemark><name>Trabajado - Cuartel 270 - Hilera 500</name><Style><LineStyle><color>ff00ff00</color><width>3</width></LineStyle></Style><LineString><coordinates>-70.876315,-33.1844516,0 -70.876485,-33.1839516,0</coordinates></LineString></Placemark><Placemark><name>Trabajado - Cuartel 270 - Hilera 508</name><Style><LineStyle><color>ff00ff00</color><width>3</width></LineStyle></Style><LineString><coordinates>-70.8764516,-33.1837966,0 -70.87635,-33.1845766,0</coordinates></LineString></Placemark><Placemark><name>Trabajado - Cuartel 270 - Hilera 509</name><Style><LineStyle><color>ff00ff00</color><width>3</width></LineStyle></Style><LineString><coordinates>-70.87635,-33.1845766,0 -70.8766033,-33.1851933,0</coordinates></LineString></Placemark><Placemark><name>Trabajado - Cuartel 270 - Hilera 570</name><Style><LineStyle><color>ff00ff00</color><width>3</width></LineStyle></Style><LineString><coordinates>-70.87657505775637,-33.18524149837554,0 -70.8762666,-33.1846833,0</coordinates></LineString></Placemark><Placemark><name>Trabajado - Cuartel 270 - Hilera 571</name><Style><LineStyle><color>ff00ff00</color><width>3</width></LineStyle></Style><LineString><coordinates>-70.8762666,-33.1846833,0 -70.8764366,-33.1838866,0</coordinates></LineString></Placemark><Placemark><name>Trabajado - Cuartel 270 - Hilera 1039</name><Style><LineStyle><color>ff00ff00</color><width>3</width></LineStyle></Style><LineString><coordinates>-70.8763016,-33.18428,0 -70.8764216,-33.183775,0</coordinates></LineString></Placemark><Placemark><name>Trabajado - Cuartel 270 - Hilera 1106</name><Style><LineStyle><color>ff00ff00</color><width>3</width></LineStyle></Style><LineString><coordinates>-70.87672162215243,-33.18702982443994,0 -70.87643827009593,-33.18376959666671,0</coordinates></LineString></Placemark><Placemark><name>Trabajado - Cuartel 270 - Hilera 1116</name><Style><LineStyle><color>ff00ff00</color><width>3</width></LineStyle></Style><LineString><coordinates>-70.87628769443761,-33.1847081339226,0 -70.87658305219311,-33.185203505059484,0</coordinates></LineString></Placemark><Placemark><name>Trabajado - Cuartel 270 - Hilera 1246</name><Style><LineStyle><color>ff00ff00</color><width>3</width></LineStyle></Style><LineString><coordinates>-70.876405,-33.18497,0 -70.8764566,-33.1838966,0</coordinates></LineString></Placemark><Placemark><name>Trabajado - Cuartel 270 - Hilera 1263</name><Style><LineStyle><color>ff00ff00</color><width>3</width></LineStyle></Style><LineString><coordinates>-70.8764582914645,-33.18381985954172,0 -70.8765533,-33.1853833,0</coordinates></LineString></Placemark><Placemark><name>Trabajado - Cuartel 270 - Hilera 1361</name><Style><LineStyle><color>ff00ff00</color><width>3</width></LineStyle></Style><LineString><coordinates>-70.8766166,-33.1874566,0 -70.8763,-33.1844149,0</coordinates></LineString></Placemark><Placemark><name>Trabajado - Cuartel 270 - Hilera 1362</name><Style><LineStyle><color>ff00ff00</color><width>3</width></LineStyle></Style><LineString><coordinates>-70.8763,-33.1844149,0 -70.8764533,-33.183975,0</coordinates></LineString></Placemark><Placemark><name>Trabajado - Cuartel 270 - Hilera 1371</name><Style><LineStyle><color>ff00ff00</color><width>3</width></LineStyle></Style><LineString><coordinates>-70.8763866,-33.1836733,0 -70.87632570309023,-33.1848746690714,0</coordinates></LineString></Placemark><Placemark><name>Trabajado - Cuartel 270 - Hilera 1523</name><Style><LineStyle><color>ff00ff00</color><width>3</width></LineStyle></Style><LineString><coordinates>-70.8767516,-33.18701,0 -70.87635,-33.1842283,0</coordinates></LineString></Placemark><Placemark><name>Trabajado - Cuartel 270 - Hilera 1527</name><Style><LineStyle><color>ff00ff00</color><width>3</width></LineStyle></Style><LineString><coordinates>-70.8764383,-33.1837249,0 -70.876325,-33.1843016,0</coordinates></LineString></Placemark><Placemark><name>Trabajado - Cuartel 270 - Hilera 1528</name><Style><LineStyle><color>ff00ff00</color><width>3</width></LineStyle></Style><LineString><coordinates>-70.876325,-33.1843016,0 -70.8765833,-33.1851733,0</coordinates></LineString></Placemark><Placemark><name>Trabajado - Cuartel 270 - Hilera 1715</name><Style><LineStyle><color>ff00ff00</color><width>3</width></LineStyle></Style><LineString><coordinates>-70.87658554950485,-33.1852092391384,0 -70.87631139769107,-33.1846400596037,0</coordinates></LineString></Placemark><Placemark><name>Trabajado - Cuartel 270 - Hilera 1716</name><Style><LineStyle><color>ff00ff00</color><width>3</width></LineStyle></Style><LineString><coordinates>-70.876325,-33.1846683,0 -70.8764633,-33.1839266,0</coordinates></LineString></Placemark><Placemark><name>Trabajado - Cuartel 270 - Hilera 1721</name><Style><LineStyle><color>ff00ff00</color><width>3</width></LineStyle></Style><LineString><coordinates>-70.87646,-33.1838399,0 -70.8763166,-33.1846383,0</coordinates></LineString></Placemark><Placemark><name>Trabajado - Cuartel 270 - Hilera 1870</name><Style><LineStyle><color>ff00ff00</color><width>3</width></LineStyle></Style><LineString><coordinates>-70.8767667409079,-33.187031463660645,0 -70.8765683,-33.1851499,0</coordinates></LineString></Placemark><Placemark><name>Trabajado - Cuartel 270 - Hilera 1874</name><Style><LineStyle><color>ff00ff00</color><width>3</width></LineStyle></Style><LineString><coordinates>-70.8764566,-33.1840133,0 -70.8763533,-33.1849166,0</coordinates></LineString></Placemark><Placemark><name>Trabajado - Cuartel 270 - Hilera 1875</name><Style><LineStyle><color>ff00ff00</color><width>3</width></LineStyle></Style><LineString><coordinates>-70.8763533,-33.1849166,0 -70.8765933,-33.1852483,0</coordinates></LineString></Placemark><Placemark><name>Trabajado - Cuartel 270 - Hilera 2153</name><Style><LineStyle><color>ff00ff00</color><width>3</width></LineStyle></Style><LineString><coordinates>-70.8764466,-33.1838833,0 -70.8765216,-33.1852416,0</coordinates></LineString></Placemark><Placemark><name>Trabajado - Cuartel 270 - Hilera 2223</name><Style><LineStyle><color>ff00ff00</color><width>3</width></LineStyle></Style><LineString><coordinates>-70.8763466,-33.1849016,0 -70.8764166,-33.1838533,0</coordinates></LineString></Placemark><Placemark><name>Trabajado - Cuartel 270 - Hilera 2347</name><Style><LineStyle><color>ff00ff00</color><width>3</width></LineStyle></Style><LineString><coordinates>-70.8767033,-33.1873183,0 -70.8765666,-33.1852016,0</coordinates></LineString></Placemark><Placemark><name>Trabajado - Cuartel 270 - Hilera 2543</name><Style><LineStyle><color>ff00ff00</color><width>3</width></LineStyle></Style><LineString><coordinates>-70.8763649,-33.18496,0 -70.8763683,-33.1837866,0</coordinates></LineString></Placemark><Placemark><name>Trabajado - Cuartel 272 - Hilera 272</name><Style><LineStyle><color>ff00ff00</color><width>3</width></LineStyle></Style><LineString><coordinates>-70.8767933,-33.1870266,0 -70.8730433,-33.1914816,0</coordinates></LineString></Placemark><Placemark><name>Trabajado - Cuartel 272 - Hilera 301</name><Style><LineStyle><color>ff00ff00</color><width>3</width></LineStyle></Style><LineString><coordinates>-70.8731115163655,-33.19149194754101,0 -70.8767333,-33.1869483,0</coordinates></LineString></Placemark><Placemark><name>Trabajado - Cuartel 272 - Hilera 316</name><Style><LineStyle><color>ff00ff00</color><width>3</width></LineStyle></Style><LineString><coordinates>-70.87677387676939,-33.18701261734561,0 -70.87302069854222,-33.191454814869786,0</coordinates></LineString></Placemark><Placemark><name>Trabajado - Cuartel 272 - Hilera 422</name><Style><LineStyle><color>ff00ff00</color><width>3</width></LineStyle></Style><LineString><coordinates>-70.8730316,-33.1914549,0 -70.8766933,-33.1874316,0</coordinates></LineString></Placemark><Placemark><name>Trabajado - Cuartel 272 - Hilera 450</name><Style><LineStyle><color>ff00ff00</color><width>3</width></LineStyle></Style><LineString><coordinates>-70.87683,-33.1870783,0 -70.8730366,-33.1914766,0</coordinates></LineString></Placemark><Placemark><name>Trabajado - Cuartel 272 - Hilera 510</name><Style><LineStyle><color>ff00ff00</color><width>3</width></LineStyle></Style><LineString><coordinates>-70.8767966,-33.1870833,0 -70.873085,-33.19146,0</coordinates></LineString></Placemark><Placemark><name>Trabajado - Cuartel 272 - Hilera 1245</name><Style><LineStyle><color>ff00ff00</color><width>3</width></LineStyle></Style><LineString><coordinates>-70.87309,-33.191415,0 -70.87674,-33.1869966,0</coordinates></LineString></Placemark><Placemark><name>Trabajado - Cuartel 272 - Hilera 1360</name><Style><LineStyle><color>ff00ff00</color><width>3</width></LineStyle></Style><LineString><coordinates>-70.8731033,-33.1914166,0 -70.8766166,-33.1874566,0</coordinates></LineString></Placemark><Placemark><name>Trabajado - Cuartel 272 - Hilera 1452</name><Style><LineStyle><color>ff00ff00</color><width>3</width></LineStyle></Style><LineString><coordinates>-70.8731633,-33.1914766,0 -70.8767466,-33.1870283,0</coordinates></LineString></Placemark><Placemark><name>Trabajado - Cuartel 272 - Hilera 1522</name><Style><LineStyle><color>ff00ff00</color><width>3</width></LineStyle></Style><LineString><coordinates>-70.8731666,-33.1914216,0 -70.8767516,-33.18701,0</coordinates></LineString></Placemark><Placemark><name>Trabajado - Cuartel 272 - Hilera 1529</name><Style><LineStyle><color>ff00ff00</color><width>3</width></LineStyle></Style><LineString><coordinates>-70.8767649,-33.1870433,0 -70.8731666,-33.1914266,0</coordinates></LineString></Placemark><Placemark><name>Trabajado - Cuartel 272 - Hilera 1607</name><Style><LineStyle><color>ff00ff00</color><width>3</width></LineStyle></Style><LineString><coordinates>-70.8767316,-33.1870083,0 -70.8731833,-33.1913599,0</coordinates></LineString></Placemark><Placemark><name>Trabajado - Cuartel 272 - Hilera 1714</name><Style><LineStyle><color>ff00ff00</color><width>3</width></LineStyle></Style><LineString><coordinates>-70.8731583,-33.1914316,0 -70.8767049,-33.1868516,0</coordinates></LineString></Placemark><Placemark><name>Trabajado - Cuartel 273 - Hilera 273</name><Style><LineStyle><color>ff00ff00</color><width>3</width></LineStyle></Style><LineString><coordinates>-70.87306134869586,-33.19148717165992,0 -70.8724847629929,-33.19130917877458,0</coordinates></LineString></Placemark><Placemark><name>Trabajado - Cuartel 273 - Hilera 299</name><Style><LineStyle><color>ff00ff00</color><width>3</width></LineStyle></Style><LineString><coordinates>-70.87250343725292,-33.191281580273966,0 -70.873085,-33.1914483,0</coordinates></LineString></Placemark><Placemark><name>Trabajado - Cuartel 273 - Hilera 421</name><Style><LineStyle><color>ff00ff00</color><width>3</width></LineStyle></Style><LineString><coordinates>-70.87248096452763,-33.191282542758984,0 -70.87308753931073,-33.191472409851336,0</coordinates></LineString></Placemark><Placemark><name>Trabajado - Cuartel 273 - Hilera 511</name><Style><LineStyle><color>ff00ff00</color><width>3</width></LineStyle></Style><LineString><coordinates>-70.873085,-33.19146,0 -70.8725283,-33.19132,0</coordinates></LineString></Placemark><Placemark><name>Trabajado - Cuartel 273 - Hilera 569</name><Style><LineStyle><color>ff00ff00</color><width>3</width></LineStyle></Style><LineString><coordinates>-70.8725099,-33.191365,0 -70.873105,-33.1914883,0</coordinates></LineString></Placemark><Placemark><name>Trabajado - Cuartel 273 - Hilera 643</name><Style><LineStyle><color>ff00ff00</color><width>3</width></LineStyle></Style><LineString><coordinates>-70.87308,-33.1914583,0 -70.872475,-33.191345,0</coordinates></LineString></Placemark><Placemark><name>Trabajado - Cuartel 273 - Hilera 1264</name><Style><LineStyle><color>ff00ff00</color><width>3</width></LineStyle></Style><LineString><coordinates>-70.8730766,-33.1914299,0 -70.8725266,-33.191275,0</coordinates></LineString></Placemark><Placemark><name>Descartado (grupo chico) - Hilera 274</name><Style><LineStyle><color>ff00ffff</color><width>3</width></LineStyle></Style><LineString><coordinates>-70.87253511614469,-33.191316748132046,0 -70.8724220289308,-33.191370986603935,0</coordinates></LineString></Placemark><Placemark><name>Descartado (grupo chico) - Hilera 298</name><Style><LineStyle><color>ff00ffff</color><width>3</width></LineStyle></Style><LineString><coordinates>-70.87243266632363,-33.19132887881382,0 -70.8725499,-33.1912949,0</coordinates></LineString></Placemark><Placemark><name>Descartado (grupo chico) - Hilera 451</name><Style><LineStyle><color>ff00ffff</color><width>3</width></LineStyle></Style><LineString><coordinates>-70.8725283,-33.1913433,0 -70.8724483,-33.1913966,0</coordinates></LineString></Placemark><Placemark><name>Descartado (grupo chico) - Hilera 644</name><Style><LineStyle><color>ff00ffff</color><width>3</width></LineStyle></Style><LineString><coordinates>-70.872475,-33.191345,0 -70.8724166,-33.1914066,0</coordinates></LineString></Placemark><Placemark><name>Descartado (grupo chico) - Hilera 1045</name><Style><LineStyle><color>ff00ffff</color><width>3</width></LineStyle></Style><LineString><coordinates>-70.8725255192855,-33.19127404581338,0 -70.872405,-33.1913699,0</coordinates></LineString></Placemark><Placemark><name>Descartado (grupo chico) - Hilera 1243</name><Style><LineStyle><color>ff00ffff</color><width>3</width></LineStyle></Style><LineString><coordinates>-70.8724066,-33.1913133,0 -70.8724866,-33.1912699,0</coordinates></LineString></Placemark><Placemark><name>Descartado (grupo chico) - Hilera 1244</name><Style><LineStyle><color>ff00ffff</color><width>3</width></LineStyle></Style><LineString><coordinates>-70.87297,-33.1914383,0 -70.87309,-33.191415,0</coordinates></LineString></Placemark><Placemark><name>Descartado (grupo chico) - Hilera 1359</name><Style><LineStyle><color>ff00ffff</color><width>3</width></LineStyle></Style><LineString><coordinates>-70.8724249,-33.1913166,0 -70.8725116,-33.19129,0</coordinates></LineString></Placemark><Placemark><name>Descartado (grupo chico) - Hilera 275</name><Style><LineStyle><color>ff00ffff</color><width>3</width></LineStyle></Style><LineString><coordinates>-70.87244735342966,-33.19134363619036,0 -70.872021169429,-33.192674301324594,0</coordinates></LineString></Placemark><Placemark><name>Descartado (grupo chico) - Hilera 297</name><Style><LineStyle><color>ff00ffff</color><width>3</width></LineStyle></Style><LineString><coordinates>-70.87207742428303,-33.19258195613698,0 -70.8724633,-33.19132,0</coordinates></LineString></Placemark><Placemark><name>Descartado (grupo chico) - Hilera 420</name><Style><LineStyle><color>ff00ffff</color><width>3</width></LineStyle></Style><LineString><coordinates>-70.87203,-33.1925866,0 -70.87242857907628,-33.191317411342055,0</coordinates></LineString></Placemark><Placemark><name>Trabajado - Cuartel 276 - Hilera 276</name><Style><LineStyle><color>ff00ff00</color><width>3</width></LineStyle></Style><LineString><coordinates>-70.87208598679726,-33.192593261939535,0 -70.8715633,-33.192615,0</coordinates></LineString></Placemark><Placemark><name>Trabajado - Cuartel 276 - Hilera 277</name><Style><LineStyle><color>ff00ff00</color><width>3</width></LineStyle></Style><LineString><coordinates>-70.8715633,-33.192615,0 -70.87071229290322,-33.197003267381035,0</coordinates></LineString></Placemark><Placemark><name>Trabajado - Cuartel 276 - Hilera 279</name><Style><LineStyle><color>ff00ff00</color><width>3</width></LineStyle></Style><LineString><coordinates>-70.8711,-33.194995,0 -70.8709049,-33.1957933,0</coordinates></LineString></Placemark><Placemark><name>Trabajado - Cuartel 276 - Hilera 280</name><Style><LineStyle><color>ff00ff00</color><width>3</width></LineStyle></Style><LineString><coordinates>-70.87157557104523,-33.19257669715135,0 -70.8706562293339,-33.19703589573999,0</coordinates></LineString></Placemark><Placemark><name>Trabajado - Cuartel 276 - Hilera 284</name><Style><LineStyle><color>ff00ff00</color><width>3</width></LineStyle></Style><LineString><coordinates>-70.8710483,-33.1949849,0 -70.8710716,-33.1951666,0</coordinates></LineString></Placemark><Placemark><name>Trabajado - Cuartel 276 - Hilera 287</name><Style><LineStyle><color>ff00ff00</color><width>3</width></LineStyle></Style><LineString><coordinates>-70.8705966,-33.1969816,0 -70.871476284214,-33.19254704552311,0</coordinates></LineString></Placemark><Placemark><name>Trabajado - Cuartel 276 - Hilera 288</name><Style><LineStyle><color>ff00ff00</color><width>3</width></LineStyle></Style><LineString><coordinates>-70.87154537850027,-33.19256944199666,0 -70.8705616,-33.1969783,0</coordinates></LineString></Placemark><Placemark><name>Trabajado - Cuartel 276 - Hilera 290</name><Style><LineStyle><color>ff00ff00</color><width>3</width></LineStyle></Style><LineString><coordinates>-70.8705233,-33.19701,0 -70.8706116,-33.1968833,0</coordinates></LineString></Placemark><Placemark><name>Trabajado - Cuartel 276 - Hilera 291</name><Style><LineStyle><color>ff00ff00</color><width>3</width></LineStyle></Style><LineString><coordinates>-70.8706116,-33.1968833,0 -70.87097,-33.1949399,0</coordinates></LineString></Placemark><Placemark><name>Trabajado - Cuartel 276 - Hilera 292</name><Style><LineStyle><color>ff00ff00</color><width>3</width></LineStyle></Style><LineString><coordinates>-70.87149487137879,-33.192558958385284,0 -70.8705133,-33.1970116,0</coordinates></LineString></Placemark><Placemark><name>Trabajado - Cuartel 276 - Hilera 293</name><Style><LineStyle><color>ff00ff00</color><width>3</width></LineStyle></Style><LineString><coordinates>-70.8704983,-33.19698,0 -70.8705933,-33.1965833,0</coordinates></LineString></Placemark><Placemark><name>Trabajado - Cuartel 276 - Hilera 294</name><Style><LineStyle><color>ff00ff00</color><width>3</width></LineStyle></Style><LineString><coordinates>-70.870568244653,-33.19688723335832,0 -70.8709283,-33.1949133,0</coordinates></LineString></Placemark><Placemark><name>Trabajado - Cuartel 276 - Hilera 296</name><Style><LineStyle><color>ff00ff00</color><width>3</width></LineStyle></Style><LineString><coordinates>-70.87152670144046,-33.192542058403056,0 -70.8720416,-33.1926,0</coordinates></LineString></Placemark><Placemark><name>Trabajado - Cuartel 276 - Hilera 317</name><Style><LineStyle><color>ff00ff00</color><width>3</width></LineStyle></Style><LineString><coordinates>-70.8721083,-33.1924983,0 -70.8720316,-33.1925666,0</coordinates></LineString></Placemark><Placemark><name>Trabajado - Cuartel 276 - Hilera 318</name><Style><LineStyle><color>ff00ff00</color><width>3</width></LineStyle></Style><LineString><coordinates>-70.87220445798447,-33.19256207147689,0 -70.87157472350893,-33.192578569222896,0</coordinates></LineString></Placemark><Placemark><name>Trabajado - Cuartel 276 - Hilera 319</name><Style><LineStyle><color>ff00ff00</color><width>3</width></LineStyle></Style><LineString><coordinates>-70.871585,-33.1925783,0 -70.87105394157528,-33.19493446199242,0</coordinates></LineString></Placemark><Placemark><name>Trabajado - Cuartel 276 - Hilera 320</name><Style><LineStyle><color>ff00ff00</color><width>3</width></LineStyle></Style><LineString><coordinates>-70.87091358820877,-33.19488386380774,0 -70.8704469032782,-33.19696954213949,0</coordinates></LineString></Placemark><Placemark><name>Trabajado - Cuartel 276 - Hilera 321</name><Style><LineStyle><color>ff00ff00</color><width>3</width></LineStyle></Style><LineString><coordinates>-70.8708499,-33.1948733,0 -70.87038236581564,-33.196901661196875,0</coordinates></LineString></Placemark><Placemark><name>Trabajado - Cuartel 276 - Hilera 322</name><Style><LineStyle><color>ff00ff00</color><width>3</width></LineStyle></Style><LineString><coordinates>-70.8705683,-33.196095,0 -70.8704966,-33.1966599,0</coordinates></LineString></Placemark><Placemark><name>Trabajado - Cuartel 276 - Hilera 323</name><Style><LineStyle><color>ff00ff00</color><width>3</width></LineStyle></Style><LineString><coordinates>-70.8703566,-33.19691,0 -70.87046,-33.19681,0</coordinates></LineString></Placemark><Placemark><name>Trabajado - Cuartel 276 - Hilera 324</name><Style><LineStyle><color>ff00ff00</color><width>3</width></LineStyle></Style><LineString><coordinates>-70.87046,-33.19681,0 -70.8706216,-33.1960716,0</coordinates></LineString></Placemark><Placemark><name>Trabajado - Cuartel 276 - Hilera 325</name><Style><LineStyle><color>ff00ff00</color><width>3</width></LineStyle></Style><LineString><coordinates>-70.8706216,-33.1960716,0 -70.8708316,-33.19489,0</coordinates></LineString></Placemark><Placemark><name>Trabajado - Cuartel 276 - Hilera 326</name><Style><LineStyle><color>ff00ff00</color><width>3</width></LineStyle></Style><LineString><coordinates>-70.8706583,-33.195635,0 -70.8704299655968,-33.19696389913911,0</coordinates></LineString></Placemark><Placemark><name>Trabajado - Cuartel 276 - Hilera 327</name><Style><LineStyle><color>ff00ff00</color><width>3</width></LineStyle></Style><LineString><coordinates>-70.870465,-33.19676,0 -70.8703749,-33.1968316,0</coordinates></LineString></Placemark><Placemark><name>Trabajado - Cuartel 276 - Hilera 328</name><Style><LineStyle><color>ff00ff00</color><width>3</width></LineStyle></Style><LineString><coordinates>-70.8703749,-33.1968316,0 -70.87066975066169,-33.19479811128842,0</coordinates></LineString></Placemark><Placemark><name>Trabajado - Cuartel 276 - Hilera 329</name><Style><LineStyle><color>ff00ff00</color><width>3</width></LineStyle></Style><LineString><coordinates>-70.8705733,-33.1954633,0 -70.8707649,-33.1948499,0</coordinates></LineString></Placemark><Placemark><name>Trabajado - Cuartel 276 - Hilera 330</name><Style><LineStyle><color>ff00ff00</color><width>3</width></LineStyle></Style><LineString><coordinates>-70.87071052887146,-33.19483644407847,0 -70.87028631618487,-33.19688287003623,0</coordinates></LineString></Placemark><Placemark><name>Trabajado - Cuartel 276 - Hilera 333</name><Style><LineStyle><color>ff00ff00</color><width>3</width></LineStyle></Style><LineString><coordinates>-70.8703633,-33.1968666,0 -70.8707683,-33.1948966,0</coordinates></LineString></Placemark><Placemark><name>Trabajado - Cuartel 276 - Hilera 334</name><Style><LineStyle><color>ff00ff00</color><width>3</width></LineStyle></Style><LineString><coordinates>-70.8707166,-33.1949383,0 -70.8704366,-33.1964199,0</coordinates></LineString></Placemark><Placemark><name>Trabajado - Cuartel 276 - Hilera 335</name><Style><LineStyle><color>ff00ff00</color><width>3</width></LineStyle></Style><LineString><coordinates>-70.87024125854987,-33.1968332474689,0 -70.87065765247989,-33.194824180887196,0</coordinates></LineString></Placemark><Placemark><name>Trabajado - Cuartel 276 - Hilera 336</name><Style><LineStyle><color>ff00ff00</color><width>3</width></LineStyle></Style><LineString><coordinates>-70.8706883,-33.1948,0 -70.8704733,-33.196295,0</coordinates></LineString></Placemark><Placemark><name>Trabajado - Cuartel 276 - Hilera 337</name><Style><LineStyle><color>ff00ff00</color><width>3</width></LineStyle></Style><LineString><coordinates>-70.8704733,-33.196295,0 -70.870265,-33.196845,0</coordinates></LineString></Placemark><Placemark><name>Trabajado - Cuartel 276 - Hilera 339</name><Style><LineStyle><color>ff00ff00</color><width>3</width></LineStyle></Style><LineString><coordinates>-70.87029066114148,-33.19688310939017,0 -70.87066190249367,-33.19486579200032,0</coordinates></LineString></Placemark><Placemark><name>Trabajado - Cuartel 276 - Hilera 340</name><Style><LineStyle><color>ff00ff00</color><width>3</width></LineStyle></Style><LineString><coordinates>-70.87066963057956,-33.194840143191065,0 -70.8702083,-33.1968316,0</coordinates></LineString></Placemark><Placemark><name>Trabajado - Cuartel 276 - Hilera 341</name><Style><LineStyle><color>ff00ff00</color><width>3</width></LineStyle></Style><LineString><coordinates>-70.87022454762555,-33.1968128179105,0 -70.87058628936342,-33.19483560246996,0</coordinates></LineString></Placemark><Placemark><name>Trabajado - Cuartel 276 - Hilera 342</name><Style><LineStyle><color>ff00ff00</color><width>3</width></LineStyle></Style><LineString><coordinates>-70.87059113561767,-33.19482248634628,0 -70.8701683,-33.1968166,0</coordinates></LineString></Placemark><Placemark><name>Trabajado - Cuartel 276 - Hilera 346</name><Style><LineStyle><color>ff00ff00</color><width>3</width></LineStyle></Style><LineString><coordinates>-70.871635,-33.1925933,0 -70.8734120375639,-33.19278735055335,0</coordinates></LineString></Placemark><Placemark><name>Trabajado - Cuartel 276 - Hilera 347</name><Style><LineStyle><color>ff00ff00</color><width>3</width></LineStyle></Style><LineString><coordinates>-70.8722916,-33.192665,0 -70.8722783,-33.192575,0</coordinates></LineString></Placemark><Placemark><name>Trabajado - Cuartel 276 - Hilera 348</name><Style><LineStyle><color>ff00ff00</color><width>3</width></LineStyle></Style><LineString><coordinates>-70.8728114270387,-33.192683592480634,0 -70.87163497585001,-33.192611878203174,0</coordinates></LineString></Placemark><Placemark><name>Trabajado - Cuartel 276 - Hilera 349</name><Style><LineStyle><color>ff00ff00</color><width>3</width></LineStyle></Style><LineString><coordinates>-70.8716183,-33.1926683,0 -70.871155,-33.1949716,0</coordinates></LineString></Placemark><Placemark><name>Trabajado - Cuartel 276 - Hilera 351</name><Style><LineStyle><color>ff00ff00</color><width>3</width></LineStyle></Style><LineString><coordinates>-70.8705966,-33.1948233,0 -70.8701283,-33.1968416,0</coordinates></LineString></Placemark><Placemark><name>Trabajado - Cuartel 276 - Hilera 352</name><Style><LineStyle><color>ff00ff00</color><width>3</width></LineStyle></Style><LineString><coordinates>-70.8701016,-33.1968633,0 -70.8701933,-33.19677,0</coordinates></LineString></Placemark><Placemark><name>Trabajado - Cuartel 276 - Hilera 353</name><Style><LineStyle><color>ff00ff00</color><width>3</width></LineStyle></Style><LineString><coordinates>-70.87014,-33.196855,0 -70.8705283,-33.1947899,0</coordinates></LineString></Placemark><Placemark><name>Trabajado - Cuartel 276 - Hilera 355</name><Style><LineStyle><color>ff00ff00</color><width>3</width></LineStyle></Style><LineString><coordinates>-70.8702833,-33.1955216,0 -70.870055,-33.1968149,0</coordinates></LineString></Placemark><Placemark><name>Trabajado - Cuartel 276 - Hilera 357</name><Style><LineStyle><color>ff00ff00</color><width>3</width></LineStyle></Style><LineString><coordinates>-70.8700916,-33.1968366,0 -70.8704699,-33.1947783,0</coordinates></LineString></Placemark><Placemark><name>Trabajado - Cuartel 276 - Hilera 358</name><Style><LineStyle><color>ff00ff00</color><width>3</width></LineStyle></Style><LineString><coordinates>-70.8704699,-33.1947783,0 -70.870035,-33.1967683,0</coordinates></LineString></Placemark><Placemark><name>Trabajado - Cuartel 276 - Hilera 359</name><Style><LineStyle><color>ff00ff00</color><width>3</width></LineStyle></Style><LineString><coordinates>-70.870035,-33.1967683,0 -70.87040056130532,-33.194742952878705,0</coordinates></LineString></Placemark><Placemark><name>Trabajado - Cuartel 276 - Hilera 360</name><Style><LineStyle><color>ff00ff00</color><width>3</width></LineStyle></Style><LineString><coordinates>-70.8703966,-33.1947649,0 -70.8699333,-33.1967816,0</coordinates></LineString></Placemark><Placemark><name>Trabajado - Cuartel 276 - Hilera 361</name><Style><LineStyle><color>ff00ff00</color><width>3</width></LineStyle></Style><LineString><coordinates>-70.8699913865327,-33.19677400628158,0 -70.8704216,-33.1947266,0</coordinates></LineString></Placemark><Placemark><name>Trabajado - Cuartel 276 - Hilera 362</name><Style><LineStyle><color>ff00ff00</color><width>3</width></LineStyle></Style><LineString><coordinates>-70.8699316,-33.1967433,0 -70.8703233,-33.194785,0</coordinates></LineString></Placemark><Placemark><name>Trabajado - Cuartel 276 - Hilera 363</name><Style><LineStyle><color>ff00ff00</color><width>3</width></LineStyle></Style><LineString><coordinates>-70.8703016,-33.1947666,0 -70.869955,-33.1967166,0</coordinates></LineString></Placemark><Placemark><name>Trabajado - Cuartel 276 - Hilera 364</name><Style><LineStyle><color>ff00ff00</color><width>3</width></LineStyle></Style><LineString><coordinates>-70.8699166,-33.1967433,0 -70.8703166,-33.1946933,0</coordinates></LineString></Placemark><Placemark><name>Trabajado - Cuartel 276 - Hilera 365</name><Style><LineStyle><color>ff00ff00</color><width>3</width></LineStyle></Style><LineString><coordinates>-70.8698916,-33.1967499,0 -70.8702483,-33.1946766,0</coordinates></LineString></Placemark><Placemark><name>Trabajado - Cuartel 276 - Hilera 366</name><Style><LineStyle><color>ff00ff00</color><width>3</width></LineStyle></Style><LineString><coordinates>-70.870165,-33.1952066,0 -70.8698466,-33.1966816,0</coordinates></LineString></Placemark><Placemark><name>Trabajado - Cuartel 276 - Hilera 367</name><Style><LineStyle><color>ff00ff00</color><width>3</width></LineStyle></Style><LineString><coordinates>-70.8698466,-33.1966816,0 -70.8697833,-33.1967366,0</coordinates></LineString></Placemark><Placemark><name>Trabajado - Cuartel 276 - Hilera 368</name><Style><LineStyle><color>ff00ff00</color><width>3</width></LineStyle></Style><LineString><coordinates>-70.8698583,-33.1967216,0 -70.87024327704351,-33.194636817467966,0</coordinates></LineString></Placemark><Placemark><name>Trabajado - Cuartel 276 - Hilera 369</name><Style><LineStyle><color>ff00ff00</color><width>3</width></LineStyle></Style><LineString><coordinates>-70.87024271393724,-33.19465014160862,0 -70.8698133,-33.1967483,0</coordinates></LineString></Placemark><Placemark><name>Trabajado - Cuartel 276 - Hilera 370</name><Style><LineStyle><color>ff00ff00</color><width>3</width></LineStyle></Style><LineString><coordinates>-70.8698133,-33.1967483,0 -70.8701366,-33.1948549,0</coordinates></LineString></Placemark><Placemark><name>Trabajado - Cuartel 276 - Hilera 373</name><Style><LineStyle><color>ff00ff00</color><width>3</width></LineStyle></Style><LineString><coordinates>-70.8702083,-33.1945983,0 -70.86973064617779,-33.19672682599047,0</coordinates></LineString></Placemark><Placemark><name>Trabajado - Cuartel 276 - Hilera 374</name><Style><LineStyle><color>ff00ff00</color><width>3</width></LineStyle></Style><LineString><coordinates>-70.8697771885068,-33.196692147138805,0 -70.87018653470386,-33.19464921947635,0</coordinates></LineString></Placemark><Placemark><name>Trabajado - Cuartel 276 - Hilera 375</name><Style><LineStyle><color>ff00ff00</color><width>3</width></LineStyle></Style><LineString><coordinates>-70.8696766,-33.1967383,0 -70.87012211922963,-33.19452700333583,0</coordinates></LineString></Placemark><Placemark><name>Trabajado - Cuartel 276 - Hilera 376</name><Style><LineStyle><color>ff00ff00</color><width>3</width></LineStyle></Style><LineString><coordinates>-70.8696483,-33.1967283,0 -70.8700749,-33.194665,0</coordinates></LineString></Placemark><Placemark><name>Trabajado - Cuartel 276 - Hilera 377</name><Style><LineStyle><color>ff00ff00</color><width>3</width></LineStyle></Style><LineString><coordinates>-70.869645,-33.1967066,0 -70.86927,-33.1968249,0</coordinates></LineString></Placemark><Placemark><name>Trabajado - Cuartel 276 - Hilera 378</name><Style><LineStyle><color>ff00ff00</color><width>3</width></LineStyle></Style><LineString><coordinates>-70.86927,-33.1968249,0 -70.8691333,-33.19702,0</coordinates></LineString></Placemark><Placemark><name>Trabajado - Cuartel 276 - Hilera 379</name><Style><LineStyle><color>ff00ff00</color><width>3</width></LineStyle></Style><LineString><coordinates>-70.8691966,-33.1968916,0 -70.8696783,-33.1966716,0</coordinates></LineString></Placemark><Placemark><name>Trabajado - Cuartel 276 - Hilera 380</name><Style><LineStyle><color>ff00ff00</color><width>3</width></LineStyle></Style><LineString><coordinates>-70.8696783,-33.1966716,0 -70.8700616,-33.1946333,0</coordinates></LineString></Placemark><Placemark><name>Trabajado - Cuartel 276 - Hilera 381</name><Style><LineStyle><color>ff00ff00</color><width>3</width></LineStyle></Style><LineString><coordinates>-70.8700033,-33.194665,0 -70.8696033,-33.1966966,0</coordinates></LineString></Placemark><Placemark><name>Trabajado - Cuartel 276 - Hilera 382</name><Style><LineStyle><color>ff00ff00</color><width>3</width></LineStyle></Style><LineString><coordinates>-70.8695683,-33.19668,0 -70.86998370404143,-33.194498943947195,0</coordinates></LineString></Placemark><Placemark><name>Trabajado - Cuartel 276 - Hilera 383</name><Style><LineStyle><color>ff00ff00</color><width>3</width></LineStyle></Style><LineString><coordinates>-70.8695533,-33.1966616,0 -70.8691716,-33.1968716,0</coordinates></LineString></Placemark><Placemark><name>Trabajado - Cuartel 276 - Hilera 384</name><Style><LineStyle><color>ff00ff00</color><width>3</width></LineStyle></Style><LineString><coordinates>-70.8691716,-33.1968716,0 -70.8691683,-33.1969766,0</coordinates></LineString></Placemark><Placemark><name>Trabajado - Cuartel 276 - Hilera 385</name><Style><LineStyle><color>ff00ff00</color><width>3</width></LineStyle></Style><LineString><coordinates>-70.86898917174237,-33.197033655931605,0 -70.86959,-33.1966266,0</coordinates></LineString></Placemark><Placemark><name>Trabajado - Cuartel 276 - Hilera 386</name><Style><LineStyle><color>ff00ff00</color><width>3</width></LineStyle></Style><LineString><coordinates>-70.8699916,-33.1945,0 -70.8694933,-33.19664,0</coordinates></LineString></Placemark><Placemark><name>Trabajado - Cuartel 276 - Hilera 387</name><Style><LineStyle><color>ff00ff00</color><width>3</width></LineStyle></Style><LineString><coordinates>-70.8694933,-33.19664,0 -70.8698749,-33.1944616,0</coordinates></LineString></Placemark><Placemark><name>Trabajado - Cuartel 276 - Hilera 388</name><Style><LineStyle><color>ff00ff00</color><width>3</width></LineStyle></Style><LineString><coordinates>-70.86988392400336,-33.194418151238686,0 -70.86941,-33.1967,0</coordinates></LineString></Placemark><Placemark><name>Trabajado - Cuartel 276 - Hilera 389</name><Style><LineStyle><color>ff00ff00</color><width>3</width></LineStyle></Style><LineString><coordinates>-70.86941,-33.1967,0 -70.869655,-33.1958983,0</coordinates></LineString></Placemark><Placemark><name>Trabajado - Cuartel 276 - Hilera 390</name><Style><LineStyle><color>ff00ff00</color><width>3</width></LineStyle></Style><LineString><coordinates>-70.8696316,-33.1958633,0 -70.8699133,-33.1945316,0</coordinates></LineString></Placemark><Placemark><name>Trabajado - Cuartel 276 - Hilera 391</name><Style><LineStyle><color>ff00ff00</color><width>3</width></LineStyle></Style><LineString><coordinates>-70.8699133,-33.1945316,0 -70.869505,-33.1967083,0</coordinates></LineString></Placemark><Placemark><name>Trabajado - Cuartel 276 - Hilera 392</name><Style><LineStyle><color>ff00ff00</color><width>3</width></LineStyle></Style><LineString><coordinates>-70.8698633,-33.1944183,0 -70.8693683,-33.1967683,0</coordinates></LineString></Placemark><Placemark><name>Trabajado - Cuartel 276 - Hilera 394</name><Style><LineStyle><color>ff00ff00</color><width>3</width></LineStyle></Style><LineString><coordinates>-70.86929343877944,-33.1968294299307,0 -70.86975346798694,-33.194416803328565,0</coordinates></LineString></Placemark><Placemark><name>Trabajado - Cuartel 276 - Hilera 395</name><Style><LineStyle><color>ff00ff00</color><width>3</width></LineStyle></Style><LineString><coordinates>-70.86974,-33.1945633,0 -70.86935,-33.1967616,0</coordinates></LineString></Placemark><Placemark><name>Trabajado - Cuartel 276 - Hilera 397</name><Style><LineStyle><color>ff00ff00</color><width>3</width></LineStyle></Style><LineString><coordinates>-70.86922716046963,-33.19693447464458,0 -70.8697066,-33.1943949,0</coordinates></LineString></Placemark><Placemark><name>Trabajado - Cuartel 276 - Hilera 398</name><Style><LineStyle><color>ff00ff00</color><width>3</width></LineStyle></Style><LineString><coordinates>-70.8694533,-33.1957649,0 -70.8691766,-33.1969116,0</coordinates></LineString></Placemark><Placemark><name>Trabajado - Cuartel 276 - Hilera 399</name><Style><LineStyle><color>ff00ff00</color><width>3</width></LineStyle></Style><LineString><coordinates>-70.8691766,-33.1969116,0 -70.86962,-33.1943566,0</coordinates></LineString></Placemark><Placemark><name>Trabajado - Cuartel 276 - Hilera 401</name><Style><LineStyle><color>ff00ff00</color><width>3</width></LineStyle></Style><LineString><coordinates>-70.86965400155576,-33.1944215111262,0 -70.8691449,-33.1969533,0</coordinates></LineString></Placemark><Placemark><name>Trabajado - Cuartel 276 - Hilera 406</name><Style><LineStyle><color>ff00ff00</color><width>3</width></LineStyle></Style><LineString><coordinates>-70.8682133,-33.1970633,0 -70.8683949,-33.1969866,0</coordinates></LineString></Placemark><Placemark><name>Trabajado - Cuartel 276 - Hilera 408</name><Style><LineStyle><color>ff00ff00</color><width>3</width></LineStyle></Style><LineString><coordinates>-70.869005,-33.1969883,0 -70.8695933,-33.1943183,0</coordinates></LineString></Placemark><Placemark><name>Trabajado - Cuartel 276 - Hilera 409</name><Style><LineStyle><color>ff00ff00</color><width>3</width></LineStyle></Style><LineString><coordinates>-70.8695933,-33.1943183,0 -70.8690516,-33.1969816,0</coordinates></LineString></Placemark><Placemark><name>Trabajado - Cuartel 276 - Hilera 410</name><Style><LineStyle><color>ff00ff00</color><width>3</width></LineStyle></Style><LineString><coordinates>-70.8690499,-33.1969933,0 -70.8696412061252,-33.1943538978343,0</coordinates></LineString></Placemark><Placemark><name>Trabajado - Cuartel 276 - Hilera 411</name><Style><LineStyle><color>ff00ff00</color><width>3</width></LineStyle></Style><LineString><coordinates>-70.86960912644275,-33.194358430119976,0 -70.869015,-33.1970083,0</coordinates></LineString></Placemark><Placemark><name>Trabajado - Cuartel 276 - Hilera 412</name><Style><LineStyle><color>ff00ff00</color><width>3</width></LineStyle></Style><LineString><coordinates>-70.869015,-33.1970083,0 -70.8695783,-33.1943016,0</coordinates></LineString></Placemark><Placemark><name>Trabajado - Cuartel 276 - Hilera 413</name><Style><LineStyle><color>ff00ff00</color><width>3</width></LineStyle></Style><LineString><coordinates>-70.86958083407778,-33.19429040272099,0 -70.86895725745528,-33.197045788315826,0</coordinates></LineString></Placemark><Placemark><name>Trabajado - Cuartel 276 - Hilera 415</name><Style><LineStyle><color>ff00ff00</color><width>3</width></LineStyle></Style><LineString><coordinates>-70.8687983,-33.1970233,0 -70.8690016,-33.1968783,0</coordinates></LineString></Placemark><Placemark><name>Trabajado - Cuartel 276 - Hilera 416</name><Style><LineStyle><color>ff00ff00</color><width>3</width></LineStyle></Style><LineString><coordinates>-70.8688899,-33.1970433,0 -70.869495,-33.1942766,0</coordinates></LineString></Placemark><Placemark><name>Trabajado - Cuartel 276 - Hilera 419</name><Style><LineStyle><color>ff00ff00</color><width>3</width></LineStyle></Style><LineString><coordinates>-70.871105,-33.1949366,0 -70.8716433,-33.1926316,0</coordinates></LineString></Placemark><Placemark><name>Trabajado - Cuartel 276 - Hilera 452</name><Style><LineStyle><color>ff00ff00</color><width>3</width></LineStyle></Style><LineString><coordinates>-70.8720916,-33.192585,0 -70.87153532441211,-33.19264077768506,0</coordinates></LineString></Placemark><Placemark><name>Trabajado - Cuartel 276 - Hilera 453</name><Style><LineStyle><color>ff00ff00</color><width>3</width></LineStyle></Style><LineString><coordinates>-70.8716099,-33.1926333,0 -70.87061657027449,-33.19725282054223,0</coordinates></LineString></Placemark><Placemark><name>Trabajado - Cuartel 276 - Hilera 455</name><Style><LineStyle><color>ff00ff00</color><width>3</width></LineStyle></Style><LineString><coordinates>-70.8694616,-33.1942316,0 -70.8688666,-33.1970083,0</coordinates></LineString></Placemark><Placemark><name>Trabajado - Cuartel 276 - Hilera 456</name><Style><LineStyle><color>ff00ff00</color><width>3</width></LineStyle></Style><LineString><coordinates>-70.8688466,-33.1970133,0 -70.86941433840533,-33.19418968067437,0</coordinates></LineString></Placemark><Placemark><name>Trabajado - Cuartel 276 - Hilera 457</name><Style><LineStyle><color>ff00ff00</color><width>3</width></LineStyle></Style><LineString><coordinates>-70.8694116,-33.1942033,0 -70.8688866,-33.1970083,0</coordinates></LineString></Placemark><Placemark><name>Trabajado - Cuartel 276 - Hilera 458</name><Style><LineStyle><color>ff00ff00</color><width>3</width></LineStyle></Style><LineString><coordinates>-70.8694166,-33.19419,0 -70.86879392433083,-33.196995221033944,0</coordinates></LineString></Placemark><Placemark><name>Trabajado - Cuartel 276 - Hilera 459</name><Style><LineStyle><color>ff00ff00</color><width>3</width></LineStyle></Style><LineString><coordinates>-70.86938920828402,-33.194136482245895,0 -70.86878732811488,-33.19697819562216,0</coordinates></LineString></Placemark><Placemark><name>Trabajado - Cuartel 276 - Hilera 460</name><Style><LineStyle><color>ff00ff00</color><width>3</width></LineStyle></Style><LineString><coordinates>-70.868745,-33.19696,0 -70.8692466,-33.1941616,0</coordinates></LineString></Placemark><Placemark><name>Trabajado - Cuartel 276 - Hilera 462</name><Style><LineStyle><color>ff00ff00</color><width>3</width></LineStyle></Style><LineString><coordinates>-70.86929110355409,-33.19412463904106,0 -70.8687083,-33.1969666,0</coordinates></LineString></Placemark><Placemark><name>Trabajado - Cuartel 276 - Hilera 464</name><Style><LineStyle><color>ff00ff00</color><width>3</width></LineStyle></Style><LineString><coordinates>-70.86927,-33.1941216,0 -70.8687283,-33.19694,0</coordinates></LineString></Placemark><Placemark><name>Trabajado - Cuartel 276 - Hilera 465</name><Style><LineStyle><color>ff00ff00</color><width>3</width></LineStyle></Style><LineString><coordinates>-70.8686916,-33.1969549,0 -70.86920722928214,-33.19417120960288,0</coordinates></LineString></Placemark><Placemark><name>Trabajado - Cuartel 276 - Hilera 466</name><Style><LineStyle><color>ff00ff00</color><width>3</width></LineStyle></Style><LineString><coordinates>-70.86919300536515,-33.19425614372419,0 -70.868645,-33.19694,0</coordinates></LineString></Placemark><Placemark><name>Trabajado - Cuartel 276 - Hilera 468</name><Style><LineStyle><color>ff00ff00</color><width>3</width></LineStyle></Style><LineString><coordinates>-70.8685383,-33.1969666,0 -70.868675,-33.19685,0</coordinates></LineString></Placemark><Placemark><name>Trabajado - Cuartel 276 - Hilera 469</name><Style><LineStyle><color>ff00ff00</color><width>3</width></LineStyle></Style><LineString><coordinates>-70.8686916,-33.19688,0 -70.868625,-33.19693,0</coordinates></LineString></Placemark><Placemark><name>Trabajado - Cuartel 276 - Hilera 470</name><Style><LineStyle><color>ff00ff00</color><width>3</width></LineStyle></Style><LineString><coordinates>-70.86862454533879,-33.19693239363663,0 -70.8691488884955,-33.19417190525066,0</coordinates></LineString></Placemark><Placemark><name>Trabajado - Cuartel 276 - Hilera 472</name><Style><LineStyle><color>ff00ff00</color><width>3</width></LineStyle></Style><LineString><coordinates>-70.8691733,-33.194195,0 -70.8685783,-33.1969383,0</coordinates></LineString></Placemark><Placemark><name>Trabajado - Cuartel 276 - Hilera 473</name><Style><LineStyle><color>ff00ff00</color><width>3</width></LineStyle></Style><LineString><coordinates>-70.8685533,-33.19692,0 -70.8690816,-33.194175,0</coordinates></LineString></Placemark><Placemark><name>Trabajado - Cuartel 276 - Hilera 474</name><Style><LineStyle><color>ff00ff00</color><width>3</width></LineStyle></Style><LineString><coordinates>-70.8685333,-33.1968999,0 -70.8682624726847,-33.197010337360794,0</coordinates></LineString></Placemark><Placemark><name>Trabajado - Cuartel 276 - Hilera 475</name><Style><LineStyle><color>ff00ff00</color><width>3</width></LineStyle></Style><LineString><coordinates>-70.86846008728658,-33.19695582061523,0 -70.86911653567644,-33.19405014595929,0</coordinates></LineString></Placemark><Placemark><name>Trabajado - Cuartel 276 - Hilera 476</name><Style><LineStyle><color>ff00ff00</color><width>3</width></LineStyle></Style><LineString><coordinates>-70.868465,-33.1969566,0 -70.8690133,-33.1941383,0</coordinates></LineString></Placemark><Placemark><name>Trabajado - Cuartel 276 - Hilera 477</name><Style><LineStyle><color>ff00ff00</color><width>3</width></LineStyle></Style><LineString><coordinates>-70.86902385129942,-33.19408740486224,0 -70.8684266,-33.1969683,0</coordinates></LineString></Placemark><Placemark><name>Trabajado - Cuartel 276 - Hilera 479</name><Style><LineStyle><color>ff00ff00</color><width>3</width></LineStyle></Style><LineString><coordinates>-70.86838443003703,-33.1969663228394,0 -70.868945,-33.1939933,0</coordinates></LineString></Placemark><Placemark><name>Trabajado - Cuartel 276 - Hilera 480</name><Style><LineStyle><color>ff00ff00</color><width>3</width></LineStyle></Style><LineString><coordinates>-70.8683449,-33.196985,0 -70.8689466,-33.1941383,0</coordinates></LineString></Placemark><Placemark><name>Trabajado - Cuartel 276 - Hilera 481</name><Style><LineStyle><color>ff00ff00</color><width>3</width></LineStyle></Style><LineString><coordinates>-70.8689316,-33.1941233,0 -70.8683216,-33.1969783,0</coordinates></LineString></Placemark><Placemark><name>Trabajado - Cuartel 276 - Hilera 483</name><Style><LineStyle><color>ff00ff00</color><width>3</width></LineStyle></Style><LineString><coordinates>-70.8682166,-33.1969516,0 -70.86889713584104,-33.193960612877866,0</coordinates></LineString></Placemark><Placemark><name>Trabajado - Cuartel 276 - Hilera 484</name><Style><LineStyle><color>ff00ff00</color><width>3</width></LineStyle></Style><LineString><coordinates>-70.868895,-33.19397,0 -70.8682633,-33.19702,0</coordinates></LineString></Placemark><Placemark><name>Trabajado - Cuartel 276 - Hilera 485</name><Style><LineStyle><color>ff00ff00</color><width>3</width></LineStyle></Style><LineString><coordinates>-70.8683016,-33.1970283,0 -70.8688933,-33.19396,0</coordinates></LineString></Placemark><Placemark><name>Trabajado - Cuartel 276 - Hilera 487</name><Style><LineStyle><color>ff00ff00</color><width>3</width></LineStyle></Style><LineString><coordinates>-70.8678366,-33.1977133,0 -70.86879,-33.1939016,0</coordinates></LineString></Placemark><Placemark><name>Trabajado - Cuartel 276 - Hilera 488</name><Style><LineStyle><color>ff00ff00</color><width>3</width></LineStyle></Style><LineString><coordinates>-70.86879,-33.1939016,0 -70.8682616,-33.1969466,0</coordinates></LineString></Placemark><Placemark><name>Trabajado - Cuartel 276 - Hilera 489</name><Style><LineStyle><color>ff00ff00</color><width>3</width></LineStyle></Style><LineString><coordinates>-70.8682616,-33.1969466,0 -70.868835,-33.1939883,0</coordinates></LineString></Placemark><Placemark><name>Trabajado - Cuartel 276 - Hilera 490</name><Style><LineStyle><color>ff00ff00</color><width>3</width></LineStyle></Style><LineString><coordinates>-70.868835,-33.1939883,0 -70.86809892395955,-33.19717068888859,0</coordinates></LineString></Placemark><Placemark><name>Trabajado - Cuartel 276 - Hilera 491</name><Style><LineStyle><color>ff00ff00</color><width>3</width></LineStyle></Style><LineString><coordinates>-70.868155,-33.1971099,0 -70.8687633,-33.1939299,0</coordinates></LineString></Placemark><Placemark><name>Trabajado - Cuartel 276 - Hilera 492</name><Style><LineStyle><color>ff00ff00</color><width>3</width></LineStyle></Style><LineString><coordinates>-70.868115,-33.1971733,0 -70.8680266,-33.197225,0</coordinates></LineString></Placemark><Placemark><name>Trabajado - Cuartel 276 - Hilera 494</name><Style><LineStyle><color>ff00ff00</color><width>3</width></LineStyle></Style><LineString><coordinates>-70.86803555035925,-33.197349303881694,0 -70.8687183,-33.1938866,0</coordinates></LineString></Placemark><Placemark><name>Trabajado - Cuartel 276 - Hilera 496</name><Style><LineStyle><color>ff00ff00</color><width>3</width></LineStyle></Style><LineString><coordinates>-70.8680649,-33.1967533,0 -70.8687533,-33.1939299,0</coordinates></LineString></Placemark><Placemark><name>Trabajado - Cuartel 276 - Hilera 498</name><Style><LineStyle><color>ff00ff00</color><width>3</width></LineStyle></Style><LineString><coordinates>-70.871065,-33.1949333,0 -70.87161588162618,-33.19260066846345,0</coordinates></LineString></Placemark><Placemark><name>Trabajado - Cuartel 276 - Hilera 514</name><Style><LineStyle><color>ff00ff00</color><width>3</width></LineStyle></Style><LineString><coordinates>-70.8686883,-33.193935,0 -70.8678983,-33.1975599,0</coordinates></LineString></Placemark><Placemark><name>Trabajado - Cuartel 276 - Hilera 515</name><Style><LineStyle><color>ff00ff00</color><width>3</width></LineStyle></Style><LineString><coordinates>-70.86863796682141,-33.193886783977064,0 -70.86792717083283,-33.19759504188845,0</coordinates></LineString></Placemark><Placemark><name>Trabajado - Cuartel 276 - Hilera 518</name><Style><LineStyle><color>ff00ff00</color><width>3</width></LineStyle></Style><LineString><coordinates>-70.8677633,-33.19778,0 -70.86859622955294,-33.19375057531233,0</coordinates></LineString></Placemark><Placemark><name>Trabajado - Cuartel 276 - Hilera 519</name><Style><LineStyle><color>ff00ff00</color><width>3</width></LineStyle></Style><LineString><coordinates>-70.86782,-33.1976566,0 -70.868615,-33.1937533,0</coordinates></LineString></Placemark><Placemark><name>Trabajado - Cuartel 276 - Hilera 520</name><Style><LineStyle><color>ff00ff00</color><width>3</width></LineStyle></Style><LineString><coordinates>-70.8677766,-33.1977366,0 -70.8684683,-33.1937299,0</coordinates></LineString></Placemark><Placemark><name>Trabajado - Cuartel 276 - Hilera 524</name><Style><LineStyle><color>ff00ff00</color><width>3</width></LineStyle></Style><LineString><coordinates>-70.8685133,-33.1937433,0 -70.86765,-33.19785,0</coordinates></LineString></Placemark><Placemark><name>Trabajado - Cuartel 276 - Hilera 525</name><Style><LineStyle><color>ff00ff00</color><width>3</width></LineStyle></Style><LineString><coordinates>-70.86766641377967,-33.197840601437825,0 -70.86839264507908,-33.19375884287796,0</coordinates></LineString></Placemark><Placemark><name>Trabajado - Cuartel 276 - Hilera 527</name><Style><LineStyle><color>ff00ff00</color><width>3</width></LineStyle></Style><LineString><coordinates>-70.8683916,-33.19383,0 -70.8675616,-33.1978966,0</coordinates></LineString></Placemark><Placemark><name>Trabajado - Cuartel 276 - Hilera 528</name><Style><LineStyle><color>ff00ff00</color><width>3</width></LineStyle></Style><LineString><coordinates>-70.867575,-33.1979216,0 -70.868445,-33.1936883,0</coordinates></LineString></Placemark><Placemark><name>Trabajado - Cuartel 276 - Hilera 529</name><Style><LineStyle><color>ff00ff00</color><width>3</width></LineStyle></Style><LineString><coordinates>-70.868445,-33.1936883,0 -70.8675416,-33.1978733,0</coordinates></LineString></Placemark><Placemark><name>Trabajado - Cuartel 276 - Hilera 530</name><Style><LineStyle><color>ff00ff00</color><width>3</width></LineStyle></Style><LineString><coordinates>-70.8675416,-33.1978733,0 -70.8683533,-33.19368,0</coordinates></LineString></Placemark><Placemark><name>Trabajado - Cuartel 276 - Hilera 531</name><Style><LineStyle><color>ff00ff00</color><width>3</width></LineStyle></Style><LineString><coordinates>-70.8683533,-33.19368,0 -70.8674366,-33.1979283,0</coordinates></LineString></Placemark><Placemark><name>Trabajado - Cuartel 276 - Hilera 533</name><Style><LineStyle><color>ff00ff00</color><width>3</width></LineStyle></Style><LineString><coordinates>-70.8674633,-33.197945,0 -70.8683483,-33.1937266,0</coordinates></LineString></Placemark><Placemark><name>Trabajado - Cuartel 276 - Hilera 535</name><Style><LineStyle><color>ff00ff00</color><width>3</width></LineStyle></Style><LineString><coordinates>-70.8674449,-33.1978566,0 -70.8682416,-33.1938016,0</coordinates></LineString></Placemark><Placemark><name>Trabajado - Cuartel 276 - Hilera 536</name><Style><LineStyle><color>ff00ff00</color><width>3</width></LineStyle></Style><LineString><coordinates>-70.86826670581995,-33.19368260835926,0 -70.86737804537339,-33.197894506829265,0</coordinates></LineString></Placemark><Placemark><name>Trabajado - Cuartel 276 - Hilera 538</name><Style><LineStyle><color>ff00ff00</color><width>3</width></LineStyle></Style><LineString><coordinates>-70.86735753444925,-33.19795603729086,0 -70.86820815833333,-33.193640350982925,0</coordinates></LineString></Placemark><Placemark><name>Trabajado - Cuartel 276 - Hilera 541</name><Style><LineStyle><color>ff00ff00</color><width>3</width></LineStyle></Style><LineString><coordinates>-70.867265,-33.19795,0 -70.8681933,-33.1936549,0</coordinates></LineString></Placemark><Placemark><name>Trabajado - Cuartel 276 - Hilera 542</name><Style><LineStyle><color>ff00ff00</color><width>3</width></LineStyle></Style><LineString><coordinates>-70.86725178892293,-33.1979609251251,0 -70.8681216,-33.1936066,0</coordinates></LineString></Placemark><Placemark><name>Trabajado - Cuartel 276 - Hilera 543</name><Style><LineStyle><color>ff00ff00</color><width>3</width></LineStyle></Style><LineString><coordinates>-70.8681216,-33.1936066,0 -70.8672066,-33.1979183,0</coordinates></LineString></Placemark><Placemark><name>Trabajado - Cuartel 276 - Hilera 544</name><Style><LineStyle><color>ff00ff00</color><width>3</width></LineStyle></Style><LineString><coordinates>-70.86720741223169,-33.19795510951998,0 -70.86803606206796,-33.19363957584961,0</coordinates></LineString></Placemark><Placemark><name>Trabajado - Cuartel 276 - Hilera 546</name><Style><LineStyle><color>ff00ff00</color><width>3</width></LineStyle></Style><LineString><coordinates>-70.87208946339356,-33.19268071099232,0 -70.8714699,-33.192725,0</coordinates></LineString></Placemark><Placemark><name>Trabajado - Cuartel 276 - Hilera 547</name><Style><LineStyle><color>ff00ff00</color><width>3</width></LineStyle></Style><LineString><coordinates>-70.87150517798999,-33.19254885769897,0 -70.8710283,-33.1949299,0</coordinates></LineString></Placemark><Placemark><name>Trabajado - Cuartel 276 - Hilera 549</name><Style><LineStyle><color>ff00ff00</color><width>3</width></LineStyle></Style><LineString><coordinates>-70.8671883,-33.1979216,0 -70.8680233,-33.1936383,0</coordinates></LineString></Placemark><Placemark><name>Trabajado - Cuartel 276 - Hilera 550</name><Style><LineStyle><color>ff00ff00</color><width>3</width></LineStyle></Style><LineString><coordinates>-70.86803183766477,-33.193598393458224,0 -70.86707935719862,-33.198050454123226,0</coordinates></LineString></Placemark><Placemark><name>Trabajado - Cuartel 276 - Hilera 552</name><Style><LineStyle><color>ff00ff00</color><width>3</width></LineStyle></Style><LineString><coordinates>-70.86703020528905,-33.19801668509845,0 -70.86793,-33.1935583,0</coordinates></LineString></Placemark><Placemark><name>Trabajado - Cuartel 276 - Hilera 553</name><Style><LineStyle><color>ff00ff00</color><width>3</width></LineStyle></Style><LineString><coordinates>-70.8678843779889,-33.1935582586862,0 -70.86710084146078,-33.19795733062836,0</coordinates></LineString></Placemark><Placemark><name>Trabajado - Cuartel 276 - Hilera 554</name><Style><LineStyle><color>ff00ff00</color><width>3</width></LineStyle></Style><LineString><coordinates>-70.86710014045799,-33.19795732142294,0 -70.8679783,-33.1935633,0</coordinates></LineString></Placemark><Placemark><name>Trabajado - Cuartel 276 - Hilera 557</name><Style><LineStyle><color>ff00ff00</color><width>3</width></LineStyle></Style><LineString><coordinates>-70.86701347356158,-33.19797619892316,0 -70.86790449968593,-33.1935608785668,0</coordinates></LineString></Placemark><Placemark><name>Trabajado - Cuartel 276 - Hilera 559</name><Style><LineStyle><color>ff00ff00</color><width>3</width></LineStyle></Style><LineString><coordinates>-70.86699685748658,-33.198048226998026,0 -70.8678833,-33.1935116,0</coordinates></LineString></Placemark><Placemark><name>Trabajado - Cuartel 276 - Hilera 560</name><Style><LineStyle><color>ff00ff00</color><width>3</width></LineStyle></Style><LineString><coordinates>-70.866985,-33.1980466,0 -70.8678516,-33.19351,0</coordinates></LineString></Placemark><Placemark><name>Trabajado - Cuartel 276 - Hilera 561</name><Style><LineStyle><color>ff00ff00</color><width>3</width></LineStyle></Style><LineString><coordinates>-70.86693420192276,-33.19802616561592,0 -70.8677983,-33.1935633,0</coordinates></LineString></Placemark><Placemark><name>Trabajado - Cuartel 276 - Hilera 562</name><Style><LineStyle><color>ff00ff00</color><width>3</width></LineStyle></Style><LineString><coordinates>-70.8668749,-33.198065,0 -70.8677716,-33.19351,0</coordinates></LineString></Placemark><Placemark><name>Trabajado - Cuartel 276 - Hilera 563</name><Style><LineStyle><color>ff00ff00</color><width>3</width></LineStyle></Style><LineString><coordinates>-70.8668633,-33.1980249,0 -70.8678033,-33.1935549,0</coordinates></LineString></Placemark><Placemark><name>Trabajado - Cuartel 276 - Hilera 567</name><Style><LineStyle><color>ff00ff00</color><width>3</width></LineStyle></Style><LineString><coordinates>-70.8711149,-33.1948233,0 -70.8717083,-33.1926616,0</coordinates></LineString></Placemark><Placemark><name>Trabajado - Cuartel 276 - Hilera 568</name><Style><LineStyle><color>ff00ff00</color><width>3</width></LineStyle></Style><LineString><coordinates>-70.8717083,-33.1926616,0 -70.8725798805322,-33.19268626457011,0</coordinates></LineString></Placemark><Placemark><name>Trabajado - Cuartel 276 - Hilera 580</name><Style><LineStyle><color>ff00ff00</color><width>3</width></LineStyle></Style><LineString><coordinates>-70.87196382832296,-33.19260545620756,0 -70.87155912653228,-33.19257241217791,0</coordinates></LineString></Placemark><Placemark><name>Trabajado - Cuartel 276 - Hilera 582</name><Style><LineStyle><color>ff00ff00</color><width>3</width></LineStyle></Style><LineString><coordinates>-70.8678416,-33.1934533,0 -70.8668666,-33.19791,0</coordinates></LineString></Placemark><Placemark><name>Trabajado - Cuartel 276 - Hilera 583</name><Style><LineStyle><color>ff00ff00</color><width>3</width></LineStyle></Style><LineString><coordinates>-70.8668066,-33.1979616,0 -70.8676816,-33.1933933,0</coordinates></LineString></Placemark><Placemark><name>Trabajado - Cuartel 276 - Hilera 584</name><Style><LineStyle><color>ff00ff00</color><width>3</width></LineStyle></Style><LineString><coordinates>-70.86768933529926,-33.193354625200556,0 -70.86676772777386,-33.19796246065414,0</coordinates></LineString></Placemark><Placemark><name>Trabajado - Cuartel 276 - Hilera 585</name><Style><LineStyle><color>ff00ff00</color><width>3</width></LineStyle></Style><LineString><coordinates>-70.8667848984559,-33.1979620986996,0 -70.8676799,-33.1935666,0</coordinates></LineString></Placemark><Placemark><name>Trabajado - Cuartel 276 - Hilera 586</name><Style><LineStyle><color>ff00ff00</color><width>3</width></LineStyle></Style><LineString><coordinates>-70.8667372623354,-33.19795884990446,0 -70.86764145476074,-33.19338373782689,0</coordinates></LineString></Placemark><Placemark><name>Trabajado - Cuartel 276 - Hilera 587</name><Style><LineStyle><color>ff00ff00</color><width>3</width></LineStyle></Style><LineString><coordinates>-70.8676333,-33.193425,0 -70.8666416,-33.1980016,0</coordinates></LineString></Placemark><Placemark><name>Trabajado - Cuartel 276 - Hilera 588</name><Style><LineStyle><color>ff00ff00</color><width>3</width></LineStyle></Style><LineString><coordinates>-70.8667116,-33.197985,0 -70.867695,-33.1934333,0</coordinates></LineString></Placemark><Placemark><name>Trabajado - Cuartel 276 - Hilera 592</name><Style><LineStyle><color>ff00ff00</color><width>3</width></LineStyle></Style><LineString><coordinates>-70.8676283,-33.1932766,0 -70.866685,-33.1979566,0</coordinates></LineString></Placemark><Placemark><name>Trabajado - Cuartel 276 - Hilera 593</name><Style><LineStyle><color>ff00ff00</color><width>3</width></LineStyle></Style><LineString><coordinates>-70.8666466,-33.1979483,0 -70.8675416,-33.19336,0</coordinates></LineString></Placemark><Placemark><name>Trabajado - Cuartel 276 - Hilera 595</name><Style><LineStyle><color>ff00ff00</color><width>3</width></LineStyle></Style><LineString><coordinates>-70.8665983,-33.1979833,0 -70.86755942381427,-33.19338041405891,0</coordinates></LineString></Placemark><Placemark><name>Trabajado - Cuartel 276 - Hilera 596</name><Style><LineStyle><color>ff00ff00</color><width>3</width></LineStyle></Style><LineString><coordinates>-70.8665916,-33.1979566,0 -70.8674549,-33.1933883,0</coordinates></LineString></Placemark><Placemark><name>Trabajado - Cuartel 276 - Hilera 597</name><Style><LineStyle><color>ff00ff00</color><width>3</width></LineStyle></Style><LineString><coordinates>-70.8674549,-33.1933883,0 -70.8665516,-33.1979616,0</coordinates></LineString></Placemark><Placemark><name>Trabajado - Cuartel 276 - Hilera 599</name><Style><LineStyle><color>ff00ff00</color><width>3</width></LineStyle></Style><LineString><coordinates>-70.86656402406909,-33.19794930760357,0 -70.8674883,-33.193365,0</coordinates></LineString></Placemark><Placemark><name>Trabajado - Cuartel 276 - Hilera 600</name><Style><LineStyle><color>ff00ff00</color><width>3</width></LineStyle></Style><LineString><coordinates>-70.8665449,-33.1979466,0 -70.867415,-33.1933,0</coordinates></LineString></Placemark><Placemark><name>Trabajado - Cuartel 276 - Hilera 601</name><Style><LineStyle><color>ff00ff00</color><width>3</width></LineStyle></Style><LineString><coordinates>-70.867415,-33.1933,0 -70.8664216,-33.1979933,0</coordinates></LineString></Placemark><Placemark><name>Trabajado - Cuartel 276 - Hilera 604</name><Style><LineStyle><color>ff00ff00</color><width>3</width></LineStyle></Style><LineString><coordinates>-70.8664897133468,-33.19799747539703,0 -70.86741227175246,-33.19325122760477,0</coordinates></LineString></Placemark><Placemark><name>Trabajado - Cuartel 276 - Hilera 606</name><Style><LineStyle><color>ff00ff00</color><width>3</width></LineStyle></Style><LineString><coordinates>-70.8673559638892,-33.1932341787858,0 -70.8663633,-33.1980183,0</coordinates></LineString></Placemark><Placemark><name>Trabajado - Cuartel 276 - Hilera 607</name><Style><LineStyle><color>ff00ff00</color><width>3</width></LineStyle></Style><LineString><coordinates>-70.86736568359979,-33.19321477341978,0 -70.8664016,-33.19799,0</coordinates></LineString></Placemark><Placemark><name>Trabajado - Cuartel 276 - Hilera 609</name><Style><LineStyle><color>ff00ff00</color><width>3</width></LineStyle></Style><LineString><coordinates>-70.8663566,-33.1978916,0 -70.86728,-33.19323,0</coordinates></LineString></Placemark><Placemark><name>Trabajado - Cuartel 276 - Hilera 610</name><Style><LineStyle><color>ff00ff00</color><width>3</width></LineStyle></Style><LineString><coordinates>-70.8672733,-33.1932166,0 -70.8663066,-33.19802,0</coordinates></LineString></Placemark><Placemark><name>Trabajado - Cuartel 276 - Hilera 612</name><Style><LineStyle><color>ff00ff00</color><width>3</width></LineStyle></Style><LineString><coordinates>-70.8672933,-33.1932716,0 -70.8662749,-33.1980616,0</coordinates></LineString></Placemark><Placemark><name>Trabajado - Cuartel 276 - Hilera 613</name><Style><LineStyle><color>ff00ff00</color><width>3</width></LineStyle></Style><LineString><coordinates>-70.8662749,-33.1980616,0 -70.867245,-33.1931533,0</coordinates></LineString></Placemark><Placemark><name>Trabajado - Cuartel 276 - Hilera 614</name><Style><LineStyle><color>ff00ff00</color><width>3</width></LineStyle></Style><LineString><coordinates>-70.867285,-33.19318,0 -70.8661916,-33.1980566,0</coordinates></LineString></Placemark><Placemark><name>Trabajado - Cuartel 276 - Hilera 616</name><Style><LineStyle><color>ff00ff00</color><width>3</width></LineStyle></Style><LineString><coordinates>-70.8671666,-33.1933533,0 -70.8662366,-33.1980016,0</coordinates></LineString></Placemark><Placemark><name>Trabajado - Cuartel 276 - Hilera 617</name><Style><LineStyle><color>ff00ff00</color><width>3</width></LineStyle></Style><LineString><coordinates>-70.8662083,-33.1979866,0 -70.8671333,-33.1932116,0</coordinates></LineString></Placemark><Placemark><name>Trabajado - Cuartel 276 - Hilera 618</name><Style><LineStyle><color>ff00ff00</color><width>3</width></LineStyle></Style><LineString><coordinates>-70.86716449838802,-33.193261899604586,0 -70.8661616,-33.198055,0</coordinates></LineString></Placemark><Placemark><name>Trabajado - Cuartel 276 - Hilera 619</name><Style><LineStyle><color>ff00ff00</color><width>3</width></LineStyle></Style><LineString><coordinates>-70.86717158178809,-33.193104741612025,0 -70.86616,-33.1980233,0</coordinates></LineString></Placemark><Placemark><name>Trabajado - Cuartel 276 - Hilera 621</name><Style><LineStyle><color>ff00ff00</color><width>3</width></LineStyle></Style><LineString><coordinates>-70.8661233,-33.1979516,0 -70.8670283,-33.1932183,0</coordinates></LineString></Placemark><Placemark><name>Trabajado - Cuartel 276 - Hilera 623</name><Style><LineStyle><color>ff00ff00</color><width>3</width></LineStyle></Style><LineString><coordinates>-70.8660616,-33.1980399,0 -70.8670833,-33.193215,0</coordinates></LineString></Placemark><Placemark><name>Trabajado - Cuartel 276 - Hilera 627</name><Style><LineStyle><color>ff00ff00</color><width>3</width></LineStyle></Style><LineString><coordinates>-70.8660583,-33.1979183,0 -70.8670483,-33.1930999,0</coordinates></LineString></Placemark><Placemark><name>Trabajado - Cuartel 276 - Hilera 645</name><Style><LineStyle><color>ff00ff00</color><width>3</width></LineStyle></Style><LineString><coordinates>-70.8715333,-33.1926266,0 -70.8711033,-33.1949116,0</coordinates></LineString></Placemark><Placemark><name>Trabajado - Cuartel 276 - Hilera 646</name><Style><LineStyle><color>ff00ff00</color><width>3</width></LineStyle></Style><LineString><coordinates>-70.8715649,-33.1925366,0 -70.8714783,-33.1926183,0</coordinates></LineString></Placemark><Placemark><name>Trabajado - Cuartel 276 - Hilera 648</name><Style><LineStyle><color>ff00ff00</color><width>3</width></LineStyle></Style><LineString><coordinates>-70.8709649,-33.1947666,0 -70.8714533,-33.192525,0</coordinates></LineString></Placemark><Placemark><name>Trabajado - Cuartel 276 - Hilera 649</name><Style><LineStyle><color>ff00ff00</color><width>3</width></LineStyle></Style><LineString><coordinates>-70.8715266,-33.1925316,0 -70.87096,-33.194875,0</coordinates></LineString></Placemark><Placemark><name>Trabajado - Cuartel 276 - Hilera 650</name><Style><LineStyle><color>ff00ff00</color><width>3</width></LineStyle></Style><LineString><coordinates>-70.86703,-33.1930983,0 -70.8659683,-33.1980333,0</coordinates></LineString></Placemark><Placemark><name>Trabajado - Cuartel 276 - Hilera 652</name><Style><LineStyle><color>ff00ff00</color><width>3</width></LineStyle></Style><LineString><coordinates>-70.86601900052626,-33.198064829316856,0 -70.86703185186933,-33.19300385489205,0</coordinates></LineString></Placemark><Placemark><name>Trabajado - Cuartel 276 - Hilera 653</name><Style><LineStyle><color>ff00ff00</color><width>3</width></LineStyle></Style><LineString><coordinates>-70.8659749,-33.1980366,0 -70.8669816,-33.19301,0</coordinates></LineString></Placemark><Placemark><name>Trabajado - Cuartel 276 - Hilera 686</name><Style><LineStyle><color>ff00ff00</color><width>3</width></LineStyle></Style><LineString><coordinates>-70.86659715880938,-33.192861567179335,0 -70.8655883,-33.1980283,0</coordinates></LineString></Placemark><Placemark><name>Trabajado - Cuartel 276 - Hilera 692</name><Style><LineStyle><color>ff00ff00</color><width>3</width></LineStyle></Style><LineString><coordinates>-70.86688091106438,-33.1931428415305,0 -70.8658799,-33.19792,0</coordinates></LineString></Placemark><Placemark><name>Trabajado - Cuartel 276 - Hilera 694</name><Style><LineStyle><color>ff00ff00</color><width>3</width></LineStyle></Style><LineString><coordinates>-70.86595634928135,-33.19800803523453,0 -70.866905,-33.1930999,0</coordinates></LineString></Placemark><Placemark><name>Trabajado - Cuartel 276 - Hilera 695</name><Style><LineStyle><color>ff00ff00</color><width>3</width></LineStyle></Style><LineString><coordinates>-70.8659133,-33.1980233,0 -70.8668383,-33.1930316,0</coordinates></LineString></Placemark><Placemark><name>Trabajado - Cuartel 276 - Hilera 699</name><Style><LineStyle><color>ff00ff00</color><width>3</width></LineStyle></Style><LineString><coordinates>-70.8658927863123,-33.197945154121214,0 -70.86681524992,-33.19295903414413,0</coordinates></LineString></Placemark><Placemark><name>Trabajado - Cuartel 276 - Hilera 709</name><Style><LineStyle><color>ff00ff00</color><width>3</width></LineStyle></Style><LineString><coordinates>-70.8667016,-33.1929766,0 -70.86562214123619,-33.198024428751715,0</coordinates></LineString></Placemark><Placemark><name>Trabajado - Cuartel 276 - Hilera 714</name><Style><LineStyle><color>ff00ff00</color><width>3</width></LineStyle></Style><LineString><coordinates>-70.86555212228669,-33.19796076488782,0 -70.8664966,-33.192865,0</coordinates></LineString></Placemark><Placemark><name>Trabajado - Cuartel 276 - Hilera 1004</name><Style><LineStyle><color>ff00ff00</color><width>3</width></LineStyle></Style><LineString><coordinates>-70.8710416,-33.1949866,0 -70.8706066,-33.1973416,0</coordinates></LineString></Placemark><Placemark><name>Trabajado - Cuartel 276 - Hilera 1005</name><Style><LineStyle><color>ff00ff00</color><width>3</width></LineStyle></Style><LineString><coordinates>-70.8706066,-33.1973416,0 -70.8715366,-33.1926583,0</coordinates></LineString></Placemark><Placemark><name>Trabajado - Cuartel 276 - Hilera 1006</name><Style><LineStyle><color>ff00ff00</color><width>3</width></LineStyle></Style><LineString><coordinates>-70.87158,-33.1926349,0 -70.8735083,-33.1928266,0</coordinates></LineString></Placemark><Placemark><name>Trabajado - Cuartel 276 - Hilera 1007</name><Style><LineStyle><color>ff00ff00</color><width>3</width></LineStyle></Style><LineString><coordinates>-70.8715943184734,-33.19264321815823,0 -70.870645,-33.19738,0</coordinates></LineString></Placemark><Placemark><name>Trabajado - Cuartel 276 - Hilera 1008</name><Style><LineStyle><color>ff00ff00</color><width>3</width></LineStyle></Style><LineString><coordinates>-70.87254509701354,-33.19277128985224,0 -70.8716133,-33.192555,0</coordinates></LineString></Placemark><Placemark><name>Trabajado - Cuartel 276 - Hilera 1009</name><Style><LineStyle><color>ff00ff00</color><width>3</width></LineStyle></Style><LineString><coordinates>-70.8715833,-33.1925783,0 -70.8706416,-33.1972566,0</coordinates></LineString></Placemark><Placemark><name>Trabajado - Cuartel 276 - Hilera 1010</name><Style><LineStyle><color>ff00ff00</color><width>3</width></LineStyle></Style><LineString><coordinates>-70.87166526700423,-33.19258862667296,0 -70.87071320778315,-33.19732682685842,0</coordinates></LineString></Placemark><Placemark><name>Trabajado - Cuartel 276 - Hilera 1011</name><Style><LineStyle><color>ff00ff00</color><width>3</width></LineStyle></Style><LineString><coordinates>-70.8707233,-33.1972766,0 -70.8716883,-33.1926433,0</coordinates></LineString></Placemark><Placemark><name>Trabajado - Cuartel 276 - Hilera 1012</name><Style><LineStyle><color>ff00ff00</color><width>3</width></LineStyle></Style><LineString><coordinates>-70.87186870336663,-33.19257333531223,0 -70.8716466,-33.1927116,0</coordinates></LineString></Placemark><Placemark><name>Trabajado - Cuartel 276 - Hilera 1013</name><Style><LineStyle><color>ff00ff00</color><width>3</width></LineStyle></Style><LineString><coordinates>-70.871715,-33.1925816,0 -70.87081,-33.1973366,0</coordinates></LineString></Placemark><Placemark><name>Trabajado - Cuartel 276 - Hilera 1014</name><Style><LineStyle><color>ff00ff00</color><width>3</width></LineStyle></Style><LineString><coordinates>-70.87081,-33.1973366,0 -70.8708449,-33.1974083,0</coordinates></LineString></Placemark><Placemark><name>Trabajado - Cuartel 276 - Hilera 1017</name><Style><LineStyle><color>ff00ff00</color><width>3</width></LineStyle></Style><LineString><coordinates>-70.870925,-33.1974483,0 -70.8707966,-33.1972333,0</coordinates></LineString></Placemark><Placemark><name>Trabajado - Cuartel 276 - Hilera 1018</name><Style><LineStyle><color>ff00ff00</color><width>3</width></LineStyle></Style><LineString><coordinates>-70.8707966,-33.1972333,0 -70.8717833,-33.192585,0</coordinates></LineString></Placemark><Placemark><name>Trabajado - Cuartel 276 - Hilera 1019</name><Style><LineStyle><color>ff00ff00</color><width>3</width></LineStyle></Style><LineString><coordinates>-70.87174096861918,-33.19263191751042,0 -70.8708316,-33.1974133,0</coordinates></LineString></Placemark><Placemark><name>Trabajado - Cuartel 276 - Hilera 1020</name><Style><LineStyle><color>ff00ff00</color><width>3</width></LineStyle></Style><LineString><coordinates>-70.871815,-33.1926116,0 -70.87094,-33.1973383,0</coordinates></LineString></Placemark><Placemark><name>Trabajado - Cuartel 276 - Hilera 1021</name><Style><LineStyle><color>ff00ff00</color><width>3</width></LineStyle></Style><LineString><coordinates>-70.8709216,-33.1973266,0 -70.8718466,-33.1926666,0</coordinates></LineString></Placemark><Placemark><name>Trabajado - Cuartel 276 - Hilera 1022</name><Style><LineStyle><color>ff00ff00</color><width>3</width></LineStyle></Style><LineString><coordinates>-70.8718333,-33.1926433,0 -70.8709483,-33.1973966,0</coordinates></LineString></Placemark><Placemark><name>Trabajado - Cuartel 276 - Hilera 1023</name><Style><LineStyle><color>ff00ff00</color><width>3</width></LineStyle></Style><LineString><coordinates>-70.8709483,-33.1973966,0 -70.8719183,-33.1926549,0</coordinates></LineString></Placemark><Placemark><name>Trabajado - Cuartel 276 - Hilera 1024</name><Style><LineStyle><color>ff00ff00</color><width>3</width></LineStyle></Style><LineString><coordinates>-70.8719183,-33.1926549,0 -70.87262006418983,-33.1926225786905,0</coordinates></LineString></Placemark><Placemark><name>Trabajado - Cuartel 276 - Hilera 1025</name><Style><LineStyle><color>ff00ff00</color><width>3</width></LineStyle></Style><LineString><coordinates>-70.8720116,-33.1926233,0 -70.8719316,-33.1926699,0</coordinates></LineString></Placemark><Placemark><name>Trabajado - Cuartel 276 - Hilera 1026</name><Style><LineStyle><color>ff00ff00</color><width>3</width></LineStyle></Style><LineString><coordinates>-70.8719316,-33.1926699,0 -70.8709766,-33.1974133,0</coordinates></LineString></Placemark><Placemark><name>Trabajado - Cuartel 276 - Hilera 1027</name><Style><LineStyle><color>ff00ff00</color><width>3</width></LineStyle></Style><LineString><coordinates>-70.87205,-33.1926349,0 -70.8709916,-33.1973883,0</coordinates></LineString></Placemark><Placemark><name>Trabajado - Cuartel 276 - Hilera 1028</name><Style><LineStyle><color>ff00ff00</color><width>3</width></LineStyle></Style><LineString><coordinates>-70.8719316,-33.1927133,0 -70.8720033,-33.1926616,0</coordinates></LineString></Placemark><Placemark><name>Trabajado - Cuartel 276 - Hilera 1029</name><Style><LineStyle><color>ff00ff00</color><width>3</width></LineStyle></Style><LineString><coordinates>-70.87199585989792,-33.19266702627216,0 -70.8710633,-33.1973933,0</coordinates></LineString></Placemark><Placemark><name>Trabajado - Cuartel 276 - Hilera 1030</name><Style><LineStyle><color>ff00ff00</color><width>3</width></LineStyle></Style><LineString><coordinates>-70.872005,-33.1926583,0 -70.87103,-33.1974066,0</coordinates></LineString></Placemark><Placemark><name>Trabajado - Cuartel 276 - Hilera 1031</name><Style><LineStyle><color>ff00ff00</color><width>3</width></LineStyle></Style><LineString><coordinates>-70.8710416,-33.1974033,0 -70.8719833,-33.1926566,0</coordinates></LineString></Placemark><Placemark><name>Trabajado - Cuartel 276 - Hilera 1032</name><Style><LineStyle><color>ff00ff00</color><width>3</width></LineStyle></Style><LineString><coordinates>-70.872055,-33.1926433,0 -70.87110382704385,-33.1973941321196,0</coordinates></LineString></Placemark><Placemark><name>Trabajado - Cuartel 276 - Hilera 1033</name><Style><LineStyle><color>ff00ff00</color><width>3</width></LineStyle></Style><LineString><coordinates>-70.87111,-33.1973633,0 -70.8719966,-33.1927033,0</coordinates></LineString></Placemark><Placemark><name>Trabajado - Cuartel 276 - Hilera 1034</name><Style><LineStyle><color>ff00ff00</color><width>3</width></LineStyle></Style><LineString><coordinates>-70.8720533,-33.1926833,0 -70.8719583,-33.192735,0</coordinates></LineString></Placemark><Placemark><name>Trabajado - Cuartel 276 - Hilera 1035</name><Style><LineStyle><color>ff00ff00</color><width>3</width></LineStyle></Style><LineString><coordinates>-70.8719583,-33.192735,0 -70.87111,-33.197395,0</coordinates></LineString></Placemark><Placemark><name>Trabajado - Cuartel 276 - Hilera 1036</name><Style><LineStyle><color>ff00ff00</color><width>3</width></LineStyle></Style><LineString><coordinates>-70.8721199,-33.1926983,0 -70.8712199,-33.1973833,0</coordinates></LineString></Placemark><Placemark><name>Trabajado - Cuartel 276 - Hilera 1037</name><Style><LineStyle><color>ff00ff00</color><width>3</width></LineStyle></Style><LineString><coordinates>-70.8712199,-33.1973833,0 -70.8721716,-33.1926433,0</coordinates></LineString></Placemark><Placemark><name>Trabajado - Cuartel 276 - Hilera 1046</name><Style><LineStyle><color>ff00ff00</color><width>3</width></LineStyle></Style><LineString><coordinates>-70.8720283,-33.1925533,0 -70.871545,-33.1925966,0</coordinates></LineString></Placemark><Placemark><name>Trabajado - Cuartel 276 - Hilera 1047</name><Style><LineStyle><color>ff00ff00</color><width>3</width></LineStyle></Style><LineString><coordinates>-70.870895,-33.1949783,0 -70.8705383,-33.1968849,0</coordinates></LineString></Placemark><Placemark><name>Trabajado - Cuartel 276 - Hilera 1048</name><Style><LineStyle><color>ff00ff00</color><width>3</width></LineStyle></Style><LineString><coordinates>-70.87052,-33.1968933,0 -70.870835,-33.1949033,0</coordinates></LineString></Placemark><Placemark><name>Trabajado - Cuartel 276 - Hilera 1049</name><Style><LineStyle><color>ff00ff00</color><width>3</width></LineStyle></Style><LineString><coordinates>-70.8702383,-33.19674,0 -70.8705466,-33.1947899,0</coordinates></LineString></Placemark><Placemark><name>Trabajado - Cuartel 276 - Hilera 1050</name><Style><LineStyle><color>ff00ff00</color><width>3</width></LineStyle></Style><LineString><coordinates>-70.8704933,-33.1947733,0 -70.8701016,-33.19671,0</coordinates></LineString></Placemark><Placemark><name>Trabajado - Cuartel 276 - Hilera 1051</name><Style><LineStyle><color>ff00ff00</color><width>3</width></LineStyle></Style><LineString><coordinates>-70.8700133,-33.19667,0 -70.8703466,-33.1947133,0</coordinates></LineString></Placemark><Placemark><name>Trabajado - Cuartel 276 - Hilera 1052</name><Style><LineStyle><color>ff00ff00</color><width>3</width></LineStyle></Style><LineString><coordinates>-70.8699216,-33.1967299,0 -70.87029,-33.1946433,0</coordinates></LineString></Placemark><Placemark><name>Trabajado - Cuartel 276 - Hilera 1053</name><Style><LineStyle><color>ff00ff00</color><width>3</width></LineStyle></Style><LineString><coordinates>-70.870305,-33.19466,0 -70.8698716,-33.1966899,0</coordinates></LineString></Placemark><Placemark><name>Trabajado - Cuartel 276 - Hilera 1054</name><Style><LineStyle><color>ff00ff00</color><width>3</width></LineStyle></Style><LineString><coordinates>-70.87013895908522,-33.19461823424717,0 -70.86969129752285,-33.19668299512311,0</coordinates></LineString></Placemark><Placemark><name>Trabajado - Cuartel 276 - Hilera 1055</name><Style><LineStyle><color>ff00ff00</color><width>3</width></LineStyle></Style><LineString><coordinates>-70.8700999,-33.1946383,0 -70.8696266,-33.1966633,0</coordinates></LineString></Placemark><Placemark><name>Trabajado - Cuartel 276 - Hilera 1056</name><Style><LineStyle><color>ff00ff00</color><width>3</width></LineStyle></Style><LineString><coordinates>-70.8696266,-33.1966633,0 -70.8700683,-33.1946066,0</coordinates></LineString></Placemark><Placemark><name>Trabajado - Cuartel 276 - Hilera 1057</name><Style><LineStyle><color>ff00ff00</color><width>3</width></LineStyle></Style><LineString><coordinates>-70.8700449,-33.1945499,0 -70.8695666,-33.1966666,0</coordinates></LineString></Placemark><Placemark><name>Trabajado - Cuartel 276 - Hilera 1058</name><Style><LineStyle><color>ff00ff00</color><width>3</width></LineStyle></Style><LineString><coordinates>-70.8699416,-33.1945399,0 -70.8695433,-33.1966283,0</coordinates></LineString></Placemark><Placemark><name>Trabajado - Cuartel 276 - Hilera 1059</name><Style><LineStyle><color>ff00ff00</color><width>3</width></LineStyle></Style><LineString><coordinates>-70.869495,-33.1962999,0 -70.8694583,-33.1966683,0</coordinates></LineString></Placemark><Placemark><name>Trabajado - Cuartel 276 - Hilera 1060</name><Style><LineStyle><color>ff00ff00</color><width>3</width></LineStyle></Style><LineString><coordinates>-70.8694583,-33.1966683,0 -70.8698649,-33.1945,0</coordinates></LineString></Placemark><Placemark><name>Trabajado - Cuartel 276 - Hilera 1061</name><Style><LineStyle><color>ff00ff00</color><width>3</width></LineStyle></Style><LineString><coordinates>-70.8698516,-33.1944883,0 -70.86932,-33.1966966,0</coordinates></LineString></Placemark><Placemark><name>Trabajado - Cuartel 276 - Hilera 1062</name><Style><LineStyle><color>ff00ff00</color><width>3</width></LineStyle></Style><LineString><coordinates>-70.869315,-33.1966899,0 -70.8697966,-33.1944416,0</coordinates></LineString></Placemark><Placemark><name>Trabajado - Cuartel 276 - Hilera 1063</name><Style><LineStyle><color>ff00ff00</color><width>3</width></LineStyle></Style><LineString><coordinates>-70.8698166,-33.1944799,0 -70.86924,-33.1968216,0</coordinates></LineString></Placemark><Placemark><name>Trabajado - Cuartel 276 - Hilera 1064</name><Style><LineStyle><color>ff00ff00</color><width>3</width></LineStyle></Style><LineString><coordinates>-70.8692499,-33.196795,0 -70.86917,-33.1968766,0</coordinates></LineString></Placemark><Placemark><name>Trabajado - Cuartel 276 - Hilera 1065</name><Style><LineStyle><color>ff00ff00</color><width>3</width></LineStyle></Style><LineString><coordinates>-70.86910366381373,-33.19694515851211,0 -70.8696533,-33.194365,0</coordinates></LineString></Placemark><Placemark><name>Trabajado - Cuartel 276 - Hilera 1066</name><Style><LineStyle><color>ff00ff00</color><width>3</width></LineStyle></Style><LineString><coordinates>-70.86893,-33.1969416,0 -70.8695166,-33.1943166,0</coordinates></LineString></Placemark><Placemark><name>Trabajado - Cuartel 276 - Hilera 1067</name><Style><LineStyle><color>ff00ff00</color><width>3</width></LineStyle></Style><LineString><coordinates>-70.8695366,-33.1943299,0 -70.8688833,-33.19698,0</coordinates></LineString></Placemark><Placemark><name>Trabajado - Cuartel 276 - Hilera 1068</name><Style><LineStyle><color>ff00ff00</color><width>3</width></LineStyle></Style><LineString><coordinates>-70.869465,-33.1942983,0 -70.8688516,-33.1969749,0</coordinates></LineString></Placemark><Placemark><name>Trabajado - Cuartel 276 - Hilera 1069</name><Style><LineStyle><color>ff00ff00</color><width>3</width></LineStyle></Style><LineString><coordinates>-70.8693233,-33.1941733,0 -70.8687983,-33.1969233,0</coordinates></LineString></Placemark><Placemark><name>Trabajado - Cuartel 276 - Hilera 1070</name><Style><LineStyle><color>ff00ff00</color><width>3</width></LineStyle></Style><LineString><coordinates>-70.8686666,-33.1969233,0 -70.8691866,-33.1941783,0</coordinates></LineString></Placemark><Placemark><name>Trabajado - Cuartel 276 - Hilera 1071</name><Style><LineStyle><color>ff00ff00</color><width>3</width></LineStyle></Style><LineString><coordinates>-70.8686066,-33.19693,0 -70.8691149,-33.1940883,0</coordinates></LineString></Placemark><Placemark><name>Trabajado - Cuartel 276 - Hilera 1072</name><Style><LineStyle><color>ff00ff00</color><width>3</width></LineStyle></Style><LineString><coordinates>-70.869085,-33.19411,0 -70.8685066,-33.1969583,0</coordinates></LineString></Placemark><Placemark><name>Trabajado - Cuartel 276 - Hilera 1073</name><Style><LineStyle><color>ff00ff00</color><width>3</width></LineStyle></Style><LineString><coordinates>-70.8684883,-33.1969616,0 -70.8689883,-33.1941066,0</coordinates></LineString></Placemark><Placemark><name>Trabajado - Cuartel 276 - Hilera 1074</name><Style><LineStyle><color>ff00ff00</color><width>3</width></LineStyle></Style><LineString><coordinates>-70.8689883,-33.1941066,0 -70.86846,-33.1969183,0</coordinates></LineString></Placemark><Placemark><name>Trabajado - Cuartel 276 - Hilera 1075</name><Style><LineStyle><color>ff00ff00</color><width>3</width></LineStyle></Style><LineString><coordinates>-70.86846,-33.1969183,0 -70.868955,-33.1940683,0</coordinates></LineString></Placemark><Placemark><name>Trabajado - Cuartel 276 - Hilera 1076</name><Style><LineStyle><color>ff00ff00</color><width>3</width></LineStyle></Style><LineString><coordinates>-70.8683749,-33.196905,0 -70.8688883,-33.1939816,0</coordinates></LineString></Placemark><Placemark><name>Trabajado - Cuartel 276 - Hilera 1077</name><Style><LineStyle><color>ff00ff00</color><width>3</width></LineStyle></Style><LineString><coordinates>-70.8683066,-33.1969333,0 -70.8688083,-33.19397,0</coordinates></LineString></Placemark><Placemark><name>Trabajado - Cuartel 276 - Hilera 1078</name><Style><LineStyle><color>ff00ff00</color><width>3</width></LineStyle></Style><LineString><coordinates>-70.8688083,-33.19397,0 -70.8682149,-33.1968849,0</coordinates></LineString></Placemark><Placemark><name>Trabajado - Cuartel 276 - Hilera 1079</name><Style><LineStyle><color>ff00ff00</color><width>3</width></LineStyle></Style><LineString><coordinates>-70.8687483,-33.1939883,0 -70.8682283,-33.1965316,0</coordinates></LineString></Placemark><Placemark><name>Trabajado - Cuartel 276 - Hilera 1080</name><Style><LineStyle><color>ff00ff00</color><width>3</width></LineStyle></Style><LineString><coordinates>-70.8682166,-33.1965183,0 -70.8686883,-33.19395,0</coordinates></LineString></Placemark><Placemark><name>Trabajado - Cuartel 276 - Hilera 1081</name><Style><LineStyle><color>ff00ff00</color><width>3</width></LineStyle></Style><LineString><coordinates>-70.8686666,-33.1939549,0 -70.8680216,-33.1972316,0</coordinates></LineString></Placemark><Placemark><name>Trabajado - Cuartel 276 - Hilera 1082</name><Style><LineStyle><color>ff00ff00</color><width>3</width></LineStyle></Style><LineString><coordinates>-70.8680333,-33.1972166,0 -70.8686633,-33.1938416,0</coordinates></LineString></Placemark><Placemark><name>Trabajado - Cuartel 276 - Hilera 1083</name><Style><LineStyle><color>ff00ff00</color><width>3</width></LineStyle></Style><LineString><coordinates>-70.8686199,-33.1938433,0 -70.86788,-33.1975916,0</coordinates></LineString></Placemark><Placemark><name>Trabajado - Cuartel 276 - Hilera 1084</name><Style><LineStyle><color>ff00ff00</color><width>3</width></LineStyle></Style><LineString><coordinates>-70.8678583,-33.197565,0 -70.8685716,-33.1938233,0</coordinates></LineString></Placemark><Placemark><name>Trabajado - Cuartel 276 - Hilera 1085</name><Style><LineStyle><color>ff00ff00</color><width>3</width></LineStyle></Style><LineString><coordinates>-70.8685516,-33.1938366,0 -70.867815,-33.1976683,0</coordinates></LineString></Placemark><Placemark><name>Trabajado - Cuartel 276 - Hilera 1086</name><Style><LineStyle><color>ff00ff00</color><width>3</width></LineStyle></Style><LineString><coordinates>-70.86848,-33.1937983,0 -70.8676683,-33.1978566,0</coordinates></LineString></Placemark><Placemark><name>Trabajado - Cuartel 276 - Hilera 1087</name><Style><LineStyle><color>ff00ff00</color><width>3</width></LineStyle></Style><LineString><coordinates>-70.8683616,-33.1937783,0 -70.8675516,-33.1978816,0</coordinates></LineString></Placemark><Placemark><name>Trabajado - Cuartel 276 - Hilera 1088</name><Style><LineStyle><color>ff00ff00</color><width>3</width></LineStyle></Style><LineString><coordinates>-70.8675516,-33.1978816,0 -70.8683183,-33.1937066,0</coordinates></LineString></Placemark><Placemark><name>Trabajado - Cuartel 276 - Hilera 1089</name><Style><LineStyle><color>ff00ff00</color><width>3</width></LineStyle></Style><LineString><coordinates>-70.8682899,-33.1936933,0 -70.86749604859199,-33.19789521687666,0</coordinates></LineString></Placemark><Placemark><name>Trabajado - Cuartel 276 - Hilera 1091</name><Style><LineStyle><color>ff00ff00</color><width>3</width></LineStyle></Style><LineString><coordinates>-70.8682933,-33.19371,0 -70.8673716,-33.197985,0</coordinates></LineString></Placemark><Placemark><name>Trabajado - Cuartel 276 - Hilera 1092</name><Style><LineStyle><color>ff00ff00</color><width>3</width></LineStyle></Style><LineString><coordinates>-70.8673716,-33.197985,0 -70.8682383,-33.193615,0</coordinates></LineString></Placemark><Placemark><name>Trabajado - Cuartel 276 - Hilera 1093</name><Style><LineStyle><color>ff00ff00</color><width>3</width></LineStyle></Style><LineString><coordinates>-70.86733,-33.1979333,0 -70.8681216,-33.19365,0</coordinates></LineString></Placemark><Placemark><name>Trabajado - Cuartel 276 - Hilera 1094</name><Style><LineStyle><color>ff00ff00</color><width>3</width></LineStyle></Style><LineString><coordinates>-70.8672566,-33.1979616,0 -70.8680266,-33.1936383,0</coordinates></LineString></Placemark><Placemark><name>Trabajado - Cuartel 276 - Hilera 1095</name><Style><LineStyle><color>ff00ff00</color><width>3</width></LineStyle></Style><LineString><coordinates>-70.8671533,-33.1979833,0 -70.867965,-33.1936383,0</coordinates></LineString></Placemark><Placemark><name>Trabajado - Cuartel 276 - Hilera 1096</name><Style><LineStyle><color>ff00ff00</color><width>3</width></LineStyle></Style><LineString><coordinates>-70.8678399,-33.193545,0 -70.8669166,-33.1979183,0</coordinates></LineString></Placemark><Placemark><name>Trabajado - Cuartel 276 - Hilera 1097</name><Style><LineStyle><color>ff00ff00</color><width>3</width></LineStyle></Style><LineString><coordinates>-70.8676183,-33.1934516,0 -70.8667616,-33.1979616,0</coordinates></LineString></Placemark><Placemark><name>Trabajado - Cuartel 276 - Hilera 1098</name><Style><LineStyle><color>ff00ff00</color><width>3</width></LineStyle></Style><LineString><coordinates>-70.8667333,-33.1979583,0 -70.867595,-33.1933816,0</coordinates></LineString></Placemark><Placemark><name>Trabajado - Cuartel 276 - Hilera 1100</name><Style><LineStyle><color>ff00ff00</color><width>3</width></LineStyle></Style><LineString><coordinates>-70.8675683,-33.193445,0 -70.86664,-33.198,0</coordinates></LineString></Placemark><Placemark><name>Trabajado - Cuartel 276 - Hilera 1101</name><Style><LineStyle><color>ff00ff00</color><width>3</width></LineStyle></Style><LineString><coordinates>-70.86751682541782,-33.19331536983885,0 -70.8665266,-33.1979683,0</coordinates></LineString></Placemark><Placemark><name>Trabajado - Cuartel 276 - Hilera 1102</name><Style><LineStyle><color>ff00ff00</color><width>3</width></LineStyle></Style><LineString><coordinates>-70.8674316,-33.1933399,0 -70.8664583,-33.1979616,0</coordinates></LineString></Placemark><Placemark><name>Trabajado - Cuartel 276 - Hilera 1103</name><Style><LineStyle><color>ff00ff00</color><width>3</width></LineStyle></Style><LineString><coordinates>-70.8664583,-33.1979616,0 -70.8673933,-33.1932683,0</coordinates></LineString></Placemark><Placemark><name>Trabajado - Cuartel 276 - Hilera 1104</name><Style><LineStyle><color>ff00ff00</color><width>3</width></LineStyle></Style><LineString><coordinates>-70.8673933,-33.1932683,0 -70.8664166,-33.1979483,0</coordinates></LineString></Placemark><Placemark><name>Trabajado - Cuartel 276 - Hilera 1105</name><Style><LineStyle><color>ff00ff00</color><width>3</width></LineStyle></Style><LineString><coordinates>-70.8715616,-33.1926,0 -70.8720666,-33.1925733,0</coordinates></LineString></Placemark><Placemark><name>Trabajado - Cuartel 276 - Hilera 1118</name><Style><LineStyle><color>ff00ff00</color><width>3</width></LineStyle></Style><LineString><coordinates>-70.867285,-33.1931733,0 -70.8662616,-33.19797,0</coordinates></LineString></Placemark><Placemark><name>Trabajado - Cuartel 276 - Hilera 1119</name><Style><LineStyle><color>ff00ff00</color><width>3</width></LineStyle></Style><LineString><coordinates>-70.8662616,-33.19797,0 -70.8672299,-33.1931266,0</coordinates></LineString></Placemark><Placemark><name>Trabajado - Cuartel 276 - Hilera 1120</name><Style><LineStyle><color>ff00ff00</color><width>3</width></LineStyle></Style><LineString><coordinates>-70.867185,-33.1931416,0 -70.8662183,-33.1980249,0</coordinates></LineString></Placemark><Placemark><name>Trabajado - Cuartel 276 - Hilera 1121</name><Style><LineStyle><color>ff00ff00</color><width>3</width></LineStyle></Style><LineString><coordinates>-70.8671116,-33.1931116,0 -70.8661283,-33.19802,0</coordinates></LineString></Placemark><Placemark><name>Trabajado - Cuartel 276 - Hilera 1122</name><Style><LineStyle><color>ff00ff00</color><width>3</width></LineStyle></Style><LineString><coordinates>-70.8660816,-33.19798,0 -70.8670783,-33.1930299,0</coordinates></LineString></Placemark><Placemark><name>Trabajado - Cuartel 276 - Hilera 1123</name><Style><LineStyle><color>ff00ff00</color><width>3</width></LineStyle></Style><LineString><coordinates>-70.86593342663353,-33.19802072554398,0 -70.86694383728035,-33.193007198905015,0</coordinates></LineString></Placemark><Placemark><name>Trabajado - Cuartel 276 - Hilera 1127</name><Style><LineStyle><color>ff00ff00</color><width>3</width></LineStyle></Style><LineString><coordinates>-70.86675968856937,-33.192928256510456,0 -70.8657866,-33.1978216,0</coordinates></LineString></Placemark><Placemark><name>Trabajado - Cuartel 276 - Hilera 1237</name><Style><LineStyle><color>ff00ff00</color><width>3</width></LineStyle></Style><LineString><coordinates>-70.8708566,-33.1948783,0 -70.8704549,-33.1967,0</coordinates></LineString></Placemark><Placemark><name>Trabajado - Cuartel 276 - Hilera 1238</name><Style><LineStyle><color>ff00ff00</color><width>3</width></LineStyle></Style><LineString><coordinates>-70.870425,-33.1969633,0 -70.870755,-33.1948516,0</coordinates></LineString></Placemark><Placemark><name>Trabajado - Cuartel 276 - Hilera 1239</name><Style><LineStyle><color>ff00ff00</color><width>3</width></LineStyle></Style><LineString><coordinates>-70.870755,-33.1948516,0 -70.8703216,-33.1968466,0</coordinates></LineString></Placemark><Placemark><name>Trabajado - Cuartel 276 - Hilera 1241</name><Style><LineStyle><color>ff00ff00</color><width>3</width></LineStyle></Style><LineString><coordinates>-70.8709666,-33.1948549,0 -70.8714616,-33.192545,0</coordinates></LineString></Placemark><Placemark><name>Trabajado - Cuartel 276 - Hilera 1242</name><Style><LineStyle><color>ff00ff00</color><width>3</width></LineStyle></Style><LineString><coordinates>-70.871065,-33.19489,0 -70.871515,-33.1925966,0</coordinates></LineString></Placemark><Placemark><name>Trabajado - Cuartel 276 - Hilera 1265</name><Style><LineStyle><color>ff00ff00</color><width>3</width></LineStyle></Style><LineString><coordinates>-70.87223,-33.1926066,0 -70.8719916,-33.1937516,0</coordinates></LineString></Placemark><Placemark><name>Trabajado - Cuartel 276 - Hilera 1266</name><Style><LineStyle><color>ff00ff00</color><width>3</width></LineStyle></Style><LineString><coordinates>-70.87202,-33.19376,0 -70.87127,-33.1973633,0</coordinates></LineString></Placemark><Placemark><name>Trabajado - Cuartel 276 - Hilera 1267</name><Style><LineStyle><color>ff00ff00</color><width>3</width></LineStyle></Style><LineString><coordinates>-70.8717366,-33.195115,0 -70.87221,-33.1926316,0</coordinates></LineString></Placemark><Placemark><name>Trabajado - Cuartel 276 - Hilera 1268</name><Style><LineStyle><color>ff00ff00</color><width>3</width></LineStyle></Style><LineString><coordinates>-70.87218863455455,-33.19261959853624,0 -70.8712583,-33.1974066,0</coordinates></LineString></Placemark><Placemark><name>Trabajado - Cuartel 276 - Hilera 1269</name><Style><LineStyle><color>ff00ff00</color><width>3</width></LineStyle></Style><LineString><coordinates>-70.8722916127761,-33.19263444505492,0 -70.87136468881013,-33.19735986876751,0</coordinates></LineString></Placemark><Placemark><name>Trabajado - Cuartel 276 - Hilera 1270</name><Style><LineStyle><color>ff00ff00</color><width>3</width></LineStyle></Style><LineString><coordinates>-70.8719283,-33.1944866,0 -70.87132108024045,-33.1971743781455,0</coordinates></LineString></Placemark><Placemark><name>Trabajado - Cuartel 276 - Hilera 1271</name><Style><LineStyle><color>ff00ff00</color><width>3</width></LineStyle></Style><LineString><coordinates>-70.8714416,-33.196585,0 -70.8712883,-33.1974166,0</coordinates></LineString></Placemark><Placemark><name>Trabajado - Cuartel 276 - Hilera 1272</name><Style><LineStyle><color>ff00ff00</color><width>3</width></LineStyle></Style><LineString><coordinates>-70.871335,-33.1973266,0 -70.871325,-33.197175,0</coordinates></LineString></Placemark><Placemark><name>Trabajado - Cuartel 276 - Hilera 1274</name><Style><LineStyle><color>ff00ff00</color><width>3</width></LineStyle></Style><LineString><coordinates>-70.8723183,-33.1926483,0 -70.8719666,-33.194375,0</coordinates></LineString></Placemark><Placemark><name>Trabajado - Cuartel 276 - Hilera 1275</name><Style><LineStyle><color>ff00ff00</color><width>3</width></LineStyle></Style><LineString><coordinates>-70.8719666,-33.194375,0 -70.8713133,-33.197355,0</coordinates></LineString></Placemark><Placemark><name>Trabajado - Cuartel 276 - Hilera 1276</name><Style><LineStyle><color>ff00ff00</color><width>3</width></LineStyle></Style><LineString><coordinates>-70.8723133,-33.1926716,0 -70.87171519535896,-33.195936395434295,0</coordinates></LineString></Placemark><Placemark><name>Trabajado - Cuartel 276 - Hilera 1277</name><Style><LineStyle><color>ff00ff00</color><width>3</width></LineStyle></Style><LineString><coordinates>-70.8718749,-33.1949199,0 -70.87139992323588,-33.1973929801038,0</coordinates></LineString></Placemark><Placemark><name>Trabajado - Cuartel 276 - Hilera 1278</name><Style><LineStyle><color>ff00ff00</color><width>3</width></LineStyle></Style><LineString><coordinates>-70.8713849,-33.19737,0 -70.87174711372292,-33.1959960207198,0</coordinates></LineString></Placemark><Placemark><name>Trabajado - Cuartel 276 - Hilera 1279</name><Style><LineStyle><color>ff00ff00</color><width>3</width></LineStyle></Style><LineString><coordinates>-70.8717416,-33.195995,0 -70.871855,-33.1952233,0</coordinates></LineString></Placemark><Placemark><name>Trabajado - Cuartel 276 - Hilera 1280</name><Style><LineStyle><color>ff00ff00</color><width>3</width></LineStyle></Style><LineString><coordinates>-70.87147376407435,-33.19736337231319,0 -70.8723883,-33.19264,0</coordinates></LineString></Placemark><Placemark><name>Trabajado - Cuartel 276 - Hilera 1281</name><Style><LineStyle><color>ff00ff00</color><width>3</width></LineStyle></Style><LineString><coordinates>-70.8725416,-33.192615,0 -70.8723733,-33.1926583,0</coordinates></LineString></Placemark><Placemark><name>Trabajado - Cuartel 276 - Hilera 1282</name><Style><LineStyle><color>ff00ff00</color><width>3</width></LineStyle></Style><LineString><coordinates>-70.8723733,-33.1926583,0 -70.87139859527278,-33.19739264276004,0</coordinates></LineString></Placemark><Placemark><name>Trabajado - Cuartel 276 - Hilera 1283</name><Style><LineStyle><color>ff00ff00</color><width>3</width></LineStyle></Style><LineString><coordinates>-70.8720266,-33.194425,0 -70.872415,-33.19264,0</coordinates></LineString></Placemark><Placemark><name>Trabajado - Cuartel 276 - Hilera 1284</name><Style><LineStyle><color>ff00ff00</color><width>3</width></LineStyle></Style><LineString><coordinates>-70.8724516,-33.1926466,0 -70.87148349481629,-33.19744257733849,0</coordinates></LineString></Placemark><Placemark><name>Trabajado - Cuartel 276 - Hilera 1285</name><Style><LineStyle><color>ff00ff00</color><width>3</width></LineStyle></Style><LineString><coordinates>-70.8715216,-33.1973499,0 -70.8719366,-33.1950766,0</coordinates></LineString></Placemark><Placemark><name>Trabajado - Cuartel 276 - Hilera 1286</name><Style><LineStyle><color>ff00ff00</color><width>3</width></LineStyle></Style><LineString><coordinates>-70.8719366,-33.1950766,0 -70.872485,-33.1926733,0</coordinates></LineString></Placemark><Placemark><name>Trabajado - Cuartel 276 - Hilera 1287</name><Style><LineStyle><color>ff00ff00</color><width>3</width></LineStyle></Style><LineString><coordinates>-70.8725333,-33.1926233,0 -70.8723966,-33.19271,0</coordinates></LineString></Placemark><Placemark><name>Trabajado - Cuartel 276 - Hilera 1288</name><Style><LineStyle><color>ff00ff00</color><width>3</width></LineStyle></Style><LineString><coordinates>-70.8723966,-33.19271,0 -70.8716883,-33.1965166,0</coordinates></LineString></Placemark><Placemark><name>Trabajado - Cuartel 276 - Hilera 1289</name><Style><LineStyle><color>ff00ff00</color><width>3</width></LineStyle></Style><LineString><coordinates>-70.8714766,-33.1974416,0 -70.8724816,-33.1926666,0</coordinates></LineString></Placemark><Placemark><name>Trabajado - Cuartel 276 - Hilera 1290</name><Style><LineStyle><color>ff00ff00</color><width>3</width></LineStyle></Style><LineString><coordinates>-70.8724816,-33.1926666,0 -70.8715783,-33.19745,0</coordinates></LineString></Placemark><Placemark><name>Trabajado - Cuartel 276 - Hilera 1291</name><Style><LineStyle><color>ff00ff00</color><width>3</width></LineStyle></Style><LineString><coordinates>-70.8715483,-33.197445,0 -70.8718066,-33.1961316,0</coordinates></LineString></Placemark><Placemark><name>Trabajado - Cuartel 276 - Hilera 1293</name><Style><LineStyle><color>ff00ff00</color><width>3</width></LineStyle></Style><LineString><coordinates>-70.8725483,-33.1927616,0 -70.8716321022278,-33.197507101735646,0</coordinates></LineString></Placemark><Placemark><name>Trabajado - Cuartel 276 - Hilera 1295</name><Style><LineStyle><color>ff00ff00</color><width>3</width></LineStyle></Style><LineString><coordinates>-70.8718366,-33.1962866,0 -70.87258,-33.1927049,0</coordinates></LineString></Placemark><Placemark><name>Trabajado - Cuartel 276 - Hilera 1296</name><Style><LineStyle><color>ff00ff00</color><width>3</width></LineStyle></Style><LineString><coordinates>-70.87204359159927,-33.19260082111023,0 -70.87351625130555,-33.19282933727155,0</coordinates></LineString></Placemark><Placemark><name>Trabajado - Cuartel 276 - Hilera 1297</name><Style><LineStyle><color>ff00ff00</color><width>3</width></LineStyle></Style><LineString><coordinates>-70.8734633,-33.1927766,0 -70.872575,-33.192675,0</coordinates></LineString></Placemark><Placemark><name>Trabajado - Cuartel 276 - Hilera 1298</name><Style><LineStyle><color>ff00ff00</color><width>3</width></LineStyle></Style><LineString><coordinates>-70.8732378164406,-33.19289990857596,0 -70.872475,-33.1926116,0</coordinates></LineString></Placemark><Placemark><name>Trabajado - Cuartel 276 - Hilera 1299</name><Style><LineStyle><color>ff00ff00</color><width>3</width></LineStyle></Style><LineString><coordinates>-70.8724433,-33.1926416,0 -70.8724949,-33.1933183,0</coordinates></LineString></Placemark><Placemark><name>Trabajado - Cuartel 276 - Hilera 1300</name><Style><LineStyle><color>ff00ff00</color><width>3</width></LineStyle></Style><LineString><coordinates>-70.8724949,-33.1933183,0 -70.8724133,-33.1934516,0</coordinates></LineString></Placemark><Placemark><name>Trabajado - Cuartel 276 - Hilera 1301</name><Style><LineStyle><color>ff00ff00</color><width>3</width></LineStyle></Style><LineString><coordinates>-70.8724133,-33.1934516,0 -70.8723083,-33.1942283,0</coordinates></LineString></Placemark><Placemark><name>Trabajado - Cuartel 276 - Hilera 1302</name><Style><LineStyle><color>ff00ff00</color><width>3</width></LineStyle></Style><LineString><coordinates>-70.8722866,-33.19423,0 -70.871685,-33.1971166,0</coordinates></LineString></Placemark><Placemark><name>Trabajado - Cuartel 276 - Hilera 1303</name><Style><LineStyle><color>ff00ff00</color><width>3</width></LineStyle></Style><LineString><coordinates>-70.8716466,-33.1974666,0 -70.8725816,-33.1927449,0</coordinates></LineString></Placemark><Placemark><name>Trabajado - Cuartel 276 - Hilera 1304</name><Style><LineStyle><color>ff00ff00</color><width>3</width></LineStyle></Style><LineString><coordinates>-70.8725816,-33.1927449,0 -70.872805,-33.1926933,0</coordinates></LineString></Placemark><Placemark><name>Trabajado - Cuartel 276 - Hilera 1305</name><Style><LineStyle><color>ff00ff00</color><width>3</width></LineStyle></Style><LineString><coordinates>-70.87274054150177,-33.19266620527528,0 -70.8726283,-33.1927633,0</coordinates></LineString></Placemark><Placemark><name>Trabajado - Cuartel 276 - Hilera 1306</name><Style><LineStyle><color>ff00ff00</color><width>3</width></LineStyle></Style><LineString><coordinates>-70.8726283,-33.1927633,0 -70.872335,-33.1945283,0</coordinates></LineString></Placemark><Placemark><name>Trabajado - Cuartel 276 - Hilera 1307</name><Style><LineStyle><color>ff00ff00</color><width>3</width></LineStyle></Style><LineString><coordinates>-70.8722866,-33.1945516,0 -70.8721766,-33.1953683,0</coordinates></LineString></Placemark><Placemark><name>Trabajado - Cuartel 276 - Hilera 1308</name><Style><LineStyle><color>ff00ff00</color><width>3</width></LineStyle></Style><LineString><coordinates>-70.87270102912488,-33.19270872168025,0 -70.87173163244667,-33.1974859249293,0</coordinates></LineString></Placemark><Placemark><name>Trabajado - Cuartel 276 - Hilera 1309</name><Style><LineStyle><color>ff00ff00</color><width>3</width></LineStyle></Style><LineString><coordinates>-70.8719683,-33.1961216,0 -70.8719233,-33.1965483,0</coordinates></LineString></Placemark><Placemark><name>Trabajado - Cuartel 276 - Hilera 1310</name><Style><LineStyle><color>ff00ff00</color><width>3</width></LineStyle></Style><LineString><coordinates>-70.87175715289052,-33.19744795336874,0 -70.8722466,-33.1946249,0</coordinates></LineString></Placemark><Placemark><name>Trabajado - Cuartel 276 - Hilera 1311</name><Style><LineStyle><color>ff00ff00</color><width>3</width></LineStyle></Style><LineString><coordinates>-70.87228,-33.1946066,0 -70.8726866,-33.1926866,0</coordinates></LineString></Placemark><Placemark><name>Trabajado - Cuartel 276 - Hilera 1312</name><Style><LineStyle><color>ff00ff00</color><width>3</width></LineStyle></Style><LineString><coordinates>-70.8726383,-33.1927516,0 -70.8724949,-33.1938366,0</coordinates></LineString></Placemark><Placemark><name>Trabajado - Cuartel 276 - Hilera 1313</name><Style><LineStyle><color>ff00ff00</color><width>3</width></LineStyle></Style><LineString><coordinates>-70.8724949,-33.1938366,0 -70.87171502597754,-33.197476012104865,0</coordinates></LineString></Placemark><Placemark><name>Trabajado - Cuartel 276 - Hilera 1314</name><Style><LineStyle><color>ff00ff00</color><width>3</width></LineStyle></Style><LineString><coordinates>-70.8717083,-33.197475,0 -70.87267,-33.1926916,0</coordinates></LineString></Placemark><Placemark><name>Trabajado - Cuartel 276 - Hilera 1315</name><Style><LineStyle><color>ff00ff00</color><width>3</width></LineStyle></Style><LineString><coordinates>-70.87220149372658,-33.19510484922178,0 -70.8719483,-33.1968116,0</coordinates></LineString></Placemark><Placemark><name>Trabajado - Cuartel 276 - Hilera 1316</name><Style><LineStyle><color>ff00ff00</color><width>3</width></LineStyle></Style><LineString><coordinates>-70.8718716,-33.1968366,0 -70.8717899,-33.19748,0</coordinates></LineString></Placemark><Placemark><name>Trabajado - Cuartel 276 - Hilera 1318</name><Style><LineStyle><color>ff00ff00</color><width>3</width></LineStyle></Style><LineString><coordinates>-70.8722833,-33.1950633,0 -70.8727633,-33.1927283,0</coordinates></LineString></Placemark><Placemark><name>Trabajado - Cuartel 276 - Hilera 1319</name><Style><LineStyle><color>ff00ff00</color><width>3</width></LineStyle></Style><LineString><coordinates>-70.87279,-33.1926916,0 -70.8727266,-33.192755,0</coordinates></LineString></Placemark><Placemark><name>Trabajado - Cuartel 276 - Hilera 1320</name><Style><LineStyle><color>ff00ff00</color><width>3</width></LineStyle></Style><LineString><coordinates>-70.87274492711687,-33.19265507088677,0 -70.8724833,-33.1940816,0</coordinates></LineString></Placemark><Placemark><name>Trabajado - Cuartel 276 - Hilera 1321</name><Style><LineStyle><color>ff00ff00</color><width>3</width></LineStyle></Style><LineString><coordinates>-70.87246,-33.1940783,0 -70.8717624376816,-33.197469153123045,0</coordinates></LineString></Placemark><Placemark><name>Trabajado - Cuartel 276 - Hilera 1322</name><Style><LineStyle><color>ff00ff00</color><width>3</width></LineStyle></Style><LineString><coordinates>-70.8718116,-33.1973116,0 -70.8724083,-33.1942133,0</coordinates></LineString></Placemark><Placemark><name>Trabajado - Cuartel 276 - Hilera 1324</name><Style><LineStyle><color>ff00ff00</color><width>3</width></LineStyle></Style><LineString><coordinates>-70.872825,-33.1927383,0 -70.8728066,-33.19283,0</coordinates></LineString></Placemark><Placemark><name>Trabajado - Cuartel 276 - Hilera 1325</name><Style><LineStyle><color>ff00ff00</color><width>3</width></LineStyle></Style><LineString><coordinates>-70.8728066,-33.19283,0 -70.8727716,-33.1926583,0</coordinates></LineString></Placemark><Placemark><name>Trabajado - Cuartel 276 - Hilera 1326</name><Style><LineStyle><color>ff00ff00</color><width>3</width></LineStyle></Style><LineString><coordinates>-70.8727266,-33.19274,0 -70.87278,-33.1928216,0</coordinates></LineString></Placemark><Placemark><name>Trabajado - Cuartel 276 - Hilera 1327</name><Style><LineStyle><color>ff00ff00</color><width>3</width></LineStyle></Style><LineString><coordinates>-70.87278,-33.1928216,0 -70.8718433,-33.197565,0</coordinates></LineString></Placemark><Placemark><name>Trabajado - Cuartel 276 - Hilera 1328</name><Style><LineStyle><color>ff00ff00</color><width>3</width></LineStyle></Style><LineString><coordinates>-70.8718433,-33.197565,0 -70.8728383,-33.1927716,0</coordinates></LineString></Placemark><Placemark><name>Trabajado - Cuartel 276 - Hilera 1329</name><Style><LineStyle><color>ff00ff00</color><width>3</width></LineStyle></Style><LineString><coordinates>-70.87284,-33.1927449,0 -70.8718766,-33.1975716,0</coordinates></LineString></Placemark><Placemark><name>Trabajado - Cuartel 276 - Hilera 1330</name><Style><LineStyle><color>ff00ff00</color><width>3</width></LineStyle></Style><LineString><coordinates>-70.8728333,-33.1927933,0 -70.8719833,-33.197545,0</coordinates></LineString></Placemark><Placemark><name>Trabajado - Cuartel 276 - Hilera 1331</name><Style><LineStyle><color>ff00ff00</color><width>3</width></LineStyle></Style><LineString><coordinates>-70.87197960729262,-33.19756354695939,0 -70.87293638721874,-33.19275803256739,0</coordinates></LineString></Placemark><Placemark><name>Trabajado - Cuartel 276 - Hilera 1332</name><Style><LineStyle><color>ff00ff00</color><width>3</width></LineStyle></Style><LineString><coordinates>-70.87288,-33.19278,0 -70.8719333,-33.1974766,0</coordinates></LineString></Placemark><Placemark><name>Trabajado - Cuartel 276 - Hilera 1333</name><Style><LineStyle><color>ff00ff00</color><width>3</width></LineStyle></Style><LineString><coordinates>-70.8718916,-33.19752,0 -70.8729383,-33.1927583,0</coordinates></LineString></Placemark><Placemark><name>Trabajado - Cuartel 276 - Hilera 1334</name><Style><LineStyle><color>ff00ff00</color><width>3</width></LineStyle></Style><LineString><coordinates>-70.8729316,-33.1928116,0 -70.8730683,-33.192735,0</coordinates></LineString></Placemark><Placemark><name>Trabajado - Cuartel 276 - Hilera 1335</name><Style><LineStyle><color>ff00ff00</color><width>3</width></LineStyle></Style><LineString><coordinates>-70.8729866,-33.192765,0 -70.87202,-33.1975483,0</coordinates></LineString></Placemark><Placemark><name>Trabajado - Cuartel 276 - Hilera 1336</name><Style><LineStyle><color>ff00ff00</color><width>3</width></LineStyle></Style><LineString><coordinates>-70.873015,-33.19276,0 -70.872105,-33.1974383,0</coordinates></LineString></Placemark><Placemark><name>Trabajado - Cuartel 276 - Hilera 1337</name><Style><LineStyle><color>ff00ff00</color><width>3</width></LineStyle></Style><LineString><coordinates>-70.8720699,-33.1974383,0 -70.873065,-33.1927916,0</coordinates></LineString></Placemark><Placemark><name>Trabajado - Cuartel 276 - Hilera 1338</name><Style><LineStyle><color>ff00ff00</color><width>3</width></LineStyle></Style><LineString><coordinates>-70.87304172292653,-33.19276363026423,0 -70.87211,-33.1974816,0</coordinates></LineString></Placemark><Placemark><name>Trabajado - Cuartel 276 - Hilera 1339</name><Style><LineStyle><color>ff00ff00</color><width>3</width></LineStyle></Style><LineString><coordinates>-70.8730916,-33.1927416,0 -70.8721766,-33.1975733,0</coordinates></LineString></Placemark><Placemark><name>Trabajado - Cuartel 276 - Hilera 1341</name><Style><LineStyle><color>ff00ff00</color><width>3</width></LineStyle></Style><LineString><coordinates>-70.87214,-33.197605,0 -70.8731533,-33.1928166,0</coordinates></LineString></Placemark><Placemark><name>Trabajado - Cuartel 276 - Hilera 1342</name><Style><LineStyle><color>ff00ff00</color><width>3</width></LineStyle></Style><LineString><coordinates>-70.87218,-33.1975283,0 -70.8731333,-33.1928,0</coordinates></LineString></Placemark><Placemark><name>Trabajado - Cuartel 276 - Hilera 1343</name><Style><LineStyle><color>ff00ff00</color><width>3</width></LineStyle></Style><LineString><coordinates>-70.873195,-33.1927783,0 -70.8731616,-33.1928633,0</coordinates></LineString></Placemark><Placemark><name>Trabajado - Cuartel 276 - Hilera 1344</name><Style><LineStyle><color>ff00ff00</color><width>3</width></LineStyle></Style><LineString><coordinates>-70.87325251198472,-33.19281337831996,0 -70.87229977013945,-33.19752064088982,0</coordinates></LineString></Placemark><Placemark><name>Trabajado - Cuartel 276 - Hilera 1345</name><Style><LineStyle><color>ff00ff00</color><width>3</width></LineStyle></Style><LineString><coordinates>-70.8722583,-33.1974766,0 -70.8732483,-33.1927783,0</coordinates></LineString></Placemark><Placemark><name>Trabajado - Cuartel 276 - Hilera 1346</name><Style><LineStyle><color>ff00ff00</color><width>3</width></LineStyle></Style><LineString><coordinates>-70.87329589548068,-33.19277761857728,0 -70.87236843185612,-33.19753753478808,0</coordinates></LineString></Placemark><Placemark><name>Trabajado - Cuartel 276 - Hilera 1347</name><Style><LineStyle><color>ff00ff00</color><width>3</width></LineStyle></Style><LineString><coordinates>-70.87236786777532,-33.197539840585804,0 -70.873345,-33.1928083,0</coordinates></LineString></Placemark><Placemark><name>Trabajado - Cuartel 276 - Hilera 1348</name><Style><LineStyle><color>ff00ff00</color><width>3</width></LineStyle></Style><LineString><coordinates>-70.8733883,-33.19281,0 -70.8724316,-33.1975333,0</coordinates></LineString></Placemark><Placemark><name>Trabajado - Cuartel 276 - Hilera 1349</name><Style><LineStyle><color>ff00ff00</color><width>3</width></LineStyle></Style><LineString><coordinates>-70.8734399,-33.1928116,0 -70.8724199,-33.1974766,0</coordinates></LineString></Placemark><Placemark><name>Trabajado - Cuartel 276 - Hilera 1350</name><Style><LineStyle><color>ff00ff00</color><width>3</width></LineStyle></Style><LineString><coordinates>-70.872455,-33.1975,0 -70.8734863010282,-33.19280129190083,0</coordinates></LineString></Placemark><Placemark><name>Trabajado - Cuartel 276 - Hilera 1351</name><Style><LineStyle><color>ff00ff00</color><width>3</width></LineStyle></Style><LineString><coordinates>-70.8734233,-33.1928533,0 -70.8725016,-33.1975183,0</coordinates></LineString></Placemark><Placemark><name>Trabajado - Cuartel 276 - Hilera 1352</name><Style><LineStyle><color>ff00ff00</color><width>3</width></LineStyle></Style><LineString><coordinates>-70.8725016,-33.1975183,0 -70.8734733,-33.1928,0</coordinates></LineString></Placemark><Placemark><name>Trabajado - Cuartel 276 - Hilera 1353</name><Style><LineStyle><color>ff00ff00</color><width>3</width></LineStyle></Style><LineString><coordinates>-70.8734733,-33.1928,0 -70.8735649,-33.1927483,0</coordinates></LineString></Placemark><Placemark><name>Trabajado - Cuartel 276 - Hilera 1354</name><Style><LineStyle><color>ff00ff00</color><width>3</width></LineStyle></Style><LineString><coordinates>-70.8735649,-33.1927483,0 -70.87576865886832,-33.19319275966993,0</coordinates></LineString></Placemark><Placemark><name>Trabajado - Cuartel 276 - Hilera 1355</name><Style><LineStyle><color>ff00ff00</color><width>3</width></LineStyle></Style><LineString><coordinates>-70.87492,-33.1930216,0 -70.8735466,-33.1928383,0</coordinates></LineString></Placemark><Placemark><name>Trabajado - Cuartel 276 - Hilera 1356</name><Style><LineStyle><color>ff00ff00</color><width>3</width></LineStyle></Style><LineString><coordinates>-70.87206205263826,-33.19255990503466,0 -70.87487631696813,-33.19308765985121,0</coordinates></LineString></Placemark><Placemark><name>Trabajado - Cuartel 276 - Hilera 1357</name><Style><LineStyle><color>ff00ff00</color><width>3</width></LineStyle></Style><LineString><coordinates>-70.875217092159,-33.19303109426856,0 -70.8735033,-33.19284,0</coordinates></LineString></Placemark><Placemark><name>Trabajado - Cuartel 276 - Hilera 1358</name><Style><LineStyle><color>ff00ff00</color><width>3</width></LineStyle></Style><LineString><coordinates>-70.87349107951388,-33.19283367885846,0 -70.8725766,-33.197545,0</coordinates></LineString></Placemark><Placemark><name>Trabajado - Cuartel 276 - Hilera 1372</name><Style><LineStyle><color>ff00ff00</color><width>3</width></LineStyle></Style><LineString><coordinates>-70.87348326096748,-33.1928056596104,0 -70.8725283,-33.19754,0</coordinates></LineString></Placemark><Placemark><name>Trabajado - Cuartel 276 - Hilera 1373</name><Style><LineStyle><color>ff00ff00</color><width>3</width></LineStyle></Style><LineString><coordinates>-70.87354,-33.1928,0 -70.8727016,-33.1968899,0</coordinates></LineString></Placemark><Placemark><name>Trabajado - Cuartel 276 - Hilera 1374</name><Style><LineStyle><color>ff00ff00</color><width>3</width></LineStyle></Style><LineString><coordinates>-70.8726983,-33.1968849,0 -70.8726183,-33.1975483,0</coordinates></LineString></Placemark><Placemark><name>Trabajado - Cuartel 276 - Hilera 1375</name><Style><LineStyle><color>ff00ff00</color><width>3</width></LineStyle></Style><LineString><coordinates>-70.8726316,-33.1975583,0 -70.8735716,-33.1928583,0</coordinates></LineString></Placemark><Placemark><name>Trabajado - Cuartel 276 - Hilera 1376</name><Style><LineStyle><color>ff00ff00</color><width>3</width></LineStyle></Style><LineString><coordinates>-70.87355,-33.1928016,0 -70.8730466,-33.1950483,0</coordinates></LineString></Placemark><Placemark><name>Trabajado - Cuartel 276 - Hilera 1377</name><Style><LineStyle><color>ff00ff00</color><width>3</width></LineStyle></Style><LineString><coordinates>-70.8730466,-33.1950483,0 -70.8726016,-33.1975183,0</coordinates></LineString></Placemark><Placemark><name>Trabajado - Cuartel 276 - Hilera 1378</name><Style><LineStyle><color>ff00ff00</color><width>3</width></LineStyle></Style><LineString><coordinates>-70.8726016,-33.1975183,0 -70.8735366,-33.1928816,0</coordinates></LineString></Placemark><Placemark><name>Trabajado - Cuartel 276 - Hilera 1379</name><Style><LineStyle><color>ff00ff00</color><width>3</width></LineStyle></Style><LineString><coordinates>-70.8736083,-33.192865,0 -70.87324,-33.1946966,0</coordinates></LineString></Placemark><Placemark><name>Trabajado - Cuartel 276 - Hilera 1380</name><Style><LineStyle><color>ff00ff00</color><width>3</width></LineStyle></Style><LineString><coordinates>-70.87324,-33.1946966,0 -70.8730366,-33.1955433,0</coordinates></LineString></Placemark><Placemark><name>Trabajado - Cuartel 276 - Hilera 1381</name><Style><LineStyle><color>ff00ff00</color><width>3</width></LineStyle></Style><LineString><coordinates>-70.8730366,-33.1955433,0 -70.872685,-33.1975666,0</coordinates></LineString></Placemark><Placemark><name>Trabajado - Cuartel 276 - Hilera 1384</name><Style><LineStyle><color>ff00ff00</color><width>3</width></LineStyle></Style><LineString><coordinates>-70.87266515210995,-33.19758284380541,0 -70.87364915034588,-33.19281479578676,0</coordinates></LineString></Placemark><Placemark><name>Trabajado - Cuartel 276 - Hilera 1385</name><Style><LineStyle><color>ff00ff00</color><width>3</width></LineStyle></Style><LineString><coordinates>-70.8736983,-33.1928833,0 -70.8736099,-33.1928683,0</coordinates></LineString></Placemark><Placemark><name>Trabajado - Cuartel 276 - Hilera 1386</name><Style><LineStyle><color>ff00ff00</color><width>3</width></LineStyle></Style><LineString><coordinates>-70.8736099,-33.1928683,0 -70.8726966,-33.19758,0</coordinates></LineString></Placemark><Placemark><name>Trabajado - Cuartel 276 - Hilera 1387</name><Style><LineStyle><color>ff00ff00</color><width>3</width></LineStyle></Style><LineString><coordinates>-70.8737016,-33.1928183,0 -70.873465,-33.1940716,0</coordinates></LineString></Placemark><Placemark><name>Trabajado - Cuartel 276 - Hilera 1388</name><Style><LineStyle><color>ff00ff00</color><width>3</width></LineStyle></Style><LineString><coordinates>-70.873415,-33.1941233,0 -70.8728270503256,-33.197587352494125,0</coordinates></LineString></Placemark><Placemark><name>Trabajado - Cuartel 276 - Hilera 1389</name><Style><LineStyle><color>ff00ff00</color><width>3</width></LineStyle></Style><LineString><coordinates>-70.872975,-33.1964916,0 -70.8729133,-33.1966066,0</coordinates></LineString></Placemark><Placemark><name>Trabajado - Cuartel 276 - Hilera 1390</name><Style><LineStyle><color>ff00ff00</color><width>3</width></LineStyle></Style><LineString><coordinates>-70.8729133,-33.1966066,0 -70.8729433,-33.1967733,0</coordinates></LineString></Placemark><Placemark><name>Trabajado - Cuartel 276 - Hilera 1391</name><Style><LineStyle><color>ff00ff00</color><width>3</width></LineStyle></Style><LineString><coordinates>-70.8729433,-33.1967733,0 -70.8727833,-33.1975316,0</coordinates></LineString></Placemark><Placemark><name>Trabajado - Cuartel 276 - Hilera 1392</name><Style><LineStyle><color>ff00ff00</color><width>3</width></LineStyle></Style><LineString><coordinates>-70.87274871113553,-33.197564660439994,0 -70.8735333,-33.1933483,0</coordinates></LineString></Placemark><Placemark><name>Trabajado - Cuartel 276 - Hilera 1393</name><Style><LineStyle><color>ff00ff00</color><width>3</width></LineStyle></Style><LineString><coordinates>-70.8735333,-33.1933483,0 -70.8737116,-33.1928,0</coordinates></LineString></Placemark><Placemark><name>Trabajado - Cuartel 276 - Hilera 1394</name><Style><LineStyle><color>ff00ff00</color><width>3</width></LineStyle></Style><LineString><coordinates>-70.8736716,-33.1927883,0 -70.8734633,-33.1940483,0</coordinates></LineString></Placemark><Placemark><name>Trabajado - Cuartel 276 - Hilera 1395</name><Style><LineStyle><color>ff00ff00</color><width>3</width></LineStyle></Style><LineString><coordinates>-70.8730116,-33.1963183,0 -70.8737266,-33.1928016,0</coordinates></LineString></Placemark><Placemark><name>Trabajado - Cuartel 276 - Hilera 1396</name><Style><LineStyle><color>ff00ff00</color><width>3</width></LineStyle></Style><LineString><coordinates>-70.87376459164867,-33.19282193222165,0 -70.87355640264515,-33.194138421508605,0</coordinates></LineString></Placemark><Placemark><name>Trabajado - Cuartel 276 - Hilera 1397</name><Style><LineStyle><color>ff00ff00</color><width>3</width></LineStyle></Style><LineString><coordinates>-70.8735899,-33.1939266,0 -70.87307597826727,-33.196343159871766,0</coordinates></LineString></Placemark><Placemark><name>Trabajado - Cuartel 276 - Hilera 1398</name><Style><LineStyle><color>ff00ff00</color><width>3</width></LineStyle></Style><LineString><coordinates>-70.87380330823044,-33.19283544716602,0 -70.872835,-33.1975883,0</coordinates></LineString></Placemark><Placemark><name>Trabajado - Cuartel 276 - Hilera 1399</name><Style><LineStyle><color>ff00ff00</color><width>3</width></LineStyle></Style><LineString><coordinates>-70.873165,-33.1958149,0 -70.87379243108728,-33.19280792358906,0</coordinates></LineString></Placemark><Placemark><name>Trabajado - Cuartel 276 - Hilera 1400</name><Style><LineStyle><color>ff00ff00</color><width>3</width></LineStyle></Style><LineString><coordinates>-70.8734949,-33.19416,0 -70.8731883,-33.1958533,0</coordinates></LineString></Placemark><Placemark><name>Trabajado - Cuartel 276 - Hilera 1401</name><Style><LineStyle><color>ff00ff00</color><width>3</width></LineStyle></Style><LineString><coordinates>-70.8731433,-33.1958916,0 -70.8728533,-33.1974766,0</coordinates></LineString></Placemark><Placemark><name>Trabajado - Cuartel 276 - Hilera 1402</name><Style><LineStyle><color>ff00ff00</color><width>3</width></LineStyle></Style><LineString><coordinates>-70.8738649,-33.1928599,0 -70.8735566,-33.1945733,0</coordinates></LineString></Placemark><Placemark><name>Trabajado - Cuartel 276 - Hilera 1403</name><Style><LineStyle><color>ff00ff00</color><width>3</width></LineStyle></Style><LineString><coordinates>-70.8735016,-33.1945933,0 -70.8734983,-33.19481,0</coordinates></LineString></Placemark><Placemark><name>Trabajado - Cuartel 276 - Hilera 1404</name><Style><LineStyle><color>ff00ff00</color><width>3</width></LineStyle></Style><LineString><coordinates>-70.873445,-33.1948549,0 -70.8733133,-33.195445,0</coordinates></LineString></Placemark><Placemark><name>Trabajado - Cuartel 276 - Hilera 1405</name><Style><LineStyle><color>ff00ff00</color><width>3</width></LineStyle></Style><LineString><coordinates>-70.8733133,-33.195445,0 -70.8733283,-33.1956466,0</coordinates></LineString></Placemark><Placemark><name>Trabajado - Cuartel 276 - Hilera 1406</name><Style><LineStyle><color>ff00ff00</color><width>3</width></LineStyle></Style><LineString><coordinates>-70.8733283,-33.1956466,0 -70.8731183,-33.1963749,0</coordinates></LineString></Placemark><Placemark><name>Trabajado - Cuartel 276 - Hilera 1407</name><Style><LineStyle><color>ff00ff00</color><width>3</width></LineStyle></Style><LineString><coordinates>-70.8731183,-33.1963749,0 -70.8730966,-33.1968683,0</coordinates></LineString></Placemark><Placemark><name>Trabajado - Cuartel 276 - Hilera 1408</name><Style><LineStyle><color>ff00ff00</color><width>3</width></LineStyle></Style><LineString><coordinates>-70.8730949,-33.1968683,0 -70.8730316,-33.19721,0</coordinates></LineString></Placemark><Placemark><name>Trabajado - Cuartel 276 - Hilera 1409</name><Style><LineStyle><color>ff00ff00</color><width>3</width></LineStyle></Style><LineString><coordinates>-70.872925,-33.1972533,0 -70.8729233,-33.1975149,0</coordinates></LineString></Placemark><Placemark><name>Trabajado - Cuartel 276 - Hilera 1410</name><Style><LineStyle><color>ff00ff00</color><width>3</width></LineStyle></Style><LineString><coordinates>-70.8729233,-33.1975149,0 -70.8730666,-33.1963316,0</coordinates></LineString></Placemark><Placemark><name>Trabajado - Cuartel 276 - Hilera 1411</name><Style><LineStyle><color>ff00ff00</color><width>3</width></LineStyle></Style><LineString><coordinates>-70.8730666,-33.1963316,0 -70.873135,-33.1962649,0</coordinates></LineString></Placemark><Placemark><name>Trabajado - Cuartel 276 - Hilera 1412</name><Style><LineStyle><color>ff00ff00</color><width>3</width></LineStyle></Style><LineString><coordinates>-70.873135,-33.1962649,0 -70.873855,-33.1928483,0</coordinates></LineString></Placemark><Placemark><name>Trabajado - Cuartel 276 - Hilera 1413</name><Style><LineStyle><color>ff00ff00</color><width>3</width></LineStyle></Style><LineString><coordinates>-70.8738533,-33.1928316,0 -70.8739449,-33.1927716,0</coordinates></LineString></Placemark><Placemark><name>Trabajado - Cuartel 276 - Hilera 1414</name><Style><LineStyle><color>ff00ff00</color><width>3</width></LineStyle></Style><LineString><coordinates>-70.87388,-33.1928433,0 -70.873795,-33.1929,0</coordinates></LineString></Placemark><Placemark><name>Trabajado - Cuartel 276 - Hilera 1415</name><Style><LineStyle><color>ff00ff00</color><width>3</width></LineStyle></Style><LineString><coordinates>-70.873795,-33.1929,0 -70.8729133,-33.1976016,0</coordinates></LineString></Placemark><Placemark><name>Trabajado - Cuartel 276 - Hilera 1418</name><Style><LineStyle><color>ff00ff00</color><width>3</width></LineStyle></Style><LineString><coordinates>-70.8728866,-33.1976299,0 -70.8738533,-33.1929283,0</coordinates></LineString></Placemark><Placemark><name>Trabajado - Cuartel 276 - Hilera 1419</name><Style><LineStyle><color>ff00ff00</color><width>3</width></LineStyle></Style><LineString><coordinates>-70.8739066,-33.1929266,0 -70.8730433,-33.1976599,0</coordinates></LineString></Placemark><Placemark><name>Trabajado - Cuartel 276 - Hilera 1420</name><Style><LineStyle><color>ff00ff00</color><width>3</width></LineStyle></Style><LineString><coordinates>-70.8730433,-33.1976599,0 -70.873955,-33.1929316,0</coordinates></LineString></Placemark><Placemark><name>Trabajado - Cuartel 276 - Hilera 1421</name><Style><LineStyle><color>ff00ff00</color><width>3</width></LineStyle></Style><LineString><coordinates>-70.87401,-33.19292,0 -70.8739266,-33.1929483,0</coordinates></LineString></Placemark><Placemark><name>Trabajado - Cuartel 276 - Hilera 1422</name><Style><LineStyle><color>ff00ff00</color><width>3</width></LineStyle></Style><LineString><coordinates>-70.8739266,-33.1929483,0 -70.87308782158675,-33.19764549921838,0</coordinates></LineString></Placemark><Placemark><name>Trabajado - Cuartel 276 - Hilera 1423</name><Style><LineStyle><color>ff00ff00</color><width>3</width></LineStyle></Style><LineString><coordinates>-70.87397732981579,-33.19294113425342,0 -70.8730683,-33.1976316,0</coordinates></LineString></Placemark><Placemark><name>Trabajado - Cuartel 276 - Hilera 1424</name><Style><LineStyle><color>ff00ff00</color><width>3</width></LineStyle></Style><LineString><coordinates>-70.874025,-33.1929416,0 -70.87307,-33.1975783,0</coordinates></LineString></Placemark><Placemark><name>Trabajado - Cuartel 276 - Hilera 1425</name><Style><LineStyle><color>ff00ff00</color><width>3</width></LineStyle></Style><LineString><coordinates>-70.87403865404283,-33.19290468108666,0 -70.87314400786016,-33.197699702943865,0</coordinates></LineString></Placemark><Placemark><name>Trabajado - Cuartel 276 - Hilera 1426</name><Style><LineStyle><color>ff00ff00</color><width>3</width></LineStyle></Style><LineString><coordinates>-70.8731333,-33.1976983,0 -70.8740966,-33.19292,0</coordinates></LineString></Placemark><Placemark><name>Trabajado - Cuartel 276 - Hilera 1427</name><Style><LineStyle><color>ff00ff00</color><width>3</width></LineStyle></Style><LineString><coordinates>-70.8741466,-33.1929216,0 -70.873195,-33.1976683,0</coordinates></LineString></Placemark><Placemark><name>Trabajado - Cuartel 276 - Hilera 1428</name><Style><LineStyle><color>ff00ff00</color><width>3</width></LineStyle></Style><LineString><coordinates>-70.873195,-33.1976683,0 -70.87418853121649,-33.19291906848917,0</coordinates></LineString></Placemark><Placemark><name>Trabajado - Cuartel 276 - Hilera 1429</name><Style><LineStyle><color>ff00ff00</color><width>3</width></LineStyle></Style><LineString><coordinates>-70.8742183,-33.192915,0 -70.8741916,-33.193025,0</coordinates></LineString></Placemark><Placemark><name>Trabajado - Cuartel 276 - Hilera 1430</name><Style><LineStyle><color>ff00ff00</color><width>3</width></LineStyle></Style><LineString><coordinates>-70.87420474283326,-33.19295669781663,0 -70.87330175256902,-33.19764946119535,0</coordinates></LineString></Placemark><Placemark><name>Trabajado - Cuartel 276 - Hilera 1431</name><Style><LineStyle><color>ff00ff00</color><width>3</width></LineStyle></Style><LineString><coordinates>-70.87330116394492,-33.19764934313002,0 -70.8742716,-33.192955,0</coordinates></LineString></Placemark><Placemark><name>Trabajado - Cuartel 276 - Hilera 1432</name><Style><LineStyle><color>ff00ff00</color><width>3</width></LineStyle></Style><LineString><coordinates>-70.87431,-33.1929566,0 -70.8739066,-33.1950966,0</coordinates></LineString></Placemark><Placemark><name>Trabajado - Cuartel 276 - Hilera 1433</name><Style><LineStyle><color>ff00ff00</color><width>3</width></LineStyle></Style><LineString><coordinates>-70.87431857601341,-33.1929324189956,0 -70.87339465362437,-33.19766326621132,0</coordinates></LineString></Placemark><Placemark><name>Trabajado - Cuartel 276 - Hilera 1434</name><Style><LineStyle><color>ff00ff00</color><width>3</width></LineStyle></Style><LineString><coordinates>-70.8733716,-33.1975899,0 -70.8743716,-33.19296,0</coordinates></LineString></Placemark><Placemark><name>Trabajado - Cuartel 276 - Hilera 1435</name><Style><LineStyle><color>ff00ff00</color><width>3</width></LineStyle></Style><LineString><coordinates>-70.8743666,-33.1929333,0 -70.8734583,-33.197625,0</coordinates></LineString></Placemark><Placemark><name>Trabajado - Cuartel 276 - Hilera 1436</name><Style><LineStyle><color>ff00ff00</color><width>3</width></LineStyle></Style><LineString><coordinates>-70.8734583,-33.197625,0 -70.87442065158741,-33.1929485727549,0</coordinates></LineString></Placemark><Placemark><name>Trabajado - Cuartel 276 - Hilera 1437</name><Style><LineStyle><color>ff00ff00</color><width>3</width></LineStyle></Style><LineString><coordinates>-70.8744416,-33.1929516,0 -70.8735233,-33.197655,0</coordinates></LineString></Placemark><Placemark><name>Trabajado - Cuartel 276 - Hilera 1438</name><Style><LineStyle><color>ff00ff00</color><width>3</width></LineStyle></Style><LineString><coordinates>-70.8735233,-33.197655,0 -70.8744933,-33.1930066,0</coordinates></LineString></Placemark><Placemark><name>Trabajado - Cuartel 276 - Hilera 1439</name><Style><LineStyle><color>ff00ff00</color><width>3</width></LineStyle></Style><LineString><coordinates>-70.874515,-33.1929666,0 -70.8735016,-33.1976216,0</coordinates></LineString></Placemark><Placemark><name>Trabajado - Cuartel 276 - Hilera 1443</name><Style><LineStyle><color>ff00ff00</color><width>3</width></LineStyle></Style><LineString><coordinates>-70.8745661292214,-33.192952755724995,0 -70.8735633,-33.1977233,0</coordinates></LineString></Placemark><Placemark><name>Trabajado - Cuartel 276 - Hilera 1444</name><Style><LineStyle><color>ff00ff00</color><width>3</width></LineStyle></Style><LineString><coordinates>-70.8745266,-33.19299,0 -70.87464,-33.1929316,0</coordinates></LineString></Placemark><Placemark><name>Trabajado - Cuartel 276 - Hilera 1445</name><Style><LineStyle><color>ff00ff00</color><width>3</width></LineStyle></Style><LineString><coordinates>-70.8735816,-33.1977016,0 -70.8744683,-33.1930183,0</coordinates></LineString></Placemark><Placemark><name>Trabajado - Cuartel 276 - Hilera 1446</name><Style><LineStyle><color>ff00ff00</color><width>3</width></LineStyle></Style><LineString><coordinates>-70.8745416,-33.1930066,0 -70.8736416,-33.1976966,0</coordinates></LineString></Placemark><Placemark><name>Trabajado - Cuartel 276 - Hilera 1447</name><Style><LineStyle><color>ff00ff00</color><width>3</width></LineStyle></Style><LineString><coordinates>-70.8736416,-33.1976966,0 -70.87462723900825,-33.19301413353303,0</coordinates></LineString></Placemark><Placemark><name>Trabajado - Cuartel 276 - Hilera 1448</name><Style><LineStyle><color>ff00ff00</color><width>3</width></LineStyle></Style><LineString><coordinates>-70.87459108903506,-33.19307775199007,0 -70.87472938710805,-33.19297024828801,0</coordinates></LineString></Placemark><Placemark><name>Trabajado - Cuartel 276 - Hilera 1449</name><Style><LineStyle><color>ff00ff00</color><width>3</width></LineStyle></Style><LineString><coordinates>-70.8746916,-33.1930083,0 -70.8751016,-33.1930116,0</coordinates></LineString></Placemark><Placemark><name>Trabajado - Cuartel 276 - Hilera 1459</name><Style><LineStyle><color>ff00ff00</color><width>3</width></LineStyle></Style><LineString><coordinates>-70.8750083,-33.1929883,0 -70.8746833,-33.192955,0</coordinates></LineString></Placemark><Placemark><name>Trabajado - Cuartel 276 - Hilera 1460</name><Style><LineStyle><color>ff00ff00</color><width>3</width></LineStyle></Style><LineString><coordinates>-70.8746599,-33.1929733,0 -70.8737466,-33.1976533,0</coordinates></LineString></Placemark><Placemark><name>Trabajado - Cuartel 276 - Hilera 1461</name><Style><LineStyle><color>ff00ff00</color><width>3</width></LineStyle></Style><LineString><coordinates>-70.87371290041955,-33.197675351489394,0 -70.8746631502828,-33.19302569608294,0</coordinates></LineString></Placemark><Placemark><name>Trabajado - Cuartel 276 - Hilera 1462</name><Style><LineStyle><color>ff00ff00</color><width>3</width></LineStyle></Style><LineString><coordinates>-70.8746599,-33.1930416,0 -70.8747566,-33.1929783,0</coordinates></LineString></Placemark><Placemark><name>Trabajado - Cuartel 276 - Hilera 1463</name><Style><LineStyle><color>ff00ff00</color><width>3</width></LineStyle></Style><LineString><coordinates>-70.8737216,-33.1976766,0 -70.8746316,-33.1930366,0</coordinates></LineString></Placemark><Placemark><name>Trabajado - Cuartel 276 - Hilera 1464</name><Style><LineStyle><color>ff00ff00</color><width>3</width></LineStyle></Style><LineString><coordinates>-70.8746899,-33.1930183,0 -70.8739633,-33.1967133,0</coordinates></LineString></Placemark><Placemark><name>Trabajado - Cuartel 276 - Hilera 1466</name><Style><LineStyle><color>ff00ff00</color><width>3</width></LineStyle></Style><LineString><coordinates>-70.87381149491493,-33.19767573113835,0 -70.87473684316657,-33.19299479776351,0</coordinates></LineString></Placemark><Placemark><name>Trabajado - Cuartel 276 - Hilera 1467</name><Style><LineStyle><color>ff00ff00</color><width>3</width></LineStyle></Style><LineString><coordinates>-70.87472,-33.19308,0 -70.8747783,-33.193025,0</coordinates></LineString></Placemark><Placemark><name>Trabajado - Cuartel 276 - Hilera 1468</name><Style><LineStyle><color>ff00ff00</color><width>3</width></LineStyle></Style><LineString><coordinates>-70.87383,-33.1976783,0 -70.8747449,-33.1930616,0</coordinates></LineString></Placemark><Placemark><name>Trabajado - Cuartel 276 - Hilera 1469</name><Style><LineStyle><color>ff00ff00</color><width>3</width></LineStyle></Style><LineString><coordinates>-70.87479542457568,-33.193036891951486,0 -70.87388,-33.1977149,0</coordinates></LineString></Placemark><Placemark><name>Trabajado - Cuartel 276 - Hilera 1470</name><Style><LineStyle><color>ff00ff00</color><width>3</width></LineStyle></Style><LineString><coordinates>-70.87388,-33.1977149,0 -70.8748316,-33.1930733,0</coordinates></LineString></Placemark><Placemark><name>Trabajado - Cuartel 276 - Hilera 1471</name><Style><LineStyle><color>ff00ff00</color><width>3</width></LineStyle></Style><LineString><coordinates>-70.87486,-33.1930849,0 -70.87397,-33.1977216,0</coordinates></LineString></Placemark><Placemark><name>Trabajado - Cuartel 276 - Hilera 1474</name><Style><LineStyle><color>ff00ff00</color><width>3</width></LineStyle></Style><LineString><coordinates>-70.8739166,-33.1977333,0 -70.8749,-33.193075,0</coordinates></LineString></Placemark><Placemark><name>Trabajado - Cuartel 276 - Hilera 1475</name><Style><LineStyle><color>ff00ff00</color><width>3</width></LineStyle></Style><LineString><coordinates>-70.87490498524754,-33.19305043560785,0 -70.8739783,-33.1976166,0</coordinates></LineString></Placemark><Placemark><name>Trabajado - Cuartel 276 - Hilera 1476</name><Style><LineStyle><color>ff00ff00</color><width>3</width></LineStyle></Style><LineString><coordinates>-70.8749266,-33.193035,0 -70.87675357213355,-33.19328881730669,0</coordinates></LineString></Placemark><Placemark><name>Trabajado - Cuartel 276 - Hilera 1477</name><Style><LineStyle><color>ff00ff00</color><width>3</width></LineStyle></Style><LineString><coordinates>-70.87742678321486,-33.19342797520024,0 -70.8750083,-33.1930283,0</coordinates></LineString></Placemark><Placemark><name>Trabajado - Cuartel 276 - Hilera 1478</name><Style><LineStyle><color>ff00ff00</color><width>3</width></LineStyle></Style><LineString><coordinates>-70.8749783,-33.1930533,0 -70.8740083,-33.1977149,0</coordinates></LineString></Placemark><Placemark><name>Trabajado - Cuartel 276 - Hilera 1479</name><Style><LineStyle><color>ff00ff00</color><width>3</width></LineStyle></Style><LineString><coordinates>-70.8749316,-33.1931033,0 -70.8740566,-33.1977233,0</coordinates></LineString></Placemark><Placemark><name>Trabajado - Cuartel 276 - Hilera 1480</name><Style><LineStyle><color>ff00ff00</color><width>3</width></LineStyle></Style><LineString><coordinates>-70.8740566,-33.1977233,0 -70.8749833,-33.1930666,0</coordinates></LineString></Placemark><Placemark><name>Trabajado - Cuartel 276 - Hilera 1482</name><Style><LineStyle><color>ff00ff00</color><width>3</width></LineStyle></Style><LineString><coordinates>-70.87504638713105,-33.19310804189782,0 -70.8741583,-33.19773,0</coordinates></LineString></Placemark><Placemark><name>Trabajado - Cuartel 276 - Hilera 1483</name><Style><LineStyle><color>ff00ff00</color><width>3</width></LineStyle></Style><LineString><coordinates>-70.8750916,-33.1930966,0 -70.8754166,-33.1930966,0</coordinates></LineString></Placemark><Placemark><name>Trabajado - Cuartel 276 - Hilera 1484</name><Style><LineStyle><color>ff00ff00</color><width>3</width></LineStyle></Style><LineString><coordinates>-70.8750683,-33.19305,0 -70.8751483,-33.192985,0</coordinates></LineString></Placemark><Placemark><name>Trabajado - Cuartel 276 - Hilera 1485</name><Style><LineStyle><color>ff00ff00</color><width>3</width></LineStyle></Style><LineString><coordinates>-70.8750733,-33.19305,0 -70.8741583,-33.1975966,0</coordinates></LineString></Placemark><Placemark><name>Trabajado - Cuartel 276 - Hilera 1486</name><Style><LineStyle><color>ff00ff00</color><width>3</width></LineStyle></Style><LineString><coordinates>-70.87511354865892,-33.19302648715118,0 -70.8741766,-33.1977633,0</coordinates></LineString></Placemark><Placemark><name>Trabajado - Cuartel 276 - Hilera 1487</name><Style><LineStyle><color>ff00ff00</color><width>3</width></LineStyle></Style><LineString><coordinates>-70.8741766,-33.1977633,0 -70.8751483,-33.19307,0</coordinates></LineString></Placemark><Placemark><name>Trabajado - Cuartel 276 - Hilera 1488</name><Style><LineStyle><color>ff00ff00</color><width>3</width></LineStyle></Style><LineString><coordinates>-70.8741916,-33.1977933,0 -70.8751183,-33.193095,0</coordinates></LineString></Placemark><Placemark><name>Trabajado - Cuartel 276 - Hilera 1489</name><Style><LineStyle><color>ff00ff00</color><width>3</width></LineStyle></Style><LineString><coordinates>-70.87516,-33.1930616,0 -70.8742645619699,-33.19779804837752,0</coordinates></LineString></Placemark><Placemark><name>Trabajado - Cuartel 276 - Hilera 1490</name><Style><LineStyle><color>ff00ff00</color><width>3</width></LineStyle></Style><LineString><coordinates>-70.8742416,-33.197795,0 -70.8751766,-33.1931033,0</coordinates></LineString></Placemark><Placemark><name>Trabajado - Cuartel 276 - Hilera 1491</name><Style><LineStyle><color>ff00ff00</color><width>3</width></LineStyle></Style><LineString><coordinates>-70.87522006029546,-33.193077679613964,0 -70.8742833,-33.1977666,0</coordinates></LineString></Placemark><Placemark><name>Trabajado - Cuartel 276 - Hilera 1494</name><Style><LineStyle><color>ff00ff00</color><width>3</width></LineStyle></Style><LineString><coordinates>-70.87438,-33.1976083,0 -70.875285,-33.1931049,0</coordinates></LineString></Placemark><Placemark><name>Trabajado - Cuartel 276 - Hilera 1495</name><Style><LineStyle><color>ff00ff00</color><width>3</width></LineStyle></Style><LineString><coordinates>-70.8752699,-33.1930633,0 -70.874345,-33.1977266,0</coordinates></LineString></Placemark><Placemark><name>Trabajado - Cuartel 276 - Hilera 1496</name><Style><LineStyle><color>ff00ff00</color><width>3</width></LineStyle></Style><LineString><coordinates>-70.87526,-33.1931699,0 -70.87533,-33.1930833,0</coordinates></LineString></Placemark><Placemark><name>Trabajado - Cuartel 276 - Hilera 1497</name><Style><LineStyle><color>ff00ff00</color><width>3</width></LineStyle></Style><LineString><coordinates>-70.8753283,-33.19308,0 -70.8744566,-33.1977616,0</coordinates></LineString></Placemark><Placemark><name>Trabajado - Cuartel 276 - Hilera 1498</name><Style><LineStyle><color>ff00ff00</color><width>3</width></LineStyle></Style><LineString><coordinates>-70.8744566,-33.1977616,0 -70.8753533,-33.1931266,0</coordinates></LineString></Placemark><Placemark><name>Trabajado - Cuartel 276 - Hilera 1499</name><Style><LineStyle><color>ff00ff00</color><width>3</width></LineStyle></Style><LineString><coordinates>-70.87534,-33.1931199,0 -70.8744483,-33.1976733,0</coordinates></LineString></Placemark><Placemark><name>Trabajado - Cuartel 276 - Hilera 1500</name><Style><LineStyle><color>ff00ff00</color><width>3</width></LineStyle></Style><LineString><coordinates>-70.8744483,-33.1976733,0 -70.8754,-33.1930849,0</coordinates></LineString></Placemark><Placemark><name>Trabajado - Cuartel 276 - Hilera 1501</name><Style><LineStyle><color>ff00ff00</color><width>3</width></LineStyle></Style><LineString><coordinates>-70.8754483,-33.193075,0 -70.87449,-33.1978016,0</coordinates></LineString></Placemark><Placemark><name>Trabajado - Cuartel 276 - Hilera 1502</name><Style><LineStyle><color>ff00ff00</color><width>3</width></LineStyle></Style><LineString><coordinates>-70.8754649,-33.1931216,0 -70.8745083,-33.19764,0</coordinates></LineString></Placemark><Placemark><name>Trabajado - Cuartel 276 - Hilera 1503</name><Style><LineStyle><color>ff00ff00</color><width>3</width></LineStyle></Style><LineString><coordinates>-70.874525,-33.1976966,0 -70.8754616,-33.1931149,0</coordinates></LineString></Placemark><Placemark><name>Trabajado - Cuartel 276 - Hilera 1504</name><Style><LineStyle><color>ff00ff00</color><width>3</width></LineStyle></Style><LineString><coordinates>-70.87553,-33.1931083,0 -70.8745649,-33.1977666,0</coordinates></LineString></Placemark><Placemark><name>Trabajado - Cuartel 276 - Hilera 1505</name><Style><LineStyle><color>ff00ff00</color><width>3</width></LineStyle></Style><LineString><coordinates>-70.87551,-33.1931483,0 -70.8757016,-33.1931366,0</coordinates></LineString></Placemark><Placemark><name>Trabajado - Cuartel 276 - Hilera 1506</name><Style><LineStyle><color>ff00ff00</color><width>3</width></LineStyle></Style><LineString><coordinates>-70.8756816,-33.1931316,0 -70.8754733,-33.19322,0</coordinates></LineString></Placemark><Placemark><name>Trabajado - Cuartel 276 - Hilera 1507</name><Style><LineStyle><color>ff00ff00</color><width>3</width></LineStyle></Style><LineString><coordinates>-70.8754733,-33.19322,0 -70.8745883,-33.1978149,0</coordinates></LineString></Placemark><Placemark><name>Trabajado - Cuartel 276 - Hilera 1510</name><Style><LineStyle><color>ff00ff00</color><width>3</width></LineStyle></Style><LineString><coordinates>-70.875525,-33.1931433,0 -70.8746316,-33.1978183,0</coordinates></LineString></Placemark><Placemark><name>Trabajado - Cuartel 276 - Hilera 1511</name><Style><LineStyle><color>ff00ff00</color><width>3</width></LineStyle></Style><LineString><coordinates>-70.8746316,-33.1978183,0 -70.8756049,-33.193155,0</coordinates></LineString></Placemark><Placemark><name>Trabajado - Cuartel 276 - Hilera 1512</name><Style><LineStyle><color>ff00ff00</color><width>3</width></LineStyle></Style><LineString><coordinates>-70.8756049,-33.193155,0 -70.8757166,-33.1931566,0</coordinates></LineString></Placemark><Placemark><name>Trabajado - Cuartel 276 - Hilera 1513</name><Style><LineStyle><color>ff00ff00</color><width>3</width></LineStyle></Style><LineString><coordinates>-70.8757216,-33.1931033,0 -70.8755716,-33.1931433,0</coordinates></LineString></Placemark><Placemark><name>Trabajado - Cuartel 276 - Hilera 1514</name><Style><LineStyle><color>ff00ff00</color><width>3</width></LineStyle></Style><LineString><coordinates>-70.8755716,-33.1931433,0 -70.8746233,-33.1977683,0</coordinates></LineString></Placemark><Placemark><name>Trabajado - Cuartel 276 - Hilera 1516</name><Style><LineStyle><color>ff00ff00</color><width>3</width></LineStyle></Style><LineString><coordinates>-70.87563052057037,-33.19319285134405,0 -70.87471,-33.19773,0</coordinates></LineString></Placemark><Placemark><name>Trabajado - Cuartel 276 - Hilera 1517</name><Style><LineStyle><color>ff00ff00</color><width>3</width></LineStyle></Style><LineString><coordinates>-70.87471,-33.19773,0 -70.8756866,-33.1931816,0</coordinates></LineString></Placemark><Placemark><name>Trabajado - Cuartel 276 - Hilera 1518</name><Style><LineStyle><color>ff00ff00</color><width>3</width></LineStyle></Style><LineString><coordinates>-70.8757633,-33.1931333,0 -70.8756449,-33.1931949,0</coordinates></LineString></Placemark><Placemark><name>Trabajado - Cuartel 276 - Hilera 1519</name><Style><LineStyle><color>ff00ff00</color><width>3</width></LineStyle></Style><LineString><coordinates>-70.875675,-33.19318,0 -70.87731595044627,-33.19338629091325,0</coordinates></LineString></Placemark><Placemark><name>Trabajado - Cuartel 276 - Hilera 1520</name><Style><LineStyle><color>ff00ff00</color><width>3</width></LineStyle></Style><LineString><coordinates>-70.87682941450088,-33.193371640131666,0 -70.87516,-33.1930449,0</coordinates></LineString></Placemark><Placemark><name>Trabajado - Cuartel 276 - Hilera 1531</name><Style><LineStyle><color>ff00ff00</color><width>3</width></LineStyle></Style><LineString><coordinates>-70.8751483,-33.1930116,0 -70.87635767944275,-33.193208318145395,0</coordinates></LineString></Placemark><Placemark><name>Trabajado - Cuartel 276 - Hilera 1532</name><Style><LineStyle><color>ff00ff00</color><width>3</width></LineStyle></Style><LineString><coordinates>-70.8757016,-33.1931016,0 -70.8747916,-33.19779,0</coordinates></LineString></Placemark><Placemark><name>Trabajado - Cuartel 276 - Hilera 1533</name><Style><LineStyle><color>ff00ff00</color><width>3</width></LineStyle></Style><LineString><coordinates>-70.8747916,-33.19779,0 -70.8757416,-33.1931533,0</coordinates></LineString></Placemark><Placemark><name>Trabajado - Cuartel 276 - Hilera 1534</name><Style><LineStyle><color>ff00ff00</color><width>3</width></LineStyle></Style><LineString><coordinates>-70.87572590839645,-33.193152390612646,0 -70.8747899,-33.197695,0</coordinates></LineString></Placemark><Placemark><name>Trabajado - Cuartel 276 - Hilera 1535</name><Style><LineStyle><color>ff00ff00</color><width>3</width></LineStyle></Style><LineString><coordinates>-70.8757816,-33.1931433,0 -70.8748866,-33.1978016,0</coordinates></LineString></Placemark><Placemark><name>Trabajado - Cuartel 276 - Hilera 1536</name><Style><LineStyle><color>ff00ff00</color><width>3</width></LineStyle></Style><LineString><coordinates>-70.87577,-33.1933299,0 -70.8759216,-33.1931683,0</coordinates></LineString></Placemark><Placemark><name>Trabajado - Cuartel 276 - Hilera 1537</name><Style><LineStyle><color>ff00ff00</color><width>3</width></LineStyle></Style><LineString><coordinates>-70.87597040151945,-33.19312771735155,0 -70.87579,-33.1931933,0</coordinates></LineString></Placemark><Placemark><name>Trabajado - Cuartel 276 - Hilera 1538</name><Style><LineStyle><color>ff00ff00</color><width>3</width></LineStyle></Style><LineString><coordinates>-70.87579,-33.1931933,0 -70.8748816,-33.197655,0</coordinates></LineString></Placemark><Placemark><name>Trabajado - Cuartel 276 - Hilera 1539</name><Style><LineStyle><color>ff00ff00</color><width>3</width></LineStyle></Style><LineString><coordinates>-70.8758166,-33.1931866,0 -70.8749216,-33.1977733,0</coordinates></LineString></Placemark><Placemark><name>Trabajado - Cuartel 276 - Hilera 1540</name><Style><LineStyle><color>ff00ff00</color><width>3</width></LineStyle></Style><LineString><coordinates>-70.8749216,-33.1977733,0 -70.8758916,-33.1931699,0</coordinates></LineString></Placemark><Placemark><name>Trabajado - Cuartel 276 - Hilera 1544</name><Style><LineStyle><color>ff00ff00</color><width>3</width></LineStyle></Style><LineString><coordinates>-70.874925,-33.19778,0 -70.8758433,-33.1932133,0</coordinates></LineString></Placemark><Placemark><name>Trabajado - Cuartel 276 - Hilera 1545</name><Style><LineStyle><color>ff00ff00</color><width>3</width></LineStyle></Style><LineString><coordinates>-70.8759149,-33.1931916,0 -70.87499440441582,-33.19781299290285,0</coordinates></LineString></Placemark><Placemark><name>Trabajado - Cuartel 276 - Hilera 1546</name><Style><LineStyle><color>ff00ff00</color><width>3</width></LineStyle></Style><LineString><coordinates>-70.8759583,-33.1932033,0 -70.8758866,-33.1932533,0</coordinates></LineString></Placemark><Placemark><name>Trabajado - Cuartel 276 - Hilera 1547</name><Style><LineStyle><color>ff00ff00</color><width>3</width></LineStyle></Style><LineString><coordinates>-70.8749966,-33.1978133,0 -70.8759466,-33.193235,0</coordinates></LineString></Placemark><Placemark><name>Trabajado - Cuartel 276 - Hilera 1548</name><Style><LineStyle><color>ff00ff00</color><width>3</width></LineStyle></Style><LineString><coordinates>-70.87598,-33.1932333,0 -70.875085,-33.1977733,0</coordinates></LineString></Placemark><Placemark><name>Trabajado - Cuartel 276 - Hilera 1549</name><Style><LineStyle><color>ff00ff00</color><width>3</width></LineStyle></Style><LineString><coordinates>-70.875995,-33.1932566,0 -70.8760966,-33.1932116,0</coordinates></LineString></Placemark><Placemark><name>Trabajado - Cuartel 276 - Hilera 1550</name><Style><LineStyle><color>ff00ff00</color><width>3</width></LineStyle></Style><LineString><coordinates>-70.8760083,-33.193225,0 -70.8750649,-33.1977999,0</coordinates></LineString></Placemark><Placemark><name>Trabajado - Cuartel 276 - Hilera 1551</name><Style><LineStyle><color>ff00ff00</color><width>3</width></LineStyle></Style><LineString><coordinates>-70.8750649,-33.1977999,0 -70.8760766,-33.1932433,0</coordinates></LineString></Placemark><Placemark><name>Trabajado - Cuartel 276 - Hilera 1552</name><Style><LineStyle><color>ff00ff00</color><width>3</width></LineStyle></Style><LineString><coordinates>-70.876105,-33.1932516,0 -70.8751616,-33.1977,0</coordinates></LineString></Placemark><Placemark><name>Trabajado - Cuartel 276 - Hilera 1553</name><Style><LineStyle><color>ff00ff00</color><width>3</width></LineStyle></Style><LineString><coordinates>-70.8751616,-33.1977,0 -70.8761533,-33.19325,0</coordinates></LineString></Placemark><Placemark><name>Trabajado - Cuartel 276 - Hilera 1554</name><Style><LineStyle><color>ff00ff00</color><width>3</width></LineStyle></Style><LineString><coordinates>-70.87614691207251,-33.19314407694057,0 -70.8751883,-33.1977466,0</coordinates></LineString></Placemark><Placemark><name>Trabajado - Cuartel 276 - Hilera 1555</name><Style><LineStyle><color>ff00ff00</color><width>3</width></LineStyle></Style><LineString><coordinates>-70.87621110966421,-33.19317482941907,0 -70.8752733,-33.1977499,0</coordinates></LineString></Placemark><Placemark><name>Trabajado - Cuartel 276 - Hilera 1556</name><Style><LineStyle><color>ff00ff00</color><width>3</width></LineStyle></Style><LineString><coordinates>-70.8752733,-33.1977499,0 -70.87623,-33.1932466,0</coordinates></LineString></Placemark><Placemark><name>Trabajado - Cuartel 276 - Hilera 1558</name><Style><LineStyle><color>ff00ff00</color><width>3</width></LineStyle></Style><LineString><coordinates>-70.8761316,-33.1932333,0 -70.8762116,-33.1931749,0</coordinates></LineString></Placemark><Placemark><name>Trabajado - Cuartel 276 - Hilera 1559</name><Style><LineStyle><color>ff00ff00</color><width>3</width></LineStyle></Style><LineString><coordinates>-70.87523,-33.1977483,0 -70.8761533,-33.1932283,0</coordinates></LineString></Placemark><Placemark><name>Trabajado - Cuartel 276 - Hilera 1560</name><Style><LineStyle><color>ff00ff00</color><width>3</width></LineStyle></Style><LineString><coordinates>-70.876205,-33.193215,0 -70.8753483,-33.1976433,0</coordinates></LineString></Placemark><Placemark><name>Trabajado - Cuartel 276 - Hilera 1561</name><Style><LineStyle><color>ff00ff00</color><width>3</width></LineStyle></Style><LineString><coordinates>-70.8753321670285,-33.19772317996126,0 -70.87624530319373,-33.19320192474852,0</coordinates></LineString></Placemark><Placemark><name>Trabajado - Cuartel 276 - Hilera 1562</name><Style><LineStyle><color>ff00ff00</color><width>3</width></LineStyle></Style><LineString><coordinates>-70.8762383,-33.1932366,0 -70.8763983,-33.1932183,0</coordinates></LineString></Placemark><Placemark><name>Trabajado - Cuartel 276 - Hilera 1563</name><Style><LineStyle><color>ff00ff00</color><width>3</width></LineStyle></Style><LineString><coordinates>-70.8762483,-33.1932083,0 -70.8774016,-33.1933983,0</coordinates></LineString></Placemark><Placemark><name>Trabajado - Cuartel 276 - Hilera 1564</name><Style><LineStyle><color>ff00ff00</color><width>3</width></LineStyle></Style><LineString><coordinates>-70.8774016,-33.1933983,0 -70.8772716,-33.1939033,0</coordinates></LineString></Placemark><Placemark><name>Trabajado - Cuartel 276 - Hilera 1565</name><Style><LineStyle><color>ff00ff00</color><width>3</width></LineStyle></Style><LineString><coordinates>-70.877315,-33.1938666,0 -70.8774,-33.1934616,0</coordinates></LineString></Placemark><Placemark><name>Trabajado - Cuartel 276 - Hilera 1566</name><Style><LineStyle><color>ff00ff00</color><width>3</width></LineStyle></Style><LineString><coordinates>-70.8773733,-33.1934333,0 -70.8762516,-33.1933033,0</coordinates></LineString></Placemark><Placemark><name>Trabajado - Cuartel 276 - Hilera 1567</name><Style><LineStyle><color>ff00ff00</color><width>3</width></LineStyle></Style><LineString><coordinates>-70.8762516,-33.1933033,0 -70.87539,-33.1976816,0</coordinates></LineString></Placemark><Placemark><name>Trabajado - Cuartel 276 - Hilera 1568</name><Style><LineStyle><color>ff00ff00</color><width>3</width></LineStyle></Style><LineString><coordinates>-70.87539,-33.1976816,0 -70.8763199,-33.19325,0</coordinates></LineString></Placemark><Placemark><name>Trabajado - Cuartel 276 - Hilera 1569</name><Style><LineStyle><color>ff00ff00</color><width>3</width></LineStyle></Style><LineString><coordinates>-70.8762783,-33.1932633,0 -70.8754166,-33.1976299,0</coordinates></LineString></Placemark><Placemark><name>Trabajado - Cuartel 276 - Hilera 1570</name><Style><LineStyle><color>ff00ff00</color><width>3</width></LineStyle></Style><LineString><coordinates>-70.876295,-33.1932666,0 -70.8764483,-33.1932283,0</coordinates></LineString></Placemark><Placemark><name>Trabajado - Cuartel 276 - Hilera 1571</name><Style><LineStyle><color>ff00ff00</color><width>3</width></LineStyle></Style><LineString><coordinates>-70.8763916,-33.1932366,0 -70.8754483,-33.1977516,0</coordinates></LineString></Placemark><Placemark><name>Trabajado - Cuartel 276 - Hilera 1572</name><Style><LineStyle><color>ff00ff00</color><width>3</width></LineStyle></Style><LineString><coordinates>-70.8763966,-33.1932466,0 -70.8763383,-33.1933216,0</coordinates></LineString></Placemark><Placemark><name>Trabajado - Cuartel 276 - Hilera 1573</name><Style><LineStyle><color>ff00ff00</color><width>3</width></LineStyle></Style><LineString><coordinates>-70.87634940697912,-33.193263398107185,0 -70.8754983,-33.1977233,0</coordinates></LineString></Placemark><Placemark><name>Trabajado - Cuartel 276 - Hilera 1574</name><Style><LineStyle><color>ff00ff00</color><width>3</width></LineStyle></Style><LineString><coordinates>-70.87641,-33.19326,0 -70.87556797764974,-33.19769955926775,0</coordinates></LineString></Placemark><Placemark><name>Trabajado - Cuartel 276 - Hilera 1575</name><Style><LineStyle><color>ff00ff00</color><width>3</width></LineStyle></Style><LineString><coordinates>-70.8755833,-33.1977016,0 -70.87647,-33.193285,0</coordinates></LineString></Placemark><Placemark><name>Trabajado - Cuartel 276 - Hilera 1576</name><Style><LineStyle><color>ff00ff00</color><width>3</width></LineStyle></Style><LineString><coordinates>-70.8764466,-33.1932549,0 -70.8756016,-33.1976883,0</coordinates></LineString></Placemark><Placemark><name>Trabajado - Cuartel 276 - Hilera 1577</name><Style><LineStyle><color>ff00ff00</color><width>3</width></LineStyle></Style><LineString><coordinates>-70.8765116,-33.1932416,0 -70.8756933,-33.1975933,0</coordinates></LineString></Placemark><Placemark><name>Trabajado - Cuartel 276 - Hilera 1578</name><Style><LineStyle><color>ff00ff00</color><width>3</width></LineStyle></Style><LineString><coordinates>-70.8767049,-33.19325,0 -70.8765283,-33.1932883,0</coordinates></LineString></Placemark><Placemark><name>Trabajado - Cuartel 276 - Hilera 1579</name><Style><LineStyle><color>ff00ff00</color><width>3</width></LineStyle></Style><LineString><coordinates>-70.87653338069651,-33.19326259341938,0 -70.87566,-33.1976816,0</coordinates></LineString></Placemark><Placemark><name>Trabajado - Cuartel 276 - Hilera 1580</name><Style><LineStyle><color>ff00ff00</color><width>3</width></LineStyle></Style><LineString><coordinates>-70.876595,-33.1932633,0 -70.8757516,-33.1975816,0</coordinates></LineString></Placemark><Placemark><name>Trabajado - Cuartel 276 - Hilera 1581</name><Style><LineStyle><color>ff00ff00</color><width>3</width></LineStyle></Style><LineString><coordinates>-70.87575145418312,-33.197582304522705,0 -70.8766433,-33.1932733,0</coordinates></LineString></Placemark><Placemark><name>Trabajado - Cuartel 276 - Hilera 1582</name><Style><LineStyle><color>ff00ff00</color><width>3</width></LineStyle></Style><LineString><coordinates>-70.8767083,-33.1932649,0 -70.8772616,-33.193445,0</coordinates></LineString></Placemark><Placemark><name>Trabajado - Cuartel 276 - Hilera 1583</name><Style><LineStyle><color>ff00ff00</color><width>3</width></LineStyle></Style><LineString><coordinates>-70.8765916,-33.193315,0 -70.8757183,-33.1975516,0</coordinates></LineString></Placemark><Placemark><name>Trabajado - Cuartel 276 - Hilera 1584</name><Style><LineStyle><color>ff00ff00</color><width>3</width></LineStyle></Style><LineString><coordinates>-70.8766766,-33.1932983,0 -70.8757749,-33.1976516,0</coordinates></LineString></Placemark><Placemark><name>Trabajado - Cuartel 276 - Hilera 1585</name><Style><LineStyle><color>ff00ff00</color><width>3</width></LineStyle></Style><LineString><coordinates>-70.8757749,-33.1976516,0 -70.8767133,-33.1933299,0</coordinates></LineString></Placemark><Placemark><name>Trabajado - Cuartel 276 - Hilera 1586</name><Style><LineStyle><color>ff00ff00</color><width>3</width></LineStyle></Style><LineString><coordinates>-70.8767133,-33.1933299,0 -70.8767899,-33.1932933,0</coordinates></LineString></Placemark><Placemark><name>Trabajado - Cuartel 276 - Hilera 1587</name><Style><LineStyle><color>ff00ff00</color><width>3</width></LineStyle></Style><LineString><coordinates>-70.8767899,-33.1932933,0 -70.8766733,-33.19341,0</coordinates></LineString></Placemark><Placemark><name>Trabajado - Cuartel 276 - Hilera 1588</name><Style><LineStyle><color>ff00ff00</color><width>3</width></LineStyle></Style><LineString><coordinates>-70.8766733,-33.19341,0 -70.8758166,-33.1976683,0</coordinates></LineString></Placemark><Placemark><name>Trabajado - Cuartel 276 - Hilera 1589</name><Style><LineStyle><color>ff00ff00</color><width>3</width></LineStyle></Style><LineString><coordinates>-70.8758166,-33.1976683,0 -70.8766483,-33.19335,0</coordinates></LineString></Placemark><Placemark><name>Trabajado - Cuartel 276 - Hilera 1590</name><Style><LineStyle><color>ff00ff00</color><width>3</width></LineStyle></Style><LineString><coordinates>-70.876695,-33.1933333,0 -70.8758716,-33.1976116,0</coordinates></LineString></Placemark><Placemark><name>Trabajado - Cuartel 276 - Hilera 1591</name><Style><LineStyle><color>ff00ff00</color><width>3</width></LineStyle></Style><LineString><coordinates>-70.8758716,-33.1976116,0 -70.8768016,-33.1933283,0</coordinates></LineString></Placemark><Placemark><name>Trabajado - Cuartel 276 - Hilera 1592</name><Style><LineStyle><color>ff00ff00</color><width>3</width></LineStyle></Style><LineString><coordinates>-70.8767349,-33.1933466,0 -70.875895,-33.1975183,0</coordinates></LineString></Placemark><Placemark><name>Trabajado - Cuartel 276 - Hilera 1593</name><Style><LineStyle><color>ff00ff00</color><width>3</width></LineStyle></Style><LineString><coordinates>-70.8768383,-33.1933516,0 -70.8759533,-33.197635,0</coordinates></LineString></Placemark><Placemark><name>Trabajado - Cuartel 276 - Hilera 1594</name><Style><LineStyle><color>ff00ff00</color><width>3</width></LineStyle></Style><LineString><coordinates>-70.8768116,-33.1933949,0 -70.8768849,-33.1933449,0</coordinates></LineString></Placemark><Placemark><name>Trabajado - Cuartel 276 - Hilera 1609</name><Style><LineStyle><color>ff00ff00</color><width>3</width></LineStyle></Style><LineString><coordinates>-70.8751166,-33.1929716,0 -70.8768516,-33.1932783,0</coordinates></LineString></Placemark><Placemark><name>Trabajado - Cuartel 276 - Hilera 1610</name><Style><LineStyle><color>ff00ff00</color><width>3</width></LineStyle></Style><LineString><coordinates>-70.8768516,-33.1932783,0 -70.87595,-33.1974983,0</coordinates></LineString></Placemark><Placemark><name>Trabajado - Cuartel 276 - Hilera 1611</name><Style><LineStyle><color>ff00ff00</color><width>3</width></LineStyle></Style><LineString><coordinates>-70.8774216,-33.19345,0 -70.8762466,-33.19762,0</coordinates></LineString></Placemark><Placemark><name>Trabajado - Cuartel 276 - Hilera 1612</name><Style><LineStyle><color>ff00ff00</color><width>3</width></LineStyle></Style><LineString><coordinates>-70.8762666,-33.1975983,0 -70.8770430396556,-33.19382713106127,0</coordinates></LineString></Placemark><Placemark><name>Trabajado - Cuartel 276 - Hilera 1613</name><Style><LineStyle><color>ff00ff00</color><width>3</width></LineStyle></Style><LineString><coordinates>-70.876935,-33.1946283,0 -70.8770533,-33.19468,0</coordinates></LineString></Placemark><Placemark><name>Trabajado - Cuartel 276 - Hilera 1614</name><Style><LineStyle><color>ff00ff00</color><width>3</width></LineStyle></Style><LineString><coordinates>-70.877085,-33.194725,0 -70.876945,-33.1945399,0</coordinates></LineString></Placemark><Placemark><name>Trabajado - Cuartel 276 - Hilera 1615</name><Style><LineStyle><color>ff00ff00</color><width>3</width></LineStyle></Style><LineString><coordinates>-70.87690705806513,-33.19462179564042,0 -70.87746,-33.1934283,0</coordinates></LineString></Placemark><Placemark><name>Trabajado - Cuartel 276 - Hilera 1616</name><Style><LineStyle><color>ff00ff00</color><width>3</width></LineStyle></Style><LineString><coordinates>-70.87742,-33.1933999,0 -70.876875,-33.1945066,0</coordinates></LineString></Placemark><Placemark><name>Trabajado - Cuartel 276 - Hilera 1617</name><Style><LineStyle><color>ff00ff00</color><width>3</width></LineStyle></Style><LineString><coordinates>-70.8768566,-33.194455,0 -70.8762366,-33.1976499,0</coordinates></LineString></Placemark><Placemark><name>Trabajado - Cuartel 276 - Hilera 1618</name><Style><LineStyle><color>ff00ff00</color><width>3</width></LineStyle></Style><LineString><coordinates>-70.8761399,-33.1976716,0 -70.8770666,-33.193375,0</coordinates></LineString></Placemark><Placemark><name>Trabajado - Cuartel 276 - Hilera 1619</name><Style><LineStyle><color>ff00ff00</color><width>3</width></LineStyle></Style><LineString><coordinates>-70.8770666,-33.193375,0 -70.8772283,-33.1933383,0</coordinates></LineString></Placemark><Placemark><name>Trabajado - Cuartel 276 - Hilera 1620</name><Style><LineStyle><color>ff00ff00</color><width>3</width></LineStyle></Style><LineString><coordinates>-70.8772133,-33.1933249,0 -70.87693990986918,-33.193314812179295,0</coordinates></LineString></Placemark><Placemark><name>Trabajado - Cuartel 276 - Hilera 1621</name><Style><LineStyle><color>ff00ff00</color><width>3</width></LineStyle></Style><LineString><coordinates>-70.8769167367597,-33.19331165101936,0 -70.8760266,-33.197635,0</coordinates></LineString></Placemark><Placemark><name>Trabajado - Cuartel 276 - Hilera 1622</name><Style><LineStyle><color>ff00ff00</color><width>3</width></LineStyle></Style><LineString><coordinates>-70.8760416,-33.1975933,0 -70.87687,-33.193375,0</coordinates></LineString></Placemark><Placemark><name>Trabajado - Cuartel 276 - Hilera 1623</name><Style><LineStyle><color>ff00ff00</color><width>3</width></LineStyle></Style><LineString><coordinates>-70.87691,-33.193365,0 -70.8761,-33.1975066,0</coordinates></LineString></Placemark><Placemark><name>Trabajado - Cuartel 276 - Hilera 1625</name><Style><LineStyle><color>ff00ff00</color><width>3</width></LineStyle></Style><LineString><coordinates>-70.87616659646568,-33.19760999955987,0 -70.876925,-33.1933333,0</coordinates></LineString></Placemark><Placemark><name>Trabajado - Cuartel 276 - Hilera 1626</name><Style><LineStyle><color>ff00ff00</color><width>3</width></LineStyle></Style><LineString><coordinates>-70.8769399,-33.1933583,0 -70.8760933,-33.197615,0</coordinates></LineString></Placemark><Placemark><name>Trabajado - Cuartel 276 - Hilera 1627</name><Style><LineStyle><color>ff00ff00</color><width>3</width></LineStyle></Style><LineString><coordinates>-70.87611130845187,-33.1976341767825,0 -70.8769533,-33.19338,0</coordinates></LineString></Placemark><Placemark><name>Trabajado - Cuartel 276 - Hilera 1628</name><Style><LineStyle><color>ff00ff00</color><width>3</width></LineStyle></Style><LineString><coordinates>-70.8770416,-33.1933666,0 -70.8761666,-33.19761,0</coordinates></LineString></Placemark><Placemark><name>Trabajado - Cuartel 276 - Hilera 1629</name><Style><LineStyle><color>ff00ff00</color><width>3</width></LineStyle></Style><LineString><coordinates>-70.8765816,-33.1953966,0 -70.87713845311389,-33.19480733744558,0</coordinates></LineString></Placemark><Placemark><name>Trabajado - Cuartel 276 - Hilera 1630</name><Style><LineStyle><color>ff00ff00</color><width>3</width></LineStyle></Style><LineString><coordinates>-70.8769666,-33.1933966,0 -70.8761266,-33.1973383,0</coordinates></LineString></Placemark><Placemark><name>Trabajado - Cuartel 276 - Hilera 1632</name><Style><LineStyle><color>ff00ff00</color><width>3</width></LineStyle></Style><LineString><coordinates>-70.8762683,-33.1976499,0 -70.87709,-33.1933233,0</coordinates></LineString></Placemark><Placemark><name>Trabajado - Cuartel 276 - Hilera 1633</name><Style><LineStyle><color>ff00ff00</color><width>3</width></LineStyle></Style><LineString><coordinates>-70.8770783,-33.1933299,0 -70.87694724199629,-33.19462763635294,0</coordinates></LineString></Placemark><Placemark><name>Trabajado - Cuartel 276 - Hilera 1634</name><Style><LineStyle><color>ff00ff00</color><width>3</width></LineStyle></Style><LineString><coordinates>-70.876905,-33.1944016,0 -70.8773033,-33.1934283,0</coordinates></LineString></Placemark><Placemark><name>Trabajado - Cuartel 276 - Hilera 1635</name><Style><LineStyle><color>ff00ff00</color><width>3</width></LineStyle></Style><LineString><coordinates>-70.8773033,-33.1934283,0 -70.8772128665202,-33.19412765224379,0</coordinates></LineString></Placemark><Placemark><name>Trabajado - Cuartel 276 - Hilera 1636</name><Style><LineStyle><color>ff00ff00</color><width>3</width></LineStyle></Style><LineString><coordinates>-70.87731458544596,-33.19340619084752,0 -70.8771598931292,-33.19420603098407,0</coordinates></LineString></Placemark><Placemark><name>Trabajado - Cuartel 276 - Hilera 1637</name><Style><LineStyle><color>ff00ff00</color><width>3</width></LineStyle></Style><LineString><coordinates>-70.8771183,-33.1940616,0 -70.87695003811476,-33.19461956924876,0</coordinates></LineString></Placemark><Placemark><name>Trabajado - Cuartel 276 - Hilera 1638</name><Style><LineStyle><color>ff00ff00</color><width>3</width></LineStyle></Style><LineString><coordinates>-70.87706571630545,-33.19425842120445,0 -70.8772483,-33.1933949,0</coordinates></LineString></Placemark><Placemark><name>Trabajado - Cuartel 276 - Hilera 1639</name><Style><LineStyle><color>ff00ff00</color><width>3</width></LineStyle></Style><LineString><coordinates>-70.8771516,-33.1939633,0 -70.8772149,-33.1933866,0</coordinates></LineString></Placemark><Placemark><name>Trabajado - Cuartel 276 - Hilera 1640</name><Style><LineStyle><color>ff00ff00</color><width>3</width></LineStyle></Style><LineString><coordinates>-70.87721971239007,-33.193359705156006,0 -70.8770360529387,-33.19438611660987,0</coordinates></LineString></Placemark><Placemark><name>Trabajado - Cuartel 276 - Hilera 1641</name><Style><LineStyle><color>ff00ff00</color><width>3</width></LineStyle></Style><LineString><coordinates>-70.877195,-33.1933566,0 -70.87695280736243,-33.194474244585344,0</coordinates></LineString></Placemark><Placemark><name>Trabajado - Cuartel 276 - Hilera 1642</name><Style><LineStyle><color>ff00ff00</color><width>3</width></LineStyle></Style><LineString><coordinates>-70.8770416,-33.1941666,0 -70.8772099,-33.1933583,0</coordinates></LineString></Placemark><Placemark><name>Trabajado - Cuartel 276 - Hilera 1643</name><Style><LineStyle><color>ff00ff00</color><width>3</width></LineStyle></Style><LineString><coordinates>-70.877145,-33.193335,0 -70.8769966,-33.19443,0</coordinates></LineString></Placemark><Placemark><name>Trabajado - Cuartel 276 - Hilera 1644</name><Style><LineStyle><color>ff00ff00</color><width>3</width></LineStyle></Style><LineString><coordinates>-70.8769966,-33.19443,0 -70.8769133,-33.1944633,0</coordinates></LineString></Placemark><Placemark><name>Trabajado - Cuartel 276 - Hilera 1645</name><Style><LineStyle><color>ff00ff00</color><width>3</width></LineStyle></Style><LineString><coordinates>-70.8769133,-33.1944633,0 -70.8770783,-33.1933783,0</coordinates></LineString></Placemark><Placemark><name>Trabajado - Cuartel 276 - Hilera 1646</name><Style><LineStyle><color>ff00ff00</color><width>3</width></LineStyle></Style><LineString><coordinates>-70.87697797671215,-33.1946434782686,0 -70.8771916,-33.1933449,0</coordinates></LineString></Placemark><Placemark><name>Trabajado - Cuartel 276 - Hilera 1647</name><Style><LineStyle><color>ff00ff00</color><width>3</width></LineStyle></Style><LineString><coordinates>-70.8772933,-33.1934033,0 -70.8768999,-33.1946683,0</coordinates></LineString></Placemark><Placemark><name>Trabajado - Cuartel 276 - Hilera 1648</name><Style><LineStyle><color>ff00ff00</color><width>3</width></LineStyle></Style><LineString><coordinates>-70.8769466,-33.194635,0 -70.8770266,-33.1947049,0</coordinates></LineString></Placemark><Placemark><name>Trabajado - Cuartel 276 - Hilera 1649</name><Style><LineStyle><color>ff00ff00</color><width>3</width></LineStyle></Style><LineString><coordinates>-70.8770266,-33.1947049,0 -70.8768416,-33.1948966,0</coordinates></LineString></Placemark><Placemark><name>Trabajado - Cuartel 276 - Hilera 1650</name><Style><LineStyle><color>ff00ff00</color><width>3</width></LineStyle></Style><LineString><coordinates>-70.8768449,-33.1949199,0 -70.87697,-33.19472,0</coordinates></LineString></Placemark><Placemark><name>Trabajado - Cuartel 276 - Hilera 1651</name><Style><LineStyle><color>ff00ff00</color><width>3</width></LineStyle></Style><LineString><coordinates>-70.87693981241097,-33.19465840203437,0 -70.879505,-33.1963633,0</coordinates></LineString></Placemark><Placemark><name>Trabajado - Cuartel 276 - Hilera 1652</name><Style><LineStyle><color>ff00ff00</color><width>3</width></LineStyle></Style><LineString><coordinates>-70.88114238928469,-33.19748126995337,0 -70.8769516,-33.1946199,0</coordinates></LineString></Placemark><Placemark><name>Trabajado - Cuartel 276 - Hilera 1653</name><Style><LineStyle><color>ff00ff00</color><width>3</width></LineStyle></Style><LineString><coordinates>-70.8770533,-33.1942549,0 -70.8768133,-33.1949033,0</coordinates></LineString></Placemark><Placemark><name>Trabajado - Cuartel 276 - Hilera 1654</name><Style><LineStyle><color>ff00ff00</color><width>3</width></LineStyle></Style><LineString><coordinates>-70.8768133,-33.1949033,0 -70.8769333,-33.1947383,0</coordinates></LineString></Placemark><Placemark><name>Trabajado - Cuartel 276 - Hilera 1655</name><Style><LineStyle><color>ff00ff00</color><width>3</width></LineStyle></Style><LineString><coordinates>-70.87696150821932,-33.1946914335483,0 -70.88108794945019,-33.19750165017793,0</coordinates></LineString></Placemark><Placemark><name>Trabajado - Cuartel 276 - Hilera 1656</name><Style><LineStyle><color>ff00ff00</color><width>3</width></LineStyle></Style><LineString><coordinates>-70.8770649,-33.19473,0 -70.87680721948584,-33.195006671090454,0</coordinates></LineString></Placemark><Placemark><name>Trabajado - Cuartel 276 - Hilera 1657</name><Style><LineStyle><color>ff00ff00</color><width>3</width></LineStyle></Style><LineString><coordinates>-70.8768316,-33.1950383,0 -70.877085,-33.1947749,0</coordinates></LineString></Placemark><Placemark><name>Trabajado - Cuartel 276 - Hilera 1658</name><Style><LineStyle><color>ff00ff00</color><width>3</width></LineStyle></Style><LineString><coordinates>-70.8770416,-33.1947866,0 -70.876825,-33.1950183,0</coordinates></LineString></Placemark><Placemark><name>Trabajado - Cuartel 276 - Hilera 1659</name><Style><LineStyle><color>ff00ff00</color><width>3</width></LineStyle></Style><LineString><coordinates>-70.8769949,-33.1947983,0 -70.8770916,-33.1947883,0</coordinates></LineString></Placemark><Placemark><name>Trabajado - Cuartel 276 - Hilera 1660</name><Style><LineStyle><color>ff00ff00</color><width>3</width></LineStyle></Style><LineString><coordinates>-70.8770916,-33.1947883,0 -70.8768383,-33.1951216,0</coordinates></LineString></Placemark><Placemark><name>Trabajado - Cuartel 276 - Hilera 1661</name><Style><LineStyle><color>ff00ff00</color><width>3</width></LineStyle></Style><LineString><coordinates>-70.8771116,-33.1948116,0 -70.87683,-33.19517,0</coordinates></LineString></Placemark><Placemark><name>Trabajado - Cuartel 276 - Hilera 1662</name><Style><LineStyle><color>ff00ff00</color><width>3</width></LineStyle></Style><LineString><coordinates>-70.8771,-33.1948383,0 -70.8767816,-33.1952799,0</coordinates></LineString></Placemark><Placemark><name>Trabajado - Cuartel 276 - Hilera 1663</name><Style><LineStyle><color>ff00ff00</color><width>3</width></LineStyle></Style><LineString><coordinates>-70.87676602251216,-33.19529459567696,0 -70.87724342151833,-33.194844221287504,0</coordinates></LineString></Placemark><Placemark><name>Trabajado - Cuartel 276 - Hilera 1664</name><Style><LineStyle><color>ff00ff00</color><width>3</width></LineStyle></Style><LineString><coordinates>-70.87678,-33.195305,0 -70.8769866,-33.1951066,0</coordinates></LineString></Placemark><Placemark><name>Trabajado - Cuartel 276 - Hilera 1665</name><Style><LineStyle><color>ff00ff00</color><width>3</width></LineStyle></Style><LineString><coordinates>-70.8770233,-33.1951016,0 -70.8770916,-33.19504,0</coordinates></LineString></Placemark><Placemark><name>Trabajado - Cuartel 276 - Hilera 1666</name><Style><LineStyle><color>ff00ff00</color><width>3</width></LineStyle></Style><LineString><coordinates>-70.8770916,-33.19504,0 -70.8771316,-33.1949316,0</coordinates></LineString></Placemark><Placemark><name>Trabajado - Cuartel 276 - Hilera 1667</name><Style><LineStyle><color>ff00ff00</color><width>3</width></LineStyle></Style><LineString><coordinates>-70.8772399,-33.1948416,0 -70.8766883,-33.1954633,0</coordinates></LineString></Placemark><Placemark><name>Trabajado - Cuartel 276 - Hilera 1668</name><Style><LineStyle><color>ff00ff00</color><width>3</width></LineStyle></Style><LineString><coordinates>-70.8766883,-33.1954633,0 -70.8773016,-33.194925,0</coordinates></LineString></Placemark><Placemark><name>Trabajado - Cuartel 276 - Hilera 1669</name><Style><LineStyle><color>ff00ff00</color><width>3</width></LineStyle></Style><LineString><coordinates>-70.8773016,-33.194925,0 -70.8771399,-33.1949633,0</coordinates></LineString></Placemark><Placemark><name>Trabajado - Cuartel 276 - Hilera 1670</name><Style><LineStyle><color>ff00ff00</color><width>3</width></LineStyle></Style><LineString><coordinates>-70.87724288903983,-33.194833401450026,0 -70.8766468973897,-33.19558511688764,0</coordinates></LineString></Placemark><Placemark><name>Trabajado - Cuartel 276 - Hilera 1671</name><Style><LineStyle><color>ff00ff00</color><width>3</width></LineStyle></Style><LineString><coordinates>-70.8767633,-33.1954383,0 -70.8772933,-33.1949149,0</coordinates></LineString></Placemark><Placemark><name>Trabajado - Cuartel 276 - Hilera 1672</name><Style><LineStyle><color>ff00ff00</color><width>3</width></LineStyle></Style><LineString><coordinates>-70.8772433,-33.1949933,0 -70.8772366,-33.1948299,0</coordinates></LineString></Placemark><Placemark><name>Trabajado - Cuartel 276 - Hilera 1673</name><Style><LineStyle><color>ff00ff00</color><width>3</width></LineStyle></Style><LineString><coordinates>-70.8766483,-33.19562,0 -70.8772933,-33.1949783,0</coordinates></LineString></Placemark><Placemark><name>Trabajado - Cuartel 276 - Hilera 1674</name><Style><LineStyle><color>ff00ff00</color><width>3</width></LineStyle></Style><LineString><coordinates>-70.8772933,-33.1949783,0 -70.8775416,-33.195085,0</coordinates></LineString></Placemark><Placemark><name>Trabajado - Cuartel 276 - Hilera 1675</name><Style><LineStyle><color>ff00ff00</color><width>3</width></LineStyle></Style><LineString><coordinates>-70.87727961792473,-33.19497725505171,0 -70.8766816,-33.1955583,0</coordinates></LineString></Placemark><Placemark><name>Trabajado - Cuartel 276 - Hilera 1676</name><Style><LineStyle><color>ff00ff00</color><width>3</width></LineStyle></Style><LineString><coordinates>-70.8772949,-33.1949883,0 -70.8766633,-33.1957433,0</coordinates></LineString></Placemark><Placemark><name>Trabajado - Cuartel 276 - Hilera 1677</name><Style><LineStyle><color>ff00ff00</color><width>3</width></LineStyle></Style><LineString><coordinates>-70.8767483,-33.195685,0 -70.877195,-33.1951433,0</coordinates></LineString></Placemark><Placemark><name>Trabajado - Cuartel 276 - Hilera 1678</name><Style><LineStyle><color>ff00ff00</color><width>3</width></LineStyle></Style><LineString><coordinates>-70.877195,-33.1951433,0 -70.8774166,-33.1950633,0</coordinates></LineString></Placemark><Placemark><name>Trabajado - Cuartel 276 - Hilera 1679</name><Style><LineStyle><color>ff00ff00</color><width>3</width></LineStyle></Style><LineString><coordinates>-70.87732527005035,-33.19499442342964,0 -70.8766433,-33.1956966,0</coordinates></LineString></Placemark><Placemark><name>Trabajado - Cuartel 276 - Hilera 1680</name><Style><LineStyle><color>ff00ff00</color><width>3</width></LineStyle></Style><LineString><coordinates>-70.8774399,-33.1950183,0 -70.8766883,-33.1958466,0</coordinates></LineString></Placemark><Placemark><name>Trabajado - Cuartel 276 - Hilera 1681</name><Style><LineStyle><color>ff00ff00</color><width>3</width></LineStyle></Style><LineString><coordinates>-70.8774083,-33.1950483,0 -70.8775266,-33.1951033,0</coordinates></LineString></Placemark><Placemark><name>Trabajado - Cuartel 276 - Hilera 1682</name><Style><LineStyle><color>ff00ff00</color><width>3</width></LineStyle></Style><LineString><coordinates>-70.8774433,-33.195035,0 -70.8766599,-33.19585,0</coordinates></LineString></Placemark><Placemark><name>Trabajado - Cuartel 276 - Hilera 1683</name><Style><LineStyle><color>ff00ff00</color><width>3</width></LineStyle></Style><LineString><coordinates>-70.8766516,-33.1958483,0 -70.8773883,-33.1950516,0</coordinates></LineString></Placemark><Placemark><name>Trabajado - Cuartel 276 - Hilera 1684</name><Style><LineStyle><color>ff00ff00</color><width>3</width></LineStyle></Style><LineString><coordinates>-70.8773883,-33.1950516,0 -70.87665,-33.19598,0</coordinates></LineString></Placemark><Placemark><name>Trabajado - Cuartel 276 - Hilera 1685</name><Style><LineStyle><color>ff00ff00</color><width>3</width></LineStyle></Style><LineString><coordinates>-70.8773466,-33.1951383,0 -70.8774433,-33.1950983,0</coordinates></LineString></Placemark><Placemark><name>Trabajado - Cuartel 276 - Hilera 1686</name><Style><LineStyle><color>ff00ff00</color><width>3</width></LineStyle></Style><LineString><coordinates>-70.8774433,-33.1950983,0 -70.877705,-33.195185,0</coordinates></LineString></Placemark><Placemark><name>Trabajado - Cuartel 276 - Hilera 1687</name><Style><LineStyle><color>ff00ff00</color><width>3</width></LineStyle></Style><LineString><coordinates>-70.877455,-33.195095,0 -70.87664,-33.1959766,0</coordinates></LineString></Placemark><Placemark><name>Trabajado - Cuartel 276 - Hilera 1688</name><Style><LineStyle><color>ff00ff00</color><width>3</width></LineStyle></Style><LineString><coordinates>-70.8775033,-33.195105,0 -70.87658389718885,-33.196113782166236,0</coordinates></LineString></Placemark><Placemark><name>Trabajado - Cuartel 276 - Hilera 1689</name><Style><LineStyle><color>ff00ff00</color><width>3</width></LineStyle></Style><LineString><coordinates>-70.8775466,-33.1951216,0 -70.8765883,-33.1961166,0</coordinates></LineString></Placemark><Placemark><name>Trabajado - Cuartel 276 - Hilera 1690</name><Style><LineStyle><color>ff00ff00</color><width>3</width></LineStyle></Style><LineString><coordinates>-70.87763,-33.19515,0 -70.87656634767507,-33.19626364408439,0</coordinates></LineString></Placemark><Placemark><name>Trabajado - Cuartel 276 - Hilera 1691</name><Style><LineStyle><color>ff00ff00</color><width>3</width></LineStyle></Style><LineString><coordinates>-70.8765683,-33.1962616,0 -70.877505,-33.1952,0</coordinates></LineString></Placemark><Placemark><name>Trabajado - Cuartel 276 - Hilera 1692</name><Style><LineStyle><color>ff00ff00</color><width>3</width></LineStyle></Style><LineString><coordinates>-70.877505,-33.1952,0 -70.8776566,-33.1951633,0</coordinates></LineString></Placemark><Placemark><name>Trabajado - Cuartel 276 - Hilera 1693</name><Style><LineStyle><color>ff00ff00</color><width>3</width></LineStyle></Style><LineString><coordinates>-70.877685,-33.1951733,0 -70.8765133,-33.1964216,0</coordinates></LineString></Placemark><Placemark><name>Trabajado - Cuartel 276 - Hilera 1694</name><Style><LineStyle><color>ff00ff00</color><width>3</width></LineStyle></Style><LineString><coordinates>-70.8775883,-33.1952416,0 -70.8777033,-33.1952166,0</coordinates></LineString></Placemark><Placemark><name>Trabajado - Cuartel 276 - Hilera 1695</name><Style><LineStyle><color>ff00ff00</color><width>3</width></LineStyle></Style><LineString><coordinates>-70.8777616,-33.1952183,0 -70.87765,-33.1952016,0</coordinates></LineString></Placemark><Placemark><name>Trabajado - Cuartel 276 - Hilera 1696</name><Style><LineStyle><color>ff00ff00</color><width>3</width></LineStyle></Style><LineString><coordinates>-70.87765,-33.1952016,0 -70.876579898724,-33.19629232244653,0</coordinates></LineString></Placemark><Placemark><name>Trabajado - Cuartel 276 - Hilera 1697</name><Style><LineStyle><color>ff00ff00</color><width>3</width></LineStyle></Style><LineString><coordinates>-70.8776683,-33.1952083,0 -70.8764816,-33.1965566,0</coordinates></LineString></Placemark><Placemark><name>Trabajado - Cuartel 276 - Hilera 1698</name><Style><LineStyle><color>ff00ff00</color><width>3</width></LineStyle></Style><LineString><coordinates>-70.87647546645567,-33.196563131425464,0 -70.8777133,-33.195245,0</coordinates></LineString></Placemark><Placemark><name>Trabajado - Cuartel 276 - Hilera 1699</name><Style><LineStyle><color>ff00ff00</color><width>3</width></LineStyle></Style><LineString><coordinates>-70.8777516,-33.1952533,0 -70.87657,-33.1965399,0</coordinates></LineString></Placemark><Placemark><name>Trabajado - Cuartel 276 - Hilera 1700</name><Style><LineStyle><color>ff00ff00</color><width>3</width></LineStyle></Style><LineString><coordinates>-70.8778083,-33.1952816,0 -70.8764899,-33.1966416,0</coordinates></LineString></Placemark><Placemark><name>Trabajado - Cuartel 276 - Hilera 1701</name><Style><LineStyle><color>ff00ff00</color><width>3</width></LineStyle></Style><LineString><coordinates>-70.877805,-33.1952966,0 -70.8764916,-33.1967916,0</coordinates></LineString></Placemark><Placemark><name>Trabajado - Cuartel 276 - Hilera 1702</name><Style><LineStyle><color>ff00ff00</color><width>3</width></LineStyle></Style><LineString><coordinates>-70.8764916,-33.1967916,0 -70.8779183,-33.1953183,0</coordinates></LineString></Placemark><Placemark><name>Trabajado - Cuartel 276 - Hilera 1703</name><Style><LineStyle><color>ff00ff00</color><width>3</width></LineStyle></Style><LineString><coordinates>-70.8765033,-33.1967816,0 -70.8778299,-33.1953166,0</coordinates></LineString></Placemark><Placemark><name>Trabajado - Cuartel 276 - Hilera 1704</name><Style><LineStyle><color>ff00ff00</color><width>3</width></LineStyle></Style><LineString><coordinates>-70.8778299,-33.1953166,0 -70.8764899,-33.1968883,0</coordinates></LineString></Placemark><Placemark><name>Trabajado - Cuartel 276 - Hilera 1705</name><Style><LineStyle><color>ff00ff00</color><width>3</width></LineStyle></Style><LineString><coordinates>-70.8764899,-33.1968883,0 -70.8779166,-33.1953283,0</coordinates></LineString></Placemark><Placemark><name>Trabajado - Cuartel 276 - Hilera 1706</name><Style><LineStyle><color>ff00ff00</color><width>3</width></LineStyle></Style><LineString><coordinates>-70.87788229901528,-33.19532013050273,0 -70.8764866,-33.19685,0</coordinates></LineString></Placemark><Placemark><name>Trabajado - Cuartel 276 - Hilera 1707</name><Style><LineStyle><color>ff00ff00</color><width>3</width></LineStyle></Style><LineString><coordinates>-70.8779283,-33.195325,0 -70.8764433,-33.197005,0</coordinates></LineString></Placemark><Placemark><name>Trabajado - Cuartel 276 - Hilera 1708</name><Style><LineStyle><color>ff00ff00</color><width>3</width></LineStyle></Style><LineString><coordinates>-70.87639576838734,-33.19709646657391,0 -70.87798334810394,-33.195367651566876,0</coordinates></LineString></Placemark><Placemark><name>Trabajado - Cuartel 276 - Hilera 1709</name><Style><LineStyle><color>ff00ff00</color><width>3</width></LineStyle></Style><LineString><coordinates>-70.87813553542316,-33.195451458512764,0 -70.8778533,-33.1954466,0</coordinates></LineString></Placemark><Placemark><name>Trabajado - Cuartel 276 - Hilera 1710</name><Style><LineStyle><color>ff00ff00</color><width>3</width></LineStyle></Style><LineString><coordinates>-70.876475,-33.1969766,0 -70.877985,-33.1953883,0</coordinates></LineString></Placemark><Placemark><name>Trabajado - Cuartel 276 - Hilera 1711</name><Style><LineStyle><color>ff00ff00</color><width>3</width></LineStyle></Style><LineString><coordinates>-70.87882838209997,-33.196021835030265,0 -70.877005,-33.1947649,0</coordinates></LineString></Placemark><Placemark><name>Trabajado - Cuartel 276 - Hilera 1712</name><Style><LineStyle><color>ff00ff00</color><width>3</width></LineStyle></Style><LineString><coordinates>-70.8769816,-33.1947016,0 -70.8773533,-33.193425,0</coordinates></LineString></Placemark><Placemark><name>Trabajado - Cuartel 276 - Hilera 1726</name><Style><LineStyle><color>ff00ff00</color><width>3</width></LineStyle></Style><LineString><coordinates>-70.8774716,-33.1934983,0 -70.876955,-33.1946049,0</coordinates></LineString></Placemark><Placemark><name>Trabajado - Cuartel 276 - Hilera 1727</name><Style><LineStyle><color>ff00ff00</color><width>3</width></LineStyle></Style><LineString><coordinates>-70.876955,-33.1946049,0 -70.87825208595174,-33.19553619718152,0</coordinates></LineString></Placemark><Placemark><name>Trabajado - Cuartel 276 - Hilera 1729</name><Style><LineStyle><color>ff00ff00</color><width>3</width></LineStyle></Style><LineString><coordinates>-70.87635944346162,-33.19717066343546,0 -70.8780266,-33.1953983,0</coordinates></LineString></Placemark><Placemark><name>Trabajado - Cuartel 276 - Hilera 1730</name><Style><LineStyle><color>ff00ff00</color><width>3</width></LineStyle></Style><LineString><coordinates>-70.8763433,-33.19716,0 -70.8780116,-33.1954499,0</coordinates></LineString></Placemark><Placemark><name>Trabajado - Cuartel 276 - Hilera 1731</name><Style><LineStyle><color>ff00ff00</color><width>3</width></LineStyle></Style><LineString><coordinates>-70.87802469883843,-33.19543567283001,0 -70.8763666,-33.1972366,0</coordinates></LineString></Placemark><Placemark><name>Trabajado - Cuartel 276 - Hilera 1732</name><Style><LineStyle><color>ff00ff00</color><width>3</width></LineStyle></Style><LineString><coordinates>-70.8780483,-33.1954349,0 -70.87638,-33.19719,0</coordinates></LineString></Placemark><Placemark><name>Trabajado - Cuartel 276 - Hilera 1733</name><Style><LineStyle><color>ff00ff00</color><width>3</width></LineStyle></Style><LineString><coordinates>-70.8779383,-33.1955249,0 -70.8763399,-33.197375,0</coordinates></LineString></Placemark><Placemark><name>Trabajado - Cuartel 276 - Hilera 1734</name><Style><LineStyle><color>ff00ff00</color><width>3</width></LineStyle></Style><LineString><coordinates>-70.87633717658811,-33.19737793480657,0 -70.87811112488802,-33.195466290395906,0</coordinates></LineString></Placemark><Placemark><name>Trabajado - Cuartel 276 - Hilera 1735</name><Style><LineStyle><color>ff00ff00</color><width>3</width></LineStyle></Style><LineString><coordinates>-70.8780366,-33.1955466,0 -70.8781783,-33.1954883,0</coordinates></LineString></Placemark><Placemark><name>Trabajado - Cuartel 276 - Hilera 1736</name><Style><LineStyle><color>ff00ff00</color><width>3</width></LineStyle></Style><LineString><coordinates>-70.8781416,-33.1955016,0 -70.876295,-33.1975033,0</coordinates></LineString></Placemark><Placemark><name>Trabajado - Cuartel 276 - Hilera 1737</name><Style><LineStyle><color>ff00ff00</color><width>3</width></LineStyle></Style><LineString><coordinates>-70.8763,-33.19752,0 -70.8781533,-33.1955716,0</coordinates></LineString></Placemark><Placemark><name>Trabajado - Cuartel 276 - Hilera 1738</name><Style><LineStyle><color>ff00ff00</color><width>3</width></LineStyle></Style><LineString><coordinates>-70.8781533,-33.1955716,0 -70.87828600073627,-33.1955506362186,0</coordinates></LineString></Placemark><Placemark><name>Trabajado - Cuartel 276 - Hilera 1739</name><Style><LineStyle><color>ff00ff00</color><width>3</width></LineStyle></Style><LineString><coordinates>-70.8781516,-33.1955216,0 -70.8782383,-33.1955283,0</coordinates></LineString></Placemark><Placemark><name>Trabajado - Cuartel 276 - Hilera 1740</name><Style><LineStyle><color>ff00ff00</color><width>3</width></LineStyle></Style><LineString><coordinates>-70.8782383,-33.1955283,0 -70.8762866,-33.197625,0</coordinates></LineString></Placemark><Placemark><name>Trabajado - Cuartel 276 - Hilera 1743</name><Style><LineStyle><color>ff00ff00</color><width>3</width></LineStyle></Style><LineString><coordinates>-70.87635196906925,-33.19758635176588,0 -70.87823,-33.1955683,0</coordinates></LineString></Placemark><Placemark><name>Trabajado - Cuartel 276 - Hilera 1744</name><Style><LineStyle><color>ff00ff00</color><width>3</width></LineStyle></Style><LineString><coordinates>-70.87823,-33.1955683,0 -70.8783583,-33.1956066,0</coordinates></LineString></Placemark><Placemark><name>Trabajado - Cuartel 276 - Hilera 1745</name><Style><LineStyle><color>ff00ff00</color><width>3</width></LineStyle></Style><LineString><coordinates>-70.8765416,-33.1973416,0 -70.8764166,-33.1974066,0</coordinates></LineString></Placemark><Placemark><name>Trabajado - Cuartel 276 - Hilera 1746</name><Style><LineStyle><color>ff00ff00</color><width>3</width></LineStyle></Style><LineString><coordinates>-70.8764166,-33.1974066,0 -70.8762783,-33.1976166,0</coordinates></LineString></Placemark><Placemark><name>Trabajado - Cuartel 276 - Hilera 1747</name><Style><LineStyle><color>ff00ff00</color><width>3</width></LineStyle></Style><LineString><coordinates>-70.8763766,-33.19745,0 -70.87651,-33.197385,0</coordinates></LineString></Placemark><Placemark><name>Trabajado - Cuartel 276 - Hilera 1748</name><Style><LineStyle><color>ff00ff00</color><width>3</width></LineStyle></Style><LineString><coordinates>-70.878245,-33.1955683,0 -70.8777,-33.1962116,0</coordinates></LineString></Placemark><Placemark><name>Trabajado - Cuartel 276 - Hilera 1749</name><Style><LineStyle><color>ff00ff00</color><width>3</width></LineStyle></Style><LineString><coordinates>-70.8777,-33.1962116,0 -70.8773783,-33.1964683,0</coordinates></LineString></Placemark><Placemark><name>Trabajado - Cuartel 276 - Hilera 1750</name><Style><LineStyle><color>ff00ff00</color><width>3</width></LineStyle></Style><LineString><coordinates>-70.87632572332842,-33.19762771994569,0 -70.87819410217713,-33.1956588665125,0</coordinates></LineString></Placemark><Placemark><name>Trabajado - Cuartel 276 - Hilera 1751</name><Style><LineStyle><color>ff00ff00</color><width>3</width></LineStyle></Style><LineString><coordinates>-70.8781216,-33.1956899,0 -70.8783283,-33.1956033,0</coordinates></LineString></Placemark><Placemark><name>Trabajado - Cuartel 276 - Hilera 1752</name><Style><LineStyle><color>ff00ff00</color><width>3</width></LineStyle></Style><LineString><coordinates>-70.87833333778329,-33.19564891869453,0 -70.8785233,-33.1956899,0</coordinates></LineString></Placemark><Placemark><name>Trabajado - Cuartel 276 - Hilera 1753</name><Style><LineStyle><color>ff00ff00</color><width>3</width></LineStyle></Style><LineString><coordinates>-70.8782466,-33.1955399,0 -70.8763399,-33.1976483,0</coordinates></LineString></Placemark><Placemark><name>Trabajado - Cuartel 276 - Hilera 1754</name><Style><LineStyle><color>ff00ff00</color><width>3</width></LineStyle></Style><LineString><coordinates>-70.8782366,-33.1956966,0 -70.8769533,-33.1971883,0</coordinates></LineString></Placemark><Placemark><name>Trabajado - Cuartel 276 - Hilera 1755</name><Style><LineStyle><color>ff00ff00</color><width>3</width></LineStyle></Style><LineString><coordinates>-70.8769533,-33.1971883,0 -70.87648,-33.1976833,0</coordinates></LineString></Placemark><Placemark><name>Trabajado - Cuartel 276 - Hilera 1756</name><Style><LineStyle><color>ff00ff00</color><width>3</width></LineStyle></Style><LineString><coordinates>-70.8764833,-33.1977,0 -70.8783366,-33.1956383,0</coordinates></LineString></Placemark><Placemark><name>Trabajado - Cuartel 276 - Hilera 1757</name><Style><LineStyle><color>ff00ff00</color><width>3</width></LineStyle></Style><LineString><coordinates>-70.8784266,-33.1956316,0 -70.8783366,-33.195635,0</coordinates></LineString></Placemark><Placemark><name>Trabajado - Cuartel 276 - Hilera 1758</name><Style><LineStyle><color>ff00ff00</color><width>3</width></LineStyle></Style><LineString><coordinates>-70.8783366,-33.195635,0 -70.8764333,-33.1976766,0</coordinates></LineString></Placemark><Placemark><name>Trabajado - Cuartel 276 - Hilera 1759</name><Style><LineStyle><color>ff00ff00</color><width>3</width></LineStyle></Style><LineString><coordinates>-70.8764466,-33.1976599,0 -70.8768033,-33.1973566,0</coordinates></LineString></Placemark><Placemark><name>Trabajado - Cuartel 276 - Hilera 1760</name><Style><LineStyle><color>ff00ff00</color><width>3</width></LineStyle></Style><LineString><coordinates>-70.87653289327281,-33.19770499288169,0 -70.8784116,-33.1956783,0</coordinates></LineString></Placemark><Placemark><name>Trabajado - Cuartel 276 - Hilera 1761</name><Style><LineStyle><color>ff00ff00</color><width>3</width></LineStyle></Style><LineString><coordinates>-70.8784616,-33.195665,0 -70.8765283,-33.1977033,0</coordinates></LineString></Placemark><Placemark><name>Trabajado - Cuartel 276 - Hilera 1762</name><Style><LineStyle><color>ff00ff00</color><width>3</width></LineStyle></Style><LineString><coordinates>-70.87648,-33.197695,0 -70.8784183,-33.19572,0</coordinates></LineString></Placemark><Placemark><name>Trabajado - Cuartel 276 - Hilera 1763</name><Style><LineStyle><color>ff00ff00</color><width>3</width></LineStyle></Style><LineString><coordinates>-70.8784183,-33.19572,0 -70.8785066,-33.1957233,0</coordinates></LineString></Placemark><Placemark><name>Trabajado - Cuartel 276 - Hilera 1764</name><Style><LineStyle><color>ff00ff00</color><width>3</width></LineStyle></Style><LineString><coordinates>-70.87652,-33.1976966,0 -70.8784683,-33.19571,0</coordinates></LineString></Placemark><Placemark><name>Trabajado - Cuartel 276 - Hilera 1766</name><Style><LineStyle><color>ff00ff00</color><width>3</width></LineStyle></Style><LineString><coordinates>-70.87848,-33.1958083,0 -70.8766483,-33.1975716,0</coordinates></LineString></Placemark><Placemark><name>Trabajado - Cuartel 276 - Hilera 1767</name><Style><LineStyle><color>ff00ff00</color><width>3</width></LineStyle></Style><LineString><coordinates>-70.87659820712254,-33.19770832229204,0 -70.8785233,-33.1957116,0</coordinates></LineString></Placemark><Placemark><name>Trabajado - Cuartel 276 - Hilera 1768</name><Style><LineStyle><color>ff00ff00</color><width>3</width></LineStyle></Style><LineString><coordinates>-70.8784616,-33.1957233,0 -70.8765716,-33.1977,0</coordinates></LineString></Placemark><Placemark><name>Trabajado - Cuartel 276 - Hilera 1771</name><Style><LineStyle><color>ff00ff00</color><width>3</width></LineStyle></Style><LineString><coordinates>-70.8784916,-33.1957566,0 -70.8767416,-33.1976683,0</coordinates></LineString></Placemark><Placemark><name>Trabajado - Cuartel 276 - Hilera 1772</name><Style><LineStyle><color>ff00ff00</color><width>3</width></LineStyle></Style><LineString><coordinates>-70.8767416,-33.1976683,0 -70.8785049,-33.1958266,0</coordinates></LineString></Placemark><Placemark><name>Trabajado - Cuartel 276 - Hilera 1773</name><Style><LineStyle><color>ff00ff00</color><width>3</width></LineStyle></Style><LineString><coordinates>-70.8785049,-33.1958266,0 -70.8786316,-33.1958316,0</coordinates></LineString></Placemark><Placemark><name>Trabajado - Cuartel 276 - Hilera 1774</name><Style><LineStyle><color>ff00ff00</color><width>3</width></LineStyle></Style><LineString><coordinates>-70.8785083,-33.1957883,0 -70.8767016,-33.1977383,0</coordinates></LineString></Placemark><Placemark><name>Trabajado - Cuartel 276 - Hilera 1775</name><Style><LineStyle><color>ff00ff00</color><width>3</width></LineStyle></Style><LineString><coordinates>-70.878525,-33.1958516,0 -70.8767633,-33.1977033,0</coordinates></LineString></Placemark><Placemark><name>Trabajado - Cuartel 276 - Hilera 1776</name><Style><LineStyle><color>ff00ff00</color><width>3</width></LineStyle></Style><LineString><coordinates>-70.8784833,-33.1959033,0 -70.87884143673011,-33.19598709004889,0</coordinates></LineString></Placemark><Placemark><name>Trabajado - Cuartel 276 - Hilera 1777</name><Style><LineStyle><color>ff00ff00</color><width>3</width></LineStyle></Style><LineString><coordinates>-70.878595,-33.1958,0 -70.8785033,-33.1958316,0</coordinates></LineString></Placemark><Placemark><name>Trabajado - Cuartel 276 - Hilera 1778</name><Style><LineStyle><color>ff00ff00</color><width>3</width></LineStyle></Style><LineString><coordinates>-70.8785033,-33.1958316,0 -70.8767683,-33.1977083,0</coordinates></LineString></Placemark><Placemark><name>Trabajado - Cuartel 276 - Hilera 1779</name><Style><LineStyle><color>ff00ff00</color><width>3</width></LineStyle></Style><LineString><coordinates>-70.87682,-33.197705,0 -70.8785899,-33.1958566,0</coordinates></LineString></Placemark><Placemark><name>Trabajado - Cuartel 276 - Hilera 1780</name><Style><LineStyle><color>ff00ff00</color><width>3</width></LineStyle></Style><LineString><coordinates>-70.8785899,-33.1958566,0 -70.87695968024748,-33.19773294437305,0</coordinates></LineString></Placemark><Placemark><name>Trabajado - Cuartel 276 - Hilera 1781</name><Style><LineStyle><color>ff00ff00</color><width>3</width></LineStyle></Style><LineString><coordinates>-70.8769383,-33.1977199,0 -70.8772333,-33.1973266,0</coordinates></LineString></Placemark><Placemark><name>Trabajado - Cuartel 276 - Hilera 1782</name><Style><LineStyle><color>ff00ff00</color><width>3</width></LineStyle></Style><LineString><coordinates>-70.8772333,-33.1973266,0 -70.87796,-33.1965999,0</coordinates></LineString></Placemark><Placemark><name>Trabajado - Cuartel 276 - Hilera 1783</name><Style><LineStyle><color>ff00ff00</color><width>3</width></LineStyle></Style><LineString><coordinates>-70.87796,-33.1965999,0 -70.8780383,-33.1964349,0</coordinates></LineString></Placemark><Placemark><name>Trabajado - Cuartel 276 - Hilera 1784</name><Style><LineStyle><color>ff00ff00</color><width>3</width></LineStyle></Style><LineString><coordinates>-70.8780383,-33.1964349,0 -70.87867,-33.1958616,0</coordinates></LineString></Placemark><Placemark><name>Trabajado - Cuartel 276 - Hilera 1785</name><Style><LineStyle><color>ff00ff00</color><width>3</width></LineStyle></Style><LineString><coordinates>-70.87871,-33.1959016,0 -70.8769683,-33.1975766,0</coordinates></LineString></Placemark><Placemark><name>Trabajado - Cuartel 276 - Hilera 1786</name><Style><LineStyle><color>ff00ff00</color><width>3</width></LineStyle></Style><LineString><coordinates>-70.8769683,-33.1975766,0 -70.8769299,-33.1976833,0</coordinates></LineString></Placemark><Placemark><name>Trabajado - Cuartel 276 - Hilera 1787</name><Style><LineStyle><color>ff00ff00</color><width>3</width></LineStyle></Style><LineString><coordinates>-70.8769299,-33.1976833,0 -70.8786583,-33.195865,0</coordinates></LineString></Placemark><Placemark><name>Trabajado - Cuartel 276 - Hilera 1788</name><Style><LineStyle><color>ff00ff00</color><width>3</width></LineStyle></Style><LineString><coordinates>-70.8786016,-33.1959833,0 -70.8769417673928,-33.19773784054763,0</coordinates></LineString></Placemark><Placemark><name>Trabajado - Cuartel 276 - Hilera 1789</name><Style><LineStyle><color>ff00ff00</color><width>3</width></LineStyle></Style><LineString><coordinates>-70.8770466,-33.1976583,0 -70.87825347634,-33.196416015816666,0</coordinates></LineString></Placemark><Placemark><name>Trabajado - Cuartel 276 - Hilera 1790</name><Style><LineStyle><color>ff00ff00</color><width>3</width></LineStyle></Style><LineString><coordinates>-70.87823,-33.1964,0 -70.8785466,-33.1959933,0</coordinates></LineString></Placemark><Placemark><name>Trabajado - Cuartel 276 - Hilera 1791</name><Style><LineStyle><color>ff00ff00</color><width>3</width></LineStyle></Style><LineString><coordinates>-70.8785466,-33.1959933,0 -70.8787033,-33.1959333,0</coordinates></LineString></Placemark><Placemark><name>Trabajado - Cuartel 276 - Hilera 1792</name><Style><LineStyle><color>ff00ff00</color><width>3</width></LineStyle></Style><LineString><coordinates>-70.87880830398508,-33.19597295313751,0 -70.8785983,-33.195995,0</coordinates></LineString></Placemark><Placemark><name>Trabajado - Cuartel 276 - Hilera 1793</name><Style><LineStyle><color>ff00ff00</color><width>3</width></LineStyle></Style><LineString><coordinates>-70.87866908520128,-33.19591881228948,0 -70.87696939808082,-33.197748223917266,0</coordinates></LineString></Placemark><Placemark><name>Trabajado - Cuartel 276 - Hilera 1794</name><Style><LineStyle><color>ff00ff00</color><width>3</width></LineStyle></Style><LineString><coordinates>-70.8786683,-33.1959183,0 -70.8788066,-33.1959566,0</coordinates></LineString></Placemark><Placemark><name>Trabajado - Cuartel 276 - Hilera 1795</name><Style><LineStyle><color>ff00ff00</color><width>3</width></LineStyle></Style><LineString><coordinates>-70.8788066,-33.1959566,0 -70.8786683,-33.196,0</coordinates></LineString></Placemark><Placemark><name>Trabajado - Cuartel 276 - Hilera 1796</name><Style><LineStyle><color>ff00ff00</color><width>3</width></LineStyle></Style><LineString><coordinates>-70.87871052439624,-33.19595379221917,0 -70.87700772542627,-33.197817230624295,0</coordinates></LineString></Placemark><Placemark><name>Trabajado - Cuartel 276 - Hilera 1797</name><Style><LineStyle><color>ff00ff00</color><width>3</width></LineStyle></Style><LineString><coordinates>-70.87882,-33.196,0 -70.8771033,-33.197835,0</coordinates></LineString></Placemark><Placemark><name>Trabajado - Cuartel 276 - Hilera 1798</name><Style><LineStyle><color>ff00ff00</color><width>3</width></LineStyle></Style><LineString><coordinates>-70.8787333,-33.1960666,0 -70.8789066,-33.1960533,0</coordinates></LineString></Placemark><Placemark><name>Trabajado - Cuartel 276 - Hilera 1799</name><Style><LineStyle><color>ff00ff00</color><width>3</width></LineStyle></Style><LineString><coordinates>-70.8787966,-33.196005,0 -70.8780399,-33.1967433,0</coordinates></LineString></Placemark><Placemark><name>Trabajado - Cuartel 276 - Hilera 1800</name><Style><LineStyle><color>ff00ff00</color><width>3</width></LineStyle></Style><LineString><coordinates>-70.8780399,-33.1967433,0 -70.8773283,-33.1976216,0</coordinates></LineString></Placemark><Placemark><name>Trabajado - Cuartel 276 - Hilera 1801</name><Style><LineStyle><color>ff00ff00</color><width>3</width></LineStyle></Style><LineString><coordinates>-70.8773283,-33.1976216,0 -70.8771916,-33.1977083,0</coordinates></LineString></Placemark><Placemark><name>Trabajado - Cuartel 276 - Hilera 1802</name><Style><LineStyle><color>ff00ff00</color><width>3</width></LineStyle></Style><LineString><coordinates>-70.8771916,-33.1977333,0 -70.8787833,-33.1959966,0</coordinates></LineString></Placemark><Placemark><name>Trabajado - Cuartel 276 - Hilera 1803</name><Style><LineStyle><color>ff00ff00</color><width>3</width></LineStyle></Style><LineString><coordinates>-70.8787833,-33.1959966,0 -70.879045,-33.196105,0</coordinates></LineString></Placemark><Placemark><name>Trabajado - Cuartel 276 - Hilera 1804</name><Style><LineStyle><color>ff00ff00</color><width>3</width></LineStyle></Style><LineString><coordinates>-70.87886,-33.1960333,0 -70.8772416,-33.1977849,0</coordinates></LineString></Placemark><Placemark><name>Trabajado - Cuartel 276 - Hilera 1805</name><Style><LineStyle><color>ff00ff00</color><width>3</width></LineStyle></Style><LineString><coordinates>-70.879025,-33.1960566,0 -70.878945,-33.196015,0</coordinates></LineString></Placemark><Placemark><name>Trabajado - Cuartel 276 - Hilera 1806</name><Style><LineStyle><color>ff00ff00</color><width>3</width></LineStyle></Style><LineString><coordinates>-70.8788883,-33.19601,0 -70.87725,-33.1978166,0</coordinates></LineString></Placemark><Placemark><name>Trabajado - Cuartel 276 - Hilera 1807</name><Style><LineStyle><color>ff00ff00</color><width>3</width></LineStyle></Style><LineString><coordinates>-70.8789683,-33.1960633,0 -70.87737,-33.19777,0</coordinates></LineString></Placemark><Placemark><name>Trabajado - Cuartel 276 - Hilera 1808</name><Style><LineStyle><color>ff00ff00</color><width>3</width></LineStyle></Style><LineString><coordinates>-70.87737,-33.19777,0 -70.878915,-33.196075,0</coordinates></LineString></Placemark><Placemark><name>Trabajado - Cuartel 276 - Hilera 1809</name><Style><LineStyle><color>ff00ff00</color><width>3</width></LineStyle></Style><LineString><coordinates>-70.8789183,-33.1960666,0 -70.8773383,-33.1977566,0</coordinates></LineString></Placemark><Placemark><name>Trabajado - Cuartel 276 - Hilera 1810</name><Style><LineStyle><color>ff00ff00</color><width>3</width></LineStyle></Style><LineString><coordinates>-70.8789483,-33.1960716,0 -70.8774296576923,-33.19785278724903,0</coordinates></LineString></Placemark><Placemark><name>Trabajado - Cuartel 276 - Hilera 1811</name><Style><LineStyle><color>ff00ff00</color><width>3</width></LineStyle></Style><LineString><coordinates>-70.8774733,-33.1978016,0 -70.8789883,-33.1961249,0</coordinates></LineString></Placemark><Placemark><name>Trabajado - Cuartel 276 - Hilera 1812</name><Style><LineStyle><color>ff00ff00</color><width>3</width></LineStyle></Style><LineString><coordinates>-70.8789883,-33.1961249,0 -70.8792770155577,-33.19624005853619,0</coordinates></LineString></Placemark><Placemark><name>Trabajado - Cuartel 276 - Hilera 1813</name><Style><LineStyle><color>ff00ff00</color><width>3</width></LineStyle></Style><LineString><coordinates>-70.8792183,-33.196185,0 -70.8789866,-33.1961116,0</coordinates></LineString></Placemark><Placemark><name>Trabajado - Cuartel 276 - Hilera 1814</name><Style><LineStyle><color>ff00ff00</color><width>3</width></LineStyle></Style><LineString><coordinates>-70.8789866,-33.1961116,0 -70.8778216,-33.1974616,0</coordinates></LineString></Placemark><Placemark><name>Trabajado - Cuartel 276 - Hilera 1815</name><Style><LineStyle><color>ff00ff00</color><width>3</width></LineStyle></Style><LineString><coordinates>-70.8778216,-33.1974616,0 -70.8774083,-33.19784,0</coordinates></LineString></Placemark><Placemark><name>Trabajado - Cuartel 276 - Hilera 1816</name><Style><LineStyle><color>ff00ff00</color><width>3</width></LineStyle></Style><LineString><coordinates>-70.87832,-33.1968149,0 -70.878935,-33.1961316,0</coordinates></LineString></Placemark><Placemark><name>Trabajado - Cuartel 276 - Hilera 1817</name><Style><LineStyle><color>ff00ff00</color><width>3</width></LineStyle></Style><LineString><coordinates>-70.87899,-33.1961283,0 -70.8775216,-33.1978433,0</coordinates></LineString></Placemark><Placemark><name>Trabajado - Cuartel 276 - Hilera 1818</name><Style><LineStyle><color>ff00ff00</color><width>3</width></LineStyle></Style><LineString><coordinates>-70.8775216,-33.1978433,0 -70.8791233,-33.1961316,0</coordinates></LineString></Placemark><Placemark><name>Trabajado - Cuartel 276 - Hilera 1819</name><Style><LineStyle><color>ff00ff00</color><width>3</width></LineStyle></Style><LineString><coordinates>-70.8791233,-33.1961316,0 -70.8792083,-33.1962383,0</coordinates></LineString></Placemark><Placemark><name>Trabajado - Cuartel 276 - Hilera 1820</name><Style><LineStyle><color>ff00ff00</color><width>3</width></LineStyle></Style><LineString><coordinates>-70.8790683,-33.19616,0 -70.877505,-33.1978766,0</coordinates></LineString></Placemark><Placemark><name>Trabajado - Cuartel 276 - Hilera 1821</name><Style><LineStyle><color>ff00ff00</color><width>3</width></LineStyle></Style><LineString><coordinates>-70.877505,-33.1978766,0 -70.8775783,-33.1976883,0</coordinates></LineString></Placemark><Placemark><name>Trabajado - Cuartel 276 - Hilera 1822</name><Style><LineStyle><color>ff00ff00</color><width>3</width></LineStyle></Style><LineString><coordinates>-70.8775783,-33.1976883,0 -70.8790133,-33.1961733,0</coordinates></LineString></Placemark><Placemark><name>Trabajado - Cuartel 276 - Hilera 1823</name><Style><LineStyle><color>ff00ff00</color><width>3</width></LineStyle></Style><LineString><coordinates>-70.8790133,-33.1961733,0 -70.879125,-33.1961416,0</coordinates></LineString></Placemark><Placemark><name>Trabajado - Cuartel 276 - Hilera 1824</name><Style><LineStyle><color>ff00ff00</color><width>3</width></LineStyle></Style><LineString><coordinates>-70.87914,-33.1961666,0 -70.877581236136,-33.19782193525246,0</coordinates></LineString></Placemark><Placemark><name>Trabajado - Cuartel 276 - Hilera 1825</name><Style><LineStyle><color>ff00ff00</color><width>3</width></LineStyle></Style><LineString><coordinates>-70.8791799,-33.19618,0 -70.8775833,-33.1978233,0</coordinates></LineString></Placemark><Placemark><name>Trabajado - Cuartel 276 - Hilera 1826</name><Style><LineStyle><color>ff00ff00</color><width>3</width></LineStyle></Style><LineString><coordinates>-70.8792283,-33.1962133,0 -70.8776366,-33.1978833,0</coordinates></LineString></Placemark><Placemark><name>Trabajado - Cuartel 276 - Hilera 1827</name><Style><LineStyle><color>ff00ff00</color><width>3</width></LineStyle></Style><LineString><coordinates>-70.8776366,-33.1978833,0 -70.877675,-33.1977416,0</coordinates></LineString></Placemark><Placemark><name>Trabajado - Cuartel 276 - Hilera 1828</name><Style><LineStyle><color>ff00ff00</color><width>3</width></LineStyle></Style><LineString><coordinates>-70.87933707197891,-33.19626002567978,0 -70.8791783,-33.1962266,0</coordinates></LineString></Placemark><Placemark><name>Trabajado - Cuartel 276 - Hilera 1829</name><Style><LineStyle><color>ff00ff00</color><width>3</width></LineStyle></Style><LineString><coordinates>-70.87920176112488,-33.19620158532757,0 -70.8776183,-33.1978899,0</coordinates></LineString></Placemark><Placemark><name>Trabajado - Cuartel 276 - Hilera 1830</name><Style><LineStyle><color>ff00ff00</color><width>3</width></LineStyle></Style><LineString><coordinates>-70.8791866,-33.1961916,0 -70.8777166,-33.1978999,0</coordinates></LineString></Placemark><Placemark><name>Trabajado - Cuartel 276 - Hilera 1831</name><Style><LineStyle><color>ff00ff00</color><width>3</width></LineStyle></Style><LineString><coordinates>-70.8777766,-33.1978633,0 -70.879245,-33.1962399,0</coordinates></LineString></Placemark><Placemark><name>Trabajado - Cuartel 276 - Hilera 1832</name><Style><LineStyle><color>ff00ff00</color><width>3</width></LineStyle></Style><LineString><coordinates>-70.87921153366194,-33.19625651096368,0 -70.8777116,-33.1978749,0</coordinates></LineString></Placemark><Placemark><name>Trabajado - Cuartel 276 - Hilera 1833</name><Style><LineStyle><color>ff00ff00</color><width>3</width></LineStyle></Style><LineString><coordinates>-70.8793366,-33.1962616,0 -70.87783494204177,-33.19781601394928,0</coordinates></LineString></Placemark><Placemark><name>Trabajado - Cuartel 276 - Hilera 1834</name><Style><LineStyle><color>ff00ff00</color><width>3</width></LineStyle></Style><LineString><coordinates>-70.877865,-33.1977849,0 -70.879205,-33.1963266,0</coordinates></LineString></Placemark><Placemark><name>Trabajado - Cuartel 276 - Hilera 1835</name><Style><LineStyle><color>ff00ff00</color><width>3</width></LineStyle></Style><LineString><coordinates>-70.8792683,-33.1962983,0 -70.88037547154987,-33.196974597288374,0</coordinates></LineString></Placemark><Placemark><name>Trabajado - Cuartel 276 - Hilera 1836</name><Style><LineStyle><color>ff00ff00</color><width>3</width></LineStyle></Style><LineString><coordinates>-70.8793199,-33.19631,0 -70.8778683,-33.1979216,0</coordinates></LineString></Placemark><Placemark><name>Trabajado - Cuartel 276 - Hilera 1837</name><Style><LineStyle><color>ff00ff00</color><width>3</width></LineStyle></Style><LineString><coordinates>-70.8778366,-33.19791,0 -70.8794116,-33.1963149,0</coordinates></LineString></Placemark><Placemark><name>Trabajado - Cuartel 276 - Hilera 1838</name><Style><LineStyle><color>ff00ff00</color><width>3</width></LineStyle></Style><LineString><coordinates>-70.87933430534179,-33.196316682498015,0 -70.8778566,-33.1978916,0</coordinates></LineString></Placemark><Placemark><name>Trabajado - Cuartel 276 - Hilera 1839</name><Style><LineStyle><color>ff00ff00</color><width>3</width></LineStyle></Style><LineString><coordinates>-70.87935,-33.1963216,0 -70.8779133,-33.1979533,0</coordinates></LineString></Placemark><Placemark><name>Trabajado - Cuartel 276 - Hilera 1840</name><Style><LineStyle><color>ff00ff00</color><width>3</width></LineStyle></Style><LineString><coordinates>-70.8779166,-33.1979566,0 -70.8794183,-33.1963383,0</coordinates></LineString></Placemark><Placemark><name>Trabajado - Cuartel 276 - Hilera 1841</name><Style><LineStyle><color>ff00ff00</color><width>3</width></LineStyle></Style><LineString><coordinates>-70.87703214410743,-33.19470919758338,0 -70.88098534868175,-33.19740817259397,0</coordinates></LineString></Placemark><Placemark><name>Trabajado - Cuartel 276 - Hilera 1842</name><Style><LineStyle><color>ff00ff00</color><width>3</width></LineStyle></Style><LineString><coordinates>-70.8794883,-33.1964183,0 -70.879385,-33.1964266,0</coordinates></LineString></Placemark><Placemark><name>Trabajado - Cuartel 276 - Hilera 1843</name><Style><LineStyle><color>ff00ff00</color><width>3</width></LineStyle></Style><LineString><coordinates>-70.879385,-33.1964266,0 -70.8779316,-33.1979233,0</coordinates></LineString></Placemark><Placemark><name>Trabajado - Cuartel 276 - Hilera 1844</name><Style><LineStyle><color>ff00ff00</color><width>3</width></LineStyle></Style><LineString><coordinates>-70.8793983,-33.1964383,0 -70.8780183,-33.1979783,0</coordinates></LineString></Placemark><Placemark><name>Trabajado - Cuartel 276 - Hilera 1845</name><Style><LineStyle><color>ff00ff00</color><width>3</width></LineStyle></Style><LineString><coordinates>-70.8780183,-33.1979783,0 -70.8794416,-33.1964483,0</coordinates></LineString></Placemark><Placemark><name>Trabajado - Cuartel 276 - Hilera 1846</name><Style><LineStyle><color>ff00ff00</color><width>3</width></LineStyle></Style><LineString><coordinates>-70.8794416,-33.1964483,0 -70.87963774413515,-33.19651223224744,0</coordinates></LineString></Placemark><Placemark><name>Trabajado - Cuartel 276 - Hilera 1847</name><Style><LineStyle><color>ff00ff00</color><width>3</width></LineStyle></Style><LineString><coordinates>-70.87947112313158,-33.19644698948275,0 -70.87797061042332,-33.19797649168824,0</coordinates></LineString></Placemark><Placemark><name>Trabajado - Cuartel 276 - Hilera 1848</name><Style><LineStyle><color>ff00ff00</color><width>3</width></LineStyle></Style><LineString><coordinates>-70.8794633,-33.1964416,0 -70.87990369243137,-33.19665817918097,0</coordinates></LineString></Placemark><Placemark><name>Trabajado - Cuartel 276 - Hilera 1849</name><Style><LineStyle><color>ff00ff00</color><width>3</width></LineStyle></Style><LineString><coordinates>-70.8795516,-33.1964416,0 -70.878125,-33.19793,0</coordinates></LineString></Placemark><Placemark><name>Trabajado - Cuartel 276 - Hilera 1850</name><Style><LineStyle><color>ff00ff00</color><width>3</width></LineStyle></Style><LineString><coordinates>-70.878125,-33.19793,0 -70.88038016231624,-33.19546594905644,0</coordinates></LineString></Placemark><Placemark><name>Trabajado - Cuartel 276 - Hilera 1851</name><Style><LineStyle><color>ff00ff00</color><width>3</width></LineStyle></Style><LineString><coordinates>-70.8794216,-33.1965133,0 -70.8795216,-33.1964766,0</coordinates></LineString></Placemark><Placemark><name>Trabajado - Cuartel 276 - Hilera 1852</name><Style><LineStyle><color>ff00ff00</color><width>3</width></LineStyle></Style><LineString><coordinates>-70.87953818948738,-33.196440799868,0 -70.8781483,-33.1979399,0</coordinates></LineString></Placemark><Placemark><name>Trabajado - Cuartel 276 - Hilera 1853</name><Style><LineStyle><color>ff00ff00</color><width>3</width></LineStyle></Style><LineString><coordinates>-70.8795316,-33.19646,0 -70.8790333,-33.1970616,0</coordinates></LineString></Placemark><Placemark><name>Trabajado - Cuartel 276 - Hilera 1854</name><Style><LineStyle><color>ff00ff00</color><width>3</width></LineStyle></Style><LineString><coordinates>-70.878995,-33.1970683,0 -70.8782033,-33.1979666,0</coordinates></LineString></Placemark><Placemark><name>Trabajado - Cuartel 276 - Hilera 1855</name><Style><LineStyle><color>ff00ff00</color><width>3</width></LineStyle></Style><LineString><coordinates>-70.8782033,-33.1979666,0 -70.8795916,-33.1965033,0</coordinates></LineString></Placemark><Placemark><name>Trabajado - Cuartel 276 - Hilera 1856</name><Style><LineStyle><color>ff00ff00</color><width>3</width></LineStyle></Style><LineString><coordinates>-70.8795466,-33.1964883,0 -70.8782716,-33.1979266,0</coordinates></LineString></Placemark><Placemark><name>Trabajado - Cuartel 276 - Hilera 1857</name><Style><LineStyle><color>ff00ff00</color><width>3</width></LineStyle></Style><LineString><coordinates>-70.8796283,-33.1965099,0 -70.8783133,-33.1979716,0</coordinates></LineString></Placemark><Placemark><name>Trabajado - Cuartel 276 - Hilera 1858</name><Style><LineStyle><color>ff00ff00</color><width>3</width></LineStyle></Style><LineString><coordinates>-70.879605,-33.196545,0 -70.8798583,-33.1966616,0</coordinates></LineString></Placemark><Placemark><name>Trabajado - Cuartel 276 - Hilera 1859</name><Style><LineStyle><color>ff00ff00</color><width>3</width></LineStyle></Style><LineString><coordinates>-70.87965547484858,-33.196518376613206,0 -70.87827935736003,-33.198025483931865,0</coordinates></LineString></Placemark><Placemark><name>Trabajado - Cuartel 276 - Hilera 1863</name><Style><LineStyle><color>ff00ff00</color><width>3</width></LineStyle></Style><LineString><coordinates>-70.8770266,-33.1947149,0 -70.8769299,-33.194525,0</coordinates></LineString></Placemark><Placemark><name>Trabajado - Cuartel 276 - Hilera 1864</name><Style><LineStyle><color>ff00ff00</color><width>3</width></LineStyle></Style><LineString><coordinates>-70.87691756482494,-33.194549505363504,0 -70.87747711843242,-33.19343788234314,0</coordinates></LineString></Placemark><Placemark><name>Trabajado - Cuartel 276 - Hilera 1865</name><Style><LineStyle><color>ff00ff00</color><width>3</width></LineStyle></Style><LineString><coordinates>-70.87743625576952,-33.19351518915289,0 -70.8778533,-33.1934766,0</coordinates></LineString></Placemark><Placemark><name>Trabajado - Cuartel 276 - Hilera 1880</name><Style><LineStyle><color>ff00ff00</color><width>3</width></LineStyle></Style><LineString><coordinates>-70.8777883,-33.1934716,0 -70.8774633,-33.1934816,0</coordinates></LineString></Placemark><Placemark><name>Trabajado - Cuartel 276 - Hilera 1881</name><Style><LineStyle><color>ff00ff00</color><width>3</width></LineStyle></Style><LineString><coordinates>-70.8769283,-33.1945533,0 -70.8808350751556,-33.197294822415,0</coordinates></LineString></Placemark><Placemark><name>Trabajado - Cuartel 276 - Hilera 1882</name><Style><LineStyle><color>ff00ff00</color><width>3</width></LineStyle></Style><LineString><coordinates>-70.8796983,-33.1965133,0 -70.87836,-33.19793,0</coordinates></LineString></Placemark><Placemark><name>Trabajado - Cuartel 276 - Hilera 1883</name><Style><LineStyle><color>ff00ff00</color><width>3</width></LineStyle></Style><LineString><coordinates>-70.87836,-33.19793,0 -70.8797083,-33.1965616,0</coordinates></LineString></Placemark><Placemark><name>Trabajado - Cuartel 276 - Hilera 1884</name><Style><LineStyle><color>ff00ff00</color><width>3</width></LineStyle></Style><LineString><coordinates>-70.8784199,-33.1978999,0 -70.8797183,-33.19657,0</coordinates></LineString></Placemark><Placemark><name>Trabajado - Cuartel 276 - Hilera 1885</name><Style><LineStyle><color>ff00ff00</color><width>3</width></LineStyle></Style><LineString><coordinates>-70.8797183,-33.19657,0 -70.878465,-33.1979433,0</coordinates></LineString></Placemark><Placemark><name>Trabajado - Cuartel 276 - Hilera 1886</name><Style><LineStyle><color>ff00ff00</color><width>3</width></LineStyle></Style><LineString><coordinates>-70.878465,-33.1979433,0 -70.87977688286195,-33.19657970598834,0</coordinates></LineString></Placemark><Placemark><name>Trabajado - Cuartel 276 - Hilera 1887</name><Style><LineStyle><color>ff00ff00</color><width>3</width></LineStyle></Style><LineString><coordinates>-70.8799616,-33.1966583,0 -70.87976,-33.1965683,0</coordinates></LineString></Placemark><Placemark><name>Trabajado - Cuartel 276 - Hilera 1888</name><Style><LineStyle><color>ff00ff00</color><width>3</width></LineStyle></Style><LineString><coordinates>-70.8798033,-33.1965883,0 -70.8785483,-33.1979566,0</coordinates></LineString></Placemark><Placemark><name>Trabajado - Cuartel 276 - Hilera 1889</name><Style><LineStyle><color>ff00ff00</color><width>3</width></LineStyle></Style><LineString><coordinates>-70.87852985873616,-33.19797600326602,0 -70.879825,-33.1966133,0</coordinates></LineString></Placemark><Placemark><name>Trabajado - Cuartel 276 - Hilera 1890</name><Style><LineStyle><color>ff00ff00</color><width>3</width></LineStyle></Style><LineString><coordinates>-70.8798666,-33.1966366,0 -70.87852889023493,-33.19805991169433,0</coordinates></LineString></Placemark><Placemark><name>Trabajado - Cuartel 276 - Hilera 1891</name><Style><LineStyle><color>ff00ff00</color><width>3</width></LineStyle></Style><LineString><coordinates>-70.8785633,-33.1980233,0 -70.8799466,-33.1966933,0</coordinates></LineString></Placemark><Placemark><name>Trabajado - Cuartel 276 - Hilera 1892</name><Style><LineStyle><color>ff00ff00</color><width>3</width></LineStyle></Style><LineString><coordinates>-70.8785466,-33.1980716,0 -70.8798766,-33.1967066,0</coordinates></LineString></Placemark><Placemark><name>Trabajado - Cuartel 276 - Hilera 1893</name><Style><LineStyle><color>ff00ff00</color><width>3</width></LineStyle></Style><LineString><coordinates>-70.8798766,-33.1967066,0 -70.8786333,-33.1981066,0</coordinates></LineString></Placemark><Placemark><name>Trabajado - Cuartel 276 - Hilera 1894</name><Style><LineStyle><color>ff00ff00</color><width>3</width></LineStyle></Style><LineString><coordinates>-70.8799316,-33.19668,0 -70.8786133,-33.1981166,0</coordinates></LineString></Placemark><Placemark><name>Trabajado - Cuartel 276 - Hilera 1895</name><Style><LineStyle><color>ff00ff00</color><width>3</width></LineStyle></Style><LineString><coordinates>-70.8798833,-33.196715,0 -70.8799683,-33.1967333,0</coordinates></LineString></Placemark><Placemark><name>Trabajado - Cuartel 276 - Hilera 1896</name><Style><LineStyle><color>ff00ff00</color><width>3</width></LineStyle></Style><LineString><coordinates>-70.8799683,-33.1967333,0 -70.8787216,-33.1980916,0</coordinates></LineString></Placemark><Placemark><name>Trabajado - Cuartel 276 - Hilera 1897</name><Style><LineStyle><color>ff00ff00</color><width>3</width></LineStyle></Style><LineString><coordinates>-70.879845,-33.1969166,0 -70.8787483,-33.1980516,0</coordinates></LineString></Placemark><Placemark><name>Trabajado - Cuartel 276 - Hilera 1898</name><Style><LineStyle><color>ff00ff00</color><width>3</width></LineStyle></Style><LineString><coordinates>-70.8799083,-33.1967966,0 -70.88015959196888,-33.196833089637295,0</coordinates></LineString></Placemark><Placemark><name>Trabajado - Cuartel 276 - Hilera 1899</name><Style><LineStyle><color>ff00ff00</color><width>3</width></LineStyle></Style><LineString><coordinates>-70.88002502203368,-33.196797059096795,0 -70.8787916,-33.1981333,0</coordinates></LineString></Placemark><Placemark><name>Trabajado - Cuartel 276 - Hilera 1900</name><Style><LineStyle><color>ff00ff00</color><width>3</width></LineStyle></Style><LineString><coordinates>-70.8787916,-33.1981333,0 -70.8800566,-33.1968133,0</coordinates></LineString></Placemark><Placemark><name>Trabajado - Cuartel 276 - Hilera 1901</name><Style><LineStyle><color>ff00ff00</color><width>3</width></LineStyle></Style><LineString><coordinates>-70.8801866,-33.1968233,0 -70.8800633,-33.196785,0</coordinates></LineString></Placemark><Placemark><name>Trabajado - Cuartel 276 - Hilera 1902</name><Style><LineStyle><color>ff00ff00</color><width>3</width></LineStyle></Style><LineString><coordinates>-70.878835,-33.1980566,0 -70.8800633,-33.19682,0</coordinates></LineString></Placemark><Placemark><name>Trabajado - Cuartel 276 - Hilera 1903</name><Style><LineStyle><color>ff00ff00</color><width>3</width></LineStyle></Style><LineString><coordinates>-70.88007497562388,-33.196807359910714,0 -70.87883422661486,-33.198150601043764,0</coordinates></LineString></Placemark><Placemark><name>Trabajado - Cuartel 276 - Hilera 1904</name><Style><LineStyle><color>ff00ff00</color><width>3</width></LineStyle></Style><LineString><coordinates>-70.8800649,-33.1968399,0 -70.88027502637786,-33.1969373869555,0</coordinates></LineString></Placemark><Placemark><name>Trabajado - Cuartel 276 - Hilera 1905</name><Style><LineStyle><color>ff00ff00</color><width>3</width></LineStyle></Style><LineString><coordinates>-70.8801583,-33.196865,0 -70.8789466,-33.1980833,0</coordinates></LineString></Placemark><Placemark><name>Trabajado - Cuartel 276 - Hilera 1906</name><Style><LineStyle><color>ff00ff00</color><width>3</width></LineStyle></Style><LineString><coordinates>-70.8789466,-33.1980833,0 -70.8801,-33.1968683,0</coordinates></LineString></Placemark><Placemark><name>Trabajado - Cuartel 276 - Hilera 1907</name><Style><LineStyle><color>ff00ff00</color><width>3</width></LineStyle></Style><LineString><coordinates>-70.88016918903827,-33.19686884011018,0 -70.8799783,-33.1969583,0</coordinates></LineString></Placemark><Placemark><name>Trabajado - Cuartel 276 - Hilera 1908</name><Style><LineStyle><color>ff00ff00</color><width>3</width></LineStyle></Style><LineString><coordinates>-70.88000801330371,-33.19692519948552,0 -70.8789116,-33.1981466,0</coordinates></LineString></Placemark><Placemark><name>Trabajado - Cuartel 276 - Hilera 1909</name><Style><LineStyle><color>ff00ff00</color><width>3</width></LineStyle></Style><LineString><coordinates>-70.8801733,-33.196875,0 -70.878995,-33.198175,0</coordinates></LineString></Placemark><Placemark><name>Trabajado - Cuartel 276 - Hilera 1910</name><Style><LineStyle><color>ff00ff00</color><width>3</width></LineStyle></Style><LineString><coordinates>-70.8800666,-33.1969783,0 -70.8802366,-33.19695,0</coordinates></LineString></Placemark><Placemark><name>Trabajado - Cuartel 276 - Hilera 1911</name><Style><LineStyle><color>ff00ff00</color><width>3</width></LineStyle></Style><LineString><coordinates>-70.8802366,-33.19695,0 -70.88119758032514,-33.1975864646615,0</coordinates></LineString></Placemark><Placemark><name>Trabajado - Cuartel 276 - Hilera 1912</name><Style><LineStyle><color>ff00ff00</color><width>3</width></LineStyle></Style><LineString><coordinates>-70.88021933113193,-33.19689192601715,0 -70.8789966,-33.1981383,0</coordinates></LineString></Placemark><Placemark><name>Trabajado - Cuartel 276 - Hilera 1913</name><Style><LineStyle><color>ff00ff00</color><width>3</width></LineStyle></Style><LineString><coordinates>-70.880245,-33.1969033,0 -70.87922437710377,-33.198081689062,0</coordinates></LineString></Placemark><Placemark><name>Trabajado - Cuartel 276 - Hilera 1914</name><Style><LineStyle><color>ff00ff00</color><width>3</width></LineStyle></Style><LineString><coordinates>-70.8793416,-33.1978749,0 -70.8790783,-33.1981849,0</coordinates></LineString></Placemark><Placemark><name>Trabajado - Cuartel 276 - Hilera 1915</name><Style><LineStyle><color>ff00ff00</color><width>3</width></LineStyle></Style><LineString><coordinates>-70.8790783,-33.1981849,0 -70.8792216,-33.19808,0</coordinates></LineString></Placemark><Placemark><name>Trabajado - Cuartel 276 - Hilera 1916</name><Style><LineStyle><color>ff00ff00</color><width>3</width></LineStyle></Style><LineString><coordinates>-70.880255,-33.19691,0 -70.8791416,-33.1981066,0</coordinates></LineString></Placemark><Placemark><name>Trabajado - Cuartel 276 - Hilera 1917</name><Style><LineStyle><color>ff00ff00</color><width>3</width></LineStyle></Style><LineString><coordinates>-70.8791416,-33.1981066,0 -70.8802983,-33.19693,0</coordinates></LineString></Placemark><Placemark><name>Trabajado - Cuartel 276 - Hilera 1918</name><Style><LineStyle><color>ff00ff00</color><width>3</width></LineStyle></Style><LineString><coordinates>-70.880315,-33.1969183,0 -70.879205,-33.1981633,0</coordinates></LineString></Placemark><Placemark><name>Trabajado - Cuartel 276 - Hilera 1919</name><Style><LineStyle><color>ff00ff00</color><width>3</width></LineStyle></Style><LineString><coordinates>-70.87923027010018,-33.198169054308266,0 -70.88036302239158,-33.19698312115811,0</coordinates></LineString></Placemark><Placemark><name>Trabajado - Cuartel 276 - Hilera 1920</name><Style><LineStyle><color>ff00ff00</color><width>3</width></LineStyle></Style><LineString><coordinates>-70.88049645612193,-33.19708056061131,0 -70.8803133,-33.1970266,0</coordinates></LineString></Placemark><Placemark><name>Trabajado - Cuartel 276 - Hilera 1921</name><Style><LineStyle><color>ff00ff00</color><width>3</width></LineStyle></Style><LineString><coordinates>-70.8803533,-33.1969766,0 -70.8793083,-33.198215,0</coordinates></LineString></Placemark><Placemark><name>Trabajado - Cuartel 276 - Hilera 1922</name><Style><LineStyle><color>ff00ff00</color><width>3</width></LineStyle></Style><LineString><coordinates>-70.8803,-33.1970633,0 -70.8804016,-33.1970233,0</coordinates></LineString></Placemark><Placemark><name>Trabajado - Cuartel 276 - Hilera 1923</name><Style><LineStyle><color>ff00ff00</color><width>3</width></LineStyle></Style><LineString><coordinates>-70.88036,-33.19702,0 -70.8792883,-33.1982516,0</coordinates></LineString></Placemark><Placemark><name>Trabajado - Cuartel 276 - Hilera 1925</name><Style><LineStyle><color>ff00ff00</color><width>3</width></LineStyle></Style><LineString><coordinates>-70.8792316,-33.1982933,0 -70.8803983,-33.1970483,0</coordinates></LineString></Placemark><Placemark><name>Trabajado - Cuartel 276 - Hilera 1926</name><Style><LineStyle><color>ff00ff00</color><width>3</width></LineStyle></Style><LineString><coordinates>-70.8804916,-33.197035,0 -70.8793366,-33.1982716,0</coordinates></LineString></Placemark><Placemark><name>Trabajado - Cuartel 276 - Hilera 1927</name><Style><LineStyle><color>ff00ff00</color><width>3</width></LineStyle></Style><LineString><coordinates>-70.8804299,-33.1971,0 -70.88054,-33.1971183,0</coordinates></LineString></Placemark><Placemark><name>Trabajado - Cuartel 276 - Hilera 1928</name><Style><LineStyle><color>ff00ff00</color><width>3</width></LineStyle></Style><LineString><coordinates>-70.8805049,-33.1970833,0 -70.87978,-33.1977433,0</coordinates></LineString></Placemark><Placemark><name>Trabajado - Cuartel 276 - Hilera 1929</name><Style><LineStyle><color>ff00ff00</color><width>3</width></LineStyle></Style><LineString><coordinates>-70.87978,-33.1977433,0 -70.8793383,-33.19824,0</coordinates></LineString></Placemark><Placemark><name>Trabajado - Cuartel 276 - Hilera 1930</name><Style><LineStyle><color>ff00ff00</color><width>3</width></LineStyle></Style><LineString><coordinates>-70.8793433,-33.1982533,0 -70.8804683,-33.1971183,0</coordinates></LineString></Placemark><Placemark><name>Trabajado - Cuartel 276 - Hilera 1931</name><Style><LineStyle><color>ff00ff00</color><width>3</width></LineStyle></Style><LineString><coordinates>-70.8804683,-33.1971183,0 -70.8794333,-33.1982616,0</coordinates></LineString></Placemark><Placemark><name>Trabajado - Cuartel 276 - Hilera 1932</name><Style><LineStyle><color>ff00ff00</color><width>3</width></LineStyle></Style><LineString><coordinates>-70.87942516655814,-33.198270022203126,0 -70.8805149,-33.1971416,0</coordinates></LineString></Placemark><Placemark><name>Trabajado - Cuartel 276 - Hilera 1934</name><Style><LineStyle><color>ff00ff00</color><width>3</width></LineStyle></Style><LineString><coordinates>-70.879975,-33.1976133,0 -70.8794416,-33.198285,0</coordinates></LineString></Placemark><Placemark><name>Trabajado - Cuartel 276 - Hilera 1935</name><Style><LineStyle><color>ff00ff00</color><width>3</width></LineStyle></Style><LineString><coordinates>-70.8804866,-33.1971433,0 -70.88075635652135,-33.19719629922242,0</coordinates></LineString></Placemark><Placemark><name>Trabajado - Cuartel 276 - Hilera 1936</name><Style><LineStyle><color>ff00ff00</color><width>3</width></LineStyle></Style><LineString><coordinates>-70.8805183,-33.1971816,0 -70.8794583,-33.198305,0</coordinates></LineString></Placemark><Placemark><name>Trabajado - Cuartel 276 - Hilera 1937</name><Style><LineStyle><color>ff00ff00</color><width>3</width></LineStyle></Style><LineString><coordinates>-70.8794583,-33.198305,0 -70.8805733,-33.1971799,0</coordinates></LineString></Placemark><Placemark><name>Trabajado - Cuartel 276 - Hilera 1938</name><Style><LineStyle><color>ff00ff00</color><width>3</width></LineStyle></Style><LineString><coordinates>-70.8805333,-33.1971833,0 -70.8794466,-33.1982749,0</coordinates></LineString></Placemark><Placemark><name>Trabajado - Cuartel 276 - Hilera 1939</name><Style><LineStyle><color>ff00ff00</color><width>3</width></LineStyle></Style><LineString><coordinates>-70.8805566,-33.1971999,0 -70.8800349,-33.1978133,0</coordinates></LineString></Placemark><Placemark><name>Trabajado - Cuartel 276 - Hilera 1940</name><Style><LineStyle><color>ff00ff00</color><width>3</width></LineStyle></Style><LineString><coordinates>-70.880015,-33.19782,0 -70.8795883,-33.1982383,0</coordinates></LineString></Placemark><Placemark><name>Trabajado - Cuartel 276 - Hilera 1941</name><Style><LineStyle><color>ff00ff00</color><width>3</width></LineStyle></Style><LineString><coordinates>-70.8795583,-33.1983216,0 -70.88060393498384,-33.197189870922905,0</coordinates></LineString></Placemark><Placemark><name>Trabajado - Cuartel 276 - Hilera 1942</name><Style><LineStyle><color>ff00ff00</color><width>3</width></LineStyle></Style><LineString><coordinates>-70.88060632519591,-33.19719142931993,0 -70.87957935166546,-33.19835254770013,0</coordinates></LineString></Placemark><Placemark><name>Trabajado - Cuartel 276 - Hilera 1943</name><Style><LineStyle><color>ff00ff00</color><width>3</width></LineStyle></Style><LineString><coordinates>-70.8797333,-33.1981316,0 -70.8796283,-33.198305,0</coordinates></LineString></Placemark><Placemark><name>Trabajado - Cuartel 276 - Hilera 1944</name><Style><LineStyle><color>ff00ff00</color><width>3</width></LineStyle></Style><LineString><coordinates>-70.8796283,-33.198305,0 -70.8796466,-33.198415,0</coordinates></LineString></Placemark><Placemark><name>Trabajado - Cuartel 276 - Hilera 1945</name><Style><LineStyle><color>ff00ff00</color><width>3</width></LineStyle></Style><LineString><coordinates>-70.8796466,-33.198415,0 -70.8795833,-33.198355,0</coordinates></LineString></Placemark><Placemark><name>Trabajado - Cuartel 276 - Hilera 1946</name><Style><LineStyle><color>ff00ff00</color><width>3</width></LineStyle></Style><LineString><coordinates>-70.8800416,-33.1977966,0 -70.8796333,-33.1983383,0</coordinates></LineString></Placemark><Placemark><name>Trabajado - Cuartel 276 - Hilera 1947</name><Style><LineStyle><color>ff00ff00</color><width>3</width></LineStyle></Style><LineString><coordinates>-70.8796616,-33.1984099,0 -70.8796833,-33.1982499,0</coordinates></LineString></Placemark><Placemark><name>Trabajado - Cuartel 276 - Hilera 1948</name><Style><LineStyle><color>ff00ff00</color><width>3</width></LineStyle></Style><LineString><coordinates>-70.8796833,-33.1982499,0 -70.8806633,-33.1972149,0</coordinates></LineString></Placemark><Placemark><name>Trabajado - Cuartel 276 - Hilera 1949</name><Style><LineStyle><color>ff00ff00</color><width>3</width></LineStyle></Style><LineString><coordinates>-70.8807016,-33.1972116,0 -70.881165,-33.1974883,0</coordinates></LineString></Placemark><Placemark><name>Trabajado - Cuartel 276 - Hilera 1950</name><Style><LineStyle><color>ff00ff00</color><width>3</width></LineStyle></Style><LineString><coordinates>-70.88116127235321,-33.19748908975568,0 -70.8813066,-33.1974583,0</coordinates></LineString></Placemark><Placemark><name>Trabajado - Cuartel 276 - Hilera 1951</name><Style><LineStyle><color>ff00ff00</color><width>3</width></LineStyle></Style><LineString><coordinates>-70.88103935910424,-33.19769347840079,0 -70.88171889244892,-33.19709547275189,0</coordinates></LineString></Placemark><Placemark><name>Trabajado - Cuartel 276 - Hilera 1952</name><Style><LineStyle><color>ff00ff00</color><width>3</width></LineStyle></Style><LineString><coordinates>-70.8796433,-33.1983016,0 -70.8807133,-33.197245,0</coordinates></LineString></Placemark><Placemark><name>Trabajado - Cuartel 276 - Hilera 1953</name><Style><LineStyle><color>ff00ff00</color><width>3</width></LineStyle></Style><LineString><coordinates>-70.8810783,-33.1975116,0 -70.881365,-33.1975033,0</coordinates></LineString></Placemark><Placemark><name>Trabajado - Cuartel 276 - Hilera 1954</name><Style><LineStyle><color>ff00ff00</color><width>3</width></LineStyle></Style><LineString><coordinates>-70.881365,-33.1975033,0 -70.8814183,-33.1974183,0</coordinates></LineString></Placemark><Placemark><name>Trabajado - Cuartel 276 - Hilera 1955</name><Style><LineStyle><color>ff00ff00</color><width>3</width></LineStyle></Style><LineString><coordinates>-70.8812816,-33.1974866,0 -70.88103132579998,-33.197534942437585,0</coordinates></LineString></Placemark><Placemark><name>Trabajado - Cuartel 276 - Hilera 1956</name><Style><LineStyle><color>ff00ff00</color><width>3</width></LineStyle></Style><LineString><coordinates>-70.8806866,-33.1972666,0 -70.879745,-33.1983166,0</coordinates></LineString></Placemark><Placemark><name>Trabajado - Cuartel 276 - Hilera 1957</name><Style><LineStyle><color>ff00ff00</color><width>3</width></LineStyle></Style><LineString><coordinates>-70.879745,-33.1983166,0 -70.87973,-33.1984283,0</coordinates></LineString></Placemark><Placemark><name>Trabajado - Cuartel 276 - Hilera 1958</name><Style><LineStyle><color>ff00ff00</color><width>3</width></LineStyle></Style><LineString><coordinates>-70.8796416,-33.1983833,0 -70.87989,-33.198065,0</coordinates></LineString></Placemark><Placemark><name>Trabajado - Cuartel 276 - Hilera 1959</name><Style><LineStyle><color>ff00ff00</color><width>3</width></LineStyle></Style><LineString><coordinates>-70.8798299,-33.1980916,0 -70.8797583,-33.1983616,0</coordinates></LineString></Placemark><Placemark><name>Trabajado - Cuartel 276 - Hilera 1960</name><Style><LineStyle><color>ff00ff00</color><width>3</width></LineStyle></Style><LineString><coordinates>-70.8797583,-33.1983616,0 -70.8798483,-33.19847,0</coordinates></LineString></Placemark><Placemark><name>Trabajado - Cuartel 276 - Hilera 1961</name><Style><LineStyle><color>ff00ff00</color><width>3</width></LineStyle></Style><LineString><coordinates>-70.8797149,-33.1984266,0 -70.8798099,-33.198035,0</coordinates></LineString></Placemark><Placemark><name>Trabajado - Cuartel 276 - Hilera 1962</name><Style><LineStyle><color>ff00ff00</color><width>3</width></LineStyle></Style><LineString><coordinates>-70.8797883,-33.1980783,0 -70.8798607976808,-33.19841393741117,0</coordinates></LineString></Placemark><Placemark><name>Trabajado - Cuartel 276 - Hilera 1963</name><Style><LineStyle><color>ff00ff00</color><width>3</width></LineStyle></Style><LineString><coordinates>-70.8797099,-33.1982749,0 -70.8797366,-33.1984316,0</coordinates></LineString></Placemark><Placemark><name>Trabajado - Cuartel 276 - Hilera 1964</name><Style><LineStyle><color>ff00ff00</color><width>3</width></LineStyle></Style><LineString><coordinates>-70.8797366,-33.1984316,0 -70.87987,-33.1980633,0</coordinates></LineString></Placemark><Placemark><name>Trabajado - Cuartel 276 - Hilera 1965</name><Style><LineStyle><color>ff00ff00</color><width>3</width></LineStyle></Style><LineString><coordinates>-70.87987,-33.1980633,0 -70.8798616,-33.19791,0</coordinates></LineString></Placemark><Placemark><name>Trabajado - Cuartel 276 - Hilera 1966</name><Style><LineStyle><color>ff00ff00</color><width>3</width></LineStyle></Style><LineString><coordinates>-70.8798616,-33.19791,0 -70.8798016,-33.1983516,0</coordinates></LineString></Placemark><Placemark><name>Trabajado - Cuartel 276 - Hilera 1967</name><Style><LineStyle><color>ff00ff00</color><width>3</width></LineStyle></Style><LineString><coordinates>-70.8797979010011,-33.19845962973705,0 -70.8798133,-33.1980099,0</coordinates></LineString></Placemark><Placemark><name>Trabajado - Cuartel 276 - Hilera 1968</name><Style><LineStyle><color>ff00ff00</color><width>3</width></LineStyle></Style><LineString><coordinates>-70.8799416,-33.1978916,0 -70.8798833,-33.1984116,0</coordinates></LineString></Placemark><Placemark><name>Trabajado - Cuartel 276 - Hilera 1969</name><Style><LineStyle><color>ff00ff00</color><width>3</width></LineStyle></Style><LineString><coordinates>-70.8798399,-33.1982183,0 -70.8799433,-33.1979966,0</coordinates></LineString></Placemark><Placemark><name>Trabajado - Cuartel 276 - Hilera 1970</name><Style><LineStyle><color>ff00ff00</color><width>3</width></LineStyle></Style><LineString><coordinates>-70.8799433,-33.1979966,0 -70.8799066,-33.1979083,0</coordinates></LineString></Placemark><Placemark><name>Trabajado - Cuartel 276 - Hilera 1971</name><Style><LineStyle><color>ff00ff00</color><width>3</width></LineStyle></Style><LineString><coordinates>-70.8799066,-33.1979083,0 -70.87991,-33.1984666,0</coordinates></LineString></Placemark><Placemark><name>Trabajado - Cuartel 276 - Hilera 1972</name><Style><LineStyle><color>ff00ff00</color><width>3</width></LineStyle></Style><LineString><coordinates>-70.880625,-33.1972383,0 -70.8799083,-33.1980633,0</coordinates></LineString></Placemark><Placemark><name>Trabajado - Cuartel 276 - Hilera 1973</name><Style><LineStyle><color>ff00ff00</color><width>3</width></LineStyle></Style><LineString><coordinates>-70.8799566,-33.1980533,0 -70.879955,-33.198495,0</coordinates></LineString></Placemark><Placemark><name>Trabajado - Cuartel 276 - Hilera 1975</name><Style><LineStyle><color>ff00ff00</color><width>3</width></LineStyle></Style><LineString><coordinates>-70.8802016,-33.1985866,0 -70.8799566,-33.1983683,0</coordinates></LineString></Placemark><Placemark><name>Trabajado - Cuartel 276 - Hilera 1976</name><Style><LineStyle><color>ff00ff00</color><width>3</width></LineStyle></Style><LineString><coordinates>-70.87994730506728,-33.198483152528304,0 -70.87999745752498,-33.19786344534579,0</coordinates></LineString></Placemark><Placemark><name>Trabajado - Cuartel 276 - Hilera 1977</name><Style><LineStyle><color>ff00ff00</color><width>3</width></LineStyle></Style><LineString><coordinates>-70.880015,-33.1978883,0 -70.8800216,-33.1984566,0</coordinates></LineString></Placemark><Placemark><name>Trabajado - Cuartel 276 - Hilera 1978</name><Style><LineStyle><color>ff00ff00</color><width>3</width></LineStyle></Style><LineString><coordinates>-70.8800216,-33.1984566,0 -70.8800516,-33.1979016,0</coordinates></LineString></Placemark><Placemark><name>Trabajado - Cuartel 276 - Hilera 1979</name><Style><LineStyle><color>ff00ff00</color><width>3</width></LineStyle></Style><LineString><coordinates>-70.88011584796908,-33.198534188391164,0 -70.8800799,-33.19778,0</coordinates></LineString></Placemark><Placemark><name>Trabajado - Cuartel 276 - Hilera 1980</name><Style><LineStyle><color>ff00ff00</color><width>3</width></LineStyle></Style><LineString><coordinates>-70.8800649,-33.1977883,0 -70.8800516,-33.1984533,0</coordinates></LineString></Placemark><Placemark><name>Trabajado - Cuartel 276 - Hilera 1981</name><Style><LineStyle><color>ff00ff00</color><width>3</width></LineStyle></Style><LineString><coordinates>-70.88010300852142,-33.19854596226853,0 -70.88015792076975,-33.197724145560095,0</coordinates></LineString></Placemark><Placemark><name>Trabajado - Cuartel 276 - Hilera 1982</name><Style><LineStyle><color>ff00ff00</color><width>3</width></LineStyle></Style><LineString><coordinates>-70.8801166,-33.1985466,0 -70.8801816,-33.197755,0</coordinates></LineString></Placemark><Placemark><name>Trabajado - Cuartel 276 - Hilera 1983</name><Style><LineStyle><color>ff00ff00</color><width>3</width></LineStyle></Style><LineString><coordinates>-70.8801816,-33.197755,0 -70.8801766,-33.1985883,0</coordinates></LineString></Placemark><Placemark><name>Trabajado - Cuartel 276 - Hilera 1984</name><Style><LineStyle><color>ff00ff00</color><width>3</width></LineStyle></Style><LineString><coordinates>-70.88017649256037,-33.19858999521833,0 -70.8802366,-33.1976416,0</coordinates></LineString></Placemark><Placemark><name>Trabajado - Cuartel 276 - Hilera 1985</name><Style><LineStyle><color>ff00ff00</color><width>3</width></LineStyle></Style><LineString><coordinates>-70.88029920954452,-33.19761128238311,0 -70.88026273893017,-33.1986103701275,0</coordinates></LineString></Placemark><Placemark><name>Trabajado - Cuartel 276 - Hilera 1986</name><Style><LineStyle><color>ff00ff00</color><width>3</width></LineStyle></Style><LineString><coordinates>-70.8802599,-33.1976916,0 -70.8802483,-33.19861,0</coordinates></LineString></Placemark><Placemark><name>Trabajado - Cuartel 276 - Hilera 1987</name><Style><LineStyle><color>ff00ff00</color><width>3</width></LineStyle></Style><LineString><coordinates>-70.8803666,-33.1975433,0 -70.8803266,-33.1986166,0</coordinates></LineString></Placemark><Placemark><name>Trabajado - Cuartel 276 - Hilera 1988</name><Style><LineStyle><color>ff00ff00</color><width>3</width></LineStyle></Style><LineString><coordinates>-70.8803266,-33.1986166,0 -70.880405,-33.1975816,0</coordinates></LineString></Placemark><Placemark><name>Trabajado - Cuartel 276 - Hilera 1992</name><Style><LineStyle><color>ff00ff00</color><width>3</width></LineStyle></Style><LineString><coordinates>-70.880495,-33.1986966,0 -70.880275,-33.1985233,0</coordinates></LineString></Placemark><Placemark><name>Trabajado - Cuartel 276 - Hilera 1993</name><Style><LineStyle><color>ff00ff00</color><width>3</width></LineStyle></Style><LineString><coordinates>-70.880275,-33.1985233,0 -70.8804266,-33.197495,0</coordinates></LineString></Placemark><Placemark><name>Trabajado - Cuartel 276 - Hilera 1994</name><Style><LineStyle><color>ff00ff00</color><width>3</width></LineStyle></Style><LineString><coordinates>-70.88042769164014,-33.197434779672264,0 -70.8804066,-33.1985983,0</coordinates></LineString></Placemark><Placemark><name>Trabajado - Cuartel 276 - Hilera 1995</name><Style><LineStyle><color>ff00ff00</color><width>3</width></LineStyle></Style><LineString><coordinates>-70.880405,-33.1985566,0 -70.88051,-33.1973583,0</coordinates></LineString></Placemark><Placemark><name>Trabajado - Cuartel 276 - Hilera 1996</name><Style><LineStyle><color>ff00ff00</color><width>3</width></LineStyle></Style><LineString><coordinates>-70.88051,-33.1973583,0 -70.8805,-33.1986183,0</coordinates></LineString></Placemark><Placemark><name>Trabajado - Cuartel 276 - Hilera 1997</name><Style><LineStyle><color>ff00ff00</color><width>3</width></LineStyle></Style><LineString><coordinates>-70.8805,-33.1986183,0 -70.88058908722262,-33.197294644926714,0</coordinates></LineString></Placemark><Placemark><name>Trabajado - Cuartel 276 - Hilera 1998</name><Style><LineStyle><color>ff00ff00</color><width>3</width></LineStyle></Style><LineString><coordinates>-70.8805666,-33.1973033,0 -70.8804866,-33.198535,0</coordinates></LineString></Placemark><Placemark><name>Trabajado - Cuartel 276 - Hilera 1999</name><Style><LineStyle><color>ff00ff00</color><width>3</width></LineStyle></Style><LineString><coordinates>-70.880625,-33.197275,0 -70.8805766,-33.19861,0</coordinates></LineString></Placemark><Placemark><name>Trabajado - Cuartel 276 - Hilera 2000</name><Style><LineStyle><color>ff00ff00</color><width>3</width></LineStyle></Style><LineString><coordinates>-70.8805766,-33.19861,0 -70.88068105419534,-33.197207444827704,0</coordinates></LineString></Placemark><Placemark><name>Trabajado - Cuartel 276 - Hilera 2001</name><Style><LineStyle><color>ff00ff00</color><width>3</width></LineStyle></Style><LineString><coordinates>-70.8806649,-33.1972066,0 -70.8806183,-33.198535,0</coordinates></LineString></Placemark><Placemark><name>Trabajado - Cuartel 276 - Hilera 2002</name><Style><LineStyle><color>ff00ff00</color><width>3</width></LineStyle></Style><LineString><coordinates>-70.8806183,-33.198535,0 -70.8807333,-33.197295,0</coordinates></LineString></Placemark><Placemark><name>Trabajado - Cuartel 276 - Hilera 2003</name><Style><LineStyle><color>ff00ff00</color><width>3</width></LineStyle></Style><LineString><coordinates>-70.8808416,-33.1973233,0 -70.8806916,-33.1973433,0</coordinates></LineString></Placemark><Placemark><name>Trabajado - Cuartel 276 - Hilera 2004</name><Style><LineStyle><color>ff00ff00</color><width>3</width></LineStyle></Style><LineString><coordinates>-70.8806916,-33.1973433,0 -70.8806416,-33.1986716,0</coordinates></LineString></Placemark><Placemark><name>Trabajado - Cuartel 276 - Hilera 2006</name><Style><LineStyle><color>ff00ff00</color><width>3</width></LineStyle></Style><LineString><coordinates>-70.880575,-33.198655,0 -70.8807366,-33.1972899,0</coordinates></LineString></Placemark><Placemark><name>Trabajado - Cuartel 276 - Hilera 2007</name><Style><LineStyle><color>ff00ff00</color><width>3</width></LineStyle></Style><LineString><coordinates>-70.8807366,-33.1972899,0 -70.8806849,-33.1986566,0</coordinates></LineString></Placemark><Placemark><name>Trabajado - Cuartel 276 - Hilera 2008</name><Style><LineStyle><color>ff00ff00</color><width>3</width></LineStyle></Style><LineString><coordinates>-70.8806849,-33.1986566,0 -70.8808266,-33.1973116,0</coordinates></LineString></Placemark><Placemark><name>Trabajado - Cuartel 276 - Hilera 2009</name><Style><LineStyle><color>ff00ff00</color><width>3</width></LineStyle></Style><LineString><coordinates>-70.8809316,-33.1973533,0 -70.8807783,-33.197325,0</coordinates></LineString></Placemark><Placemark><name>Trabajado - Cuartel 276 - Hilera 2010</name><Style><LineStyle><color>ff00ff00</color><width>3</width></LineStyle></Style><LineString><coordinates>-70.8807783,-33.197325,0 -70.8807066,-33.1985649,0</coordinates></LineString></Placemark><Placemark><name>Trabajado - Cuartel 276 - Hilera 2011</name><Style><LineStyle><color>ff00ff00</color><width>3</width></LineStyle></Style><LineString><coordinates>-70.88085,-33.197315,0 -70.88077625426818,-33.198691586993824,0</coordinates></LineString></Placemark><Placemark><name>Trabajado - Cuartel 276 - Hilera 2012</name><Style><LineStyle><color>ff00ff00</color><width>3</width></LineStyle></Style><LineString><coordinates>-70.8807766,-33.1986916,0 -70.880905,-33.1973583,0</coordinates></LineString></Placemark><Placemark><name>Trabajado - Cuartel 276 - Hilera 2013</name><Style><LineStyle><color>ff00ff00</color><width>3</width></LineStyle></Style><LineString><coordinates>-70.88086,-33.1973633,0 -70.8807516,-33.1987133,0</coordinates></LineString></Placemark><Placemark><name>Trabajado - Cuartel 276 - Hilera 2014</name><Style><LineStyle><color>ff00ff00</color><width>3</width></LineStyle></Style><LineString><coordinates>-70.8807516,-33.1987133,0 -70.8809266,-33.19741,0</coordinates></LineString></Placemark><Placemark><name>Trabajado - Cuartel 276 - Hilera 2015</name><Style><LineStyle><color>ff00ff00</color><width>3</width></LineStyle></Style><LineString><coordinates>-70.8809272842126,-33.197396387662,0 -70.88086,-33.198735,0</coordinates></LineString></Placemark><Placemark><name>Trabajado - Cuartel 276 - Hilera 2016</name><Style><LineStyle><color>ff00ff00</color><width>3</width></LineStyle></Style><LineString><coordinates>-70.88086,-33.198735,0 -70.8809633,-33.1974233,0</coordinates></LineString></Placemark><Placemark><name>Trabajado - Cuartel 276 - Hilera 2017</name><Style><LineStyle><color>ff00ff00</color><width>3</width></LineStyle></Style><LineString><coordinates>-70.8809633,-33.1974233,0 -70.8810966,-33.1974583,0</coordinates></LineString></Placemark><Placemark><name>Trabajado - Cuartel 276 - Hilera 2018</name><Style><LineStyle><color>ff00ff00</color><width>3</width></LineStyle></Style><LineString><coordinates>-70.8810633,-33.1974283,0 -70.8809333,-33.1973966,0</coordinates></LineString></Placemark><Placemark><name>Trabajado - Cuartel 276 - Hilera 2019</name><Style><LineStyle><color>ff00ff00</color><width>3</width></LineStyle></Style><LineString><coordinates>-70.8809683,-33.1974166,0 -70.8809083,-33.198735,0</coordinates></LineString></Placemark><Placemark><name>Trabajado - Cuartel 276 - Hilera 2020</name><Style><LineStyle><color>ff00ff00</color><width>3</width></LineStyle></Style><LineString><coordinates>-70.8809083,-33.198735,0 -70.88101069055955,-33.197502080604686,0</coordinates></LineString></Placemark><Placemark><name>Trabajado - Cuartel 276 - Hilera 2021</name><Style><LineStyle><color>ff00ff00</color><width>3</width></LineStyle></Style><LineString><coordinates>-70.88123,-33.1974899,0 -70.88099,-33.1974633,0</coordinates></LineString></Placemark><Placemark><name>Trabajado - Cuartel 276 - Hilera 2022</name><Style><LineStyle><color>ff00ff00</color><width>3</width></LineStyle></Style><LineString><coordinates>-70.881035659035,-33.19767585902923,0 -70.8809849,-33.198765,0</coordinates></LineString></Placemark><Placemark><name>Trabajado - Cuartel 276 - Hilera 2023</name><Style><LineStyle><color>ff00ff00</color><width>3</width></LineStyle></Style><LineString><coordinates>-70.881035,-33.1975483,0 -70.8809583,-33.19878,0</coordinates></LineString></Placemark><Placemark><name>Trabajado - Cuartel 276 - Hilera 2024</name><Style><LineStyle><color>ff00ff00</color><width>3</width></LineStyle></Style><LineString><coordinates>-70.8809583,-33.19878,0 -70.8811233,-33.1975433,0</coordinates></LineString></Placemark><Placemark><name>Trabajado - Cuartel 276 - Hilera 2025</name><Style><LineStyle><color>ff00ff00</color><width>3</width></LineStyle></Style><LineString><coordinates>-70.8811233,-33.1975433,0 -70.881035,-33.19878,0</coordinates></LineString></Placemark><Placemark><name>Trabajado - Cuartel 276 - Hilera 2026</name><Style><LineStyle><color>ff00ff00</color><width>3</width></LineStyle></Style><LineString><coordinates>-70.881035,-33.19878,0 -70.8811811513908,-33.19752894409468,0</coordinates></LineString></Placemark><Placemark><name>Trabajado - Cuartel 276 - Hilera 2027</name><Style><LineStyle><color>ff00ff00</color><width>3</width></LineStyle></Style><LineString><coordinates>-70.8812166,-33.19757,0 -70.8812516,-33.1975016,0</coordinates></LineString></Placemark><Placemark><name>Trabajado - Cuartel 276 - Hilera 2028</name><Style><LineStyle><color>ff00ff00</color><width>3</width></LineStyle></Style><LineString><coordinates>-70.8810533,-33.1987016,0 -70.88109,-33.1977316,0</coordinates></LineString></Placemark><Placemark><name>Trabajado - Cuartel 276 - Hilera 2029</name><Style><LineStyle><color>ff00ff00</color><width>3</width></LineStyle></Style><LineString><coordinates>-70.88109,-33.1977316,0 -70.8811683,-33.1976083,0</coordinates></LineString></Placemark><Placemark><name>Trabajado - Cuartel 276 - Hilera 2030</name><Style><LineStyle><color>ff00ff00</color><width>3</width></LineStyle></Style><LineString><coordinates>-70.8811683,-33.1976083,0 -70.8811333,-33.1987633,0</coordinates></LineString></Placemark><Placemark><name>Trabajado - Cuartel 276 - Hilera 2031</name><Style><LineStyle><color>ff00ff00</color><width>3</width></LineStyle></Style><LineString><coordinates>-70.88113275744507,-33.19877179980108,0 -70.8812133,-33.19751,0</coordinates></LineString></Placemark><Placemark><name>Trabajado - Cuartel 276 - Hilera 2032</name><Style><LineStyle><color>ff00ff00</color><width>3</width></LineStyle></Style><LineString><coordinates>-70.88123906045152,-33.1975044456846,0 -70.8811966,-33.1988083,0</coordinates></LineString></Placemark><Placemark><name>Trabajado - Cuartel 276 - Hilera 2033</name><Style><LineStyle><color>ff00ff00</color><width>3</width></LineStyle></Style><LineString><coordinates>-70.8812816,-33.1975033,0 -70.881325,-33.1977733,0</coordinates></LineString></Placemark><Placemark><name>Trabajado - Cuartel 276 - Hilera 2034</name><Style><LineStyle><color>ff00ff00</color><width>3</width></LineStyle></Style><LineString><coordinates>-70.88134865583473,-33.19746950603389,0 -70.8812483,-33.1987583,0</coordinates></LineString></Placemark><Placemark><name>Trabajado - Cuartel 276 - Hilera 2035</name><Style><LineStyle><color>ff00ff00</color><width>3</width></LineStyle></Style><LineString><coordinates>-70.88133018457172,-33.19737199689572,0 -70.8812766,-33.1988116,0</coordinates></LineString></Placemark><Placemark><name>Trabajado - Cuartel 276 - Hilera 2036</name><Style><LineStyle><color>ff00ff00</color><width>3</width></LineStyle></Style><LineString><coordinates>-70.881315,-33.1973716,0 -70.881385,-33.19743,0</coordinates></LineString></Placemark><Placemark><name>Trabajado - Cuartel 276 - Hilera 2037</name><Style><LineStyle><color>ff00ff00</color><width>3</width></LineStyle></Style><LineString><coordinates>-70.881385,-33.19743,0 -70.8813416,-33.19869,0</coordinates></LineString></Placemark><Placemark><name>Trabajado - Cuartel 276 - Hilera 2038</name><Style><LineStyle><color>ff00ff00</color><width>3</width></LineStyle></Style><LineString><coordinates>-70.88130982520326,-33.19880516168684,0 -70.8814149,-33.1974316,0</coordinates></LineString></Placemark><Placemark><name>Trabajado - Cuartel 276 - Hilera 2039</name><Style><LineStyle><color>ff00ff00</color><width>3</width></LineStyle></Style><LineString><coordinates>-70.8813366,-33.1988066,0 -70.8814833,-33.1973666,0</coordinates></LineString></Placemark><Placemark><name>Trabajado - Cuartel 276 - Hilera 2042</name><Style><LineStyle><color>ff00ff00</color><width>3</width></LineStyle></Style><LineString><coordinates>-70.881498319098,-33.197279634138106,0 -70.88142,-33.19878,0</coordinates></LineString></Placemark><Placemark><name>Trabajado - Cuartel 276 - Hilera 2043</name><Style><LineStyle><color>ff00ff00</color><width>3</width></LineStyle></Style><LineString><coordinates>-70.88143,-33.1987783,0 -70.88158,-33.1972433,0</coordinates></LineString></Placemark><Placemark><name>Trabajado - Cuartel 276 - Hilera 2044</name><Style><LineStyle><color>ff00ff00</color><width>3</width></LineStyle></Style><LineString><coordinates>-70.88162162439795,-33.19716229380287,0 -70.88150665242809,-33.19890152351852,0</coordinates></LineString></Placemark><Placemark><name>Trabajado - Cuartel 276 - Hilera 2045</name><Style><LineStyle><color>ff00ff00</color><width>3</width></LineStyle></Style><LineString><coordinates>-70.8816433,-33.1971633,0 -70.8817016,-33.1972366,0</coordinates></LineString></Placemark><Placemark><name>Trabajado - Cuartel 276 - Hilera 2046</name><Style><LineStyle><color>ff00ff00</color><width>3</width></LineStyle></Style><LineString><coordinates>-70.88171376940451,-33.19708672369546,0 -70.8815683,-33.1988783,0</coordinates></LineString></Placemark><Placemark><name>Trabajado - Cuartel 276 - Hilera 2055</name><Style><LineStyle><color>ff00ff00</color><width>3</width></LineStyle></Style><LineString><coordinates>-70.8778633,-33.1934266,0 -70.8774383,-33.1935049,0</coordinates></LineString></Placemark><Placemark><name>Trabajado - Cuartel 276 - Hilera 2056</name><Style><LineStyle><color>ff00ff00</color><width>3</width></LineStyle></Style><LineString><coordinates>-70.8769233,-33.1945816,0 -70.8812533,-33.19746,0</coordinates></LineString></Placemark><Placemark><name>Trabajado - Cuartel 276 - Hilera 2057</name><Style><LineStyle><color>ff00ff00</color><width>3</width></LineStyle></Style><LineString><coordinates>-70.8812533,-33.19746,0 -70.8817016,-33.19709,0</coordinates></LineString></Placemark><Placemark><name>Trabajado - Cuartel 276 - Hilera 2058</name><Style><LineStyle><color>ff00ff00</color><width>3</width></LineStyle></Style><LineString><coordinates>-70.88170538067862,-33.19702384773919,0 -70.8816033,-33.19881,0</coordinates></LineString></Placemark><Placemark><name>Trabajado - Cuartel 276 - Hilera 2059</name><Style><LineStyle><color>ff00ff00</color><width>3</width></LineStyle></Style><LineString><coordinates>-70.88175673721673,-33.19699424359131,0 -70.8816716,-33.198825,0</coordinates></LineString></Placemark><Placemark><name>Trabajado - Cuartel 276 - Hilera 2060</name><Style><LineStyle><color>ff00ff00</color><width>3</width></LineStyle></Style><LineString><coordinates>-70.8817799,-33.196995,0 -70.8816849,-33.1987999,0</coordinates></LineString></Placemark><Placemark><name>Trabajado - Cuartel 276 - Hilera 2061</name><Style><LineStyle><color>ff00ff00</color><width>3</width></LineStyle></Style><LineString><coordinates>-70.881845,-33.1969783,0 -70.881765,-33.19878,0</coordinates></LineString></Placemark><Placemark><name>Trabajado - Cuartel 276 - Hilera 2064</name><Style><LineStyle><color>ff00ff00</color><width>3</width></LineStyle></Style><LineString><coordinates>-70.8817366,-33.1988166,0 -70.8818649,-33.1969333,0</coordinates></LineString></Placemark><Placemark><name>Trabajado - Cuartel 276 - Hilera 2065</name><Style><LineStyle><color>ff00ff00</color><width>3</width></LineStyle></Style><LineString><coordinates>-70.8817383,-33.19872,0 -70.8819,-33.19688,0</coordinates></LineString></Placemark><Placemark><name>Trabajado - Cuartel 276 - Hilera 2066</name><Style><LineStyle><color>ff00ff00</color><width>3</width></LineStyle></Style><LineString><coordinates>-70.8819216,-33.1968783,0 -70.8818249,-33.1987683,0</coordinates></LineString></Placemark><Placemark><name>Trabajado - Cuartel 276 - Hilera 2068</name><Style><LineStyle><color>ff00ff00</color><width>3</width></LineStyle></Style><LineString><coordinates>-70.881795,-33.1988033,0 -70.88194796987051,-33.19679766103778,0</coordinates></LineString></Placemark><Placemark><name>Trabajado - Cuartel 276 - Hilera 2069</name><Style><LineStyle><color>ff00ff00</color><width>3</width></LineStyle></Style><LineString><coordinates>-70.8820183,-33.1968083,0 -70.8818833,-33.1986183,0</coordinates></LineString></Placemark><Placemark><name>Trabajado - Cuartel 276 - Hilera 2070</name><Style><LineStyle><color>ff00ff00</color><width>3</width></LineStyle></Style><LineString><coordinates>-70.8818553312585,-33.19860332557153,0 -70.88201417415438,-33.1967221659305,0</coordinates></LineString></Placemark><Placemark><name>Trabajado - Cuartel 276 - Hilera 2071</name><Style><LineStyle><color>ff00ff00</color><width>3</width></LineStyle></Style><LineString><coordinates>-70.88208391791174,-33.19665212519807,0 -70.8819253580858,-33.19880187751808,0</coordinates></LineString></Placemark><Placemark><name>Trabajado - Cuartel 276 - Hilera 2073</name><Style><LineStyle><color>ff00ff00</color><width>3</width></LineStyle></Style><LineString><coordinates>-70.8821066,-33.1966533,0 -70.881955,-33.1985616,0</coordinates></LineString></Placemark><Placemark><name>Trabajado - Cuartel 276 - Hilera 2074</name><Style><LineStyle><color>ff00ff00</color><width>3</width></LineStyle></Style><LineString><coordinates>-70.88193,-33.1985266,0 -70.88214,-33.1966283,0</coordinates></LineString></Placemark><Placemark><name>Trabajado - Cuartel 276 - Hilera 2075</name><Style><LineStyle><color>ff00ff00</color><width>3</width></LineStyle></Style><LineString><coordinates>-70.8821649,-33.1966266,0 -70.88202926338037,-33.1986921839298,0</coordinates></LineString></Placemark><Placemark><name>Trabajado - Cuartel 276 - Hilera 2076</name><Style><LineStyle><color>ff00ff00</color><width>3</width></LineStyle></Style><LineString><coordinates>-70.8820316,-33.1986566,0 -70.8831199,-33.1956966,0</coordinates></LineString></Placemark><Placemark><name>Trabajado - Cuartel 276 - Hilera 2080</name><Style><LineStyle><color>ff00ff00</color><width>3</width></LineStyle></Style><LineString><coordinates>-70.882245,-33.196565,0 -70.8820966,-33.1977849,0</coordinates></LineString></Placemark><Placemark><name>Trabajado - Cuartel 276 - Hilera 2081</name><Style><LineStyle><color>ff00ff00</color><width>3</width></LineStyle></Style><LineString><coordinates>-70.8820166,-33.1986916,0 -70.882215,-33.1965833,0</coordinates></LineString></Placemark><Placemark><name>Trabajado - Cuartel 276 - Hilera 2082</name><Style><LineStyle><color>ff00ff00</color><width>3</width></LineStyle></Style><LineString><coordinates>-70.8822583,-33.196565,0 -70.8820683,-33.198455,0</coordinates></LineString></Placemark><Placemark><name>Trabajado - Cuartel 276 - Hilera 2083</name><Style><LineStyle><color>ff00ff00</color><width>3</width></LineStyle></Style><LineString><coordinates>-70.88209198689343,-33.198647020351636,0 -70.88227,-33.196565,0</coordinates></LineString></Placemark><Placemark><name>Trabajado - Cuartel 276 - Hilera 2085</name><Style><LineStyle><color>ff00ff00</color><width>3</width></LineStyle></Style><LineString><coordinates>-70.8821833,-33.198385,0 -70.8823016,-33.19653,0</coordinates></LineString></Placemark><Placemark><name>Trabajado - Cuartel 276 - Hilera 2086</name><Style><LineStyle><color>ff00ff00</color><width>3</width></LineStyle></Style><LineString><coordinates>-70.88235247226883,-33.19647398224886,0 -70.8821753670042,-33.198615849043065,0</coordinates></LineString></Placemark><Placemark><name>Trabajado - Cuartel 276 - Hilera 2089</name><Style><LineStyle><color>ff00ff00</color><width>3</width></LineStyle></Style><LineString><coordinates>-70.8821683,-33.19862,0 -70.8824,-33.1964866,0</coordinates></LineString></Placemark><Placemark><name>Trabajado - Cuartel 276 - Hilera 2090</name><Style><LineStyle><color>ff00ff00</color><width>3</width></LineStyle></Style><LineString><coordinates>-70.882205,-33.1986466,0 -70.8824233,-33.1964399,0</coordinates></LineString></Placemark><Placemark><name>Trabajado - Cuartel 276 - Hilera 2091</name><Style><LineStyle><color>ff00ff00</color><width>3</width></LineStyle></Style><LineString><coordinates>-70.88245194986152,-33.19636800187283,0 -70.88225,-33.19858,0</coordinates></LineString></Placemark><Placemark><name>Trabajado - Cuartel 276 - Hilera 2092</name><Style><LineStyle><color>ff00ff00</color><width>3</width></LineStyle></Style><LineString><coordinates>-70.8822749,-33.1984483,0 -70.8824816,-33.1963383,0</coordinates></LineString></Placemark><Placemark><name>Trabajado - Cuartel 276 - Hilera 2093</name><Style><LineStyle><color>ff00ff00</color><width>3</width></LineStyle></Style><LineString><coordinates>-70.8824966,-33.1963383,0 -70.8822866,-33.19862,0</coordinates></LineString></Placemark><Placemark><name>Trabajado - Cuartel 276 - Hilera 2094</name><Style><LineStyle><color>ff00ff00</color><width>3</width></LineStyle></Style><LineString><coordinates>-70.8822866,-33.19862,0 -70.882545,-33.1962733,0</coordinates></LineString></Placemark><Placemark><name>Trabajado - Cuartel 276 - Hilera 2095</name><Style><LineStyle><color>ff00ff00</color><width>3</width></LineStyle></Style><LineString><coordinates>-70.882545,-33.1962733,0 -70.88235,-33.1986349,0</coordinates></LineString></Placemark><Placemark><name>Trabajado - Cuartel 276 - Hilera 2096</name><Style><LineStyle><color>ff00ff00</color><width>3</width></LineStyle></Style><LineString><coordinates>-70.882556269988,-33.196177700453866,0 -70.8823833,-33.1986149,0</coordinates></LineString></Placemark><Placemark><name>Trabajado - Cuartel 276 - Hilera 2097</name><Style><LineStyle><color>ff00ff00</color><width>3</width></LineStyle></Style><LineString><coordinates>-70.8823833,-33.1986149,0 -70.8825916,-33.1962583,0</coordinates></LineString></Placemark><Placemark><name>Trabajado - Cuartel 276 - Hilera 2098</name><Style><LineStyle><color>ff00ff00</color><width>3</width></LineStyle></Style><LineString><coordinates>-70.88264756160845,-33.19611013163278,0 -70.88247,-33.1985366,0</coordinates></LineString></Placemark><Placemark><name>Trabajado - Cuartel 276 - Hilera 2099</name><Style><LineStyle><color>ff00ff00</color><width>3</width></LineStyle></Style><LineString><coordinates>-70.882645,-33.19611,0 -70.8825366,-33.19859,0</coordinates></LineString></Placemark><Placemark><name>Trabajado - Cuartel 276 - Hilera 2100</name><Style><LineStyle><color>ff00ff00</color><width>3</width></LineStyle></Style><LineString><coordinates>-70.8825366,-33.19859,0 -70.8826916,-33.196095,0</coordinates></LineString></Placemark><Placemark><name>Trabajado - Cuartel 276 - Hilera 2101</name><Style><LineStyle><color>ff00ff00</color><width>3</width></LineStyle></Style><LineString><coordinates>-70.8827416,-33.1960966,0 -70.8825783,-33.1984783,0</coordinates></LineString></Placemark><Placemark><name>Trabajado - Cuartel 276 - Hilera 2102</name><Style><LineStyle><color>ff00ff00</color><width>3</width></LineStyle></Style><LineString><coordinates>-70.88257448229433,-33.19852156792282,0 -70.88279684660313,-33.19600140461469,0</coordinates></LineString></Placemark><Placemark><name>Trabajado - Cuartel 276 - Hilera 2112</name><Style><LineStyle><color>ff00ff00</color><width>3</width></LineStyle></Style><LineString><coordinates>-70.88283283780325,-33.19598870332599,0 -70.8826799,-33.19857,0</coordinates></LineString></Placemark><Placemark><name>Trabajado - Cuartel 276 - Hilera 2116</name><Style><LineStyle><color>ff00ff00</color><width>3</width></LineStyle></Style><LineString><coordinates>-70.8829866,-33.1958966,0 -70.8827416,-33.1985266,0</coordinates></LineString></Placemark><Placemark><name>Trabajado - Cuartel 276 - Hilera 2117</name><Style><LineStyle><color>ff00ff00</color><width>3</width></LineStyle></Style><LineString><coordinates>-70.8827316,-33.19851,0 -70.88291328143204,-33.19585039985554,0</coordinates></LineString></Placemark><Placemark><name>Trabajado - Cuartel 276 - Hilera 2118</name><Style><LineStyle><color>ff00ff00</color><width>3</width></LineStyle></Style><LineString><coordinates>-70.882965,-33.1958466,0 -70.88278511557662,-33.19850945520629,0</coordinates></LineString></Placemark><Placemark><name>Trabajado - Cuartel 276 - Hilera 2119</name><Style><LineStyle><color>ff00ff00</color><width>3</width></LineStyle></Style><LineString><coordinates>-70.8827966,-33.19851,0 -70.8830316,-33.1957449,0</coordinates></LineString></Placemark><Placemark><name>Trabajado - Cuartel 276 - Hilera 2120</name><Style><LineStyle><color>ff00ff00</color><width>3</width></LineStyle></Style><LineString><coordinates>-70.8830666,-33.1957383,0 -70.8828966,-33.1984783,0</coordinates></LineString></Placemark><Placemark><name>Trabajado - Cuartel 276 - Hilera 2121</name><Style><LineStyle><color>ff00ff00</color><width>3</width></LineStyle></Style><LineString><coordinates>-70.8828799,-33.19847,0 -70.8831033,-33.1957016,0</coordinates></LineString></Placemark><Placemark><name>Trabajado - Cuartel 276 - Hilera 2122</name><Style><LineStyle><color>ff00ff00</color><width>3</width></LineStyle></Style><LineString><coordinates>-70.8831566,-33.1956933,0 -70.88294700565083,-33.19842269095145,0</coordinates></LineString></Placemark><Placemark><name>Trabajado - Cuartel 276 - Hilera 2123</name><Style><LineStyle><color>ff00ff00</color><width>3</width></LineStyle></Style><LineString><coordinates>-70.8829499,-33.198385,0 -70.88319,-33.1957083,0</coordinates></LineString></Placemark><Placemark><name>Trabajado - Cuartel 276 - Hilera 2125</name><Style><LineStyle><color>ff00ff00</color><width>3</width></LineStyle></Style><LineString><coordinates>-70.8832266,-33.195735,0 -70.883005,-33.1983816,0</coordinates></LineString></Placemark><Placemark><name>Trabajado - Cuartel 276 - Hilera 2127</name><Style><LineStyle><color>ff00ff00</color><width>3</width></LineStyle></Style><LineString><coordinates>-70.88323,-33.1957383,0 -70.8830683,-33.1983733,0</coordinates></LineString></Placemark><Placemark><name>Trabajado - Cuartel 276 - Hilera 2128</name><Style><LineStyle><color>ff00ff00</color><width>3</width></LineStyle></Style><LineString><coordinates>-70.883055,-33.198365,0 -70.8833416,-33.1957666,0</coordinates></LineString></Placemark><Placemark><name>Trabajado - Cuartel 276 - Hilera 2129</name><Style><LineStyle><color>ff00ff00</color><width>3</width></LineStyle></Style><LineString><coordinates>-70.88334176625004,-33.195764706759874,0 -70.88311331057245,-33.19836633876468,0</coordinates></LineString></Placemark><Placemark><name>Trabajado - Cuartel 276 - Hilera 2130</name><Style><LineStyle><color>ff00ff00</color><width>3</width></LineStyle></Style><LineString><coordinates>-70.8831266,-33.198215,0 -70.8833983,-33.195755,0</coordinates></LineString></Placemark><Placemark><name>Trabajado - Cuartel 276 - Hilera 2132</name><Style><LineStyle><color>ff00ff00</color><width>3</width></LineStyle></Style><LineString><coordinates>-70.8833216,-33.1958633,0 -70.8831583,-33.1983583,0</coordinates></LineString></Placemark><Placemark><name>Trabajado - Cuartel 276 - Hilera 2134</name><Style><LineStyle><color>ff00ff00</color><width>3</width></LineStyle></Style><LineString><coordinates>-70.8833966,-33.1957483,0 -70.8831983,-33.1983216,0</coordinates></LineString></Placemark><Placemark><name>Trabajado - Cuartel 276 - Hilera 2135</name><Style><LineStyle><color>ff00ff00</color><width>3</width></LineStyle></Style><LineString><coordinates>-70.8833683,-33.1958883,0 -70.88319,-33.1982216,0</coordinates></LineString></Placemark><Placemark><name>Trabajado - Cuartel 276 - Hilera 2136</name><Style><LineStyle><color>ff00ff00</color><width>3</width></LineStyle></Style><LineString><coordinates>-70.8831983,-33.1982349,0 -70.8834366,-33.19578,0</coordinates></LineString></Placemark><Placemark><name>Trabajado - Cuartel 276 - Hilera 2137</name><Style><LineStyle><color>ff00ff00</color><width>3</width></LineStyle></Style><LineString><coordinates>-70.8834764304925,-33.19582205775146,0 -70.8832783,-33.1982933,0</coordinates></LineString></Placemark><Placemark><name>Trabajado - Cuartel 276 - Hilera 2138</name><Style><LineStyle><color>ff00ff00</color><width>3</width></LineStyle></Style><LineString><coordinates>-70.8834683,-33.1958216,0 -70.88325,-33.19821,0</coordinates></LineString></Placemark><Placemark><name>Trabajado - Cuartel 276 - Hilera 2139</name><Style><LineStyle><color>ff00ff00</color><width>3</width></LineStyle></Style><LineString><coordinates>-70.8832566,-33.1982016,0 -70.8835333,-33.1957649,0</coordinates></LineString></Placemark><Placemark><name>Trabajado - Cuartel 276 - Hilera 2140</name><Style><LineStyle><color>ff00ff00</color><width>3</width></LineStyle></Style><LineString><coordinates>-70.88355306630046,-33.19574359839642,0 -70.88334,-33.1982649,0</coordinates></LineString></Placemark><Placemark><name>Trabajado - Cuartel 276 - Hilera 2141</name><Style><LineStyle><color>ff00ff00</color><width>3</width></LineStyle></Style><LineString><coordinates>-70.88334,-33.1982649,0 -70.883635,-33.195695,0</coordinates></LineString></Placemark><Placemark><name>Trabajado - Cuartel 276 - Hilera 2145</name><Style><LineStyle><color>ff00ff00</color><width>3</width></LineStyle></Style><LineString><coordinates>-70.883615,-33.1957216,0 -70.8834566,-33.198135,0</coordinates></LineString></Placemark><Placemark><name>Trabajado - Cuartel 276 - Hilera 2146</name><Style><LineStyle><color>ff00ff00</color><width>3</width></LineStyle></Style><LineString><coordinates>-70.88341835569808,-33.19827342040088,0 -70.88367146575261,-33.19568159079369,0</coordinates></LineString></Placemark><Placemark><name>Trabajado - Cuartel 276 - Hilera 2166</name><Style><LineStyle><color>ff00ff00</color><width>3</width></LineStyle></Style><LineString><coordinates>-70.88371954680318,-33.19561827322591,0 -70.8834966,-33.1982683,0</coordinates></LineString></Placemark><Placemark><name>Trabajado - Cuartel 276 - Hilera 2167</name><Style><LineStyle><color>ff00ff00</color><width>3</width></LineStyle></Style><LineString><coordinates>-70.8836683,-33.1956766,0 -70.8834983,-33.1982616,0</coordinates></LineString></Placemark><Placemark><name>Trabajado - Cuartel 276 - Hilera 2169</name><Style><LineStyle><color>ff00ff00</color><width>3</width></LineStyle></Style><LineString><coordinates>-70.8838466,-33.1956966,0 -70.883615,-33.1982583,0</coordinates></LineString></Placemark><Placemark><name>Trabajado - Cuartel 276 - Hilera 2173</name><Style><LineStyle><color>ff00ff00</color><width>3</width></LineStyle></Style><LineString><coordinates>-70.88359712101393,-33.19825588847185,0 -70.8838395559892,-33.195581142875724,0</coordinates></LineString></Placemark><Placemark><name>Trabajado - Cuartel 276 - Hilera 2175</name><Style><LineStyle><color>ff00ff00</color><width>3</width></LineStyle></Style><LineString><coordinates>-70.88387536212309,-33.19554990498411,0 -70.8836666,-33.1982516,0</coordinates></LineString></Placemark><Placemark><name>Trabajado - Cuartel 276 - Hilera 2176</name><Style><LineStyle><color>ff00ff00</color><width>3</width></LineStyle></Style><LineString><coordinates>-70.88394,-33.19553,0 -70.883695,-33.19827,0</coordinates></LineString></Placemark><Placemark><name>Trabajado - Cuartel 276 - Hilera 2177</name><Style><LineStyle><color>ff00ff00</color><width>3</width></LineStyle></Style><LineString><coordinates>-70.88395399241831,-33.19551694613487,0 -70.88371948055523,-33.19826686832005,0</coordinates></LineString></Placemark><Placemark><name>Trabajado - Cuartel 276 - Hilera 2178</name><Style><LineStyle><color>ff00ff00</color><width>3</width></LineStyle></Style><LineString><coordinates>-70.8839766,-33.1955183,0 -70.8837933,-33.1982683,0</coordinates></LineString></Placemark><Placemark><name>Trabajado - Cuartel 276 - Hilera 2179</name><Style><LineStyle><color>ff00ff00</color><width>3</width></LineStyle></Style><LineString><coordinates>-70.8837933,-33.1982683,0 -70.8840566,-33.1954916,0</coordinates></LineString></Placemark><Placemark><name>Trabajado - Cuartel 276 - Hilera 2180</name><Style><LineStyle><color>ff00ff00</color><width>3</width></LineStyle></Style><LineString><coordinates>-70.8840233,-33.1955183,0 -70.8837983,-33.1981816,0</coordinates></LineString></Placemark><Placemark><name>Trabajado - Cuartel 276 - Hilera 2181</name><Style><LineStyle><color>ff00ff00</color><width>3</width></LineStyle></Style><LineString><coordinates>-70.8840833,-33.1955733,0 -70.8838716,-33.198175,0</coordinates></LineString></Placemark><Placemark><name>Trabajado - Cuartel 276 - Hilera 2182</name><Style><LineStyle><color>ff00ff00</color><width>3</width></LineStyle></Style><LineString><coordinates>-70.8841165642386,-33.19547213390776,0 -70.8839116,-33.1981583,0</coordinates></LineString></Placemark><Placemark><name>Trabajado - Cuartel 276 - Hilera 2183</name><Style><LineStyle><color>ff00ff00</color><width>3</width></LineStyle></Style><LineString><coordinates>-70.88416089832917,-33.195493593397046,0 -70.8839749,-33.1981866,0</coordinates></LineString></Placemark><Placemark><name>Trabajado - Cuartel 276 - Hilera 2185</name><Style><LineStyle><color>ff00ff00</color><width>3</width></LineStyle></Style><LineString><coordinates>-70.8841866,-33.195515,0 -70.8839466,-33.1981833,0</coordinates></LineString></Placemark><Placemark><name>Trabajado - Cuartel 276 - Hilera 2186</name><Style><LineStyle><color>ff00ff00</color><width>3</width></LineStyle></Style><LineString><coordinates>-70.8839466,-33.1981833,0 -70.88413,-33.1955333,0</coordinates></LineString></Placemark><Placemark><name>Trabajado - Cuartel 276 - Hilera 2187</name><Style><LineStyle><color>ff00ff00</color><width>3</width></LineStyle></Style><LineString><coordinates>-70.8841549,-33.1954983,0 -70.8840133,-33.1981683,0</coordinates></LineString></Placemark><Placemark><name>Trabajado - Cuartel 276 - Hilera 2188</name><Style><LineStyle><color>ff00ff00</color><width>3</width></LineStyle></Style><LineString><coordinates>-70.8840133,-33.1981683,0 -70.8843133,-33.1955116,0</coordinates></LineString></Placemark><Placemark><name>Trabajado - Cuartel 276 - Hilera 2189</name><Style><LineStyle><color>ff00ff00</color><width>3</width></LineStyle></Style><LineString><coordinates>-70.8842466,-33.1955216,0 -70.88401,-33.1981083,0</coordinates></LineString></Placemark><Placemark><name>Trabajado - Cuartel 276 - Hilera 2190</name><Style><LineStyle><color>ff00ff00</color><width>3</width></LineStyle></Style><LineString><coordinates>-70.88435964037504,-33.19551029914237,0 -70.8841138902939,-33.198187282704644,0</coordinates></LineString></Placemark><Placemark><name>Trabajado - Cuartel 276 - Hilera 2191</name><Style><LineStyle><color>ff00ff00</color><width>3</width></LineStyle></Style><LineString><coordinates>-70.88440854406274,-33.195502196271185,0 -70.88418072386054,-33.19811933516005,0</coordinates></LineString></Placemark><Placemark><name>Trabajado - Cuartel 276 - Hilera 2192</name><Style><LineStyle><color>ff00ff00</color><width>3</width></LineStyle></Style><LineString><coordinates>-70.8841916,-33.19812,0 -70.8844466332064,-33.195506259680144,0</coordinates></LineString></Placemark><Placemark><name>Trabajado - Cuartel 276 - Hilera 2193</name><Style><LineStyle><color>ff00ff00</color><width>3</width></LineStyle></Style><LineString><coordinates>-70.8844833,-33.1954883,0 -70.8842383,-33.198015,0</coordinates></LineString></Placemark><Placemark><name>Trabajado - Cuartel 276 - Hilera 2194</name><Style><LineStyle><color>ff00ff00</color><width>3</width></LineStyle></Style><LineString><coordinates>-70.8845433,-33.1955033,0 -70.8842766,-33.19816,0</coordinates></LineString></Placemark><Placemark><name>Trabajado - Cuartel 276 - Hilera 2195</name><Style><LineStyle><color>ff00ff00</color><width>3</width></LineStyle></Style><LineString><coordinates>-70.8842766,-33.19816,0 -70.8844783,-33.1955183,0</coordinates></LineString></Placemark><Placemark><name>Trabajado - Cuartel 276 - Hilera 2196</name><Style><LineStyle><color>ff00ff00</color><width>3</width></LineStyle></Style><LineString><coordinates>-70.884535,-33.1955,0 -70.8843533,-33.1981149,0</coordinates></LineString></Placemark><Placemark><name>Trabajado - Cuartel 276 - Hilera 2198</name><Style><LineStyle><color>ff00ff00</color><width>3</width></LineStyle></Style><LineString><coordinates>-70.8843349,-33.1980983,0 -70.8845783,-33.1955033,0</coordinates></LineString></Placemark><Placemark><name>Trabajado - Cuartel 276 - Hilera 2199</name><Style><LineStyle><color>ff00ff00</color><width>3</width></LineStyle></Style><LineString><coordinates>-70.88458835810292,-33.19553096002736,0 -70.8843533,-33.19812,0</coordinates></LineString></Placemark><Placemark><name>Trabajado - Cuartel 276 - Hilera 2200</name><Style><LineStyle><color>ff00ff00</color><width>3</width></LineStyle></Style><LineString><coordinates>-70.8846483,-33.1955066,0 -70.8844383,-33.1980783,0</coordinates></LineString></Placemark><Placemark><name>Trabajado - Cuartel 276 - Hilera 2202</name><Style><LineStyle><color>ff00ff00</color><width>3</width></LineStyle></Style><LineString><coordinates>-70.884665,-33.195535,0 -70.8845033,-33.1979933,0</coordinates></LineString></Placemark><Placemark><name>Trabajado - Cuartel 276 - Hilera 2203</name><Style><LineStyle><color>ff00ff00</color><width>3</width></LineStyle></Style><LineString><coordinates>-70.8845033,-33.1979933,0 -70.8847133,-33.195535,0</coordinates></LineString></Placemark><Placemark><name>Trabajado - Cuartel 276 - Hilera 2204</name><Style><LineStyle><color>ff00ff00</color><width>3</width></LineStyle></Style><LineString><coordinates>-70.8847099,-33.1955166,0 -70.884465,-33.19797,0</coordinates></LineString></Placemark><Placemark><name>Trabajado - Cuartel 276 - Hilera 2205</name><Style><LineStyle><color>ff00ff00</color><width>3</width></LineStyle></Style><LineString><coordinates>-70.88478340039181,-33.19553869926602,0 -70.8845733,-33.1980516,0</coordinates></LineString></Placemark><Placemark><name>Trabajado - Cuartel 276 - Hilera 2206</name><Style><LineStyle><color>ff00ff00</color><width>3</width></LineStyle></Style><LineString><coordinates>-70.8847516,-33.1955283,0 -70.8845849,-33.197915,0</coordinates></LineString></Placemark><Placemark><name>Trabajado - Cuartel 276 - Hilera 2207</name><Style><LineStyle><color>ff00ff00</color><width>3</width></LineStyle></Style><LineString><coordinates>-70.8845849,-33.197915,0 -70.884825,-33.195445,0</coordinates></LineString></Placemark><Placemark><name>Trabajado - Cuartel 276 - Hilera 2208</name><Style><LineStyle><color>ff00ff00</color><width>3</width></LineStyle></Style><LineString><coordinates>-70.8848666,-33.1954483,0 -70.88467035762795,-33.19800493303422,0</coordinates></LineString></Placemark><Placemark><name>Trabajado - Cuartel 276 - Hilera 2211</name><Style><LineStyle><color>ff00ff00</color><width>3</width></LineStyle></Style><LineString><coordinates>-70.8849216,-33.1955383,0 -70.88469577075135,-33.198045807608445,0</coordinates></LineString></Placemark><Placemark><name>Trabajado - Cuartel 276 - Hilera 2213</name><Style><LineStyle><color>ff00ff00</color><width>3</width></LineStyle></Style><LineString><coordinates>-70.8849066,-33.19558,0 -70.8847349,-33.197955,0</coordinates></LineString></Placemark><Placemark><name>Trabajado - Cuartel 276 - Hilera 2214</name><Style><LineStyle><color>ff00ff00</color><width>3</width></LineStyle></Style><LineString><coordinates>-70.884925,-33.1955816,0 -70.8848233,-33.1979733,0</coordinates></LineString></Placemark><Placemark><name>Trabajado - Cuartel 276 - Hilera 2215</name><Style><LineStyle><color>ff00ff00</color><width>3</width></LineStyle></Style><LineString><coordinates>-70.8848233,-33.1979733,0 -70.8849833,-33.1957433,0</coordinates></LineString></Placemark><Placemark><name>Trabajado - Cuartel 276 - Hilera 2233</name><Style><LineStyle><color>ff00ff00</color><width>3</width></LineStyle></Style><LineString><coordinates>-70.8849966,-33.19555,0 -70.88479,-33.1979866,0</coordinates></LineString></Placemark><Placemark><name>Trabajado - Cuartel 276 - Hilera 2234</name><Style><LineStyle><color>ff00ff00</color><width>3</width></LineStyle></Style><LineString><coordinates>-70.8848016,-33.1979983,0 -70.88506,-33.1955399,0</coordinates></LineString></Placemark><Placemark><name>Trabajado - Cuartel 276 - Hilera 2235</name><Style><LineStyle><color>ff00ff00</color><width>3</width></LineStyle></Style><LineString><coordinates>-70.88506,-33.1955399,0 -70.88486763052752,-33.19797005728465,0</coordinates></LineString></Placemark><Placemark><name>Trabajado - Cuartel 276 - Hilera 2236</name><Style><LineStyle><color>ff00ff00</color><width>3</width></LineStyle></Style><LineString><coordinates>-70.88486736850021,-33.19797005942413,0 -70.88513562467624,-33.19553388843087,0</coordinates></LineString></Placemark><Placemark><name>Trabajado - Cuartel 276 - Hilera 2237</name><Style><LineStyle><color>ff00ff00</color><width>3</width></LineStyle></Style><LineString><coordinates>-70.8851466,-33.1955249,0 -70.88491728381386,-33.19793482518582,0</coordinates></LineString></Placemark><Placemark><name>Trabajado - Cuartel 276 - Hilera 2238</name><Style><LineStyle><color>ff00ff00</color><width>3</width></LineStyle></Style><LineString><coordinates>-70.88491600954912,-33.19793468427419,0 -70.88519273887071,-33.19554014535128,0</coordinates></LineString></Placemark><Placemark><name>Trabajado - Cuartel 276 - Hilera 2240</name><Style><LineStyle><color>ff00ff00</color><width>3</width></LineStyle></Style><LineString><coordinates>-70.88519,-33.19553,0 -70.8850316,-33.1978516,0</coordinates></LineString></Placemark><Placemark><name>Trabajado - Cuartel 276 - Hilera 2241</name><Style><LineStyle><color>ff00ff00</color><width>3</width></LineStyle></Style><LineString><coordinates>-70.8850316,-33.1978516,0 -70.8852266,-33.1955416,0</coordinates></LineString></Placemark><Placemark><name>Trabajado - Cuartel 276 - Hilera 2242</name><Style><LineStyle><color>ff00ff00</color><width>3</width></LineStyle></Style><LineString><coordinates>-70.8852133,-33.1955899,0 -70.8850533,-33.1979533,0</coordinates></LineString></Placemark><Placemark><name>Trabajado - Cuartel 276 - Hilera 2243</name><Style><LineStyle><color>ff00ff00</color><width>3</width></LineStyle></Style><LineString><coordinates>-70.8850533,-33.1979533,0 -70.88530830293698,-33.19554048697579,0</coordinates></LineString></Placemark><Placemark><name>Trabajado - Cuartel 276 - Hilera 2244</name><Style><LineStyle><color>ff00ff00</color><width>3</width></LineStyle></Style><LineString><coordinates>-70.8853233,-33.1955416,0 -70.8850916,-33.1978549,0</coordinates></LineString></Placemark><Placemark><name>Trabajado - Cuartel 276 - Hilera 2245</name><Style><LineStyle><color>ff00ff00</color><width>3</width></LineStyle></Style><LineString><coordinates>-70.8853516,-33.1955416,0 -70.88517027661574,-33.1978214311421,0</coordinates></LineString></Placemark><Placemark><name>Trabajado - Cuartel 276 - Hilera 2248</name><Style><LineStyle><color>ff00ff00</color><width>3</width></LineStyle></Style><LineString><coordinates>-70.8851816,-33.197955,0 -70.8853283,-33.1955666,0</coordinates></LineString></Placemark><Placemark><name>Trabajado - Cuartel 276 - Hilera 2250</name><Style><LineStyle><color>ff00ff00</color><width>3</width></LineStyle></Style><LineString><coordinates>-70.8851733,-33.1978216,0 -70.8854283,-33.1955833,0</coordinates></LineString></Placemark><Placemark><name>Trabajado - Cuartel 276 - Hilera 2251</name><Style><LineStyle><color>ff00ff00</color><width>3</width></LineStyle></Style><LineString><coordinates>-70.8854283,-33.1955833,0 -70.8852583,-33.1978766,0</coordinates></LineString></Placemark><Placemark><name>Trabajado - Cuartel 276 - Hilera 2252</name><Style><LineStyle><color>ff00ff00</color><width>3</width></LineStyle></Style><LineString><coordinates>-70.8852583,-33.1978766,0 -70.8854783,-33.1956066,0</coordinates></LineString></Placemark><Placemark><name>Trabajado - Cuartel 276 - Hilera 2253</name><Style><LineStyle><color>ff00ff00</color><width>3</width></LineStyle></Style><LineString><coordinates>-70.88543389635173,-33.19559823070055,0 -70.8852333,-33.1978416,0</coordinates></LineString></Placemark><Placemark><name>Trabajado - Cuartel 276 - Hilera 2254</name><Style><LineStyle><color>ff00ff00</color><width>3</width></LineStyle></Style><LineString><coordinates>-70.8854516,-33.1955866,0 -70.8853216,-33.1978716,0</coordinates></LineString></Placemark><Placemark><name>Trabajado - Cuartel 276 - Hilera 2255</name><Style><LineStyle><color>ff00ff00</color><width>3</width></LineStyle></Style><LineString><coordinates>-70.8853216,-33.1978716,0 -70.885495,-33.1956333,0</coordinates></LineString></Placemark><Placemark><name>Trabajado - Cuartel 276 - Hilera 2256</name><Style><LineStyle><color>ff00ff00</color><width>3</width></LineStyle></Style><LineString><coordinates>-70.885495,-33.1955899,0 -70.8852866,-33.197775,0</coordinates></LineString></Placemark><Placemark><name>Trabajado - Cuartel 276 - Hilera 2257</name><Style><LineStyle><color>ff00ff00</color><width>3</width></LineStyle></Style><LineString><coordinates>-70.88559291213612,-33.19523294320801,0 -70.8854083,-33.1978083,0</coordinates></LineString></Placemark><Placemark><name>Trabajado - Cuartel 276 - Hilera 2260</name><Style><LineStyle><color>ff00ff00</color><width>3</width></LineStyle></Style><LineString><coordinates>-70.885585,-33.1955883,0 -70.8854316,-33.19786,0</coordinates></LineString></Placemark><Placemark><name>Trabajado - Cuartel 276 - Hilera 2261</name><Style><LineStyle><color>ff00ff00</color><width>3</width></LineStyle></Style><LineString><coordinates>-70.8856266,-33.1956333,0 -70.8854683,-33.1977783,0</coordinates></LineString></Placemark><Placemark><name>Trabajado - Cuartel 276 - Hilera 2262</name><Style><LineStyle><color>ff00ff00</color><width>3</width></LineStyle></Style><LineString><coordinates>-70.88546244992298,-33.197842496897806,0 -70.88566118183726,-33.19566167562791,0</coordinates></LineString></Placemark><Placemark><name>Trabajado - Cuartel 276 - Hilera 2265</name><Style><LineStyle><color>ff00ff00</color><width>3</width></LineStyle></Style><LineString><coordinates>-70.8857599,-33.1956433,0 -70.88553,-33.1979283,0</coordinates></LineString></Placemark><Placemark><name>Trabajado - Cuartel 276 - Hilera 2267</name><Style><LineStyle><color>ff00ff00</color><width>3</width></LineStyle></Style><LineString><coordinates>-70.8855416,-33.1977716,0 -70.8858033,-33.1956616,0</coordinates></LineString></Placemark><Placemark><name>Trabajado - Cuartel 276 - Hilera 2268</name><Style><LineStyle><color>ff00ff00</color><width>3</width></LineStyle></Style><LineString><coordinates>-70.8858266,-33.1956533,0 -70.8856166,-33.1978666,0</coordinates></LineString></Placemark><Placemark><name>Trabajado - Cuartel 276 - Hilera 2269</name><Style><LineStyle><color>ff00ff00</color><width>3</width></LineStyle></Style><LineString><coordinates>-70.8858316,-33.195695,0 -70.88559,-33.1978566,0</coordinates></LineString></Placemark><Placemark><name>Trabajado - Cuartel 276 - Hilera 2270</name><Style><LineStyle><color>ff00ff00</color><width>3</width></LineStyle></Style><LineString><coordinates>-70.88559,-33.1978566,0 -70.8858799,-33.1956799,0</coordinates></LineString></Placemark><Placemark><name>Trabajado - Cuartel 276 - Hilera 2271</name><Style><LineStyle><color>ff00ff00</color><width>3</width></LineStyle></Style><LineString><coordinates>-70.8858799,-33.1956799,0 -70.8856433,-33.1978749,0</coordinates></LineString></Placemark><Placemark><name>Trabajado - Cuartel 276 - Hilera 2272</name><Style><LineStyle><color>ff00ff00</color><width>3</width></LineStyle></Style><LineString><coordinates>-70.8856433,-33.1978749,0 -70.88591710534214,-33.19569082482895,0</coordinates></LineString></Placemark><Placemark><name>Trabajado - Cuartel 276 - Hilera 2274</name><Style><LineStyle><color>ff00ff00</color><width>3</width></LineStyle></Style><LineString><coordinates>-70.8859416,-33.1957133,0 -70.8857433,-33.1977199,0</coordinates></LineString></Placemark><Placemark><name>Trabajado - Cuartel 276 - Hilera 2275</name><Style><LineStyle><color>ff00ff00</color><width>3</width></LineStyle></Style><LineString><coordinates>-70.8857433,-33.1977199,0 -70.886,-33.1957416,0</coordinates></LineString></Placemark><Placemark><name>Trabajado - Cuartel 276 - Hilera 2276</name><Style><LineStyle><color>ff00ff00</color><width>3</width></LineStyle></Style><LineString><coordinates>-70.885955,-33.1957316,0 -70.8858049,-33.1977033,0</coordinates></LineString></Placemark><Placemark><name>Trabajado - Cuartel 276 - Hilera 2277</name><Style><LineStyle><color>ff00ff00</color><width>3</width></LineStyle></Style><LineString><coordinates>-70.8858049,-33.1977033,0 -70.8860166,-33.1958116,0</coordinates></LineString></Placemark><Placemark><name>Trabajado - Cuartel 276 - Hilera 2279</name><Style><LineStyle><color>ff00ff00</color><width>3</width></LineStyle></Style><LineString><coordinates>-70.8860799,-33.1957483,0 -70.8858499,-33.19773,0</coordinates></LineString></Placemark><Placemark><name>Trabajado - Cuartel 276 - Hilera 2280</name><Style><LineStyle><color>ff00ff00</color><width>3</width></LineStyle></Style><LineString><coordinates>-70.8858499,-33.19773,0 -70.8861466,-33.195785,0</coordinates></LineString></Placemark><Placemark><name>Trabajado - Cuartel 276 - Hilera 2281</name><Style><LineStyle><color>ff00ff00</color><width>3</width></LineStyle></Style><LineString><coordinates>-70.8860885730588,-33.195750454748364,0 -70.8859066,-33.1976466,0</coordinates></LineString></Placemark><Placemark><name>Trabajado - Cuartel 276 - Hilera 2282</name><Style><LineStyle><color>ff00ff00</color><width>3</width></LineStyle></Style><LineString><coordinates>-70.8860799,-33.1957433,0 -70.8859533,-33.1977833,0</coordinates></LineString></Placemark><Placemark><name>Trabajado - Cuartel 276 - Hilera 2283</name><Style><LineStyle><color>ff00ff00</color><width>3</width></LineStyle></Style><LineString><coordinates>-70.88592835776117,-33.19779542453924,0 -70.88616680471719,-33.195800579569344,0</coordinates></LineString></Placemark><Placemark><name>Trabajado - Cuartel 276 - Hilera 2284</name><Style><LineStyle><color>ff00ff00</color><width>3</width></LineStyle></Style><LineString><coordinates>-70.886095,-33.1958133,0 -70.8859233,-33.197795,0</coordinates></LineString></Placemark><Placemark><name>Trabajado - Cuartel 276 - Hilera 2285</name><Style><LineStyle><color>ff00ff00</color><width>3</width></LineStyle></Style><LineString><coordinates>-70.8861599,-33.1958,0 -70.8860166,-33.1978066,0</coordinates></LineString></Placemark><Placemark><name>Trabajado - Cuartel 276 - Hilera 2286</name><Style><LineStyle><color>ff00ff00</color><width>3</width></LineStyle></Style><LineString><coordinates>-70.8859883,-33.1978033,0 -70.8862333,-33.1958866,0</coordinates></LineString></Placemark><Placemark><name>Trabajado - Cuartel 276 - Hilera 2289</name><Style><LineStyle><color>ff00ff00</color><width>3</width></LineStyle></Style><LineString><coordinates>-70.886175,-33.1958183,0 -70.8860483,-33.1977916,0</coordinates></LineString></Placemark><Placemark><name>Trabajado - Cuartel 276 - Hilera 2290</name><Style><LineStyle><color>ff00ff00</color><width>3</width></LineStyle></Style><LineString><coordinates>-70.8860483,-33.1977916,0 -70.8862449,-33.1958666,0</coordinates></LineString></Placemark><Placemark><name>Trabajado - Cuartel 276 - Hilera 2291</name><Style><LineStyle><color>ff00ff00</color><width>3</width></LineStyle></Style><LineString><coordinates>-70.88624585763309,-33.19595304380343,0 -70.88613,-33.1977766,0</coordinates></LineString></Placemark><Placemark><name>Trabajado - Cuartel 276 - Hilera 2292</name><Style><LineStyle><color>ff00ff00</color><width>3</width></LineStyle></Style><LineString><coordinates>-70.88613,-33.1977766,0 -70.8863083,-33.1960283,0</coordinates></LineString></Placemark><Placemark><name>Trabajado - Cuartel 276 - Hilera 2294</name><Style><LineStyle><color>ff00ff00</color><width>3</width></LineStyle></Style><LineString><coordinates>-70.8860866,-33.1977233,0 -70.8863416,-33.195895,0</coordinates></LineString></Placemark><Placemark><name>Trabajado - Cuartel 276 - Hilera 2295</name><Style><LineStyle><color>ff00ff00</color><width>3</width></LineStyle></Style><LineString><coordinates>-70.8863437851072,-33.19587210598213,0 -70.8861566,-33.1978333,0</coordinates></LineString></Placemark><Placemark><name>Trabajado - Cuartel 276 - Hilera 2296</name><Style><LineStyle><color>ff00ff00</color><width>3</width></LineStyle></Style><LineString><coordinates>-70.8863616,-33.1958733,0 -70.8862216,-33.1977516,0</coordinates></LineString></Placemark><Placemark><name>Trabajado - Cuartel 276 - Hilera 2297</name><Style><LineStyle><color>ff00ff00</color><width>3</width></LineStyle></Style><LineString><coordinates>-70.886345,-33.19588,0 -70.886295,-33.19764,0</coordinates></LineString></Placemark><Placemark><name>Trabajado - Cuartel 276 - Hilera 2298</name><Style><LineStyle><color>ff00ff00</color><width>3</width></LineStyle></Style><LineString><coordinates>-70.8862383,-33.1976716,0 -70.8863949,-33.1958783,0</coordinates></LineString></Placemark><Placemark><name>Trabajado - Cuartel 276 - Hilera 2299</name><Style><LineStyle><color>ff00ff00</color><width>3</width></LineStyle></Style><LineString><coordinates>-70.886415,-33.19587,0 -70.886265,-33.19782,0</coordinates></LineString></Placemark><Placemark><name>Trabajado - Cuartel 276 - Hilera 2300</name><Style><LineStyle><color>ff00ff00</color><width>3</width></LineStyle></Style><LineString><coordinates>-70.886265,-33.19782,0 -70.886375,-33.1958933,0</coordinates></LineString></Placemark><Placemark><name>Trabajado - Cuartel 276 - Hilera 2302</name><Style><LineStyle><color>ff00ff00</color><width>3</width></LineStyle></Style><LineString><coordinates>-70.8864718314141,-33.19587602392431,0 -70.88634824582483,-33.19785985326756,0</coordinates></LineString></Placemark><Placemark><name>Trabajado - Cuartel 276 - Hilera 2303</name><Style><LineStyle><color>ff00ff00</color><width>3</width></LineStyle></Style><LineString><coordinates>-70.886535,-33.1958666,0 -70.88643304619895,-33.19784823302385,0</coordinates></LineString></Placemark><Placemark><name>Trabajado - Cuartel 276 - Hilera 2304</name><Style><LineStyle><color>ff00ff00</color><width>3</width></LineStyle></Style><LineString><coordinates>-70.8864328987241,-33.1978481845477,0 -70.88659534828216,-33.195870760520926,0</coordinates></LineString></Placemark><Placemark><name>Trabajado - Cuartel 276 - Hilera 2306</name><Style><LineStyle><color>ff00ff00</color><width>3</width></LineStyle></Style><LineString><coordinates>-70.886615,-33.195945,0 -70.8865166,-33.1978316,0</coordinates></LineString></Placemark><Placemark><name>Trabajado - Cuartel 276 - Hilera 2307</name><Style><LineStyle><color>ff00ff00</color><width>3</width></LineStyle></Style><LineString><coordinates>-70.8865166,-33.1978316,0 -70.8866533,-33.1959366,0</coordinates></LineString></Placemark><Placemark><name>Trabajado - Cuartel 276 - Hilera 2309</name><Style><LineStyle><color>ff00ff00</color><width>3</width></LineStyle></Style><LineString><coordinates>-70.8866816,-33.195955,0 -70.8864466,-33.1978333,0</coordinates></LineString></Placemark><Placemark><name>Trabajado - Cuartel 276 - Hilera 2310</name><Style><LineStyle><color>ff00ff00</color><width>3</width></LineStyle></Style><LineString><coordinates>-70.88646,-33.1978516,0 -70.886615,-33.1958916,0</coordinates></LineString></Placemark><Placemark><name>Trabajado - Cuartel 276 - Hilera 2311</name><Style><LineStyle><color>ff00ff00</color><width>3</width></LineStyle></Style><LineString><coordinates>-70.8866649,-33.1958833,0 -70.8865766,-33.1978849,0</coordinates></LineString></Placemark><Placemark><name>Trabajado - Cuartel 276 - Hilera 2313</name><Style><LineStyle><color>ff00ff00</color><width>3</width></LineStyle></Style><LineString><coordinates>-70.8866966,-33.1959733,0 -70.8866066,-33.19788,0</coordinates></LineString></Placemark><Placemark><name>Trabajado - Cuartel 276 - Hilera 2314</name><Style><LineStyle><color>ff00ff00</color><width>3</width></LineStyle></Style><LineString><coordinates>-70.8865749,-33.19784,0 -70.88671,-33.1959083,0</coordinates></LineString></Placemark><Placemark><name>Trabajado - Cuartel 276 - Hilera 2315</name><Style><LineStyle><color>ff00ff00</color><width>3</width></LineStyle></Style><LineString><coordinates>-70.88678609697372,-33.1958938230397,0 -70.8866816,-33.1979016,0</coordinates></LineString></Placemark><Placemark><name>Trabajado - Cuartel 276 - Hilera 2316</name><Style><LineStyle><color>ff00ff00</color><width>3</width></LineStyle></Style><LineString><coordinates>-70.8867733,-33.1959083,0 -70.8866483,-33.1978816,0</coordinates></LineString></Placemark><Placemark><name>Trabajado - Cuartel 276 - Hilera 2318</name><Style><LineStyle><color>ff00ff00</color><width>3</width></LineStyle></Style><LineString><coordinates>-70.8867999,-33.1959766,0 -70.8867283,-33.1978766,0</coordinates></LineString></Placemark><Placemark><name>Trabajado - Cuartel 276 - Hilera 2319</name><Style><LineStyle><color>ff00ff00</color><width>3</width></LineStyle></Style><LineString><coordinates>-70.88669407773487,-33.19790692894388,0 -70.8868416,-33.1959483,0</coordinates></LineString></Placemark><Placemark><name>Trabajado - Cuartel 276 - Hilera 2320</name><Style><LineStyle><color>ff00ff00</color><width>3</width></LineStyle></Style><LineString><coordinates>-70.88672,-33.1979083,0 -70.8868516,-33.19595,0</coordinates></LineString></Placemark><Placemark><name>Trabajado - Cuartel 276 - Hilera 2321</name><Style><LineStyle><color>ff00ff00</color><width>3</width></LineStyle></Style><LineString><coordinates>-70.886895,-33.1959366,0 -70.8867866,-33.1979183,0</coordinates></LineString></Placemark><Placemark><name>Trabajado - Cuartel 276 - Hilera 2322</name><Style><LineStyle><color>ff00ff00</color><width>3</width></LineStyle></Style><LineString><coordinates>-70.88678629666632,-33.19792242115409,0 -70.88693404905855,-33.19591502658371,0</coordinates></LineString></Placemark><Placemark><name>Trabajado - Cuartel 276 - Hilera 2323</name><Style><LineStyle><color>ff00ff00</color><width>3</width></LineStyle></Style><LineString><coordinates>-70.8869416,-33.1959383,0 -70.8868716,-33.1979066,0</coordinates></LineString></Placemark><Placemark><name>Trabajado - Cuartel 276 - Hilera 2324</name><Style><LineStyle><color>ff00ff00</color><width>3</width></LineStyle></Style><LineString><coordinates>-70.8868716,-33.1979066,0 -70.88705,-33.19595,0</coordinates></LineString></Placemark><Placemark><name>Trabajado - Cuartel 276 - Hilera 2325</name><Style><LineStyle><color>ff00ff00</color><width>3</width></LineStyle></Style><LineString><coordinates>-70.8869749,-33.1959699,0 -70.8868966,-33.1979116,0</coordinates></LineString></Placemark><Placemark><name>Trabajado - Cuartel 276 - Hilera 2326</name><Style><LineStyle><color>ff00ff00</color><width>3</width></LineStyle></Style><LineString><coordinates>-70.88689458324049,-33.19793589964466,0 -70.8870583,-33.1959633,0</coordinates></LineString></Placemark><Placemark><name>Trabajado - Cuartel 276 - Hilera 2327</name><Style><LineStyle><color>ff00ff00</color><width>3</width></LineStyle></Style><LineString><coordinates>-70.8869066,-33.1979366,0 -70.8870933,-33.1959966,0</coordinates></LineString></Placemark><Placemark><name>Trabajado - Cuartel 276 - Hilera 2329</name><Style><LineStyle><color>ff00ff00</color><width>3</width></LineStyle></Style><LineString><coordinates>-70.8870599,-33.1960183,0 -70.8869583,-33.19784,0</coordinates></LineString></Placemark><Placemark><name>Trabajado - Cuartel 276 - Hilera 2330</name><Style><LineStyle><color>ff00ff00</color><width>3</width></LineStyle></Style><LineString><coordinates>-70.8869933,-33.1978616,0 -70.8871449,-33.19603,0</coordinates></LineString></Placemark><Placemark><name>Trabajado - Cuartel 276 - Hilera 2331</name><Style><LineStyle><color>ff00ff00</color><width>3</width></LineStyle></Style><LineString><coordinates>-70.8871116,-33.1960316,0 -70.8869883,-33.1978566,0</coordinates></LineString></Placemark><Placemark><name>Trabajado - Cuartel 276 - Hilera 2332</name><Style><LineStyle><color>ff00ff00</color><width>3</width></LineStyle></Style><LineString><coordinates>-70.8869883,-33.1978566,0 -70.88719,-33.1960616,0</coordinates></LineString></Placemark><Placemark><name>Trabajado - Cuartel 276 - Hilera 2333</name><Style><LineStyle><color>ff00ff00</color><width>3</width></LineStyle></Style><LineString><coordinates>-70.8872066,-33.1961883,0 -70.8870466,-33.1979116,0</coordinates></LineString></Placemark><Placemark><name>Trabajado - Cuartel 276 - Hilera 2334</name><Style><LineStyle><color>ff00ff00</color><width>3</width></LineStyle></Style><LineString><coordinates>-70.88704646648483,-33.19791355445491,0 -70.88716,-33.1962516,0</coordinates></LineString></Placemark><Placemark><name>Trabajado - Cuartel 276 - Hilera 2335</name><Style><LineStyle><color>ff00ff00</color><width>3</width></LineStyle></Style><LineString><coordinates>-70.8870766,-33.197915,0 -70.88722,-33.1961933,0</coordinates></LineString></Placemark><Placemark><name>Trabajado - Cuartel 276 - Hilera 2339</name><Style><LineStyle><color>ff00ff00</color><width>3</width></LineStyle></Style><LineString><coordinates>-70.887255,-33.1960566,0 -70.88719,-33.19779,0</coordinates></LineString></Placemark><Placemark><name>Trabajado - Cuartel 276 - Hilera 2340</name><Style><LineStyle><color>ff00ff00</color><width>3</width></LineStyle></Style><LineString><coordinates>-70.88719,-33.19779,0 -70.8872916,-33.1962816,0</coordinates></LineString></Placemark><Placemark><name>Trabajado - Cuartel 276 - Hilera 2353</name><Style><LineStyle><color>ff00ff00</color><width>3</width></LineStyle></Style><LineString><coordinates>-70.8872833,-33.196075,0 -70.8871449,-33.1978733,0</coordinates></LineString></Placemark><Placemark><name>Trabajado - Cuartel 276 - Hilera 2354</name><Style><LineStyle><color>ff00ff00</color><width>3</width></LineStyle></Style><LineString><coordinates>-70.8871449,-33.1978733,0 -70.8873266,-33.1962566,0</coordinates></LineString></Placemark><Placemark><name>Trabajado - Cuartel 276 - Hilera 2355</name><Style><LineStyle><color>ff00ff00</color><width>3</width></LineStyle></Style><LineString><coordinates>-70.88740460596506,-33.19610582373084,0 -70.8872233,-33.1978533,0</coordinates></LineString></Placemark><Placemark><name>Trabajado - Cuartel 276 - Hilera 2356</name><Style><LineStyle><color>ff00ff00</color><width>3</width></LineStyle></Style><LineString><coordinates>-70.8872233,-33.1978533,0 -70.8874616,-33.196075,0</coordinates></LineString></Placemark><Placemark><name>Trabajado - Cuartel 276 - Hilera 2358</name><Style><LineStyle><color>ff00ff00</color><width>3</width></LineStyle></Style><LineString><coordinates>-70.887345,-33.1961399,0 -70.8872266,-33.19785,0</coordinates></LineString></Placemark><Placemark><name>Trabajado - Cuartel 276 - Hilera 2359</name><Style><LineStyle><color>ff00ff00</color><width>3</width></LineStyle></Style><LineString><coordinates>-70.88744,-33.1960966,0 -70.8873016,-33.19788,0</coordinates></LineString></Placemark><Placemark><name>Trabajado - Cuartel 276 - Hilera 2360</name><Style><LineStyle><color>ff00ff00</color><width>3</width></LineStyle></Style><LineString><coordinates>-70.8873016,-33.19788,0 -70.8874966,-33.1961033,0</coordinates></LineString></Placemark><Placemark><name>Trabajado - Cuartel 276 - Hilera 2361</name><Style><LineStyle><color>ff00ff00</color><width>3</width></LineStyle></Style><LineString><coordinates>-70.8874666,-33.19611,0 -70.8873283,-33.1977733,0</coordinates></LineString></Placemark><Placemark><name>Trabajado - Cuartel 276 - Hilera 2364</name><Style><LineStyle><color>ff00ff00</color><width>3</width></LineStyle></Style><LineString><coordinates>-70.88749,-33.1960333,0 -70.8873783,-33.1977283,0</coordinates></LineString></Placemark><Placemark><name>Trabajado - Cuartel 276 - Hilera 2365</name><Style><LineStyle><color>ff00ff00</color><width>3</width></LineStyle></Style><LineString><coordinates>-70.8875049,-33.1960966,0 -70.8874333,-33.1979016,0</coordinates></LineString></Placemark><Placemark><name>Trabajado - Cuartel 276 - Hilera 2366</name><Style><LineStyle><color>ff00ff00</color><width>3</width></LineStyle></Style><LineString><coordinates>-70.8874333,-33.1979016,0 -70.8875733,-33.1962533,0</coordinates></LineString></Placemark><Placemark><name>Trabajado - Cuartel 276 - Hilera 2367</name><Style><LineStyle><color>ff00ff00</color><width>3</width></LineStyle></Style><LineString><coordinates>-70.88744,-33.1977733,0 -70.887645,-33.1961066,0</coordinates></LineString></Placemark><Placemark><name>Trabajado - Cuartel 276 - Hilera 2368</name><Style><LineStyle><color>ff00ff00</color><width>3</width></LineStyle></Style><LineString><coordinates>-70.88759620425412,-33.196133138182134,0 -70.8874133,-33.1977966,0</coordinates></LineString></Placemark><Placemark><name>Trabajado - Cuartel 276 - Hilera 2372</name><Style><LineStyle><color>ff00ff00</color><width>3</width></LineStyle></Style><LineString><coordinates>-70.88940295256857,-33.19741463796413,0 -70.8894416,-33.1972883,0</coordinates></LineString></Placemark><Placemark><name>Trabajado - Cuartel 276 - Hilera 2376</name><Style><LineStyle><color>ff00ff00</color><width>3</width></LineStyle></Style><LineString><coordinates>-70.8876716,-33.19611,0 -70.88753,-33.1978183,0</coordinates></LineString></Placemark><Placemark><name>Trabajado - Cuartel 276 - Hilera 2377</name><Style><LineStyle><color>ff00ff00</color><width>3</width></LineStyle></Style><LineString><coordinates>-70.88753,-33.1978183,0 -70.8877433,-33.1961466,0</coordinates></LineString></Placemark><Placemark><name>Trabajado - Cuartel 276 - Hilera 2378</name><Style><LineStyle><color>ff00ff00</color><width>3</width></LineStyle></Style><LineString><coordinates>-70.8875166,-33.1978016,0 -70.8876416,-33.1961766,0</coordinates></LineString></Placemark><Placemark><name>Trabajado - Cuartel 276 - Hilera 2380</name><Style><LineStyle><color>ff00ff00</color><width>3</width></LineStyle></Style><LineString><coordinates>-70.8877,-33.196185,0 -70.8876,-33.1978099,0</coordinates></LineString></Placemark><Placemark><name>Trabajado - Cuartel 276 - Hilera 2381</name><Style><LineStyle><color>ff00ff00</color><width>3</width></LineStyle></Style><LineString><coordinates>-70.8876,-33.1978099,0 -70.88775608499158,-33.196173625788305,0</coordinates></LineString></Placemark><Placemark><name>Trabajado - Cuartel 276 - Hilera 2384</name><Style><LineStyle><color>ff00ff00</color><width>3</width></LineStyle></Style><LineString><coordinates>-70.88776701482834,-33.196205244062234,0 -70.887665,-33.1977683,0</coordinates></LineString></Placemark><Placemark><name>Trabajado - Cuartel 276 - Hilera 2386</name><Style><LineStyle><color>ff00ff00</color><width>3</width></LineStyle></Style><LineString><coordinates>-70.8878199,-33.1961949,0 -70.88775,-33.19776,0</coordinates></LineString></Placemark><Placemark><name>Trabajado - Cuartel 276 - Hilera 2387</name><Style><LineStyle><color>ff00ff00</color><width>3</width></LineStyle></Style><LineString><coordinates>-70.88775,-33.19776,0 -70.88791,-33.1961566,0</coordinates></LineString></Placemark><Placemark><name>Trabajado - Cuartel 276 - Hilera 2388</name><Style><LineStyle><color>ff00ff00</color><width>3</width></LineStyle></Style><LineString><coordinates>-70.88797,-33.19617,0 -70.8877416,-33.1976716,0</coordinates></LineString></Placemark><Placemark><name>Trabajado - Cuartel 276 - Hilera 2389</name><Style><LineStyle><color>ff00ff00</color><width>3</width></LineStyle></Style><LineString><coordinates>-70.8877416,-33.1976716,0 -70.8878916,-33.1961783,0</coordinates></LineString></Placemark><Placemark><name>Trabajado - Cuartel 276 - Hilera 2391</name><Style><LineStyle><color>ff00ff00</color><width>3</width></LineStyle></Style><LineString><coordinates>-70.8879439508788,-33.19617494703101,0 -70.8878183,-33.1977416,0</coordinates></LineString></Placemark><Placemark><name>Trabajado - Cuartel 276 - Hilera 2393</name><Style><LineStyle><color>ff00ff00</color><width>3</width></LineStyle></Style><LineString><coordinates>-70.8879483,-33.19617,0 -70.8878583,-33.1978149,0</coordinates></LineString></Placemark><Placemark><name>Trabajado - Cuartel 276 - Hilera 2394</name><Style><LineStyle><color>ff00ff00</color><width>3</width></LineStyle></Style><LineString><coordinates>-70.8878583,-33.1978149,0 -70.8879833,-33.1961816,0</coordinates></LineString></Placemark><Placemark><name>Trabajado - Cuartel 276 - Hilera 2395</name><Style><LineStyle><color>ff00ff00</color><width>3</width></LineStyle></Style><LineString><coordinates>-70.888005,-33.1961716,0 -70.8879016,-33.1978183,0</coordinates></LineString></Placemark><Placemark><name>Trabajado - Cuartel 276 - Hilera 2396</name><Style><LineStyle><color>ff00ff00</color><width>3</width></LineStyle></Style><LineString><coordinates>-70.8879016,-33.1978183,0 -70.88814,-33.1961416,0</coordinates></LineString></Placemark><Placemark><name>Trabajado - Cuartel 276 - Hilera 2397</name><Style><LineStyle><color>ff00ff00</color><width>3</width></LineStyle></Style><LineString><coordinates>-70.8880316,-33.1961716,0 -70.8878983,-33.1977633,0</coordinates></LineString></Placemark><Placemark><name>Trabajado - Cuartel 276 - Hilera 2398</name><Style><LineStyle><color>ff00ff00</color><width>3</width></LineStyle></Style><LineString><coordinates>-70.8879183,-33.197745,0 -70.88807,-33.1961733,0</coordinates></LineString></Placemark><Placemark><name>Trabajado - Cuartel 276 - Hilera 2399</name><Style><LineStyle><color>ff00ff00</color><width>3</width></LineStyle></Style><LineString><coordinates>-70.88807,-33.1961733,0 -70.8879783,-33.1977999,0</coordinates></LineString></Placemark><Placemark><name>Trabajado - Cuartel 276 - Hilera 2401</name><Style><LineStyle><color>ff00ff00</color><width>3</width></LineStyle></Style><LineString><coordinates>-70.88810979575894,-33.19618543362492,0 -70.887995,-33.1978099,0</coordinates></LineString></Placemark><Placemark><name>Trabajado - Cuartel 276 - Hilera 2402</name><Style><LineStyle><color>ff00ff00</color><width>3</width></LineStyle></Style><LineString><coordinates>-70.8881616,-33.196235,0 -70.8880333,-33.1977583,0</coordinates></LineString></Placemark><Placemark><name>Trabajado - Cuartel 276 - Hilera 2403</name><Style><LineStyle><color>ff00ff00</color><width>3</width></LineStyle></Style><LineString><coordinates>-70.8880933,-33.197755,0 -70.888195,-33.1961883,0</coordinates></LineString></Placemark><Placemark><name>Trabajado - Cuartel 276 - Hilera 2405</name><Style><LineStyle><color>ff00ff00</color><width>3</width></LineStyle></Style><LineString><coordinates>-70.8882083,-33.1961683,0 -70.88805637034635,-33.19773897419795,0</coordinates></LineString></Placemark><Placemark><name>Trabajado - Cuartel 276 - Hilera 2406</name><Style><LineStyle><color>ff00ff00</color><width>3</width></LineStyle></Style><LineString><coordinates>-70.8882333,-33.1961733,0 -70.88811602979814,-33.19780488541726,0</coordinates></LineString></Placemark><Placemark><name>Trabajado - Cuartel 276 - Hilera 2408</name><Style><LineStyle><color>ff00ff00</color><width>3</width></LineStyle></Style><LineString><coordinates>-70.8882933,-33.1961466,0 -70.8882249,-33.1977566,0</coordinates></LineString></Placemark><Placemark><name>Trabajado - Cuartel 276 - Hilera 2409</name><Style><LineStyle><color>ff00ff00</color><width>3</width></LineStyle></Style><LineString><coordinates>-70.888325,-33.1961533,0 -70.8882316,-33.1977566,0</coordinates></LineString></Placemark><Placemark><name>Trabajado - Cuartel 276 - Hilera 2410</name><Style><LineStyle><color>ff00ff00</color><width>3</width></LineStyle></Style><LineString><coordinates>-70.8882316,-33.1977566,0 -70.8883583,-33.1961583,0</coordinates></LineString></Placemark><Placemark><name>Trabajado - Cuartel 276 - Hilera 2411</name><Style><LineStyle><color>ff00ff00</color><width>3</width></LineStyle></Style><LineString><coordinates>-70.8883816,-33.1961566,0 -70.888315,-33.19768,0</coordinates></LineString></Placemark><Placemark><name>Trabajado - Cuartel 276 - Hilera 2412</name><Style><LineStyle><color>ff00ff00</color><width>3</width></LineStyle></Style><LineString><coordinates>-70.8883416,-33.1969833,0 -70.8883016,-33.1970683,0</coordinates></LineString></Placemark><Placemark><name>Trabajado - Cuartel 276 - Hilera 2413</name><Style><LineStyle><color>ff00ff00</color><width>3</width></LineStyle></Style><LineString><coordinates>-70.88820856983077,-33.1978273375809,0 -70.8884066,-33.1962116,0</coordinates></LineString></Placemark><Placemark><name>Trabajado - Cuartel 276 - Hilera 2417</name><Style><LineStyle><color>ff00ff00</color><width>3</width></LineStyle></Style><LineString><coordinates>-70.888285,-33.1977966,0 -70.888475,-33.1962783,0</coordinates></LineString></Placemark><Placemark><name>Trabajado - Cuartel 276 - Hilera 2418</name><Style><LineStyle><color>ff00ff00</color><width>3</width></LineStyle></Style><LineString><coordinates>-70.88851372397666,-33.19624568522378,0 -70.8883766,-33.19778,0</coordinates></LineString></Placemark><Placemark><name>Trabajado - Cuartel 276 - Hilera 2419</name><Style><LineStyle><color>ff00ff00</color><width>3</width></LineStyle></Style><LineString><coordinates>-70.8883766,-33.19778,0 -70.8885483,-33.1962416,0</coordinates></LineString></Placemark><Placemark><name>Trabajado - Cuartel 276 - Hilera 2420</name><Style><LineStyle><color>ff00ff00</color><width>3</width></LineStyle></Style><LineString><coordinates>-70.88857,-33.196235,0 -70.8884466,-33.197775,0</coordinates></LineString></Placemark><Placemark><name>Trabajado - Cuartel 276 - Hilera 2421</name><Style><LineStyle><color>ff00ff00</color><width>3</width></LineStyle></Style><LineString><coordinates>-70.8884466,-33.197775,0 -70.8886583,-33.1962399,0</coordinates></LineString></Placemark><Placemark><name>Trabajado - Cuartel 276 - Hilera 2423</name><Style><LineStyle><color>ff00ff00</color><width>3</width></LineStyle></Style><LineString><coordinates>-70.8884633,-33.1977199,0 -70.8886116,-33.1962416,0</coordinates></LineString></Placemark><Placemark><name>Trabajado - Cuartel 276 - Hilera 2424</name><Style><LineStyle><color>ff00ff00</color><width>3</width></LineStyle></Style><LineString><coordinates>-70.8886116,-33.1962416,0 -70.8885333,-33.1977383,0</coordinates></LineString></Placemark><Placemark><name>Trabajado - Cuartel 276 - Hilera 2426</name><Style><LineStyle><color>ff00ff00</color><width>3</width></LineStyle></Style><LineString><coordinates>-70.88864354561503,-33.196267250874286,0 -70.88856,-33.1977466,0</coordinates></LineString></Placemark><Placemark><name>Trabajado - Cuartel 276 - Hilera 2427</name><Style><LineStyle><color>ff00ff00</color><width>3</width></LineStyle></Style><LineString><coordinates>-70.88867,-33.1962683,0 -70.8886133,-33.1977416,0</coordinates></LineString></Placemark><Placemark><name>Trabajado - Cuartel 276 - Hilera 2428</name><Style><LineStyle><color>ff00ff00</color><width>3</width></LineStyle></Style><LineString><coordinates>-70.8886133,-33.1977416,0 -70.88871671879012,-33.196240797640414,0</coordinates></LineString></Placemark><Placemark><name>Trabajado - Cuartel 276 - Hilera 2430</name><Style><LineStyle><color>ff00ff00</color><width>3</width></LineStyle></Style><LineString><coordinates>-70.8887333,-33.1962416,0 -70.8886683,-33.19764,0</coordinates></LineString></Placemark><Placemark><name>Trabajado - Cuartel 276 - Hilera 2431</name><Style><LineStyle><color>ff00ff00</color><width>3</width></LineStyle></Style><LineString><coordinates>-70.8886683,-33.19764,0 -70.8888016,-33.1962383,0</coordinates></LineString></Placemark><Placemark><name>Trabajado - Cuartel 276 - Hilera 2433</name><Style><LineStyle><color>ff00ff00</color><width>3</width></LineStyle></Style><LineString><coordinates>-70.88879580588633,-33.196230286807904,0 -70.88868165343466,-33.19780482962457,0</coordinates></LineString></Placemark><Placemark><name>Trabajado - Cuartel 276 - Hilera 2434</name><Style><LineStyle><color>ff00ff00</color><width>3</width></LineStyle></Style><LineString><coordinates>-70.8888533,-33.1962233,0 -70.8887583,-33.1977666,0</coordinates></LineString></Placemark><Placemark><name>Trabajado - Cuartel 276 - Hilera 2435</name><Style><LineStyle><color>ff00ff00</color><width>3</width></LineStyle></Style><LineString><coordinates>-70.8887583,-33.1977666,0 -70.8888966,-33.19623,0</coordinates></LineString></Placemark><Placemark><name>Trabajado - Cuartel 276 - Hilera 2438</name><Style><LineStyle><color>ff00ff00</color><width>3</width></LineStyle></Style><LineString><coordinates>-70.88892,-33.196235,0 -70.88880425611615,-33.197704776373975,0</coordinates></LineString></Placemark><Placemark><name>Trabajado - Cuartel 276 - Hilera 2439</name><Style><LineStyle><color>ff00ff00</color><width>3</width></LineStyle></Style><LineString><coordinates>-70.88896,-33.1962383,0 -70.8889233,-33.1977166,0</coordinates></LineString></Placemark><Placemark><name>Trabajado - Cuartel 276 - Hilera 2440</name><Style><LineStyle><color>ff00ff00</color><width>3</width></LineStyle></Style><LineString><coordinates>-70.8889233,-33.1977166,0 -70.8890116,-33.1962533,0</coordinates></LineString></Placemark><Placemark><name>Trabajado - Cuartel 276 - Hilera 2441</name><Style><LineStyle><color>ff00ff00</color><width>3</width></LineStyle></Style><LineString><coordinates>-70.8890633,-33.1962416,0 -70.88889,-33.1977516,0</coordinates></LineString></Placemark><Placemark><name>Trabajado - Cuartel 276 - Hilera 2442</name><Style><LineStyle><color>ff00ff00</color><width>3</width></LineStyle></Style><LineString><coordinates>-70.88888,-33.1977316,0 -70.8889983,-33.1962683,0</coordinates></LineString></Placemark><Placemark><name>Trabajado - Cuartel 276 - Hilera 2443</name><Style><LineStyle><color>ff00ff00</color><width>3</width></LineStyle></Style><LineString><coordinates>-70.8890783,-33.1962466,0 -70.8889749,-33.1977166,0</coordinates></LineString></Placemark><Placemark><name>Trabajado - Cuartel 276 - Hilera 2444</name><Style><LineStyle><color>ff00ff00</color><width>3</width></LineStyle></Style><LineString><coordinates>-70.8889749,-33.1977166,0 -70.88903777805668,-33.196261029038176,0</coordinates></LineString></Placemark><Placemark><name>Trabajado - Cuartel 276 - Hilera 2445</name><Style><LineStyle><color>ff00ff00</color><width>3</width></LineStyle></Style><LineString><coordinates>-70.8890783,-33.1962566,0 -70.8890566,-33.197635,0</coordinates></LineString></Placemark><Placemark><name>Trabajado - Cuartel 276 - Hilera 2446</name><Style><LineStyle><color>ff00ff00</color><width>3</width></LineStyle></Style><LineString><coordinates>-70.8890566,-33.197635,0 -70.8891383,-33.1962666,0</coordinates></LineString></Placemark><Placemark><name>Trabajado - Cuartel 276 - Hilera 2448</name><Style><LineStyle><color>ff00ff00</color><width>3</width></LineStyle></Style><LineString><coordinates>-70.8890666,-33.1975899,0 -70.8891733,-33.1962516,0</coordinates></LineString></Placemark><Placemark><name>Trabajado - Cuartel 276 - Hilera 2449</name><Style><LineStyle><color>ff00ff00</color><width>3</width></LineStyle></Style><LineString><coordinates>-70.8891733,-33.1962516,0 -70.88916,-33.1975516,0</coordinates></LineString></Placemark><Placemark><name>Trabajado - Cuartel 276 - Hilera 2450</name><Style><LineStyle><color>ff00ff00</color><width>3</width></LineStyle></Style><LineString><coordinates>-70.88915487377982,-33.19761470759164,0 -70.88926494729922,-33.19625962051858,0</coordinates></LineString></Placemark><Placemark><name>Trabajado - Cuartel 276 - Hilera 2452</name><Style><LineStyle><color>ff00ff00</color><width>3</width></LineStyle></Style><LineString><coordinates>-70.8892733,-33.1962583,0 -70.8892083,-33.19746,0</coordinates></LineString></Placemark><Placemark><name>Trabajado - Cuartel 276 - Hilera 2453</name><Style><LineStyle><color>ff00ff00</color><width>3</width></LineStyle></Style><LineString><coordinates>-70.8894983,-33.1963233,0 -70.8894483,-33.1974083,0</coordinates></LineString></Placemark><Placemark><name>Trabajado - Cuartel 276 - Hilera 2454</name><Style><LineStyle><color>ff00ff00</color><width>3</width></LineStyle></Style><LineString><coordinates>-70.88937580960295,-33.19745384560823,0 -70.88944,-33.1962799,0</coordinates></LineString></Placemark><Placemark><name>Trabajado - Cuartel 276 - Hilera 2455</name><Style><LineStyle><color>ff00ff00</color><width>3</width></LineStyle></Style><LineString><coordinates>-70.8893616,-33.1974533,0 -70.8894633,-33.19627,0</coordinates></LineString></Placemark><Placemark><name>Trabajado - Cuartel 276 - Hilera 2456</name><Style><LineStyle><color>ff00ff00</color><width>3</width></LineStyle></Style><LineString><coordinates>-70.8894483,-33.1962633,0 -70.8893316,-33.197525,0</coordinates></LineString></Placemark><Placemark><name>Trabajado - Cuartel 276 - Hilera 2457</name><Style><LineStyle><color>ff00ff00</color><width>3</width></LineStyle></Style><LineString><coordinates>-70.8892967570068,-33.19756405178576,0 -70.88936496388483,-33.19627983897863,0</coordinates></LineString></Placemark><Placemark><name>Trabajado - Cuartel 276 - Hilera 2458</name><Style><LineStyle><color>ff00ff00</color><width>3</width></LineStyle></Style><LineString><coordinates>-70.8893666,-33.1962799,0 -70.8892299,-33.1976083,0</coordinates></LineString></Placemark><Placemark><name>Trabajado - Cuartel 276 - Hilera 2460</name><Style><LineStyle><color>ff00ff00</color><width>3</width></LineStyle></Style><LineString><coordinates>-70.88919,-33.1975216,0 -70.8893249,-33.1962866,0</coordinates></LineString></Placemark><Placemark><name>Trabajado - Cuartel 276 - Hilera 2461</name><Style><LineStyle><color>ff00ff00</color><width>3</width></LineStyle></Style><LineString><coordinates>-70.8893249,-33.1962866,0 -70.8891383,-33.1976683,0</coordinates></LineString></Placemark><Placemark><name>Trabajado - Cuartel 276 - Hilera 2462</name><Style><LineStyle><color>ff00ff00</color><width>3</width></LineStyle></Style><LineString><coordinates>-70.8891416,-33.1976633,0 -70.889195,-33.196255,0</coordinates></LineString></Placemark><Placemark><name>Trabajado - Cuartel 276 - Hilera 2465</name><Style><LineStyle><color>ff00ff00</color><width>3</width></LineStyle></Style><LineString><coordinates>-70.8811783,-33.1974916,0 -70.8795566,-33.1964333,0</coordinates></LineString></Placemark><Placemark><name>Trabajado - Cuartel 276 - Hilera 2466</name><Style><LineStyle><color>ff00ff00</color><width>3</width></LineStyle></Style><LineString><coordinates>-70.87695,-33.1947033,0 -70.8769166,-33.1946249,0</coordinates></LineString></Placemark><Placemark><name>Trabajado - Cuartel 276 - Hilera 2467</name><Style><LineStyle><color>ff00ff00</color><width>3</width></LineStyle></Style><LineString><coordinates>-70.877415,-33.1934866,0 -70.8769183,-33.1945349,0</coordinates></LineString></Placemark><Placemark><name>Trabajado - Cuartel 276 - Hilera 2468</name><Style><LineStyle><color>ff00ff00</color><width>3</width></LineStyle></Style><LineString><coordinates>-70.8794883,-33.1962783,0 -70.8769583,-33.1945683,0</coordinates></LineString></Placemark><Placemark><name>Trabajado - Cuartel 276 - Hilera 2469</name><Style><LineStyle><color>ff00ff00</color><width>3</width></LineStyle></Style><LineString><coordinates>-70.8769216,-33.1945566,0 -70.87952,-33.19623,0</coordinates></LineString></Placemark><Placemark><name>Trabajado - Cuartel 276 - Hilera 2470</name><Style><LineStyle><color>ff00ff00</color><width>3</width></LineStyle></Style><LineString><coordinates>-70.87952,-33.19623,0 -70.87693194925782,-33.19446747290364,0</coordinates></LineString></Placemark><Placemark><name>Trabajado - Cuartel 276 - Hilera 2471</name><Style><LineStyle><color>ff00ff00</color><width>3</width></LineStyle></Style><LineString><coordinates>-70.87703928226946,-33.194291889803665,0 -70.8769083,-33.1944666,0</coordinates></LineString></Placemark><Placemark><name>Trabajado - Cuartel 276 - Hilera 2472</name><Style><LineStyle><color>ff00ff00</color><width>3</width></LineStyle></Style><LineString><coordinates>-70.8769533,-33.1944366,0 -70.87960788246627,-33.196236497238196,0</coordinates></LineString></Placemark><Placemark><name>Trabajado - Cuartel 276 - Hilera 2473</name><Style><LineStyle><color>ff00ff00</color><width>3</width></LineStyle></Style><LineString><coordinates>-70.8795933,-33.1962516,0 -70.87698,-33.1944083,0</coordinates></LineString></Placemark><Placemark><name>Trabajado - Cuartel 276 - Hilera 2474</name><Style><LineStyle><color>ff00ff00</color><width>3</width></LineStyle></Style><LineString><coordinates>-70.8769899,-33.1943933,0 -70.8796566,-33.1962366,0</coordinates></LineString></Placemark><Placemark><name>Trabajado - Cuartel 276 - Hilera 2475</name><Style><LineStyle><color>ff00ff00</color><width>3</width></LineStyle></Style><LineString><coordinates>-70.8796566,-33.1962366,0 -70.8770399,-33.1943866,0</coordinates></LineString></Placemark><Placemark><name>Trabajado - Cuartel 276 - Hilera 2476</name><Style><LineStyle><color>ff00ff00</color><width>3</width></LineStyle></Style><LineString><coordinates>-70.8769983,-33.1944116,0 -70.879645,-33.196185,0</coordinates></LineString></Placemark><Placemark><name>Trabajado - Cuartel 276 - Hilera 2477</name><Style><LineStyle><color>ff00ff00</color><width>3</width></LineStyle></Style><LineString><coordinates>-70.8796516,-33.1961516,0 -70.877025,-33.194365,0</coordinates></LineString></Placemark><Placemark><name>Trabajado - Cuartel 276 - Hilera 2490</name><Style><LineStyle><color>ff00ff00</color><width>3</width></LineStyle></Style><LineString><coordinates>-70.8778149,-33.1934299,0 -70.8774783,-33.1934383,0</coordinates></LineString></Placemark><Placemark><name>Trabajado - Cuartel 276 - Hilera 2491</name><Style><LineStyle><color>ff00ff00</color><width>3</width></LineStyle></Style><LineString><coordinates>-70.8770866,-33.1942466,0 -70.87968,-33.1961066,0</coordinates></LineString></Placemark><Placemark><name>Trabajado - Cuartel 276 - Hilera 2492</name><Style><LineStyle><color>ff00ff00</color><width>3</width></LineStyle></Style><LineString><coordinates>-70.8771033,-33.194235,0 -70.8771316,-33.19431,0</coordinates></LineString></Placemark><Placemark><name>Trabajado - Cuartel 276 - Hilera 2493</name><Style><LineStyle><color>ff00ff00</color><width>3</width></LineStyle></Style><LineString><coordinates>-70.87709808783605,-33.1942870898465,0 -70.8796183,-33.19601,0</coordinates></LineString></Placemark><Placemark><name>Trabajado - Cuartel 276 - Hilera 2494</name><Style><LineStyle><color>ff00ff00</color><width>3</width></LineStyle></Style><LineString><coordinates>-70.877092976099,-33.19421032651503,0 -70.87978657938417,-33.19608670148667,0</coordinates></LineString></Placemark><Placemark><name>Trabajado - Cuartel 276 - Hilera 2495</name><Style><LineStyle><color>ff00ff00</color><width>3</width></LineStyle></Style><LineString><coordinates>-70.8795233,-33.1959033,0 -70.8797066,-33.1959816,0</coordinates></LineString></Placemark><Placemark><name>Trabajado - Cuartel 276 - Hilera 2496</name><Style><LineStyle><color>ff00ff00</color><width>3</width></LineStyle></Style><LineString><coordinates>-70.87980922899322,-33.196049006755715,0 -70.87708002596091,-33.194256465327385,0</coordinates></LineString></Placemark><Placemark><name>Trabajado - Cuartel 276 - Hilera 2497</name><Style><LineStyle><color>ff00ff00</color><width>3</width></LineStyle></Style><LineString><coordinates>-70.8771399,-33.1942183,0 -70.8797983,-33.1959983,0</coordinates></LineString></Placemark><Placemark><name>Trabajado - Cuartel 276 - Hilera 2498</name><Style><LineStyle><color>ff00ff00</color><width>3</width></LineStyle></Style><LineString><coordinates>-70.87716399236001,-33.194202544069306,0 -70.8798683,-33.1960283,0</coordinates></LineString></Placemark><Placemark><name>Trabajado - Cuartel 276 - Hilera 2499</name><Style><LineStyle><color>ff00ff00</color><width>3</width></LineStyle></Style><LineString><coordinates>-70.8771666,-33.1941666,0 -70.8798549,-33.1960333,0</coordinates></LineString></Placemark><Placemark><name>Trabajado - Cuartel 276 - Hilera 2501</name><Style><LineStyle><color>ff00ff00</color><width>3</width></LineStyle></Style><LineString><coordinates>-70.879815,-33.195945,0 -70.87722,-33.1941283,0</coordinates></LineString></Placemark><Placemark><name>Trabajado - Cuartel 276 - Hilera 2502</name><Style><LineStyle><color>ff00ff00</color><width>3</width></LineStyle></Style><LineString><coordinates>-70.8771866,-33.1941483,0 -70.8798766,-33.195995,0</coordinates></LineString></Placemark><Placemark><name>Trabajado - Cuartel 276 - Hilera 2503</name><Style><LineStyle><color>ff00ff00</color><width>3</width></LineStyle></Style><LineString><coordinates>-70.8772083,-33.1941133,0 -70.87993,-33.195955,0</coordinates></LineString></Placemark><Placemark><name>Trabajado - Cuartel 276 - Hilera 2504</name><Style><LineStyle><color>ff00ff00</color><width>3</width></LineStyle></Style><LineString><coordinates>-70.87994866609671,-33.19596799090551,0 -70.877255,-33.1940933,0</coordinates></LineString></Placemark><Placemark><name>Trabajado - Cuartel 276 - Hilera 2505</name><Style><LineStyle><color>ff00ff00</color><width>3</width></LineStyle></Style><LineString><coordinates>-70.877425,-33.1941333,0 -70.879955,-33.1959616,0</coordinates></LineString></Placemark><Placemark><name>Trabajado - Cuartel 276 - Hilera 2506</name><Style><LineStyle><color>ff00ff00</color><width>3</width></LineStyle></Style><LineString><coordinates>-70.8773049,-33.1941066,0 -70.8799799,-33.1958883,0</coordinates></LineString></Placemark><Placemark><name>Trabajado - Cuartel 276 - Hilera 2507</name><Style><LineStyle><color>ff00ff00</color><width>3</width></LineStyle></Style><LineString><coordinates>-70.8800328113509,-33.19588619221213,0 -70.8773016,-33.1940516,0</coordinates></LineString></Placemark><Placemark><name>Trabajado - Cuartel 276 - Hilera 2508</name><Style><LineStyle><color>ff00ff00</color><width>3</width></LineStyle></Style><LineString><coordinates>-70.8773016,-33.1940516,0 -70.8773383,-33.1939416,0</coordinates></LineString></Placemark><Placemark><name>Trabajado - Cuartel 276 - Hilera 2509</name><Style><LineStyle><color>ff00ff00</color><width>3</width></LineStyle></Style><LineString><coordinates>-70.8773383,-33.1939416,0 -70.8772783,-33.1940116,0</coordinates></LineString></Placemark><Placemark><name>Trabajado - Cuartel 276 - Hilera 2510</name><Style><LineStyle><color>ff00ff00</color><width>3</width></LineStyle></Style><LineString><coordinates>-70.87728,-33.1940516,0 -70.8799899,-33.1958783,0</coordinates></LineString></Placemark><Placemark><name>Trabajado - Cuartel 276 - Hilera 2511</name><Style><LineStyle><color>ff00ff00</color><width>3</width></LineStyle></Style><LineString><coordinates>-70.8799899,-33.1958783,0 -70.8772899,-33.1940199,0</coordinates></LineString></Placemark><Placemark><name>Trabajado - Cuartel 276 - Hilera 2512</name><Style><LineStyle><color>ff00ff00</color><width>3</width></LineStyle></Style><LineString><coordinates>-70.8772899,-33.1940199,0 -70.88005,-33.1958766,0</coordinates></LineString></Placemark><Placemark><name>Trabajado - Cuartel 276 - Hilera 2513</name><Style><LineStyle><color>ff00ff00</color><width>3</width></LineStyle></Style><LineString><coordinates>-70.88005,-33.1958766,0 -70.87733914007872,-33.193977461958035,0</coordinates></LineString></Placemark><Placemark><name>Trabajado - Cuartel 276 - Hilera 2515</name><Style><LineStyle><color>ff00ff00</color><width>3</width></LineStyle></Style><LineString><coordinates>-70.8773466,-33.1939666,0 -70.8801099,-33.1958033,0</coordinates></LineString></Placemark><Placemark><name>Trabajado - Cuartel 276 - Hilera 2516</name><Style><LineStyle><color>ff00ff00</color><width>3</width></LineStyle></Style><LineString><coordinates>-70.8800799,-33.1957783,0 -70.8773049,-33.1939066,0</coordinates></LineString></Placemark><Placemark><name>Trabajado - Cuartel 276 - Hilera 2517</name><Style><LineStyle><color>ff00ff00</color><width>3</width></LineStyle></Style><LineString><coordinates>-70.877315,-33.1939316,0 -70.8800483,-33.1958149,0</coordinates></LineString></Placemark><Placemark><name>Trabajado - Cuartel 276 - Hilera 2518</name><Style><LineStyle><color>ff00ff00</color><width>3</width></LineStyle></Style><LineString><coordinates>-70.87734318229523,-33.193904850778395,0 -70.88006208108874,-33.19577641153412,0</coordinates></LineString></Placemark><Placemark><name>Trabajado - Cuartel 276 - Hilera 2520</name><Style><LineStyle><color>ff00ff00</color><width>3</width></LineStyle></Style><LineString><coordinates>-70.87740149544364,-33.19387570540247,0 -70.8801316,-33.1957,0</coordinates></LineString></Placemark><Placemark><name>Trabajado - Cuartel 276 - Hilera 2521</name><Style><LineStyle><color>ff00ff00</color><width>3</width></LineStyle></Style><LineString><coordinates>-70.87736180514537,-33.19382897936425,0 -70.8801916,-33.195715,0</coordinates></LineString></Placemark><Placemark><name>Trabajado - Cuartel 276 - Hilera 2522</name><Style><LineStyle><color>ff00ff00</color><width>3</width></LineStyle></Style><LineString><coordinates>-70.87734994956854,-33.19374212687771,0 -70.8802253391095,-33.195691723434926,0</coordinates></LineString></Placemark><Placemark><name>Trabajado - Cuartel 276 - Hilera 2523</name><Style><LineStyle><color>ff00ff00</color><width>3</width></LineStyle></Style><LineString><coordinates>-70.8802166,-33.1956966,0 -70.8774033,-33.1937183,0</coordinates></LineString></Placemark><Placemark><name>Trabajado - Cuartel 276 - Hilera 2524</name><Style><LineStyle><color>ff00ff00</color><width>3</width></LineStyle></Style><LineString><coordinates>-70.8774399,-33.1937199,0 -70.88026106185077,-33.195588164057774,0</coordinates></LineString></Placemark><Placemark><name>Trabajado - Cuartel 276 - Hilera 2525</name><Style><LineStyle><color>ff00ff00</color><width>3</width></LineStyle></Style><LineString><coordinates>-70.88027734253342,-33.195619262322715,0 -70.87745011159917,-33.193634786844555,0</coordinates></LineString></Placemark><Placemark><name>Trabajado - Cuartel 276 - Hilera 2526</name><Style><LineStyle><color>ff00ff00</color><width>3</width></LineStyle></Style><LineString><coordinates>-70.87755,-33.1937049,0 -70.8774183,-33.193685,0</coordinates></LineString></Placemark><Placemark><name>Trabajado - Cuartel 276 - Hilera 2527</name><Style><LineStyle><color>ff00ff00</color><width>3</width></LineStyle></Style><LineString><coordinates>-70.8774183,-33.193685,0 -70.8802733,-33.1956133,0</coordinates></LineString></Placemark><Placemark><name>Trabajado - Cuartel 276 - Hilera 2528</name><Style><LineStyle><color>ff00ff00</color><width>3</width></LineStyle></Style><LineString><coordinates>-70.8774466,-33.1936383,0 -70.88033,-33.195545,0</coordinates></LineString></Placemark><Placemark><name>Trabajado - Cuartel 276 - Hilera 2529</name><Style><LineStyle><color>ff00ff00</color><width>3</width></LineStyle></Style><LineString><coordinates>-70.8803216,-33.19557,0 -70.87742844760027,-33.19364009255204,0</coordinates></LineString></Placemark><Placemark><name>Trabajado - Cuartel 276 - Hilera 2530</name><Style><LineStyle><color>ff00ff00</color><width>3</width></LineStyle></Style><LineString><coordinates>-70.87739586969293,-33.193529550426156,0 -70.8803765290048,-33.19553858317993,0</coordinates></LineString></Placemark><Placemark><name>Trabajado - Cuartel 276 - Hilera 2531</name><Style><LineStyle><color>ff00ff00</color><width>3</width></LineStyle></Style><LineString><coordinates>-70.8775,-33.1935466,0 -70.8776833,-33.1935649,0</coordinates></LineString></Placemark><Placemark><name>Trabajado - Cuartel 276 - Hilera 2532</name><Style><LineStyle><color>ff00ff00</color><width>3</width></LineStyle></Style><LineString><coordinates>-70.8776833,-33.1935649,0 -70.88042,-33.19542,0</coordinates></LineString></Placemark><Placemark><name>Trabajado - Cuartel 276 - Hilera 2533</name><Style><LineStyle><color>ff00ff00</color><width>3</width></LineStyle></Style><LineString><coordinates>-70.88038,-33.19548,0 -70.8774309182121,-33.19350878244458,0</coordinates></LineString></Placemark><Placemark><name>Trabajado - Cuartel 276 - Hilera 2534</name><Style><LineStyle><color>ff00ff00</color><width>3</width></LineStyle></Style><LineString><coordinates>-70.87741285912115,-33.19351184543641,0 -70.880395,-33.1955199,0</coordinates></LineString></Placemark><Placemark><name>Trabajado - Cuartel 276 - Hilera 2535</name><Style><LineStyle><color>ff00ff00</color><width>3</width></LineStyle></Style><LineString><coordinates>-70.8773916,-33.1935333,0 -70.8773466,-33.1938566,0</coordinates></LineString></Placemark><Placemark><name>Trabajado - Cuartel 276 - Hilera 2536</name><Style><LineStyle><color>ff00ff00</color><width>3</width></LineStyle></Style><LineString><coordinates>-70.8773466,-33.1938566,0 -70.8771133,-33.1942766,0</coordinates></LineString></Placemark><Placemark><name>Trabajado - Cuartel 276 - Hilera 2537</name><Style><LineStyle><color>ff00ff00</color><width>3</width></LineStyle></Style><LineString><coordinates>-70.877315,-33.1938033,0 -70.87732,-33.1936383,0</coordinates></LineString></Placemark><Placemark><name>Trabajado - Cuartel 276 - Hilera 2538</name><Style><LineStyle><color>ff00ff00</color><width>3</width></LineStyle></Style><LineString><coordinates>-70.87732,-33.1936383,0 -70.8774833,-33.1935366,0</coordinates></LineString></Placemark><Placemark><name>Trabajado - Cuartel 276 - Hilera 2539</name><Style><LineStyle><color>ff00ff00</color><width>3</width></LineStyle></Style><LineString><coordinates>-70.8774833,-33.1935366,0 -70.8778183,-33.193535,0</coordinates></LineString></Placemark><Placemark><name>Trabajado - Cuartel 278 - Hilera 278</name><Style><LineStyle><color>ff00ff00</color><width>3</width></LineStyle></Style><LineString><coordinates>-70.87111422339798,-33.194973549737355,0 -70.86704343465324,-33.19307803924088,0</coordinates></LineString></Placemark><Placemark><name>Trabajado - Cuartel 278 - Hilera 283</name><Style><LineStyle><color>ff00ff00</color><width>3</width></LineStyle></Style><LineString><coordinates>-70.8703566,-33.1946066,0 -70.8710483,-33.1949849,0</coordinates></LineString></Placemark><Placemark><name>Trabajado - Cuartel 278 - Hilera 344</name><Style><LineStyle><color>ff00ff00</color><width>3</width></LineStyle></Style><LineString><coordinates>-70.8707033,-33.1948133,0 -70.8709983,-33.1949183,0</coordinates></LineString></Placemark><Placemark><name>Trabajado - Cuartel 278 - Hilera 345</name><Style><LineStyle><color>ff00ff00</color><width>3</width></LineStyle></Style><LineString><coordinates>-70.86949047967055,-33.19433737000389,0 -70.8710483,-33.1949016,0</coordinates></LineString></Placemark><Placemark><name>Trabajado - Cuartel 278 - Hilera 350</name><Style><LineStyle><color>ff00ff00</color><width>3</width></LineStyle></Style><LineString><coordinates>-70.871155,-33.1949716,0 -70.8706583,-33.1948383,0</coordinates></LineString></Placemark><Placemark><name>Trabajado - Cuartel 278 - Hilera 372</name><Style><LineStyle><color>ff00ff00</color><width>3</width></LineStyle></Style><LineString><coordinates>-70.86949,-33.1943383,0 -70.8707783,-33.194835,0</coordinates></LineString></Placemark><Placemark><name>Trabajado - Cuartel 278 - Hilera 417</name><Style><LineStyle><color>ff00ff00</color><width>3</width></LineStyle></Style><LineString><coordinates>-70.869495,-33.1942766,0 -70.86812124150353,-33.193636401865724,0</coordinates></LineString></Placemark><Placemark><name>Trabajado - Cuartel 278 - Hilera 418</name><Style><LineStyle><color>ff00ff00</color><width>3</width></LineStyle></Style><LineString><coordinates>-70.8694533,-33.1942383,0 -70.871105,-33.1949366,0</coordinates></LineString></Placemark><Placemark><name>Trabajado - Cuartel 278 - Hilera 454</name><Style><LineStyle><color>ff00ff00</color><width>3</width></LineStyle></Style><LineString><coordinates>-70.871065,-33.1949416,0 -70.86821766261723,-33.19368077329315,0</coordinates></LineString></Placemark><Placemark><name>Trabajado - Cuartel 278 - Hilera 461</name><Style><LineStyle><color>ff00ff00</color><width>3</width></LineStyle></Style><LineString><coordinates>-70.8692466,-33.1941616,0 -70.86728078873092,-33.193128275243744,0</coordinates></LineString></Placemark><Placemark><name>Trabajado - Cuartel 278 - Hilera 497</name><Style><LineStyle><color>ff00ff00</color><width>3</width></LineStyle></Style><LineString><coordinates>-70.86520008184442,-33.19218552167537,0 -70.871065,-33.1949333,0</coordinates></LineString></Placemark><Placemark><name>Trabajado - Cuartel 278 - Hilera 512</name><Style><LineStyle><color>ff00ff00</color><width>3</width></LineStyle></Style><LineString><coordinates>-70.8711033,-33.1948933,0 -70.86864,-33.1938266,0</coordinates></LineString></Placemark><Placemark><name>Trabajado - Cuartel 278 - Hilera 521</name><Style><LineStyle><color>ff00ff00</color><width>3</width></LineStyle></Style><LineString><coordinates>-70.8672783,-33.1931316,0 -70.8684849,-33.1937116,0</coordinates></LineString></Placemark><Placemark><name>Trabajado - Cuartel 278 - Hilera 522</name><Style><LineStyle><color>ff00ff00</color><width>3</width></LineStyle></Style><LineString><coordinates>-70.8684849,-33.1937116,0 -70.8673233,-33.1931083,0</coordinates></LineString></Placemark><Placemark><name>Trabajado - Cuartel 278 - Hilera 548</name><Style><LineStyle><color>ff00ff00</color><width>3</width></LineStyle></Style><LineString><coordinates>-70.8709833,-33.1949383,0 -70.8681066,-33.1936166,0</coordinates></LineString></Placemark><Placemark><name>Trabajado - Cuartel 278 - Hilera 564</name><Style><LineStyle><color>ff00ff00</color><width>3</width></LineStyle></Style><LineString><coordinates>-70.8678033,-33.1935549,0 -70.8662816,-33.1927866,0</coordinates></LineString></Placemark><Placemark><name>Trabajado - Cuartel 278 - Hilera 565</name><Style><LineStyle><color>ff00ff00</color><width>3</width></LineStyle></Style><LineString><coordinates>-70.8663366,-33.19275,0 -70.870875,-33.1949566,0</coordinates></LineString></Placemark><Placemark><name>Trabajado - Cuartel 278 - Hilera 581</name><Style><LineStyle><color>ff00ff00</color><width>3</width></LineStyle></Style><LineString><coordinates>-70.8710266,-33.194875,0 -70.8678416,-33.1934533,0</coordinates></LineString></Placemark><Placemark><name>Trabajado - Cuartel 278 - Hilera 589</name><Style><LineStyle><color>ff00ff00</color><width>3</width></LineStyle></Style><LineString><coordinates>-70.8676683,-33.19339,0 -70.8669316,-33.1929983,0</coordinates></LineString></Placemark><Placemark><name>Trabajado - Cuartel 278 - Hilera 628</name><Style><LineStyle><color>ff00ff00</color><width>3</width></LineStyle></Style><LineString><coordinates>-70.8670483,-33.1930999,0 -70.86528111954328,-33.192163019666665,0</coordinates></LineString></Placemark><Placemark><name>Trabajado - Cuartel 278 - Hilera 724</name><Style><LineStyle><color>ff00ff00</color><width>3</width></LineStyle></Style><LineString><coordinates>-70.8663566,-33.1927083,0 -70.8652683,-33.19218,0</coordinates></LineString></Placemark><Placemark><name>Trabajado - Cuartel 278 - Hilera 738</name><Style><LineStyle><color>ff00ff00</color><width>3</width></LineStyle></Style><LineString><coordinates>-70.8662266,-33.192695,0 -70.8661533,-33.1925966,0</coordinates></LineString></Placemark><Placemark><name>Trabajado - Cuartel 278 - Hilera 749</name><Style><LineStyle><color>ff00ff00</color><width>3</width></LineStyle></Style><LineString><coordinates>-70.866155,-33.1925649,0 -70.8662183,-33.192645,0</coordinates></LineString></Placemark><Placemark><name>Trabajado - Cuartel 278 - Hilera 784</name><Style><LineStyle><color>ff00ff00</color><width>3</width></LineStyle></Style><LineString><coordinates>-70.8654118349368,-33.19229340201359,0 -70.8677233,-33.1933299,0</coordinates></LineString></Placemark><Placemark><name>Trabajado - Cuartel 278 - Hilera 1002</name><Style><LineStyle><color>ff00ff00</color><width>3</width></LineStyle></Style><LineString><coordinates>-70.8637616,-33.1914933,0 -70.8709033,-33.1949233,0</coordinates></LineString></Placemark><Placemark><name>Trabajado - Cuartel 278 - Hilera 1003</name><Style><LineStyle><color>ff00ff00</color><width>3</width></LineStyle></Style><LineString><coordinates>-70.8705283,-33.19484,0 -70.8709983,-33.19496,0</coordinates></LineString></Placemark><Placemark><name>Trabajado - Cuartel 278 - Hilera 1117</name><Style><LineStyle><color>ff00ff00</color><width>3</width></LineStyle></Style><LineString><coordinates>-70.8710216,-33.194945,0 -70.867285,-33.1931733,0</coordinates></LineString></Placemark><Placemark><name>Trabajado - Cuartel 278 - Hilera 1158</name><Style><LineStyle><color>ff00ff00</color><width>3</width></LineStyle></Style><LineString><coordinates>-70.8659483,-33.1925716,0 -70.8660183,-33.19264,0</coordinates></LineString></Placemark><Placemark><name>Trabajado - Cuartel 278 - Hilera 1159</name><Style><LineStyle><color>ff00ff00</color><width>3</width></LineStyle></Style><LineString><coordinates>-70.8660183,-33.19264,0 -70.86607576728491,-33.192819306051476,0</coordinates></LineString></Placemark><Placemark><name>Trabajado - Cuartel 278 - Hilera 1236</name><Style><LineStyle><color>ff00ff00</color><width>3</width></LineStyle></Style><LineString><coordinates>-70.8637849,-33.1914366,0 -70.8708566,-33.1948783,0</coordinates></LineString></Placemark><Placemark><name>Trabajado - Cuartel 281 - Hilera 281</name><Style><LineStyle><color>ff00ff00</color><width>3</width></LineStyle></Style><LineString><coordinates>-70.87061,-33.1970216,0 -70.87052,-33.19702,0</coordinates></LineString></Placemark><Placemark><name>Trabajado - Cuartel 281 - Hilera 282</name><Style><LineStyle><color>ff00ff00</color><width>3</width></LineStyle></Style><LineString><coordinates>-70.8705803070033,-33.19704072526325,0 -70.8696616,-33.196725,0</coordinates></LineString></Placemark><Placemark><name>Trabajado - Cuartel 281 - Hilera 285</name><Style><LineStyle><color>ff00ff00</color><width>3</width></LineStyle></Style><LineString><coordinates>-70.870615,-33.1970266,0 -70.87003986765663,-33.19678735363186,0</coordinates></LineString></Placemark><Placemark><name>Trabajado - Cuartel 281 - Hilera 286</name><Style><LineStyle><color>ff00ff00</color><width>3</width></LineStyle></Style><LineString><coordinates>-70.870185,-33.1968149,0 -70.8705433,-33.1970266,0</coordinates></LineString></Placemark><Placemark><name>Trabajado - Cuartel 281 - Hilera 289</name><Style><LineStyle><color>ff00ff00</color><width>3</width></LineStyle></Style><LineString><coordinates>-70.8705616,-33.1969783,0 -70.870415,-33.1969766,0</coordinates></LineString></Placemark><Placemark><name>Trabajado - Cuartel 281 - Hilera 331</name><Style><LineStyle><color>ff00ff00</color><width>3</width></LineStyle></Style><LineString><coordinates>-70.8702333,-33.1968533,0 -70.8701283,-33.196745,0</coordinates></LineString></Placemark><Placemark><name>Trabajado - Cuartel 281 - Hilera 332</name><Style><LineStyle><color>ff00ff00</color><width>3</width></LineStyle></Style><LineString><coordinates>-70.870165,-33.1968033,0 -70.8703633,-33.1968666,0</coordinates></LineString></Placemark><Placemark><name>Trabajado - Cuartel 281 - Hilera 338</name><Style><LineStyle><color>ff00ff00</color><width>3</width></LineStyle></Style><LineString><coordinates>-70.87029740797821,-33.19684811563965,0 -70.8701433,-33.1968333,0</coordinates></LineString></Placemark><Placemark><name>Trabajado - Cuartel 281 - Hilera 356</name><Style><LineStyle><color>ff00ff00</color><width>3</width></LineStyle></Style><LineString><coordinates>-70.86998,-33.1967966,0 -70.8700533,-33.196835,0</coordinates></LineString></Placemark><Placemark><name>Descartado (grupo chico) - Hilera 295</name><Style><LineStyle><color>ff00ffff</color><width>3</width></LineStyle></Style><LineString><coordinates>-70.87091119200652,-33.19490721853926,0 -70.8710766,-33.1948883,0</coordinates></LineString></Placemark><Placemark><name>Descartado (grupo chico) - Hilera 343</name><Style><LineStyle><color>ff00ffff</color><width>3</width></LineStyle></Style><LineString><coordinates>-70.870605,-33.1948716,0 -70.8707033,-33.1948133,0</coordinates></LineString></Placemark><Placemark><name>Descartado (grupo chico) - Hilera 566</name><Style><LineStyle><color>ff00ffff</color><width>3</width></LineStyle></Style><LineString><coordinates>-70.870875,-33.1949566,0 -70.8711149,-33.1948233,0</coordinates></LineString></Placemark><Placemark><name>Descartado (grupo chico) - Hilera 647</name><Style><LineStyle><color>ff00ffff</color><width>3</width></LineStyle></Style><LineString><coordinates>-70.8710699,-33.194725,0 -70.8709649,-33.1947666,0</coordinates></LineString></Placemark><Placemark><name>Descartado (grupo chico) - Hilera 1240</name><Style><LineStyle><color>ff00ffff</color><width>3</width></LineStyle></Style><LineString><coordinates>-70.8707366,-33.1948683,0 -70.8709666,-33.1948549,0</coordinates></LineString></Placemark><Placemark><name>Descartado (grupo chico) - Hilera 300</name><Style><LineStyle><color>ff00ffff</color><width>3</width></LineStyle></Style><LineString><coordinates>-70.873085,-33.1914483,0 -70.8733416,-33.1912033,0</coordinates></LineString></Placemark><Placemark><name>Descartado (grupo chico) - Hilera 314</name><Style><LineStyle><color>ff00ffff</color><width>3</width></LineStyle></Style><LineString><coordinates>-70.87527321901591,-33.18233376671952,0 -70.87653,-33.1852,0</coordinates></LineString></Placemark><Placemark><name>Descartado (grupo chico) - Hilera 448</name><Style><LineStyle><color>ff00ffff</color><width>3</width></LineStyle></Style><LineString><coordinates>-70.87521363180643,-33.18232498614031,0 -70.8766183,-33.1852266,0</coordinates></LineString></Placemark><Placemark><name>Descartado (grupo chico) - Hilera 1044</name><Style><LineStyle><color>ff00ffff</color><width>3</width></LineStyle></Style><LineString><coordinates>-70.8762983,-33.1835383,0 -70.87646,-33.1838633,0</coordinates></LineString></Placemark><Placemark><name>Descartado (grupo chico) - Hilera 354</name><Style><LineStyle><color>ff00ffff</color><width>3</width></LineStyle></Style><LineString><coordinates>-70.8703833,-33.1955683,0 -70.8702833,-33.1955216,0</coordinates></LineString></Placemark><Placemark><name>Descartado (grupo chico) - Hilera 371</name><Style><LineStyle><color>ff00ffff</color><width>3</width></LineStyle></Style><LineString><coordinates>-70.8701366,-33.1948549,0 -70.86997,-33.1945133,0</coordinates></LineString></Placemark><Placemark><name>Descartado (grupo chico) - Hilera 400</name><Style><LineStyle><color>ff00ffff</color><width>3</width></LineStyle></Style><LineString><coordinates>-70.8696,-33.1943283,0 -70.8696533,-33.194425,0</coordinates></LineString></Placemark><Placemark><name>Descartado (grupo chico) - Hilera 471</name><Style><LineStyle><color>ff00ffff</color><width>3</width></LineStyle></Style><LineString><coordinates>-70.8692199,-33.19426,0 -70.8691733,-33.194195,0</coordinates></LineString></Placemark><Placemark><name>Descartado (grupo chico) - Hilera 393</name><Style><LineStyle><color>ff00ffff</color><width>3</width></LineStyle></Style><LineString><coordinates>-70.8693833,-33.1967566,0 -70.8693283,-33.1966466,0</coordinates></LineString></Placemark><Placemark><name>Descartado (grupo chico) - Hilera 396</name><Style><LineStyle><color>ff00ffff</color><width>3</width></LineStyle></Style><LineString><coordinates>-70.86935,-33.1967616,0 -70.8692749,-33.1966816,0</coordinates></LineString></Placemark><Placemark><name>Descartado (grupo chico) - Hilera 402</name><Style><LineStyle><color>ff00ffff</color><width>3</width></LineStyle></Style><LineString><coordinates>-70.8690033,-33.1970483,0 -70.8681566,-33.197035,0</coordinates></LineString></Placemark><Placemark><name>Descartado (grupo chico) - Hilera 407</name><Style><LineStyle><color>ff00ffff</color><width>3</width></LineStyle></Style><LineString><coordinates>-70.8683949,-33.1969866,0 -70.869005,-33.1969883,0</coordinates></LineString></Placemark><Placemark><name>Descartado (grupo chico) - Hilera 414</name><Style><LineStyle><color>ff00ffff</color><width>3</width></LineStyle></Style><LineString><coordinates>-70.8689616,-33.1970266,0 -70.8687983,-33.1970233,0</coordinates></LineString></Placemark><Placemark><name>Descartado (grupo chico) - Hilera 463</name><Style><LineStyle><color>ff00ffff</color><width>3</width></LineStyle></Style><LineString><coordinates>-70.86870216085288,-33.196976799736035,0 -70.8685933,-33.1969566,0</coordinates></LineString></Placemark><Placemark><name>Descartado (grupo chico) - Hilera 467</name><Style><LineStyle><color>ff00ffff</color><width>3</width></LineStyle></Style><LineString><coordinates>-70.868645,-33.19694,0 -70.8685216,-33.1969333,0</coordinates></LineString></Placemark><Placemark><name>Descartado (grupo chico) - Hilera 482</name><Style><LineStyle><color>ff00ffff</color><width>3</width></LineStyle></Style><LineString><coordinates>-70.8683216,-33.1969783,0 -70.8682166,-33.1969516,0</coordinates></LineString></Placemark><Placemark><name>Trabajado - Cuartel 403 - Hilera 403</name><Style><LineStyle><color>ff00ff00</color><width>3</width></LineStyle></Style><LineString><coordinates>-70.8681566,-33.197035,0 -70.8677783,-33.1978149,0</coordinates></LineString></Placemark><Placemark><name>Trabajado - Cuartel 403 - Hilera 404</name><Style><LineStyle><color>ff00ff00</color><width>3</width></LineStyle></Style><LineString><coordinates>-70.8677783,-33.1978149,0 -70.867515,-33.197945,0</coordinates></LineString></Placemark><Placemark><name>Trabajado - Cuartel 403 - Hilera 405</name><Style><LineStyle><color>ff00ff00</color><width>3</width></LineStyle></Style><LineString><coordinates>-70.867515,-33.197945,0 -70.8682133,-33.1970633,0</coordinates></LineString></Placemark><Placemark><name>Trabajado - Cuartel 403 - Hilera 478</name><Style><LineStyle><color>ff00ff00</color><width>3</width></LineStyle></Style><LineString><coordinates>-70.8686083,-33.1960816,0 -70.868385,-33.1969633,0</coordinates></LineString></Placemark><Placemark><name>Trabajado - Cuartel 403 - Hilera 486</name><Style><LineStyle><color>ff00ff00</color><width>3</width></LineStyle></Style><LineString><coordinates>-70.868445,-33.1959116,0 -70.8678366,-33.1977133,0</coordinates></LineString></Placemark><Placemark><name>Trabajado - Cuartel 403 - Hilera 493</name><Style><LineStyle><color>ff00ff00</color><width>3</width></LineStyle></Style><LineString><coordinates>-70.8680266,-33.197225,0 -70.8680433,-33.19731,0</coordinates></LineString></Placemark><Placemark><name>Trabajado - Cuartel 403 - Hilera 495</name><Style><LineStyle><color>ff00ff00</color><width>3</width></LineStyle></Style><LineString><coordinates>-70.8680433,-33.197325,0 -70.8680749,-33.1967683,0</coordinates></LineString></Placemark><Placemark><name>Trabajado - Cuartel 403 - Hilera 516</name><Style><LineStyle><color>ff00ff00</color><width>3</width></LineStyle></Style><LineString><coordinates>-70.8679016,-33.1975916,0 -70.8676133,-33.19786,0</coordinates></LineString></Placemark><Placemark><name>Trabajado - Cuartel 403 - Hilera 517</name><Style><LineStyle><color>ff00ff00</color><width>3</width></LineStyle></Style><LineString><coordinates>-70.86755372057408,-33.19788766394509,0 -70.8677633,-33.19778,0</coordinates></LineString></Placemark><Placemark><name>Trabajado - Cuartel 403 - Hilera 532</name><Style><LineStyle><color>ff00ff00</color><width>3</width></LineStyle></Style><LineString><coordinates>-70.8674514539009,-33.197922747240234,0 -70.8672983,-33.19798,0</coordinates></LineString></Placemark><Placemark><name>Trabajado - Cuartel 403 - Hilera 534</name><Style><LineStyle><color>ff00ff00</color><width>3</width></LineStyle></Style><LineString><coordinates>-70.8679233,-33.1959133,0 -70.8674683,-33.1978916,0</coordinates></LineString></Placemark><Placemark><name>Trabajado - Cuartel 403 - Hilera 537</name><Style><LineStyle><color>ff00ff00</color><width>3</width></LineStyle></Style><LineString><coordinates>-70.8673216,-33.1979316,0 -70.8673966,-33.1978899,0</coordinates></LineString></Placemark><Placemark><name>Trabajado - Cuartel 403 - Hilera 539</name><Style><LineStyle><color>ff00ff00</color><width>3</width></LineStyle></Style><LineString><coordinates>-70.8678,-33.1956866,0 -70.8672833,-33.1978999,0</coordinates></LineString></Placemark><Placemark><name>Trabajado - Cuartel 403 - Hilera 540</name><Style><LineStyle><color>ff00ff00</color><width>3</width></LineStyle></Style><LineString><coordinates>-70.8672833,-33.1978999,0 -70.8672,-33.1979566,0</coordinates></LineString></Placemark><Placemark><name>Trabajado - Cuartel 403 - Hilera 551</name><Style><LineStyle><color>ff00ff00</color><width>3</width></LineStyle></Style><LineString><coordinates>-70.8670883,-33.1980033,0 -70.8665549,-33.1980366,0</coordinates></LineString></Placemark><Placemark><name>Trabajado - Cuartel 403 - Hilera 556</name><Style><LineStyle><color>ff00ff00</color><width>3</width></LineStyle></Style><LineString><coordinates>-70.8668533,-33.1980216,0 -70.8670366,-33.1978616,0</coordinates></LineString></Placemark><Placemark><name>Trabajado - Cuartel 403 - Hilera 558</name><Style><LineStyle><color>ff00ff00</color><width>3</width></LineStyle></Style><LineString><coordinates>-70.8669266,-33.1979933,0 -70.8670216,-33.1979216,0</coordinates></LineString></Placemark><Placemark><name>Trabajado - Cuartel 403 - Hilera 594</name><Style><LineStyle><color>ff00ff00</color><width>3</width></LineStyle></Style><LineString><coordinates>-70.86664,-33.1978999,0 -70.86652,-33.19799,0</coordinates></LineString></Placemark><Placemark><name>Trabajado - Cuartel 403 - Hilera 598</name><Style><LineStyle><color>ff00ff00</color><width>3</width></LineStyle></Style><LineString><coordinates>-70.8664999,-33.1979816,0 -70.8665733,-33.1979033,0</coordinates></LineString></Placemark><Placemark><name>Trabajado - Cuartel 403 - Hilera 602</name><Style><LineStyle><color>ff00ff00</color><width>3</width></LineStyle></Style><LineString><coordinates>-70.8664216,-33.1979933,0 -70.8662916,-33.1980066,0</coordinates></LineString></Placemark><Placemark><name>Trabajado - Cuartel 403 - Hilera 603</name><Style><LineStyle><color>ff00ff00</color><width>3</width></LineStyle></Style><LineString><coordinates>-70.8662916,-33.1980066,0 -70.8664983,-33.1979533,0</coordinates></LineString></Placemark><Placemark><name>Trabajado - Cuartel 403 - Hilera 611</name><Style><LineStyle><color>ff00ff00</color><width>3</width></LineStyle></Style><LineString><coordinates>-70.8663066,-33.19802,0 -70.86637,-33.1979483,0</coordinates></LineString></Placemark><Placemark><name>Trabajado - Cuartel 403 - Hilera 615</name><Style><LineStyle><color>ff00ff00</color><width>3</width></LineStyle></Style><LineString><coordinates>-70.8661116,-33.1980499,0 -70.8662833,-33.1979216,0</coordinates></LineString></Placemark><Placemark><name>Trabajado - Cuartel 403 - Hilera 624</name><Style><LineStyle><color>ff00ff00</color><width>3</width></LineStyle></Style><LineString><coordinates>-70.8660949,-33.198035,0 -70.865485,-33.1980399,0</coordinates></LineString></Placemark><Placemark><name>Trabajado - Cuartel 403 - Hilera 625</name><Style><LineStyle><color>ff00ff00</color><width>3</width></LineStyle></Style><LineString><coordinates>-70.865485,-33.1980399,0 -70.8655683,-33.198065,0</coordinates></LineString></Placemark><Placemark><name>Trabajado - Cuartel 403 - Hilera 626</name><Style><LineStyle><color>ff00ff00</color><width>3</width></LineStyle></Style><LineString><coordinates>-70.8655683,-33.198065,0 -70.8660583,-33.1979183,0</coordinates></LineString></Placemark><Placemark><name>Trabajado - Cuartel 403 - Hilera 651</name><Style><LineStyle><color>ff00ff00</color><width>3</width></LineStyle></Style><LineString><coordinates>-70.8659633,-33.1980333,0 -70.86604,-33.1979599,0</coordinates></LineString></Placemark><Placemark><name>Trabajado - Cuartel 403 - Hilera 659</name><Style><LineStyle><color>ff00ff00</color><width>3</width></LineStyle></Style><LineString><coordinates>-70.8648116,-33.1980716,0 -70.8659333,-33.1980683,0</coordinates></LineString></Placemark><Placemark><name>Trabajado - Cuartel 403 - Hilera 1090</name><Style><LineStyle><color>ff00ff00</color><width>3</width></LineStyle></Style><LineString><coordinates>-70.8674983,-33.1978833,0 -70.8676083,-33.1978533,0</coordinates></LineString></Placemark><Placemark><name>Descartado (grupo chico) - Hilera 423</name><Style><LineStyle><color>ff00ffff</color><width>3</width></LineStyle></Style><LineString><coordinates>-70.8766933,-33.1874316,0 -70.8767433,-33.1869783,0</coordinates></LineString></Placemark><Placemark><name>Descartado (grupo chico) - Hilera 2154</name><Style><LineStyle><color>ff00ffff</color><width>3</width></LineStyle></Style><LineString><coordinates>-70.87676990288895,-33.187047447157795,0 -70.87664664579277,-33.18728098691895,0</coordinates></LineString></Placemark><Placemark><name>Descartado (grupo chico) - Hilera 2226</name><Style><LineStyle><color>ff00ffff</color><width>3</width></LineStyle></Style><LineString><coordinates>-70.8767583,-33.1870183,0 -70.876685,-33.1872716,0</coordinates></LineString></Placemark><Placemark><name>Descartado (grupo chico) - Hilera 2480</name><Style><LineStyle><color>ff00ffff</color><width>3</width></LineStyle></Style><LineString><coordinates>-70.8766383,-33.18727,0 -70.8767116,-33.1869266,0</coordinates></LineString></Placemark><Placemark><name>Descartado (grupo chico) - Hilera 2485</name><Style><LineStyle><color>ff00ffff</color><width>3</width></LineStyle></Style><LineString><coordinates>-70.8767916,-33.1870033,0 -70.8767266,-33.1872483,0</coordinates></LineString></Placemark><Placemark><name>Descartado (grupo chico) - Hilera 513</name><Style><LineStyle><color>ff00ffff</color><width>3</width></LineStyle></Style><LineString><coordinates>-70.8686433,-33.1938316,0 -70.8686883,-33.193935,0</coordinates></LineString></Placemark><Placemark><name>Descartado (grupo chico) - Hilera 523</name><Style><LineStyle><color>ff00ffff</color><width>3</width></LineStyle></Style><LineString><coordinates>-70.8673233,-33.1931083,0 -70.8672183,-33.1931533,0</coordinates></LineString></Placemark><Placemark><name>Descartado (grupo chico) - Hilera 526</name><Style><LineStyle><color>ff00ffff</color><width>3</width></LineStyle></Style><LineString><coordinates>-70.8678999,-33.1965283,0 -70.8679866,-33.1964683,0</coordinates></LineString></Placemark><Placemark><name>Descartado (grupo chico) - Hilera 545</name><Style><LineStyle><color>ff00ffff</color><width>3</width></LineStyle></Style><LineString><coordinates>-70.8680283,-33.19368,0 -70.8681233,-33.1936333,0</coordinates></LineString></Placemark><Placemark><name>Descartado (grupo chico) - Hilera 555</name><Style><LineStyle><color>ff00ffff</color><width>3</width></LineStyle></Style><LineString><coordinates>-70.8679783,-33.1935633,0 -70.8678722387492,-33.193718816777874,0</coordinates></LineString></Placemark><Placemark><name>Descartado (grupo chico) - Hilera 590</name><Style><LineStyle><color>ff00ffff</color><width>3</width></LineStyle></Style><LineString><coordinates>-70.867545,-33.1933316,0 -70.8676583,-33.1933283,0</coordinates></LineString></Placemark><Placemark><name>Descartado (grupo chico) - Hilera 591</name><Style><LineStyle><color>ff00ffff</color><width>3</width></LineStyle></Style><LineString><coordinates>-70.8676583,-33.1933633,0 -70.8676283,-33.1932766,0</coordinates></LineString></Placemark><Placemark><name>Descartado (grupo chico) - Hilera 1099</name><Style><LineStyle><color>ff00ffff</color><width>3</width></LineStyle></Style><LineString><coordinates>-70.867575,-33.1933566,0 -70.8675683,-33.193445,0</coordinates></LineString></Placemark><Placemark><name>Descartado (grupo chico) - Hilera 605</name><Style><LineStyle><color>ff00ffff</color><width>3</width></LineStyle></Style><LineString><coordinates>-70.867415,-33.1932516,0 -70.8673316,-33.1933516,0</coordinates></LineString></Placemark><Placemark><name>Trabajado - Cuartel 608 - Hilera 608</name><Style><LineStyle><color>ff00ff00</color><width>3</width></LineStyle></Style><LineString><coordinates>-70.8664016,-33.19799,0 -70.8663566,-33.1978916,0</coordinates></LineString></Placemark><Placemark><name>Trabajado - Cuartel 608 - Hilera 620</name><Style><LineStyle><color>ff00ff00</color><width>3</width></LineStyle></Style><LineString><coordinates>-70.86616,-33.1980233,0 -70.8661233,-33.1979516,0</coordinates></LineString></Placemark><Placemark><name>Trabajado - Cuartel 608 - Hilera 660</name><Style><LineStyle><color>ff00ff00</color><width>3</width></LineStyle></Style><LineString><coordinates>-70.8648766,-33.1980866,0 -70.8647433,-33.19776,0</coordinates></LineString></Placemark><Placemark><name>Trabajado - Cuartel 608 - Hilera 1124</name><Style><LineStyle><color>ff00ff00</color><width>3</width></LineStyle></Style><LineString><coordinates>-70.8659283,-33.19802,0 -70.8658916,-33.197945,0</coordinates></LineString></Placemark><Placemark><name>Trabajado - Cuartel 608 - Hilera 1131</name><Style><LineStyle><color>ff00ff00</color><width>3</width></LineStyle></Style><LineString><coordinates>-70.8648683,-33.1975666,0 -70.8649066,-33.1976649,0</coordinates></LineString></Placemark><Placemark><name>Trabajado - Cuartel 608 - Hilera 1142</name><Style><LineStyle><color>ff00ff00</color><width>3</width></LineStyle></Style><LineString><coordinates>-70.8654499,-33.1980466,0 -70.8654166,-33.1979599,0</coordinates></LineString></Placemark><Placemark><name>Trabajado - Cuartel 622 - Hilera 622</name><Style><LineStyle><color>ff00ff00</color><width>3</width></LineStyle></Style><LineString><coordinates>-70.8664066,-33.1966149,0 -70.8660616,-33.1980399,0</coordinates></LineString></Placemark><Placemark><name>Trabajado - Cuartel 622 - Hilera 657</name><Style><LineStyle><color>ff00ff00</color><width>3</width></LineStyle></Style><LineString><coordinates>-70.86473,-33.197755,0 -70.8647149,-33.1979783,0</coordinates></LineString></Placemark><Placemark><name>Trabajado - Cuartel 622 - Hilera 662</name><Style><LineStyle><color>ff00ff00</color><width>3</width></LineStyle></Style><LineString><coordinates>-70.86478741114844,-33.197699411165004,0 -70.86476494128122,-33.197945643459924,0</coordinates></LineString></Placemark><Placemark><name>Trabajado - Cuartel 622 - Hilera 663</name><Style><LineStyle><color>ff00ff00</color><width>3</width></LineStyle></Style><LineString><coordinates>-70.8647549,-33.197945,0 -70.86489,-33.1976299,0</coordinates></LineString></Placemark><Placemark><name>Trabajado - Cuartel 622 - Hilera 664</name><Style><LineStyle><color>ff00ff00</color><width>3</width></LineStyle></Style><LineString><coordinates>-70.86490661910983,-33.19753743542768,0 -70.86481,-33.198075,0</coordinates></LineString></Placemark><Placemark><name>Trabajado - Cuartel 622 - Hilera 665</name><Style><LineStyle><color>ff00ff00</color><width>3</width></LineStyle></Style><LineString><coordinates>-70.86492,-33.1975599,0 -70.8647883,-33.1980716,0</coordinates></LineString></Placemark><Placemark><name>Trabajado - Cuartel 622 - Hilera 666</name><Style><LineStyle><color>ff00ff00</color><width>3</width></LineStyle></Style><LineString><coordinates>-70.8649616,-33.197605,0 -70.8648566,-33.198065,0</coordinates></LineString></Placemark><Placemark><name>Trabajado - Cuartel 622 - Hilera 667</name><Style><LineStyle><color>ff00ff00</color><width>3</width></LineStyle></Style><LineString><coordinates>-70.8648566,-33.198065,0 -70.8650716,-33.1974633,0</coordinates></LineString></Placemark><Placemark><name>Trabajado - Cuartel 622 - Hilera 668</name><Style><LineStyle><color>ff00ff00</color><width>3</width></LineStyle></Style><LineString><coordinates>-70.86508467174346,-33.19741760388274,0 -70.8648933,-33.1980866,0</coordinates></LineString></Placemark><Placemark><name>Trabajado - Cuartel 622 - Hilera 669</name><Style><LineStyle><color>ff00ff00</color><width>3</width></LineStyle></Style><LineString><coordinates>-70.86507934127276,-33.19742592649065,0 -70.8649716,-33.1980616,0</coordinates></LineString></Placemark><Placemark><name>Trabajado - Cuartel 622 - Hilera 670</name><Style><LineStyle><color>ff00ff00</color><width>3</width></LineStyle></Style><LineString><coordinates>-70.8649699,-33.19806,0 -70.8651933,-33.197375,0</coordinates></LineString></Placemark><Placemark><name>Trabajado - Cuartel 622 - Hilera 671</name><Style><LineStyle><color>ff00ff00</color><width>3</width></LineStyle></Style><LineString><coordinates>-70.86519429509706,-33.197370539446325,0 -70.8650416,-33.198055,0</coordinates></LineString></Placemark><Placemark><name>Trabajado - Cuartel 622 - Hilera 672</name><Style><LineStyle><color>ff00ff00</color><width>3</width></LineStyle></Style><LineString><coordinates>-70.8650533,-33.198,0 -70.8652616,-33.19731,0</coordinates></LineString></Placemark><Placemark><name>Trabajado - Cuartel 622 - Hilera 673</name><Style><LineStyle><color>ff00ff00</color><width>3</width></LineStyle></Style><LineString><coordinates>-70.8652616,-33.19731,0 -70.8651416,-33.1979666,0</coordinates></LineString></Placemark><Placemark><name>Trabajado - Cuartel 622 - Hilera 674</name><Style><LineStyle><color>ff00ff00</color><width>3</width></LineStyle></Style><LineString><coordinates>-70.86512136490994,-33.198050149144294,0 -70.86532,-33.19723,0</coordinates></LineString></Placemark><Placemark><name>Trabajado - Cuartel 622 - Hilera 675</name><Style><LineStyle><color>ff00ff00</color><width>3</width></LineStyle></Style><LineString><coordinates>-70.86535546472163,-33.19719293138489,0 -70.8652016,-33.1980099,0</coordinates></LineString></Placemark><Placemark><name>Trabajado - Cuartel 622 - Hilera 676</name><Style><LineStyle><color>ff00ff00</color><width>3</width></LineStyle></Style><LineString><coordinates>-70.865215,-33.19798,0 -70.865395,-33.1971816,0</coordinates></LineString></Placemark><Placemark><name>Trabajado - Cuartel 622 - Hilera 677</name><Style><LineStyle><color>ff00ff00</color><width>3</width></LineStyle></Style><LineString><coordinates>-70.8654299,-33.1971883,0 -70.8652916,-33.1980416,0</coordinates></LineString></Placemark><Placemark><name>Trabajado - Cuartel 622 - Hilera 678</name><Style><LineStyle><color>ff00ff00</color><width>3</width></LineStyle></Style><LineString><coordinates>-70.8652916,-33.1980416,0 -70.8654633,-33.1971916,0</coordinates></LineString></Placemark><Placemark><name>Trabajado - Cuartel 622 - Hilera 679</name><Style><LineStyle><color>ff00ff00</color><width>3</width></LineStyle></Style><LineString><coordinates>-70.86545539741928,-33.19713289144229,0 -70.8652766,-33.1980249,0</coordinates></LineString></Placemark><Placemark><name>Trabajado - Cuartel 622 - Hilera 680</name><Style><LineStyle><color>ff00ff00</color><width>3</width></LineStyle></Style><LineString><coordinates>-70.86550570865387,-33.19712994500033,0 -70.86537,-33.198045,0</coordinates></LineString></Placemark><Placemark><name>Trabajado - Cuartel 622 - Hilera 681</name><Style><LineStyle><color>ff00ff00</color><width>3</width></LineStyle></Style><LineString><coordinates>-70.8653549,-33.1980399,0 -70.86556005097368,-33.19704805987922,0</coordinates></LineString></Placemark><Placemark><name>Trabajado - Cuartel 622 - Hilera 682</name><Style><LineStyle><color>ff00ff00</color><width>3</width></LineStyle></Style><LineString><coordinates>-70.86561486038279,-33.196998081856364,0 -70.86542811286641,-33.198043867948066,0</coordinates></LineString></Placemark><Placemark><name>Trabajado - Cuartel 622 - Hilera 683</name><Style><LineStyle><color>ff00ff00</color><width>3</width></LineStyle></Style><LineString><coordinates>-70.8654499,-33.1979266,0 -70.8656683,-33.1969716,0</coordinates></LineString></Placemark><Placemark><name>Trabajado - Cuartel 622 - Hilera 684</name><Style><LineStyle><color>ff00ff00</color><width>3</width></LineStyle></Style><LineString><coordinates>-70.8657183,-33.196995,0 -70.8655078043804,-33.19796244479256,0</coordinates></LineString></Placemark><Placemark><name>Trabajado - Cuartel 622 - Hilera 685</name><Style><LineStyle><color>ff00ff00</color><width>3</width></LineStyle></Style><LineString><coordinates>-70.865535,-33.1979666,0 -70.865765,-33.1969183,0</coordinates></LineString></Placemark><Placemark><name>Trabajado - Cuartel 622 - Hilera 687</name><Style><LineStyle><color>ff00ff00</color><width>3</width></LineStyle></Style><LineString><coordinates>-70.86587502673018,-33.19677531685231,0 -70.86566092301882,-33.198028917484564,0</coordinates></LineString></Placemark><Placemark><name>Trabajado - Cuartel 622 - Hilera 688</name><Style><LineStyle><color>ff00ff00</color><width>3</width></LineStyle></Style><LineString><coordinates>-70.86597977069158,-33.1966700163191,0 -70.8657566,-33.1980316,0</coordinates></LineString></Placemark><Placemark><name>Trabajado - Cuartel 622 - Hilera 689</name><Style><LineStyle><color>ff00ff00</color><width>3</width></LineStyle></Style><LineString><coordinates>-70.86605921694468,-33.196603346756305,0 -70.8658234656819,-33.19801357990291,0</coordinates></LineString></Placemark><Placemark><name>Trabajado - Cuartel 622 - Hilera 690</name><Style><LineStyle><color>ff00ff00</color><width>3</width></LineStyle></Style><LineString><coordinates>-70.8661133,-33.196605,0 -70.86591,-33.198005,0</coordinates></LineString></Placemark><Placemark><name>Trabajado - Cuartel 622 - Hilera 691</name><Style><LineStyle><color>ff00ff00</color><width>3</width></LineStyle></Style><LineString><coordinates>-70.86591,-33.198005,0 -70.86617,-33.1964933,0</coordinates></LineString></Placemark><Placemark><name>Trabajado - Cuartel 622 - Hilera 693</name><Style><LineStyle><color>ff00ff00</color><width>3</width></LineStyle></Style><LineString><coordinates>-70.86622,-33.19657,0 -70.8659666,-33.197955,0</coordinates></LineString></Placemark><Placemark><name>Trabajado - Cuartel 622 - Hilera 1125</name><Style><LineStyle><color>ff00ff00</color><width>3</width></LineStyle></Style><LineString><coordinates>-70.8661116,-33.19667,0 -70.865805,-33.1979366,0</coordinates></LineString></Placemark><Placemark><name>Trabajado - Cuartel 622 - Hilera 1126</name><Style><LineStyle><color>ff00ff00</color><width>3</width></LineStyle></Style><LineString><coordinates>-70.865805,-33.1979366,0 -70.866025,-33.1966716,0</coordinates></LineString></Placemark><Placemark><name>Trabajado - Cuartel 622 - Hilera 1128</name><Style><LineStyle><color>ff00ff00</color><width>3</width></LineStyle></Style><LineString><coordinates>-70.86571783647219,-33.19803884777014,0 -70.8659366,-33.1967666,0</coordinates></LineString></Placemark><Placemark><name>Trabajado - Cuartel 622 - Hilera 1130</name><Style><LineStyle><color>ff00ff00</color><width>3</width></LineStyle></Style><LineString><coordinates>-70.86482797815809,-33.19758585046804,0 -70.8647449,-33.1979216,0</coordinates></LineString></Placemark><Placemark><name>Trabajado - Cuartel 622 - Hilera 1132</name><Style><LineStyle><color>ff00ff00</color><width>3</width></LineStyle></Style><LineString><coordinates>-70.86499,-33.197565,0 -70.864915,-33.1980483,0</coordinates></LineString></Placemark><Placemark><name>Trabajado - Cuartel 622 - Hilera 1133</name><Style><LineStyle><color>ff00ff00</color><width>3</width></LineStyle></Style><LineString><coordinates>-70.864885,-33.1980083,0 -70.8650183,-33.1974616,0</coordinates></LineString></Placemark><Placemark><name>Trabajado - Cuartel 622 - Hilera 1134</name><Style><LineStyle><color>ff00ff00</color><width>3</width></LineStyle></Style><LineString><coordinates>-70.8649583,-33.1980399,0 -70.86505,-33.19739,0</coordinates></LineString></Placemark><Placemark><name>Trabajado - Cuartel 622 - Hilera 1136</name><Style><LineStyle><color>ff00ff00</color><width>3</width></LineStyle></Style><LineString><coordinates>-70.86518442242244,-33.19728692455047,0 -70.8650633,-33.1980266,0</coordinates></LineString></Placemark><Placemark><name>Trabajado - Cuartel 622 - Hilera 1137</name><Style><LineStyle><color>ff00ff00</color><width>3</width></LineStyle></Style><LineString><coordinates>-70.86525457066071,-33.19725454276795,0 -70.8651133,-33.1979716,0</coordinates></LineString></Placemark><Placemark><name>Trabajado - Cuartel 622 - Hilera 1139</name><Style><LineStyle><color>ff00ff00</color><width>3</width></LineStyle></Style><LineString><coordinates>-70.8651816,-33.1979683,0 -70.8653416,-33.1971683,0</coordinates></LineString></Placemark><Placemark><name>Trabajado - Cuartel 622 - Hilera 1140</name><Style><LineStyle><color>ff00ff00</color><width>3</width></LineStyle></Style><LineString><coordinates>-70.865265,-33.1979733,0 -70.8654199,-33.197105,0</coordinates></LineString></Placemark><Placemark><name>Trabajado - Cuartel 622 - Hilera 1141</name><Style><LineStyle><color>ff00ff00</color><width>3</width></LineStyle></Style><LineString><coordinates>-70.86554872476069,-33.197009630837194,0 -70.8653366,-33.1979883,0</coordinates></LineString></Placemark><Placemark><name>Trabajado - Cuartel 622 - Hilera 1143</name><Style><LineStyle><color>ff00ff00</color><width>3</width></LineStyle></Style><LineString><coordinates>-70.8654166,-33.1979599,0 -70.8656366,-33.1969283,0</coordinates></LineString></Placemark><Placemark><name>Trabajado - Cuartel 622 - Hilera 1144</name><Style><LineStyle><color>ff00ff00</color><width>3</width></LineStyle></Style><LineString><coordinates>-70.8656983,-33.1969283,0 -70.8655383,-33.1980233,0</coordinates></LineString></Placemark><Placemark><name>Trabajado - Cuartel 622 - Hilera 1145</name><Style><LineStyle><color>ff00ff00</color><width>3</width></LineStyle></Style><LineString><coordinates>-70.8654916,-33.19798,0 -70.8657033,-33.196865,0</coordinates></LineString></Placemark><Placemark><name>Trabajado - Cuartel 622 - Hilera 1147</name><Style><LineStyle><color>ff00ff00</color><width>3</width></LineStyle></Style><LineString><coordinates>-70.8656999,-33.197985,0 -70.8657683,-33.1977833,0</coordinates></LineString></Placemark><Placemark><name>Descartado (grupo chico) - Hilera 629</name><Style><LineStyle><color>ff00ffff</color><width>3</width></LineStyle></Style><LineString><coordinates>-70.8660833,-33.1925883,0 -70.8663216,-33.1902933,0</coordinates></LineString></Placemark><Placemark><name>Descartado (grupo chico) - Hilera 739</name><Style><LineStyle><color>ff00ffff</color><width>3</width></LineStyle></Style><LineString><coordinates>-70.8661533,-33.1925966,0 -70.86636,-33.1903716,0</coordinates></LineString></Placemark><Placemark><name>Descartado (grupo chico) - Hilera 748</name><Style><LineStyle><color>ff00ffff</color><width>3</width></LineStyle></Style><LineString><coordinates>-70.866595,-33.1909966,0 -70.866155,-33.1925649,0</coordinates></LineString></Placemark><Placemark><name>Descartado (grupo chico) - Hilera 630</name><Style><LineStyle><color>ff00ffff</color><width>3</width></LineStyle></Style><LineString><coordinates>-70.8663216,-33.1902933,0 -70.87561357980881,-33.18184851620115,0</coordinates></LineString></Placemark><Placemark><name>Descartado (grupo chico) - Hilera 741</name><Style><LineStyle><color>ff00ffff</color><width>3</width></LineStyle></Style><LineString><coordinates>-70.8664266,-33.1902383,0 -70.8756049,-33.18191,0</coordinates></LineString></Placemark><Placemark><name>Descartado (grupo chico) - Hilera 850</name><Style><LineStyle><color>ff00ffff</color><width>3</width></LineStyle></Style><LineString><coordinates>-70.8755466,-33.1819133,0 -70.86637,-33.1902883,0</coordinates></LineString></Placemark><Placemark><name>Descartado (grupo chico) - Hilera 942</name><Style><LineStyle><color>ff00ffff</color><width>3</width></LineStyle></Style><LineString><coordinates>-70.8755316,-33.1818783,0 -70.8663749,-33.1902333,0</coordinates></LineString></Placemark><Placemark><name>Trabajado - Cuartel 654 - Hilera 654</name><Style><LineStyle><color>ff00ff00</color><width>3</width></LineStyle></Style><LineString><coordinates>-70.8669816,-33.19301,0 -70.8662566,-33.1964649,0</coordinates></LineString></Placemark><Placemark><name>Trabajado - Cuartel 654 - Hilera 655</name><Style><LineStyle><color>ff00ff00</color><width>3</width></LineStyle></Style><LineString><coordinates>-70.86626346054908,-33.19643097387262,0 -70.864102413977,-33.194606763408885,0</coordinates></LineString></Placemark><Placemark><name>Trabajado - Cuartel 654 - Hilera 697</name><Style><LineStyle><color>ff00ff00</color><width>3</width></LineStyle></Style><LineString><coordinates>-70.8660883,-33.1962849,0 -70.8662233,-33.1962916,0</coordinates></LineString></Placemark><Placemark><name>Trabajado - Cuartel 654 - Hilera 698</name><Style><LineStyle><color>ff00ff00</color><width>3</width></LineStyle></Style><LineString><coordinates>-70.8668249,-33.193185,0 -70.8661916,-33.19633,0</coordinates></LineString></Placemark><Placemark><name>Trabajado - Cuartel 654 - Hilera 700</name><Style><LineStyle><color>ff00ff00</color><width>3</width></LineStyle></Style><LineString><coordinates>-70.8668249,-33.19299,0 -70.8661499,-33.1962249,0</coordinates></LineString></Placemark><Placemark><name>Trabajado - Cuartel 654 - Hilera 703</name><Style><LineStyle><color>ff00ff00</color><width>3</width></LineStyle></Style><LineString><coordinates>-70.8667999,-33.1929483,0 -70.866055,-33.19625,0</coordinates></LineString></Placemark><Placemark><name>Trabajado - Cuartel 654 - Hilera 704</name><Style><LineStyle><color>ff00ff00</color><width>3</width></LineStyle></Style><LineString><coordinates>-70.866055,-33.1962666,0 -70.8667666,-33.1929183,0</coordinates></LineString></Placemark><Placemark><name>Trabajado - Cuartel 654 - Hilera 706</name><Style><LineStyle><color>ff00ff00</color><width>3</width></LineStyle></Style><LineString><coordinates>-70.8664133,-33.1933399,0 -70.866085,-33.1961633,0</coordinates></LineString></Placemark><Placemark><name>Trabajado - Cuartel 654 - Hilera 708</name><Style><LineStyle><color>ff00ff00</color><width>3</width></LineStyle></Style><LineString><coordinates>-70.86607,-33.1962416,0 -70.8667016,-33.1929766,0</coordinates></LineString></Placemark><Placemark><name>Trabajado - Cuartel 654 - Hilera 710</name><Style><LineStyle><color>ff00ff00</color><width>3</width></LineStyle></Style><LineString><coordinates>-70.8660066,-33.1962266,0 -70.8666366,-33.1929066,0</coordinates></LineString></Placemark><Placemark><name>Trabajado - Cuartel 654 - Hilera 711</name><Style><LineStyle><color>ff00ff00</color><width>3</width></LineStyle></Style><LineString><coordinates>-70.86574521385612,-33.19607474887782,0 -70.86601,-33.1961566,0</coordinates></LineString></Placemark><Placemark><name>Trabajado - Cuartel 654 - Hilera 712</name><Style><LineStyle><color>ff00ff00</color><width>3</width></LineStyle></Style><LineString><coordinates>-70.866615,-33.1929666,0 -70.8659516,-33.1962116,0</coordinates></LineString></Placemark><Placemark><name>Trabajado - Cuartel 654 - Hilera 713</name><Style><LineStyle><color>ff00ff00</color><width>3</width></LineStyle></Style><LineString><coordinates>-70.8665871289309,-33.19284924083223,0 -70.86592187637011,-33.196180038762,0</coordinates></LineString></Placemark><Placemark><name>Trabajado - Cuartel 654 - Hilera 715</name><Style><LineStyle><color>ff00ff00</color><width>3</width></LineStyle></Style><LineString><coordinates>-70.8664966,-33.192865,0 -70.86582,-33.1961183,0</coordinates></LineString></Placemark><Placemark><name>Trabajado - Cuartel 654 - Hilera 716</name><Style><LineStyle><color>ff00ff00</color><width>3</width></LineStyle></Style><LineString><coordinates>-70.8657466,-33.1960716,0 -70.8658566,-33.1961433,0</coordinates></LineString></Placemark><Placemark><name>Trabajado - Cuartel 654 - Hilera 717</name><Style><LineStyle><color>ff00ff00</color><width>3</width></LineStyle></Style><LineString><coordinates>-70.8658816,-33.1961166,0 -70.86653005548584,-33.19283007936758,0</coordinates></LineString></Placemark><Placemark><name>Trabajado - Cuartel 654 - Hilera 718</name><Style><LineStyle><color>ff00ff00</color><width>3</width></LineStyle></Style><LineString><coordinates>-70.8665133,-33.192915,0 -70.86581,-33.19609,0</coordinates></LineString></Placemark><Placemark><name>Trabajado - Cuartel 654 - Hilera 719</name><Style><LineStyle><color>ff00ff00</color><width>3</width></LineStyle></Style><LineString><coordinates>-70.8657866,-33.1960483,0 -70.8664433,-33.19283,0</coordinates></LineString></Placemark><Placemark><name>Trabajado - Cuartel 654 - Hilera 720</name><Style><LineStyle><color>ff00ff00</color><width>3</width></LineStyle></Style><LineString><coordinates>-70.8657133,-33.196,0 -70.8658316,-33.1960533,0</coordinates></LineString></Placemark><Placemark><name>Trabajado - Cuartel 654 - Hilera 721</name><Style><LineStyle><color>ff00ff00</color><width>3</width></LineStyle></Style><LineString><coordinates>-70.8658316,-33.1960533,0 -70.86644769935542,-33.19281978508231,0</coordinates></LineString></Placemark><Placemark><name>Trabajado - Cuartel 654 - Hilera 722</name><Style><LineStyle><color>ff00ff00</color><width>3</width></LineStyle></Style><LineString><coordinates>-70.86574815949854,-33.19601041202513,0 -70.86638764085401,-33.19281986048786,0</coordinates></LineString></Placemark><Placemark><name>Trabajado - Cuartel 654 - Hilera 723</name><Style><LineStyle><color>ff00ff00</color><width>3</width></LineStyle></Style><LineString><coordinates>-70.8657390947189,-33.195952731538526,0 -70.8663566,-33.1927449,0</coordinates></LineString></Placemark><Placemark><name>Trabajado - Cuartel 654 - Hilera 725</name><Style><LineStyle><color>ff00ff00</color><width>3</width></LineStyle></Style><LineString><coordinates>-70.8663233,-33.1927233,0 -70.8657166,-33.19587,0</coordinates></LineString></Placemark><Placemark><name>Trabajado - Cuartel 654 - Hilera 726</name><Style><LineStyle><color>ff00ff00</color><width>3</width></LineStyle></Style><LineString><coordinates>-70.8657257141911,-33.19590156895812,0 -70.8655033,-33.19577,0</coordinates></LineString></Placemark><Placemark><name>Trabajado - Cuartel 654 - Hilera 727</name><Style><LineStyle><color>ff00ff00</color><width>3</width></LineStyle></Style><LineString><coordinates>-70.86572565617752,-33.195918511722304,0 -70.8663316,-33.1927899,0</coordinates></LineString></Placemark><Placemark><name>Trabajado - Cuartel 654 - Hilera 728</name><Style><LineStyle><color>ff00ff00</color><width>3</width></LineStyle></Style><LineString><coordinates>-70.8663316,-33.1927899,0 -70.8656816,-33.1958883,0</coordinates></LineString></Placemark><Placemark><name>Trabajado - Cuartel 654 - Hilera 729</name><Style><LineStyle><color>ff00ff00</color><width>3</width></LineStyle></Style><LineString><coordinates>-70.86567847047236,-33.195904334520485,0 -70.86630139395045,-33.192712709328674,0</coordinates></LineString></Placemark><Placemark><name>Trabajado - Cuartel 654 - Hilera 730</name><Style><LineStyle><color>ff00ff00</color><width>3</width></LineStyle></Style><LineString><coordinates>-70.86630646636931,-33.19269318465016,0 -70.86564050633939,-33.19584544376896,0</coordinates></LineString></Placemark><Placemark><name>Trabajado - Cuartel 654 - Hilera 732</name><Style><LineStyle><color>ff00ff00</color><width>3</width></LineStyle></Style><LineString><coordinates>-70.866385,-33.1926333,0 -70.8656033,-33.1958716,0</coordinates></LineString></Placemark><Placemark><name>Trabajado - Cuartel 654 - Hilera 733</name><Style><LineStyle><color>ff00ff00</color><width>3</width></LineStyle></Style><LineString><coordinates>-70.8655466,-33.195855,0 -70.866235,-33.1926483,0</coordinates></LineString></Placemark><Placemark><name>Trabajado - Cuartel 654 - Hilera 735</name><Style><LineStyle><color>ff00ff00</color><width>3</width></LineStyle></Style><LineString><coordinates>-70.8660416,-33.193305,0 -70.8655066,-33.1958033,0</coordinates></LineString></Placemark><Placemark><name>Trabajado - Cuartel 654 - Hilera 736</name><Style><LineStyle><color>ff00ff00</color><width>3</width></LineStyle></Style><LineString><coordinates>-70.8654499,-33.195775,0 -70.8655999,-33.1957716,0</coordinates></LineString></Placemark><Placemark><name>Trabajado - Cuartel 654 - Hilera 737</name><Style><LineStyle><color>ff00ff00</color><width>3</width></LineStyle></Style><LineString><coordinates>-70.86558864654388,-33.1958268455451,0 -70.86623688119681,-33.192644527477114,0</coordinates></LineString></Placemark><Placemark><name>Trabajado - Cuartel 654 - Hilera 750</name><Style><LineStyle><color>ff00ff00</color><width>3</width></LineStyle></Style><LineString><coordinates>-70.8655266,-33.1957133,0 -70.8661283,-33.1926266,0</coordinates></LineString></Placemark><Placemark><name>Trabajado - Cuartel 654 - Hilera 751</name><Style><LineStyle><color>ff00ff00</color><width>3</width></LineStyle></Style><LineString><coordinates>-70.8661283,-33.1926266,0 -70.86549021291665,-33.195716481033436,0</coordinates></LineString></Placemark><Placemark><name>Trabajado - Cuartel 654 - Hilera 752</name><Style><LineStyle><color>ff00ff00</color><width>3</width></LineStyle></Style><LineString><coordinates>-70.8653866,-33.195645,0 -70.86549,-33.1957499,0</coordinates></LineString></Placemark><Placemark><name>Trabajado - Cuartel 654 - Hilera 753</name><Style><LineStyle><color>ff00ff00</color><width>3</width></LineStyle></Style><LineString><coordinates>-70.8655416,-33.1956666,0 -70.86541,-33.1956816,0</coordinates></LineString></Placemark><Placemark><name>Trabajado - Cuartel 654 - Hilera 754</name><Style><LineStyle><color>ff00ff00</color><width>3</width></LineStyle></Style><LineString><coordinates>-70.8654483,-33.1957133,0 -70.8660716,-33.1925966,0</coordinates></LineString></Placemark><Placemark><name>Trabajado - Cuartel 654 - Hilera 755</name><Style><LineStyle><color>ff00ff00</color><width>3</width></LineStyle></Style><LineString><coordinates>-70.8658416,-33.193885,0 -70.8654383,-33.195645,0</coordinates></LineString></Placemark><Placemark><name>Trabajado - Cuartel 654 - Hilera 756</name><Style><LineStyle><color>ff00ff00</color><width>3</width></LineStyle></Style><LineString><coordinates>-70.865455,-33.1956599,0 -70.866035,-33.1926233,0</coordinates></LineString></Placemark><Placemark><name>Trabajado - Cuartel 654 - Hilera 757</name><Style><LineStyle><color>ff00ff00</color><width>3</width></LineStyle></Style><LineString><coordinates>-70.866035,-33.1926233,0 -70.8653999,-33.195665,0</coordinates></LineString></Placemark><Placemark><name>Trabajado - Cuartel 654 - Hilera 758</name><Style><LineStyle><color>ff00ff00</color><width>3</width></LineStyle></Style><LineString><coordinates>-70.8653999,-33.195665,0 -70.8659766,-33.1926699,0</coordinates></LineString></Placemark><Placemark><name>Trabajado - Cuartel 654 - Hilera 759</name><Style><LineStyle><color>ff00ff00</color><width>3</width></LineStyle></Style><LineString><coordinates>-70.866005,-33.1926516,0 -70.8653983,-33.1955916,0</coordinates></LineString></Placemark><Placemark><name>Trabajado - Cuartel 654 - Hilera 760</name><Style><LineStyle><color>ff00ff00</color><width>3</width></LineStyle></Style><LineString><coordinates>-70.86535924562025,-33.19563696221334,0 -70.86158715866952,-33.192441500019356,0</coordinates></LineString></Placemark><Placemark><name>Trabajado - Cuartel 654 - Hilera 761</name><Style><LineStyle><color>ff00ff00</color><width>3</width></LineStyle></Style><LineString><coordinates>-70.8653899,-33.1956233,0 -70.86594,-33.1926083,0</coordinates></LineString></Placemark><Placemark><name>Trabajado - Cuartel 654 - Hilera 762</name><Style><LineStyle><color>ff00ff00</color><width>3</width></LineStyle></Style><LineString><coordinates>-70.86596315943991,-33.19248974750996,0 -70.86534979933994,-33.195629519775636,0</coordinates></LineString></Placemark><Placemark><name>Trabajado - Cuartel 654 - Hilera 763</name><Style><LineStyle><color>ff00ff00</color><width>3</width></LineStyle></Style><LineString><coordinates>-70.8653033,-33.19556,0 -70.86594395046102,-33.19248691846908,0</coordinates></LineString></Placemark><Placemark><name>Trabajado - Cuartel 654 - Hilera 764</name><Style><LineStyle><color>ff00ff00</color><width>3</width></LineStyle></Style><LineString><coordinates>-70.8653033,-33.1955266,0 -70.865215,-33.1955066,0</coordinates></LineString></Placemark><Placemark><name>Trabajado - Cuartel 654 - Hilera 765</name><Style><LineStyle><color>ff00ff00</color><width>3</width></LineStyle></Style><LineString><coordinates>-70.86526,-33.1955483,0 -70.8658699,-33.19253,0</coordinates></LineString></Placemark><Placemark><name>Trabajado - Cuartel 654 - Hilera 766</name><Style><LineStyle><color>ff00ff00</color><width>3</width></LineStyle></Style><LineString><coordinates>-70.8658699,-33.19253,0 -70.8651666,-33.1955016,0</coordinates></LineString></Placemark><Placemark><name>Trabajado - Cuartel 654 - Hilera 767</name><Style><LineStyle><color>ff00ff00</color><width>3</width></LineStyle></Style><LineString><coordinates>-70.8652533,-33.1954866,0 -70.8657983,-33.1925616,0</coordinates></LineString></Placemark><Placemark><name>Trabajado - Cuartel 654 - Hilera 768</name><Style><LineStyle><color>ff00ff00</color><width>3</width></LineStyle></Style><LineString><coordinates>-70.8651716,-33.1954916,0 -70.8657533,-33.1924066,0</coordinates></LineString></Placemark><Placemark><name>Trabajado - Cuartel 654 - Hilera 769</name><Style><LineStyle><color>ff00ff00</color><width>3</width></LineStyle></Style><LineString><coordinates>-70.8657533,-33.1924066,0 -70.86513730413762,-33.19543980369116,0</coordinates></LineString></Placemark><Placemark><name>Trabajado - Cuartel 654 - Hilera 770</name><Style><LineStyle><color>ff00ff00</color><width>3</width></LineStyle></Style><LineString><coordinates>-70.8650866,-33.1953966,0 -70.8657316,-33.1924416,0</coordinates></LineString></Placemark><Placemark><name>Trabajado - Cuartel 654 - Hilera 771</name><Style><LineStyle><color>ff00ff00</color><width>3</width></LineStyle></Style><LineString><coordinates>-70.86513596520867,-33.19537894595209,0 -70.8656883,-33.1924583,0</coordinates></LineString></Placemark><Placemark><name>Trabajado - Cuartel 654 - Hilera 772</name><Style><LineStyle><color>ff00ff00</color><width>3</width></LineStyle></Style><LineString><coordinates>-70.8650416,-33.1953699,0 -70.86560834361325,-33.19244307476884,0</coordinates></LineString></Placemark><Placemark><name>Trabajado - Cuartel 654 - Hilera 773</name><Style><LineStyle><color>ff00ff00</color><width>3</width></LineStyle></Style><LineString><coordinates>-70.8655983,-33.1925883,0 -70.865015,-33.195325,0</coordinates></LineString></Placemark><Placemark><name>Trabajado - Cuartel 654 - Hilera 774</name><Style><LineStyle><color>ff00ff00</color><width>3</width></LineStyle></Style><LineString><coordinates>-70.8649766,-33.1953116,0 -70.8655283,-33.1924216,0</coordinates></LineString></Placemark><Placemark><name>Trabajado - Cuartel 654 - Hilera 775</name><Style><LineStyle><color>ff00ff00</color><width>3</width></LineStyle></Style><LineString><coordinates>-70.8649416,-33.195235,0 -70.8648299,-33.1951866,0</coordinates></LineString></Placemark><Placemark><name>Trabajado - Cuartel 654 - Hilera 776</name><Style><LineStyle><color>ff00ff00</color><width>3</width></LineStyle></Style><LineString><coordinates>-70.8649566,-33.19527,0 -70.8655316,-33.1924566,0</coordinates></LineString></Placemark><Placemark><name>Trabajado - Cuartel 654 - Hilera 777</name><Style><LineStyle><color>ff00ff00</color><width>3</width></LineStyle></Style><LineString><coordinates>-70.8649216,-33.1951549,0 -70.86546307019498,-33.192422808745036,0</coordinates></LineString></Placemark><Placemark><name>Trabajado - Cuartel 654 - Hilera 778</name><Style><LineStyle><color>ff00ff00</color><width>3</width></LineStyle></Style><LineString><coordinates>-70.86546,-33.1924383,0 -70.8648833,-33.1951399,0</coordinates></LineString></Placemark><Placemark><name>Trabajado - Cuartel 654 - Hilera 779</name><Style><LineStyle><color>ff00ff00</color><width>3</width></LineStyle></Style><LineString><coordinates>-70.8648366,-33.1951466,0 -70.86453957951636,-33.19497818938577,0</coordinates></LineString></Placemark><Placemark><name>Trabajado - Cuartel 654 - Hilera 781</name><Style><LineStyle><color>ff00ff00</color><width>3</width></LineStyle></Style><LineString><coordinates>-70.8654516,-33.192425,0 -70.8648316,-33.1951516,0</coordinates></LineString></Placemark><Placemark><name>Trabajado - Cuartel 654 - Hilera 782</name><Style><LineStyle><color>ff00ff00</color><width>3</width></LineStyle></Style><LineString><coordinates>-70.8648316,-33.1951516,0 -70.8647283,-33.1951133,0</coordinates></LineString></Placemark><Placemark><name>Trabajado - Cuartel 654 - Hilera 783</name><Style><LineStyle><color>ff00ff00</color><width>3</width></LineStyle></Style><LineString><coordinates>-70.8648083,-33.1951733,0 -70.8654199,-33.192335,0</coordinates></LineString></Placemark><Placemark><name>Trabajado - Cuartel 654 - Hilera 785</name><Style><LineStyle><color>ff00ff00</color><width>3</width></LineStyle></Style><LineString><coordinates>-70.8654066,-33.1923016,0 -70.8648383,-33.1951633,0</coordinates></LineString></Placemark><Placemark><name>Trabajado - Cuartel 654 - Hilera 786</name><Style><LineStyle><color>ff00ff00</color><width>3</width></LineStyle></Style><LineString><coordinates>-70.8648516,-33.1951783,0 -70.86537707367327,-33.19231550071554,0</coordinates></LineString></Placemark><Placemark><name>Trabajado - Cuartel 654 - Hilera 787</name><Style><LineStyle><color>ff00ff00</color><width>3</width></LineStyle></Style><LineString><coordinates>-70.86478884652378,-33.19517685189411,0 -70.86533,-33.192315,0</coordinates></LineString></Placemark><Placemark><name>Trabajado - Cuartel 654 - Hilera 788</name><Style><LineStyle><color>ff00ff00</color><width>3</width></LineStyle></Style><LineString><coordinates>-70.8653216,-33.192395,0 -70.864765,-33.195115,0</coordinates></LineString></Placemark><Placemark><name>Trabajado - Cuartel 654 - Hilera 789</name><Style><LineStyle><color>ff00ff00</color><width>3</width></LineStyle></Style><LineString><coordinates>-70.86471,-33.1951133,0 -70.86527893216487,-33.19226692734436,0</coordinates></LineString></Placemark><Placemark><name>Trabajado - Cuartel 654 - Hilera 791</name><Style><LineStyle><color>ff00ff00</color><width>3</width></LineStyle></Style><LineString><coordinates>-70.8646616,-33.1950149,0 -70.8651983,-33.19223,0</coordinates></LineString></Placemark><Placemark><name>Trabajado - Cuartel 654 - Hilera 793</name><Style><LineStyle><color>ff00ff00</color><width>3</width></LineStyle></Style><LineString><coordinates>-70.8646333,-33.1950266,0 -70.8652233,-33.1922,0</coordinates></LineString></Placemark><Placemark><name>Trabajado - Cuartel 654 - Hilera 794</name><Style><LineStyle><color>ff00ff00</color><width>3</width></LineStyle></Style><LineString><coordinates>-70.8646166,-33.1949733,0 -70.86412314822205,-33.19466103359283,0</coordinates></LineString></Placemark><Placemark><name>Trabajado - Cuartel 654 - Hilera 795</name><Style><LineStyle><color>ff00ff00</color><width>3</width></LineStyle></Style><LineString><coordinates>-70.8644216,-33.1948499,0 -70.8646299,-33.1948883,0</coordinates></LineString></Placemark><Placemark><name>Trabajado - Cuartel 654 - Hilera 796</name><Style><LineStyle><color>ff00ff00</color><width>3</width></LineStyle></Style><LineString><coordinates>-70.8646299,-33.1948883,0 -70.8650799,-33.19216,0</coordinates></LineString></Placemark><Placemark><name>Trabajado - Cuartel 654 - Hilera 798</name><Style><LineStyle><color>ff00ff00</color><width>3</width></LineStyle></Style><LineString><coordinates>-70.8651466,-33.1921983,0 -70.8646316,-33.1949166,0</coordinates></LineString></Placemark><Placemark><name>Trabajado - Cuartel 654 - Hilera 799</name><Style><LineStyle><color>ff00ff00</color><width>3</width></LineStyle></Style><LineString><coordinates>-70.8646316,-33.1949166,0 -70.86439320272872,-33.19482664476296,0</coordinates></LineString></Placemark><Placemark><name>Trabajado - Cuartel 654 - Hilera 800</name><Style><LineStyle><color>ff00ff00</color><width>3</width></LineStyle></Style><LineString><coordinates>-70.8644816,-33.19486,0 -70.8645749,-33.1949616,0</coordinates></LineString></Placemark><Placemark><name>Trabajado - Cuartel 654 - Hilera 801</name><Style><LineStyle><color>ff00ff00</color><width>3</width></LineStyle></Style><LineString><coordinates>-70.8645749,-33.1949616,0 -70.86514233029574,-33.19229800117364,0</coordinates></LineString></Placemark><Placemark><name>Trabajado - Cuartel 654 - Hilera 802</name><Style><LineStyle><color>ff00ff00</color><width>3</width></LineStyle></Style><LineString><coordinates>-70.864395,-33.1948233,0 -70.8645416,-33.1948483,0</coordinates></LineString></Placemark><Placemark><name>Trabajado - Cuartel 654 - Hilera 803</name><Style><LineStyle><color>ff00ff00</color><width>3</width></LineStyle></Style><LineString><coordinates>-70.86453954022994,-33.19485905011011,0 -70.8650583,-33.1921516,0</coordinates></LineString></Placemark><Placemark><name>Trabajado - Cuartel 654 - Hilera 806</name><Style><LineStyle><color>ff00ff00</color><width>3</width></LineStyle></Style><LineString><coordinates>-70.86506946388795,-33.19219420116648,0 -70.864505,-33.1948916,0</coordinates></LineString></Placemark><Placemark><name>Trabajado - Cuartel 654 - Hilera 807</name><Style><LineStyle><color>ff00ff00</color><width>3</width></LineStyle></Style><LineString><coordinates>-70.864485,-33.194895,0 -70.86499827627001,-33.19210703649388,0</coordinates></LineString></Placemark><Placemark><name>Trabajado - Cuartel 654 - Hilera 808</name><Style><LineStyle><color>ff00ff00</color><width>3</width></LineStyle></Style><LineString><coordinates>-70.86499926285788,-33.19210725125118,0 -70.86441350952289,-33.194862838679256,0</coordinates></LineString></Placemark><Placemark><name>Trabajado - Cuartel 654 - Hilera 809</name><Style><LineStyle><color>ff00ff00</color><width>3</width></LineStyle></Style><LineString><coordinates>-70.8642299,-33.1946783,0 -70.86441,-33.1948933,0</coordinates></LineString></Placemark><Placemark><name>Trabajado - Cuartel 654 - Hilera 810</name><Style><LineStyle><color>ff00ff00</color><width>3</width></LineStyle></Style><LineString><coordinates>-70.8643916,-33.19484,0 -70.8649166,-33.192065,0</coordinates></LineString></Placemark><Placemark><name>Trabajado - Cuartel 654 - Hilera 811</name><Style><LineStyle><color>ff00ff00</color><width>3</width></LineStyle></Style><LineString><coordinates>-70.8649249,-33.1920683,0 -70.8643533,-33.1948433,0</coordinates></LineString></Placemark><Placemark><name>Trabajado - Cuartel 654 - Hilera 812</name><Style><LineStyle><color>ff00ff00</color><width>3</width></LineStyle></Style><LineString><coordinates>-70.8643133,-33.194835,0 -70.8642733,-33.1947633,0</coordinates></LineString></Placemark><Placemark><name>Trabajado - Cuartel 654 - Hilera 813</name><Style><LineStyle><color>ff00ff00</color><width>3</width></LineStyle></Style><LineString><coordinates>-70.8644149,-33.1948033,0 -70.8649383,-33.1920816,0</coordinates></LineString></Placemark><Placemark><name>Trabajado - Cuartel 654 - Hilera 814</name><Style><LineStyle><color>ff00ff00</color><width>3</width></LineStyle></Style><LineString><coordinates>-70.8643233,-33.19481,0 -70.864845,-33.1920716,0</coordinates></LineString></Placemark><Placemark><name>Trabajado - Cuartel 654 - Hilera 815</name><Style><LineStyle><color>ff00ff00</color><width>3</width></LineStyle></Style><LineString><coordinates>-70.864845,-33.1920716,0 -70.8642766,-33.1947616,0</coordinates></LineString></Placemark><Placemark><name>Trabajado - Cuartel 654 - Hilera 816</name><Style><LineStyle><color>ff00ff00</color><width>3</width></LineStyle></Style><LineString><coordinates>-70.86427458853382,-33.1948047622412,0 -70.86411960860335,-33.194665941355616,0</coordinates></LineString></Placemark><Placemark><name>Trabajado - Cuartel 654 - Hilera 817</name><Style><LineStyle><color>ff00ff00</color><width>3</width></LineStyle></Style><LineString><coordinates>-70.8648633,-33.19208,0 -70.86431,-33.19475,0</coordinates></LineString></Placemark><Placemark><name>Trabajado - Cuartel 654 - Hilera 818</name><Style><LineStyle><color>ff00ff00</color><width>3</width></LineStyle></Style><LineString><coordinates>-70.864225,-33.1947433,0 -70.86479353657998,-33.192034071680325,0</coordinates></LineString></Placemark><Placemark><name>Trabajado - Cuartel 654 - Hilera 820</name><Style><LineStyle><color>ff00ff00</color><width>3</width></LineStyle></Style><LineString><coordinates>-70.8642666,-33.1946749,0 -70.864835,-33.1920699,0</coordinates></LineString></Placemark><Placemark><name>Trabajado - Cuartel 654 - Hilera 821</name><Style><LineStyle><color>ff00ff00</color><width>3</width></LineStyle></Style><LineString><coordinates>-70.8641899,-33.1946666,0 -70.8647383,-33.1919866,0</coordinates></LineString></Placemark><Placemark><name>Trabajado - Cuartel 654 - Hilera 822</name><Style><LineStyle><color>ff00ff00</color><width>3</width></LineStyle></Style><LineString><coordinates>-70.8641783,-33.1945966,0 -70.8640833,-33.1945566,0</coordinates></LineString></Placemark><Placemark><name>Trabajado - Cuartel 654 - Hilera 823</name><Style><LineStyle><color>ff00ff00</color><width>3</width></LineStyle></Style><LineString><coordinates>-70.86471129965842,-33.19200633173524,0 -70.86422617178928,-33.194654531333,0</coordinates></LineString></Placemark><Placemark><name>Trabajado - Cuartel 654 - Hilera 824</name><Style><LineStyle><color>ff00ff00</color><width>3</width></LineStyle></Style><LineString><coordinates>-70.8641616,-33.19461,0 -70.86469096672398,-33.19190467170883,0</coordinates></LineString></Placemark><Placemark><name>Trabajado - Cuartel 654 - Hilera 825</name><Style><LineStyle><color>ff00ff00</color><width>3</width></LineStyle></Style><LineString><coordinates>-70.86466,-33.19195,0 -70.8641549,-33.1945566,0</coordinates></LineString></Placemark><Placemark><name>Trabajado - Cuartel 654 - Hilera 826</name><Style><LineStyle><color>ff00ff00</color><width>3</width></LineStyle></Style><LineString><coordinates>-70.8641316,-33.19456,0 -70.863275,-33.1938383,0</coordinates></LineString></Placemark><Placemark><name>Trabajado - Cuartel 654 - Hilera 827</name><Style><LineStyle><color>ff00ff00</color><width>3</width></LineStyle></Style><LineString><coordinates>-70.864705,-33.1919066,0 -70.864105,-33.1945649,0</coordinates></LineString></Placemark><Placemark><name>Trabajado - Cuartel 654 - Hilera 828</name><Style><LineStyle><color>ff00ff00</color><width>3</width></LineStyle></Style><LineString><coordinates>-70.8640733,-33.1945399,0 -70.86463558461816,-33.19193788087534,0</coordinates></LineString></Placemark><Placemark><name>Trabajado - Cuartel 654 - Hilera 829</name><Style><LineStyle><color>ff00ff00</color><width>3</width></LineStyle></Style><LineString><coordinates>-70.86459931552201,-33.19193252564902,0 -70.86407112909457,-33.19452347595043,0</coordinates></LineString></Placemark><Placemark><name>Trabajado - Cuartel 654 - Hilera 830</name><Style><LineStyle><color>ff00ff00</color><width>3</width></LineStyle></Style><LineString><coordinates>-70.8640783,-33.1944883,0 -70.8639766,-33.1944433,0</coordinates></LineString></Placemark><Placemark><name>Trabajado - Cuartel 654 - Hilera 831</name><Style><LineStyle><color>ff00ff00</color><width>3</width></LineStyle></Style><LineString><coordinates>-70.8640083,-33.1944966,0 -70.86455758005056,-33.191823208041704,0</coordinates></LineString></Placemark><Placemark><name>Trabajado - Cuartel 654 - Hilera 832</name><Style><LineStyle><color>ff00ff00</color><width>3</width></LineStyle></Style><LineString><coordinates>-70.8640216,-33.1944333,0 -70.8639283,-33.1943983,0</coordinates></LineString></Placemark><Placemark><name>Trabajado - Cuartel 654 - Hilera 833</name><Style><LineStyle><color>ff00ff00</color><width>3</width></LineStyle></Style><LineString><coordinates>-70.863965,-33.19442,0 -70.864495,-33.1918066,0</coordinates></LineString></Placemark><Placemark><name>Trabajado - Cuartel 654 - Hilera 836</name><Style><LineStyle><color>ff00ff00</color><width>3</width></LineStyle></Style><LineString><coordinates>-70.8645066,-33.191795,0 -70.8639333,-33.1943766,0</coordinates></LineString></Placemark><Placemark><name>Trabajado - Cuartel 654 - Hilera 837</name><Style><LineStyle><color>ff00ff00</color><width>3</width></LineStyle></Style><LineString><coordinates>-70.8638699,-33.1943416,0 -70.8644066,-33.1918216,0</coordinates></LineString></Placemark><Placemark><name>Trabajado - Cuartel 654 - Hilera 838</name><Style><LineStyle><color>ff00ff00</color><width>3</width></LineStyle></Style><LineString><coordinates>-70.86390315766016,-33.19435251727341,0 -70.8644116,-33.1918,0</coordinates></LineString></Placemark><Placemark><name>Trabajado - Cuartel 654 - Hilera 854</name><Style><LineStyle><color>ff00ff00</color><width>3</width></LineStyle></Style><LineString><coordinates>-70.8643816,-33.1917699,0 -70.863845,-33.1943216,0</coordinates></LineString></Placemark><Placemark><name>Trabajado - Cuartel 654 - Hilera 856</name><Style><LineStyle><color>ff00ff00</color><width>3</width></LineStyle></Style><LineString><coordinates>-70.86388,-33.1941783,0 -70.86427,-33.191885,0</coordinates></LineString></Placemark><Placemark><name>Trabajado - Cuartel 654 - Hilera 857</name><Style><LineStyle><color>ff00ff00</color><width>3</width></LineStyle></Style><LineString><coordinates>-70.86427,-33.191885,0 -70.8637816,-33.1943133,0</coordinates></LineString></Placemark><Placemark><name>Trabajado - Cuartel 654 - Hilera 858</name><Style><LineStyle><color>ff00ff00</color><width>3</width></LineStyle></Style><LineString><coordinates>-70.86381209606904,-33.19432711338314,0 -70.86429890052736,-33.1917994226956,0</coordinates></LineString></Placemark><Placemark><name>Trabajado - Cuartel 654 - Hilera 859</name><Style><LineStyle><color>ff00ff00</color><width>3</width></LineStyle></Style><LineString><coordinates>-70.863755,-33.1942366,0 -70.8642616,-33.1917349,0</coordinates></LineString></Placemark><Placemark><name>Trabajado - Cuartel 654 - Hilera 861</name><Style><LineStyle><color>ff00ff00</color><width>3</width></LineStyle></Style><LineString><coordinates>-70.86378584905812,-33.194292214590185,0 -70.8642466,-33.1917283,0</coordinates></LineString></Placemark><Placemark><name>Trabajado - Cuartel 654 - Hilera 863</name><Style><LineStyle><color>ff00ff00</color><width>3</width></LineStyle></Style><LineString><coordinates>-70.863665,-33.1942283,0 -70.8641749,-33.1918283,0</coordinates></LineString></Placemark><Placemark><name>Trabajado - Cuartel 654 - Hilera 864</name><Style><LineStyle><color>ff00ff00</color><width>3</width></LineStyle></Style><LineString><coordinates>-70.8635183,-33.1940933,0 -70.863695,-33.1942,0</coordinates></LineString></Placemark><Placemark><name>Trabajado - Cuartel 654 - Hilera 865</name><Style><LineStyle><color>ff00ff00</color><width>3</width></LineStyle></Style><LineString><coordinates>-70.8639783,-33.1928366,0 -70.8641633,-33.191705,0</coordinates></LineString></Placemark><Placemark><name>Trabajado - Cuartel 654 - Hilera 866</name><Style><LineStyle><color>ff00ff00</color><width>3</width></LineStyle></Style><LineString><coordinates>-70.8641683,-33.19171,0 -70.86368695980364,-33.19423253258669,0</coordinates></LineString></Placemark><Placemark><name>Trabajado - Cuartel 654 - Hilera 867</name><Style><LineStyle><color>ff00ff00</color><width>3</width></LineStyle></Style><LineString><coordinates>-70.8636366,-33.1942266,0 -70.8636066,-33.1941549,0</coordinates></LineString></Placemark><Placemark><name>Trabajado - Cuartel 654 - Hilera 868</name><Style><LineStyle><color>ff00ff00</color><width>3</width></LineStyle></Style><LineString><coordinates>-70.8636066,-33.1941549,0 -70.86406526937775,-33.19166966758396,0</coordinates></LineString></Placemark><Placemark><name>Trabajado - Cuartel 654 - Hilera 869</name><Style><LineStyle><color>ff00ff00</color><width>3</width></LineStyle></Style><LineString><coordinates>-70.863745,-33.193405,0 -70.8637983,-33.1933283,0</coordinates></LineString></Placemark><Placemark><name>Trabajado - Cuartel 654 - Hilera 870</name><Style><LineStyle><color>ff00ff00</color><width>3</width></LineStyle></Style><LineString><coordinates>-70.86363530321756,-33.19421777853543,0 -70.8640981527409,-33.191691994222474,0</coordinates></LineString></Placemark><Placemark><name>Trabajado - Cuartel 654 - Hilera 871</name><Style><LineStyle><color>ff00ff00</color><width>3</width></LineStyle></Style><LineString><coordinates>-70.86409266954159,-33.19172821081467,0 -70.86360868364211,-33.19413076157591,0</coordinates></LineString></Placemark><Placemark><name>Trabajado - Cuartel 654 - Hilera 874</name><Style><LineStyle><color>ff00ff00</color><width>3</width></LineStyle></Style><LineString><coordinates>-70.8638366,-33.1928583,0 -70.8641083,-33.1916933,0</coordinates></LineString></Placemark><Placemark><name>Trabajado - Cuartel 654 - Hilera 876</name><Style><LineStyle><color>ff00ff00</color><width>3</width></LineStyle></Style><LineString><coordinates>-70.86356641464783,-33.19406606929606,0 -70.864,-33.1917116,0</coordinates></LineString></Placemark><Placemark><name>Trabajado - Cuartel 654 - Hilera 877</name><Style><LineStyle><color>ff00ff00</color><width>3</width></LineStyle></Style><LineString><coordinates>-70.86401490730042,-33.191644328174256,0 -70.8634833,-33.1940433,0</coordinates></LineString></Placemark><Placemark><name>Trabajado - Cuartel 654 - Hilera 878</name><Style><LineStyle><color>ff00ff00</color><width>3</width></LineStyle></Style><LineString><coordinates>-70.8634233,-33.1940216,0 -70.86357,-33.1940883,0</coordinates></LineString></Placemark><Placemark><name>Trabajado - Cuartel 654 - Hilera 879</name><Style><LineStyle><color>ff00ff00</color><width>3</width></LineStyle></Style><LineString><coordinates>-70.8634967159304,-33.19404212065968,0 -70.863935,-33.1916016,0</coordinates></LineString></Placemark><Placemark><name>Trabajado - Cuartel 654 - Hilera 880</name><Style><LineStyle><color>ff00ff00</color><width>3</width></LineStyle></Style><LineString><coordinates>-70.8634983,-33.1939733,0 -70.8631061344964,-33.193760368656186,0</coordinates></LineString></Placemark><Placemark><name>Trabajado - Cuartel 654 - Hilera 881</name><Style><LineStyle><color>ff00ff00</color><width>3</width></LineStyle></Style><LineString><coordinates>-70.8633633,-33.1939,0 -70.8634616,-33.1940366,0</coordinates></LineString></Placemark><Placemark><name>Trabajado - Cuartel 654 - Hilera 882</name><Style><LineStyle><color>ff00ff00</color><width>3</width></LineStyle></Style><LineString><coordinates>-70.863435,-33.1939783,0 -70.8639028916659,-33.1915243093591,0</coordinates></LineString></Placemark><Placemark><name>Trabajado - Cuartel 654 - Hilera 883</name><Style><LineStyle><color>ff00ff00</color><width>3</width></LineStyle></Style><LineString><coordinates>-70.863795,-33.1922416,0 -70.8634016,-33.1939566,0</coordinates></LineString></Placemark><Placemark><name>Trabajado - Cuartel 654 - Hilera 884</name><Style><LineStyle><color>ff00ff00</color><width>3</width></LineStyle></Style><LineString><coordinates>-70.86392,-33.1915266,0 -70.86346,-33.1939516,0</coordinates></LineString></Placemark><Placemark><name>Trabajado - Cuartel 654 - Hilera 885</name><Style><LineStyle><color>ff00ff00</color><width>3</width></LineStyle></Style><LineString><coordinates>-70.8633766,-33.1939449,0 -70.86362,-33.1929066,0</coordinates></LineString></Placemark><Placemark><name>Trabajado - Cuartel 654 - Hilera 886</name><Style><LineStyle><color>ff00ff00</color><width>3</width></LineStyle></Style><LineString><coordinates>-70.86340779458972,-33.19383152909153,0 -70.86387436266195,-33.191496255066816,0</coordinates></LineString></Placemark><Placemark><name>Trabajado - Cuartel 654 - Hilera 887</name><Style><LineStyle><color>ff00ff00</color><width>3</width></LineStyle></Style><LineString><coordinates>-70.86385821916907,-33.191493999263635,0 -70.86336687984524,-33.19392121963155,0</coordinates></LineString></Placemark><Placemark><name>Trabajado - Cuartel 654 - Hilera 889</name><Style><LineStyle><color>ff00ff00</color><width>3</width></LineStyle></Style><LineString><coordinates>-70.8632866,-33.19385,0 -70.8634916,-33.19306,0</coordinates></LineString></Placemark><Placemark><name>Trabajado - Cuartel 654 - Hilera 890</name><Style><LineStyle><color>ff00ff00</color><width>3</width></LineStyle></Style><LineString><coordinates>-70.86334695818111,-33.19388158853184,0 -70.8637683,-33.1914883,0</coordinates></LineString></Placemark><Placemark><name>Trabajado - Cuartel 654 - Hilera 893</name><Style><LineStyle><color>ff00ff00</color><width>3</width></LineStyle></Style><LineString><coordinates>-70.86160748665446,-33.192372074861666,0 -70.86164042511321,-33.19249449848943,0</coordinates></LineString></Placemark><Placemark><name>Trabajado - Cuartel 654 - Hilera 895</name><Style><LineStyle><color>ff00ff00</color><width>3</width></LineStyle></Style><LineString><coordinates>-70.8631283,-33.1936983,0 -70.8631666,-33.1938,0</coordinates></LineString></Placemark><Placemark><name>Trabajado - Cuartel 654 - Hilera 896</name><Style><LineStyle><color>ff00ff00</color><width>3</width></LineStyle></Style><LineString><coordinates>-70.8616049,-33.19238,0 -70.86376572248088,-33.19145143935923,0</coordinates></LineString></Placemark><Placemark><name>Trabajado - Cuartel 654 - Hilera 897</name><Style><LineStyle><color>ff00ff00</color><width>3</width></LineStyle></Style><LineString><coordinates>-70.863775,-33.1914666,0 -70.8632816,-33.1938366,0</coordinates></LineString></Placemark><Placemark><name>Trabajado - Cuartel 654 - Hilera 898</name><Style><LineStyle><color>ff00ff00</color><width>3</width></LineStyle></Style><LineString><coordinates>-70.8616583,-33.192505,0 -70.8616966,-33.1923116,0</coordinates></LineString></Placemark><Placemark><name>Trabajado - Cuartel 654 - Hilera 899</name><Style><LineStyle><color>ff00ff00</color><width>3</width></LineStyle></Style><LineString><coordinates>-70.8616383,-33.1924949,0 -70.8617433,-33.1922666,0</coordinates></LineString></Placemark><Placemark><name>Trabajado - Cuartel 654 - Hilera 900</name><Style><LineStyle><color>ff00ff00</color><width>3</width></LineStyle></Style><LineString><coordinates>-70.8617433,-33.1922666,0 -70.8617416,-33.1925233,0</coordinates></LineString></Placemark><Placemark><name>Trabajado - Cuartel 654 - Hilera 901</name><Style><LineStyle><color>ff00ff00</color><width>3</width></LineStyle></Style><LineString><coordinates>-70.86173035990006,-33.192558096341685,0 -70.86182912291255,-33.192252352482946,0</coordinates></LineString></Placemark><Placemark><name>Trabajado - Cuartel 654 - Hilera 902</name><Style><LineStyle><color>ff00ff00</color><width>3</width></LineStyle></Style><LineString><coordinates>-70.8618333,-33.1922533,0 -70.86185,-33.1925083,0</coordinates></LineString></Placemark><Placemark><name>Trabajado - Cuartel 654 - Hilera 903</name><Style><LineStyle><color>ff00ff00</color><width>3</width></LineStyle></Style><LineString><coordinates>-70.86185,-33.1925083,0 -70.86196,-33.1921983,0</coordinates></LineString></Placemark><Placemark><name>Trabajado - Cuartel 654 - Hilera 904</name><Style><LineStyle><color>ff00ff00</color><width>3</width></LineStyle></Style><LineString><coordinates>-70.86196,-33.1921983,0 -70.86188,-33.1923033,0</coordinates></LineString></Placemark><Placemark><name>Trabajado - Cuartel 654 - Hilera 905</name><Style><LineStyle><color>ff00ff00</color><width>3</width></LineStyle></Style><LineString><coordinates>-70.86188929533006,-33.19222738813781,0 -70.86184636480559,-33.192577987421075,0</coordinates></LineString></Placemark><Placemark><name>Trabajado - Cuartel 654 - Hilera 906</name><Style><LineStyle><color>ff00ff00</color><width>3</width></LineStyle></Style><LineString><coordinates>-70.8619166,-33.19223,0 -70.8619566,-33.19236,0</coordinates></LineString></Placemark><Placemark><name>Trabajado - Cuartel 654 - Hilera 907</name><Style><LineStyle><color>ff00ff00</color><width>3</width></LineStyle></Style><LineString><coordinates>-70.86200371503845,-33.19218431980036,0 -70.86186857712171,-33.19268821530742,0</coordinates></LineString></Placemark><Placemark><name>Trabajado - Cuartel 654 - Hilera 908</name><Style><LineStyle><color>ff00ff00</color><width>3</width></LineStyle></Style><LineString><coordinates>-70.8620427674503,-33.19215790331851,0 -70.86191739081731,-33.19268261580825,0</coordinates></LineString></Placemark><Placemark><name>Trabajado - Cuartel 654 - Hilera 909</name><Style><LineStyle><color>ff00ff00</color><width>3</width></LineStyle></Style><LineString><coordinates>-70.8619433,-33.1926966,0 -70.8621033,-33.1921416,0</coordinates></LineString></Placemark><Placemark><name>Trabajado - Cuartel 654 - Hilera 910</name><Style><LineStyle><color>ff00ff00</color><width>3</width></LineStyle></Style><LineString><coordinates>-70.8621233,-33.1921383,0 -70.862035,-33.1921566,0</coordinates></LineString></Placemark><Placemark><name>Trabajado - Cuartel 654 - Hilera 911</name><Style><LineStyle><color>ff00ff00</color><width>3</width></LineStyle></Style><LineString><coordinates>-70.86197,-33.19268,0 -70.86201,-33.1925616,0</coordinates></LineString></Placemark><Placemark><name>Trabajado - Cuartel 654 - Hilera 912</name><Style><LineStyle><color>ff00ff00</color><width>3</width></LineStyle></Style><LineString><coordinates>-70.86202147400711,-33.192706022828595,0 -70.8619916,-33.19233,0</coordinates></LineString></Placemark><Placemark><name>Trabajado - Cuartel 654 - Hilera 913</name><Style><LineStyle><color>ff00ff00</color><width>3</width></LineStyle></Style><LineString><coordinates>-70.8619916,-33.19233,0 -70.86219653280688,-33.192127690333045,0</coordinates></LineString></Placemark><Placemark><name>Trabajado - Cuartel 654 - Hilera 914</name><Style><LineStyle><color>ff00ff00</color><width>3</width></LineStyle></Style><LineString><coordinates>-70.8621166,-33.1922066,0 -70.86203,-33.1926,0</coordinates></LineString></Placemark><Placemark><name>Trabajado - Cuartel 654 - Hilera 915</name><Style><LineStyle><color>ff00ff00</color><width>3</width></LineStyle></Style><LineString><coordinates>-70.86201673184868,-33.19279865001242,0 -70.862195,-33.1921266,0</coordinates></LineString></Placemark><Placemark><name>Trabajado - Cuartel 654 - Hilera 916</name><Style><LineStyle><color>ff00ff00</color><width>3</width></LineStyle></Style><LineString><coordinates>-70.8621266,-33.1921783,0 -70.8620266,-33.1927566,0</coordinates></LineString></Placemark><Placemark><name>Trabajado - Cuartel 654 - Hilera 917</name><Style><LineStyle><color>ff00ff00</color><width>3</width></LineStyle></Style><LineString><coordinates>-70.8620866,-33.1925416,0 -70.8620799,-33.192715,0</coordinates></LineString></Placemark><Placemark><name>Trabajado - Cuartel 654 - Hilera 918</name><Style><LineStyle><color>ff00ff00</color><width>3</width></LineStyle></Style><LineString><coordinates>-70.86210647497894,-33.192715527959315,0 -70.86224830140074,-33.19211660023292,0</coordinates></LineString></Placemark><Placemark><name>Trabajado - Cuartel 654 - Hilera 919</name><Style><LineStyle><color>ff00ff00</color><width>3</width></LineStyle></Style><LineString><coordinates>-70.862215,-33.1924216,0 -70.8621299,-33.1924633,0</coordinates></LineString></Placemark><Placemark><name>Trabajado - Cuartel 654 - Hilera 920</name><Style><LineStyle><color>ff00ff00</color><width>3</width></LineStyle></Style><LineString><coordinates>-70.86216079941346,-33.19217091720424,0 -70.86210298981842,-33.19271793506399,0</coordinates></LineString></Placemark><Placemark><name>Trabajado - Cuartel 654 - Hilera 921</name><Style><LineStyle><color>ff00ff00</color><width>3</width></LineStyle></Style><LineString><coordinates>-70.8622499,-33.1921133,0 -70.8621533,-33.1928816,0</coordinates></LineString></Placemark><Placemark><name>Trabajado - Cuartel 654 - Hilera 922</name><Style><LineStyle><color>ff00ff00</color><width>3</width></LineStyle></Style><LineString><coordinates>-70.8621433,-33.1928766,0 -70.862322015397,-33.19206500870338,0</coordinates></LineString></Placemark><Placemark><name>Trabajado - Cuartel 654 - Hilera 923</name><Style><LineStyle><color>ff00ff00</color><width>3</width></LineStyle></Style><LineString><coordinates>-70.8623633,-33.1920699,0 -70.8621549,-33.1928466,0</coordinates></LineString></Placemark><Placemark><name>Trabajado - Cuartel 654 - Hilera 924</name><Style><LineStyle><color>ff00ff00</color><width>3</width></LineStyle></Style><LineString><coordinates>-70.862315,-33.192065,0 -70.8622083,-33.1929083,0</coordinates></LineString></Placemark><Placemark><name>Trabajado - Cuartel 654 - Hilera 925</name><Style><LineStyle><color>ff00ff00</color><width>3</width></LineStyle></Style><LineString><coordinates>-70.8622083,-33.1929083,0 -70.8623983,-33.19204,0</coordinates></LineString></Placemark><Placemark><name>Trabajado - Cuartel 654 - Hilera 926</name><Style><LineStyle><color>ff00ff00</color><width>3</width></LineStyle></Style><LineString><coordinates>-70.8623983,-33.19204,0 -70.8621666,-33.1929266,0</coordinates></LineString></Placemark><Placemark><name>Trabajado - Cuartel 654 - Hilera 927</name><Style><LineStyle><color>ff00ff00</color><width>3</width></LineStyle></Style><LineString><coordinates>-70.8623883,-33.19205,0 -70.86272,-33.1919433,0</coordinates></LineString></Placemark><Placemark><name>Trabajado - Cuartel 654 - Hilera 944</name><Style><LineStyle><color>ff00ff00</color><width>3</width></LineStyle></Style><LineString><coordinates>-70.8624283,-33.191955,0 -70.86227,-33.1929516,0</coordinates></LineString></Placemark><Placemark><name>Trabajado - Cuartel 654 - Hilera 945</name><Style><LineStyle><color>ff00ff00</color><width>3</width></LineStyle></Style><LineString><coordinates>-70.86244,-33.192025,0 -70.8622583,-33.1929466,0</coordinates></LineString></Placemark><Placemark><name>Trabajado - Cuartel 654 - Hilera 946</name><Style><LineStyle><color>ff00ff00</color><width>3</width></LineStyle></Style><LineString><coordinates>-70.8622583,-33.1929466,0 -70.8625116,-33.1919816,0</coordinates></LineString></Placemark><Placemark><name>Trabajado - Cuartel 654 - Hilera 947</name><Style><LineStyle><color>ff00ff00</color><width>3</width></LineStyle></Style><LineString><coordinates>-70.86253517588058,-33.19198830656466,0 -70.86233192971159,-33.19295114488091,0</coordinates></LineString></Placemark><Placemark><name>Trabajado - Cuartel 654 - Hilera 948</name><Style><LineStyle><color>ff00ff00</color><width>3</width></LineStyle></Style><LineString><coordinates>-70.86232607803953,-33.193004499114735,0 -70.8625,-33.1919733,0</coordinates></LineString></Placemark><Placemark><name>Trabajado - Cuartel 654 - Hilera 949</name><Style><LineStyle><color>ff00ff00</color><width>3</width></LineStyle></Style><LineString><coordinates>-70.86256321283527,-33.19191158883161,0 -70.86236128723061,-33.19301825992496,0</coordinates></LineString></Placemark><Placemark><name>Trabajado - Cuartel 654 - Hilera 950</name><Style><LineStyle><color>ff00ff00</color><width>3</width></LineStyle></Style><LineString><coordinates>-70.862385,-33.1928883,0 -70.862545,-33.1923066,0</coordinates></LineString></Placemark><Placemark><name>Trabajado - Cuartel 654 - Hilera 952</name><Style><LineStyle><color>ff00ff00</color><width>3</width></LineStyle></Style><LineString><coordinates>-70.8624733,-33.1921516,0 -70.8625633,-33.1919116,0</coordinates></LineString></Placemark><Placemark><name>Trabajado - Cuartel 654 - Hilera 953</name><Style><LineStyle><color>ff00ff00</color><width>3</width></LineStyle></Style><LineString><coordinates>-70.86239290263543,-33.19303459889604,0 -70.8625633,-33.1919316,0</coordinates></LineString></Placemark><Placemark><name>Trabajado - Cuartel 654 - Hilera 954</name><Style><LineStyle><color>ff00ff00</color><width>3</width></LineStyle></Style><LineString><coordinates>-70.86266558379253,-33.191881038072715,0 -70.86243975899058,-33.19312732449248,0</coordinates></LineString></Placemark><Placemark><name>Trabajado - Cuartel 654 - Hilera 955</name><Style><LineStyle><color>ff00ff00</color><width>3</width></LineStyle></Style><LineString><coordinates>-70.862665,-33.1918733,0 -70.8624083,-33.1930566,0</coordinates></LineString></Placemark><Placemark><name>Trabajado - Cuartel 654 - Hilera 956</name><Style><LineStyle><color>ff00ff00</color><width>3</width></LineStyle></Style><LineString><coordinates>-70.8623833,-33.1930716,0 -70.862635,-33.1919199,0</coordinates></LineString></Placemark><Placemark><name>Trabajado - Cuartel 654 - Hilera 957</name><Style><LineStyle><color>ff00ff00</color><width>3</width></LineStyle></Style><LineString><coordinates>-70.8627516,-33.1919366,0 -70.8625116,-33.1931516,0</coordinates></LineString></Placemark><Placemark><name>Trabajado - Cuartel 654 - Hilera 958</name><Style><LineStyle><color>ff00ff00</color><width>3</width></LineStyle></Style><LineString><coordinates>-70.8625116,-33.1931516,0 -70.8626883,-33.1918016,0</coordinates></LineString></Placemark><Placemark><name>Trabajado - Cuartel 654 - Hilera 959</name><Style><LineStyle><color>ff00ff00</color><width>3</width></LineStyle></Style><LineString><coordinates>-70.86254405244664,-33.19313926490431,0 -70.8627683,-33.1918866,0</coordinates></LineString></Placemark><Placemark><name>Trabajado - Cuartel 654 - Hilera 960</name><Style><LineStyle><color>ff00ff00</color><width>3</width></LineStyle></Style><LineString><coordinates>-70.8628116,-33.19188,0 -70.862615,-33.1932433,0</coordinates></LineString></Placemark><Placemark><name>Trabajado - Cuartel 654 - Hilera 961</name><Style><LineStyle><color>ff00ff00</color><width>3</width></LineStyle></Style><LineString><coordinates>-70.862615,-33.1932433,0 -70.8628433,-33.1919083,0</coordinates></LineString></Placemark><Placemark><name>Trabajado - Cuartel 654 - Hilera 962</name><Style><LineStyle><color>ff00ff00</color><width>3</width></LineStyle></Style><LineString><coordinates>-70.8626416,-33.193185,0 -70.8628783,-33.1918433,0</coordinates></LineString></Placemark><Placemark><name>Trabajado - Cuartel 654 - Hilera 963</name><Style><LineStyle><color>ff00ff00</color><width>3</width></LineStyle></Style><LineString><coordinates>-70.8629249,-33.1918383,0 -70.8626683,-33.1932966,0</coordinates></LineString></Placemark><Placemark><name>Trabajado - Cuartel 654 - Hilera 964</name><Style><LineStyle><color>ff00ff00</color><width>3</width></LineStyle></Style><LineString><coordinates>-70.8626716,-33.193235,0 -70.8629583,-33.1918083,0</coordinates></LineString></Placemark><Placemark><name>Trabajado - Cuartel 654 - Hilera 965</name><Style><LineStyle><color>ff00ff00</color><width>3</width></LineStyle></Style><LineString><coordinates>-70.8630183,-33.1917733,0 -70.86273402027757,-33.19335486771197,0</coordinates></LineString></Placemark><Placemark><name>Trabajado - Cuartel 654 - Hilera 966</name><Style><LineStyle><color>ff00ff00</color><width>3</width></LineStyle></Style><LineString><coordinates>-70.8627216,-33.1933533,0 -70.8630583,-33.1917616,0</coordinates></LineString></Placemark><Placemark><name>Trabajado - Cuartel 654 - Hilera 967</name><Style><LineStyle><color>ff00ff00</color><width>3</width></LineStyle></Style><LineString><coordinates>-70.8631,-33.1917583,0 -70.86277596103386,-33.19344423891744,0</coordinates></LineString></Placemark><Placemark><name>Trabajado - Cuartel 654 - Hilera 968</name><Style><LineStyle><color>ff00ff00</color><width>3</width></LineStyle></Style><LineString><coordinates>-70.8627816,-33.193445,0 -70.8627733,-33.193225,0</coordinates></LineString></Placemark><Placemark><name>Trabajado - Cuartel 654 - Hilera 970</name><Style><LineStyle><color>ff00ff00</color><width>3</width></LineStyle></Style><LineString><coordinates>-70.8628633,-33.1931149,0 -70.863165,-33.1917266,0</coordinates></LineString></Placemark><Placemark><name>Trabajado - Cuartel 654 - Hilera 971</name><Style><LineStyle><color>ff00ff00</color><width>3</width></LineStyle></Style><LineString><coordinates>-70.863165,-33.1917266,0 -70.8628583,-33.193475,0</coordinates></LineString></Placemark><Placemark><name>Trabajado - Cuartel 654 - Hilera 972</name><Style><LineStyle><color>ff00ff00</color><width>3</width></LineStyle></Style><LineString><coordinates>-70.8628583,-33.193475,0 -70.8632033,-33.1916949,0</coordinates></LineString></Placemark><Placemark><name>Trabajado - Cuartel 654 - Hilera 973</name><Style><LineStyle><color>ff00ff00</color><width>3</width></LineStyle></Style><LineString><coordinates>-70.86322326459923,-33.1917353103598,0 -70.86291481685747,-33.19353078617122,0</coordinates></LineString></Placemark><Placemark><name>Trabajado - Cuartel 654 - Hilera 974</name><Style><LineStyle><color>ff00ff00</color><width>3</width></LineStyle></Style><LineString><coordinates>-70.862935,-33.1934133,0 -70.8633083,-33.1917433,0</coordinates></LineString></Placemark><Placemark><name>Trabajado - Cuartel 654 - Hilera 975</name><Style><LineStyle><color>ff00ff00</color><width>3</width></LineStyle></Style><LineString><coordinates>-70.8631183,-33.192305,0 -70.8632816,-33.1916949,0</coordinates></LineString></Placemark><Placemark><name>Trabajado - Cuartel 654 - Hilera 976</name><Style><LineStyle><color>ff00ff00</color><width>3</width></LineStyle></Style><LineString><coordinates>-70.8633116,-33.1916633,0 -70.86295829878692,-33.19354660646644,0</coordinates></LineString></Placemark><Placemark><name>Trabajado - Cuartel 654 - Hilera 978</name><Style><LineStyle><color>ff00ff00</color><width>3</width></LineStyle></Style><LineString><coordinates>-70.8630116,-33.193485,0 -70.8633216,-33.1916816,0</coordinates></LineString></Placemark><Placemark><name>Trabajado - Cuartel 654 - Hilera 979</name><Style><LineStyle><color>ff00ff00</color><width>3</width></LineStyle></Style><LineString><coordinates>-70.863015,-33.1929266,0 -70.862965,-33.1935816,0</coordinates></LineString></Placemark><Placemark><name>Trabajado - Cuartel 654 - Hilera 980</name><Style><LineStyle><color>ff00ff00</color><width>3</width></LineStyle></Style><LineString><coordinates>-70.862965,-33.1935816,0 -70.8633433,-33.1916466,0</coordinates></LineString></Placemark><Placemark><name>Trabajado - Cuartel 654 - Hilera 981</name><Style><LineStyle><color>ff00ff00</color><width>3</width></LineStyle></Style><LineString><coordinates>-70.8634049,-33.1916799,0 -70.86307107620414,-33.19364342848476,0</coordinates></LineString></Placemark><Placemark><name>Trabajado - Cuartel 654 - Hilera 983</name><Style><LineStyle><color>ff00ff00</color><width>3</width></LineStyle></Style><LineString><coordinates>-70.8631766,-33.1926183,0 -70.8630183,-33.193605,0</coordinates></LineString></Placemark><Placemark><name>Trabajado - Cuartel 654 - Hilera 984</name><Style><LineStyle><color>ff00ff00</color><width>3</width></LineStyle></Style><LineString><coordinates>-70.8630366,-33.1936399,0 -70.8634180883411,-33.19158983437261,0</coordinates></LineString></Placemark><Placemark><name>Trabajado - Cuartel 654 - Hilera 985</name><Style><LineStyle><color>ff00ff00</color><width>3</width></LineStyle></Style><LineString><coordinates>-70.8632733,-33.1921733,0 -70.8630249,-33.1936183,0</coordinates></LineString></Placemark><Placemark><name>Trabajado - Cuartel 654 - Hilera 986</name><Style><LineStyle><color>ff00ff00</color><width>3</width></LineStyle></Style><LineString><coordinates>-70.8634783,-33.1915766,0 -70.86309178620222,-33.19367458422515,0</coordinates></LineString></Placemark><Placemark><name>Trabajado - Cuartel 654 - Hilera 987</name><Style><LineStyle><color>ff00ff00</color><width>3</width></LineStyle></Style><LineString><coordinates>-70.8634933,-33.1916016,0 -70.86321094557422,-33.19313111150365,0</coordinates></LineString></Placemark><Placemark><name>Trabajado - Cuartel 654 - Hilera 988</name><Style><LineStyle><color>ff00ff00</color><width>3</width></LineStyle></Style><LineString><coordinates>-70.8633116,-33.1923383,0 -70.863245,-33.1930533,0</coordinates></LineString></Placemark><Placemark><name>Trabajado - Cuartel 654 - Hilera 990</name><Style><LineStyle><color>ff00ff00</color><width>3</width></LineStyle></Style><LineString><coordinates>-70.8635683,-33.191615,0 -70.8631583,-33.1937833,0</coordinates></LineString></Placemark><Placemark><name>Trabajado - Cuartel 654 - Hilera 991</name><Style><LineStyle><color>ff00ff00</color><width>3</width></LineStyle></Style><LineString><coordinates>-70.8631949,-33.1937466,0 -70.86361383511426,-33.191569723734965,0</coordinates></LineString></Placemark><Placemark><name>Trabajado - Cuartel 654 - Hilera 992</name><Style><LineStyle><color>ff00ff00</color><width>3</width></LineStyle></Style><LineString><coordinates>-70.86361161251719,-33.19158744736577,0 -70.86314044996742,-33.193745150930646,0</coordinates></LineString></Placemark><Placemark><name>Trabajado - Cuartel 654 - Hilera 993</name><Style><LineStyle><color>ff00ff00</color><width>3</width></LineStyle></Style><LineString><coordinates>-70.86368340454415,-33.19155540389702,0 -70.86322350216857,-33.193768228938595,0</coordinates></LineString></Placemark><Placemark><name>Trabajado - Cuartel 654 - Hilera 994</name><Style><LineStyle><color>ff00ff00</color><width>3</width></LineStyle></Style><LineString><coordinates>-70.8632933,-33.1932516,0 -70.8632616,-33.1938,0</coordinates></LineString></Placemark><Placemark><name>Trabajado - Cuartel 654 - Hilera 995</name><Style><LineStyle><color>ff00ff00</color><width>3</width></LineStyle></Style><LineString><coordinates>-70.8632516,-33.1938,0 -70.8637216,-33.19161,0</coordinates></LineString></Placemark><Placemark><name>Trabajado - Cuartel 654 - Hilera 999</name><Style><LineStyle><color>ff00ff00</color><width>3</width></LineStyle></Style><LineString><coordinates>-70.86367157421354,-33.191480520089925,0 -70.863245,-33.1938216,0</coordinates></LineString></Placemark><Placemark><name>Trabajado - Cuartel 654 - Hilera 1000</name><Style><LineStyle><color>ff00ff00</color><width>3</width></LineStyle></Style><LineString><coordinates>-70.8637299,-33.1914783,0 -70.863325,-33.19381,0</coordinates></LineString></Placemark><Placemark><name>Trabajado - Cuartel 654 - Hilera 1001</name><Style><LineStyle><color>ff00ff00</color><width>3</width></LineStyle></Style><LineString><coordinates>-70.863325,-33.19381,0 -70.8637616,-33.1914933,0</coordinates></LineString></Placemark><Placemark><name>Trabajado - Cuartel 654 - Hilera 1149</name><Style><LineStyle><color>ff00ff00</color><width>3</width></LineStyle></Style><LineString><coordinates>-70.8662133,-33.1964399,0 -70.8668033,-33.192985,0</coordinates></LineString></Placemark><Placemark><name>Trabajado - Cuartel 654 - Hilera 1150</name><Style><LineStyle><color>ff00ff00</color><width>3</width></LineStyle></Style><LineString><coordinates>-70.8668033,-33.192985,0 -70.8661316,-33.1962233,0</coordinates></LineString></Placemark><Placemark><name>Trabajado - Cuartel 654 - Hilera 1151</name><Style><LineStyle><color>ff00ff00</color><width>3</width></LineStyle></Style><LineString><coordinates>-70.866055,-33.1962116,0 -70.8666833,-33.1929566,0</coordinates></LineString></Placemark><Placemark><name>Trabajado - Cuartel 654 - Hilera 1152</name><Style><LineStyle><color>ff00ff00</color><width>3</width></LineStyle></Style><LineString><coordinates>-70.8666766,-33.19295,0 -70.8660116,-33.1961833,0</coordinates></LineString></Placemark><Placemark><name>Trabajado - Cuartel 654 - Hilera 1153</name><Style><LineStyle><color>ff00ff00</color><width>3</width></LineStyle></Style><LineString><coordinates>-70.8662666,-33.1927283,0 -70.86562,-33.1958383,0</coordinates></LineString></Placemark><Placemark><name>Trabajado - Cuartel 654 - Hilera 1154</name><Style><LineStyle><color>ff00ff00</color><width>3</width></LineStyle></Style><LineString><coordinates>-70.866185,-33.1926566,0 -70.865585,-33.1957933,0</coordinates></LineString></Placemark><Placemark><name>Trabajado - Cuartel 654 - Hilera 1155</name><Style><LineStyle><color>ff00ff00</color><width>3</width></LineStyle></Style><LineString><coordinates>-70.865545,-33.1957483,0 -70.8661583,-33.1925949,0</coordinates></LineString></Placemark><Placemark><name>Trabajado - Cuartel 654 - Hilera 1156</name><Style><LineStyle><color>ff00ff00</color><width>3</width></LineStyle></Style><LineString><coordinates>-70.86548,-33.195715,0 -70.8660649,-33.1926549,0</coordinates></LineString></Placemark><Placemark><name>Trabajado - Cuartel 654 - Hilera 1157</name><Style><LineStyle><color>ff00ff00</color><width>3</width></LineStyle></Style><LineString><coordinates>-70.86541,-33.1956616,0 -70.865965,-33.1925616,0</coordinates></LineString></Placemark><Placemark><name>Trabajado - Cuartel 654 - Hilera 1160</name><Style><LineStyle><color>ff00ff00</color><width>3</width></LineStyle></Style><LineString><coordinates>-70.8659516,-33.1927166,0 -70.8653066,-33.1955483,0</coordinates></LineString></Placemark><Placemark><name>Trabajado - Cuartel 654 - Hilera 1161</name><Style><LineStyle><color>ff00ff00</color><width>3</width></LineStyle></Style><LineString><coordinates>-70.8653066,-33.1955483,0 -70.8658516,-33.1925166,0</coordinates></LineString></Placemark><Placemark><name>Trabajado - Cuartel 654 - Hilera 1162</name><Style><LineStyle><color>ff00ff00</color><width>3</width></LineStyle></Style><LineString><coordinates>-70.865835,-33.1925116,0 -70.8652433,-33.1954833,0</coordinates></LineString></Placemark><Placemark><name>Trabajado - Cuartel 654 - Hilera 1163</name><Style><LineStyle><color>ff00ff00</color><width>3</width></LineStyle></Style><LineString><coordinates>-70.8652433,-33.1954833,0 -70.8657666,-33.1925133,0</coordinates></LineString></Placemark><Placemark><name>Trabajado - Cuartel 654 - Hilera 1164</name><Style><LineStyle><color>ff00ff00</color><width>3</width></LineStyle></Style><LineString><coordinates>-70.86519,-33.19547,0 -70.8656999,-33.1924483,0</coordinates></LineString></Placemark><Placemark><name>Trabajado - Cuartel 654 - Hilera 1165</name><Style><LineStyle><color>ff00ff00</color><width>3</width></LineStyle></Style><LineString><coordinates>-70.8656999,-33.1924483,0 -70.86511,-33.1953799,0</coordinates></LineString></Placemark><Placemark><name>Trabajado - Cuartel 654 - Hilera 1166</name><Style><LineStyle><color>ff00ff00</color><width>3</width></LineStyle></Style><LineString><coordinates>-70.86511,-33.1953799,0 -70.865665,-33.192455,0</coordinates></LineString></Placemark><Placemark><name>Trabajado - Cuartel 654 - Hilera 1167</name><Style><LineStyle><color>ff00ff00</color><width>3</width></LineStyle></Style><LineString><coordinates>-70.8656216,-33.1924416,0 -70.865115,-33.1953883,0</coordinates></LineString></Placemark><Placemark><name>Trabajado - Cuartel 654 - Hilera 1168</name><Style><LineStyle><color>ff00ff00</color><width>3</width></LineStyle></Style><LineString><coordinates>-70.8655766,-33.19244,0 -70.8650033,-33.1953216,0</coordinates></LineString></Placemark><Placemark><name>Trabajado - Cuartel 654 - Hilera 1169</name><Style><LineStyle><color>ff00ff00</color><width>3</width></LineStyle></Style><LineString><coordinates>-70.8650033,-33.1953216,0 -70.865485,-33.1924483,0</coordinates></LineString></Placemark><Placemark><name>Trabajado - Cuartel 654 - Hilera 1170</name><Style><LineStyle><color>ff00ff00</color><width>3</width></LineStyle></Style><LineString><coordinates>-70.865485,-33.1924483,0 -70.8649133,-33.1952683,0</coordinates></LineString></Placemark><Placemark><name>Trabajado - Cuartel 654 - Hilera 1171</name><Style><LineStyle><color>ff00ff00</color><width>3</width></LineStyle></Style><LineString><coordinates>-70.8649133,-33.1952683,0 -70.8654316,-33.1923516,0</coordinates></LineString></Placemark><Placemark><name>Trabajado - Cuartel 654 - Hilera 1172</name><Style><LineStyle><color>ff00ff00</color><width>3</width></LineStyle></Style><LineString><coordinates>-70.8647683,-33.1950533,0 -70.8653083,-33.1923083,0</coordinates></LineString></Placemark><Placemark><name>Trabajado - Cuartel 654 - Hilera 1173</name><Style><LineStyle><color>ff00ff00</color><width>3</width></LineStyle></Style><LineString><coordinates>-70.8652633,-33.192305,0 -70.8647666,-33.19505,0</coordinates></LineString></Placemark><Placemark><name>Trabajado - Cuartel 654 - Hilera 1174</name><Style><LineStyle><color>ff00ff00</color><width>3</width></LineStyle></Style><LineString><coordinates>-70.8647116,-33.1951,0 -70.8652016,-33.1922549,0</coordinates></LineString></Placemark><Placemark><name>Trabajado - Cuartel 654 - Hilera 1175</name><Style><LineStyle><color>ff00ff00</color><width>3</width></LineStyle></Style><LineString><coordinates>-70.86516176631963,-33.192250450216335,0 -70.86466,-33.1949633,0</coordinates></LineString></Placemark><Placemark><name>Trabajado - Cuartel 654 - Hilera 1176</name><Style><LineStyle><color>ff00ff00</color><width>3</width></LineStyle></Style><LineString><coordinates>-70.8651183,-33.19225,0 -70.864585,-33.1949133,0</coordinates></LineString></Placemark><Placemark><name>Trabajado - Cuartel 654 - Hilera 1177</name><Style><LineStyle><color>ff00ff00</color><width>3</width></LineStyle></Style><LineString><coordinates>-70.864585,-33.1949133,0 -70.86509,-33.1921816,0</coordinates></LineString></Placemark><Placemark><name>Trabajado - Cuartel 654 - Hilera 1178</name><Style><LineStyle><color>ff00ff00</color><width>3</width></LineStyle></Style><LineString><coordinates>-70.865035,-33.1921566,0 -70.8644549,-33.1948,0</coordinates></LineString></Placemark><Placemark><name>Trabajado - Cuartel 654 - Hilera 1179</name><Style><LineStyle><color>ff00ff00</color><width>3</width></LineStyle></Style><LineString><coordinates>-70.8644549,-33.1948,0 -70.864985,-33.1921016,0</coordinates></LineString></Placemark><Placemark><name>Trabajado - Cuartel 654 - Hilera 1180</name><Style><LineStyle><color>ff00ff00</color><width>3</width></LineStyle></Style><LineString><coordinates>-70.8644083,-33.1947316,0 -70.86488,-33.19208,0</coordinates></LineString></Placemark><Placemark><name>Trabajado - Cuartel 654 - Hilera 1181</name><Style><LineStyle><color>ff00ff00</color><width>3</width></LineStyle></Style><LineString><coordinates>-70.8648783,-33.1921266,0 -70.8643333,-33.1947599,0</coordinates></LineString></Placemark><Placemark><name>Trabajado - Cuartel 654 - Hilera 1182</name><Style><LineStyle><color>ff00ff00</color><width>3</width></LineStyle></Style><LineString><coordinates>-70.8643333,-33.1947599,0 -70.8648166,-33.1920316,0</coordinates></LineString></Placemark><Placemark><name>Trabajado - Cuartel 654 - Hilera 1183</name><Style><LineStyle><color>ff00ff00</color><width>3</width></LineStyle></Style><LineString><coordinates>-70.8647783,-33.19205,0 -70.8642716,-33.1947216,0</coordinates></LineString></Placemark><Placemark><name>Trabajado - Cuartel 654 - Hilera 1184</name><Style><LineStyle><color>ff00ff00</color><width>3</width></LineStyle></Style><LineString><coordinates>-70.8642499,-33.1947233,0 -70.8647633,-33.1919916,0</coordinates></LineString></Placemark><Placemark><name>Trabajado - Cuartel 654 - Hilera 1185</name><Style><LineStyle><color>ff00ff00</color><width>3</width></LineStyle></Style><LineString><coordinates>-70.8642166,-33.1946533,0 -70.8646483,-33.1919766,0</coordinates></LineString></Placemark><Placemark><name>Trabajado - Cuartel 654 - Hilera 1186</name><Style><LineStyle><color>ff00ff00</color><width>3</width></LineStyle></Style><LineString><coordinates>-70.8646483,-33.1919766,0 -70.8641883,-33.1946199,0</coordinates></LineString></Placemark><Placemark><name>Trabajado - Cuartel 654 - Hilera 1187</name><Style><LineStyle><color>ff00ff00</color><width>3</width></LineStyle></Style><LineString><coordinates>-70.8641466,-33.1945966,0 -70.8645933,-33.1919416,0</coordinates></LineString></Placemark><Placemark><name>Trabajado - Cuartel 654 - Hilera 1188</name><Style><LineStyle><color>ff00ff00</color><width>3</width></LineStyle></Style><LineString><coordinates>-70.8645933,-33.1919416,0 -70.86411,-33.194585,0</coordinates></LineString></Placemark><Placemark><name>Trabajado - Cuartel 654 - Hilera 1189</name><Style><LineStyle><color>ff00ff00</color><width>3</width></LineStyle></Style><LineString><coordinates>-70.86411,-33.194585,0 -70.8640566,-33.1944983,0</coordinates></LineString></Placemark><Placemark><name>Trabajado - Cuartel 654 - Hilera 1190</name><Style><LineStyle><color>ff00ff00</color><width>3</width></LineStyle></Style><LineString><coordinates>-70.8640566,-33.1944983,0 -70.8645616,-33.1918899,0</coordinates></LineString></Placemark><Placemark><name>Trabajado - Cuartel 654 - Hilera 1191</name><Style><LineStyle><color>ff00ff00</color><width>3</width></LineStyle></Style><LineString><coordinates>-70.864525,-33.1919166,0 -70.8639783,-33.1944583,0</coordinates></LineString></Placemark><Placemark><name>Trabajado - Cuartel 654 - Hilera 1192</name><Style><LineStyle><color>ff00ff00</color><width>3</width></LineStyle></Style><LineString><coordinates>-70.8639783,-33.1944583,0 -70.8645016,-33.1918483,0</coordinates></LineString></Placemark><Placemark><name>Trabajado - Cuartel 654 - Hilera 1193</name><Style><LineStyle><color>ff00ff00</color><width>3</width></LineStyle></Style><LineString><coordinates>-70.86446609855214,-33.19181869547739,0 -70.8639016,-33.1944466,0</coordinates></LineString></Placemark><Placemark><name>Trabajado - Cuartel 654 - Hilera 1194</name><Style><LineStyle><color>ff00ff00</color><width>3</width></LineStyle></Style><LineString><coordinates>-70.8638966,-33.1943516,0 -70.86436,-33.1917816,0</coordinates></LineString></Placemark><Placemark><name>Trabajado - Cuartel 654 - Hilera 1195</name><Style><LineStyle><color>ff00ff00</color><width>3</width></LineStyle></Style><LineString><coordinates>-70.8638083,-33.1943266,0 -70.8642466,-33.19176,0</coordinates></LineString></Placemark><Placemark><name>Trabajado - Cuartel 654 - Hilera 1197</name><Style><LineStyle><color>ff00ff00</color><width>3</width></LineStyle></Style><LineString><coordinates>-70.8640166,-33.1916983,0 -70.8635883,-33.1940899,0</coordinates></LineString></Placemark><Placemark><name>Trabajado - Cuartel 654 - Hilera 1198</name><Style><LineStyle><color>ff00ff00</color><width>3</width></LineStyle></Style><LineString><coordinates>-70.863545,-33.1940783,0 -70.8639666,-33.1916366,0</coordinates></LineString></Placemark><Placemark><name>Trabajado - Cuartel 654 - Hilera 1199</name><Style><LineStyle><color>ff00ff00</color><width>3</width></LineStyle></Style><LineString><coordinates>-70.8634799,-33.19404,0 -70.8638766,-33.1916016,0</coordinates></LineString></Placemark><Placemark><name>Trabajado - Cuartel 654 - Hilera 1200</name><Style><LineStyle><color>ff00ff00</color><width>3</width></LineStyle></Style><LineString><coordinates>-70.8638766,-33.1916016,0 -70.86341,-33.19398,0</coordinates></LineString></Placemark><Placemark><name>Trabajado - Cuartel 654 - Hilera 1201</name><Style><LineStyle><color>ff00ff00</color><width>3</width></LineStyle></Style><LineString><coordinates>-70.86341,-33.19398,0 -70.8638249,-33.1915216,0</coordinates></LineString></Placemark><Placemark><name>Trabajado - Cuartel 654 - Hilera 1202</name><Style><LineStyle><color>ff00ff00</color><width>3</width></LineStyle></Style><LineString><coordinates>-70.86381,-33.1915283,0 -70.8633333,-33.1938799,0</coordinates></LineString></Placemark><Placemark><name>Trabajado - Cuartel 654 - Hilera 1203</name><Style><LineStyle><color>ff00ff00</color><width>3</width></LineStyle></Style><LineString><coordinates>-70.8632466,-33.1937716,0 -70.8636033,-33.1915683,0</coordinates></LineString></Placemark><Placemark><name>Trabajado - Cuartel 654 - Hilera 1204</name><Style><LineStyle><color>ff00ff00</color><width>3</width></LineStyle></Style><LineString><coordinates>-70.8632083,-33.1936983,0 -70.8635516,-33.1915849,0</coordinates></LineString></Placemark><Placemark><name>Trabajado - Cuartel 654 - Hilera 1205</name><Style><LineStyle><color>ff00ff00</color><width>3</width></LineStyle></Style><LineString><coordinates>-70.863515,-33.1915916,0 -70.863095,-33.193675,0</coordinates></LineString></Placemark><Placemark><name>Trabajado - Cuartel 654 - Hilera 1206</name><Style><LineStyle><color>ff00ff00</color><width>3</width></LineStyle></Style><LineString><coordinates>-70.8634383,-33.1916166,0 -70.863085,-33.1936266,0</coordinates></LineString></Placemark><Placemark><name>Trabajado - Cuartel 654 - Hilera 1207</name><Style><LineStyle><color>ff00ff00</color><width>3</width></LineStyle></Style><LineString><coordinates>-70.8630566,-33.1935666,0 -70.86335,-33.1916649,0</coordinates></LineString></Placemark><Placemark><name>Trabajado - Cuartel 654 - Hilera 1208</name><Style><LineStyle><color>ff00ff00</color><width>3</width></LineStyle></Style><LineString><coordinates>-70.8632583,-33.1917399,0 -70.86294,-33.1935316,0</coordinates></LineString></Placemark><Placemark><name>Trabajado - Cuartel 654 - Hilera 1209</name><Style><LineStyle><color>ff00ff00</color><width>3</width></LineStyle></Style><LineString><coordinates>-70.8632083,-33.1917883,0 -70.8628283,-33.1934533,0</coordinates></LineString></Placemark><Placemark><name>Trabajado - Cuartel 654 - Hilera 1210</name><Style><LineStyle><color>ff00ff00</color><width>3</width></LineStyle></Style><LineString><coordinates>-70.8628416,-33.1934366,0 -70.8631166,-33.1917816,0</coordinates></LineString></Placemark><Placemark><name>Trabajado - Cuartel 654 - Hilera 1211</name><Style><LineStyle><color>ff00ff00</color><width>3</width></LineStyle></Style><LineString><coordinates>-70.8627916,-33.19338,0 -70.8630233,-33.1918033,0</coordinates></LineString></Placemark><Placemark><name>Trabajado - Cuartel 654 - Hilera 1212</name><Style><LineStyle><color>ff00ff00</color><width>3</width></LineStyle></Style><LineString><coordinates>-70.8630233,-33.1918033,0 -70.8627083,-33.1932649,0</coordinates></LineString></Placemark><Placemark><name>Trabajado - Cuartel 654 - Hilera 1213</name><Style><LineStyle><color>ff00ff00</color><width>3</width></LineStyle></Style><LineString><coordinates>-70.8627083,-33.1932649,0 -70.8629533,-33.1918216,0</coordinates></LineString></Placemark><Placemark><name>Trabajado - Cuartel 654 - Hilera 1214</name><Style><LineStyle><color>ff00ff00</color><width>3</width></LineStyle></Style><LineString><coordinates>-70.8629183,-33.19185,0 -70.862635,-33.1932516,0</coordinates></LineString></Placemark><Placemark><name>Trabajado - Cuartel 654 - Hilera 1215</name><Style><LineStyle><color>ff00ff00</color><width>3</width></LineStyle></Style><LineString><coordinates>-70.8628566,-33.1918566,0 -70.8626783,-33.1925816,0</coordinates></LineString></Placemark><Placemark><name>Trabajado - Cuartel 654 - Hilera 1216</name><Style><LineStyle><color>ff00ff00</color><width>3</width></LineStyle></Style><LineString><coordinates>-70.8626933,-33.1926066,0 -70.8625833,-33.1932333,0</coordinates></LineString></Placemark><Placemark><name>Trabajado - Cuartel 654 - Hilera 1217</name><Style><LineStyle><color>ff00ff00</color><width>3</width></LineStyle></Style><LineString><coordinates>-70.8625666,-33.1932133,0 -70.8627666,-33.1919166,0</coordinates></LineString></Placemark><Placemark><name>Trabajado - Cuartel 654 - Hilera 1218</name><Style><LineStyle><color>ff00ff00</color><width>3</width></LineStyle></Style><LineString><coordinates>-70.8624383,-33.1930883,0 -70.862595,-33.19201,0</coordinates></LineString></Placemark><Placemark><name>Trabajado - Cuartel 654 - Hilera 1219</name><Style><LineStyle><color>ff00ff00</color><width>3</width></LineStyle></Style><LineString><coordinates>-70.8623683,-33.1930216,0 -70.8624899,-33.1920733,0</coordinates></LineString></Placemark><Placemark><name>Trabajado - Cuartel 654 - Hilera 1220</name><Style><LineStyle><color>ff00ff00</color><width>3</width></LineStyle></Style><LineString><coordinates>-70.8623016,-33.1930016,0 -70.8623999,-33.1920783,0</coordinates></LineString></Placemark><Placemark><name>Trabajado - Cuartel 654 - Hilera 1221</name><Style><LineStyle><color>ff00ff00</color><width>3</width></LineStyle></Style><LineString><coordinates>-70.8623999,-33.1920783,0 -70.8622433,-33.192955,0</coordinates></LineString></Placemark><Placemark><name>Trabajado - Cuartel 654 - Hilera 1222</name><Style><LineStyle><color>ff00ff00</color><width>3</width></LineStyle></Style><LineString><coordinates>-70.8622433,-33.192955,0 -70.8623566,-33.1920633,0</coordinates></LineString></Placemark><Placemark><name>Trabajado - Cuartel 654 - Hilera 1223</name><Style><LineStyle><color>ff00ff00</color><width>3</width></LineStyle></Style><LineString><coordinates>-70.862335,-33.1920816,0 -70.8621866,-33.192885,0</coordinates></LineString></Placemark><Placemark><name>Trabajado - Cuartel 654 - Hilera 1224</name><Style><LineStyle><color>ff00ff00</color><width>3</width></LineStyle></Style><LineString><coordinates>-70.8621866,-33.192885,0 -70.8622733,-33.1921233,0</coordinates></LineString></Placemark><Placemark><name>Trabajado - Cuartel 654 - Hilera 1225</name><Style><LineStyle><color>ff00ff00</color><width>3</width></LineStyle></Style><LineString><coordinates>-70.862105,-33.1928116,0 -70.8622,-33.1921483,0</coordinates></LineString></Placemark><Placemark><name>Trabajado - Cuartel 654 - Hilera 1226</name><Style><LineStyle><color>ff00ff00</color><width>3</width></LineStyle></Style><LineString><coordinates>-70.862085,-33.1927166,0 -70.8621299,-33.19216,0</coordinates></LineString></Placemark><Placemark><name>Trabajado - Cuartel 654 - Hilera 1227</name><Style><LineStyle><color>ff00ff00</color><width>3</width></LineStyle></Style><LineString><coordinates>-70.8620883,-33.192155,0 -70.8620033,-33.1927633,0</coordinates></LineString></Placemark><Placemark><name>Trabajado - Cuartel 654 - Hilera 1228</name><Style><LineStyle><color>ff00ff00</color><width>3</width></LineStyle></Style><LineString><coordinates>-70.862015,-33.1921883,0 -70.8619483,-33.1926683,0</coordinates></LineString></Placemark><Placemark><name>Trabajado - Cuartel 654 - Hilera 1229</name><Style><LineStyle><color>ff00ff00</color><width>3</width></LineStyle></Style><LineString><coordinates>-70.8619483,-33.1926683,0 -70.8619033,-33.1925616,0</coordinates></LineString></Placemark><Placemark><name>Trabajado - Cuartel 654 - Hilera 1230</name><Style><LineStyle><color>ff00ff00</color><width>3</width></LineStyle></Style><LineString><coordinates>-70.8619366,-33.1922016,0 -70.861865,-33.1926416,0</coordinates></LineString></Placemark><Placemark><name>Trabajado - Cuartel 654 - Hilera 1231</name><Style><LineStyle><color>ff00ff00</color><width>3</width></LineStyle></Style><LineString><coordinates>-70.8618733,-33.1922533,0 -70.8617933,-33.1925516,0</coordinates></LineString></Placemark><Placemark><name>Trabajado - Cuartel 654 - Hilera 1232</name><Style><LineStyle><color>ff00ff00</color><width>3</width></LineStyle></Style><LineString><coordinates>-70.8617933,-33.1925516,0 -70.8617566,-33.1922683,0</coordinates></LineString></Placemark><Placemark><name>Trabajado - Cuartel 654 - Hilera 1233</name><Style><LineStyle><color>ff00ff00</color><width>3</width></LineStyle></Style><LineString><coordinates>-70.8617566,-33.1922683,0 -70.8617066,-33.1925033,0</coordinates></LineString></Placemark><Placemark><name>Trabajado - Cuartel 654 - Hilera 1234</name><Style><LineStyle><color>ff00ff00</color><width>3</width></LineStyle></Style><LineString><coordinates>-70.8616833,-33.1925316,0 -70.8617116,-33.1922966,0</coordinates></LineString></Placemark><Placemark><name>Trabajado - Cuartel 654 - Hilera 1235</name><Style><LineStyle><color>ff00ff00</color><width>3</width></LineStyle></Style><LineString><coordinates>-70.8617116,-33.1922966,0 -70.8615416,-33.1923333,0</coordinates></LineString></Placemark><Placemark><name>Trabajado - Cuartel 656 - Hilera 656</name><Style><LineStyle><color>ff00ff00</color><width>3</width></LineStyle></Style><LineString><coordinates>-70.8662466,-33.196445,0 -70.86473,-33.197755,0</coordinates></LineString></Placemark><Placemark><name>Trabajado - Cuartel 656 - Hilera 661</name><Style><LineStyle><color>ff00ff00</color><width>3</width></LineStyle></Style><LineString><coordinates>-70.8647433,-33.19776,0 -70.866195,-33.1965133,0</coordinates></LineString></Placemark><Placemark><name>Trabajado - Cuartel 656 - Hilera 1129</name><Style><LineStyle><color>ff00ff00</color><width>3</width></LineStyle></Style><LineString><coordinates>-70.8659233,-33.1967683,0 -70.864815,-33.1976383,0</coordinates></LineString></Placemark><Placemark><name>Trabajado - Cuartel 656 - Hilera 1135</name><Style><LineStyle><color>ff00ff00</color><width>3</width></LineStyle></Style><LineString><coordinates>-70.86505,-33.19739,0 -70.8651216,-33.1973466,0</coordinates></LineString></Placemark><Placemark><name>Trabajado - Cuartel 656 - Hilera 1138</name><Style><LineStyle><color>ff00ff00</color><width>3</width></LineStyle></Style><LineString><coordinates>-70.8652333,-33.1972516,0 -70.86531,-33.1972149,0</coordinates></LineString></Placemark><Placemark><name>Descartado (grupo chico) - Hilera 658</name><Style><LineStyle><color>ff00ffff</color><width>3</width></LineStyle></Style><LineString><coordinates>-70.8647149,-33.1979783,0 -70.8648116,-33.1980716,0</coordinates></LineString></Placemark><Placemark><name>Descartado (grupo chico) - Hilera 696</name><Style><LineStyle><color>ff00ffff</color><width>3</width></LineStyle></Style><LineString><coordinates>-70.866115,-33.1963083,0 -70.8660616,-33.1962149,0</coordinates></LineString></Placemark><Placemark><name>Descartado (grupo chico) - Hilera 701</name><Style><LineStyle><color>ff00ffff</color><width>3</width></LineStyle></Style><LineString><coordinates>-70.8661499,-33.1962249,0 -70.8660499,-33.19627,0</coordinates></LineString></Placemark><Placemark><name>Descartado (grupo chico) - Hilera 702</name><Style><LineStyle><color>ff00ffff</color><width>3</width></LineStyle></Style><LineString><coordinates>-70.8661333,-33.1962883,0 -70.8662066,-33.1962099,0</coordinates></LineString></Placemark><Placemark><name>Descartado (grupo chico) - Hilera 707</name><Style><LineStyle><color>ff00ffff</color><width>3</width></LineStyle></Style><LineString><coordinates>-70.866085,-33.1961633,0 -70.866015,-33.1962333,0</coordinates></LineString></Placemark><Placemark><name>Descartado (grupo chico) - Hilera 1148</name><Style><LineStyle><color>ff00ffff</color><width>3</width></LineStyle></Style><LineString><coordinates>-70.86591,-33.1966916,0 -70.8662133,-33.1964399,0</coordinates></LineString></Placemark><Placemark><name>Descartado (grupo chico) - Hilera 705</name><Style><LineStyle><color>ff00ffff</color><width>3</width></LineStyle></Style><LineString><coordinates>-70.86651,-33.19321,0 -70.8664133,-33.1933399,0</coordinates></LineString></Placemark><Placemark><name>Descartado (grupo chico) - Hilera 734</name><Style><LineStyle><color>ff00ffff</color><width>3</width></LineStyle></Style><LineString><coordinates>-70.866235,-33.1926483,0 -70.8660416,-33.193305,0</coordinates></LineString></Placemark><Placemark><name>Descartado (grupo chico) - Hilera 731</name><Style><LineStyle><color>ff00ffff</color><width>3</width></LineStyle></Style><LineString><coordinates>-70.8662966,-33.1926933,0 -70.866385,-33.1926333,0</coordinates></LineString></Placemark><Placemark><name>Descartado (grupo chico) - Hilera 740</name><Style><LineStyle><color>ff00ffff</color><width>3</width></LineStyle></Style><LineString><coordinates>-70.86636,-33.1903716,0 -70.8664266,-33.1902383,0</coordinates></LineString></Placemark><Placemark><name>Descartado (grupo chico) - Hilera 840</name><Style><LineStyle><color>ff00ffff</color><width>3</width></LineStyle></Style><LineString><coordinates>-70.866315,-33.19039,0 -70.8665266,-33.1901116,0</coordinates></LineString></Placemark><Placemark><name>Descartado (grupo chico) - Hilera 851</name><Style><LineStyle><color>ff00ffff</color><width>3</width></LineStyle></Style><LineString><coordinates>-70.86640135577305,-33.190247619536315,0 -70.8662133,-33.1904916,0</coordinates></LineString></Placemark><Placemark><name>Descartado (grupo chico) - Hilera 747</name><Style><LineStyle><color>ff00ffff</color><width>3</width></LineStyle></Style><LineString><coordinates>-70.8663866,-33.19027,0 -70.866595,-33.1909966,0</coordinates></LineString></Placemark><Placemark><name>Trabajado - Cuartel 780 - Hilera 780</name><Style><LineStyle><color>ff00ff00</color><width>3</width></LineStyle></Style><LineString><coordinates>-70.8648583,-33.1952249,0 -70.8649233,-33.1951449,0</coordinates></LineString></Placemark><Placemark><name>Trabajado - Cuartel 780 - Hilera 790</name><Style><LineStyle><color>ff00ff00</color><width>3</width></LineStyle></Style><LineString><coordinates>-70.8647283,-33.1949966,0 -70.86465,-33.195045,0</coordinates></LineString></Placemark><Placemark><name>Trabajado - Cuartel 780 - Hilera 792</name><Style><LineStyle><color>ff00ff00</color><width>3</width></LineStyle></Style><LineString><coordinates>-70.8646699,-33.1949333,0 -70.8646116,-33.1949883,0</coordinates></LineString></Placemark><Placemark><name>Trabajado - Cuartel 780 - Hilera 805</name><Style><LineStyle><color>ff00ff00</color><width>3</width></LineStyle></Style><LineString><coordinates>-70.864485,-33.1949266,0 -70.8645466,-33.19486,0</coordinates></LineString></Placemark><Placemark><name>Trabajado - Cuartel 780 - Hilera 819</name><Style><LineStyle><color>ff00ff00</color><width>3</width></LineStyle></Style><LineString><coordinates>-70.8642016,-33.1947383,0 -70.8642666,-33.1946749,0</coordinates></LineString></Placemark><Placemark><name>Descartado (grupo chico) - Hilera 797</name><Style><LineStyle><color>ff00ffff</color><width>3</width></LineStyle></Style><LineString><coordinates>-70.86514910258974,-33.192194805893834,0 -70.8639299,-33.1915816,0</coordinates></LineString></Placemark><Placemark><name>Descartado (grupo chico) - Hilera 834</name><Style><LineStyle><color>ff00ffff</color><width>3</width></LineStyle></Style><LineString><coordinates>-70.8644916,-33.1918283,0 -70.86386928749162,-33.1914273233071,0</coordinates></LineString></Placemark><Placemark><name>Descartado (grupo chico) - Hilera 835</name><Style><LineStyle><color>ff00ffff</color><width>3</width></LineStyle></Style><LineString><coordinates>-70.86380509535631,-33.19143868018098,0 -70.8645066,-33.191795,0</coordinates></LineString></Placemark><Placemark><name>Descartado (grupo chico) - Hilera 853</name><Style><LineStyle><color>ff00ffff</color><width>3</width></LineStyle></Style><LineString><coordinates>-70.8638116,-33.1914983,0 -70.8643816,-33.1917699,0</coordinates></LineString></Placemark><Placemark><name>Descartado (grupo chico) - Hilera 804</name><Style><LineStyle><color>ff00ffff</color><width>3</width></LineStyle></Style><LineString><coordinates>-70.8647916,-33.19361,0 -70.8645133,-33.1948866,0</coordinates></LineString></Placemark><Placemark><name>Descartado (grupo chico) - Hilera 839</name><Style><LineStyle><color>ff00ffff</color><width>3</width></LineStyle></Style><LineString><coordinates>-70.8638566,-33.191405,0 -70.866315,-33.19039,0</coordinates></LineString></Placemark><Placemark><name>Trabajado - Cuartel 852 - Hilera 852</name><Style><LineStyle><color>ff00ff00</color><width>3</width></LineStyle></Style><LineString><coordinates>-70.8662133,-33.1904916,0 -70.86154454294113,-33.192338524090424,0</coordinates></LineString></Placemark><Placemark><name>Trabajado - Cuartel 852 - Hilera 891</name><Style><LineStyle><color>ff00ff00</color><width>3</width></LineStyle></Style><LineString><coordinates>-70.8637483,-33.1914833,0 -70.8628333,-33.1919066,0</coordinates></LineString></Placemark><Placemark><name>Trabajado - Cuartel 852 - Hilera 892</name><Style><LineStyle><color>ff00ff00</color><width>3</width></LineStyle></Style><LineString><coordinates>-70.86637816810007,-33.19037795268988,0 -70.861615,-33.1924,0</coordinates></LineString></Placemark><Placemark><name>Trabajado - Cuartel 852 - Hilera 943</name><Style><LineStyle><color>ff00ff00</color><width>3</width></LineStyle></Style><LineString><coordinates>-70.86627,-33.1904183,0 -70.8624283,-33.191955,0</coordinates></LineString></Placemark><Placemark><name>Trabajado - Cuartel 852 - Hilera 998</name><Style><LineStyle><color>ff00ff00</color><width>3</width></LineStyle></Style><LineString><coordinates>-70.8638733,-33.1914616,0 -70.863665,-33.1915166,0</coordinates></LineString></Placemark><Placemark><name>Trabajado - Cuartel 855 - Hilera 855</name><Style><LineStyle><color>ff00ff00</color><width>3</width></LineStyle></Style><LineString><coordinates>-70.8638166,-33.1943016,0 -70.86388,-33.1941783,0</coordinates></LineString></Placemark><Placemark><name>Trabajado - Cuartel 855 - Hilera 860</name><Style><LineStyle><color>ff00ff00</color><width>3</width></LineStyle></Style><LineString><coordinates>-70.8637133,-33.1942449,0 -70.863815,-33.19413,0</coordinates></LineString></Placemark><Placemark><name>Trabajado - Cuartel 855 - Hilera 862</name><Style><LineStyle><color>ff00ff00</color><width>3</width></LineStyle></Style><LineString><coordinates>-70.8638483,-33.1938483,0 -70.8637299,-33.1942266,0</coordinates></LineString></Placemark><Placemark><name>Trabajado - Cuartel 855 - Hilera 873</name><Style><LineStyle><color>ff00ff00</color><width>3</width></LineStyle></Style><LineString><coordinates>-70.8637316,-33.1938283,0 -70.8635683,-33.1941116,0</coordinates></LineString></Placemark><Placemark><name>Trabajado - Cuartel 855 - Hilera 888</name><Style><LineStyle><color>ff00ff00</color><width>3</width></LineStyle></Style><LineString><coordinates>-70.8634083,-33.1938316,0 -70.8633333,-33.1939033,0</coordinates></LineString></Placemark><Placemark><name>Trabajado - Cuartel 855 - Hilera 969</name><Style><LineStyle><color>ff00ff00</color><width>3</width></LineStyle></Style><LineString><coordinates>-70.8627733,-33.193225,0 -70.8630747389134,-33.19285623972927,0</coordinates></LineString></Placemark><Placemark><name>Trabajado - Cuartel 855 - Hilera 977</name><Style><LineStyle><color>ff00ff00</color><width>3</width></LineStyle></Style><LineString><coordinates>-70.8629583,-33.1935466,0 -70.8630116,-33.193485,0</coordinates></LineString></Placemark><Placemark><name>Descartado (grupo chico) - Hilera 872</name><Style><LineStyle><color>ff00ffff</color><width>3</width></LineStyle></Style><LineString><coordinates>-70.8636733,-33.1938049,0 -70.8637833,-33.1938166,0</coordinates></LineString></Placemark><Placemark><name>Descartado (grupo chico) - Hilera 875</name><Style><LineStyle><color>ff00ffff</color><width>3</width></LineStyle></Style><LineString><coordinates>-70.8636416,-33.1940766,0 -70.863525,-33.1941033,0</coordinates></LineString></Placemark><Placemark><name>Descartado (grupo chico) - Hilera 894</name><Style><LineStyle><color>ff00ffff</color><width>3</width></LineStyle></Style><LineString><coordinates>-70.8616383,-33.1924866,0 -70.8631283,-33.1936983,0</coordinates></LineString></Placemark><Placemark><name>Descartado (grupo chico) - Hilera 951</name><Style><LineStyle><color>ff00ffff</color><width>3</width></LineStyle></Style><LineString><coordinates>-70.8625333,-33.19221,0 -70.8624733,-33.1921516,0</coordinates></LineString></Placemark><Placemark><name>Descartado (grupo chico) - Hilera 982</name><Style><LineStyle><color>ff00ffff</color><width>3</width></LineStyle></Style><LineString><coordinates>-70.8632516,-33.1925816,0 -70.8631766,-33.1926183,0</coordinates></LineString></Placemark><Placemark><name>Descartado (grupo chico) - Hilera 989</name><Style><LineStyle><color>ff00ffff</color><width>3</width></LineStyle></Style><LineString><coordinates>-70.8632016,-33.1931299,0 -70.8631133,-33.1931733,0</coordinates></LineString></Placemark><Placemark><name>Descartado (grupo chico) - Hilera 996</name><Style><LineStyle><color>ff00ffff</color><width>3</width></LineStyle></Style><LineString><coordinates>-70.8637216,-33.19161,0 -70.8637883,-33.1915266,0</coordinates></LineString></Placemark><Placemark><name>Descartado (grupo chico) - Hilera 997</name><Style><LineStyle><color>ff00ffff</color><width>3</width></LineStyle></Style><LineString><coordinates>-70.8637883,-33.1915266,0 -70.8639766,-33.1915483,0</coordinates></LineString></Placemark><Placemark><name>Trabajado - Cuartel 1015 - Hilera 1015</name><Style><LineStyle><color>ff00ff00</color><width>3</width></LineStyle></Style><LineString><coordinates>-70.8708449,-33.1974083,0 -70.8741565558894,-33.19781819517106,0</coordinates></LineString></Placemark><Placemark><name>Trabajado - Cuartel 1015 - Hilera 1294</name><Style><LineStyle><color>ff00ff00</color><width>3</width></LineStyle></Style><LineString><coordinates>-70.87161386265721,-33.19747292125191,0 -70.8725,-33.1975483,0</coordinates></LineString></Placemark><Placemark><name>Trabajado - Cuartel 1015 - Hilera 1340</name><Style><LineStyle><color>ff00ff00</color><width>3</width></LineStyle></Style><LineString><coordinates>-70.8726449,-33.1976216,0 -70.87214,-33.197605,0</coordinates></LineString></Placemark><Placemark><name>Trabajado - Cuartel 1015 - Hilera 1382</name><Style><LineStyle><color>ff00ff00</color><width>3</width></LineStyle></Style><LineString><coordinates>-70.872685,-33.1975666,0 -70.8736633,-33.1977416,0</coordinates></LineString></Placemark><Placemark><name>Trabajado - Cuartel 1015 - Hilera 1383</name><Style><LineStyle><color>ff00ff00</color><width>3</width></LineStyle></Style><LineString><coordinates>-70.873705,-33.1977233,0 -70.8726716,-33.1975516,0</coordinates></LineString></Placemark><Placemark><name>Trabajado - Cuartel 1015 - Hilera 1416</name><Style><LineStyle><color>ff00ff00</color><width>3</width></LineStyle></Style><LineString><coordinates>-70.8729383,-33.1976299,0 -70.8732416,-33.1976883,0</coordinates></LineString></Placemark><Placemark><name>Trabajado - Cuartel 1015 - Hilera 1417</name><Style><LineStyle><color>ff00ff00</color><width>3</width></LineStyle></Style><LineString><coordinates>-70.87333,-33.197685,0 -70.8728866,-33.1976299,0</coordinates></LineString></Placemark><Placemark><name>Descartado (grupo chico) - Hilera 1016</name><Style><LineStyle><color>ff00ffff</color><width>3</width></LineStyle></Style><LineString><coordinates>-70.8715583,-33.1974966,0 -70.870925,-33.1974483,0</coordinates></LineString></Placemark><Placemark><name>Descartado (grupo chico) - Hilera 1038</name><Style><LineStyle><color>ff00ffff</color><width>3</width></LineStyle></Style><LineString><coordinates>-70.8721716,-33.1926433,0 -70.872065,-33.1925433,0</coordinates></LineString></Placemark><Placemark><name>Descartado (grupo chico) - Hilera 1146</name><Style><LineStyle><color>ff00ffff</color><width>3</width></LineStyle></Style><LineString><coordinates>-70.865765,-33.1968083,0 -70.8658566,-33.1967783,0</coordinates></LineString></Placemark><Placemark><name>Descartado (grupo chico) - Hilera 1196</name><Style><LineStyle><color>ff00ffff</color><width>3</width></LineStyle></Style><LineString><coordinates>-70.864205,-33.1918983,0 -70.8641549,-33.1917466,0</coordinates></LineString></Placemark><Placemark><name>Descartado (grupo chico) - Hilera 1273</name><Style><LineStyle><color>ff00ffff</color><width>3</width></LineStyle></Style><LineString><coordinates>-70.8717316,-33.1952133,0 -70.871795,-33.1951516,0</coordinates></LineString></Placemark><Placemark><name>Descartado (grupo chico) - Hilera 1292</name><Style><LineStyle><color>ff00ffff</color><width>3</width></LineStyle></Style><LineString><coordinates>-70.8718066,-33.1961316,0 -70.871755,-33.1959699,0</coordinates></LineString></Placemark><Placemark><name>Descartado (grupo chico) - Hilera 1317</name><Style><LineStyle><color>ff00ffff</color><width>3</width></LineStyle></Style><LineString><coordinates>-70.8719433,-33.1964766,0 -70.8720149,-33.1964166,0</coordinates></LineString></Placemark><Placemark><name>Descartado (grupo chico) - Hilera 1323</name><Style><LineStyle><color>ff00ffff</color><width>3</width></LineStyle></Style><LineString><coordinates>-70.8724083,-33.1942133,0 -70.8724733,-33.1941616,0</coordinates></LineString></Placemark><Placemark><name>Descartado (grupo chico) - Hilera 1440</name><Style><LineStyle><color>ff00ffff</color><width>3</width></LineStyle></Style><LineString><coordinates>-70.8735016,-33.1976216,0 -70.8735466,-33.1977366,0</coordinates></LineString></Placemark><Placemark><name>Descartado (grupo chico) - Hilera 1442</name><Style><LineStyle><color>ff00ffff</color><width>3</width></LineStyle></Style><LineString><coordinates>-70.8735966,-33.1977716,0 -70.8735283,-33.1976266,0</coordinates></LineString></Placemark><Placemark><name>Descartado (grupo chico) - Hilera 1441</name><Style><LineStyle><color>ff00ffff</color><width>3</width></LineStyle></Style><LineString><coordinates>-70.87415,-33.1977866,0 -70.8735966,-33.1977716,0</coordinates></LineString></Placemark><Placemark><name>Descartado (grupo chico) - Hilera 1472</name><Style><LineStyle><color>ff00ffff</color><width>3</width></LineStyle></Style><LineString><coordinates>-70.87397,-33.1977216,0 -70.8750516,-33.1978083,0</coordinates></LineString></Placemark><Placemark><name>Descartado (grupo chico) - Hilera 1473</name><Style><LineStyle><color>ff00ffff</color><width>3</width></LineStyle></Style><LineString><coordinates>-70.8750633,-33.1977966,0 -70.8739166,-33.1977333,0</coordinates></LineString></Placemark><Placemark><name>Descartado (grupo chico) - Hilera 1508</name><Style><LineStyle><color>ff00ffff</color><width>3</width></LineStyle></Style><LineString><coordinates>-70.8745883,-33.1978149,0 -70.8748216,-33.197845,0</coordinates></LineString></Placemark><Placemark><name>Trabajado - Cuartel 1450 - Hilera 1450</name><Style><LineStyle><color>ff00ff00</color><width>3</width></LineStyle></Style><LineString><coordinates>-70.8751465422184,-33.19305765065351,0 -70.8749216,-33.1922816,0</coordinates></LineString></Placemark><Placemark><name>Trabajado - Cuartel 1450 - Hilera 1458</name><Style><LineStyle><color>ff00ff00</color><width>3</width></LineStyle></Style><LineString><coordinates>-70.8749816,-33.192285,0 -70.8750933,-33.1929116,0</coordinates></LineString></Placemark><Placemark><name>Trabajado - Cuartel 1450 - Hilera 1481</name><Style><LineStyle><color>ff00ff00</color><width>3</width></LineStyle></Style><LineString><coordinates>-70.8749833,-33.1930666,0 -70.8750316,-33.193185,0</coordinates></LineString></Placemark><Placemark><name>Trabajado - Cuartel 1450 - Hilera 1530</name><Style><LineStyle><color>ff00ff00</color><width>3</width></LineStyle></Style><LineString><coordinates>-70.8749983,-33.19231,0 -70.8751483,-33.1930116,0</coordinates></LineString></Placemark><Placemark><name>Trabajado - Cuartel 1450 - Hilera 1595</name><Style><LineStyle><color>ff00ff00</color><width>3</width></LineStyle></Style><LineString><coordinates>-70.875135,-33.1930383,0 -70.8749733,-33.192315,0</coordinates></LineString></Placemark><Placemark><name>Trabajado - Cuartel 1450 - Hilera 1713</name><Style><LineStyle><color>ff00ff00</color><width>3</width></LineStyle></Style><LineString><coordinates>-70.8752,-33.1930716,0 -70.8749299,-33.1922949,0</coordinates></LineString></Placemark><Placemark><name>Descartado (grupo chico) - Hilera 1451</name><Style><LineStyle><color>ff00ffff</color><width>3</width></LineStyle></Style><LineString><coordinates>-70.87500127248028,-33.19231605308832,0 -70.8731756641603,-33.19152659800339,0</coordinates></LineString></Placemark><Placemark><name>Descartado (grupo chico) - Hilera 1457</name><Style><LineStyle><color>ff00ffff</color><width>3</width></LineStyle></Style><LineString><coordinates>-70.8732033,-33.1914866,0 -70.8749816,-33.192285,0</coordinates></LineString></Placemark><Placemark><name>Descartado (grupo chico) - Hilera 1596</name><Style><LineStyle><color>ff00ffff</color><width>3</width></LineStyle></Style><LineString><coordinates>-70.8749733,-33.192315,0 -70.8731783,-33.1915033,0</coordinates></LineString></Placemark><Placemark><name>Descartado (grupo chico) - Hilera 1455</name><Style><LineStyle><color>ff00ffff</color><width>3</width></LineStyle></Style><LineString><coordinates>-70.8765866,-33.1851816,0 -70.8731683,-33.1913966,0</coordinates></LineString></Placemark><Placemark><name>Descartado (grupo chico) - Hilera 1597</name><Style><LineStyle><color>ff00ffff</color><width>3</width></LineStyle></Style><LineString><coordinates>-70.8731666,-33.1914,0 -70.8763033,-33.1843383,0</coordinates></LineString></Placemark><Placemark><name>Descartado (grupo chico) - Hilera 1456</name><Style><LineStyle><color>ff00ffff</color><width>3</width></LineStyle></Style><LineString><coordinates>-70.87315683805822,-33.19136712643541,0 -70.8732301088011,-33.19155553691709,0</coordinates></LineString></Placemark><Placemark><name>Descartado (grupo chico) - Hilera 1521</name><Style><LineStyle><color>ff00ffff</color><width>3</width></LineStyle></Style><LineString><coordinates>-70.87318584284003,-33.19151623691818,0 -70.87316233191589,-33.19140060942242,0</coordinates></LineString></Placemark><Placemark><name>Descartado (grupo chico) - Hilera 1465</name><Style><LineStyle><color>ff00ffff</color><width>3</width></LineStyle></Style><LineString><coordinates>-70.8739633,-33.1967133,0 -70.8738133,-33.1976666,0</coordinates></LineString></Placemark><Placemark><name>Descartado (grupo chico) - Hilera 1492</name><Style><LineStyle><color>ff00ffff</color><width>3</width></LineStyle></Style><LineString><coordinates>-70.8752416,-33.1930966,0 -70.8747666,-33.1956116,0</coordinates></LineString></Placemark><Placemark><name>Descartado (grupo chico) - Hilera 1515</name><Style><LineStyle><color>ff00ffff</color><width>3</width></LineStyle></Style><LineString><coordinates>-70.87558,-33.1931566,0 -70.8751966,-33.1953316,0</coordinates></LineString></Placemark><Placemark><name>Descartado (grupo chico) - Hilera 1493</name><Style><LineStyle><color>ff00ffff</color><width>3</width></LineStyle></Style><LineString><coordinates>-70.8747666,-33.1956116,0 -70.8743383,-33.1976499,0</coordinates></LineString></Placemark><Placemark><name>Descartado (grupo chico) - Hilera 1509</name><Style><LineStyle><color>ff00ffff</color><width>3</width></LineStyle></Style><LineString><coordinates>-70.8748216,-33.197845,0 -70.8745649,-33.1977033,0</coordinates></LineString></Placemark><Placemark><name>Descartado (grupo chico) - Hilera 1541</name><Style><LineStyle><color>ff00ffff</color><width>3</width></LineStyle></Style><LineString><coordinates>-70.8758316,-33.19321,0 -70.8757783,-33.1934649,0</coordinates></LineString></Placemark><Placemark><name>Descartado (grupo chico) - Hilera 1542</name><Style><LineStyle><color>ff00ffff</color><width>3</width></LineStyle></Style><LineString><coordinates>-70.8749833,-33.1978016,0 -70.8761933,-33.1976783,0</coordinates></LineString></Placemark><Placemark><name>Descartado (grupo chico) - Hilera 1543</name><Style><LineStyle><color>ff00ffff</color><width>3</width></LineStyle></Style><LineString><coordinates>-70.87622231418779,-33.19765444698554,0 -70.874925,-33.19778,0</coordinates></LineString></Placemark><Placemark><name>Descartado (grupo chico) - Hilera 1557</name><Style><LineStyle><color>ff00ffff</color><width>3</width></LineStyle></Style><LineString><coordinates>-70.8761833,-33.1932283,0 -70.8761416,-33.1931433,0</coordinates></LineString></Placemark><Placemark><name>Descartado (grupo chico) - Hilera 1608</name><Style><LineStyle><color>ff00ffff</color><width>3</width></LineStyle></Style><LineString><coordinates>-70.8731933,-33.1914716,0 -70.87331,-33.1915933,0</coordinates></LineString></Placemark><Placemark><name>Descartado (grupo chico) - Hilera 1624</name><Style><LineStyle><color>ff00ffff</color><width>3</width></LineStyle></Style><LineString><coordinates>-70.876125,-33.1975333,0 -70.8763983,-33.1962566,0</coordinates></LineString></Placemark><Placemark><name>Descartado (grupo chico) - Hilera 1631</name><Style><LineStyle><color>ff00ffff</color><width>3</width></LineStyle></Style><LineString><coordinates>-70.8761266,-33.1973383,0 -70.8761166,-33.1976649,0</coordinates></LineString></Placemark><Placemark><name>Trabajado - Cuartel 1722 - Hilera 1722</name><Style><LineStyle><color>ff00ff00</color><width>3</width></LineStyle></Style><LineString><coordinates>-70.8767666,-33.1869749,0 -70.8751133,-33.1892933,0</coordinates></LineString></Placemark><Placemark><name>Trabajado - Cuartel 1722 - Hilera 1869</name><Style><LineStyle><color>ff00ff00</color><width>3</width></LineStyle></Style><LineString><coordinates>-70.87511404628451,-33.189246116446846,0 -70.8767599,-33.1869666,0</coordinates></LineString></Placemark><Placemark><name>Trabajado - Cuartel 1722 - Hilera 1876</name><Style><LineStyle><color>ff00ff00</color><width>3</width></LineStyle></Style><LineString><coordinates>-70.8767816,-33.1870416,0 -70.87512,-33.189215,0</coordinates></LineString></Placemark><Placemark><name>Trabajado - Cuartel 1722 - Hilera 2054</name><Style><LineStyle><color>ff00ff00</color><width>3</width></LineStyle></Style><LineString><coordinates>-70.8767983,-33.187045,0 -70.8751083,-33.1893066,0</coordinates></LineString></Placemark><Placemark><name>Trabajado - Cuartel 1722 - Hilera 2152</name><Style><LineStyle><color>ff00ff00</color><width>3</width></LineStyle></Style><LineString><coordinates>-70.8751133,-33.1892766,0 -70.876755,-33.1869033,0</coordinates></LineString></Placemark><Placemark><name>Descartado (grupo chico) - Hilera 1723</name><Style><LineStyle><color>ff00ffff</color><width>3</width></LineStyle></Style><LineString><coordinates>-70.8751133,-33.1892933,0 -70.8751483,-33.1893716,0</coordinates></LineString></Placemark><Placemark><name>Descartado (grupo chico) - Hilera 1868</name><Style><LineStyle><color>ff00ffff</color><width>3</width></LineStyle></Style><LineString><coordinates>-70.875125,-33.189345,0 -70.87512302099474,-33.189214967713376,0</coordinates></LineString></Placemark><Placemark><name>Descartado (grupo chico) - Hilera 1724</name><Style><LineStyle><color>ff00ffff</color><width>3</width></LineStyle></Style><LineString><coordinates>-70.8788716,-33.1918,0 -70.8788683,-33.1919049,0</coordinates></LineString></Placemark><Placemark><name>Descartado (grupo chico) - Hilera 1878</name><Style><LineStyle><color>ff00ffff</color><width>3</width></LineStyle></Style><LineString><coordinates>-70.8788516,-33.19178,0 -70.878855,-33.1918566,0</coordinates></LineString></Placemark><Placemark><name>Descartado (grupo chico) - Hilera 2049</name><Style><LineStyle><color>ff00ffff</color><width>3</width></LineStyle></Style><LineString><coordinates>-70.878845,-33.191815,0 -70.8788066,-33.1917433,0</coordinates></LineString></Placemark><Placemark><name>Descartado (grupo chico) - Hilera 2230</name><Style><LineStyle><color>ff00ffff</color><width>3</width></LineStyle></Style><LineString><coordinates>-70.878945,-33.1917333,0 -70.8789616,-33.1918066,0</coordinates></LineString></Placemark><Placemark><name>Descartado (grupo chico) - Hilera 1725</name><Style><LineStyle><color>ff00ffff</color><width>3</width></LineStyle></Style><LineString><coordinates>-70.87887508919752,-33.19189480694086,0 -70.8778133,-33.1934733,0</coordinates></LineString></Placemark><Placemark><name>Descartado (grupo chico) - Hilera 1866</name><Style><LineStyle><color>ff00ffff</color><width>3</width></LineStyle></Style><LineString><coordinates>-70.8778533,-33.1934766,0 -70.878845,-33.191725,0</coordinates></LineString></Placemark><Placemark><name>Descartado (grupo chico) - Hilera 1879</name><Style><LineStyle><color>ff00ffff</color><width>3</width></LineStyle></Style><LineString><coordinates>-70.87902132953714,-33.19160477455473,0 -70.8777883,-33.1934716,0</coordinates></LineString></Placemark><Placemark><name>Descartado (grupo chico) - Hilera 2048</name><Style><LineStyle><color>ff00ffff</color><width>3</width></LineStyle></Style><LineString><coordinates>-70.8778149,-33.1934883,0 -70.878845,-33.191815,0</coordinates></LineString></Placemark><Placemark><name>Descartado (grupo chico) - Hilera 1728</name><Style><LineStyle><color>ff00ffff</color><width>3</width></LineStyle></Style><LineString><coordinates>-70.8779649,-33.19533,0 -70.87795,-33.1954016,0</coordinates></LineString></Placemark><Placemark><name>Descartado (grupo chico) - Hilera 1741</name><Style><LineStyle><color>ff00ffff</color><width>3</width></LineStyle></Style><LineString><coordinates>-70.8763133,-33.1976433,0 -70.8775283,-33.1977816,0</coordinates></LineString></Placemark><Placemark><name>Descartado (grupo chico) - Hilera 1742</name><Style><LineStyle><color>ff00ffff</color><width>3</width></LineStyle></Style><LineString><coordinates>-70.8775283,-33.1977816,0 -70.87625,-33.1976649,0</coordinates></LineString></Placemark><Placemark><name>Descartado (grupo chico) - Hilera 1769</name><Style><LineStyle><color>ff00ffff</color><width>3</width></LineStyle></Style><LineString><coordinates>-70.8765233,-33.1977333,0 -70.876315,-33.1977149,0</coordinates></LineString></Placemark><Placemark><name>Descartado (grupo chico) - Hilera 1770</name><Style><LineStyle><color>ff00ffff</color><width>3</width></LineStyle></Style><LineString><coordinates>-70.876315,-33.1977149,0 -70.8781969446484,-33.198015082689906,0</coordinates></LineString></Placemark><Placemark><name>Descartado (grupo chico) - Hilera 1765</name><Style><LineStyle><color>ff00ffff</color><width>3</width></LineStyle></Style><LineString><coordinates>-70.8784683,-33.19571,0 -70.87848,-33.1958083,0</coordinates></LineString></Placemark><Placemark><name>Descartado (grupo chico) - Hilera 1860</name><Style><LineStyle><color>ff00ffff</color><width>3</width></LineStyle></Style><LineString><coordinates>-70.8782966,-33.1980066,0 -70.8791283,-33.1982083,0</coordinates></LineString></Placemark><Placemark><name>Descartado (grupo chico) - Hilera 1861</name><Style><LineStyle><color>ff00ffff</color><width>3</width></LineStyle></Style><LineString><coordinates>-70.8791283,-33.1982083,0 -70.8786233,-33.1981816,0</coordinates></LineString></Placemark><Placemark><name>Descartado (grupo chico) - Hilera 1862</name><Style><LineStyle><color>ff00ffff</color><width>3</width></LineStyle></Style><LineString><coordinates>-70.8786233,-33.1981816,0 -70.8782733,-33.1980216,0</coordinates></LineString></Placemark><Placemark><name>Descartado (grupo chico) - Hilera 1924</name><Style><LineStyle><color>ff00ffff</color><width>3</width></LineStyle></Style><LineString><coordinates>-70.87923687957402,-33.19828173859757,0 -70.87957035486544,-33.19838867582183,0</coordinates></LineString></Placemark><Placemark><name>Descartado (grupo chico) - Hilera 1867</name><Style><LineStyle><color>ff00ffff</color><width>3</width></LineStyle></Style><LineString><coordinates>-70.878845,-33.191725,0 -70.875125,-33.189345,0</coordinates></LineString></Placemark><Placemark><name>Descartado (grupo chico) - Hilera 1877</name><Style><LineStyle><color>ff00ffff</color><width>3</width></LineStyle></Style><LineString><coordinates>-70.8750999,-33.1893033,0 -70.87887647092889,-33.19179641864476,0</coordinates></LineString></Placemark><Placemark><name>Descartado (grupo chico) - Hilera 2050</name><Style><LineStyle><color>ff00ffff</color><width>3</width></LineStyle></Style><LineString><coordinates>-70.8788066,-33.1917433,0 -70.8751033,-33.1893349,0</coordinates></LineString></Placemark><Placemark><name>Descartado (grupo chico) - Hilera 1933</name><Style><LineStyle><color>ff00ffff</color><width>3</width></LineStyle></Style><LineString><coordinates>-70.8800616,-33.1975966,0 -70.879975,-33.1976133,0</coordinates></LineString></Placemark><Placemark><name>Descartado (grupo chico) - Hilera 1974</name><Style><LineStyle><color>ff00ffff</color><width>3</width></LineStyle></Style><LineString><coordinates>-70.879955,-33.198495,0 -70.88156783969927,-33.198935634788285,0</coordinates></LineString></Placemark><Placemark><name>Descartado (grupo chico) - Hilera 1991</name><Style><LineStyle><color>ff00ffff</color><width>3</width></LineStyle></Style><LineString><coordinates>-70.8813983,-33.1989516,0 -70.880495,-33.1986966,0</coordinates></LineString></Placemark><Placemark><name>Descartado (grupo chico) - Hilera 2005</name><Style><LineStyle><color>ff00ffff</color><width>3</width></LineStyle></Style><LineString><coordinates>-70.8806416,-33.1986716,0 -70.8815783,-33.1989083,0</coordinates></LineString></Placemark><Placemark><name>Trabajado - Cuartel 1989 - Hilera 1989</name><Style><LineStyle><color>ff00ff00</color><width>3</width></LineStyle></Style><LineString><coordinates>-70.8815733,-33.1989216,0 -70.881655,-33.1988816,0</coordinates></LineString></Placemark><Placemark><name>Trabajado - Cuartel 1989 - Hilera 1990</name><Style><LineStyle><color>ff00ff00</color><width>3</width></LineStyle></Style><LineString><coordinates>-70.881655,-33.1988816,0 -70.8813983,-33.1989516,0</coordinates></LineString></Placemark><Placemark><name>Trabajado - Cuartel 1989 - Hilera 2062</name><Style><LineStyle><color>ff00ff00</color><width>3</width></LineStyle></Style><LineString><coordinates>-70.8817983,-33.1987816,0 -70.8831233,-33.1983399,0</coordinates></LineString></Placemark><Placemark><name>Trabajado - Cuartel 1989 - Hilera 2063</name><Style><LineStyle><color>ff00ff00</color><width>3</width></LineStyle></Style><LineString><coordinates>-70.8831033,-33.1983183,0 -70.8817366,-33.1988166,0</coordinates></LineString></Placemark><Placemark><name>Trabajado - Cuartel 1989 - Hilera 2067</name><Style><LineStyle><color>ff00ff00</color><width>3</width></LineStyle></Style><LineString><coordinates>-70.88178434300222,-33.19878414566617,0 -70.8823583,-33.1985599,0</coordinates></LineString></Placemark><Placemark><name>Trabajado - Cuartel 1989 - Hilera 2087</name><Style><LineStyle><color>ff00ff00</color><width>3</width></LineStyle></Style><LineString><coordinates>-70.8821866,-33.19848,0 -70.8820933,-33.1985483,0</coordinates></LineString></Placemark><Placemark><name>Descartado (grupo chico) - Hilera 2040</name><Style><LineStyle><color>ff00ffff</color><width>3</width></LineStyle></Style><LineString><coordinates>-70.8814833,-33.1973666,0 -70.8825466,-33.1961833,0</coordinates></LineString></Placemark><Placemark><name>Descartado (grupo chico) - Hilera 2041</name><Style><LineStyle><color>ff00ffff</color><width>3</width></LineStyle></Style><LineString><coordinates>-70.88292567480674,-33.1958024963364,0 -70.8814983,-33.19728,0</coordinates></LineString></Placemark><Placemark><name>Descartado (grupo chico) - Hilera 2047</name><Style><LineStyle><color>ff00ffff</color><width>3</width></LineStyle></Style><LineString><coordinates>-70.8817116,-33.1970866,0 -70.88310017378738,-33.195713986830846,0</coordinates></LineString></Placemark><Placemark><name>Descartado (grupo chico) - Hilera 2464</name><Style><LineStyle><color>ff00ffff</color><width>3</width></LineStyle></Style><LineString><coordinates>-70.8830766,-33.19577,0 -70.8811783,-33.1974916,0</coordinates></LineString></Placemark><Placemark><name>Descartado (grupo chico) - Hilera 2072</name><Style><LineStyle><color>ff00ffff</color><width>3</width></LineStyle></Style><LineString><coordinates>-70.8819099,-33.1983966,0 -70.8819433,-33.1986116,0</coordinates></LineString></Placemark><Placemark><name>Descartado (grupo chico) - Hilera 2084</name><Style><LineStyle><color>ff00ffff</color><width>3</width></LineStyle></Style><LineString><coordinates>-70.8821133,-33.1986483,0 -70.8821833,-33.198385,0</coordinates></LineString></Placemark><Placemark><name>Descartado (grupo chico) - Hilera 2109</name><Style><LineStyle><color>ff00ffff</color><width>3</width></LineStyle></Style><LineString><coordinates>-70.882695,-33.19792,0 -70.8825816,-33.1982349,0</coordinates></LineString></Placemark><Placemark><name>Descartado (grupo chico) - Hilera 2111</name><Style><LineStyle><color>ff00ffff</color><width>3</width></LineStyle></Style><LineString><coordinates>-70.8826283,-33.1983266,0 -70.882575,-33.1985216,0</coordinates></LineString></Placemark><Placemark><name>Trabajado - Cuartel 2077 - Hilera 2077</name><Style><LineStyle><color>ff00ff00</color><width>3</width></LineStyle></Style><LineString><coordinates>-70.8831199,-33.1956966,0 -70.8834383,-33.195695,0</coordinates></LineString></Placemark><Placemark><name>Trabajado - Cuartel 2077 - Hilera 2078</name><Style><LineStyle><color>ff00ff00</color><width>3</width></LineStyle></Style><LineString><coordinates>-70.8834383,-33.195695,0 -70.883565,-33.1956533,0</coordinates></LineString></Placemark><Placemark><name>Trabajado - Cuartel 2077 - Hilera 2079</name><Style><LineStyle><color>ff00ff00</color><width>3</width></LineStyle></Style><LineString><coordinates>-70.8834966,-33.1956783,0 -70.8831016,-33.195715,0</coordinates></LineString></Placemark><Placemark><name>Trabajado - Cuartel 2077 - Hilera 2103</name><Style><LineStyle><color>ff00ff00</color><width>3</width></LineStyle></Style><LineString><coordinates>-70.8827933,-33.1960416,0 -70.8831666,-33.1957416,0</coordinates></LineString></Placemark><Placemark><name>Trabajado - Cuartel 2077 - Hilera 2104</name><Style><LineStyle><color>ff00ff00</color><width>3</width></LineStyle></Style><LineString><coordinates>-70.8831666,-33.1957416,0 -70.8834233,-33.1958183,0</coordinates></LineString></Placemark><Placemark><name>Trabajado - Cuartel 2077 - Hilera 2105</name><Style><LineStyle><color>ff00ff00</color><width>3</width></LineStyle></Style><LineString><coordinates>-70.8834233,-33.1958183,0 -70.8835616,-33.1957216,0</coordinates></LineString></Placemark><Placemark><name>Trabajado - Cuartel 2077 - Hilera 2106</name><Style><LineStyle><color>ff00ff00</color><width>3</width></LineStyle></Style><LineString><coordinates>-70.883465,-33.1957733,0 -70.8831466,-33.1957383,0</coordinates></LineString></Placemark><Placemark><name>Trabajado - Cuartel 2077 - Hilera 2107</name><Style><LineStyle><color>ff00ff00</color><width>3</width></LineStyle></Style><LineString><coordinates>-70.8831466,-33.1957383,0 -70.8828033,-33.1960633,0</coordinates></LineString></Placemark><Placemark><name>Trabajado - Cuartel 2077 - Hilera 2114</name><Style><LineStyle><color>ff00ff00</color><width>3</width></LineStyle></Style><LineString><coordinates>-70.8829816,-33.1959766,0 -70.8828733,-33.1959666,0</coordinates></LineString></Placemark><Placemark><name>Trabajado - Cuartel 2077 - Hilera 2115</name><Style><LineStyle><color>ff00ff00</color><width>3</width></LineStyle></Style><LineString><coordinates>-70.8828733,-33.1959666,0 -70.8827733,-33.1959283,0</coordinates></LineString></Placemark><Placemark><name>Trabajado - Cuartel 2077 - Hilera 2124</name><Style><LineStyle><color>ff00ff00</color><width>3</width></LineStyle></Style><LineString><coordinates>-70.88318700330474,-33.195708175637144,0 -70.88339,-33.1957166,0</coordinates></LineString></Placemark><Placemark><name>Trabajado - Cuartel 2077 - Hilera 2126</name><Style><LineStyle><color>ff00ff00</color><width>3</width></LineStyle></Style><LineString><coordinates>-70.8832183,-33.1958116,0 -70.8832666,-33.1957433,0</coordinates></LineString></Placemark><Placemark><name>Trabajado - Cuartel 2077 - Hilera 2131</name><Style><LineStyle><color>ff00ff00</color><width>3</width></LineStyle></Style><LineString><coordinates>-70.8833983,-33.195755,0 -70.8833216,-33.1958633,0</coordinates></LineString></Placemark><Placemark><name>Trabajado - Cuartel 2077 - Hilera 2144</name><Style><LineStyle><color>ff00ff00</color><width>3</width></LineStyle></Style><LineString><coordinates>-70.88399,-33.1954983,0 -70.883575,-33.1957449,0</coordinates></LineString></Placemark><Placemark><name>Trabajado - Cuartel 2077 - Hilera 2165</name><Style><LineStyle><color>ff00ff00</color><width>3</width></LineStyle></Style><LineString><coordinates>-70.8838799,-33.1955033,0 -70.8837166,-33.1956533,0</coordinates></LineString></Placemark><Placemark><name>Trabajado - Cuartel 2088 - Hilera 2088</name><Style><LineStyle><color>ff00ff00</color><width>3</width></LineStyle></Style><LineString><coordinates>-70.8820933,-33.1985483,0 -70.8821683,-33.19862,0</coordinates></LineString></Placemark><Placemark><name>Trabajado - Cuartel 2088 - Hilera 2108</name><Style><LineStyle><color>ff00ff00</color><width>3</width></LineStyle></Style><LineString><coordinates>-70.8826433,-33.19783,0 -70.882695,-33.19792,0</coordinates></LineString></Placemark><Placemark><name>Trabajado - Cuartel 2088 - Hilera 2110</name><Style><LineStyle><color>ff00ff00</color><width>3</width></LineStyle></Style><LineString><coordinates>-70.8825816,-33.1982349,0 -70.8826283,-33.1983266,0</coordinates></LineString></Placemark><Placemark><name>Trabajado - Cuartel 2088 - Hilera 2266</name><Style><LineStyle><color>ff00ff00</color><width>3</width></LineStyle></Style><LineString><coordinates>-70.881975,-33.1986083,0 -70.8820333,-33.1986633,0</coordinates></LineString></Placemark><Placemark><name>Trabajado - Cuartel 2088 - Hilera 2415</name><Style><LineStyle><color>ff00ff00</color><width>3</width></LineStyle></Style><LineString><coordinates>-70.88249,-33.1985716,0 -70.882405,-33.1985083,0</coordinates></LineString></Placemark><Placemark><name>Descartado (grupo chico) - Hilera 2113</name><Style><LineStyle><color>ff00ffff</color><width>3</width></LineStyle></Style><LineString><coordinates>-70.8829783,-33.1958683,0 -70.8829816,-33.1959766,0</coordinates></LineString></Placemark><Placemark><name>Trabajado - Cuartel 2133 - Hilera 2133</name><Style><LineStyle><color>ff00ff00</color><width>3</width></LineStyle></Style><LineString><coordinates>-70.88309430371162,-33.198373170716486,0 -70.8835383,-33.19827,0</coordinates></LineString></Placemark><Placemark><name>Trabajado - Cuartel 2133 - Hilera 2170</name><Style><LineStyle><color>ff00ff00</color><width>3</width></LineStyle></Style><LineString><coordinates>-70.8836133,-33.19826,0 -70.88439,-33.1981316,0</coordinates></LineString></Placemark><Placemark><name>Trabajado - Cuartel 2133 - Hilera 2171</name><Style><LineStyle><color>ff00ff00</color><width>3</width></LineStyle></Style><LineString><coordinates>-70.88553485995477,-33.1979176424003,0 -70.8820330860212,-33.19866259366961,0</coordinates></LineString></Placemark><Placemark><name>Trabajado - Cuartel 2133 - Hilera 2197</name><Style><LineStyle><color>ff00ff00</color><width>3</width></LineStyle></Style><LineString><coordinates>-70.88434064051118,-33.198117550895894,0 -70.8845916,-33.198065,0</coordinates></LineString></Placemark><Placemark><name>Trabajado - Cuartel 2133 - Hilera 2209</name><Style><LineStyle><color>ff00ff00</color><width>3</width></LineStyle></Style><LineString><coordinates>-70.88465644507149,-33.19796894748308,0 -70.88515716373382,-33.19789920950783,0</coordinates></LineString></Placemark><Placemark><name>Trabajado - Cuartel 2133 - Hilera 2414</name><Style><LineStyle><color>ff00ff00</color><width>3</width></LineStyle></Style><LineString><coordinates>-70.8882,-33.1978266,0 -70.88249,-33.1985716,0</coordinates></LineString></Placemark><Placemark><name>Trabajado - Cuartel 2133 - Hilera 2416</name><Style><LineStyle><color>ff00ff00</color><width>3</width></LineStyle></Style><LineString><coordinates>-70.882575,-33.1985333,0 -70.888285,-33.1977916,0</coordinates></LineString></Placemark><Placemark><name>Trabajado - Cuartel 2142 - Hilera 2142</name><Style><LineStyle><color>ff00ff00</color><width>3</width></LineStyle></Style><LineString><coordinates>-70.883635,-33.195695,0 -70.8855143910445,-33.19559036074169,0</coordinates></LineString></Placemark><Placemark><name>Trabajado - Cuartel 2142 - Hilera 2143</name><Style><LineStyle><color>ff00ff00</color><width>3</width></LineStyle></Style><LineString><coordinates>-70.8854616,-33.1955933,0 -70.88399,-33.1954983,0</coordinates></LineString></Placemark><Placemark><name>Trabajado - Cuartel 2142 - Hilera 2147</name><Style><LineStyle><color>ff00ff00</color><width>3</width></LineStyle></Style><LineString><coordinates>-70.8837716,-33.1956283,0 -70.8853733,-33.1955783,0</coordinates></LineString></Placemark><Placemark><name>Trabajado - Cuartel 2142 - Hilera 2148</name><Style><LineStyle><color>ff00ff00</color><width>3</width></LineStyle></Style><LineString><coordinates>-70.8853733,-33.1955783,0 -70.88558673299322,-33.195242058975424,0</coordinates></LineString></Placemark><Placemark><name>Trabajado - Cuartel 2142 - Hilera 2149</name><Style><LineStyle><color>ff00ff00</color><width>3</width></LineStyle></Style><LineString><coordinates>-70.8855066,-33.1953683,0 -70.885585,-33.195325,0</coordinates></LineString></Placemark><Placemark><name>Trabajado - Cuartel 2142 - Hilera 2163</name><Style><LineStyle><color>ff00ff00</color><width>3</width></LineStyle></Style><LineString><coordinates>-70.8855683,-33.1953066,0 -70.88498105008674,-33.195741164935804,0</coordinates></LineString></Placemark><Placemark><name>Trabajado - Cuartel 2142 - Hilera 2164</name><Style><LineStyle><color>ff00ff00</color><width>3</width></LineStyle></Style><LineString><coordinates>-70.88530684679803,-33.19552542003075,0 -70.8838799,-33.1955033,0</coordinates></LineString></Placemark><Placemark><name>Trabajado - Cuartel 2142 - Hilera 2184</name><Style><LineStyle><color>ff00ff00</color><width>3</width></LineStyle></Style><LineString><coordinates>-70.88422324292296,-33.19547788259134,0 -70.8843966,-33.1954833,0</coordinates></LineString></Placemark><Placemark><name>Trabajado - Cuartel 2142 - Hilera 2201</name><Style><LineStyle><color>ff00ff00</color><width>3</width></LineStyle></Style><LineString><coordinates>-70.88464593135889,-33.19552423961073,0 -70.8847833,-33.19548,0</coordinates></LineString></Placemark><Placemark><name>Trabajado - Cuartel 2142 - Hilera 2210</name><Style><LineStyle><color>ff00ff00</color><width>3</width></LineStyle></Style><LineString><coordinates>-70.8849333,-33.1955233,0 -70.8850433,-33.1955516,0</coordinates></LineString></Placemark><Placemark><name>Trabajado - Cuartel 2142 - Hilera 2212</name><Style><LineStyle><color>ff00ff00</color><width>3</width></LineStyle></Style><LineString><coordinates>-70.8849166,-33.1956366,0 -70.8850283,-33.1955283,0</coordinates></LineString></Placemark><Placemark><name>Trabajado - Cuartel 2142 - Hilera 2216</name><Style><LineStyle><color>ff00ff00</color><width>3</width></LineStyle></Style><LineString><coordinates>-70.8851183,-33.19561,0 -70.8853466,-33.1955433,0</coordinates></LineString></Placemark><Placemark><name>Trabajado - Cuartel 2142 - Hilera 2217</name><Style><LineStyle><color>ff00ff00</color><width>3</width></LineStyle></Style><LineString><coordinates>-70.8853466,-33.1955433,0 -70.88557819505358,-33.19530992686539,0</coordinates></LineString></Placemark><Placemark><name>Trabajado - Cuartel 2142 - Hilera 2232</name><Style><LineStyle><color>ff00ff00</color><width>3</width></LineStyle></Style><LineString><coordinates>-70.8855566,-33.1953216,0 -70.8853066,-33.1955366,0</coordinates></LineString></Placemark><Placemark><name>Trabajado - Cuartel 2142 - Hilera 2239</name><Style><LineStyle><color>ff00ff00</color><width>3</width></LineStyle></Style><LineString><coordinates>-70.8852283,-33.1955366,0 -70.8851283,-33.1956149,0</coordinates></LineString></Placemark><Placemark><name>Trabajado - Cuartel 2142 - Hilera 2249</name><Style><LineStyle><color>ff00ff00</color><width>3</width></LineStyle></Style><LineString><coordinates>-70.8853483,-33.1955566,0 -70.88774061107677,-33.19615415947781,0</coordinates></LineString></Placemark><Placemark><name>Trabajado - Cuartel 2142 - Hilera 2258</name><Style><LineStyle><color>ff00ff00</color><width>3</width></LineStyle></Style><LineString><coordinates>-70.8856583,-33.195655,0 -70.8857516,-33.195635,0</coordinates></LineString></Placemark><Placemark><name>Trabajado - Cuartel 2142 - Hilera 2259</name><Style><LineStyle><color>ff00ff00</color><width>3</width></LineStyle></Style><LineString><coordinates>-70.8857516,-33.195635,0 -70.885585,-33.1955883,0</coordinates></LineString></Placemark><Placemark><name>Trabajado - Cuartel 2142 - Hilera 2263</name><Style><LineStyle><color>ff00ff00</color><width>3</width></LineStyle></Style><LineString><coordinates>-70.885695,-33.19567,0 -70.8858433,-33.1956716,0</coordinates></LineString></Placemark><Placemark><name>Trabajado - Cuartel 2142 - Hilera 2264</name><Style><LineStyle><color>ff00ff00</color><width>3</width></LineStyle></Style><LineString><coordinates>-70.8856349,-33.1957566,0 -70.8857133,-33.1956916,0</coordinates></LineString></Placemark><Placemark><name>Trabajado - Cuartel 2142 - Hilera 2278</name><Style><LineStyle><color>ff00ff00</color><width>3</width></LineStyle></Style><LineString><coordinates>-70.8860166,-33.1958116,0 -70.8860599,-33.1957449,0</coordinates></LineString></Placemark><Placemark><name>Trabajado - Cuartel 2142 - Hilera 2287</name><Style><LineStyle><color>ff00ff00</color><width>3</width></LineStyle></Style><LineString><coordinates>-70.8862333,-33.1958866,0 -70.8863633,-33.195835,0</coordinates></LineString></Placemark><Placemark><name>Trabajado - Cuartel 2142 - Hilera 2288</name><Style><LineStyle><color>ff00ff00</color><width>3</width></LineStyle></Style><LineString><coordinates>-70.8863083,-33.1958083,0 -70.8861866,-33.1958083,0</coordinates></LineString></Placemark><Placemark><name>Trabajado - Cuartel 2142 - Hilera 2305</name><Style><LineStyle><color>ff00ff00</color><width>3</width></LineStyle></Style><LineString><coordinates>-70.8865216,-33.1960383,0 -70.886615,-33.195945,0</coordinates></LineString></Placemark><Placemark><name>Trabajado - Cuartel 2142 - Hilera 2308</name><Style><LineStyle><color>ff00ff00</color><width>3</width></LineStyle></Style><LineString><coordinates>-70.8868233,-33.1959233,0 -70.88673,-33.1959766,0</coordinates></LineString></Placemark><Placemark><name>Trabajado - Cuartel 2142 - Hilera 2312</name><Style><LineStyle><color>ff00ff00</color><width>3</width></LineStyle></Style><LineString><coordinates>-70.886645,-33.1959416,0 -70.8869,-33.1959416,0</coordinates></LineString></Placemark><Placemark><name>Trabajado - Cuartel 2142 - Hilera 2317</name><Style><LineStyle><color>ff00ff00</color><width>3</width></LineStyle></Style><LineString><coordinates>-70.8867349,-33.1960733,0 -70.8867999,-33.1959766,0</coordinates></LineString></Placemark><Placemark><name>Trabajado - Cuartel 2142 - Hilera 2328</name><Style><LineStyle><color>ff00ff00</color><width>3</width></LineStyle></Style><LineString><coordinates>-70.88704965563366,-33.19600176705205,0 -70.88722,-33.1959816,0</coordinates></LineString></Placemark><Placemark><name>Trabajado - Cuartel 2142 - Hilera 2336</name><Style><LineStyle><color>ff00ff00</color><width>3</width></LineStyle></Style><LineString><coordinates>-70.88722,-33.1961933,0 -70.8873716,-33.1960566,0</coordinates></LineString></Placemark><Placemark><name>Trabajado - Cuartel 2142 - Hilera 2337</name><Style><LineStyle><color>ff00ff00</color><width>3</width></LineStyle></Style><LineString><coordinates>-70.8873716,-33.1960566,0 -70.887225,-33.1960483,0</coordinates></LineString></Placemark><Placemark><name>Trabajado - Cuartel 2142 - Hilera 2338</name><Style><LineStyle><color>ff00ff00</color><width>3</width></LineStyle></Style><LineString><coordinates>-70.88721770747183,-33.19604657837226,0 -70.8877333,-33.1961683,0</coordinates></LineString></Placemark><Placemark><name>Trabajado - Cuartel 2142 - Hilera 2341</name><Style><LineStyle><color>ff00ff00</color><width>3</width></LineStyle></Style><LineString><coordinates>-70.8872916,-33.1962816,0 -70.8874566,-33.1961066,0</coordinates></LineString></Placemark><Placemark><name>Trabajado - Cuartel 2142 - Hilera 2342</name><Style><LineStyle><color>ff00ff00</color><width>3</width></LineStyle></Style><LineString><coordinates>-70.8876233,-33.1960983,0 -70.8854116,-33.1955316,0</coordinates></LineString></Placemark><Placemark><name>Trabajado - Cuartel 2142 - Hilera 2352</name><Style><LineStyle><color>ff00ff00</color><width>3</width></LineStyle></Style><LineString><coordinates>-70.8854366,-33.1955083,0 -70.8872833,-33.196075,0</coordinates></LineString></Placemark><Placemark><name>Trabajado - Cuartel 2142 - Hilera 2357</name><Style><LineStyle><color>ff00ff00</color><width>3</width></LineStyle></Style><LineString><coordinates>-70.8874133,-33.1960633,0 -70.887345,-33.1961399,0</coordinates></LineString></Placemark><Placemark><name>Trabajado - Cuartel 2142 - Hilera 2379</name><Style><LineStyle><color>ff00ff00</color><width>3</width></LineStyle></Style><LineString><coordinates>-70.8876416,-33.1961766,0 -70.8877283,-33.1961633,0</coordinates></LineString></Placemark><Placemark><name>Trabajado - Cuartel 2142 - Hilera 2382</name><Style><LineStyle><color>ff00ff00</color><width>3</width></LineStyle></Style><LineString><coordinates>-70.88777775244735,-33.196163059976094,0 -70.8895016,-33.1962799,0</coordinates></LineString></Placemark><Placemark><name>Trabajado - Cuartel 2142 - Hilera 2385</name><Style><LineStyle><color>ff00ff00</color><width>3</width></LineStyle></Style><LineString><coordinates>-70.8877966,-33.1962066,0 -70.88814143668992,-33.19614748513888,0</coordinates></LineString></Placemark><Placemark><name>Trabajado - Cuartel 2142 - Hilera 2392</name><Style><LineStyle><color>ff00ff00</color><width>3</width></LineStyle></Style><LineString><coordinates>-70.8880466,-33.1961366,0 -70.8879483,-33.19617,0</coordinates></LineString></Placemark><Placemark><name>Trabajado - Cuartel 2142 - Hilera 2404</name><Style><LineStyle><color>ff00ff00</color><width>3</width></LineStyle></Style><LineString><coordinates>-70.888195,-33.1961883,0 -70.8882966,-33.196155,0</coordinates></LineString></Placemark><Placemark><name>Trabajado - Cuartel 2142 - Hilera 2407</name><Style><LineStyle><color>ff00ff00</color><width>3</width></LineStyle></Style><LineString><coordinates>-70.8882883,-33.19619,0 -70.888205,-33.196235,0</coordinates></LineString></Placemark><Placemark><name>Trabajado - Cuartel 2142 - Hilera 2422</name><Style><LineStyle><color>ff00ff00</color><width>3</width></LineStyle></Style><LineString><coordinates>-70.8886583,-33.1962399,0 -70.88857,-33.1962933,0</coordinates></LineString></Placemark><Placemark><name>Trabajado - Cuartel 2142 - Hilera 2425</name><Style><LineStyle><color>ff00ff00</color><width>3</width></LineStyle></Style><LineString><coordinates>-70.8886333,-33.1963133,0 -70.888715,-33.1962516,0</coordinates></LineString></Placemark><Placemark><name>Trabajado - Cuartel 2142 - Hilera 2429</name><Style><LineStyle><color>ff00ff00</color><width>3</width></LineStyle></Style><LineString><coordinates>-70.88871,-33.1963383,0 -70.8887883,-33.1962533,0</coordinates></LineString></Placemark><Placemark><name>Trabajado - Cuartel 2142 - Hilera 2432</name><Style><LineStyle><color>ff00ff00</color><width>3</width></LineStyle></Style><LineString><coordinates>-70.8888016,-33.1962383,0 -70.888895,-33.1962149,0</coordinates></LineString></Placemark><Placemark><name>Trabajado - Cuartel 2142 - Hilera 2436</name><Style><LineStyle><color>ff00ff00</color><width>3</width></LineStyle></Style><LineString><coordinates>-70.888935,-33.1962133,0 -70.88904,-33.1962383,0</coordinates></LineString></Placemark><Placemark><name>Trabajado - Cuartel 2142 - Hilera 2437</name><Style><LineStyle><color>ff00ff00</color><width>3</width></LineStyle></Style><LineString><coordinates>-70.88904,-33.1962383,0 -70.8888349,-33.1963516,0</coordinates></LineString></Placemark><Placemark><name>Trabajado - Cuartel 2142 - Hilera 2447</name><Style><LineStyle><color>ff00ff00</color><width>3</width></LineStyle></Style><LineString><coordinates>-70.889275,-33.1962166,0 -70.889185,-33.1962366,0</coordinates></LineString></Placemark><Placemark><name>Trabajado - Cuartel 2142 - Hilera 2451</name><Style><LineStyle><color>ff00ff00</color><width>3</width></LineStyle></Style><LineString><coordinates>-70.8892633,-33.1962799,0 -70.889335,-33.1962366,0</coordinates></LineString></Placemark><Placemark><name>Trabajado - Cuartel 2142 - Hilera 2463</name><Style><LineStyle><color>ff00ff00</color><width>3</width></LineStyle></Style><LineString><coordinates>-70.889195,-33.196255,0 -70.88307602821904,-33.19577511979044,0</coordinates></LineString></Placemark><Placemark><name>Descartado (grupo chico) - Hilera 2150</name><Style><LineStyle><color>ff00ffff</color><width>3</width></LineStyle></Style><LineString><coordinates>-70.885605,-33.1952566,0 -70.8852032988573,-33.19450160042694,0</coordinates></LineString></Placemark><Placemark><name>Descartado (grupo chico) - Hilera 2162</name><Style><LineStyle><color>ff00ffff</color><width>3</width></LineStyle></Style><LineString><coordinates>-70.8852466,-33.1945833,0 -70.8855683,-33.1953066,0</coordinates></LineString></Placemark><Placemark><name>Descartado (grupo chico) - Hilera 2218</name><Style><LineStyle><color>ff00ffff</color><width>3</width></LineStyle></Style><LineString><coordinates>-70.885555,-33.1953333,0 -70.88512,-33.1945033,0</coordinates></LineString></Placemark><Placemark><name>Descartado (grupo chico) - Hilera 2343</name><Style><LineStyle><color>ff00ffff</color><width>3</width></LineStyle></Style><LineString><coordinates>-70.8855783,-33.19531,0 -70.885125,-33.1944816,0</coordinates></LineString></Placemark><Placemark><name>Descartado (grupo chico) - Hilera 2151</name><Style><LineStyle><color>ff00ffff</color><width>3</width></LineStyle></Style><LineString><coordinates>-70.8852166,-33.1945266,0 -70.875115,-33.1893433,0</coordinates></LineString></Placemark><Placemark><name>Descartado (grupo chico) - Hilera 2160</name><Style><LineStyle><color>ff00ffff</color><width>3</width></LineStyle></Style><LineString><coordinates>-70.8789183,-33.1917699,0 -70.88117069295654,-33.19239324166797,0</coordinates></LineString></Placemark><Placemark><name>Descartado (grupo chico) - Hilera 2219</name><Style><LineStyle><color>ff00ffff</color><width>3</width></LineStyle></Style><LineString><coordinates>-70.8811716,-33.1924299,0 -70.8789516,-33.1918299,0</coordinates></LineString></Placemark><Placemark><name>Descartado (grupo chico) - Hilera 2155</name><Style><LineStyle><color>ff00ffff</color><width>3</width></LineStyle></Style><LineString><coordinates>-70.8766516,-33.1872716,0 -70.8767149,-33.1873216,0</coordinates></LineString></Placemark><Placemark><name>Descartado (grupo chico) - Hilera 2156</name><Style><LineStyle><color>ff00ffff</color><width>3</width></LineStyle></Style><LineString><coordinates>-70.8767149,-33.1873216,0 -70.876975,-33.18734,0</coordinates></LineString></Placemark><Placemark><name>Descartado (grupo chico) - Hilera 2222</name><Style><LineStyle><color>ff00ffff</color><width>3</width></LineStyle></Style><LineString><coordinates>-70.87700868674085,-33.18738690901933,0 -70.8766916,-33.187325,0</coordinates></LineString></Placemark><Placemark><name>Descartado (grupo chico) - Hilera 2227</name><Style><LineStyle><color>ff00ffff</color><width>3</width></LineStyle></Style><LineString><coordinates>-70.8767233,-33.1873116,0 -70.8770183,-33.187365,0</coordinates></LineString></Placemark><Placemark><name>Descartado (grupo chico) - Hilera 2349</name><Style><LineStyle><color>ff00ffff</color><width>3</width></LineStyle></Style><LineString><coordinates>-70.8766866,-33.1872583,0 -70.876745,-33.1873183,0</coordinates></LineString></Placemark><Placemark><name>Descartado (grupo chico) - Hilera 2479</name><Style><LineStyle><color>ff00ffff</color><width>3</width></LineStyle></Style><LineString><coordinates>-70.8769466,-33.1873583,0 -70.8766383,-33.18727,0</coordinates></LineString></Placemark><Placemark><name>Descartado (grupo chico) - Hilera 2486</name><Style><LineStyle><color>ff00ffff</color><width>3</width></LineStyle></Style><LineString><coordinates>-70.8767266,-33.1872483,0 -70.87717,-33.1874216,0</coordinates></LineString></Placemark><Placemark><name>Descartado (grupo chico) - Hilera 2542</name><Style><LineStyle><color>ff00ffff</color><width>3</width></LineStyle></Style><LineString><coordinates>-70.8769399,-33.18738,0 -70.8767149,-33.18738,0</coordinates></LineString></Placemark><Placemark><name>Trabajado - Cuartel 2157 - Hilera 2157</name><Style><LineStyle><color>ff00ff00</color><width>3</width></LineStyle></Style><LineString><coordinates>-70.876975,-33.18734,0 -70.87828641865579,-33.188641469200135,0</coordinates></LineString></Placemark><Placemark><name>Trabajado - Cuartel 2157 - Hilera 2221</name><Style><LineStyle><color>ff00ff00</color><width>3</width></LineStyle></Style><LineString><coordinates>-70.8782166,-33.188575,0 -70.8769733,-33.18738,0</coordinates></LineString></Placemark><Placemark><name>Trabajado - Cuartel 2157 - Hilera 2345</name><Style><LineStyle><color>ff00ff00</color><width>3</width></LineStyle></Style><LineString><coordinates>-70.8782616,-33.1886016,0 -70.87745,-33.1880416,0</coordinates></LineString></Placemark><Placemark><name>Trabajado - Cuartel 2157 - Hilera 2346</name><Style><LineStyle><color>ff00ff00</color><width>3</width></LineStyle></Style><LineString><coordinates>-70.87745,-33.1880416,0 -70.8770083,-33.1873883,0</coordinates></LineString></Placemark><Placemark><name>Trabajado - Cuartel 2157 - Hilera 2350</name><Style><LineStyle><color>ff00ff00</color><width>3</width></LineStyle></Style><LineString><coordinates>-70.8769933,-33.1873533,0 -70.8782966,-33.1886133,0</coordinates></LineString></Placemark><Placemark><name>Trabajado - Cuartel 2157 - Hilera 2487</name><Style><LineStyle><color>ff00ff00</color><width>3</width></LineStyle></Style><LineString><coordinates>-70.87717,-33.1874216,0 -70.878315,-33.1886033,0</coordinates></LineString></Placemark><Placemark><name>Trabajado - Cuartel 2157 - Hilera 2541</name><Style><LineStyle><color>ff00ff00</color><width>3</width></LineStyle></Style><LineString><coordinates>-70.8782133,-33.1885966,0 -70.8769399,-33.18738,0</coordinates></LineString></Placemark><Placemark><name>Descartado (grupo chico) - Hilera 2158</name><Style><LineStyle><color>ff00ffff</color><width>3</width></LineStyle></Style><LineString><coordinates>-70.87825767074274,-33.188603550273044,0 -70.879443631488,-33.1902814354671,0</coordinates></LineString></Placemark><Placemark><name>Descartado (grupo chico) - Hilera 2220</name><Style><LineStyle><color>ff00ffff</color><width>3</width></LineStyle></Style><LineString><coordinates>-70.87938230368029,-33.190234720860666,0 -70.8782166,-33.188575,0</coordinates></LineString></Placemark><Placemark><name>Descartado (grupo chico) - Hilera 2228</name><Style><LineStyle><color>ff00ffff</color><width>3</width></LineStyle></Style><LineString><coordinates>-70.8782933,-33.1886366,0 -70.8793833,-33.1901566,0</coordinates></LineString></Placemark><Placemark><name>Descartado (grupo chico) - Hilera 2488</name><Style><LineStyle><color>ff00ffff</color><width>3</width></LineStyle></Style><LineString><coordinates>-70.878315,-33.1886033,0 -70.87942,-33.1902266,0</coordinates></LineString></Placemark><Placemark><name>Descartado (grupo chico) - Hilera 2159</name><Style><LineStyle><color>ff00ffff</color><width>3</width></LineStyle></Style><LineString><coordinates>-70.87937884920885,-33.19017757069655,0 -70.87896659871213,-33.19183252365294,0</coordinates></LineString></Placemark><Placemark><name>Descartado (grupo chico) - Hilera 2229</name><Style><LineStyle><color>ff00ffff</color><width>3</width></LineStyle></Style><LineString><coordinates>-70.8793833,-33.1901566,0 -70.878945,-33.1917333,0</coordinates></LineString></Placemark><Placemark><name>Descartado (grupo chico) - Hilera 2351</name><Style><LineStyle><color>ff00ffff</color><width>3</width></LineStyle></Style><LineString><coordinates>-70.8794433,-33.1902816,0 -70.8789983,-33.1918049,0</coordinates></LineString></Placemark><Placemark><name>Descartado (grupo chico) - Hilera 2161</name><Style><LineStyle><color>ff00ffff</color><width>3</width></LineStyle></Style><LineString><coordinates>-70.8810083,-33.1923483,0 -70.8852466,-33.1945833,0</coordinates></LineString></Placemark><Placemark><name>Descartado (grupo chico) - Hilera 2231</name><Style><LineStyle><color>ff00ffff</color><width>3</width></LineStyle></Style><LineString><coordinates>-70.88117,-33.192395,0 -70.885195,-33.194505,0</coordinates></LineString></Placemark><Placemark><name>Descartado (grupo chico) - Hilera 2168</name><Style><LineStyle><color>ff00ffff</color><width>3</width></LineStyle></Style><LineString><coordinates>-70.883775,-33.1956166,0 -70.8838466,-33.1956966,0</coordinates></LineString></Placemark><Placemark><name>Descartado (grupo chico) - Hilera 2174</name><Style><LineStyle><color>ff00ffff</color><width>3</width></LineStyle></Style><LineString><coordinates>-70.8838216,-33.19558,0 -70.8838666,-33.1956633,0</coordinates></LineString></Placemark><Placemark><name>Descartado (grupo chico) - Hilera 2172</name><Style><LineStyle><color>ff00ffff</color><width>3</width></LineStyle></Style><LineString><coordinates>-70.88373,-33.1983016,0 -70.8836099,-33.1981149,0</coordinates></LineString></Placemark><Placemark><name>Descartado (grupo chico) - Hilera 2246</name><Style><LineStyle><color>ff00ffff</color><width>3</width></LineStyle></Style><LineString><coordinates>-70.8851749,-33.1977633,0 -70.8852666,-33.1979416,0</coordinates></LineString></Placemark><Placemark><name>Descartado (grupo chico) - Hilera 2247</name><Style><LineStyle><color>ff00ffff</color><width>3</width></LineStyle></Style><LineString><coordinates>-70.88516822064695,-33.19794322368356,0 -70.8868783,-33.197915,0</coordinates></LineString></Placemark><Placemark><name>Descartado (grupo chico) - Hilera 2273</name><Style><LineStyle><color>ff00ffff</color><width>3</width></LineStyle></Style><LineString><coordinates>-70.8859966,-33.1957433,0 -70.8859333,-33.1956766,0</coordinates></LineString></Placemark><Placemark><name>Descartado (grupo chico) - Hilera 2293</name><Style><LineStyle><color>ff00ffff</color><width>3</width></LineStyle></Style><LineString><coordinates>-70.8863083,-33.1960283,0 -70.8862516,-33.1959533,0</coordinates></LineString></Placemark><Placemark><name>Descartado (grupo chico) - Hilera 2301</name><Style><LineStyle><color>ff00ffff</color><width>3</width></LineStyle></Style><LineString><coordinates>-70.886375,-33.1958933,0 -70.8864666,-33.19596,0</coordinates></LineString></Placemark><Placemark><name>Descartado (grupo chico) - Hilera 2344</name><Style><LineStyle><color>ff00ffff</color><width>3</width></LineStyle></Style><LineString><coordinates>-70.88519652173632,-33.19451258652811,0 -70.8789583,-33.1918099,0</coordinates></LineString></Placemark><Placemark><name>Descartado (grupo chico) - Hilera 2362</name><Style><LineStyle><color>ff00ffff</color><width>3</width></LineStyle></Style><LineString><coordinates>-70.887465,-33.1963333,0 -70.8873816,-33.1962733,0</coordinates></LineString></Placemark><Placemark><name>Descartado (grupo chico) - Hilera 2363</name><Style><LineStyle><color>ff00ffff</color><width>3</width></LineStyle></Style><LineString><coordinates>-70.8873816,-33.1962733,0 -70.8874466,-33.196035,0</coordinates></LineString></Placemark><Placemark><name>Descartado (grupo chico) - Hilera 2369</name><Style><LineStyle><color>ff00ffff</color><width>3</width></LineStyle></Style><LineString><coordinates>-70.8874133,-33.1977966,0 -70.8874666,-33.1978916,0</coordinates></LineString></Placemark><Placemark><name>Descartado (grupo chico) - Hilera 2375</name><Style><LineStyle><color>ff00ffff</color><width>3</width></LineStyle></Style><LineString><coordinates>-70.887515,-33.1978733,0 -70.8874316,-33.1977683,0</coordinates></LineString></Placemark><Placemark><name>Descartado (grupo chico) - Hilera 2370</name><Style><LineStyle><color>ff00ffff</color><width>3</width></LineStyle></Style><LineString><coordinates>-70.8874666,-33.1978916,0 -70.8889383,-33.1977666,0</coordinates></LineString></Placemark><Placemark><name>Descartado (grupo chico) - Hilera 2374</name><Style><LineStyle><color>ff00ffff</color><width>3</width></LineStyle></Style><LineString><coordinates>-70.8887333,-33.1978149,0 -70.887515,-33.1978733,0</coordinates></LineString></Placemark><Placemark><name>Descartado (grupo chico) - Hilera 2371</name><Style><LineStyle><color>ff00ffff</color><width>3</width></LineStyle></Style><LineString><coordinates>-70.8889383,-33.1977666,0 -70.88941,-33.1973916,0</coordinates></LineString></Placemark><Placemark><name>Descartado (grupo chico) - Hilera 2373</name><Style><LineStyle><color>ff00ffff</color><width>3</width></LineStyle></Style><LineString><coordinates>-70.88942,-33.1974183,0 -70.8887333,-33.1978149,0</coordinates></LineString></Placemark><Placemark><name>Descartado (grupo chico) - Hilera 2383</name><Style><LineStyle><color>ff00ffff</color><width>3</width></LineStyle></Style><LineString><coordinates>-70.8895016,-33.1962799,0 -70.8895466,-33.1963499,0</coordinates></LineString></Placemark><Placemark><name>Descartado (grupo chico) - Hilera 2390</name><Style><LineStyle><color>ff00ffff</color><width>3</width></LineStyle></Style><LineString><coordinates>-70.8878916,-33.1961783,0 -70.8879366,-33.1962666,0</coordinates></LineString></Placemark><Placemark><name>Descartado (grupo chico) - Hilera 2400</name><Style><LineStyle><color>ff00ffff</color><width>3</width></LineStyle></Style><LineString><coordinates>-70.8880716,-33.1963516,0 -70.88811,-33.19619,0</coordinates></LineString></Placemark><Placemark><name>Descartado (grupo chico) - Hilera 2459</name><Style><LineStyle><color>ff00ffff</color><width>3</width></LineStyle></Style><LineString><coordinates>-70.8892299,-33.1976083,0 -70.88919,-33.1975216,0</coordinates></LineString></Placemark><Placemark><name>Descartado (grupo chico) - Hilera 2478</name><Style><LineStyle><color>ff00ffff</color><width>3</width></LineStyle></Style><LineString><coordinates>-70.87779,-33.193475,0 -70.87935,-33.1902083,0</coordinates></LineString></Placemark><Placemark><name>Descartado (grupo chico) - Hilera 2489</name><Style><LineStyle><color>ff00ffff</color><width>3</width></LineStyle></Style><LineString><coordinates>-70.87942,-33.1902266,0 -70.8778149,-33.1934299,0</coordinates></LineString></Placemark><Placemark><name>Descartado (grupo chico) - Hilera 2540</name><Style><LineStyle><color>ff00ffff</color><width>3</width></LineStyle></Style><LineString><coordinates>-70.8778183,-33.193535,0 -70.8793716,-33.19024,0</coordinates></LineString></Placemark><Placemark><name>Descartado (grupo chico) - Hilera 2500</name><Style><LineStyle><color>ff00ffff</color><width>3</width></LineStyle></Style><LineString><coordinates>-70.8798549,-33.1960333,0 -70.879815,-33.195945,0</coordinates></LineString></Placemark><Placemark><name>Descartado (grupo chico) - Hilera 2514</name><Style><LineStyle><color>ff00ffff</color><width>3</width></LineStyle></Style><LineString><coordinates>-70.8773316,-33.1940199,0 -70.8787016,-33.1949483,0</coordinates></LineString></Placemark><Placemark><name>Descartado (grupo chico) - Hilera 2519</name><Style><LineStyle><color>ff00ffff</color><width>3</width></LineStyle></Style><LineString><coordinates>-70.8774266,-33.1939216,0 -70.8775899,-33.1940016,0</coordinates></LineString></Placemark><Placemark><name>Descartado (grupo chico) - Hilera 2548</name><Style><LineStyle><color>ff00ffff</color><width>3</width></LineStyle></Style><LineString><coordinates>-71.083445,-33.6783749,0 -71.0836016,-33.6783333,0</coordinates></LineString></Placemark><Placemark><name>Descartado (grupo chico) - Hilera 2549</name><Style><LineStyle><color>ff00ffff</color><width>3</width></LineStyle></Style><LineString><coordinates>-71.0836016,-33.6783333,0 -71.08363,-33.6784083,0</coordinates></LineString></Placemark><Placemark><name>Descartado (grupo chico) - Hilera 2550</name><Style><LineStyle><color>ff00ffff</color><width>3</width></LineStyle></Style><LineString><coordinates>-71.1011733,-33.65635,0 -71.1010833,-33.6563199,0</coordinates></LineString></Placemark><Placemark><name>Descartado (grupo chico) - Hilera 2552</name><Style><LineStyle><color>ff00ffff</color><width>3</width></LineStyle></Style><LineString><coordinates>-71.1007716,-33.6564233,0 -71.1008516,-33.656495,0</coordinates></LineString></Placemark><Placemark><name>Descartado (grupo chico) - Hilera 2606</name><Style><LineStyle><color>ff00ffff</color><width>3</width></LineStyle></Style><LineString><coordinates>-71.1006966,-33.6562466,0 -71.1007783,-33.6563049,0</coordinates></LineString></Placemark><Placemark><name>Descartado (grupo chico) - Hilera 2551</name><Style><LineStyle><color>ff00ffff</color><width>3</width></LineStyle></Style><LineString><coordinates>-71.1010833,-33.6563199,0 -71.1007783,-33.6564583,0</coordinates></LineString></Placemark><Placemark><name>Descartado (grupo chico) - Hilera 2553</name><Style><LineStyle><color>ff00ffff</color><width>3</width></LineStyle></Style><LineString><coordinates>-71.1008516,-33.656495,0 -71.100625,-33.656665,0</coordinates></LineString></Placemark><Placemark><name>Descartado (grupo chico) - Hilera 2607</name><Style><LineStyle><color>ff00ffff</color><width>3</width></LineStyle></Style><LineString><coordinates>-71.1007783,-33.6563049,0 -71.1012883,-33.65618,0</coordinates></LineString></Placemark><Placemark><name>Descartado (grupo chico) - Hilera 2554</name><Style><LineStyle><color>ff00ffff</color><width>3</width></LineStyle></Style><LineString><coordinates>-71.100625,-33.656665,0 -71.1006433,-33.6564833,0</coordinates></LineString></Placemark><Placemark><name>Descartado (grupo chico) - Hilera 2603</name><Style><LineStyle><color>ff00ffff</color><width>3</width></LineStyle></Style><LineString><coordinates>-71.1006883,-33.6564583,0 -71.100655,-33.6565616,0</coordinates></LineString></Placemark><Placemark><name>Descartado (grupo chico) - Hilera 2604</name><Style><LineStyle><color>ff00ffff</color><width>3</width></LineStyle></Style><LineString><coordinates>-71.1006066,-33.6565433,0 -71.10063,-33.6560966,0</coordinates></LineString></Placemark><Placemark><name>Descartado (grupo chico) - Hilera 2555</name><Style><LineStyle><color>ff00ffff</color><width>3</width></LineStyle></Style><LineString><coordinates>-71.1006433,-33.6564833,0 -71.1045516,-33.6542133,0</coordinates></LineString></Placemark><Placemark><name>Descartado (grupo chico) - Hilera 2602</name><Style><LineStyle><color>ff00ffff</color><width>3</width></LineStyle></Style><LineString><coordinates>-71.10475,-33.654245,0 -71.1006883,-33.6564583,0</coordinates></LineString></Placemark><Placemark><name>Descartado (grupo chico) - Hilera 2608</name><Style><LineStyle><color>ff00ffff</color><width>3</width></LineStyle></Style><LineString><coordinates>-71.1012883,-33.65618,0 -71.10455,-33.65417,0</coordinates></LineString></Placemark><Placemark><name>Descartado (grupo chico) - Hilera 2556</name><Style><LineStyle><color>ff00ffff</color><width>3</width></LineStyle></Style><LineString><coordinates>-71.1045516,-33.6542133,0 -71.1048983,-33.65431,0</coordinates></LineString></Placemark><Placemark><name>Descartado (grupo chico) - Hilera 2601</name><Style><LineStyle><color>ff00ffff</color><width>3</width></LineStyle></Style><LineString><coordinates>-71.1050183,-33.6543333,0 -71.10454627332284,-33.654177951675024,0</coordinates></LineString></Placemark><Placemark><name>Descartado (grupo chico) - Hilera 2557</name><Style><LineStyle><color>ff00ffff</color><width>3</width></LineStyle></Style><LineString><coordinates>-71.1050049,-33.6543533,0 -71.10971203696235,-33.652420886811534,0</coordinates></LineString></Placemark><Placemark><name>Descartado (grupo chico) - Hilera 2600</name><Style><LineStyle><color>ff00ffff</color><width>3</width></LineStyle></Style><LineString><coordinates>-71.1096333,-33.6524283,0 -71.1050183,-33.6543333,0</coordinates></LineString></Placemark><Placemark><name>Descartado (grupo chico) - Hilera 2723</name><Style><LineStyle><color>ff00ffff</color><width>3</width></LineStyle></Style><LineString><coordinates>-71.1081433,-33.6531249,0 -71.1077083,-33.65349,0</coordinates></LineString></Placemark><Placemark><name>Descartado (grupo chico) - Hilera 2724</name><Style><LineStyle><color>ff00ffff</color><width>3</width></LineStyle></Style><LineString><coordinates>-71.1077416,-33.6535116,0 -71.1080916,-33.6531833,0</coordinates></LineString></Placemark><Placemark><name>Trabajado - Cuartel 2558 - Hilera 2558</name><Style><LineStyle><color>ff00ff00</color><width>3</width></LineStyle></Style><LineString><coordinates>-71.10966264414995,-33.65238622879123,0 -71.11004,-33.6531316,0</coordinates></LineString></Placemark><Placemark><name>Trabajado - Cuartel 2558 - Hilera 2561</name><Style><LineStyle><color>ff00ff00</color><width>3</width></LineStyle></Style><LineString><coordinates>-71.10967049019077,-33.653211001138146,0 -71.1098166,-33.65347,0</coordinates></LineString></Placemark><Placemark><name>Trabajado - Cuartel 2558 - Hilera 2563</name><Style><LineStyle><color>ff00ff00</color><width>3</width></LineStyle></Style><LineString><coordinates>-71.1101566,-33.6534583,0 -71.1104883,-33.6542716,0</coordinates></LineString></Placemark><Placemark><name>Trabajado - Cuartel 2558 - Hilera 2564</name><Style><LineStyle><color>ff00ff00</color><width>3</width></LineStyle></Style><LineString><coordinates>-71.1104883,-33.6542716,0 -71.1112616,-33.6558566,0</coordinates></LineString></Placemark><Placemark><name>Trabajado - Cuartel 2558 - Hilera 2565</name><Style><LineStyle><color>ff00ff00</color><width>3</width></LineStyle></Style><LineString><coordinates>-71.1112616,-33.6558566,0 -71.11175831532408,-33.6574055841373,0</coordinates></LineString></Placemark><Placemark><name>Trabajado - Cuartel 2558 - Hilera 2566</name><Style><LineStyle><color>ff00ff00</color><width>3</width></LineStyle></Style><LineString><coordinates>-71.1114583,-33.65647,0 -71.1118216,-33.6574583,0</coordinates></LineString></Placemark><Placemark><name>Trabajado - Cuartel 2558 - Hilera 2569</name><Style><LineStyle><color>ff00ff00</color><width>3</width></LineStyle></Style><LineString><coordinates>-71.1115383,-33.6564749,0 -71.1118316,-33.6574316,0</coordinates></LineString></Placemark><Placemark><name>Trabajado - Cuartel 2558 - Hilera 2572</name><Style><LineStyle><color>ff00ff00</color><width>3</width></LineStyle></Style><LineString><coordinates>-71.1117416,-33.657425,0 -71.11116,-33.6557033,0</coordinates></LineString></Placemark><Placemark><name>Trabajado - Cuartel 2558 - Hilera 2573</name><Style><LineStyle><color>ff00ff00</color><width>3</width></LineStyle></Style><LineString><coordinates>-71.111115,-33.65569,0 -71.11174,-33.65745,0</coordinates></LineString></Placemark><Placemark><name>Trabajado - Cuartel 2558 - Hilera 2574</name><Style><LineStyle><color>ff00ff00</color><width>3</width></LineStyle></Style><LineString><coordinates>-71.1117166,-33.6574616,0 -71.111585,-33.6571683,0</coordinates></LineString></Placemark><Placemark><name>Trabajado - Cuartel 2558 - Hilera 2575</name><Style><LineStyle><color>ff00ff00</color><width>3</width></LineStyle></Style><LineString><coordinates>-71.1115933,-33.6571466,0 -71.1106983,-33.654945,0</coordinates></LineString></Placemark><Placemark><name>Trabajado - Cuartel 2558 - Hilera 2577</name><Style><LineStyle><color>ff00ff00</color><width>3</width></LineStyle></Style><LineString><coordinates>-71.11043055860375,-33.65401844779629,0 -71.11168,-33.6574466,0</coordinates></LineString></Placemark><Placemark><name>Trabajado - Cuartel 2558 - Hilera 2578</name><Style><LineStyle><color>ff00ff00</color><width>3</width></LineStyle></Style><LineString><coordinates>-71.11168,-33.6574466,0 -71.1115583,-33.6572899,0</coordinates></LineString></Placemark><Placemark><name>Trabajado - Cuartel 2558 - Hilera 2579</name><Style><LineStyle><color>ff00ff00</color><width>3</width></LineStyle></Style><LineString><coordinates>-71.11161854011249,-33.65746023771847,0 -71.11036244698626,-33.65390845090339,0</coordinates></LineString></Placemark><Placemark><name>Trabajado - Cuartel 2558 - Hilera 2580</name><Style><LineStyle><color>ff00ff00</color><width>3</width></LineStyle></Style><LineString><coordinates>-71.110755,-33.6548583,0 -71.1104116,-33.6540233,0</coordinates></LineString></Placemark><Placemark><name>Trabajado - Cuartel 2558 - Hilera 2581</name><Style><LineStyle><color>ff00ff00</color><width>3</width></LineStyle></Style><LineString><coordinates>-71.1114183,-33.6568616,0 -71.1116266,-33.6572966,0</coordinates></LineString></Placemark><Placemark><name>Trabajado - Cuartel 2558 - Hilera 2582</name><Style><LineStyle><color>ff00ff00</color><width>3</width></LineStyle></Style><LineString><coordinates>-71.1116266,-33.6572966,0 -71.11161,-33.6574516,0</coordinates></LineString></Placemark><Placemark><name>Trabajado - Cuartel 2558 - Hilera 2583</name><Style><LineStyle><color>ff00ff00</color><width>3</width></LineStyle></Style><LineString><coordinates>-71.11161,-33.6574516,0 -71.1114983,-33.6573616,0</coordinates></LineString></Placemark><Placemark><name>Trabajado - Cuartel 2558 - Hilera 2584</name><Style><LineStyle><color>ff00ff00</color><width>3</width></LineStyle></Style><LineString><coordinates>-71.11153372729777,-33.657466498661236,0 -71.1101716,-33.6534333,0</coordinates></LineString></Placemark><Placemark><name>Trabajado - Cuartel 2558 - Hilera 2587</name><Style><LineStyle><color>ff00ff00</color><width>3</width></LineStyle></Style><LineString><coordinates>-71.1117316,-33.6574116,0 -71.1116066,-33.657275,0</coordinates></LineString></Placemark><Placemark><name>Trabajado - Cuartel 2558 - Hilera 2588</name><Style><LineStyle><color>ff00ff00</color><width>3</width></LineStyle></Style><LineString><coordinates>-71.1116066,-33.657275,0 -71.1111133,-33.6556599,0</coordinates></LineString></Placemark><Placemark><name>Trabajado - Cuartel 2558 - Hilera 2590</name><Style><LineStyle><color>ff00ff00</color><width>3</width></LineStyle></Style><LineString><coordinates>-71.1110966,-33.6557849,0 -71.1117283,-33.6574083,0</coordinates></LineString></Placemark><Placemark><name>Trabajado - Cuartel 2558 - Hilera 2591</name><Style><LineStyle><color>ff00ff00</color><width>3</width></LineStyle></Style><LineString><coordinates>-71.1116433,-33.6574133,0 -71.1109883,-33.6556566,0</coordinates></LineString></Placemark><Placemark><name>Trabajado - Cuartel 2558 - Hilera 2592</name><Style><LineStyle><color>ff00ff00</color><width>3</width></LineStyle></Style><LineString><coordinates>-71.1109883,-33.6556566,0 -71.1107033,-33.6547683,0</coordinates></LineString></Placemark><Placemark><name>Trabajado - Cuartel 2558 - Hilera 2593</name><Style><LineStyle><color>ff00ff00</color><width>3</width></LineStyle></Style><LineString><coordinates>-71.1107033,-33.6547683,0 -71.1116199,-33.6574599,0</coordinates></LineString></Placemark><Placemark><name>Trabajado - Cuartel 2558 - Hilera 2594</name><Style><LineStyle><color>ff00ff00</color><width>3</width></LineStyle></Style><LineString><coordinates>-71.1101366757906,-33.65321354346178,0 -71.1111983,-33.6563683,0</coordinates></LineString></Placemark><Placemark><name>Trabajado - Cuartel 2558 - Hilera 2595</name><Style><LineStyle><color>ff00ff00</color><width>3</width></LineStyle></Style><LineString><coordinates>-71.1111983,-33.6563683,0 -71.11152,-33.6574816,0</coordinates></LineString></Placemark><Placemark><name>Trabajado - Cuartel 2558 - Hilera 2596</name><Style><LineStyle><color>ff00ff00</color><width>3</width></LineStyle></Style><LineString><coordinates>-71.11152,-33.6574816,0 -71.1109383,-33.65609,0</coordinates></LineString></Placemark><Placemark><name>Trabajado - Cuartel 2558 - Hilera 2598</name><Style><LineStyle><color>ff00ff00</color><width>3</width></LineStyle></Style><LineString><coordinates>-71.1109616,-33.6560033,0 -71.1101233,-33.6533899,0</coordinates></LineString></Placemark><Placemark><name>Trabajado - Cuartel 2558 - Hilera 2599</name><Style><LineStyle><color>ff00ff00</color><width>3</width></LineStyle></Style><LineString><coordinates>-71.1101449,-33.6532116,0 -71.1097033,-33.652425,0</coordinates></LineString></Placemark><Placemark><name>Trabajado - Cuartel 2558 - Hilera 2609</name><Style><LineStyle><color>ff00ff00</color><width>3</width></LineStyle></Style><LineString><coordinates>-71.1097366,-33.65247,0 -71.1099733,-33.6530916,0</coordinates></LineString></Placemark><Placemark><name>Trabajado - Cuartel 2558 - Hilera 2611</name><Style><LineStyle><color>ff00ff00</color><width>3</width></LineStyle></Style><LineString><coordinates>-71.10975040048153,-33.652456869609146,0 -71.1110333,-33.656465,0</coordinates></LineString></Placemark><Placemark><name>Trabajado - Cuartel 2558 - Hilera 2612</name><Style><LineStyle><color>ff00ff00</color><width>3</width></LineStyle></Style><LineString><coordinates>-71.1110333,-33.656465,0 -71.1114399,-33.657475,0</coordinates></LineString></Placemark><Placemark><name>Trabajado - Cuartel 2558 - Hilera 2613</name><Style><LineStyle><color>ff00ff00</color><width>3</width></LineStyle></Style><LineString><coordinates>-71.1114399,-33.657475,0 -71.1114099,-33.6575483,0</coordinates></LineString></Placemark><Placemark><name>Trabajado - Cuartel 2558 - Hilera 2614</name><Style><LineStyle><color>ff00ff00</color><width>3</width></LineStyle></Style><LineString><coordinates>-71.1114099,-33.6575483,0 -71.10963311755656,-33.65243705952248,0</coordinates></LineString></Placemark><Placemark><name>Trabajado - Cuartel 2558 - Hilera 2616</name><Style><LineStyle><color>ff00ff00</color><width>3</width></LineStyle></Style><LineString><coordinates>-71.1102633,-33.6545283,0 -71.1104833,-33.6550116,0</coordinates></LineString></Placemark><Placemark><name>Trabajado - Cuartel 2558 - Hilera 2617</name><Style><LineStyle><color>ff00ff00</color><width>3</width></LineStyle></Style><LineString><coordinates>-71.1104983,-33.655015,0 -71.1110383,-33.656705,0</coordinates></LineString></Placemark><Placemark><name>Trabajado - Cuartel 2558 - Hilera 2618</name><Style><LineStyle><color>ff00ff00</color><width>3</width></LineStyle></Style><LineString><coordinates>-71.1110983,-33.65674,0 -71.1112983,-33.6575433,0</coordinates></LineString></Placemark><Placemark><name>Trabajado - Cuartel 2558 - Hilera 2619</name><Style><LineStyle><color>ff00ff00</color><width>3</width></LineStyle></Style><LineString><coordinates>-71.1113383,-33.6575633,0 -71.10994,-33.6535,0</coordinates></LineString></Placemark><Placemark><name>Trabajado - Cuartel 2558 - Hilera 2621</name><Style><LineStyle><color>ff00ff00</color><width>3</width></LineStyle></Style><LineString><coordinates>-71.10955578819637,-33.65250483818778,0 -71.110805,-33.6562783,0</coordinates></LineString></Placemark><Placemark><name>Trabajado - Cuartel 2558 - Hilera 2622</name><Style><LineStyle><color>ff00ff00</color><width>3</width></LineStyle></Style><LineString><coordinates>-71.110805,-33.6562783,0 -71.1111166,-33.6569466,0</coordinates></LineString></Placemark><Placemark><name>Trabajado - Cuartel 2558 - Hilera 2623</name><Style><LineStyle><color>ff00ff00</color><width>3</width></LineStyle></Style><LineString><coordinates>-71.1110999,-33.65696,0 -71.11126,-33.6575149,0</coordinates></LineString></Placemark><Placemark><name>Trabajado - Cuartel 2558 - Hilera 2624</name><Style><LineStyle><color>ff00ff00</color><width>3</width></LineStyle></Style><LineString><coordinates>-71.11126,-33.6575149,0 -71.10948141203997,-33.652497525322644,0</coordinates></LineString></Placemark><Placemark><name>Trabajado - Cuartel 2558 - Hilera 2625</name><Style><LineStyle><color>ff00ff00</color><width>3</width></LineStyle></Style><LineString><coordinates>-71.1103,-33.6548783,0 -71.110225,-33.6547349,0</coordinates></LineString></Placemark><Placemark><name>Trabajado - Cuartel 2558 - Hilera 2626</name><Style><LineStyle><color>ff00ff00</color><width>3</width></LineStyle></Style><LineString><coordinates>-71.110225,-33.6547349,0 -71.10954220800593,-33.65250915812867,0</coordinates></LineString></Placemark><Placemark><name>Trabajado - Cuartel 2558 - Hilera 2627</name><Style><LineStyle><color>ff00ff00</color><width>3</width></LineStyle></Style><LineString><coordinates>-71.10982280007278,-33.65342467457405,0 -71.11118943953,-33.657545161325885,0</coordinates></LineString></Placemark><Placemark><name>Trabajado - Cuartel 2558 - Hilera 2628</name><Style><LineStyle><color>ff00ff00</color><width>3</width></LineStyle></Style><LineString><coordinates>-71.1114249,-33.657475,0 -71.1100233,-33.6533983,0</coordinates></LineString></Placemark><Placemark><name>Trabajado - Cuartel 2558 - Hilera 2629</name><Style><LineStyle><color>ff00ff00</color><width>3</width></LineStyle></Style><LineString><coordinates>-71.1100066,-33.6534633,0 -71.1103616,-33.654345,0</coordinates></LineString></Placemark><Placemark><name>Trabajado - Cuartel 2558 - Hilera 2630</name><Style><LineStyle><color>ff00ff00</color><width>3</width></LineStyle></Style><LineString><coordinates>-71.1111249,-33.6574983,0 -71.10942963540951,-33.652520776448696,0</coordinates></LineString></Placemark><Placemark><name>Trabajado - Cuartel 2558 - Hilera 2631</name><Style><LineStyle><color>ff00ff00</color><width>3</width></LineStyle></Style><LineString><coordinates>-71.11091,-33.6568066,0 -71.110655,-33.65621,0</coordinates></LineString></Placemark><Placemark><name>Trabajado - Cuartel 2558 - Hilera 2632</name><Style><LineStyle><color>ff00ff00</color><width>3</width></LineStyle></Style><LineString><coordinates>-71.10966,-33.6524716,0 -71.1098416,-33.6531416,0</coordinates></LineString></Placemark><Placemark><name>Trabajado - Cuartel 2558 - Hilera 2633</name><Style><LineStyle><color>ff00ff00</color><width>3</width></LineStyle></Style><LineString><coordinates>-71.1098083,-33.6531633,0 -71.1095533,-33.6524783,0</coordinates></LineString></Placemark><Placemark><name>Trabajado - Cuartel 2558 - Hilera 2634</name><Style><LineStyle><color>ff00ff00</color><width>3</width></LineStyle></Style><LineString><coordinates>-71.1103816,-33.6552866,0 -71.11103557842586,-33.65758548561668,0</coordinates></LineString></Placemark><Placemark><name>Trabajado - Cuartel 2558 - Hilera 2636</name><Style><LineStyle><color>ff00ff00</color><width>3</width></LineStyle></Style><LineString><coordinates>-71.1107866,-33.6569616,0 -71.1101366,-33.6549583,0</coordinates></LineString></Placemark><Placemark><name>Trabajado - Cuartel 2558 - Hilera 2637</name><Style><LineStyle><color>ff00ff00</color><width>3</width></LineStyle></Style><LineString><coordinates>-71.11015,-33.65495,0 -71.1093316,-33.652575,0</coordinates></LineString></Placemark><Placemark><name>Trabajado - Cuartel 2558 - Hilera 2640</name><Style><LineStyle><color>ff00ff00</color><width>3</width></LineStyle></Style><LineString><coordinates>-71.10932,-33.6525766,0 -71.11014467956626,-33.65511238257458,0</coordinates></LineString></Placemark><Placemark><name>Trabajado - Cuartel 2558 - Hilera 2641</name><Style><LineStyle><color>ff00ff00</color><width>3</width></LineStyle></Style><LineString><coordinates>-71.1101683,-33.6551266,0 -71.1110166,-33.6575766,0</coordinates></LineString></Placemark><Placemark><name>Trabajado - Cuartel 2558 - Hilera 2642</name><Style><LineStyle><color>ff00ff00</color><width>3</width></LineStyle></Style><LineString><coordinates>-71.1109933,-33.6576066,0 -71.1109183,-33.6575283,0</coordinates></LineString></Placemark><Placemark><name>Trabajado - Cuartel 2558 - Hilera 2643</name><Style><LineStyle><color>ff00ff00</color><width>3</width></LineStyle></Style><LineString><coordinates>-71.11094871280237,-33.65761658270649,0 -71.10927541349152,-33.65275930615232,0</coordinates></LineString></Placemark><Placemark><name>Trabajado - Cuartel 2558 - Hilera 2644</name><Style><LineStyle><color>ff00ff00</color><width>3</width></LineStyle></Style><LineString><coordinates>-71.1101333,-33.655175,0 -71.1092866,-33.6527566,0</coordinates></LineString></Placemark><Placemark><name>Trabajado - Cuartel 2558 - Hilera 2647</name><Style><LineStyle><color>ff00ff00</color><width>3</width></LineStyle></Style><LineString><coordinates>-71.1108833,-33.657645,0 -71.1108633,-33.6575183,0</coordinates></LineString></Placemark><Placemark><name>Trabajado - Cuartel 2558 - Hilera 2648</name><Style><LineStyle><color>ff00ff00</color><width>3</width></LineStyle></Style><LineString><coordinates>-71.1108633,-33.6575183,0 -71.1104066,-33.6563016,0</coordinates></LineString></Placemark><Placemark><name>Trabajado - Cuartel 2558 - Hilera 2649</name><Style><LineStyle><color>ff00ff00</color><width>3</width></LineStyle></Style><LineString><coordinates>-71.1104066,-33.6563016,0 -71.1092233,-33.6527916,0</coordinates></LineString></Placemark><Placemark><name>Trabajado - Cuartel 2558 - Hilera 2650</name><Style><LineStyle><color>ff00ff00</color><width>3</width></LineStyle></Style><LineString><coordinates>-71.1092666,-33.6528916,0 -71.1094533,-33.6535633,0</coordinates></LineString></Placemark><Placemark><name>Trabajado - Cuartel 2558 - Hilera 2651</name><Style><LineStyle><color>ff00ff00</color><width>3</width></LineStyle></Style><LineString><coordinates>-71.1094533,-33.6535633,0 -71.11065580210068,-33.656798287679464,0</coordinates></LineString></Placemark><Placemark><name>Trabajado - Cuartel 2558 - Hilera 2652</name><Style><LineStyle><color>ff00ff00</color><width>3</width></LineStyle></Style><LineString><coordinates>-71.1106366,-33.6568033,0 -71.1108266,-33.6576199,0</coordinates></LineString></Placemark><Placemark><name>Trabajado - Cuartel 2558 - Hilera 2654</name><Style><LineStyle><color>ff00ff00</color><width>3</width></LineStyle></Style><LineString><coordinates>-71.1107916,-33.6576216,0 -71.10914,-33.6528283,0</coordinates></LineString></Placemark><Placemark><name>Trabajado - Cuartel 2558 - Hilera 2655</name><Style><LineStyle><color>ff00ff00</color><width>3</width></LineStyle></Style><LineString><coordinates>-71.10964,-33.6543433,0 -71.11070341046317,-33.657437689595056,0</coordinates></LineString></Placemark><Placemark><name>Trabajado - Cuartel 2558 - Hilera 2656</name><Style><LineStyle><color>ff00ff00</color><width>3</width></LineStyle></Style><LineString><coordinates>-71.10901029220523,-33.65278239291677,0 -71.11075,-33.65765,0</coordinates></LineString></Placemark><Placemark><name>Trabajado - Cuartel 2558 - Hilera 2657</name><Style><LineStyle><color>ff00ff00</color><width>3</width></LineStyle></Style><LineString><coordinates>-71.1106966,-33.6576933,0 -71.1098899,-33.6553416,0</coordinates></LineString></Placemark><Placemark><name>Trabajado - Cuartel 2558 - Hilera 2658</name><Style><LineStyle><color>ff00ff00</color><width>3</width></LineStyle></Style><LineString><coordinates>-71.1098899,-33.6553416,0 -71.1094966,-33.6540266,0</coordinates></LineString></Placemark><Placemark><name>Trabajado - Cuartel 2558 - Hilera 2659</name><Style><LineStyle><color>ff00ff00</color><width>3</width></LineStyle></Style><LineString><coordinates>-71.1094966,-33.6540266,0 -71.1090266,-33.6527783,0</coordinates></LineString></Placemark><Placemark><name>Trabajado - Cuartel 2558 - Hilera 2660</name><Style><LineStyle><color>ff00ff00</color><width>3</width></LineStyle></Style><LineString><coordinates>-71.1106133,-33.6573833,0 -71.110675,-33.6576883,0</coordinates></LineString></Placemark><Placemark><name>Trabajado - Cuartel 2558 - Hilera 2661</name><Style><LineStyle><color>ff00ff00</color><width>3</width></LineStyle></Style><LineString><coordinates>-71.1106066,-33.6577116,0 -71.1101116,-33.6563383,0</coordinates></LineString></Placemark><Placemark><name>Trabajado - Cuartel 2558 - Hilera 2662</name><Style><LineStyle><color>ff00ff00</color><width>3</width></LineStyle></Style><LineString><coordinates>-71.1101116,-33.6563383,0 -71.1089833,-33.6528649,0</coordinates></LineString></Placemark><Placemark><name>Trabajado - Cuartel 2558 - Hilera 2663</name><Style><LineStyle><color>ff00ff00</color><width>3</width></LineStyle></Style><LineString><coordinates>-71.1089349,-33.6528533,0 -71.11019,-33.656585,0</coordinates></LineString></Placemark><Placemark><name>Trabajado - Cuartel 2558 - Hilera 2664</name><Style><LineStyle><color>ff00ff00</color><width>3</width></LineStyle></Style><LineString><coordinates>-71.11019,-33.656585,0 -71.1104866,-33.6572866,0</coordinates></LineString></Placemark><Placemark><name>Trabajado - Cuartel 2558 - Hilera 2665</name><Style><LineStyle><color>ff00ff00</color><width>3</width></LineStyle></Style><LineString><coordinates>-71.1104866,-33.6572866,0 -71.1105833,-33.6577133,0</coordinates></LineString></Placemark><Placemark><name>Trabajado - Cuartel 2558 - Hilera 2666</name><Style><LineStyle><color>ff00ff00</color><width>3</width></LineStyle></Style><LineString><coordinates>-71.1104916,-33.6577099,0 -71.1088366,-33.65287,0</coordinates></LineString></Placemark><Placemark><name>Trabajado - Cuartel 2558 - Hilera 2669</name><Style><LineStyle><color>ff00ff00</color><width>3</width></LineStyle></Style><LineString><coordinates>-71.1088733,-33.6529133,0 -71.1089066,-33.6529999,0</coordinates></LineString></Placemark><Placemark><name>Trabajado - Cuartel 2558 - Hilera 2670</name><Style><LineStyle><color>ff00ff00</color><width>3</width></LineStyle></Style><LineString><coordinates>-71.109035,-33.6534,0 -71.1092616,-33.6539766,0</coordinates></LineString></Placemark><Placemark><name>Trabajado - Cuartel 2558 - Hilera 2671</name><Style><LineStyle><color>ff00ff00</color><width>3</width></LineStyle></Style><LineString><coordinates>-71.1092616,-33.6539766,0 -71.1100066,-33.65631,0</coordinates></LineString></Placemark><Placemark><name>Trabajado - Cuartel 2558 - Hilera 2672</name><Style><LineStyle><color>ff00ff00</color><width>3</width></LineStyle></Style><LineString><coordinates>-71.1099566,-33.6563616,0 -71.110235,-33.6568733,0</coordinates></LineString></Placemark><Placemark><name>Trabajado - Cuartel 2558 - Hilera 2673</name><Style><LineStyle><color>ff00ff00</color><width>3</width></LineStyle></Style><LineString><coordinates>-71.110235,-33.6568733,0 -71.10986222864148,-33.657896747112865,0</coordinates></LineString></Placemark><Placemark><name>Trabajado - Cuartel 2558 - Hilera 2674</name><Style><LineStyle><color>ff00ff00</color><width>3</width></LineStyle></Style><LineString><coordinates>-71.1102016,-33.656965,0 -71.1104516,-33.6575116,0</coordinates></LineString></Placemark><Placemark><name>Trabajado - Cuartel 2558 - Hilera 2675</name><Style><LineStyle><color>ff00ff00</color><width>3</width></LineStyle></Style><LineString><coordinates>-71.1104383,-33.6575683,0 -71.1104566,-33.6577566,0</coordinates></LineString></Placemark><Placemark><name>Trabajado - Cuartel 2558 - Hilera 2676</name><Style><LineStyle><color>ff00ff00</color><width>3</width></LineStyle></Style><LineString><coordinates>-71.1104566,-33.6577566,0 -71.1094116,-33.654635,0</coordinates></LineString></Placemark><Placemark><name>Trabajado - Cuartel 2558 - Hilera 2677</name><Style><LineStyle><color>ff00ff00</color><width>3</width></LineStyle></Style><LineString><coordinates>-71.1094,-33.6546266,0 -71.1088133,-33.6529616,0</coordinates></LineString></Placemark><Placemark><name>Trabajado - Cuartel 2558 - Hilera 2678</name><Style><LineStyle><color>ff00ff00</color><width>3</width></LineStyle></Style><LineString><coordinates>-71.1088133,-33.6529616,0 -71.1104283,-33.6577033,0</coordinates></LineString></Placemark><Placemark><name>Trabajado - Cuartel 2558 - Hilera 2681</name><Style><LineStyle><color>ff00ff00</color><width>3</width></LineStyle></Style><LineString><coordinates>-71.1102866,-33.6577366,0 -71.110235,-33.6576199,0</coordinates></LineString></Placemark><Placemark><name>Trabajado - Cuartel 2558 - Hilera 2682</name><Style><LineStyle><color>ff00ff00</color><width>3</width></LineStyle></Style><LineString><coordinates>-71.11026035026062,-33.65770356590729,0 -71.1095033,-33.655205,0</coordinates></LineString></Placemark><Placemark><name>Trabajado - Cuartel 2558 - Hilera 2683</name><Style><LineStyle><color>ff00ff00</color><width>3</width></LineStyle></Style><LineString><coordinates>-71.1094983,-33.6551616,0 -71.109345,-33.6545866,0</coordinates></LineString></Placemark><Placemark><name>Trabajado - Cuartel 2558 - Hilera 2684</name><Style><LineStyle><color>ff00ff00</color><width>3</width></LineStyle></Style><LineString><coordinates>-71.109345,-33.6545866,0 -71.10873,-33.6529216,0</coordinates></LineString></Placemark><Placemark><name>Trabajado - Cuartel 2558 - Hilera 2685</name><Style><LineStyle><color>ff00ff00</color><width>3</width></LineStyle></Style><LineString><coordinates>-71.10873,-33.6529216,0 -71.1093499,-33.6547983,0</coordinates></LineString></Placemark><Placemark><name>Trabajado - Cuartel 2558 - Hilera 2686</name><Style><LineStyle><color>ff00ff00</color><width>3</width></LineStyle></Style><LineString><coordinates>-71.109335,-33.6548416,0 -71.11025931793723,-33.657297203208785,0</coordinates></LineString></Placemark><Placemark><name>Trabajado - Cuartel 2558 - Hilera 2687</name><Style><LineStyle><color>ff00ff00</color><width>3</width></LineStyle></Style><LineString><coordinates>-71.110255,-33.657355,0 -71.110335,-33.6577316,0</coordinates></LineString></Placemark><Placemark><name>Trabajado - Cuartel 2558 - Hilera 2689</name><Style><LineStyle><color>ff00ff00</color><width>3</width></LineStyle></Style><LineString><coordinates>-71.11024,-33.6578083,0 -71.1102616,-33.6577033,0</coordinates></LineString></Placemark><Placemark><name>Trabajado - Cuartel 2558 - Hilera 2690</name><Style><LineStyle><color>ff00ff00</color><width>3</width></LineStyle></Style><LineString><coordinates>-71.109775,-33.6560933,0 -71.1089966,-33.6538399,0</coordinates></LineString></Placemark><Placemark><name>Trabajado - Cuartel 2558 - Hilera 2692</name><Style><LineStyle><color>ff00ff00</color><width>3</width></LineStyle></Style><LineString><coordinates>-71.1086749,-33.6530216,0 -71.1095766,-33.6556283,0</coordinates></LineString></Placemark><Placemark><name>Trabajado - Cuartel 2558 - Hilera 2693</name><Style><LineStyle><color>ff00ff00</color><width>3</width></LineStyle></Style><LineString><coordinates>-71.1095766,-33.6556283,0 -71.1102733,-33.6577733,0</coordinates></LineString></Placemark><Placemark><name>Trabajado - Cuartel 2558 - Hilera 2695</name><Style><LineStyle><color>ff00ff00</color><width>3</width></LineStyle></Style><LineString><coordinates>-71.11020048452868,-33.65780336446062,0 -71.108615,-33.6529999,0</coordinates></LineString></Placemark><Placemark><name>Trabajado - Cuartel 2558 - Hilera 2696</name><Style><LineStyle><color>ff00ff00</color><width>3</width></LineStyle></Style><LineString><coordinates>-71.1085566,-33.6529583,0 -71.109315,-33.6551099,0</coordinates></LineString></Placemark><Placemark><name>Trabajado - Cuartel 2558 - Hilera 2697</name><Style><LineStyle><color>ff00ff00</color><width>3</width></LineStyle></Style><LineString><coordinates>-71.1092816,-33.6551633,0 -71.10983233151345,-33.65673182199818,0</coordinates></LineString></Placemark><Placemark><name>Trabajado - Cuartel 2558 - Hilera 2698</name><Style><LineStyle><color>ff00ff00</color><width>3</width></LineStyle></Style><LineString><coordinates>-71.1101283,-33.6578616,0 -71.1097516,-33.6567633,0</coordinates></LineString></Placemark><Placemark><name>Trabajado - Cuartel 2558 - Hilera 2699</name><Style><LineStyle><color>ff00ff00</color><width>3</width></LineStyle></Style><LineString><coordinates>-71.1098083,-33.6567516,0 -71.1097016,-33.6564616,0</coordinates></LineString></Placemark><Placemark><name>Trabajado - Cuartel 2558 - Hilera 2700</name><Style><LineStyle><color>ff00ff00</color><width>3</width></LineStyle></Style><LineString><coordinates>-71.10971,-33.6564416,0 -71.10850395260994,-33.65301102730882,0</coordinates></LineString></Placemark><Placemark><name>Trabajado - Cuartel 2558 - Hilera 2701</name><Style><LineStyle><color>ff00ff00</color><width>3</width></LineStyle></Style><LineString><coordinates>-71.108515,-33.6530083,0 -71.1098816,-33.6570233,0</coordinates></LineString></Placemark><Placemark><name>Trabajado - Cuartel 2558 - Hilera 2702</name><Style><LineStyle><color>ff00ff00</color><width>3</width></LineStyle></Style><LineString><coordinates>-71.1098583,-33.65705,0 -71.1101383,-33.657815,0</coordinates></LineString></Placemark><Placemark><name>Trabajado - Cuartel 2558 - Hilera 2703</name><Style><LineStyle><color>ff00ff00</color><width>3</width></LineStyle></Style><LineString><coordinates>-71.110095,-33.6578383,0 -71.1097083,-33.6569683,0</coordinates></LineString></Placemark><Placemark><name>Trabajado - Cuartel 2558 - Hilera 2704</name><Style><LineStyle><color>ff00ff00</color><width>3</width></LineStyle></Style><LineString><coordinates>-71.11000791476947,-33.657845877215436,0 -71.1084054673852,-33.65315227911337,0</coordinates></LineString></Placemark><Placemark><name>Trabajado - Cuartel 2558 - Hilera 2706</name><Style><LineStyle><color>ff00ff00</color><width>3</width></LineStyle></Style><LineString><coordinates>-71.1089083,-33.6543533,0 -71.1084166,-33.6530216,0</coordinates></LineString></Placemark><Placemark><name>Trabajado - Cuartel 2558 - Hilera 2707</name><Style><LineStyle><color>ff00ff00</color><width>3</width></LineStyle></Style><LineString><coordinates>-71.10844,-33.6530366,0 -71.1100366,-33.6578216,0</coordinates></LineString></Placemark><Placemark><name>Trabajado - Cuartel 2558 - Hilera 2709</name><Style><LineStyle><color>ff00ff00</color><width>3</width></LineStyle></Style><LineString><coordinates>-71.108925,-33.654655,0 -71.108715,-33.6538899,0</coordinates></LineString></Placemark><Placemark><name>Trabajado - Cuartel 2558 - Hilera 2710</name><Style><LineStyle><color>ff00ff00</color><width>3</width></LineStyle></Style><LineString><coordinates>-71.108425,-33.65313,0 -71.10839,-33.6530466,0</coordinates></LineString></Placemark><Placemark><name>Trabajado - Cuartel 2558 - Hilera 2711</name><Style><LineStyle><color>ff00ff00</color><width>3</width></LineStyle></Style><LineString><coordinates>-71.10839,-33.6530466,0 -71.1085666,-33.6537483,0</coordinates></LineString></Placemark><Placemark><name>Trabajado - Cuartel 2558 - Hilera 2712</name><Style><LineStyle><color>ff00ff00</color><width>3</width></LineStyle></Style><LineString><coordinates>-71.1085666,-33.6537483,0 -71.1089516,-33.654855,0</coordinates></LineString></Placemark><Placemark><name>Trabajado - Cuartel 2558 - Hilera 2713</name><Style><LineStyle><color>ff00ff00</color><width>3</width></LineStyle></Style><LineString><coordinates>-71.109935,-33.6578633,0 -71.1097,-33.6572633,0</coordinates></LineString></Placemark><Placemark><name>Trabajado - Cuartel 2558 - Hilera 2714</name><Style><LineStyle><color>ff00ff00</color><width>3</width></LineStyle></Style><LineString><coordinates>-71.1097216,-33.6572533,0 -71.10831810090184,-33.65315424347989,0</coordinates></LineString></Placemark><Placemark><name>Trabajado - Cuartel 2558 - Hilera 2715</name><Style><LineStyle><color>ff00ff00</color><width>3</width></LineStyle></Style><LineString><coordinates>-71.1082683,-33.6531249,0 -71.1099,-33.657725,0</coordinates></LineString></Placemark><Placemark><name>Trabajado - Cuartel 2558 - Hilera 2716</name><Style><LineStyle><color>ff00ff00</color><width>3</width></LineStyle></Style><LineString><coordinates>-71.10982,-33.6579166,0 -71.1092783,-33.656175,0</coordinates></LineString></Placemark><Placemark><name>Trabajado - Cuartel 2558 - Hilera 2717</name><Style><LineStyle><color>ff00ff00</color><width>3</width></LineStyle></Style><LineString><coordinates>-71.1092783,-33.656175,0 -71.1091,-33.6558616,0</coordinates></LineString></Placemark><Placemark><name>Trabajado - Cuartel 2558 - Hilera 2718</name><Style><LineStyle><color>ff00ff00</color><width>3</width></LineStyle></Style><LineString><coordinates>-71.10980436110579,-33.65789978331668,0 -71.10856218113487,-33.65417324340512,0</coordinates></LineString></Placemark><Placemark><name>Trabajado - Cuartel 2558 - Hilera 2719</name><Style><LineStyle><color>ff00ff00</color><width>3</width></LineStyle></Style><LineString><coordinates>-71.1091016,-33.6557016,0 -71.1081474930349,-33.65331945511916,0</coordinates></LineString></Placemark><Placemark><name>Trabajado - Cuartel 2558 - Hilera 2720</name><Style><LineStyle><color>ff00ff00</color><width>3</width></LineStyle></Style><LineString><coordinates>-71.1085566,-33.6541833,0 -71.1081533,-33.6530883,0</coordinates></LineString></Placemark><Placemark><name>Trabajado - Cuartel 2558 - Hilera 2721</name><Style><LineStyle><color>ff00ff00</color><width>3</width></LineStyle></Style><LineString><coordinates>-71.1097266,-33.6579233,0 -71.10841794178783,-33.653860372759894,0</coordinates></LineString></Placemark><Placemark><name>Trabajado - Cuartel 2558 - Hilera 2722</name><Style><LineStyle><color>ff00ff00</color><width>3</width></LineStyle></Style><LineString><coordinates>-71.108405,-33.6538633,0 -71.1081433,-33.6531249,0</coordinates></LineString></Placemark><Placemark><name>Trabajado - Cuartel 2558 - Hilera 2725</name><Style><LineStyle><color>ff00ff00</color><width>3</width></LineStyle></Style><LineString><coordinates>-71.1081083,-33.65319,0 -71.1081333,-33.6532633,0</coordinates></LineString></Placemark><Placemark><name>Trabajado - Cuartel 2558 - Hilera 2726</name><Style><LineStyle><color>ff00ff00</color><width>3</width></LineStyle></Style><LineString><coordinates>-71.10838,-33.6538516,0 -71.109735,-33.6578366,0</coordinates></LineString></Placemark><Placemark><name>Trabajado - Cuartel 2558 - Hilera 2728</name><Style><LineStyle><color>ff00ff00</color><width>3</width></LineStyle></Style><LineString><coordinates>-71.1096833,-33.6579033,0 -71.1090833,-33.6562216,0</coordinates></LineString></Placemark><Placemark><name>Trabajado - Cuartel 2558 - Hilera 2729</name><Style><LineStyle><color>ff00ff00</color><width>3</width></LineStyle></Style><LineString><coordinates>-71.10966121346922,-33.65790518723019,0 -71.108105,-33.6533716,0</coordinates></LineString></Placemark><Placemark><name>Trabajado - Cuartel 2558 - Hilera 2730</name><Style><LineStyle><color>ff00ff00</color><width>3</width></LineStyle></Style><LineString><coordinates>-71.1095983,-33.6578883,0 -71.1079966,-33.6532849,0</coordinates></LineString></Placemark><Placemark><name>Trabajado - Cuartel 2558 - Hilera 2731</name><Style><LineStyle><color>ff00ff00</color><width>3</width></LineStyle></Style><LineString><coordinates>-71.1079766,-33.6532633,0 -71.10834,-33.6545166,0</coordinates></LineString></Placemark><Placemark><name>Trabajado - Cuartel 2558 - Hilera 2732</name><Style><LineStyle><color>ff00ff00</color><width>3</width></LineStyle></Style><LineString><coordinates>-71.10834,-33.6545166,0 -71.109035,-33.6564233,0</coordinates></LineString></Placemark><Placemark><name>Trabajado - Cuartel 2558 - Hilera 2733</name><Style><LineStyle><color>ff00ff00</color><width>3</width></LineStyle></Style><LineString><coordinates>-71.1090233,-33.6564633,0 -71.10953174014934,-33.65800067345594,0</coordinates></LineString></Placemark><Placemark><name>Trabajado - Cuartel 2558 - Hilera 2734</name><Style><LineStyle><color>ff00ff00</color><width>3</width></LineStyle></Style><LineString><coordinates>-71.1095166,-33.6580133,0 -71.1092333,-33.657285,0</coordinates></LineString></Placemark><Placemark><name>Trabajado - Cuartel 2558 - Hilera 2735</name><Style><LineStyle><color>ff00ff00</color><width>3</width></LineStyle></Style><LineString><coordinates>-71.10947260892631,-33.657991359968,0 -71.1079216,-33.6534133,0</coordinates></LineString></Placemark><Placemark><name>Trabajado - Cuartel 2558 - Hilera 2736</name><Style><LineStyle><color>ff00ff00</color><width>3</width></LineStyle></Style><LineString><coordinates>-71.1094266,-33.658005,0 -71.1077933,-33.6533783,0</coordinates></LineString></Placemark><Placemark><name>Descartado (grupo chico) - Hilera 2559</name><Style><LineStyle><color>ff00ffff</color><width>3</width></LineStyle></Style><LineString><coordinates>-71.1100066,-33.6531016,0 -71.10968863341216,-33.65319486800585,0</coordinates></LineString></Placemark><Placemark><name>Descartado (grupo chico) - Hilera 2562</name><Style><LineStyle><color>ff00ffff</color><width>3</width></LineStyle></Style><LineString><coordinates>-71.1098166,-33.65347,0 -71.1101566,-33.6534583,0</coordinates></LineString></Placemark><Placemark><name>Descartado (grupo chico) - Hilera 2560</name><Style><LineStyle><color>ff00ffff</color><width>3</width></LineStyle></Style><LineString><coordinates>-71.10985988811134,-33.65308549655011,0 -71.1097216,-33.6533016,0</coordinates></LineString></Placemark><Placemark><name>Descartado (grupo chico) - Hilera 2620</name><Style><LineStyle><color>ff00ffff</color><width>3</width></LineStyle></Style><LineString><coordinates>-71.10994,-33.6535,0 -71.109915,-33.6535899,0</coordinates></LineString></Placemark><Placemark><name>Trabajado - Cuartel 2567 - Hilera 2567</name><Style><LineStyle><color>ff00ff00</color><width>3</width></LineStyle></Style><LineString><coordinates>-71.1118216,-33.6574583,0 -71.1109266,-33.6576816,0</coordinates></LineString></Placemark><Placemark><name>Trabajado - Cuartel 2567 - Hilera 2568</name><Style><LineStyle><color>ff00ff00</color><width>3</width></LineStyle></Style><LineString><coordinates>-71.1109266,-33.6576816,0 -71.1117516,-33.6573116,0</coordinates></LineString></Placemark><Placemark><name>Trabajado - Cuartel 2567 - Hilera 2570</name><Style><LineStyle><color>ff00ff00</color><width>3</width></LineStyle></Style><LineString><coordinates>-71.1118316,-33.6574316,0 -71.11118636709904,-33.657535585170116,0</coordinates></LineString></Placemark><Placemark><name>Trabajado - Cuartel 2567 - Hilera 2571</name><Style><LineStyle><color>ff00ff00</color><width>3</width></LineStyle></Style><LineString><coordinates>-71.11161,-33.65749,0 -71.1110483,-33.65759,0</coordinates></LineString></Placemark><Placemark><name>Trabajado - Cuartel 2567 - Hilera 2585</name><Style><LineStyle><color>ff00ff00</color><width>3</width></LineStyle></Style><LineString><coordinates>-71.1115333,-33.6574666,0 -71.1113483,-33.65754,0</coordinates></LineString></Placemark><Placemark><name>Trabajado - Cuartel 2567 - Hilera 2586</name><Style><LineStyle><color>ff00ff00</color><width>3</width></LineStyle></Style><LineString><coordinates>-71.1113483,-33.65754,0 -71.1118466,-33.6573883,0</coordinates></LineString></Placemark><Placemark><name>Trabajado - Cuartel 2567 - Hilera 2645</name><Style><LineStyle><color>ff00ff00</color><width>3</width></LineStyle></Style><LineString><coordinates>-71.110935,-33.6576199,0 -71.1106966,-33.6577166,0</coordinates></LineString></Placemark><Placemark><name>Trabajado - Cuartel 2567 - Hilera 2646</name><Style><LineStyle><color>ff00ff00</color><width>3</width></LineStyle></Style><LineString><coordinates>-71.1106778592278,-33.657697677789216,0 -71.109235,-33.6580066,0</coordinates></LineString></Placemark><Placemark><name>Trabajado - Cuartel 2567 - Hilera 2653</name><Style><LineStyle><color>ff00ff00</color><width>3</width></LineStyle></Style><LineString><coordinates>-71.1108266,-33.6576199,0 -71.11005594050923,-33.65784113944468,0</coordinates></LineString></Placemark><Placemark><name>Trabajado - Cuartel 2567 - Hilera 2679</name><Style><LineStyle><color>ff00ff00</color><width>3</width></LineStyle></Style><LineString><coordinates>-71.1104283,-33.6577033,0 -71.1103566,-33.6577616,0</coordinates></LineString></Placemark><Placemark><name>Trabajado - Cuartel 2567 - Hilera 2688</name><Style><LineStyle><color>ff00ff00</color><width>3</width></LineStyle></Style><LineString><coordinates>-71.110335,-33.6577316,0 -71.110245,-33.65778,0</coordinates></LineString></Placemark><Placemark><name>Trabajado - Cuartel 2567 - Hilera 2694</name><Style><LineStyle><color>ff00ff00</color><width>3</width></LineStyle></Style><LineString><coordinates>-71.10927176223025,-33.65807755177669,0 -71.11019,-33.6577716,0</coordinates></LineString></Placemark><Placemark><name>Trabajado - Cuartel 2567 - Hilera 2708</name><Style><LineStyle><color>ff00ff00</color><width>3</width></LineStyle></Style><LineString><coordinates>-71.1100366,-33.6578216,0 -71.1099783,-33.657885,0</coordinates></LineString></Placemark><Placemark><name>Trabajado - Cuartel 2567 - Hilera 2727</name><Style><LineStyle><color>ff00ff00</color><width>3</width></LineStyle></Style><LineString><coordinates>-71.109735,-33.6578366,0 -71.1096833,-33.6579033,0</coordinates></LineString></Placemark><Placemark><name>Descartado (grupo chico) - Hilera 2576</name><Style><LineStyle><color>ff00ffff</color><width>3</width></LineStyle></Style><LineString><coordinates>-71.1106983,-33.654945,0 -71.1107883,-33.655,0</coordinates></LineString></Placemark><Placemark><name>Descartado (grupo chico) - Hilera 2589</name><Style><LineStyle><color>ff00ffff</color><width>3</width></LineStyle></Style><LineString><coordinates>-71.1111133,-33.6556599,0 -71.1110966,-33.6557849,0</coordinates></LineString></Placemark><Placemark><name>Descartado (grupo chico) - Hilera 2597</name><Style><LineStyle><color>ff00ffff</color><width>3</width></LineStyle></Style><LineString><coordinates>-71.1109383,-33.65609,0 -71.1109616,-33.6560033,0</coordinates></LineString></Placemark><Placemark><name>Descartado (grupo chico) - Hilera 2605</name><Style><LineStyle><color>ff00ffff</color><width>3</width></LineStyle></Style><LineString><coordinates>-71.10063,-33.6560966,0 -71.1006966,-33.6562466,0</coordinates></LineString></Placemark><Placemark><name>Descartado (grupo chico) - Hilera 2610</name><Style><LineStyle><color>ff00ffff</color><width>3</width></LineStyle></Style><LineString><coordinates>-71.1098183,-33.6534649,0 -71.11012,-33.6536116,0</coordinates></LineString></Placemark><Placemark><name>Descartado (grupo chico) - Hilera 2615</name><Style><LineStyle><color>ff00ffff</color><width>3</width></LineStyle></Style><LineString><coordinates>-71.11029,-33.6544166,0 -71.1102633,-33.6545283,0</coordinates></LineString></Placemark><Placemark><name>Descartado (grupo chico) - Hilera 2635</name><Style><LineStyle><color>ff00ffff</color><width>3</width></LineStyle></Style><LineString><coordinates>-71.110855,-33.657015,0 -71.1107866,-33.6569616,0</coordinates></LineString></Placemark><Placemark><name>Descartado (grupo chico) - Hilera 2638</name><Style><LineStyle><color>ff00ffff</color><width>3</width></LineStyle></Style><LineString><coordinates>-71.1089366,-33.6527533,0 -71.1088816,-33.6528233,0</coordinates></LineString></Placemark><Placemark><name>Descartado (grupo chico) - Hilera 2639</name><Style><LineStyle><color>ff00ffff</color><width>3</width></LineStyle></Style><LineString><coordinates>-71.1088816,-33.6528233,0 -71.10932,-33.6525766,0</coordinates></LineString></Placemark><Placemark><name>Descartado (grupo chico) - Hilera 2667</name><Style><LineStyle><color>ff00ffff</color><width>3</width></LineStyle></Style><LineString><coordinates>-71.1088366,-33.65287,0 -71.1081216,-33.6531249,0</coordinates></LineString></Placemark><Placemark><name>Descartado (grupo chico) - Hilera 2668</name><Style><LineStyle><color>ff00ffff</color><width>3</width></LineStyle></Style><LineString><coordinates>-71.1080816,-33.65316,0 -71.1088733,-33.6529133,0</coordinates></LineString></Placemark><Placemark><name>Descartado (grupo chico) - Hilera 2680</name><Style><LineStyle><color>ff00ffff</color><width>3</width></LineStyle></Style><LineString><coordinates>-71.1103716,-33.6578033,0 -71.1102866,-33.6577366,0</coordinates></LineString></Placemark><Placemark><name>Descartado (grupo chico) - Hilera 2691</name><Style><LineStyle><color>ff00ffff</color><width>3</width></LineStyle></Style><LineString><coordinates>-71.1087649,-33.6530616,0 -71.1086749,-33.6530216,0</coordinates></LineString></Placemark><Placemark><name>Descartado (grupo chico) - Hilera 2705</name><Style><LineStyle><color>ff00ffff</color><width>3</width></LineStyle></Style><LineString><coordinates>-71.1088616,-33.6544883,0 -71.1089083,-33.6543533,0</coordinates></LineString></Placemark><Placemark><name>Descartado (grupo chico) - Hilera 2737</name><Style><LineStyle><color>ff00ffff</color><width>3</width></LineStyle></Style><LineString><coordinates>-71.1077266,-33.6533916,0 -71.1049633,-33.654355,0</coordinates></LineString></Placemark><Placemark><name>Descartado</name><Style><LineStyle><color>ff00ffff</color><width>3</width></LineStyle></Style><LineString><coordinates>-71.1048983,-33.65431,0 -71.1049366,-33.6543483,0</coordinates></LineString></Placemark><Placemark><name>Descartado</name><Style><LineStyle><color>ff00ffff</color><width>3</width></LineStyle></Style><LineString><coordinates>-71.1049366,-33.6543483,0 -71.1050049,-33.6543533,0</coordinates></LineString></Placemark><Placemark><name>Descartado</name><Style><LineStyle><color>ff00ffff</color><width>3</width></LineStyle></Style><LineString><coordinates>-71.1096533,-33.652445,0 -71.1096966,-33.6524533,0</coordinates></LineString></Placemark><Placemark><name>Descartado</name><Style><LineStyle><color>ff00ffff</color><width>3</width></LineStyle></Style><LineString><coordinates>-71.1096883,-33.6524233,0 -71.1096416,-33.6524083,0</coordinates></LineString></Placemark><Placemark><name>Descartado</name><Style><LineStyle><color>ff00ffff</color><width>3</width></LineStyle></Style><LineString><coordinates>-71.1096416,-33.6524083,0 -71.1096616,-33.6523866,0</coordinates></LineString></Placemark><Placemark><name>Descartado</name><Style><LineStyle><color>ff00ffff</color><width>3</width></LineStyle></Style><LineString><coordinates>-71.1100283,-33.653065,0 -71.1100066,-33.6531016,0</coordinates></LineString></Placemark><Placemark><name>Descartado</name><Style><LineStyle><color>ff00ffff</color><width>3</width></LineStyle></Style><LineString><coordinates>-71.1114583,-33.6564716,0 -71.1114966,-33.6564516,0</coordinates></LineString></Placemark><Placemark><name>Descartado</name><Style><LineStyle><color>ff00ffff</color><width>3</width></LineStyle></Style><LineString><coordinates>-71.1114966,-33.6564516,0 -71.1115383,-33.6564749,0</coordinates></LineString></Placemark><Placemark><name>Descartado</name><Style><LineStyle><color>ff00ffff</color><width>3</width></LineStyle></Style><LineString><coordinates>-71.1116349,-33.6574633,0 -71.11161,-33.65749,0</coordinates></LineString></Placemark><Placemark><name>Descartado</name><Style><LineStyle><color>ff00ffff</color><width>3</width></LineStyle></Style><LineString><coordinates>-71.1110483,-33.65759,0 -71.1109883,-33.6576199,0</coordinates></LineString></Placemark><Placemark><name>Descartado</name><Style><LineStyle><color>ff00ffff</color><width>3</width></LineStyle></Style><LineString><coordinates>-71.1109883,-33.6576199,0 -71.1110266,-33.6576366,0</coordinates></LineString></Placemark><Placemark><name>Descartado</name><Style><LineStyle><color>ff00ffff</color><width>3</width></LineStyle></Style><LineString><coordinates>-71.1110266,-33.6576366,0 -71.1117283,-33.6574383,0</coordinates></LineString></Placemark><Placemark><name>Descartado</name><Style><LineStyle><color>ff00ffff</color><width>3</width></LineStyle></Style><LineString><coordinates>-71.1117283,-33.6574383,0 -71.1117416,-33.657425,0</coordinates></LineString></Placemark><Placemark><name>Descartado</name><Style><LineStyle><color>ff00ffff</color><width>3</width></LineStyle></Style><LineString><coordinates>-71.11116,-33.6557033,0 -71.1110933,-33.65569,0</coordinates></LineString></Placemark><Placemark><name>Descartado</name><Style><LineStyle><color>ff00ffff</color><width>3</width></LineStyle></Style><LineString><coordinates>-71.1110933,-33.65569,0 -71.111115,-33.65569,0</coordinates></LineString></Placemark><Placemark><name>Descartado</name><Style><LineStyle><color>ff00ffff</color><width>3</width></LineStyle></Style><LineString><coordinates>-71.11174,-33.65745,0 -71.1117166,-33.6574616,0</coordinates></LineString></Placemark><Placemark><name>Descartado</name><Style><LineStyle><color>ff00ffff</color><width>3</width></LineStyle></Style><LineString><coordinates>-71.111585,-33.6571683,0 -71.1115933,-33.6571466,0</coordinates></LineString></Placemark><Placemark><name>Descartado</name><Style><LineStyle><color>ff00ffff</color><width>3</width></LineStyle></Style><LineString><coordinates>-71.1104066,-33.6540333,0 -71.1104549,-33.65407,0</coordinates></LineString></Placemark><Placemark><name>Descartado</name><Style><LineStyle><color>ff00ffff</color><width>3</width></LineStyle></Style><LineString><coordinates>-71.111445,-33.656795,0 -71.1114183,-33.6568616,0</coordinates></LineString></Placemark><Placemark><name>Descartado</name><Style><LineStyle><color>ff00ffff</color><width>3</width></LineStyle></Style><LineString><coordinates>-71.110665,-33.6548699,0 -71.1106566,-33.6549066,0</coordinates></LineString></Placemark><Placemark><name>Descartado</name><Style><LineStyle><color>ff00ffff</color><width>3</width></LineStyle></Style><LineString><coordinates>-71.1118466,-33.6573883,0 -71.1118783,-33.6573283,0</coordinates></LineString></Placemark><Placemark><name>Descartado</name><Style><LineStyle><color>ff00ffff</color><width>3</width></LineStyle></Style><LineString><coordinates>-71.1118783,-33.6573283,0 -71.111535,-33.6564383,0</coordinates></LineString></Placemark><Placemark><name>Descartado</name><Style><LineStyle><color>ff00ffff</color><width>3</width></LineStyle></Style><LineString><coordinates>-71.111535,-33.6564383,0 -71.1114916,-33.6564366,0</coordinates></LineString></Placemark><Placemark><name>Descartado</name><Style><LineStyle><color>ff00ffff</color><width>3</width></LineStyle></Style><LineString><coordinates>-71.1114916,-33.6564366,0 -71.1114616,-33.6564683,0</coordinates></LineString></Placemark><Placemark><name>Descartado</name><Style><LineStyle><color>ff00ffff</color><width>3</width></LineStyle></Style><LineString><coordinates>-71.1117283,-33.6574083,0 -71.111705,-33.6574266,0</coordinates></LineString></Placemark><Placemark><name>Descartado</name><Style><LineStyle><color>ff00ffff</color><width>3</width></LineStyle></Style><LineString><coordinates>-71.111705,-33.6574266,0 -71.1116766,-33.6574316,0</coordinates></LineString></Placemark><Placemark><name>Descartado</name><Style><LineStyle><color>ff00ffff</color><width>3</width></LineStyle></Style><LineString><coordinates>-71.1116766,-33.6574316,0 -71.1116433,-33.6574133,0</coordinates></LineString></Placemark><Placemark><name>Descartado</name><Style><LineStyle><color>ff00ffff</color><width>3</width></LineStyle></Style><LineString><coordinates>-71.1101233,-33.6533899,0 -71.1101683,-33.6533516,0</coordinates></LineString></Placemark><Placemark><name>Descartado</name><Style><LineStyle><color>ff00ffff</color><width>3</width></LineStyle></Style><LineString><coordinates>-71.1097033,-33.652425,0 -71.1096333,-33.6524283,0</coordinates></LineString></Placemark><Placemark><name>Descartado</name><Style><LineStyle><color>ff00ffff</color><width>3</width></LineStyle></Style><LineString><coordinates>-71.100655,-33.6565616,0 -71.1006066,-33.6565433,0</coordinates></LineString></Placemark><Placemark><name>Descartado</name><Style><LineStyle><color>ff00ffff</color><width>3</width></LineStyle></Style><LineString><coordinates>-71.1049783,-33.6543349,0 -71.10968,-33.6524316,0</coordinates></LineString></Placemark><Placemark><name>Descartado</name><Style><LineStyle><color>ff00ffff</color><width>3</width></LineStyle></Style><LineString><coordinates>-71.10968,-33.6524316,0 -71.1097366,-33.65247,0</coordinates></LineString></Placemark><Placemark><name>Descartado</name><Style><LineStyle><color>ff00ffff</color><width>3</width></LineStyle></Style><LineString><coordinates>-71.1099733,-33.6530916,0 -71.1099516,-33.6531333,0</coordinates></LineString></Placemark><Placemark><name>Descartado</name><Style><LineStyle><color>ff00ffff</color><width>3</width></LineStyle></Style><LineString><coordinates>-71.1096866,-33.65319,0 -71.1096816,-33.6532066,0</coordinates></LineString></Placemark><Placemark><name>Descartado</name><Style><LineStyle><color>ff00ffff</color><width>3</width></LineStyle></Style><LineString><coordinates>-71.1104833,-33.6550116,0 -71.1104983,-33.655015,0</coordinates></LineString></Placemark><Placemark><name>Descartado</name><Style><LineStyle><color>ff00ffff</color><width>3</width></LineStyle></Style><LineString><coordinates>-71.1110383,-33.656705,0 -71.1110983,-33.65674,0</coordinates></LineString></Placemark><Placemark><name>Descartado</name><Style><LineStyle><color>ff00ffff</color><width>3</width></LineStyle></Style><LineString><coordinates>-71.1112983,-33.6575433,0 -71.1113383,-33.6575633,0</coordinates></LineString></Placemark><Placemark><name>Descartado</name><Style><LineStyle><color>ff00ffff</color><width>3</width></LineStyle></Style><LineString><coordinates>-71.1111166,-33.6569466,0 -71.1110999,-33.65696,0</coordinates></LineString></Placemark><Placemark><name>Descartado</name><Style><LineStyle><color>ff00ffff</color><width>3</width></LineStyle></Style><LineString><coordinates>-71.1103366,-33.65491,0 -71.1103416,-33.6549333,0</coordinates></LineString></Placemark><Placemark><name>Descartado</name><Style><LineStyle><color>ff00ffff</color><width>3</width></LineStyle></Style><LineString><coordinates>-71.110305,-33.6548466,0 -71.110315,-33.6548783,0</coordinates></LineString></Placemark><Placemark><name>Descartado</name><Style><LineStyle><color>ff00ffff</color><width>3</width></LineStyle></Style><LineString><coordinates>-71.110315,-33.6548783,0 -71.1103083,-33.6548633,0</coordinates></LineString></Placemark><Placemark><name>Descartado</name><Style><LineStyle><color>ff00ffff</color><width>3</width></LineStyle></Style><LineString><coordinates>-71.1103083,-33.6548633,0 -71.110345,-33.6548833,0</coordinates></LineString></Placemark><Placemark><name>Descartado</name><Style><LineStyle><color>ff00ffff</color><width>3</width></LineStyle></Style><LineString><coordinates>-71.110345,-33.6548833,0 -71.1103,-33.6548783,0</coordinates></LineString></Placemark><Placemark><name>Descartado</name><Style><LineStyle><color>ff00ffff</color><width>3</width></LineStyle></Style><LineString><coordinates>-71.11018,-33.6544533,0 -71.1101666,-33.6544966,0</coordinates></LineString></Placemark><Placemark><name>Descartado</name><Style><LineStyle><color>ff00ffff</color><width>3</width></LineStyle></Style><LineString><coordinates>-71.1101666,-33.6544966,0 -71.1101833,-33.6545116,0</coordinates></LineString></Placemark><Placemark><name>Descartado</name><Style><LineStyle><color>ff00ffff</color><width>3</width></LineStyle></Style><LineString><coordinates>-71.1100233,-33.6533983,0 -71.1100066,-33.6534633,0</coordinates></LineString></Placemark><Placemark><name>Descartado</name><Style><LineStyle><color>ff00ffff</color><width>3</width></LineStyle></Style><LineString><coordinates>-71.1103616,-33.654345,0 -71.1103783,-33.6543599,0</coordinates></LineString></Placemark><Placemark><name>Descartado</name><Style><LineStyle><color>ff00ffff</color><width>3</width></LineStyle></Style><LineString><coordinates>-71.111235,-33.65755,0 -71.1112116,-33.65754,0</coordinates></LineString></Placemark><Placemark><name>Descartado</name><Style><LineStyle><color>ff00ffff</color><width>3</width></LineStyle></Style><LineString><coordinates>-71.1106983,-33.6560816,0 -71.11071,-33.6560383,0</coordinates></LineString></Placemark><Placemark><name>Descartado</name><Style><LineStyle><color>ff00ffff</color><width>3</width></LineStyle></Style><LineString><coordinates>-71.1111666,-33.6574883,0 -71.1111249,-33.6574983,0</coordinates></LineString></Placemark><Placemark><name>Descartado</name><Style><LineStyle><color>ff00ffff</color><width>3</width></LineStyle></Style><LineString><coordinates>-71.1108916,-33.6568133,0 -71.11091,-33.6568066,0</coordinates></LineString></Placemark><Placemark><name>Descartado</name><Style><LineStyle><color>ff00ffff</color><width>3</width></LineStyle></Style><LineString><coordinates>-71.110655,-33.65621,0 -71.1106766,-33.6562033,0</coordinates></LineString></Placemark><Placemark><name>Descartado</name><Style><LineStyle><color>ff00ffff</color><width>3</width></LineStyle></Style><LineString><coordinates>-71.1101999,-33.654855,0 -71.1102133,-33.654795,0</coordinates></LineString></Placemark><Placemark><name>Descartado</name><Style><LineStyle><color>ff00ffff</color><width>3</width></LineStyle></Style><LineString><coordinates>-71.1097183,-33.6524316,0 -71.1097516,-33.6524566,0</coordinates></LineString></Placemark><Placemark><name>Descartado</name><Style><LineStyle><color>ff00ffff</color><width>3</width></LineStyle></Style><LineString><coordinates>-71.109935,-33.65311,0 -71.1098733,-33.6531483,0</coordinates></LineString></Placemark><Placemark><name>Descartado</name><Style><LineStyle><color>ff00ffff</color><width>3</width></LineStyle></Style><LineString><coordinates>-71.1098466,-33.6531133,0 -71.1097866,-33.65316,0</coordinates></LineString></Placemark><Placemark><name>Descartado</name><Style><LineStyle><color>ff00ffff</color><width>3</width></LineStyle></Style><LineString><coordinates>-71.1096483,-33.6524549,0 -71.1096283,-33.6524433,0</coordinates></LineString></Placemark><Placemark><name>Descartado</name><Style><LineStyle><color>ff00ffff</color><width>3</width></LineStyle></Style><LineString><coordinates>-71.1096283,-33.6524433,0 -71.10964,-33.6524483,0</coordinates></LineString></Placemark><Placemark><name>Descartado</name><Style><LineStyle><color>ff00ffff</color><width>3</width></LineStyle></Style><LineString><coordinates>-71.10964,-33.6524483,0 -71.10966,-33.6524716,0</coordinates></LineString></Placemark><Placemark><name>Descartado</name><Style><LineStyle><color>ff00ffff</color><width>3</width></LineStyle></Style><LineString><coordinates>-71.1098416,-33.6531416,0 -71.10983,-33.6531583,0</coordinates></LineString></Placemark><Placemark><name>Descartado</name><Style><LineStyle><color>ff00ffff</color><width>3</width></LineStyle></Style><LineString><coordinates>-71.10983,-33.6531583,0 -71.1098083,-33.6531633,0</coordinates></LineString></Placemark><Placemark><name>Descartado</name><Style><LineStyle><color>ff00ffff</color><width>3</width></LineStyle></Style><LineString><coordinates>-71.1095533,-33.6524783,0 -71.1095383,-33.65251,0</coordinates></LineString></Placemark><Placemark><name>Descartado</name><Style><LineStyle><color>ff00ffff</color><width>3</width></LineStyle></Style><LineString><coordinates>-71.109755,-33.6531833,0 -71.1097816,-33.6531883,0</coordinates></LineString></Placemark><Placemark><name>Descartado</name><Style><LineStyle><color>ff00ffff</color><width>3</width></LineStyle></Style><LineString><coordinates>-71.1095766,-33.6525,0 -71.1095666,-33.6525183,0</coordinates></LineString></Placemark><Placemark><name>Descartado</name><Style><LineStyle><color>ff00ffff</color><width>3</width></LineStyle></Style><LineString><coordinates>-71.109775,-33.6531266,0 -71.1097183,-33.6531116,0</coordinates></LineString></Placemark><Placemark><name>Descartado</name><Style><LineStyle><color>ff00ffff</color><width>3</width></LineStyle></Style><LineString><coordinates>-71.1096483,-33.6530016,0 -71.1096633,-33.6529833,0</coordinates></LineString></Placemark><Placemark><name>Descartado</name><Style><LineStyle><color>ff00ffff</color><width>3</width></LineStyle></Style><LineString><coordinates>-71.1094866,-33.6525,0 -71.1094333,-33.6525199,0</coordinates></LineString></Placemark><Placemark><name>Descartado</name><Style><LineStyle><color>ff00ffff</color><width>3</width></LineStyle></Style><LineString><coordinates>-71.111025,-33.6575483,0 -71.1110066,-33.65759,0</coordinates></LineString></Placemark><Placemark><name>Descartado</name><Style><LineStyle><color>ff00ffff</color><width>3</width></LineStyle></Style><LineString><coordinates>-71.1110066,-33.65759,0 -71.11103,-33.6575866,0</coordinates></LineString></Placemark><Placemark><name>Descartado</name><Style><LineStyle><color>ff00ffff</color><width>3</width></LineStyle></Style><LineString><coordinates>-71.1101366,-33.6549583,0 -71.11015,-33.65495,0</coordinates></LineString></Placemark><Placemark><name>Descartado</name><Style><LineStyle><color>ff00ffff</color><width>3</width></LineStyle></Style><LineString><coordinates>-71.1098783,-33.6542933,0 -71.1098749,-33.6543016,0</coordinates></LineString></Placemark><Placemark><name>Descartado</name><Style><LineStyle><color>ff00ffff</color><width>3</width></LineStyle></Style><LineString><coordinates>-71.11017,-33.6551066,0 -71.1101683,-33.6551266,0</coordinates></LineString></Placemark><Placemark><name>Descartado</name><Style><LineStyle><color>ff00ffff</color><width>3</width></LineStyle></Style><LineString><coordinates>-71.1110166,-33.6575766,0 -71.1109933,-33.6576066,0</coordinates></LineString></Placemark><Placemark><name>Descartado</name><Style><LineStyle><color>ff00ffff</color><width>3</width></LineStyle></Style><LineString><coordinates>-71.1101116,-33.6551866,0 -71.1101333,-33.655175,0</coordinates></LineString></Placemark><Placemark><name>Descartado</name><Style><LineStyle><color>ff00ffff</color><width>3</width></LineStyle></Style><LineString><coordinates>-71.1106966,-33.6577166,0 -71.1106516,-33.6577033,0</coordinates></LineString></Placemark><Placemark><name>Descartado</name><Style><LineStyle><color>ff00ffff</color><width>3</width></LineStyle></Style><LineString><coordinates>-71.109235,-33.6580066,0 -71.1108833,-33.657645,0</coordinates></LineString></Placemark><Placemark><name>Descartado</name><Style><LineStyle><color>ff00ffff</color><width>3</width></LineStyle></Style><LineString><coordinates>-71.1092366,-33.6528716,0 -71.1092666,-33.6528916,0</coordinates></LineString></Placemark><Placemark><name>Descartado</name><Style><LineStyle><color>ff00ffff</color><width>3</width></LineStyle></Style><LineString><coordinates>-71.110785,-33.6576516,0 -71.1107916,-33.6576216,0</coordinates></LineString></Placemark><Placemark><name>Descartado</name><Style><LineStyle><color>ff00ffff</color><width>3</width></LineStyle></Style><LineString><coordinates>-71.1096733,-33.6543033,0 -71.10964,-33.6543433,0</coordinates></LineString></Placemark><Placemark><name>Descartado</name><Style><LineStyle><color>ff00ffff</color><width>3</width></LineStyle></Style><LineString><coordinates>-71.1107216,-33.6574333,0 -71.1106916,-33.6574866,0</coordinates></LineString></Placemark><Placemark><name>Descartado</name><Style><LineStyle><color>ff00ffff</color><width>3</width></LineStyle></Style><LineString><coordinates>-71.11075,-33.65765,0 -71.1106966,-33.6576933,0</coordinates></LineString></Placemark><Placemark><name>Descartado</name><Style><LineStyle><color>ff00ffff</color><width>3</width></LineStyle></Style><LineString><coordinates>-71.110635,-33.6573783,0 -71.1106133,-33.6573833,0</coordinates></LineString></Placemark><Placemark><name>Descartado</name><Style><LineStyle><color>ff00ffff</color><width>3</width></LineStyle></Style><LineString><coordinates>-71.1105766,-33.65773,0 -71.1105766,-33.6577399,0</coordinates></LineString></Placemark><Placemark><name>Descartado</name><Style><LineStyle><color>ff00ffff</color><width>3</width></LineStyle></Style><LineString><coordinates>-71.1105766,-33.6577399,0 -71.1106066,-33.6577116,0</coordinates></LineString></Placemark><Placemark><name>Descartado</name><Style><LineStyle><color>ff00ffff</color><width>3</width></LineStyle></Style><LineString><coordinates>-71.1089833,-33.6528649,0 -71.1089416,-33.6528416,0</coordinates></LineString></Placemark><Placemark><name>Descartado</name><Style><LineStyle><color>ff00ffff</color><width>3</width></LineStyle></Style><LineString><coordinates>-71.1089416,-33.6528416,0 -71.1089349,-33.6528533,0</coordinates></LineString></Placemark><Placemark><name>Descartado</name><Style><LineStyle><color>ff00ffff</color><width>3</width></LineStyle></Style><LineString><coordinates>-71.1105833,-33.6577133,0 -71.1105366,-33.6577366,0</coordinates></LineString></Placemark><Placemark><name>Descartado</name><Style><LineStyle><color>ff00ffff</color><width>3</width></LineStyle></Style><LineString><coordinates>-71.1105366,-33.6577366,0 -71.1104916,-33.6577099,0</coordinates></LineString></Placemark><Placemark><name>Descartado</name><Style><LineStyle><color>ff00ffff</color><width>3</width></LineStyle></Style><LineString><coordinates>-71.1081216,-33.6531249,0 -71.1080816,-33.65316,0</coordinates></LineString></Placemark><Placemark><name>Descartado</name><Style><LineStyle><color>ff00ffff</color><width>3</width></LineStyle></Style><LineString><coordinates>-71.1089066,-33.6529999,0 -71.1088816,-33.653025,0</coordinates></LineString></Placemark><Placemark><name>Descartado</name><Style><LineStyle><color>ff00ffff</color><width>3</width></LineStyle></Style><LineString><coordinates>-71.1089899,-33.6533683,0 -71.109035,-33.6534,0</coordinates></LineString></Placemark><Placemark><name>Descartado</name><Style><LineStyle><color>ff00ffff</color><width>3</width></LineStyle></Style><LineString><coordinates>-71.1100066,-33.65631,0 -71.1099566,-33.6563616,0</coordinates></LineString></Placemark><Placemark><name>Descartado</name><Style><LineStyle><color>ff00ffff</color><width>3</width></LineStyle></Style><LineString><coordinates>-71.1104516,-33.6575116,0 -71.1104416,-33.6575266,0</coordinates></LineString></Placemark><Placemark><name>Descartado</name><Style><LineStyle><color>ff00ffff</color><width>3</width></LineStyle></Style><LineString><coordinates>-71.1104416,-33.6575266,0 -71.1103983,-33.6575333,0</coordinates></LineString></Placemark><Placemark><name>Descartado</name><Style><LineStyle><color>ff00ffff</color><width>3</width></LineStyle></Style><LineString><coordinates>-71.1103983,-33.6575333,0 -71.1104383,-33.6575683,0</coordinates></LineString></Placemark><Placemark><name>Descartado</name><Style><LineStyle><color>ff00ffff</color><width>3</width></LineStyle></Style><LineString><coordinates>-71.1094116,-33.654635,0 -71.1094,-33.6546266,0</coordinates></LineString></Placemark><Placemark><name>Descartado</name><Style><LineStyle><color>ff00ffff</color><width>3</width></LineStyle></Style><LineString><coordinates>-71.1103566,-33.6577616,0 -71.1103716,-33.6578033,0</coordinates></LineString></Placemark><Placemark><name>Descartado</name><Style><LineStyle><color>ff00ffff</color><width>3</width></LineStyle></Style><LineString><coordinates>-71.1095033,-33.655205,0 -71.1095549,-33.655205,0</coordinates></LineString></Placemark><Placemark><name>Descartado</name><Style><LineStyle><color>ff00ffff</color><width>3</width></LineStyle></Style><LineString><coordinates>-71.1095549,-33.655205,0 -71.1094983,-33.6551616,0</coordinates></LineString></Placemark><Placemark><name>Descartado</name><Style><LineStyle><color>ff00ffff</color><width>3</width></LineStyle></Style><LineString><coordinates>-71.1093499,-33.6547983,0 -71.109335,-33.6548416,0</coordinates></LineString></Placemark><Placemark><name>Descartado</name><Style><LineStyle><color>ff00ffff</color><width>3</width></LineStyle></Style><LineString><coordinates>-71.1102616,-33.6572966,0 -71.1102333,-33.6573333,0</coordinates></LineString></Placemark><Placemark><name>Descartado</name><Style><LineStyle><color>ff00ffff</color><width>3</width></LineStyle></Style><LineString><coordinates>-71.1102333,-33.6573333,0 -71.110255,-33.657355,0</coordinates></LineString></Placemark><Placemark><name>Descartado</name><Style><LineStyle><color>ff00ffff</color><width>3</width></LineStyle></Style><LineString><coordinates>-71.110245,-33.65778,0 -71.11024,-33.6578083,0</coordinates></LineString></Placemark><Placemark><name>Descartado</name><Style><LineStyle><color>ff00ffff</color><width>3</width></LineStyle></Style><LineString><coordinates>-71.10977,-33.6561433,0 -71.109795,-33.6561466,0</coordinates></LineString></Placemark><Placemark><name>Descartado</name><Style><LineStyle><color>ff00ffff</color><width>3</width></LineStyle></Style><LineString><coordinates>-71.109795,-33.6561466,0 -71.1097933,-33.6561083,0</coordinates></LineString></Placemark><Placemark><name>Descartado</name><Style><LineStyle><color>ff00ffff</color><width>3</width></LineStyle></Style><LineString><coordinates>-71.1097933,-33.6561083,0 -71.109775,-33.6560933,0</coordinates></LineString></Placemark><Placemark><name>Descartado</name><Style><LineStyle><color>ff00ffff</color><width>3</width></LineStyle></Style><LineString><coordinates>-71.1089966,-33.6538399,0 -71.1090183,-33.6537933,0</coordinates></LineString></Placemark><Placemark><name>Descartado</name><Style><LineStyle><color>ff00ffff</color><width>3</width></LineStyle></Style><LineString><coordinates>-71.109945,-33.6578466,0 -71.1099499,-33.6578516,0</coordinates></LineString></Placemark><Placemark><name>Descartado</name><Style><LineStyle><color>ff00ffff</color><width>3</width></LineStyle></Style><LineString><coordinates>-71.108615,-33.6529999,0 -71.1085733,-33.6529716,0</coordinates></LineString></Placemark><Placemark><name>Descartado</name><Style><LineStyle><color>ff00ffff</color><width>3</width></LineStyle></Style><LineString><coordinates>-71.1085733,-33.6529716,0 -71.108555,-33.6529699,0</coordinates></LineString></Placemark><Placemark><name>Descartado</name><Style><LineStyle><color>ff00ffff</color><width>3</width></LineStyle></Style><LineString><coordinates>-71.108555,-33.6529699,0 -71.1085566,-33.6529583,0</coordinates></LineString></Placemark><Placemark><name>Descartado</name><Style><LineStyle><color>ff00ffff</color><width>3</width></LineStyle></Style><LineString><coordinates>-71.109315,-33.6551099,0 -71.1092816,-33.6551633,0</coordinates></LineString></Placemark><Placemark><name>Descartado</name><Style><LineStyle><color>ff00ffff</color><width>3</width></LineStyle></Style><LineString><coordinates>-71.110215,-33.6578,0 -71.1101633,-33.657815,0</coordinates></LineString></Placemark><Placemark><name>Descartado</name><Style><LineStyle><color>ff00ffff</color><width>3</width></LineStyle></Style><LineString><coordinates>-71.1101633,-33.657815,0 -71.1101283,-33.6578616,0</coordinates></LineString></Placemark><Placemark><name>Descartado</name><Style><LineStyle><color>ff00ffff</color><width>3</width></LineStyle></Style><LineString><coordinates>-71.1097516,-33.6567633,0 -71.1098083,-33.6567516,0</coordinates></LineString></Placemark><Placemark><name>Descartado</name><Style><LineStyle><color>ff00ffff</color><width>3</width></LineStyle></Style><LineString><coordinates>-71.1097016,-33.6564616,0 -71.10971,-33.6564416,0</coordinates></LineString></Placemark><Placemark><name>Descartado</name><Style><LineStyle><color>ff00ffff</color><width>3</width></LineStyle></Style><LineString><coordinates>-71.1098816,-33.6570233,0 -71.1098583,-33.65705,0</coordinates></LineString></Placemark><Placemark><name>Descartado</name><Style><LineStyle><color>ff00ffff</color><width>3</width></LineStyle></Style><LineString><coordinates>-71.110065,-33.6578633,0 -71.110095,-33.6578383,0</coordinates></LineString></Placemark><Placemark><name>Descartado</name><Style><LineStyle><color>ff00ffff</color><width>3</width></LineStyle></Style><LineString><coordinates>-71.1084166,-33.6530216,0 -71.1084083,-33.6530216,0</coordinates></LineString></Placemark><Placemark><name>Descartado</name><Style><LineStyle><color>ff00ffff</color><width>3</width></LineStyle></Style><LineString><coordinates>-71.1084083,-33.6530216,0 -71.10844,-33.6530366,0</coordinates></LineString></Placemark><Placemark><name>Descartado</name><Style><LineStyle><color>ff00ffff</color><width>3</width></LineStyle></Style><LineString><coordinates>-71.1099783,-33.657885,0 -71.1100033,-33.6578416,0</coordinates></LineString></Placemark><Placemark><name>Descartado</name><Style><LineStyle><color>ff00ffff</color><width>3</width></LineStyle></Style><LineString><coordinates>-71.1088999,-33.65467,0 -71.108925,-33.654655,0</coordinates></LineString></Placemark><Placemark><name>Descartado</name><Style><LineStyle><color>ff00ffff</color><width>3</width></LineStyle></Style><LineString><coordinates>-71.108715,-33.6538899,0 -71.1086749,-33.6538616,0</coordinates></LineString></Placemark><Placemark><name>Descartado</name><Style><LineStyle><color>ff00ffff</color><width>3</width></LineStyle></Style><LineString><coordinates>-71.1084083,-33.6531516,0 -71.108425,-33.65313,0</coordinates></LineString></Placemark><Placemark><name>Descartado</name><Style><LineStyle><color>ff00ffff</color><width>3</width></LineStyle></Style><LineString><coordinates>-71.1089516,-33.654855,0 -71.1089833,-33.6548466,0</coordinates></LineString></Placemark><Placemark><name>Descartado</name><Style><LineStyle><color>ff00ffff</color><width>3</width></LineStyle></Style><LineString><coordinates>-71.1100049,-33.6578466,0 -71.1099733,-33.6579016,0</coordinates></LineString></Placemark><Placemark><name>Descartado</name><Style><LineStyle><color>ff00ffff</color><width>3</width></LineStyle></Style><LineString><coordinates>-71.1099733,-33.6579016,0 -71.1099133,-33.657925,0</coordinates></LineString></Placemark><Placemark><name>Descartado</name><Style><LineStyle><color>ff00ffff</color><width>3</width></LineStyle></Style><LineString><coordinates>-71.1099133,-33.657925,0 -71.109935,-33.6578633,0</coordinates></LineString></Placemark><Placemark><name>Descartado</name><Style><LineStyle><color>ff00ffff</color><width>3</width></LineStyle></Style><LineString><coordinates>-71.1097,-33.6572633,0 -71.1097216,-33.6572533,0</coordinates></LineString></Placemark><Placemark><name>Descartado</name><Style><LineStyle><color>ff00ffff</color><width>3</width></LineStyle></Style><LineString><coordinates>-71.1083083,-33.6531566,0 -71.1082683,-33.6531249,0</coordinates></LineString></Placemark><Placemark><name>Descartado</name><Style><LineStyle><color>ff00ffff</color><width>3</width></LineStyle></Style><LineString><coordinates>-71.1098683,-33.6578983,0 -71.10982,-33.6579166,0</coordinates></LineString></Placemark><Placemark><name>Descartado</name><Style><LineStyle><color>ff00ffff</color><width>3</width></LineStyle></Style><LineString><coordinates>-71.1091,-33.6558616,0 -71.1091133,-33.6558266,0</coordinates></LineString></Placemark><Placemark><name>Descartado</name><Style><LineStyle><color>ff00ffff</color><width>3</width></LineStyle></Style><LineString><coordinates>-71.1090833,-33.6557366,0 -71.1091016,-33.6557016,0</coordinates></LineString></Placemark><Placemark><name>Descartado</name><Style><LineStyle><color>ff00ffff</color><width>3</width></LineStyle></Style><LineString><coordinates>-71.1085366,-33.6542083,0 -71.1085566,-33.6541833,0</coordinates></LineString></Placemark><Placemark><name>Descartado</name><Style><LineStyle><color>ff00ffff</color><width>3</width></LineStyle></Style><LineString><coordinates>-71.109265,-33.6580633,0 -71.1093016,-33.6580849,0</coordinates></LineString></Placemark><Placemark><name>Descartado</name><Style><LineStyle><color>ff00ffff</color><width>3</width></LineStyle></Style><LineString><coordinates>-71.1088666,-33.6552533,0 -71.1088533,-33.6552466,0</coordinates></LineString></Placemark><Placemark><name>Descartado</name><Style><LineStyle><color>ff00ffff</color><width>3</width></LineStyle></Style><LineString><coordinates>-71.1077083,-33.65349,0 -71.1077416,-33.6535116,0</coordinates></LineString></Placemark><Placemark><name>Descartado</name><Style><LineStyle><color>ff00ffff</color><width>3</width></LineStyle></Style><LineString><coordinates>-71.1080916,-33.6531833,0 -71.1081083,-33.65319,0</coordinates></LineString></Placemark><Placemark><name>Descartado</name><Style><LineStyle><color>ff00ffff</color><width>3</width></LineStyle></Style><LineString><coordinates>-71.1081333,-33.6532633,0 -71.1081216,-33.6533149,0</coordinates></LineString></Placemark><Placemark><name>Descartado</name><Style><LineStyle><color>ff00ffff</color><width>3</width></LineStyle></Style><LineString><coordinates>-71.1081216,-33.6533149,0 -71.1081516,-33.6533183,0</coordinates></LineString></Placemark><Placemark><name>Descartado</name><Style><LineStyle><color>ff00ffff</color><width>3</width></LineStyle></Style><LineString><coordinates>-71.1092933,-33.6568716,0 -71.109325,-33.6569133,0</coordinates></LineString></Placemark><Placemark><name>Descartado</name><Style><LineStyle><color>ff00ffff</color><width>3</width></LineStyle></Style><LineString><coordinates>-71.109325,-33.6569133,0 -71.1093316,-33.6569099,0</coordinates></LineString></Placemark><Placemark><name>Descartado</name><Style><LineStyle><color>ff00ffff</color><width>3</width></LineStyle></Style><LineString><coordinates>-71.1096483,-33.6579083,0 -71.1095866,-33.65794,0</coordinates></LineString></Placemark><Placemark><name>Descartado</name><Style><LineStyle><color>ff00ffff</color><width>3</width></LineStyle></Style><LineString><coordinates>-71.1095866,-33.65794,0 -71.1095983,-33.6578883,0</coordinates></LineString></Placemark><Placemark><name>Descartado</name><Style><LineStyle><color>ff00ffff</color><width>3</width></LineStyle></Style><LineString><coordinates>-71.1079966,-33.6532849,0 -71.1079766,-33.6532633,0</coordinates></LineString></Placemark><Placemark><name>Descartado</name><Style><LineStyle><color>ff00ffff</color><width>3</width></LineStyle></Style><LineString><coordinates>-71.109035,-33.6564233,0 -71.1090233,-33.6564633,0</coordinates></LineString></Placemark><Placemark><name>Descartado</name><Style><LineStyle><color>ff00ffff</color><width>3</width></LineStyle></Style><LineString><coordinates>-71.1095566,-33.6579949,0 -71.1095166,-33.6580133,0</coordinates></LineString></Placemark><Placemark><name>Descartado</name><Style><LineStyle><color>ff00ffff</color><width>3</width></LineStyle></Style><LineString><coordinates>-71.1094716,-33.6579916,0 -71.1094266,-33.658005,0</coordinates></LineString></Placemark><Placemark><name>Descartado</name><Style><LineStyle><color>ff00ffff</color><width>3</width></LineStyle></Style><LineString><coordinates>-71.1077933,-33.6533783,0 -71.1077733,-33.6533749,0</coordinates></LineString></Placemark><Placemark><name>Descartado</name><Style><LineStyle><color>ff00ffff</color><width>3</width></LineStyle></Style><LineString><coordinates>-71.1077733,-33.6533749,0 -71.1077266,-33.6533916,0</coordinates></LineString></Placemark><Placemark><name>Descartado</name><Style><LineStyle><color>ff00ffff</color><width>3</width></LineStyle></Style><LineString><coordinates>-71.1049633,-33.654355,0 -71.1043733,-33.6542066,0</coordinates></LineString></Placemark><Placemark><name>Descartado</name><Style><LineStyle><color>ff00ffff</color><width>3</width></LineStyle></Style><LineString><coordinates>-71.1043733,-33.6542066,0 -71.1025433,-33.6549866,0</coordinates></LineString></Placemark></Folder></Document></kml>