<?xml version="1.0" encoding="UTF-8"?><kml xmlns="http://www.opengis.net/kml/2.2"><Document><Folder><name>Shacker SBS 4</name><Placemark><name>Trabajado - Cuartel 1 - Hilera 1</name><Style><LineStyle><color>ff00ff00</color><width>3</width></LineStyle></Style><LineString><coordinates>-71.26581459705822,-34.654880559357444,0 -71.26614504261715,-34.655361207443114,0</coordinates></LineString></Placemark><Placemark><name>Trabajado - Cuartel 1 - Hilera 2</name><Style><LineStyle><color>ff00ff00</color><width>3</width></LineStyle></Style><LineString><coordinates>-71.26613,-34.6553683,0 -71.265865,-34.6554216,0</coordinates></LineString></Placemark><Placemark><name>Trabajado - Cuartel 1 - Hilera 3</name><Style><LineStyle><color>ff00ff00</color><width>3</width></LineStyle></Style><LineString><coordinates>-71.2658133,-34.6553616,0 -71.26569519106997,-34.65497943994925,0</coordinates></LineString></Placemark><Placemark><name>Trabajado - Cuartel 1 - Hilera 4</name><Style><LineStyle><color>ff00ff00</color><width>3</width></LineStyle></Style><LineString><coordinates>-71.26590132623748,-34.655201274347775,0 -71.2656349,-34.6549283,0</coordinates></LineString></Placemark><Placemark><name>Trabajado - Cuartel 1 - Hilera 5</name><Style><LineStyle><color>ff00ff00</color><width>3</width></LineStyle></Style><LineString><coordinates>-71.26565,-34.6549333,0 -71.26598844262817,-34.65492639300759,0</coordinates></LineString></Placemark><Placemark><name>Trabajado - Cuartel 1 - Hilera 6</name><Style><LineStyle><color>ff00ff00</color><width>3</width></LineStyle></Style><LineString><coordinates>-71.2659945001887,-34.65489762451745,0 -71.26540958451316,-34.65493123459487,0</coordinates></LineString></Placemark><Placemark><name>Trabajado - Cuartel 1 - Hilera 7</name><Style><LineStyle><color>ff00ff00</color><width>3</width></LineStyle></Style><LineString><coordinates>-71.26583159792006,-34.65491119896664,0 -71.2655733,-34.6549766,0</coordinates></LineString></Placemark><Placemark><name>Trabajado - Cuartel 1 - Hilera 8</name><Style><LineStyle><color>ff00ff00</color><width>3</width></LineStyle></Style><LineString><coordinates>-71.26602663009058,-34.655121520893196,0 -71.2653883,-34.654955,0</coordinates></LineString></Placemark><Placemark><name>Trabajado - Cuartel 1 - Hilera 9</name><Style><LineStyle><color>ff00ff00</color><width>3</width></LineStyle></Style><LineString><coordinates>-71.2653883,-34.654955,0 -71.2654033,-34.6548466,0</coordinates></LineString></Placemark><Placemark><name>Trabajado - Cuartel 1 - Hilera 10</name><Style><LineStyle><color>ff00ff00</color><width>3</width></LineStyle></Style><LineString><coordinates>-71.2655016,-34.6548316,0 -71.26597194467628,-34.6548688748156,0</coordinates></LineString></Placemark><Placemark><name>Trabajado - Cuartel 1 - Hilera 11</name><Style><LineStyle><color>ff00ff00</color><width>3</width></LineStyle></Style><LineString><coordinates>-71.2659999,-34.6548283,0 -71.266005,-34.654905,0</coordinates></LineString></Placemark><Placemark><name>Trabajado - Cuartel 1 - Hilera 12</name><Style><LineStyle><color>ff00ff00</color><width>3</width></LineStyle></Style><LineString><coordinates>-71.2660336688507,-34.655046555454476,0 -71.2659666,-34.654905,0</coordinates></LineString></Placemark><Placemark><name>Trabajado - Cuartel 1 - Hilera 13</name><Style><LineStyle><color>ff00ff00</color><width>3</width></LineStyle></Style><LineString><coordinates>-71.26570807285651,-34.655129820866605,0 -71.2660433,-34.6548383,0</coordinates></LineString></Placemark><Placemark><name>Trabajado - Cuartel 1 - Hilera 14</name><Style><LineStyle><color>ff00ff00</color><width>3</width></LineStyle></Style><LineString><coordinates>-71.266065,-34.6548333,0 -71.26575592621363,-34.65519691621927,0</coordinates></LineString></Placemark><Placemark><name>Trabajado - Cuartel 1 - Hilera 15</name><Style><LineStyle><color>ff00ff00</color><width>3</width></LineStyle></Style><LineString><coordinates>-71.2654949,-34.6548116,0 -71.2654083,-34.65485,0</coordinates></LineString></Placemark><Placemark><name>Trabajado - Cuartel 1 - Hilera 16</name><Style><LineStyle><color>ff00ff00</color><width>3</width></LineStyle></Style><LineString><coordinates>-71.2653966,-34.6547966,0 -71.26546,-34.6548699,0</coordinates></LineString></Placemark><Placemark><name>Trabajado - Cuartel 1 - Hilera 17</name><Style><LineStyle><color>ff00ff00</color><width>3</width></LineStyle></Style><LineString><coordinates>-71.26546,-34.6548699,0 -71.2653866,-34.6549483,0</coordinates></LineString></Placemark><Placemark><name>Trabajado - Cuartel 1 - Hilera 18</name><Style><LineStyle><color>ff00ff00</color><width>3</width></LineStyle></Style><LineString><coordinates>-71.26537932817999,-34.65495200435066,0 -71.26580684872705,-34.65473422035433,0</coordinates></LineString></Placemark><Placemark><name>Trabajado - Cuartel 1 - Hilera 19</name><Style><LineStyle><color>ff00ff00</color><width>3</width></LineStyle></Style><LineString><coordinates>-71.26545781459507,-34.65485680361995,0 -71.26546,-34.6549833,0</coordinates></LineString></Placemark><Placemark><name>Trabajado - Cuartel 1 - Hilera 20</name><Style><LineStyle><color>ff00ff00</color><width>3</width></LineStyle></Style><LineString><coordinates>-71.2654266,-34.6549083,0 -71.2654099,-34.6549983,0</coordinates></LineString></Placemark><Placemark><name>Trabajado - Cuartel 1 - Hilera 21</name><Style><LineStyle><color>ff00ff00</color><width>3</width></LineStyle></Style><LineString><coordinates>-71.2654099,-34.6549983,0 -71.2655166,-34.6549766,0</coordinates></LineString></Placemark><Placemark><name>Trabajado - Cuartel 1 - Hilera 22</name><Style><LineStyle><color>ff00ff00</color><width>3</width></LineStyle></Style><LineString><coordinates>-71.26542415157738,-34.65504049544821,0 -71.2653566,-34.65485,0</coordinates></LineString></Placemark><Placemark><name>Trabajado - Cuartel 1 - Hilera 23</name><Style><LineStyle><color>ff00ff00</color><width>3</width></LineStyle></Style><LineString><coordinates>-71.265555,-34.6549933,0 -71.2660183,-34.65484,0</coordinates></LineString></Placemark><Placemark><name>Trabajado - Cuartel 1 - Hilera 24</name><Style><LineStyle><color>ff00ff00</color><width>3</width></LineStyle></Style><LineString><coordinates>-71.266025,-34.6546616,0 -71.2648116,-34.6547816,0</coordinates></LineString></Placemark><Placemark><name>Trabajado - Cuartel 1 - Hilera 25</name><Style><LineStyle><color>ff00ff00</color><width>3</width></LineStyle></Style><LineString><coordinates>-71.2655766,-34.654775,0 -71.26592,-34.6546983,0</coordinates></LineString></Placemark><Placemark><name>Trabajado - Cuartel 1 - Hilera 26</name><Style><LineStyle><color>ff00ff00</color><width>3</width></LineStyle></Style><LineString><coordinates>-71.26592862159112,-34.65514817909911,0 -71.2657716,-34.6546383,0</coordinates></LineString></Placemark><Placemark><name>Trabajado - Cuartel 1 - Hilera 27</name><Style><LineStyle><color>ff00ff00</color><width>3</width></LineStyle></Style><LineString><coordinates>-71.26597554933919,-34.65508615567206,0 -71.2655133,-34.6545716,0</coordinates></LineString></Placemark><Placemark><name>Trabajado - Cuartel 1 - Hilera 28</name><Style><LineStyle><color>ff00ff00</color><width>3</width></LineStyle></Style><LineString><coordinates>-71.2654983,-34.6545716,0 -71.26567772298861,-34.655387159039286,0</coordinates></LineString></Placemark><Placemark><name>Trabajado - Cuartel 1 - Hilera 29</name><Style><LineStyle><color>ff00ff00</color><width>3</width></LineStyle></Style><LineString><coordinates>-71.26570341229426,-34.65512522300085,0 -71.2655733,-34.6546866,0</coordinates></LineString></Placemark><Placemark><name>Trabajado - Cuartel 1 - Hilera 30</name><Style><LineStyle><color>ff00ff00</color><width>3</width></LineStyle></Style><LineString><coordinates>-71.26592586780322,-34.65508847619346,0 -71.2654033,-34.6548866,0</coordinates></LineString></Placemark><Placemark><name>Trabajado - Cuartel 1 - Hilera 31</name><Style><LineStyle><color>ff00ff00</color><width>3</width></LineStyle></Style><LineString><coordinates>-71.26539,-34.6548883,0 -71.2658011152866,-34.655202532866866,0</coordinates></LineString></Placemark><Placemark><name>Trabajado - Cuartel 1 - Hilera 32</name><Style><LineStyle><color>ff00ff00</color><width>3</width></LineStyle></Style><LineString><coordinates>-71.26551,-34.6547466,0 -71.2656433,-34.6547849,0</coordinates></LineString></Placemark><Placemark><name>Trabajado - Cuartel 1 - Hilera 33</name><Style><LineStyle><color>ff00ff00</color><width>3</width></LineStyle></Style><LineString><coordinates>-71.2657583,-34.6547366,0 -71.26600786325187,-34.65473009993108,0</coordinates></LineString></Placemark><Placemark><name>Trabajado - Cuartel 1 - Hilera 34</name><Style><LineStyle><color>ff00ff00</color><width>3</width></LineStyle></Style><LineString><coordinates>-71.2660083,-34.6547416,0 -71.26568751967558,-34.65507561251281,0</coordinates></LineString></Placemark><Placemark><name>Trabajado - Cuartel 1 - Hilera 35</name><Style><LineStyle><color>ff00ff00</color><width>3</width></LineStyle></Style><LineString><coordinates>-71.2658366,-34.6548933,0 -71.26587880683216,-34.655141739018056,0</coordinates></LineString></Placemark><Placemark><name>Trabajado - Cuartel 1 - Hilera 36</name><Style><LineStyle><color>ff00ff00</color><width>3</width></LineStyle></Style><LineString><coordinates>-71.26570334811922,-34.65495486824375,0 -71.2660009436722,-34.65502940671715,0</coordinates></LineString></Placemark><Placemark><name>Trabajado - Cuartel 1 - Hilera 37</name><Style><LineStyle><color>ff00ff00</color><width>3</width></LineStyle></Style><LineString><coordinates>-71.26601,-34.6549683,0 -71.26564162027059,-34.65508355175061,0</coordinates></LineString></Placemark><Placemark><name>Trabajado - Cuartel 1 - Hilera 38</name><Style><LineStyle><color>ff00ff00</color><width>3</width></LineStyle></Style><LineString><coordinates>-71.26600218176542,-34.655012141954515,0 -71.26570160579823,-34.65493576029696,0</coordinates></LineString></Placemark><Placemark><name>Trabajado - Cuartel 1 - Hilera 39</name><Style><LineStyle><color>ff00ff00</color><width>3</width></LineStyle></Style><LineString><coordinates>-71.26567219205657,-34.65494995051724,0 -71.26591498226304,-34.655102875158306,0</coordinates></LineString></Placemark><Placemark><name>Trabajado - Cuartel 1 - Hilera 40</name><Style><LineStyle><color>ff00ff00</color><width>3</width></LineStyle></Style><LineString><coordinates>-71.26587883421286,-34.65523695589832,0 -71.26590432187551,-34.654881650272756,0</coordinates></LineString></Placemark><Placemark><name>Trabajado - Cuartel 1 - Hilera 41</name><Style><LineStyle><color>ff00ff00</color><width>3</width></LineStyle></Style><LineString><coordinates>-71.26584618832104,-34.65491855742531,0 -71.26578945250635,-34.65517475508851,0</coordinates></LineString></Placemark><Placemark><name>Trabajado - Cuartel 1 - Hilera 42</name><Style><LineStyle><color>ff00ff00</color><width>3</width></LineStyle></Style><LineString><coordinates>-71.26579857003841,-34.65517693131369,0 -71.2657016,-34.6548899,0</coordinates></LineString></Placemark><Placemark><name>Trabajado - Cuartel 1 - Hilera 43</name><Style><LineStyle><color>ff00ff00</color><width>3</width></LineStyle></Style><LineString><coordinates>-71.26582650325695,-34.655246507005415,0 -71.26562141485697,-34.65381854075794,0</coordinates></LineString></Placemark><Placemark><name>Trabajado - Cuartel 1 - Hilera 44</name><Style><LineStyle><color>ff00ff00</color><width>3</width></LineStyle></Style><LineString><coordinates>-71.2657316,-34.6550716,0 -71.26583342579816,-34.65488804560069,0</coordinates></LineString></Placemark><Placemark><name>Trabajado - Cuartel 1 - Hilera 45</name><Style><LineStyle><color>ff00ff00</color><width>3</width></LineStyle></Style><LineString><coordinates>-71.26591600686713,-34.654860044392066,0 -71.26565691393056,-34.65526173886732,0</coordinates></LineString></Placemark><Placemark><name>Trabajado - Cuartel 1 - Hilera 46</name><Style><LineStyle><color>ff00ff00</color><width>3</width></LineStyle></Style><LineString><coordinates>-71.2659033,-34.65542,0 -71.26581450583421,-34.65489357744575,0</coordinates></LineString></Placemark><Placemark><name>Trabajado - Cuartel 1 - Hilera 47</name><Style><LineStyle><color>ff00ff00</color><width>3</width></LineStyle></Style><LineString><coordinates>-71.26584085141589,-34.655178531459505,0 -71.26574241950148,-34.65507162952377,0</coordinates></LineString></Placemark><Placemark><name>Trabajado - Cuartel 1 - Hilera 48</name><Style><LineStyle><color>ff00ff00</color><width>3</width></LineStyle></Style><LineString><coordinates>-71.2656816,-34.6548683,0 -71.26604519012483,-34.65505346530893,0</coordinates></LineString></Placemark><Placemark><name>Trabajado - Cuartel 1 - Hilera 49</name><Style><LineStyle><color>ff00ff00</color><width>3</width></LineStyle></Style><LineString><coordinates>-71.2657733,-34.654915,0 -71.26571788614214,-34.65511021510491,0</coordinates></LineString></Placemark><Placemark><name>Trabajado - Cuartel 1 - Hilera 50</name><Style><LineStyle><color>ff00ff00</color><width>3</width></LineStyle></Style><LineString><coordinates>-71.2657383,-34.6550383,0 -71.2658988950556,-34.65490771852524,0</coordinates></LineString></Placemark><Placemark><name>Trabajado - Cuartel 1 - Hilera 51</name><Style><LineStyle><color>ff00ff00</color><width>3</width></LineStyle></Style><LineString><coordinates>-71.26594516501257,-34.65489222633557,0 -71.2657996094668,-34.655123821381714,0</coordinates></LineString></Placemark><Placemark><name>Trabajado - Cuartel 1 - Hilera 52</name><Style><LineStyle><color>ff00ff00</color><width>3</width></LineStyle></Style><LineString><coordinates>-71.26600082602158,-34.65511501079961,0 -71.2657116,-34.65507,0</coordinates></LineString></Placemark><Placemark><name>Trabajado - Cuartel 1 - Hilera 53</name><Style><LineStyle><color>ff00ff00</color><width>3</width></LineStyle></Style><LineString><coordinates>-71.2657033,-34.6553833,0 -71.265705,-34.655045,0</coordinates></LineString></Placemark><Placemark><name>Trabajado - Cuartel 1 - Hilera 54</name><Style><LineStyle><color>ff00ff00</color><width>3</width></LineStyle></Style><LineString><coordinates>-71.265705,-34.655045,0 -71.2658083,-34.6552483,0</coordinates></LineString></Placemark><Placemark><name>Trabajado - Cuartel 1 - Hilera 55</name><Style><LineStyle><color>ff00ff00</color><width>3</width></LineStyle></Style><LineString><coordinates>-71.26597112806073,-34.65497300436467,0 -71.2657499,-34.6552749,0</coordinates></LineString></Placemark><Placemark><name>Trabajado - Cuartel 1 - Hilera 56</name><Style><LineStyle><color>ff00ff00</color><width>3</width></LineStyle></Style><LineString><coordinates>-71.2657499,-34.6552749,0 -71.26585406693029,-34.65474533279162,0</coordinates></LineString></Placemark><Placemark><name>Trabajado - Cuartel 1 - Hilera 57</name><Style><LineStyle><color>ff00ff00</color><width>3</width></LineStyle></Style><LineString><coordinates>-71.2657666,-34.65519,0 -71.2659283,-34.6551783,0</coordinates></LineString></Placemark><Placemark><name>Trabajado - Cuartel 1 - Hilera 58</name><Style><LineStyle><color>ff00ff00</color><width>3</width></LineStyle></Style><LineString><coordinates>-71.2659283,-34.6551783,0 -71.26569907064463,-34.655057624404066,0</coordinates></LineString></Placemark><Placemark><name>Trabajado - Cuartel 1 - Hilera 59</name><Style><LineStyle><color>ff00ff00</color><width>3</width></LineStyle></Style><LineString><coordinates>-71.2660524235032,-34.654996993960665,0 -71.265725,-34.6551466,0</coordinates></LineString></Placemark><Placemark><name>Trabajado - Cuartel 1 - Hilera 60</name><Style><LineStyle><color>ff00ff00</color><width>3</width></LineStyle></Style><LineString><coordinates>-71.26575256739632,-34.654995728884344,0 -71.26590515168714,-34.65518410455201,0</coordinates></LineString></Placemark><Placemark><name>Trabajado - Cuartel 1 - Hilera 61</name><Style><LineStyle><color>ff00ff00</color><width>3</width></LineStyle></Style><LineString><coordinates>-71.26590431104442,-34.655135720603795,0 -71.26597826462424,-34.65495897154808,0</coordinates></LineString></Placemark><Placemark><name>Trabajado - Cuartel 1 - Hilera 62</name><Style><LineStyle><color>ff00ff00</color><width>3</width></LineStyle></Style><LineString><coordinates>-71.2659788114429,-34.654976568038094,0 -71.26584944517235,-34.65494664505726,0</coordinates></LineString></Placemark><Placemark><name>Trabajado - Cuartel 1 - Hilera 63</name><Style><LineStyle><color>ff00ff00</color><width>3</width></LineStyle></Style><LineString><coordinates>-71.265875,-34.6548783,0 -71.266009532514,-34.6550659117059,0</coordinates></LineString></Placemark><Placemark><name>Trabajado - Cuartel 1 - Hilera 64</name><Style><LineStyle><color>ff00ff00</color><width>3</width></LineStyle></Style><LineString><coordinates>-71.26572646108433,-34.65508910772976,0 -71.2660066,-34.6549283,0</coordinates></LineString></Placemark><Placemark><name>Trabajado - Cuartel 1 - Hilera 65</name><Style><LineStyle><color>ff00ff00</color><width>3</width></LineStyle></Style><LineString><coordinates>-71.2660066,-34.6549283,0 -71.2658249,-34.6548483,0</coordinates></LineString></Placemark><Placemark><name>Trabajado - Cuartel 1 - Hilera 66</name><Style><LineStyle><color>ff00ff00</color><width>3</width></LineStyle></Style><LineString><coordinates>-71.26580890907391,-34.65485453732699,0 -71.2660366,-34.6550133,0</coordinates></LineString></Placemark><Placemark><name>Trabajado - Cuartel 1 - Hilera 67</name><Style><LineStyle><color>ff00ff00</color><width>3</width></LineStyle></Style><LineString><coordinates>-71.2660366,-34.6550133,0 -71.26571426975168,-34.65504283420917,0</coordinates></LineString></Placemark><Placemark><name>Trabajado - Cuartel 1 - Hilera 68</name><Style><LineStyle><color>ff00ff00</color><width>3</width></LineStyle></Style><LineString><coordinates>-71.26594089184475,-34.655102216147014,0 -71.2658885651946,-34.65487538011853,0</coordinates></LineString></Placemark><Placemark><name>Trabajado - Cuartel 1 - Hilera 69</name><Style><LineStyle><color>ff00ff00</color><width>3</width></LineStyle></Style><LineString><coordinates>-71.26575018460623,-34.65518968426109,0 -71.26601793422464,-34.65505295345595,0</coordinates></LineString></Placemark><Placemark><name>Trabajado - Cuartel 1 - Hilera 70</name><Style><LineStyle><color>ff00ff00</color><width>3</width></LineStyle></Style><LineString><coordinates>-71.2659783,-34.6550816,0 -71.2659422195152,-34.65488443888074,0</coordinates></LineString></Placemark><Placemark><name>Trabajado - Cuartel 1 - Hilera 71</name><Style><LineStyle><color>ff00ff00</color><width>3</width></LineStyle></Style><LineString><coordinates>-71.26604815954342,-34.655150680203256,0 -71.26575464549842,-34.654935125213015,0</coordinates></LineString></Placemark><Placemark><name>Trabajado - Cuartel 1 - Hilera 72</name><Style><LineStyle><color>ff00ff00</color><width>3</width></LineStyle></Style><LineString><coordinates>-71.26582865531383,-34.65490251040669,0 -71.2660033,-34.6550133,0</coordinates></LineString></Placemark><Placemark><name>Trabajado - Cuartel 1 - Hilera 73</name><Style><LineStyle><color>ff00ff00</color><width>3</width></LineStyle></Style><LineString><coordinates>-71.26596,-34.6549033,0 -71.26587727992087,-34.65511802547484,0</coordinates></LineString></Placemark><Placemark><name>Trabajado - Cuartel 1 - Hilera 74</name><Style><LineStyle><color>ff00ff00</color><width>3</width></LineStyle></Style><LineString><coordinates>-71.26598220641976,-34.65492414320895,0 -71.2657299,-34.655145,0</coordinates></LineString></Placemark><Placemark><name>Trabajado - Cuartel 1 - Hilera 75</name><Style><LineStyle><color>ff00ff00</color><width>3</width></LineStyle></Style><LineString><coordinates>-71.26570896396717,-34.65507155200597,0 -71.26591737203356,-34.65503365963026,0</coordinates></LineString></Placemark><Placemark><name>Trabajado - Cuartel 1 - Hilera 76</name><Style><LineStyle><color>ff00ff00</color><width>3</width></LineStyle></Style><LineString><coordinates>-71.26583838834476,-34.65469667423348,0 -71.2657299,-34.655145,0</coordinates></LineString></Placemark><Placemark><name>Trabajado - Cuartel 1 - Hilera 77</name><Style><LineStyle><color>ff00ff00</color><width>3</width></LineStyle></Style><LineString><coordinates>-71.265855,-34.6551433,0 -71.2659749,-34.6551366,0</coordinates></LineString></Placemark><Placemark><name>Trabajado - Cuartel 1 - Hilera 78</name><Style><LineStyle><color>ff00ff00</color><width>3</width></LineStyle></Style><LineString><coordinates>-71.26575631374645,-34.65515824733299,0 -71.26601137973623,-34.65511179583866,0</coordinates></LineString></Placemark><Placemark><name>Trabajado - Cuartel 1 - Hilera 79</name><Style><LineStyle><color>ff00ff00</color><width>3</width></LineStyle></Style><LineString><coordinates>-71.26569522383143,-34.65485192802503,0 -71.26585856242015,-34.65509706492757,0</coordinates></LineString></Placemark><Placemark><name>Trabajado - Cuartel 1 - Hilera 80</name><Style><LineStyle><color>ff00ff00</color><width>3</width></LineStyle></Style><LineString><coordinates>-71.2659974402795,-34.65517498197695,0 -71.265705,-34.6549283,0</coordinates></LineString></Placemark><Placemark><name>Trabajado - Cuartel 1 - Hilera 81</name><Style><LineStyle><color>ff00ff00</color><width>3</width></LineStyle></Style><LineString><coordinates>-71.26590528492447,-34.65512404423182,0 -71.26574590809183,-34.65487051982959,0</coordinates></LineString></Placemark><Placemark><name>Trabajado - Cuartel 1 - Hilera 82</name><Style><LineStyle><color>ff00ff00</color><width>3</width></LineStyle></Style><LineString><coordinates>-71.26583112662969,-34.655171276823744,0 -71.26590816570283,-34.65491362106077,0</coordinates></LineString></Placemark><Placemark><name>Trabajado - Cuartel 1 - Hilera 83</name><Style><LineStyle><color>ff00ff00</color><width>3</width></LineStyle></Style><LineString><coordinates>-71.26599670682548,-34.655018491285844,0 -71.26571,-34.6551283,0</coordinates></LineString></Placemark><Placemark><name>Trabajado - Cuartel 1 - Hilera 84</name><Style><LineStyle><color>ff00ff00</color><width>3</width></LineStyle></Style><LineString><coordinates>-71.265904056003,-34.655062974747416,0 -71.265695,-34.6550983,0</coordinates></LineString></Placemark><Placemark><name>Trabajado - Cuartel 1 - Hilera 85</name><Style><LineStyle><color>ff00ff00</color><width>3</width></LineStyle></Style><LineString><coordinates>-71.2659733,-34.6549333,0 -71.266065,-34.6549933,0</coordinates></LineString></Placemark><Placemark><name>Trabajado - Cuartel 1 - Hilera 86</name><Style><LineStyle><color>ff00ff00</color><width>3</width></LineStyle></Style><LineString><coordinates>-71.2661016,-34.6550033,0 -71.2657783,-34.6550033,0</coordinates></LineString></Placemark><Placemark><name>Trabajado - Cuartel 1 - Hilera 87</name><Style><LineStyle><color>ff00ff00</color><width>3</width></LineStyle></Style><LineString><coordinates>-71.26575510866553,-34.65515339132893,0 -71.266035,-34.654925,0</coordinates></LineString></Placemark><Placemark><name>Trabajado - Cuartel 1 - Hilera 88</name><Style><LineStyle><color>ff00ff00</color><width>3</width></LineStyle></Style><LineString><coordinates>-71.2661016,-34.6549866,0 -71.26579160243814,-34.65499170160557,0</coordinates></LineString></Placemark><Placemark><name>Trabajado - Cuartel 1 - Hilera 89</name><Style><LineStyle><color>ff00ff00</color><width>3</width></LineStyle></Style><LineString><coordinates>-71.26570097819848,-34.655047516074276,0 -71.26593569172766,-34.65497624851179,0</coordinates></LineString></Placemark><Placemark><name>Trabajado - Cuartel 1 - Hilera 90</name><Style><LineStyle><color>ff00ff00</color><width>3</width></LineStyle></Style><LineString><coordinates>-71.2659233,-34.6551433,0 -71.2659666,-34.6550466,0</coordinates></LineString></Placemark><Placemark><name>Trabajado - Cuartel 1 - Hilera 91</name><Style><LineStyle><color>ff00ff00</color><width>3</width></LineStyle></Style><LineString><coordinates>-71.2658133,-34.6551266,0 -71.2659066,-34.655075,0</coordinates></LineString></Placemark><Placemark><name>Trabajado - Cuartel 1 - Hilera 92</name><Style><LineStyle><color>ff00ff00</color><width>3</width></LineStyle></Style><LineString><coordinates>-71.2657783,-34.6550983,0 -71.26577371322507,-34.654974591982004,0</coordinates></LineString></Placemark><Placemark><name>Trabajado - Cuartel 1 - Hilera 93</name><Style><LineStyle><color>ff00ff00</color><width>3</width></LineStyle></Style><LineString><coordinates>-71.26578005035387,-34.655051123206846,0 -71.26593539739932,-34.65514594337699,0</coordinates></LineString></Placemark><Placemark><name>Trabajado - Cuartel 1 - Hilera 94</name><Style><LineStyle><color>ff00ff00</color><width>3</width></LineStyle></Style><LineString><coordinates>-71.2658249,-34.6549466,0 -71.2659216,-34.6549116,0</coordinates></LineString></Placemark><Placemark><name>Trabajado - Cuartel 1 - Hilera 95</name><Style><LineStyle><color>ff00ff00</color><width>3</width></LineStyle></Style><LineString><coordinates>-71.2659166,-34.6549066,0 -71.26575048096865,-34.65514193529446,0</coordinates></LineString></Placemark><Placemark><name>Trabajado - Cuartel 1 - Hilera 96</name><Style><LineStyle><color>ff00ff00</color><width>3</width></LineStyle></Style><LineString><coordinates>-71.2658483,-34.65508,0 -71.2659883,-34.6550783,0</coordinates></LineString></Placemark><Placemark><name>Trabajado - Cuartel 1 - Hilera 97</name><Style><LineStyle><color>ff00ff00</color><width>3</width></LineStyle></Style><LineString><coordinates>-71.26593,-34.6549216,0 -71.2659283,-34.6550233,0</coordinates></LineString></Placemark><Placemark><name>Trabajado - Cuartel 1 - Hilera 98</name><Style><LineStyle><color>ff00ff00</color><width>3</width></LineStyle></Style><LineString><coordinates>-71.26572581744564,-34.65500052030117,0 -71.26603931206385,-34.65506583167998,0</coordinates></LineString></Placemark><Placemark><name>Trabajado - Cuartel 1 - Hilera 99</name><Style><LineStyle><color>ff00ff00</color><width>3</width></LineStyle></Style><LineString><coordinates>-71.26594840324296,-34.65512824980513,0 -71.26571150678068,-34.65479408063252,0</coordinates></LineString></Placemark><Placemark><name>Trabajado - Cuartel 1 - Hilera 100</name><Style><LineStyle><color>ff00ff00</color><width>3</width></LineStyle></Style><LineString><coordinates>-71.26582648694593,-34.655060168697936,0 -71.26604,-34.6551583,0</coordinates></LineString></Placemark><Placemark><name>Trabajado - Cuartel 1 - Hilera 101</name><Style><LineStyle><color>ff00ff00</color><width>3</width></LineStyle></Style><LineString><coordinates>-71.2660283,-34.6551583,0 -71.2658983,-34.6552033,0</coordinates></LineString></Placemark><Placemark><name>Trabajado - Cuartel 1 - Hilera 102</name><Style><LineStyle><color>ff00ff00</color><width>3</width></LineStyle></Style><LineString><coordinates>-71.26583377949507,-34.65511703452643,0 -71.2657775578299,-34.654866757436245,0</coordinates></LineString></Placemark><Placemark><name>Trabajado - Cuartel 1 - Hilera 103</name><Style><LineStyle><color>ff00ff00</color><width>3</width></LineStyle></Style><LineString><coordinates>-71.265905,-34.6551016,0 -71.2657633,-34.6551133,0</coordinates></LineString></Placemark><Placemark><name>Trabajado - Cuartel 1 - Hilera 104</name><Style><LineStyle><color>ff00ff00</color><width>3</width></LineStyle></Style><LineString><coordinates>-71.2659783,-34.6550833,0 -71.26576809857762,-34.65500615607799,0</coordinates></LineString></Placemark><Placemark><name>Trabajado - Cuartel 1 - Hilera 105</name><Style><LineStyle><color>ff00ff00</color><width>3</width></LineStyle></Style><LineString><coordinates>-71.2659533,-34.65509,0 -71.2659416,-34.6549933,0</coordinates></LineString></Placemark><Placemark><name>Trabajado - Cuartel 1 - Hilera 106</name><Style><LineStyle><color>ff00ff00</color><width>3</width></LineStyle></Style><LineString><coordinates>-71.265685,-34.6548566,0 -71.26595033476544,-34.654958590540474,0</coordinates></LineString></Placemark><Placemark><name>Trabajado - Cuartel 1 - Hilera 107</name><Style><LineStyle><color>ff00ff00</color><width>3</width></LineStyle></Style><LineString><coordinates>-71.26592896092848,-34.6550634345942,0 -71.265787287944,-34.6549901980272,0</coordinates></LineString></Placemark><Placemark><name>Trabajado - Cuartel 1 - Hilera 108</name><Style><LineStyle><color>ff00ff00</color><width>3</width></LineStyle></Style><LineString><coordinates>-71.26582809057341,-34.65518284104536,0 -71.26586119853452,-34.65492511440193,0</coordinates></LineString></Placemark><Placemark><name>Trabajado - Cuartel 1 - Hilera 109</name><Style><LineStyle><color>ff00ff00</color><width>3</width></LineStyle></Style><LineString><coordinates>-71.265755,-34.6548666,0 -71.2656899,-34.654945,0</coordinates></LineString></Placemark><Placemark><name>Trabajado - Cuartel 1 - Hilera 110</name><Style><LineStyle><color>ff00ff00</color><width>3</width></LineStyle></Style><LineString><coordinates>-71.26605378396525,-34.65496312886476,0 -71.26571988380464,-34.65511194984396,0</coordinates></LineString></Placemark><Placemark><name>Trabajado - Cuartel 1 - Hilera 111</name><Style><LineStyle><color>ff00ff00</color><width>3</width></LineStyle></Style><LineString><coordinates>-71.26587563203641,-34.65509405737913,0 -71.2660233,-34.6549516,0</coordinates></LineString></Placemark><Placemark><name>Trabajado - Cuartel 1 - Hilera 112</name><Style><LineStyle><color>ff00ff00</color><width>3</width></LineStyle></Style><LineString><coordinates>-71.2659666,-34.6550466,0 -71.2660266,-34.6551233,0</coordinates></LineString></Placemark><Placemark><name>Trabajado - Cuartel 1 - Hilera 113</name><Style><LineStyle><color>ff00ff00</color><width>3</width></LineStyle></Style><LineString><coordinates>-71.2660433,-34.6549583,0 -71.26619,-34.6548766,0</coordinates></LineString></Placemark><Placemark><name>Trabajado - Cuartel 1 - Hilera 114</name><Style><LineStyle><color>ff00ff00</color><width>3</width></LineStyle></Style><LineString><coordinates>-71.26571,-34.6550433,0 -71.265855,-34.6549666,0</coordinates></LineString></Placemark><Placemark><name>Trabajado - Cuartel 1 - Hilera 115</name><Style><LineStyle><color>ff00ff00</color><width>3</width></LineStyle></Style><LineString><coordinates>-71.2658054539337,-34.65496804308931,0 -71.2659683,-34.6549633,0</coordinates></LineString></Placemark><Placemark><name>Trabajado - Cuartel 1 - Hilera 116</name><Style><LineStyle><color>ff00ff00</color><width>3</width></LineStyle></Style><LineString><coordinates>-71.26592193393736,-34.65513650469758,0 -71.26576,-34.6551066,0</coordinates></LineString></Placemark><Placemark><name>Trabajado - Cuartel 1 - Hilera 117</name><Style><LineStyle><color>ff00ff00</color><width>3</width></LineStyle></Style><LineString><coordinates>-71.2657299,-34.6548366,0 -71.2657383,-34.654925,0</coordinates></LineString></Placemark><Placemark><name>Trabajado - Cuartel 1 - Hilera 118</name><Style><LineStyle><color>ff00ff00</color><width>3</width></LineStyle></Style><LineString><coordinates>-71.26589,-34.6551149,0 -71.2657849,-34.6548283,0</coordinates></LineString></Placemark><Placemark><name>Trabajado - Cuartel 1 - Hilera 119</name><Style><LineStyle><color>ff00ff00</color><width>3</width></LineStyle></Style><LineString><coordinates>-71.26577,-34.6549883,0 -71.26597141777917,-34.654905239144384,0</coordinates></LineString></Placemark><Placemark><name>Trabajado - Cuartel 1 - Hilera 120</name><Style><LineStyle><color>ff00ff00</color><width>3</width></LineStyle></Style><LineString><coordinates>-71.2658466,-34.6550033,0 -71.2655433,-34.6550616,0</coordinates></LineString></Placemark><Placemark><name>Trabajado - Cuartel 1 - Hilera 121</name><Style><LineStyle><color>ff00ff00</color><width>3</width></LineStyle></Style><LineString><coordinates>-71.2658716,-34.6552366,0 -71.26599,-34.6552233,0</coordinates></LineString></Placemark><Placemark><name>Trabajado - Cuartel 1 - Hilera 122</name><Style><LineStyle><color>ff00ff00</color><width>3</width></LineStyle></Style><LineString><coordinates>-71.265995,-34.6552433,0 -71.2660266,-34.65514,0</coordinates></LineString></Placemark><Placemark><name>Descartado</name><Style><LineStyle><color>ff00ffff</color><width>3</width></LineStyle></Style><LineString><coordinates>-71.265875,-34.6549016,0 -71.266025,-34.6551866,0</coordinates></LineString></Placemark><Placemark><name>Descartado</name><Style><LineStyle><color>ff00ffff</color><width>3</width></LineStyle></Style><LineString><coordinates>-71.26608,-34.6552666,0 -71.2660866,-34.6552683,0</coordinates></LineString></Placemark><Placemark><name>Descartado</name><Style><LineStyle><color>ff00ffff</color><width>3</width></LineStyle></Style><LineString><coordinates>-71.265865,-34.6554216,0 -71.2658599,-34.6554183,0</coordinates></LineString></Placemark><Placemark><name>Descartado</name><Style><LineStyle><color>ff00ffff</color><width>3</width></LineStyle></Style><LineString><coordinates>-71.2658599,-34.6554183,0 -71.2658133,-34.6553616,0</coordinates></LineString></Placemark><Placemark><name>Descartado</name><Style><LineStyle><color>ff00ffff</color><width>3</width></LineStyle></Style><LineString><coordinates>-71.2656349,-34.6549283,0 -71.2656016,-34.6549333,0</coordinates></LineString></Placemark><Placemark><name>Descartado</name><Style><LineStyle><color>ff00ffff</color><width>3</width></LineStyle></Style><LineString><coordinates>-71.2656016,-34.6549333,0 -71.26565,-34.6549333,0</coordinates></LineString></Placemark><Placemark><name>Descartado</name><Style><LineStyle><color>ff00ffff</color><width>3</width></LineStyle></Style><LineString><coordinates>-71.2659783,-34.6549266,0 -71.2659549,-34.6548999,0</coordinates></LineString></Placemark><Placemark><name>Descartado</name><Style><LineStyle><color>ff00ffff</color><width>3</width></LineStyle></Style><LineString><coordinates>-71.2658383,-34.6549066,0 -71.2658233,-34.6549133,0</coordinates></LineString></Placemark><Placemark><name>Descartado</name><Style><LineStyle><color>ff00ffff</color><width>3</width></LineStyle></Style><LineString><coordinates>-71.2655733,-34.6549766,0 -71.2655433,-34.6549866,0</coordinates></LineString></Placemark><Placemark><name>Descartado</name><Style><LineStyle><color>ff00ffff</color><width>3</width></LineStyle></Style><LineString><coordinates>-71.2655433,-34.6549866,0 -71.2655033,-34.654985,0</coordinates></LineString></Placemark><Placemark><name>Descartado</name><Style><LineStyle><color>ff00ffff</color><width>3</width></LineStyle></Style><LineString><coordinates>-71.2655,-34.6548316,0 -71.265515,-34.6548033,0</coordinates></LineString></Placemark><Placemark><name>Descartado</name><Style><LineStyle><color>ff00ffff</color><width>3</width></LineStyle></Style><LineString><coordinates>-71.265515,-34.6548033,0 -71.2654816,-34.654845,0</coordinates></LineString></Placemark><Placemark><name>Descartado</name><Style><LineStyle><color>ff00ffff</color><width>3</width></LineStyle></Style><LineString><coordinates>-71.2654816,-34.654845,0 -71.26547,-34.6548416,0</coordinates></LineString></Placemark><Placemark><name>Descartado</name><Style><LineStyle><color>ff00ffff</color><width>3</width></LineStyle></Style><LineString><coordinates>-71.26547,-34.6548416,0 -71.2654566,-34.6548233,0</coordinates></LineString></Placemark><Placemark><name>Descartado</name><Style><LineStyle><color>ff00ffff</color><width>3</width></LineStyle></Style><LineString><coordinates>-71.2654566,-34.6548233,0 -71.2655016,-34.6548316,0</coordinates></LineString></Placemark><Placemark><name>Descartado</name><Style><LineStyle><color>ff00ffff</color><width>3</width></LineStyle></Style><LineString><coordinates>-71.2659016,-34.6548633,0 -71.2659183,-34.6548533,0</coordinates></LineString></Placemark><Placemark><name>Descartado</name><Style><LineStyle><color>ff00ffff</color><width>3</width></LineStyle></Style><LineString><coordinates>-71.2659183,-34.6548533,0 -71.2659916,-34.6548266,0</coordinates></LineString></Placemark><Placemark><name>Descartado</name><Style><LineStyle><color>ff00ffff</color><width>3</width></LineStyle></Style><LineString><coordinates>-71.2659916,-34.6548266,0 -71.2659999,-34.6548283,0</coordinates></LineString></Placemark><Placemark><name>Descartado</name><Style><LineStyle><color>ff00ffff</color><width>3</width></LineStyle></Style><LineString><coordinates>-71.266005,-34.654905,0 -71.26601,-34.6549966,0</coordinates></LineString></Placemark><Placemark><name>Descartado</name><Style><LineStyle><color>ff00ffff</color><width>3</width></LineStyle></Style><LineString><coordinates>-71.2660433,-34.6548383,0 -71.266065,-34.6548333,0</coordinates></LineString></Placemark><Placemark><name>Descartado</name><Style><LineStyle><color>ff00ffff</color><width>3</width></LineStyle></Style><LineString><coordinates>-71.26598,-34.6549333,0 -71.2659716,-34.6548883,0</coordinates></LineString></Placemark><Placemark><name>Descartado</name><Style><LineStyle><color>ff00ffff</color><width>3</width></LineStyle></Style><LineString><coordinates>-71.2659716,-34.6548883,0 -71.2659933,-34.6548833,0</coordinates></LineString></Placemark><Placemark><name>Descartado</name><Style><LineStyle><color>ff00ffff</color><width>3</width></LineStyle></Style><LineString><coordinates>-71.2654983,-34.6547983,0 -71.2654949,-34.6548116,0</coordinates></LineString></Placemark><Placemark><name>Descartado</name><Style><LineStyle><color>ff00ffff</color><width>3</width></LineStyle></Style><LineString><coordinates>-71.2654083,-34.65485,0 -71.2654099,-34.6548566,0</coordinates></LineString></Placemark><Placemark><name>Descartado</name><Style><LineStyle><color>ff00ffff</color><width>3</width></LineStyle></Style><LineString><coordinates>-71.2654099,-34.6548566,0 -71.2654016,-34.6548483,0</coordinates></LineString></Placemark><Placemark><name>Descartado</name><Style><LineStyle><color>ff00ffff</color><width>3</width></LineStyle></Style><LineString><coordinates>-71.2654016,-34.6548483,0 -71.2653966,-34.6548466,0</coordinates></LineString></Placemark><Placemark><name>Descartado</name><Style><LineStyle><color>ff00ffff</color><width>3</width></LineStyle></Style><LineString><coordinates>-71.2653966,-34.6548466,0 -71.2653866,-34.6548316,0</coordinates></LineString></Placemark><Placemark><name>Descartado</name><Style><LineStyle><color>ff00ffff</color><width>3</width></LineStyle></Style><LineString><coordinates>-71.2653866,-34.6548316,0 -71.2653966,-34.6547966,0</coordinates></LineString></Placemark><Placemark><name>Descartado</name><Style><LineStyle><color>ff00ffff</color><width>3</width></LineStyle></Style><LineString><coordinates>-71.2653716,-34.6549416,0 -71.2654583,-34.6548849,0</coordinates></LineString></Placemark><Placemark><name>Descartado</name><Style><LineStyle><color>ff00ffff</color><width>3</width></LineStyle></Style><LineString><coordinates>-71.26546,-34.6549833,0 -71.2653966,-34.654955,0</coordinates></LineString></Placemark><Placemark><name>Descartado</name><Style><LineStyle><color>ff00ffff</color><width>3</width></LineStyle></Style><LineString><coordinates>-71.2653966,-34.654955,0 -71.265435,-34.6548999,0</coordinates></LineString></Placemark><Placemark><name>Descartado</name><Style><LineStyle><color>ff00ffff</color><width>3</width></LineStyle></Style><LineString><coordinates>-71.265435,-34.6548999,0 -71.2654266,-34.6549083,0</coordinates></LineString></Placemark><Placemark><name>Descartado</name><Style><LineStyle><color>ff00ffff</color><width>3</width></LineStyle></Style><LineString><coordinates>-71.2655166,-34.6549766,0 -71.2654383,-34.654945,0</coordinates></LineString></Placemark><Placemark><name>Descartado</name><Style><LineStyle><color>ff00ffff</color><width>3</width></LineStyle></Style><LineString><coordinates>-71.2654383,-34.654945,0 -71.26543,-34.654945,0</coordinates></LineString></Placemark><Placemark><name>Descartado</name><Style><LineStyle><color>ff00ffff</color><width>3</width></LineStyle></Style><LineString><coordinates>-71.26543,-34.654945,0 -71.2653416,-34.6548783,0</coordinates></LineString></Placemark><Placemark><name>Descartado</name><Style><LineStyle><color>ff00ffff</color><width>3</width></LineStyle></Style><LineString><coordinates>-71.2653416,-34.6548783,0 -71.26537,-34.654915,0</coordinates></LineString></Placemark><Placemark><name>Descartado</name><Style><LineStyle><color>ff00ffff</color><width>3</width></LineStyle></Style><LineString><coordinates>-71.26537,-34.654915,0 -71.2654216,-34.6550333,0</coordinates></LineString></Placemark><Placemark><name>Descartado</name><Style><LineStyle><color>ff00ffff</color><width>3</width></LineStyle></Style><LineString><coordinates>-71.2654266,-34.6550399,0 -71.2654283,-34.6550383,0</coordinates></LineString></Placemark><Placemark><name>Descartado</name><Style><LineStyle><color>ff00ffff</color><width>3</width></LineStyle></Style><LineString><coordinates>-71.2654283,-34.6550383,0 -71.2655466,-34.6549916,0</coordinates></LineString></Placemark><Placemark><name>Descartado</name><Style><LineStyle><color>ff00ffff</color><width>3</width></LineStyle></Style><LineString><coordinates>-71.2655466,-34.6549916,0 -71.265555,-34.6549933,0</coordinates></LineString></Placemark><Placemark><name>Descartado</name><Style><LineStyle><color>ff00ffff</color><width>3</width></LineStyle></Style><LineString><coordinates>-71.2660183,-34.65484,0 -71.26599,-34.6548333,0</coordinates></LineString></Placemark><Placemark><name>Descartado</name><Style><LineStyle><color>ff00ffff</color><width>3</width></LineStyle></Style><LineString><coordinates>-71.26599,-34.6548333,0 -71.2659749,-34.6548433,0</coordinates></LineString></Placemark><Placemark><name>Descartado</name><Style><LineStyle><color>ff00ffff</color><width>3</width></LineStyle></Style><LineString><coordinates>-71.2658516,-34.6548583,0 -71.265845,-34.6548533,0</coordinates></LineString></Placemark><Placemark><name>Descartado</name><Style><LineStyle><color>ff00ffff</color><width>3</width></LineStyle></Style><LineString><coordinates>-71.2658316,-34.6547183,0 -71.2658366,-34.6547016,0</coordinates></LineString></Placemark><Placemark><name>Descartado</name><Style><LineStyle><color>ff00ffff</color><width>3</width></LineStyle></Style><LineString><coordinates>-71.2658366,-34.6547016,0 -71.26581,-34.654755,0</coordinates></LineString></Placemark><Placemark><name>Descartado</name><Style><LineStyle><color>ff00ffff</color><width>3</width></LineStyle></Style><LineString><coordinates>-71.26581,-34.654755,0 -71.2658283,-34.6547966,0</coordinates></LineString></Placemark><Placemark><name>Descartado</name><Style><LineStyle><color>ff00ffff</color><width>3</width></LineStyle></Style><LineString><coordinates>-71.2658283,-34.6547966,0 -71.265815,-34.65479,0</coordinates></LineString></Placemark><Placemark><name>Descartado</name><Style><LineStyle><color>ff00ffff</color><width>3</width></LineStyle></Style><LineString><coordinates>-71.265815,-34.65479,0 -71.2658066,-34.65479,0</coordinates></LineString></Placemark><Placemark><name>Descartado</name><Style><LineStyle><color>ff00ffff</color><width>3</width></LineStyle></Style><LineString><coordinates>-71.2658066,-34.65479,0 -71.2658,-34.654795,0</coordinates></LineString></Placemark><Placemark><name>Descartado</name><Style><LineStyle><color>ff00ffff</color><width>3</width></LineStyle></Style><LineString><coordinates>-71.2658,-34.654795,0 -71.2657816,-34.65479,0</coordinates></LineString></Placemark><Placemark><name>Descartado</name><Style><LineStyle><color>ff00ffff</color><width>3</width></LineStyle></Style><LineString><coordinates>-71.2657816,-34.65479,0 -71.2657733,-34.6547933,0</coordinates></LineString></Placemark><Placemark><name>Descartado</name><Style><LineStyle><color>ff00ffff</color><width>3</width></LineStyle></Style><LineString><coordinates>-71.2657733,-34.6547933,0 -71.26577,-34.6547933,0</coordinates></LineString></Placemark><Placemark><name>Descartado</name><Style><LineStyle><color>ff00ffff</color><width>3</width></LineStyle></Style><LineString><coordinates>-71.2649016,-34.654765,0 -71.2656316,-34.6547516,0</coordinates></LineString></Placemark><Placemark><name>Descartado</name><Style><LineStyle><color>ff00ffff</color><width>3</width></LineStyle></Style><LineString><coordinates>-71.2656316,-34.6547516,0 -71.2655766,-34.6547733,0</coordinates></LineString></Placemark><Placemark><name>Descartado</name><Style><LineStyle><color>ff00ffff</color><width>3</width></LineStyle></Style><LineString><coordinates>-71.2655766,-34.6547733,0 -71.2655766,-34.654775,0</coordinates></LineString></Placemark><Placemark><name>Descartado</name><Style><LineStyle><color>ff00ffff</color><width>3</width></LineStyle></Style><LineString><coordinates>-71.2656749,-34.6548366,0 -71.2657133,-34.65478,0</coordinates></LineString></Placemark><Placemark><name>Descartado</name><Style><LineStyle><color>ff00ffff</color><width>3</width></LineStyle></Style><LineString><coordinates>-71.2658,-34.654725,0 -71.2657983,-34.654725,0</coordinates></LineString></Placemark><Placemark><name>Descartado</name><Style><LineStyle><color>ff00ffff</color><width>3</width></LineStyle></Style><LineString><coordinates>-71.2657716,-34.6546383,0 -71.2657716,-34.6546916,0</coordinates></LineString></Placemark><Placemark><name>Descartado</name><Style><LineStyle><color>ff00ffff</color><width>3</width></LineStyle></Style><LineString><coordinates>-71.2657716,-34.6546916,0 -71.2657033,-34.6547016,0</coordinates></LineString></Placemark><Placemark><name>Descartado</name><Style><LineStyle><color>ff00ffff</color><width>3</width></LineStyle></Style><LineString><coordinates>-71.2657033,-34.6547016,0 -71.2657016,-34.6546933,0</coordinates></LineString></Placemark><Placemark><name>Descartado</name><Style><LineStyle><color>ff00ffff</color><width>3</width></LineStyle></Style><LineString><coordinates>-71.2657016,-34.6546933,0 -71.265625,-34.6547233,0</coordinates></LineString></Placemark><Placemark><name>Descartado</name><Style><LineStyle><color>ff00ffff</color><width>3</width></LineStyle></Style><LineString><coordinates>-71.265625,-34.6547233,0 -71.26562,-34.6547216,0</coordinates></LineString></Placemark><Placemark><name>Descartado</name><Style><LineStyle><color>ff00ffff</color><width>3</width></LineStyle></Style><LineString><coordinates>-71.26562,-34.6547216,0 -71.2656283,-34.6547333,0</coordinates></LineString></Placemark><Placemark><name>Descartado</name><Style><LineStyle><color>ff00ffff</color><width>3</width></LineStyle></Style><LineString><coordinates>-71.2656283,-34.6547333,0 -71.26566,-34.6547349,0</coordinates></LineString></Placemark><Placemark><name>Descartado</name><Style><LineStyle><color>ff00ffff</color><width>3</width></LineStyle></Style><LineString><coordinates>-71.2655133,-34.6545716,0 -71.2655049,-34.6545633,0</coordinates></LineString></Placemark><Placemark><name>Descartado</name><Style><LineStyle><color>ff00ffff</color><width>3</width></LineStyle></Style><LineString><coordinates>-71.2655049,-34.6545633,0 -71.2654983,-34.6545716,0</coordinates></LineString></Placemark><Placemark><name>Descartado</name><Style><LineStyle><color>ff00ffff</color><width>3</width></LineStyle></Style><LineString><coordinates>-71.2655566,-34.6548366,0 -71.2655683,-34.65484,0</coordinates></LineString></Placemark><Placemark><name>Descartado</name><Style><LineStyle><color>ff00ffff</color><width>3</width></LineStyle></Style><LineString><coordinates>-71.2655683,-34.65484,0 -71.2656183,-34.6548383,0</coordinates></LineString></Placemark><Placemark><name>Descartado</name><Style><LineStyle><color>ff00ffff</color><width>3</width></LineStyle></Style><LineString><coordinates>-71.2656066,-34.6548066,0 -71.265585,-34.6548066,0</coordinates></LineString></Placemark><Placemark><name>Descartado</name><Style><LineStyle><color>ff00ffff</color><width>3</width></LineStyle></Style><LineString><coordinates>-71.2655233,-34.6549666,0 -71.2654949,-34.65498,0</coordinates></LineString></Placemark><Placemark><name>Descartado</name><Style><LineStyle><color>ff00ffff</color><width>3</width></LineStyle></Style><LineString><coordinates>-71.2654949,-34.65498,0 -71.2654733,-34.6549416,0</coordinates></LineString></Placemark><Placemark><name>Descartado</name><Style><LineStyle><color>ff00ffff</color><width>3</width></LineStyle></Style><LineString><coordinates>-71.265475,-34.6548566,0 -71.2655166,-34.65491,0</coordinates></LineString></Placemark><Placemark><name>Descartado</name><Style><LineStyle><color>ff00ffff</color><width>3</width></LineStyle></Style><LineString><coordinates>-71.2655166,-34.65491,0 -71.2654983,-34.6549233,0</coordinates></LineString></Placemark><Placemark><name>Descartado</name><Style><LineStyle><color>ff00ffff</color><width>3</width></LineStyle></Style><LineString><coordinates>-71.2654033,-34.6548866,0 -71.26539,-34.6548883,0</coordinates></LineString></Placemark><Placemark><name>Descartado</name><Style><LineStyle><color>ff00ffff</color><width>3</width></LineStyle></Style><LineString><coordinates>-71.2655666,-34.6546533,0 -71.26557,-34.6546583,0</coordinates></LineString></Placemark><Placemark><name>Descartado</name><Style><LineStyle><color>ff00ffff</color><width>3</width></LineStyle></Style><LineString><coordinates>-71.26557,-34.6546583,0 -71.265545,-34.6546633,0</coordinates></LineString></Placemark><Placemark><name>Descartado</name><Style><LineStyle><color>ff00ffff</color><width>3</width></LineStyle></Style><LineString><coordinates>-71.265545,-34.6546633,0 -71.26552,-34.6547766,0</coordinates></LineString></Placemark><Placemark><name>Descartado</name><Style><LineStyle><color>ff00ffff</color><width>3</width></LineStyle></Style><LineString><coordinates>-71.26552,-34.6547766,0 -71.2655133,-34.6547833,0</coordinates></LineString></Placemark><Placemark><name>Descartado</name><Style><LineStyle><color>ff00ffff</color><width>3</width></LineStyle></Style><LineString><coordinates>-71.2655133,-34.6547833,0 -71.2655216,-34.6547766,0</coordinates></LineString></Placemark><Placemark><name>Descartado</name><Style><LineStyle><color>ff00ffff</color><width>3</width></LineStyle></Style><LineString><coordinates>-71.2655216,-34.6547766,0 -71.2655166,-34.654755,0</coordinates></LineString></Placemark><Placemark><name>Descartado</name><Style><LineStyle><color>ff00ffff</color><width>3</width></LineStyle></Style><LineString><coordinates>-71.2655166,-34.654755,0 -71.2655133,-34.6547566,0</coordinates></LineString></Placemark><Placemark><name>Descartado</name><Style><LineStyle><color>ff00ffff</color><width>3</width></LineStyle></Style><LineString><coordinates>-71.2655133,-34.6547566,0 -71.265515,-34.654745,0</coordinates></LineString></Placemark><Placemark><name>Descartado</name><Style><LineStyle><color>ff00ffff</color><width>3</width></LineStyle></Style><LineString><coordinates>-71.265515,-34.654745,0 -71.26551,-34.6547399,0</coordinates></LineString></Placemark><Placemark><name>Descartado</name><Style><LineStyle><color>ff00ffff</color><width>3</width></LineStyle></Style><LineString><coordinates>-71.26551,-34.6547399,0 -71.26551,-34.6547466,0</coordinates></LineString></Placemark><Placemark><name>Descartado</name><Style><LineStyle><color>ff00ffff</color><width>3</width></LineStyle></Style><LineString><coordinates>-71.2658383,-34.6548849,0 -71.2658366,-34.6548933,0</coordinates></LineString></Placemark><Placemark><name>Descartado</name><Style><LineStyle><color>ff00ffff</color><width>3</width></LineStyle></Style><LineString><coordinates>-71.2658533,-34.6549916,0 -71.26585,-34.6549916,0</coordinates></LineString></Placemark><Placemark><name>Descartado</name><Style><LineStyle><color>ff00ffff</color><width>3</width></LineStyle></Style><LineString><coordinates>-71.2659566,-34.6550183,0 -71.2659666,-34.6550283,0</coordinates></LineString></Placemark><Placemark><name>Descartado</name><Style><LineStyle><color>ff00ffff</color><width>3</width></LineStyle></Style><LineString><coordinates>-71.2659666,-34.6550283,0 -71.26601,-34.6549683,0</coordinates></LineString></Placemark><Placemark><name>Descartado</name><Style><LineStyle><color>ff00ffff</color><width>3</width></LineStyle></Style><LineString><coordinates>-71.2658716,-34.6550116,0 -71.2659183,-34.6549866,0</coordinates></LineString></Placemark><Placemark><name>Descartado</name><Style><LineStyle><color>ff00ffff</color><width>3</width></LineStyle></Style><LineString><coordinates>-71.2659183,-34.6549866,0 -71.2659149,-34.6549866,0</coordinates></LineString></Placemark><Placemark><name>Descartado</name><Style><LineStyle><color>ff00ffff</color><width>3</width></LineStyle></Style><LineString><coordinates>-71.2659149,-34.6549866,0 -71.2658916,-34.6549983,0</coordinates></LineString></Placemark><Placemark><name>Descartado</name><Style><LineStyle><color>ff00ffff</color><width>3</width></LineStyle></Style><LineString><coordinates>-71.2658916,-34.6549983,0 -71.2658249,-34.654995,0</coordinates></LineString></Placemark><Placemark><name>Descartado</name><Style><LineStyle><color>ff00ffff</color><width>3</width></LineStyle></Style><LineString><coordinates>-71.2658249,-34.654995,0 -71.2658016,-34.6549733,0</coordinates></LineString></Placemark><Placemark><name>Descartado</name><Style><LineStyle><color>ff00ffff</color><width>3</width></LineStyle></Style><LineString><coordinates>-71.2658016,-34.6549733,0 -71.2657966,-34.6549599,0</coordinates></LineString></Placemark><Placemark><name>Descartado</name><Style><LineStyle><color>ff00ffff</color><width>3</width></LineStyle></Style><LineString><coordinates>-71.2657116,-34.6549383,0 -71.265705,-34.6549483,0</coordinates></LineString></Placemark><Placemark><name>Descartado</name><Style><LineStyle><color>ff00ffff</color><width>3</width></LineStyle></Style><LineString><coordinates>-71.265705,-34.6549483,0 -71.2657199,-34.65498,0</coordinates></LineString></Placemark><Placemark><name>Descartado</name><Style><LineStyle><color>ff00ffff</color><width>3</width></LineStyle></Style><LineString><coordinates>-71.265815,-34.6550399,0 -71.2658116,-34.6550416,0</coordinates></LineString></Placemark><Placemark><name>Descartado</name><Style><LineStyle><color>ff00ffff</color><width>3</width></LineStyle></Style><LineString><coordinates>-71.2657266,-34.6551133,0 -71.2657283,-34.6551116,0</coordinates></LineString></Placemark><Placemark><name>Descartado</name><Style><LineStyle><color>ff00ffff</color><width>3</width></LineStyle></Style><LineString><coordinates>-71.2657283,-34.6551116,0 -71.2658883,-34.655105,0</coordinates></LineString></Placemark><Placemark><name>Descartado</name><Style><LineStyle><color>ff00ffff</color><width>3</width></LineStyle></Style><LineString><coordinates>-71.265895,-34.6550116,0 -71.265885,-34.6549933,0</coordinates></LineString></Placemark><Placemark><name>Descartado</name><Style><LineStyle><color>ff00ffff</color><width>3</width></LineStyle></Style><LineString><coordinates>-71.265885,-34.6549933,0 -71.2658233,-34.6550016,0</coordinates></LineString></Placemark><Placemark><name>Descartado</name><Style><LineStyle><color>ff00ffff</color><width>3</width></LineStyle></Style><LineString><coordinates>-71.2658233,-34.6550016,0 -71.2658466,-34.6549399,0</coordinates></LineString></Placemark><Placemark><name>Descartado</name><Style><LineStyle><color>ff00ffff</color><width>3</width></LineStyle></Style><LineString><coordinates>-71.2658466,-34.6549399,0 -71.2658433,-34.6549316,0</coordinates></LineString></Placemark><Placemark><name>Descartado</name><Style><LineStyle><color>ff00ffff</color><width>3</width></LineStyle></Style><LineString><coordinates>-71.2658049,-34.655105,0 -71.2658616,-34.6550816,0</coordinates></LineString></Placemark><Placemark><name>Descartado</name><Style><LineStyle><color>ff00ffff</color><width>3</width></LineStyle></Style><LineString><coordinates>-71.2658616,-34.6550816,0 -71.2658616,-34.6550933,0</coordinates></LineString></Placemark><Placemark><name>Descartado</name><Style><LineStyle><color>ff00ffff</color><width>3</width></LineStyle></Style><LineString><coordinates>-71.2662983,-34.654685,0 -71.2660183,-34.6545866,0</coordinates></LineString></Placemark><Placemark><name>Descartado</name><Style><LineStyle><color>ff00ffff</color><width>3</width></LineStyle></Style><LineString><coordinates>-71.2660183,-34.6545866,0 -71.2657199,-34.6550016,0</coordinates></LineString></Placemark><Placemark><name>Descartado</name><Style><LineStyle><color>ff00ffff</color><width>3</width></LineStyle></Style><LineString><coordinates>-71.2657199,-34.6550016,0 -71.2657366,-34.6550116,0</coordinates></LineString></Placemark><Placemark><name>Descartado</name><Style><LineStyle><color>ff00ffff</color><width>3</width></LineStyle></Style><LineString><coordinates>-71.2657366,-34.6550116,0 -71.2657483,-34.6550116,0</coordinates></LineString></Placemark><Placemark><name>Descartado</name><Style><LineStyle><color>ff00ffff</color><width>3</width></LineStyle></Style><LineString><coordinates>-71.2657483,-34.6550116,0 -71.2657416,-34.6550083,0</coordinates></LineString></Placemark><Placemark><name>Descartado</name><Style><LineStyle><color>ff00ffff</color><width>3</width></LineStyle></Style><LineString><coordinates>-71.2657016,-34.6548899,0 -71.2657033,-34.654895,0</coordinates></LineString></Placemark><Placemark><name>Descartado</name><Style><LineStyle><color>ff00ffff</color><width>3</width></LineStyle></Style><LineString><coordinates>-71.2657333,-34.6549866,0 -71.2659133,-34.655005,0</coordinates></LineString></Placemark><Placemark><name>Descartado</name><Style><LineStyle><color>ff00ffff</color><width>3</width></LineStyle></Style><LineString><coordinates>-71.2658116,-34.6550383,0 -71.2658133,-34.6550399,0</coordinates></LineString></Placemark><Placemark><name>Descartado</name><Style><LineStyle><color>ff00ffff</color><width>3</width></LineStyle></Style><LineString><coordinates>-71.2657816,-34.6550333,0 -71.2658916,-34.6551083,0</coordinates></LineString></Placemark><Placemark><name>Descartado</name><Style><LineStyle><color>ff00ffff</color><width>3</width></LineStyle></Style><LineString><coordinates>-71.2658916,-34.6551083,0 -71.26589,-34.6551166,0</coordinates></LineString></Placemark><Placemark><name>Descartado</name><Style><LineStyle><color>ff00ffff</color><width>3</width></LineStyle></Style><LineString><coordinates>-71.26589,-34.6551166,0 -71.26591,-34.65513,0</coordinates></LineString></Placemark><Placemark><name>Descartado</name><Style><LineStyle><color>ff00ffff</color><width>3</width></LineStyle></Style><LineString><coordinates>-71.26591,-34.65513,0 -71.2658483,-34.6551266,0</coordinates></LineString></Placemark><Placemark><name>Descartado</name><Style><LineStyle><color>ff00ffff</color><width>3</width></LineStyle></Style><LineString><coordinates>-71.2658483,-34.6551266,0 -71.2658599,-34.6551266,0</coordinates></LineString></Placemark><Placemark><name>Descartado</name><Style><LineStyle><color>ff00ffff</color><width>3</width></LineStyle></Style><LineString><coordinates>-71.2658599,-34.6551266,0 -71.265715,-34.655085,0</coordinates></LineString></Placemark><Placemark><name>Descartado</name><Style><LineStyle><color>ff00ffff</color><width>3</width></LineStyle></Style><LineString><coordinates>-71.265715,-34.655085,0 -71.2657299,-34.65507,0</coordinates></LineString></Placemark><Placemark><name>Descartado</name><Style><LineStyle><color>ff00ffff</color><width>3</width></LineStyle></Style><LineString><coordinates>-71.2657299,-34.65507,0 -71.2657316,-34.6550716,0</coordinates></LineString></Placemark><Placemark><name>Descartado</name><Style><LineStyle><color>ff00ffff</color><width>3</width></LineStyle></Style><LineString><coordinates>-71.2658,-34.6549483,0 -71.265845,-34.6549633,0</coordinates></LineString></Placemark><Placemark><name>Descartado</name><Style><LineStyle><color>ff00ffff</color><width>3</width></LineStyle></Style><LineString><coordinates>-71.265845,-34.6549633,0 -71.26585,-34.6549616,0</coordinates></LineString></Placemark><Placemark><name>Descartado</name><Style><LineStyle><color>ff00ffff</color><width>3</width></LineStyle></Style><LineString><coordinates>-71.26585,-34.6549616,0 -71.2658516,-34.6549599,0</coordinates></LineString></Placemark><Placemark><name>Descartado</name><Style><LineStyle><color>ff00ffff</color><width>3</width></LineStyle></Style><LineString><coordinates>-71.2656066,-34.65382,0 -71.2655799,-34.6538166,0</coordinates></LineString></Placemark><Placemark><name>Descartado</name><Style><LineStyle><color>ff00ffff</color><width>3</width></LineStyle></Style><LineString><coordinates>-71.2655799,-34.6538166,0 -71.2655783,-34.6538233,0</coordinates></LineString></Placemark><Placemark><name>Descartado</name><Style><LineStyle><color>ff00ffff</color><width>3</width></LineStyle></Style><LineString><coordinates>-71.2655783,-34.6538233,0 -71.2659033,-34.65542,0</coordinates></LineString></Placemark><Placemark><name>Descartado</name><Style><LineStyle><color>ff00ffff</color><width>3</width></LineStyle></Style><LineString><coordinates>-71.2658333,-34.655005,0 -71.2658066,-34.6550483,0</coordinates></LineString></Placemark><Placemark><name>Descartado</name><Style><LineStyle><color>ff00ffff</color><width>3</width></LineStyle></Style><LineString><coordinates>-71.2658066,-34.6550483,0 -71.2658083,-34.655055,0</coordinates></LineString></Placemark><Placemark><name>Descartado</name><Style><LineStyle><color>ff00ffff</color><width>3</width></LineStyle></Style><LineString><coordinates>-71.2658083,-34.655055,0 -71.2658283,-34.6551649,0</coordinates></LineString></Placemark><Placemark><name>Descartado</name><Style><LineStyle><color>ff00ffff</color><width>3</width></LineStyle></Style><LineString><coordinates>-71.2658483,-34.6550283,0 -71.2656816,-34.6548683,0</coordinates></LineString></Placemark><Placemark><name>Descartado</name><Style><LineStyle><color>ff00ffff</color><width>3</width></LineStyle></Style><LineString><coordinates>-71.26581,-34.65498,0 -71.2657866,-34.6550399,0</coordinates></LineString></Placemark><Placemark><name>Descartado</name><Style><LineStyle><color>ff00ffff</color><width>3</width></LineStyle></Style><LineString><coordinates>-71.2657033,-34.6550183,0 -71.2657033,-34.6550166,0</coordinates></LineString></Placemark><Placemark><name>Descartado</name><Style><LineStyle><color>ff00ffff</color><width>3</width></LineStyle></Style><LineString><coordinates>-71.2657033,-34.6550166,0 -71.265845,-34.6549749,0</coordinates></LineString></Placemark><Placemark><name>Descartado</name><Style><LineStyle><color>ff00ffff</color><width>3</width></LineStyle></Style><LineString><coordinates>-71.265845,-34.6549749,0 -71.2658866,-34.65498,0</coordinates></LineString></Placemark><Placemark><name>Descartado</name><Style><LineStyle><color>ff00ffff</color><width>3</width></LineStyle></Style><LineString><coordinates>-71.2658866,-34.65498,0 -71.2658299,-34.6549399,0</coordinates></LineString></Placemark><Placemark><name>Descartado</name><Style><LineStyle><color>ff00ffff</color><width>3</width></LineStyle></Style><LineString><coordinates>-71.2658299,-34.6549399,0 -71.26589,-34.65498,0</coordinates></LineString></Placemark><Placemark><name>Descartado</name><Style><LineStyle><color>ff00ffff</color><width>3</width></LineStyle></Style><LineString><coordinates>-71.265845,-34.6550516,0 -71.2658516,-34.6550766,0</coordinates></LineString></Placemark><Placemark><name>Descartado</name><Style><LineStyle><color>ff00ffff</color><width>3</width></LineStyle></Style><LineString><coordinates>-71.2658516,-34.6550766,0 -71.2658866,-34.6550949,0</coordinates></LineString></Placemark><Placemark><name>Descartado</name><Style><LineStyle><color>ff00ffff</color><width>3</width></LineStyle></Style><LineString><coordinates>-71.265925,-34.6549833,0 -71.2658133,-34.6551633,0</coordinates></LineString></Placemark><Placemark><name>Descartado</name><Style><LineStyle><color>ff00ffff</color><width>3</width></LineStyle></Style><LineString><coordinates>-71.2657566,-34.65509,0 -71.2658566,-34.6550233,0</coordinates></LineString></Placemark><Placemark><name>Descartado</name><Style><LineStyle><color>ff00ffff</color><width>3</width></LineStyle></Style><LineString><coordinates>-71.2657633,-34.6550716,0 -71.2657633,-34.65507,0</coordinates></LineString></Placemark><Placemark><name>Descartado</name><Style><LineStyle><color>ff00ffff</color><width>3</width></LineStyle></Style><LineString><coordinates>-71.2657633,-34.65507,0 -71.2658383,-34.6550583,0</coordinates></LineString></Placemark><Placemark><name>Descartado</name><Style><LineStyle><color>ff00ffff</color><width>3</width></LineStyle></Style><LineString><coordinates>-71.2658383,-34.6550583,0 -71.2658716,-34.6550949,0</coordinates></LineString></Placemark><Placemark><name>Descartado</name><Style><LineStyle><color>ff00ffff</color><width>3</width></LineStyle></Style><LineString><coordinates>-71.265685,-34.6549816,0 -71.2656916,-34.6549749,0</coordinates></LineString></Placemark><Placemark><name>Descartado</name><Style><LineStyle><color>ff00ffff</color><width>3</width></LineStyle></Style><LineString><coordinates>-71.2658249,-34.6550616,0 -71.2656583,-34.6551716,0</coordinates></LineString></Placemark><Placemark><name>Descartado</name><Style><LineStyle><color>ff00ffff</color><width>3</width></LineStyle></Style><LineString><coordinates>-71.2656583,-34.6551716,0 -71.265745,-34.65513,0</coordinates></LineString></Placemark><Placemark><name>Descartado</name><Style><LineStyle><color>ff00ffff</color><width>3</width></LineStyle></Style><LineString><coordinates>-71.265745,-34.65513,0 -71.2657733,-34.655065,0</coordinates></LineString></Placemark><Placemark><name>Descartado</name><Style><LineStyle><color>ff00ffff</color><width>3</width></LineStyle></Style><LineString><coordinates>-71.2657733,-34.655065,0 -71.265755,-34.6550516,0</coordinates></LineString></Placemark><Placemark><name>Descartado</name><Style><LineStyle><color>ff00ffff</color><width>3</width></LineStyle></Style><LineString><coordinates>-71.265755,-34.6550516,0 -71.265755,-34.6550566,0</coordinates></LineString></Placemark><Placemark><name>Descartado</name><Style><LineStyle><color>ff00ffff</color><width>3</width></LineStyle></Style><LineString><coordinates>-71.265755,-34.6550566,0 -71.2658116,-34.6550183,0</coordinates></LineString></Placemark><Placemark><name>Descartado</name><Style><LineStyle><color>ff00ffff</color><width>3</width></LineStyle></Style><LineString><coordinates>-71.26574,-34.655085,0 -71.2657383,-34.655085,0</coordinates></LineString></Placemark><Placemark><name>Descartado</name><Style><LineStyle><color>ff00ffff</color><width>3</width></LineStyle></Style><LineString><coordinates>-71.2657383,-34.655085,0 -71.2657433,-34.6550616,0</coordinates></LineString></Placemark><Placemark><name>Descartado</name><Style><LineStyle><color>ff00ffff</color><width>3</width></LineStyle></Style><LineString><coordinates>-71.2657433,-34.6550616,0 -71.2658883,-34.65502,0</coordinates></LineString></Placemark><Placemark><name>Descartado</name><Style><LineStyle><color>ff00ffff</color><width>3</width></LineStyle></Style><LineString><coordinates>-71.26596,-34.6549516,0 -71.26594,-34.6549316,0</coordinates></LineString></Placemark><Placemark><name>Descartado</name><Style><LineStyle><color>ff00ffff</color><width>3</width></LineStyle></Style><LineString><coordinates>-71.26594,-34.6549316,0 -71.2659433,-34.6549216,0</coordinates></LineString></Placemark><Placemark><name>Descartado</name><Style><LineStyle><color>ff00ffff</color><width>3</width></LineStyle></Style><LineString><coordinates>-71.2658183,-34.655075,0 -71.2658216,-34.6550983,0</coordinates></LineString></Placemark><Placemark><name>Descartado</name><Style><LineStyle><color>ff00ffff</color><width>3</width></LineStyle></Style><LineString><coordinates>-71.2658066,-34.6551033,0 -71.26585,-34.6551383,0</coordinates></LineString></Placemark><Placemark><name>Descartado</name><Style><LineStyle><color>ff00ffff</color><width>3</width></LineStyle></Style><LineString><coordinates>-71.265725,-34.6551466,0 -71.2657416,-34.6550966,0</coordinates></LineString></Placemark><Placemark><name>Descartado</name><Style><LineStyle><color>ff00ffff</color><width>3</width></LineStyle></Style><LineString><coordinates>-71.2657466,-34.6551366,0 -71.2657966,-34.655155,0</coordinates></LineString></Placemark><Placemark><name>Descartado</name><Style><LineStyle><color>ff00ffff</color><width>3</width></LineStyle></Style><LineString><coordinates>-71.2657966,-34.655155,0 -71.2658583,-34.655135,0</coordinates></LineString></Placemark><Placemark><name>Descartado</name><Style><LineStyle><color>ff00ffff</color><width>3</width></LineStyle></Style><LineString><coordinates>-71.2658583,-34.655135,0 -71.2658566,-34.65509,0</coordinates></LineString></Placemark><Placemark><name>Descartado</name><Style><LineStyle><color>ff00ffff</color><width>3</width></LineStyle></Style><LineString><coordinates>-71.2658566,-34.65509,0 -71.2658516,-34.65509,0</coordinates></LineString></Placemark><Placemark><name>Descartado</name><Style><LineStyle><color>ff00ffff</color><width>3</width></LineStyle></Style><LineString><coordinates>-71.2658516,-34.65509,0 -71.2659166,-34.6551133,0</coordinates></LineString></Placemark><Placemark><name>Descartado</name><Style><LineStyle><color>ff00ffff</color><width>3</width></LineStyle></Style><LineString><coordinates>-71.2659166,-34.6551133,0 -71.2659116,-34.6551183,0</coordinates></LineString></Placemark><Placemark><name>Descartado</name><Style><LineStyle><color>ff00ffff</color><width>3</width></LineStyle></Style><LineString><coordinates>-71.2658566,-34.6549483,0 -71.265875,-34.6548783,0</coordinates></LineString></Placemark><Placemark><name>Descartado</name><Style><LineStyle><color>ff00ffff</color><width>3</width></LineStyle></Style><LineString><coordinates>-71.2658,-34.6550516,0 -71.2658033,-34.655045,0</coordinates></LineString></Placemark><Placemark><name>Descartado</name><Style><LineStyle><color>ff00ffff</color><width>3</width></LineStyle></Style><LineString><coordinates>-71.2658249,-34.6548483,0 -71.2658333,-34.6548566,0</coordinates></LineString></Placemark><Placemark><name>Descartado</name><Style><LineStyle><color>ff00ffff</color><width>3</width></LineStyle></Style><LineString><coordinates>-71.2658333,-34.6548566,0 -71.2658866,-34.65485,0</coordinates></LineString></Placemark><Placemark><name>Descartado</name><Style><LineStyle><color>ff00ffff</color><width>3</width></LineStyle></Style><LineString><coordinates>-71.2658866,-34.65485,0 -71.265885,-34.6548516,0</coordinates></LineString></Placemark><Placemark><name>Descartado</name><Style><LineStyle><color>ff00ffff</color><width>3</width></LineStyle></Style><LineString><coordinates>-71.265885,-34.6548516,0 -71.2659266,-34.6549366,0</coordinates></LineString></Placemark><Placemark><name>Descartado</name><Style><LineStyle><color>ff00ffff</color><width>3</width></LineStyle></Style><LineString><coordinates>-71.26591,-34.6550249,0 -71.26592,-34.6550116,0</coordinates></LineString></Placemark><Placemark><name>Descartado</name><Style><LineStyle><color>ff00ffff</color><width>3</width></LineStyle></Style><LineString><coordinates>-71.2658716,-34.6549483,0 -71.2659266,-34.6549483,0</coordinates></LineString></Placemark><Placemark><name>Descartado</name><Style><LineStyle><color>ff00ffff</color><width>3</width></LineStyle></Style><LineString><coordinates>-71.2659266,-34.6549483,0 -71.2659749,-34.6549749,0</coordinates></LineString></Placemark><Placemark><name>Descartado</name><Style><LineStyle><color>ff00ffff</color><width>3</width></LineStyle></Style><LineString><coordinates>-71.2659083,-34.655035,0 -71.26594,-34.6550466,0</coordinates></LineString></Placemark><Placemark><name>Descartado</name><Style><LineStyle><color>ff00ffff</color><width>3</width></LineStyle></Style><LineString><coordinates>-71.26594,-34.6550466,0 -71.26593,-34.655055,0</coordinates></LineString></Placemark><Placemark><name>Descartado</name><Style><LineStyle><color>ff00ffff</color><width>3</width></LineStyle></Style><LineString><coordinates>-71.26591,-34.6549683,0 -71.26593,-34.6549816,0</coordinates></LineString></Placemark><Placemark><name>Descartado</name><Style><LineStyle><color>ff00ffff</color><width>3</width></LineStyle></Style><LineString><coordinates>-71.26593,-34.6549816,0 -71.265935,-34.6549533,0</coordinates></LineString></Placemark><Placemark><name>Descartado</name><Style><LineStyle><color>ff00ffff</color><width>3</width></LineStyle></Style><LineString><coordinates>-71.265935,-34.6549533,0 -71.2659116,-34.6549599,0</coordinates></LineString></Placemark><Placemark><name>Descartado</name><Style><LineStyle><color>ff00ffff</color><width>3</width></LineStyle></Style><LineString><coordinates>-71.2659083,-34.6550333,0 -71.2658916,-34.6550516,0</coordinates></LineString></Placemark><Placemark><name>Descartado</name><Style><LineStyle><color>ff00ffff</color><width>3</width></LineStyle></Style><LineString><coordinates>-71.2658916,-34.6550516,0 -71.2658599,-34.654995,0</coordinates></LineString></Placemark><Placemark><name>Descartado</name><Style><LineStyle><color>ff00ffff</color><width>3</width></LineStyle></Style><LineString><coordinates>-71.2658599,-34.654995,0 -71.2658316,-34.6550066,0</coordinates></LineString></Placemark><Placemark><name>Descartado</name><Style><LineStyle><color>ff00ffff</color><width>3</width></LineStyle></Style><LineString><coordinates>-71.2658316,-34.6550066,0 -71.2657516,-34.6549133,0</coordinates></LineString></Placemark><Placemark><name>Descartado</name><Style><LineStyle><color>ff00ffff</color><width>3</width></LineStyle></Style><LineString><coordinates>-71.2657516,-34.6549133,0 -71.2657533,-34.6549133,0</coordinates></LineString></Placemark><Placemark><name>Descartado</name><Style><LineStyle><color>ff00ffff</color><width>3</width></LineStyle></Style><LineString><coordinates>-71.2657533,-34.6549133,0 -71.265835,-34.6549316,0</coordinates></LineString></Placemark><Placemark><name>Descartado</name><Style><LineStyle><color>ff00ffff</color><width>3</width></LineStyle></Style><LineString><coordinates>-71.265835,-34.6549316,0 -71.2658316,-34.65498,0</coordinates></LineString></Placemark><Placemark><name>Descartado</name><Style><LineStyle><color>ff00ffff</color><width>3</width></LineStyle></Style><LineString><coordinates>-71.2658316,-34.65498,0 -71.2659449,-34.6550633,0</coordinates></LineString></Placemark><Placemark><name>Descartado</name><Style><LineStyle><color>ff00ffff</color><width>3</width></LineStyle></Style><LineString><coordinates>-71.2659449,-34.6550633,0 -71.2658933,-34.6551166,0</coordinates></LineString></Placemark><Placemark><name>Descartado</name><Style><LineStyle><color>ff00ffff</color><width>3</width></LineStyle></Style><LineString><coordinates>-71.2659683,-34.6550783,0 -71.2659783,-34.6550816,0</coordinates></LineString></Placemark><Placemark><name>Descartado</name><Style><LineStyle><color>ff00ffff</color><width>3</width></LineStyle></Style><LineString><coordinates>-71.26596,-34.6549816,0 -71.26595,-34.65498,0</coordinates></LineString></Placemark><Placemark><name>Descartado</name><Style><LineStyle><color>ff00ffff</color><width>3</width></LineStyle></Style><LineString><coordinates>-71.2658933,-34.6548883,0 -71.26589,-34.6548883,0</coordinates></LineString></Placemark><Placemark><name>Descartado</name><Style><LineStyle><color>ff00ffff</color><width>3</width></LineStyle></Style><LineString><coordinates>-71.2658633,-34.6550616,0 -71.2658683,-34.6550816,0</coordinates></LineString></Placemark><Placemark><name>Descartado</name><Style><LineStyle><color>ff00ffff</color><width>3</width></LineStyle></Style><LineString><coordinates>-71.2658683,-34.6550816,0 -71.2658249,-34.6550216,0</coordinates></LineString></Placemark><Placemark><name>Descartado</name><Style><LineStyle><color>ff00ffff</color><width>3</width></LineStyle></Style><LineString><coordinates>-71.2658249,-34.6550216,0 -71.2658983,-34.6549533,0</coordinates></LineString></Placemark><Placemark><name>Descartado</name><Style><LineStyle><color>ff00ffff</color><width>3</width></LineStyle></Style><LineString><coordinates>-71.2658983,-34.6549533,0 -71.265865,-34.6549616,0</coordinates></LineString></Placemark><Placemark><name>Descartado</name><Style><LineStyle><color>ff00ffff</color><width>3</width></LineStyle></Style><LineString><coordinates>-71.265865,-34.6549616,0 -71.2658766,-34.65498,0</coordinates></LineString></Placemark><Placemark><name>Descartado</name><Style><LineStyle><color>ff00ffff</color><width>3</width></LineStyle></Style><LineString><coordinates>-71.2658766,-34.65498,0 -71.2658999,-34.6549883,0</coordinates></LineString></Placemark><Placemark><name>Descartado</name><Style><LineStyle><color>ff00ffff</color><width>3</width></LineStyle></Style><LineString><coordinates>-71.2659416,-34.6550716,0 -71.2659383,-34.65507,0</coordinates></LineString></Placemark><Placemark><name>Descartado</name><Style><LineStyle><color>ff00ffff</color><width>3</width></LineStyle></Style><LineString><coordinates>-71.2658566,-34.65501,0 -71.2658566,-34.6550066,0</coordinates></LineString></Placemark><Placemark><name>Descartado</name><Style><LineStyle><color>ff00ffff</color><width>3</width></LineStyle></Style><LineString><coordinates>-71.2658566,-34.6550066,0 -71.2658483,-34.65507,0</coordinates></LineString></Placemark><Placemark><name>Descartado</name><Style><LineStyle><color>ff00ffff</color><width>3</width></LineStyle></Style><LineString><coordinates>-71.2658483,-34.65507,0 -71.26585,-34.6550683,0</coordinates></LineString></Placemark><Placemark><name>Descartado</name><Style><LineStyle><color>ff00ffff</color><width>3</width></LineStyle></Style><LineString><coordinates>-71.26585,-34.6550683,0 -71.2659749,-34.6550033,0</coordinates></LineString></Placemark><Placemark><name>Descartado</name><Style><LineStyle><color>ff00ffff</color><width>3</width></LineStyle></Style><LineString><coordinates>-71.2659749,-34.6550033,0 -71.2659966,-34.6550066,0</coordinates></LineString></Placemark><Placemark><name>Descartado</name><Style><LineStyle><color>ff00ffff</color><width>3</width></LineStyle></Style><LineString><coordinates>-71.2659966,-34.6550066,0 -71.2659766,-34.65498,0</coordinates></LineString></Placemark><Placemark><name>Descartado</name><Style><LineStyle><color>ff00ffff</color><width>3</width></LineStyle></Style><LineString><coordinates>-71.2659866,-34.6550783,0 -71.26599,-34.6550766,0</coordinates></LineString></Placemark><Placemark><name>Descartado</name><Style><LineStyle><color>ff00ffff</color><width>3</width></LineStyle></Style><LineString><coordinates>-71.2659583,-34.65498,0 -71.2659449,-34.6549683,0</coordinates></LineString></Placemark><Placemark><name>Descartado</name><Style><LineStyle><color>ff00ffff</color><width>3</width></LineStyle></Style><LineString><coordinates>-71.2659449,-34.6549683,0 -71.2659016,-34.6549633,0</coordinates></LineString></Placemark><Placemark><name>Descartado</name><Style><LineStyle><color>ff00ffff</color><width>3</width></LineStyle></Style><LineString><coordinates>-71.2659016,-34.6549633,0 -71.2659166,-34.6549583,0</coordinates></LineString></Placemark><Placemark><name>Descartado</name><Style><LineStyle><color>ff00ffff</color><width>3</width></LineStyle></Style><LineString><coordinates>-71.2660033,-34.6550133,0 -71.266005,-34.6550183,0</coordinates></LineString></Placemark><Placemark><name>Descartado</name><Style><LineStyle><color>ff00ffff</color><width>3</width></LineStyle></Style><LineString><coordinates>-71.2658966,-34.65501,0 -71.265895,-34.6550166,0</coordinates></LineString></Placemark><Placemark><name>Descartado</name><Style><LineStyle><color>ff00ffff</color><width>3</width></LineStyle></Style><LineString><coordinates>-71.2659016,-34.6551099,0 -71.2658933,-34.6550883,0</coordinates></LineString></Placemark><Placemark><name>Descartado</name><Style><LineStyle><color>ff00ffff</color><width>3</width></LineStyle></Style><LineString><coordinates>-71.2658933,-34.6550883,0 -71.26588,-34.6550966,0</coordinates></LineString></Placemark><Placemark><name>Descartado</name><Style><LineStyle><color>ff00ffff</color><width>3</width></LineStyle></Style><LineString><coordinates>-71.26588,-34.6550966,0 -71.26588,-34.6550983,0</coordinates></LineString></Placemark><Placemark><name>Descartado</name><Style><LineStyle><color>ff00ffff</color><width>3</width></LineStyle></Style><LineString><coordinates>-71.26588,-34.6550983,0 -71.2659016,-34.6550333,0</coordinates></LineString></Placemark><Placemark><name>Descartado</name><Style><LineStyle><color>ff00ffff</color><width>3</width></LineStyle></Style><LineString><coordinates>-71.2659016,-34.6550333,0 -71.265885,-34.6550366,0</coordinates></LineString></Placemark><Placemark><name>Descartado</name><Style><LineStyle><color>ff00ffff</color><width>3</width></LineStyle></Style><LineString><coordinates>-71.265885,-34.6550366,0 -71.2658866,-34.6550249,0</coordinates></LineString></Placemark><Placemark><name>Descartado</name><Style><LineStyle><color>ff00ffff</color><width>3</width></LineStyle></Style><LineString><coordinates>-71.2658866,-34.6550249,0 -71.265885,-34.6550249,0</coordinates></LineString></Placemark><Placemark><name>Descartado</name><Style><LineStyle><color>ff00ffff</color><width>3</width></LineStyle></Style><LineString><coordinates>-71.2659516,-34.654895,0 -71.2659566,-34.6548966,0</coordinates></LineString></Placemark><Placemark><name>Descartado</name><Style><LineStyle><color>ff00ffff</color><width>3</width></LineStyle></Style><LineString><coordinates>-71.2659566,-34.6548966,0 -71.265965,-34.6548916,0</coordinates></LineString></Placemark><Placemark><name>Descartado</name><Style><LineStyle><color>ff00ffff</color><width>3</width></LineStyle></Style><LineString><coordinates>-71.265965,-34.6548916,0 -71.26596,-34.6549033,0</coordinates></LineString></Placemark><Placemark><name>Descartado</name><Style><LineStyle><color>ff00ffff</color><width>3</width></LineStyle></Style><LineString><coordinates>-71.2659266,-34.65499,0 -71.2659166,-34.6549716,0</coordinates></LineString></Placemark><Placemark><name>Descartado</name><Style><LineStyle><color>ff00ffff</color><width>3</width></LineStyle></Style><LineString><coordinates>-71.2659166,-34.6549716,0 -71.2659116,-34.6549783,0</coordinates></LineString></Placemark><Placemark><name>Descartado</name><Style><LineStyle><color>ff00ffff</color><width>3</width></LineStyle></Style><LineString><coordinates>-71.2657116,-34.655045,0 -71.265715,-34.6550483,0</coordinates></LineString></Placemark><Placemark><name>Descartado</name><Style><LineStyle><color>ff00ffff</color><width>3</width></LineStyle></Style><LineString><coordinates>-71.2657299,-34.655145,0 -71.2657366,-34.65515,0</coordinates></LineString></Placemark><Placemark><name>Descartado</name><Style><LineStyle><color>ff00ffff</color><width>3</width></LineStyle></Style><LineString><coordinates>-71.2657366,-34.65515,0 -71.2657266,-34.6551099,0</coordinates></LineString></Placemark><Placemark><name>Descartado</name><Style><LineStyle><color>ff00ffff</color><width>3</width></LineStyle></Style><LineString><coordinates>-71.2657266,-34.6551099,0 -71.2657083,-34.6551016,0</coordinates></LineString></Placemark><Placemark><name>Descartado</name><Style><LineStyle><color>ff00ffff</color><width>3</width></LineStyle></Style><LineString><coordinates>-71.2657083,-34.6551016,0 -71.2657066,-34.6551016,0</coordinates></LineString></Placemark><Placemark><name>Descartado</name><Style><LineStyle><color>ff00ffff</color><width>3</width></LineStyle></Style><LineString><coordinates>-71.2657066,-34.6551016,0 -71.2657216,-34.6550833,0</coordinates></LineString></Placemark><Placemark><name>Descartado</name><Style><LineStyle><color>ff00ffff</color><width>3</width></LineStyle></Style><LineString><coordinates>-71.2658283,-34.6550516,0 -71.2658316,-34.6550483,0</coordinates></LineString></Placemark><Placemark><name>Descartado</name><Style><LineStyle><color>ff00ffff</color><width>3</width></LineStyle></Style><LineString><coordinates>-71.2657433,-34.6551,0 -71.2657433,-34.6551016,0</coordinates></LineString></Placemark><Placemark><name>Descartado</name><Style><LineStyle><color>ff00ffff</color><width>3</width></LineStyle></Style><LineString><coordinates>-71.2657433,-34.6551016,0 -71.2657716,-34.65514,0</coordinates></LineString></Placemark><Placemark><name>Descartado</name><Style><LineStyle><color>ff00ffff</color><width>3</width></LineStyle></Style><LineString><coordinates>-71.2657716,-34.65514,0 -71.2657633,-34.6550866,0</coordinates></LineString></Placemark><Placemark><name>Descartado</name><Style><LineStyle><color>ff00ffff</color><width>3</width></LineStyle></Style><LineString><coordinates>-71.2657633,-34.6550866,0 -71.2657749,-34.655075,0</coordinates></LineString></Placemark><Placemark><name>Descartado</name><Style><LineStyle><color>ff00ffff</color><width>3</width></LineStyle></Style><LineString><coordinates>-71.2657749,-34.655075,0 -71.265745,-34.6550883,0</coordinates></LineString></Placemark><Placemark><name>Descartado</name><Style><LineStyle><color>ff00ffff</color><width>3</width></LineStyle></Style><LineString><coordinates>-71.265745,-34.6550883,0 -71.2657666,-34.6551,0</coordinates></LineString></Placemark><Placemark><name>Descartado</name><Style><LineStyle><color>ff00ffff</color><width>3</width></LineStyle></Style><LineString><coordinates>-71.2657666,-34.6551,0 -71.2657566,-34.6550433,0</coordinates></LineString></Placemark><Placemark><name>Descartado</name><Style><LineStyle><color>ff00ffff</color><width>3</width></LineStyle></Style><LineString><coordinates>-71.26564,-34.65508,0 -71.2656583,-34.655085,0</coordinates></LineString></Placemark><Placemark><name>Descartado</name><Style><LineStyle><color>ff00ffff</color><width>3</width></LineStyle></Style><LineString><coordinates>-71.2656583,-34.655085,0 -71.2656916,-34.6550733,0</coordinates></LineString></Placemark><Placemark><name>Descartado</name><Style><LineStyle><color>ff00ffff</color><width>3</width></LineStyle></Style><LineString><coordinates>-71.2656916,-34.6550733,0 -71.2657299,-34.6550933,0</coordinates></LineString></Placemark><Placemark><name>Descartado</name><Style><LineStyle><color>ff00ffff</color><width>3</width></LineStyle></Style><LineString><coordinates>-71.2657299,-34.6550933,0 -71.2657533,-34.6550916,0</coordinates></LineString></Placemark><Placemark><name>Descartado</name><Style><LineStyle><color>ff00ffff</color><width>3</width></LineStyle></Style><LineString><coordinates>-71.2657533,-34.6550916,0 -71.2657633,-34.6550866,0</coordinates></LineString></Placemark><Placemark><name>Descartado</name><Style><LineStyle><color>ff00ffff</color><width>3</width></LineStyle></Style><LineString><coordinates>-71.2657633,-34.6550866,0 -71.2658216,-34.6550466,0</coordinates></LineString></Placemark><Placemark><name>Descartado</name><Style><LineStyle><color>ff00ffff</color><width>3</width></LineStyle></Style><LineString><coordinates>-71.2658216,-34.6550466,0 -71.2657433,-34.6550583,0</coordinates></LineString></Placemark><Placemark><name>Descartado</name><Style><LineStyle><color>ff00ffff</color><width>3</width></LineStyle></Style><LineString><coordinates>-71.2657433,-34.6550583,0 -71.265745,-34.655065,0</coordinates></LineString></Placemark><Placemark><name>Descartado</name><Style><LineStyle><color>ff00ffff</color><width>3</width></LineStyle></Style><LineString><coordinates>-71.265855,-34.655045,0 -71.2658566,-34.6550399,0</coordinates></LineString></Placemark><Placemark><name>Descartado</name><Style><LineStyle><color>ff00ffff</color><width>3</width></LineStyle></Style><LineString><coordinates>-71.26581,-34.6551283,0 -71.2658083,-34.6551283,0</coordinates></LineString></Placemark><Placemark><name>Descartado</name><Style><LineStyle><color>ff00ffff</color><width>3</width></LineStyle></Style><LineString><coordinates>-71.2657299,-34.655145,0 -71.2657333,-34.65514,0</coordinates></LineString></Placemark><Placemark><name>Descartado</name><Style><LineStyle><color>ff00ffff</color><width>3</width></LineStyle></Style><LineString><coordinates>-71.2657983,-34.655065,0 -71.2657966,-34.655065,0</coordinates></LineString></Placemark><Placemark><name>Descartado</name><Style><LineStyle><color>ff00ffff</color><width>3</width></LineStyle></Style><LineString><coordinates>-71.2658249,-34.6550483,0 -71.2658299,-34.6550483,0</coordinates></LineString></Placemark><Placemark><name>Descartado</name><Style><LineStyle><color>ff00ffff</color><width>3</width></LineStyle></Style><LineString><coordinates>-71.2659133,-34.6549883,0 -71.2659149,-34.6549883,0</coordinates></LineString></Placemark><Placemark><name>Descartado</name><Style><LineStyle><color>ff00ffff</color><width>3</width></LineStyle></Style><LineString><coordinates>-71.2658633,-34.6550683,0 -71.2658666,-34.6550733,0</coordinates></LineString></Placemark><Placemark><name>Descartado</name><Style><LineStyle><color>ff00ffff</color><width>3</width></LineStyle></Style><LineString><coordinates>-71.2659033,-34.654995,0 -71.2659016,-34.6549966,0</coordinates></LineString></Placemark><Placemark><name>Descartado</name><Style><LineStyle><color>ff00ffff</color><width>3</width></LineStyle></Style><LineString><coordinates>-71.2658516,-34.6551433,0 -71.265855,-34.6551433,0</coordinates></LineString></Placemark><Placemark><name>Descartado</name><Style><LineStyle><color>ff00ffff</color><width>3</width></LineStyle></Style><LineString><coordinates>-71.2659749,-34.6551366,0 -71.2659416,-34.6551483,0</coordinates></LineString></Placemark><Placemark><name>Descartado</name><Style><LineStyle><color>ff00ffff</color><width>3</width></LineStyle></Style><LineString><coordinates>-71.2659416,-34.6551483,0 -71.2658933,-34.6551333,0</coordinates></LineString></Placemark><Placemark><name>Descartado</name><Style><LineStyle><color>ff00ffff</color><width>3</width></LineStyle></Style><LineString><coordinates>-71.265985,-34.6551166,0 -71.2657683,-34.6549616,0</coordinates></LineString></Placemark><Placemark><name>Descartado</name><Style><LineStyle><color>ff00ffff</color><width>3</width></LineStyle></Style><LineString><coordinates>-71.2658316,-34.6550566,0 -71.2657983,-34.6550516,0</coordinates></LineString></Placemark><Placemark><name>Descartado</name><Style><LineStyle><color>ff00ffff</color><width>3</width></LineStyle></Style><LineString><coordinates>-71.2657983,-34.6550516,0 -71.2658,-34.6550783,0</coordinates></LineString></Placemark><Placemark><name>Descartado</name><Style><LineStyle><color>ff00ffff</color><width>3</width></LineStyle></Style><LineString><coordinates>-71.265855,-34.6550016,0 -71.2658699,-34.6550433,0</coordinates></LineString></Placemark><Placemark><name>Descartado</name><Style><LineStyle><color>ff00ffff</color><width>3</width></LineStyle></Style><LineString><coordinates>-71.2658699,-34.6550433,0 -71.265845,-34.654995,0</coordinates></LineString></Placemark><Placemark><name>Descartado</name><Style><LineStyle><color>ff00ffff</color><width>3</width></LineStyle></Style><LineString><coordinates>-71.265845,-34.654995,0 -71.2658633,-34.6550866,0</coordinates></LineString></Placemark><Placemark><name>Descartado</name><Style><LineStyle><color>ff00ffff</color><width>3</width></LineStyle></Style><LineString><coordinates>-71.2658633,-34.6550866,0 -71.2657933,-34.6550916,0</coordinates></LineString></Placemark><Placemark><name>Descartado</name><Style><LineStyle><color>ff00ffff</color><width>3</width></LineStyle></Style><LineString><coordinates>-71.2657933,-34.6550916,0 -71.2658066,-34.6550816,0</coordinates></LineString></Placemark><Placemark><name>Descartado</name><Style><LineStyle><color>ff00ffff</color><width>3</width></LineStyle></Style><LineString><coordinates>-71.265895,-34.6550333,0 -71.2658933,-34.6550266,0</coordinates></LineString></Placemark><Placemark><name>Descartado</name><Style><LineStyle><color>ff00ffff</color><width>3</width></LineStyle></Style><LineString><coordinates>-71.2657816,-34.655015,0 -71.2658216,-34.6550733,0</coordinates></LineString></Placemark><Placemark><name>Descartado</name><Style><LineStyle><color>ff00ffff</color><width>3</width></LineStyle></Style><LineString><coordinates>-71.2658216,-34.6550733,0 -71.26582,-34.6550766,0</coordinates></LineString></Placemark><Placemark><name>Descartado</name><Style><LineStyle><color>ff00ffff</color><width>3</width></LineStyle></Style><LineString><coordinates>-71.2657833,-34.6549916,0 -71.2657849,-34.6549866,0</coordinates></LineString></Placemark><Placemark><name>Descartado</name><Style><LineStyle><color>ff00ffff</color><width>3</width></LineStyle></Style><LineString><coordinates>-71.265885,-34.6549399,0 -71.2658883,-34.6549433,0</coordinates></LineString></Placemark><Placemark><name>Descartado</name><Style><LineStyle><color>ff00ffff</color><width>3</width></LineStyle></Style><LineString><coordinates>-71.265965,-34.654995,0 -71.2658733,-34.6549966,0</coordinates></LineString></Placemark><Placemark><name>Descartado</name><Style><LineStyle><color>ff00ffff</color><width>3</width></LineStyle></Style><LineString><coordinates>-71.2658733,-34.6549966,0 -71.2658966,-34.65501,0</coordinates></LineString></Placemark><Placemark><name>Descartado</name><Style><LineStyle><color>ff00ffff</color><width>3</width></LineStyle></Style><LineString><coordinates>-71.2658966,-34.65501,0 -71.265895,-34.65502,0</coordinates></LineString></Placemark><Placemark><name>Descartado</name><Style><LineStyle><color>ff00ffff</color><width>3</width></LineStyle></Style><LineString><coordinates>-71.2658133,-34.65508,0 -71.2658116,-34.6550883,0</coordinates></LineString></Placemark><Placemark><name>Descartado</name><Style><LineStyle><color>ff00ffff</color><width>3</width></LineStyle></Style><LineString><coordinates>-71.265705,-34.6549283,0 -71.265705,-34.6549266,0</coordinates></LineString></Placemark><Placemark><name>Descartado</name><Style><LineStyle><color>ff00ffff</color><width>3</width></LineStyle></Style><LineString><coordinates>-71.2658033,-34.6549533,0 -71.2658049,-34.654955,0</coordinates></LineString></Placemark><Placemark><name>Descartado</name><Style><LineStyle><color>ff00ffff</color><width>3</width></LineStyle></Style><LineString><coordinates>-71.2658516,-34.655045,0 -71.2658566,-34.6550466,0</coordinates></LineString></Placemark><Placemark><name>Descartado</name><Style><LineStyle><color>ff00ffff</color><width>3</width></LineStyle></Style><LineString><coordinates>-71.2657849,-34.6550516,0 -71.2657816,-34.655055,0</coordinates></LineString></Placemark><Placemark><name>Descartado</name><Style><LineStyle><color>ff00ffff</color><width>3</width></LineStyle></Style><LineString><coordinates>-71.2658166,-34.6549533,0 -71.2658299,-34.6549416,0</coordinates></LineString></Placemark><Placemark><name>Descartado</name><Style><LineStyle><color>ff00ffff</color><width>3</width></LineStyle></Style><LineString><coordinates>-71.2658,-34.6550316,0 -71.2658016,-34.6550333,0</coordinates></LineString></Placemark><Placemark><name>Descartado</name><Style><LineStyle><color>ff00ffff</color><width>3</width></LineStyle></Style><LineString><coordinates>-71.26582,-34.6551216,0 -71.2658249,-34.6551233,0</coordinates></LineString></Placemark><Placemark><name>Descartado</name><Style><LineStyle><color>ff00ffff</color><width>3</width></LineStyle></Style><LineString><coordinates>-71.2657583,-34.6551983,0 -71.2657566,-34.6551983,0</coordinates></LineString></Placemark><Placemark><name>Descartado</name><Style><LineStyle><color>ff00ffff</color><width>3</width></LineStyle></Style><LineString><coordinates>-71.2657833,-34.6549916,0 -71.26578,-34.6549966,0</coordinates></LineString></Placemark><Placemark><name>Descartado</name><Style><LineStyle><color>ff00ffff</color><width>3</width></LineStyle></Style><LineString><coordinates>-71.2658116,-34.6550883,0 -71.26581,-34.65509,0</coordinates></LineString></Placemark><Placemark><name>Descartado</name><Style><LineStyle><color>ff00ffff</color><width>3</width></LineStyle></Style><LineString><coordinates>-71.26571,-34.6551283,0 -71.2657083,-34.65513,0</coordinates></LineString></Placemark><Placemark><name>Descartado</name><Style><LineStyle><color>ff00ffff</color><width>3</width></LineStyle></Style><LineString><coordinates>-71.2658683,-34.655105,0 -71.2658666,-34.655105,0</coordinates></LineString></Placemark><Placemark><name>Descartado</name><Style><LineStyle><color>ff00ffff</color><width>3</width></LineStyle></Style><LineString><coordinates>-71.2658166,-34.6551966,0 -71.2658216,-34.655205,0</coordinates></LineString></Placemark><Placemark><name>Descartado</name><Style><LineStyle><color>ff00ffff</color><width>3</width></LineStyle></Style><LineString><coordinates>-71.2658766,-34.655105,0 -71.2658716,-34.6551099,0</coordinates></LineString></Placemark><Placemark><name>Descartado</name><Style><LineStyle><color>ff00ffff</color><width>3</width></LineStyle></Style><LineString><coordinates>-71.2659133,-34.6550133,0 -71.2659149,-34.6550133,0</coordinates></LineString></Placemark><Placemark><name>Descartado</name><Style><LineStyle><color>ff00ffff</color><width>3</width></LineStyle></Style><LineString><coordinates>-71.2659149,-34.6550133,0 -71.2658116,-34.65508,0</coordinates></LineString></Placemark><Placemark><name>Descartado</name><Style><LineStyle><color>ff00ffff</color><width>3</width></LineStyle></Style><LineString><coordinates>-71.2658116,-34.65508,0 -71.2658033,-34.65508,0</coordinates></LineString></Placemark><Placemark><name>Descartado</name><Style><LineStyle><color>ff00ffff</color><width>3</width></LineStyle></Style><LineString><coordinates>-71.265695,-34.6550983,0 -71.2656933,-34.6551016,0</coordinates></LineString></Placemark><Placemark><name>Descartado</name><Style><LineStyle><color>ff00ffff</color><width>3</width></LineStyle></Style><LineString><coordinates>-71.2656933,-34.6551016,0 -71.26582,-34.6551166,0</coordinates></LineString></Placemark><Placemark><name>Descartado</name><Style><LineStyle><color>ff00ffff</color><width>3</width></LineStyle></Style><LineString><coordinates>-71.26582,-34.6551166,0 -71.2658266,-34.6551133,0</coordinates></LineString></Placemark><Placemark><name>Descartado</name><Style><LineStyle><color>ff00ffff</color><width>3</width></LineStyle></Style><LineString><coordinates>-71.2658583,-34.6551216,0 -71.265855,-34.6551216,0</coordinates></LineString></Placemark><Placemark><name>Descartado</name><Style><LineStyle><color>ff00ffff</color><width>3</width></LineStyle></Style><LineString><coordinates>-71.2658999,-34.6550116,0 -71.26579,-34.6549883,0</coordinates></LineString></Placemark><Placemark><name>Descartado</name><Style><LineStyle><color>ff00ffff</color><width>3</width></LineStyle></Style><LineString><coordinates>-71.26579,-34.6549883,0 -71.2657683,-34.6549666,0</coordinates></LineString></Placemark><Placemark><name>Descartado</name><Style><LineStyle><color>ff00ffff</color><width>3</width></LineStyle></Style><LineString><coordinates>-71.2657683,-34.6549666,0 -71.2657733,-34.654955,0</coordinates></LineString></Placemark><Placemark><name>Descartado</name><Style><LineStyle><color>ff00ffff</color><width>3</width></LineStyle></Style><LineString><coordinates>-71.2657733,-34.654955,0 -71.2658599,-34.6549516,0</coordinates></LineString></Placemark><Placemark><name>Descartado</name><Style><LineStyle><color>ff00ffff</color><width>3</width></LineStyle></Style><LineString><coordinates>-71.2658599,-34.6549516,0 -71.2658983,-34.655015,0</coordinates></LineString></Placemark><Placemark><name>Descartado</name><Style><LineStyle><color>ff00ffff</color><width>3</width></LineStyle></Style><LineString><coordinates>-71.2658983,-34.655015,0 -71.2658816,-34.6550166,0</coordinates></LineString></Placemark><Placemark><name>Descartado</name><Style><LineStyle><color>ff00ffff</color><width>3</width></LineStyle></Style><LineString><coordinates>-71.2658816,-34.6550166,0 -71.2658833,-34.655015,0</coordinates></LineString></Placemark><Placemark><name>Descartado</name><Style><LineStyle><color>ff00ffff</color><width>3</width></LineStyle></Style><LineString><coordinates>-71.2659999,-34.6549166,0 -71.2659933,-34.6549216,0</coordinates></LineString></Placemark><Placemark><name>Descartado</name><Style><LineStyle><color>ff00ffff</color><width>3</width></LineStyle></Style><LineString><coordinates>-71.2659933,-34.6549216,0 -71.2659466,-34.6549316,0</coordinates></LineString></Placemark><Placemark><name>Descartado</name><Style><LineStyle><color>ff00ffff</color><width>3</width></LineStyle></Style><LineString><coordinates>-71.2659466,-34.6549316,0 -71.2659383,-34.6549399,0</coordinates></LineString></Placemark><Placemark><name>Descartado</name><Style><LineStyle><color>ff00ffff</color><width>3</width></LineStyle></Style><LineString><coordinates>-71.2659383,-34.6549399,0 -71.2659166,-34.6549433,0</coordinates></LineString></Placemark><Placemark><name>Descartado</name><Style><LineStyle><color>ff00ffff</color><width>3</width></LineStyle></Style><LineString><coordinates>-71.2659166,-34.6549433,0 -71.2659133,-34.65493,0</coordinates></LineString></Placemark><Placemark><name>Descartado</name><Style><LineStyle><color>ff00ffff</color><width>3</width></LineStyle></Style><LineString><coordinates>-71.2659783,-34.6550083,0 -71.2659766,-34.6550033,0</coordinates></LineString></Placemark><Placemark><name>Descartado</name><Style><LineStyle><color>ff00ffff</color><width>3</width></LineStyle></Style><LineString><coordinates>-71.265925,-34.6548866,0 -71.2659033,-34.6548816,0</coordinates></LineString></Placemark><Placemark><name>Descartado</name><Style><LineStyle><color>ff00ffff</color><width>3</width></LineStyle></Style><LineString><coordinates>-71.2659999,-34.6550183,0 -71.2659966,-34.6550183,0</coordinates></LineString></Placemark><Placemark><name>Descartado</name><Style><LineStyle><color>ff00ffff</color><width>3</width></LineStyle></Style><LineString><coordinates>-71.2659233,-34.654955,0 -71.2659083,-34.65493,0</coordinates></LineString></Placemark><Placemark><name>Descartado</name><Style><LineStyle><color>ff00ffff</color><width>3</width></LineStyle></Style><LineString><coordinates>-71.2659433,-34.6550216,0 -71.26595,-34.6550233,0</coordinates></LineString></Placemark><Placemark><name>Descartado</name><Style><LineStyle><color>ff00ffff</color><width>3</width></LineStyle></Style><LineString><coordinates>-71.2659283,-34.6549683,0 -71.2659316,-34.65497,0</coordinates></LineString></Placemark><Placemark><name>Descartado</name><Style><LineStyle><color>ff00ffff</color><width>3</width></LineStyle></Style><LineString><coordinates>-71.2659316,-34.65497,0 -71.2659583,-34.6549666,0</coordinates></LineString></Placemark><Placemark><name>Descartado</name><Style><LineStyle><color>ff00ffff</color><width>3</width></LineStyle></Style><LineString><coordinates>-71.2659583,-34.6549666,0 -71.26597,-34.6549733,0</coordinates></LineString></Placemark><Placemark><name>Descartado</name><Style><LineStyle><color>ff00ffff</color><width>3</width></LineStyle></Style><LineString><coordinates>-71.26597,-34.6549733,0 -71.26597,-34.6549749,0</coordinates></LineString></Placemark><Placemark><name>Descartado</name><Style><LineStyle><color>ff00ffff</color><width>3</width></LineStyle></Style><LineString><coordinates>-71.2658466,-34.6549983,0 -71.265835,-34.6550483,0</coordinates></LineString></Placemark><Placemark><name>Descartado</name><Style><LineStyle><color>ff00ffff</color><width>3</width></LineStyle></Style><LineString><coordinates>-71.265835,-34.6550483,0 -71.26588,-34.6550383,0</coordinates></LineString></Placemark><Placemark><name>Descartado</name><Style><LineStyle><color>ff00ffff</color><width>3</width></LineStyle></Style><LineString><coordinates>-71.26588,-34.6550383,0 -71.2658833,-34.655035,0</coordinates></LineString></Placemark><Placemark><name>Descartado</name><Style><LineStyle><color>ff00ffff</color><width>3</width></LineStyle></Style><LineString><coordinates>-71.2658833,-34.655035,0 -71.265935,-34.6550066,0</coordinates></LineString></Placemark><Placemark><name>Descartado</name><Style><LineStyle><color>ff00ffff</color><width>3</width></LineStyle></Style><LineString><coordinates>-71.265895,-34.65499,0 -71.265885,-34.655,0</coordinates></LineString></Placemark><Placemark><name>Descartado</name><Style><LineStyle><color>ff00ffff</color><width>3</width></LineStyle></Style><LineString><coordinates>-71.2657783,-34.6550216,0 -71.26579,-34.6550183,0</coordinates></LineString></Placemark><Placemark><name>Descartado</name><Style><LineStyle><color>ff00ffff</color><width>3</width></LineStyle></Style><LineString><coordinates>-71.26579,-34.6550183,0 -71.2657916,-34.65502,0</coordinates></LineString></Placemark><Placemark><name>Descartado</name><Style><LineStyle><color>ff00ffff</color><width>3</width></LineStyle></Style><LineString><coordinates>-71.2659016,-34.6549866,0 -71.265925,-34.655005,0</coordinates></LineString></Placemark><Placemark><name>Descartado</name><Style><LineStyle><color>ff00ffff</color><width>3</width></LineStyle></Style><LineString><coordinates>-71.265925,-34.655005,0 -71.2659216,-34.6550116,0</coordinates></LineString></Placemark><Placemark><name>Descartado</name><Style><LineStyle><color>ff00ffff</color><width>3</width></LineStyle></Style><LineString><coordinates>-71.2659216,-34.6550116,0 -71.2659633,-34.6550516,0</coordinates></LineString></Placemark><Placemark><name>Descartado</name><Style><LineStyle><color>ff00ffff</color><width>3</width></LineStyle></Style><LineString><coordinates>-71.2659633,-34.6550516,0 -71.2659833,-34.6550366,0</coordinates></LineString></Placemark><Placemark><name>Descartado</name><Style><LineStyle><color>ff00ffff</color><width>3</width></LineStyle></Style><LineString><coordinates>-71.2660433,-34.6549833,0 -71.265985,-34.6549666,0</coordinates></LineString></Placemark><Placemark><name>Descartado</name><Style><LineStyle><color>ff00ffff</color><width>3</width></LineStyle></Style><LineString><coordinates>-71.265985,-34.6549666,0 -71.2659066,-34.6549833,0</coordinates></LineString></Placemark><Placemark><name>Descartado</name><Style><LineStyle><color>ff00ffff</color><width>3</width></LineStyle></Style><LineString><coordinates>-71.2659066,-34.6549833,0 -71.2659749,-34.654965,0</coordinates></LineString></Placemark><Placemark><name>Descartado</name><Style><LineStyle><color>ff00ffff</color><width>3</width></LineStyle></Style><LineString><coordinates>-71.2659749,-34.654965,0 -71.26597,-34.6549566,0</coordinates></LineString></Placemark><Placemark><name>Descartado</name><Style><LineStyle><color>ff00ffff</color><width>3</width></LineStyle></Style><LineString><coordinates>-71.26596,-34.6550466,0 -71.26595,-34.6550533,0</coordinates></LineString></Placemark><Placemark><name>Descartado</name><Style><LineStyle><color>ff00ffff</color><width>3</width></LineStyle></Style><LineString><coordinates>-71.2659133,-34.6551383,0 -71.265925,-34.6551416,0</coordinates></LineString></Placemark><Placemark><name>Descartado</name><Style><LineStyle><color>ff00ffff</color><width>3</width></LineStyle></Style><LineString><coordinates>-71.265925,-34.6551416,0 -71.2659233,-34.6551433,0</coordinates></LineString></Placemark><Placemark><name>Descartado</name><Style><LineStyle><color>ff00ffff</color><width>3</width></LineStyle></Style><LineString><coordinates>-71.2659666,-34.6550466,0 -71.2659116,-34.6550949,0</coordinates></LineString></Placemark><Placemark><name>Descartado</name><Style><LineStyle><color>ff00ffff</color><width>3</width></LineStyle></Style><LineString><coordinates>-71.2659116,-34.6550949,0 -71.2659166,-34.6551033,0</coordinates></LineString></Placemark><Placemark><name>Descartado</name><Style><LineStyle><color>ff00ffff</color><width>3</width></LineStyle></Style><LineString><coordinates>-71.2659166,-34.6551033,0 -71.265935,-34.6550716,0</coordinates></LineString></Placemark><Placemark><name>Descartado</name><Style><LineStyle><color>ff00ffff</color><width>3</width></LineStyle></Style><LineString><coordinates>-71.265935,-34.6550716,0 -71.2659433,-34.65507,0</coordinates></LineString></Placemark><Placemark><name>Descartado</name><Style><LineStyle><color>ff00ffff</color><width>3</width></LineStyle></Style><LineString><coordinates>-71.2659433,-34.65507,0 -71.2659483,-34.6550633,0</coordinates></LineString></Placemark><Placemark><name>Descartado</name><Style><LineStyle><color>ff00ffff</color><width>3</width></LineStyle></Style><LineString><coordinates>-71.2659483,-34.6550633,0 -71.26595,-34.6550416,0</coordinates></LineString></Placemark><Placemark><name>Descartado</name><Style><LineStyle><color>ff00ffff</color><width>3</width></LineStyle></Style><LineString><coordinates>-71.26595,-34.6550416,0 -71.2660016,-34.6549833,0</coordinates></LineString></Placemark><Placemark><name>Descartado</name><Style><LineStyle><color>ff00ffff</color><width>3</width></LineStyle></Style><LineString><coordinates>-71.2660016,-34.6549833,0 -71.2660016,-34.654985,0</coordinates></LineString></Placemark><Placemark><name>Descartado</name><Style><LineStyle><color>ff00ffff</color><width>3</width></LineStyle></Style><LineString><coordinates>-71.2660016,-34.654985,0 -71.26601,-34.6550066,0</coordinates></LineString></Placemark><Placemark><name>Descartado</name><Style><LineStyle><color>ff00ffff</color><width>3</width></LineStyle></Style><LineString><coordinates>-71.26601,-34.6550066,0 -71.2660016,-34.6550183,0</coordinates></LineString></Placemark><Placemark><name>Descartado</name><Style><LineStyle><color>ff00ffff</color><width>3</width></LineStyle></Style><LineString><coordinates>-71.2660016,-34.6550183,0 -71.2660516,-34.6549983,0</coordinates></LineString></Placemark><Placemark><name>Descartado</name><Style><LineStyle><color>ff00ffff</color><width>3</width></LineStyle></Style><LineString><coordinates>-71.2660516,-34.6549983,0 -71.2660499,-34.654995,0</coordinates></LineString></Placemark><Placemark><name>Descartado</name><Style><LineStyle><color>ff00ffff</color><width>3</width></LineStyle></Style><LineString><coordinates>-71.2659516,-34.6550499,0 -71.2659549,-34.6550499,0</coordinates></LineString></Placemark><Placemark><name>Descartado</name><Style><LineStyle><color>ff00ffff</color><width>3</width></LineStyle></Style><LineString><coordinates>-71.2659549,-34.6550499,0 -71.2659116,-34.6551099,0</coordinates></LineString></Placemark><Placemark><name>Descartado</name><Style><LineStyle><color>ff00ffff</color><width>3</width></LineStyle></Style><LineString><coordinates>-71.2659116,-34.6551099,0 -71.2659233,-34.655105,0</coordinates></LineString></Placemark><Placemark><name>Descartado</name><Style><LineStyle><color>ff00ffff</color><width>3</width></LineStyle></Style><LineString><coordinates>-71.2659233,-34.655105,0 -71.2658666,-34.6551083,0</coordinates></LineString></Placemark><Placemark><name>Descartado</name><Style><LineStyle><color>ff00ffff</color><width>3</width></LineStyle></Style><LineString><coordinates>-71.2658666,-34.6551083,0 -71.2658299,-34.6551149,0</coordinates></LineString></Placemark><Placemark><name>Descartado</name><Style><LineStyle><color>ff00ffff</color><width>3</width></LineStyle></Style><LineString><coordinates>-71.2658299,-34.6551149,0 -71.2658166,-34.6551266,0</coordinates></LineString></Placemark><Placemark><name>Descartado</name><Style><LineStyle><color>ff00ffff</color><width>3</width></LineStyle></Style><LineString><coordinates>-71.2658166,-34.6551266,0 -71.2658133,-34.6551266,0</coordinates></LineString></Placemark><Placemark><name>Descartado</name><Style><LineStyle><color>ff00ffff</color><width>3</width></LineStyle></Style><LineString><coordinates>-71.2659066,-34.655075,0 -71.2659066,-34.6550733,0</coordinates></LineString></Placemark><Placemark><name>Descartado</name><Style><LineStyle><color>ff00ffff</color><width>3</width></LineStyle></Style><LineString><coordinates>-71.2657866,-34.6550733,0 -71.2657749,-34.6550783,0</coordinates></LineString></Placemark><Placemark><name>Descartado</name><Style><LineStyle><color>ff00ffff</color><width>3</width></LineStyle></Style><LineString><coordinates>-71.2658566,-34.6550166,0 -71.265855,-34.6550183,0</coordinates></LineString></Placemark><Placemark><name>Descartado</name><Style><LineStyle><color>ff00ffff</color><width>3</width></LineStyle></Style><LineString><coordinates>-71.26591,-34.6549333,0 -71.2659083,-34.6549383,0</coordinates></LineString></Placemark><Placemark><name>Descartado</name><Style><LineStyle><color>ff00ffff</color><width>3</width></LineStyle></Style><LineString><coordinates>-71.2658216,-34.65501,0 -71.2658233,-34.6550166,0</coordinates></LineString></Placemark><Placemark><name>Descartado</name><Style><LineStyle><color>ff00ffff</color><width>3</width></LineStyle></Style><LineString><coordinates>-71.26578,-34.6550983,0 -71.2657783,-34.6550983,0</coordinates></LineString></Placemark><Placemark><name>Descartado</name><Style><LineStyle><color>ff00ffff</color><width>3</width></LineStyle></Style><LineString><coordinates>-71.2657749,-34.6550066,0 -71.2657766,-34.6550083,0</coordinates></LineString></Placemark><Placemark><name>Descartado</name><Style><LineStyle><color>ff00ffff</color><width>3</width></LineStyle></Style><LineString><coordinates>-71.2658566,-34.6550683,0 -71.2658566,-34.6550716,0</coordinates></LineString></Placemark><Placemark><name>Descartado</name><Style><LineStyle><color>ff00ffff</color><width>3</width></LineStyle></Style><LineString><coordinates>-71.2658683,-34.6551333,0 -71.2658699,-34.6551366,0</coordinates></LineString></Placemark><Placemark><name>Descartado</name><Style><LineStyle><color>ff00ffff</color><width>3</width></LineStyle></Style><LineString><coordinates>-71.2658616,-34.6550416,0 -71.2658699,-34.6550283,0</coordinates></LineString></Placemark><Placemark><name>Descartado</name><Style><LineStyle><color>ff00ffff</color><width>3</width></LineStyle></Style><LineString><coordinates>-71.2657883,-34.6550883,0 -71.2657883,-34.6550916,0</coordinates></LineString></Placemark><Placemark><name>Descartado</name><Style><LineStyle><color>ff00ffff</color><width>3</width></LineStyle></Style><LineString><coordinates>-71.2658016,-34.65506,0 -71.2658,-34.6550633,0</coordinates></LineString></Placemark><Placemark><name>Descartado</name><Style><LineStyle><color>ff00ffff</color><width>3</width></LineStyle></Style><LineString><coordinates>-71.2659866,-34.6550666,0 -71.2659883,-34.6550666,0</coordinates></LineString></Placemark><Placemark><name>Descartado</name><Style><LineStyle><color>ff00ffff</color><width>3</width></LineStyle></Style><LineString><coordinates>-71.2658933,-34.6551216,0 -71.2658966,-34.6551216,0</coordinates></LineString></Placemark><Placemark><name>Descartado</name><Style><LineStyle><color>ff00ffff</color><width>3</width></LineStyle></Style><LineString><coordinates>-71.26601,-34.6551066,0 -71.2660016,-34.6551116,0</coordinates></LineString></Placemark><Placemark><name>Descartado</name><Style><LineStyle><color>ff00ffff</color><width>3</width></LineStyle></Style><LineString><coordinates>-71.26578,-34.6550616,0 -71.26578,-34.6550633,0</coordinates></LineString></Placemark><Placemark><name>Descartado</name><Style><LineStyle><color>ff00ffff</color><width>3</width></LineStyle></Style><LineString><coordinates>-71.26578,-34.6550633,0 -71.2657716,-34.6550416,0</coordinates></LineString></Placemark><Placemark><name>Descartado</name><Style><LineStyle><color>ff00ffff</color><width>3</width></LineStyle></Style><LineString><coordinates>-71.2657716,-34.6550416,0 -71.2657083,-34.6550016,0</coordinates></LineString></Placemark><Placemark><name>Descartado</name><Style><LineStyle><color>ff00ffff</color><width>3</width></LineStyle></Style><LineString><coordinates>-71.2657083,-34.6550016,0 -71.2656783,-34.6550083,0</coordinates></LineString></Placemark><Placemark><name>Descartado</name><Style><LineStyle><color>ff00ffff</color><width>3</width></LineStyle></Style><LineString><coordinates>-71.2656783,-34.6550083,0 -71.2657133,-34.6550083,0</coordinates></LineString></Placemark><Placemark><name>Descartado</name><Style><LineStyle><color>ff00ffff</color><width>3</width></LineStyle></Style><LineString><coordinates>-71.2657833,-34.65508,0 -71.2657849,-34.65508,0</coordinates></LineString></Placemark><Placemark><name>Descartado</name><Style><LineStyle><color>ff00ffff</color><width>3</width></LineStyle></Style><LineString><coordinates>-71.2658966,-34.6550783,0 -71.2658933,-34.6550783,0</coordinates></LineString></Placemark><Placemark><name>Descartado</name><Style><LineStyle><color>ff00ffff</color><width>3</width></LineStyle></Style><LineString><coordinates>-71.2658466,-34.6549966,0 -71.2658416,-34.6549983,0</coordinates></LineString></Placemark><Placemark><name>Descartado</name><Style><LineStyle><color>ff00ffff</color><width>3</width></LineStyle></Style><LineString><coordinates>-71.2658933,-34.6550816,0 -71.265895,-34.65508,0</coordinates></LineString></Placemark><Placemark><name>Descartado</name><Style><LineStyle><color>ff00ffff</color><width>3</width></LineStyle></Style><LineString><coordinates>-71.26596,-34.6550033,0 -71.2659516,-34.655005,0</coordinates></LineString></Placemark><Placemark><name>Descartado</name><Style><LineStyle><color>ff00ffff</color><width>3</width></LineStyle></Style><LineString><coordinates>-71.2659516,-34.655005,0 -71.2658233,-34.6550399,0</coordinates></LineString></Placemark><Placemark><name>Descartado</name><Style><LineStyle><color>ff00ffff</color><width>3</width></LineStyle></Style><LineString><coordinates>-71.2658249,-34.6549433,0 -71.2658249,-34.6549466,0</coordinates></LineString></Placemark><Placemark><name>Descartado</name><Style><LineStyle><color>ff00ffff</color><width>3</width></LineStyle></Style><LineString><coordinates>-71.2659216,-34.6549116,0 -71.2659166,-34.6549066,0</coordinates></LineString></Placemark><Placemark><name>Descartado</name><Style><LineStyle><color>ff00ffff</color><width>3</width></LineStyle></Style><LineString><coordinates>-71.2657716,-34.6550183,0 -71.26577,-34.6550133,0</coordinates></LineString></Placemark><Placemark><name>Descartado</name><Style><LineStyle><color>ff00ffff</color><width>3</width></LineStyle></Style><LineString><coordinates>-71.265845,-34.65497,0 -71.2658483,-34.65497,0</coordinates></LineString></Placemark><Placemark><name>Descartado</name><Style><LineStyle><color>ff00ffff</color><width>3</width></LineStyle></Style><LineString><coordinates>-71.2659633,-34.654985,0 -71.2659666,-34.65499,0</coordinates></LineString></Placemark><Placemark><name>Descartado</name><Style><LineStyle><color>ff00ffff</color><width>3</width></LineStyle></Style><LineString><coordinates>-71.2659233,-34.6550733,0 -71.2659216,-34.6550733,0</coordinates></LineString></Placemark><Placemark><name>Descartado</name><Style><LineStyle><color>ff00ffff</color><width>3</width></LineStyle></Style><LineString><coordinates>-71.2660216,-34.6549816,0 -71.2660183,-34.65498,0</coordinates></LineString></Placemark><Placemark><name>Descartado</name><Style><LineStyle><color>ff00ffff</color><width>3</width></LineStyle></Style><LineString><coordinates>-71.2659083,-34.6549816,0 -71.2659066,-34.65499,0</coordinates></LineString></Placemark><Placemark><name>Descartado</name><Style><LineStyle><color>ff00ffff</color><width>3</width></LineStyle></Style><LineString><coordinates>-71.2658483,-34.6550733,0 -71.2658483,-34.65508,0</coordinates></LineString></Placemark><Placemark><name>Descartado</name><Style><LineStyle><color>ff00ffff</color><width>3</width></LineStyle></Style><LineString><coordinates>-71.2658133,-34.6550983,0 -71.2657883,-34.6550866,0</coordinates></LineString></Placemark><Placemark><name>Descartado</name><Style><LineStyle><color>ff00ffff</color><width>3</width></LineStyle></Style><LineString><coordinates>-71.2658,-34.6551766,0 -71.2658016,-34.6551766,0</coordinates></LineString></Placemark><Placemark><name>Descartado</name><Style><LineStyle><color>ff00ffff</color><width>3</width></LineStyle></Style><LineString><coordinates>-71.2657466,-34.6550133,0 -71.2657466,-34.6550116,0</coordinates></LineString></Placemark><Placemark><name>Descartado</name><Style><LineStyle><color>ff00ffff</color><width>3</width></LineStyle></Style><LineString><coordinates>-71.26581,-34.6550883,0 -71.265815,-34.6550816,0</coordinates></LineString></Placemark><Placemark><name>Descartado</name><Style><LineStyle><color>ff00ffff</color><width>3</width></LineStyle></Style><LineString><coordinates>-71.2658816,-34.655005,0 -71.26588,-34.655005,0</coordinates></LineString></Placemark><Placemark><name>Descartado</name><Style><LineStyle><color>ff00ffff</color><width>3</width></LineStyle></Style><LineString><coordinates>-71.2659266,-34.65492,0 -71.26593,-34.6549216,0</coordinates></LineString></Placemark><Placemark><name>Descartado</name><Style><LineStyle><color>ff00ffff</color><width>3</width></LineStyle></Style><LineString><coordinates>-71.26588,-34.655105,0 -71.2658816,-34.6551066,0</coordinates></LineString></Placemark><Placemark><name>Descartado</name><Style><LineStyle><color>ff00ffff</color><width>3</width></LineStyle></Style><LineString><coordinates>-71.265815,-34.6551833,0 -71.2658133,-34.6551916,0</coordinates></LineString></Placemark><Placemark><name>Descartado</name><Style><LineStyle><color>ff00ffff</color><width>3</width></LineStyle></Style><LineString><coordinates>-71.2657066,-34.6550466,0 -71.265705,-34.6550499,0</coordinates></LineString></Placemark><Placemark><name>Descartado</name><Style><LineStyle><color>ff00ffff</color><width>3</width></LineStyle></Style><LineString><coordinates>-71.2658049,-34.6551033,0 -71.2658066,-34.6551099,0</coordinates></LineString></Placemark><Placemark><name>Descartado</name><Style><LineStyle><color>ff00ffff</color><width>3</width></LineStyle></Style><LineString><coordinates>-71.2658883,-34.65518,0 -71.2659066,-34.6551833,0</coordinates></LineString></Placemark><Placemark><name>Descartado</name><Style><LineStyle><color>ff00ffff</color><width>3</width></LineStyle></Style><LineString><coordinates>-71.265875,-34.6550316,0 -71.2658766,-34.65503,0</coordinates></LineString></Placemark><Placemark><name>Descartado</name><Style><LineStyle><color>ff00ffff</color><width>3</width></LineStyle></Style><LineString><coordinates>-71.2659116,-34.6549366,0 -71.2659116,-34.6549399,0</coordinates></LineString></Placemark><Placemark><name>Descartado</name><Style><LineStyle><color>ff00ffff</color><width>3</width></LineStyle></Style><LineString><coordinates>-71.2658916,-34.6550366,0 -71.26589,-34.6550316,0</coordinates></LineString></Placemark><Placemark><name>Descartado</name><Style><LineStyle><color>ff00ffff</color><width>3</width></LineStyle></Style><LineString><coordinates>-71.2659033,-34.65501,0 -71.265895,-34.655,0</coordinates></LineString></Placemark><Placemark><name>Descartado</name><Style><LineStyle><color>ff00ffff</color><width>3</width></LineStyle></Style><LineString><coordinates>-71.2657883,-34.6550433,0 -71.2658283,-34.6550633,0</coordinates></LineString></Placemark><Placemark><name>Descartado</name><Style><LineStyle><color>ff00ffff</color><width>3</width></LineStyle></Style><LineString><coordinates>-71.2658283,-34.6550633,0 -71.2658766,-34.6550616,0</coordinates></LineString></Placemark><Placemark><name>Descartado</name><Style><LineStyle><color>ff00ffff</color><width>3</width></LineStyle></Style><LineString><coordinates>-71.2658766,-34.6550616,0 -71.2658716,-34.6550833,0</coordinates></LineString></Placemark><Placemark><name>Descartado</name><Style><LineStyle><color>ff00ffff</color><width>3</width></LineStyle></Style><LineString><coordinates>-71.2658716,-34.6550833,0 -71.2659366,-34.6551116,0</coordinates></LineString></Placemark><Placemark><name>Descartado</name><Style><LineStyle><color>ff00ffff</color><width>3</width></LineStyle></Style><LineString><coordinates>-71.2658366,-34.6549766,0 -71.2658333,-34.6549716,0</coordinates></LineString></Placemark><Placemark><name>Descartado</name><Style><LineStyle><color>ff00ffff</color><width>3</width></LineStyle></Style><LineString><coordinates>-71.2658616,-34.6549733,0 -71.2658583,-34.6549683,0</coordinates></LineString></Placemark><Placemark><name>Descartado</name><Style><LineStyle><color>ff00ffff</color><width>3</width></LineStyle></Style><LineString><coordinates>-71.2659133,-34.6549633,0 -71.2659149,-34.654965,0</coordinates></LineString></Placemark><Placemark><name>Descartado</name><Style><LineStyle><color>ff00ffff</color><width>3</width></LineStyle></Style><LineString><coordinates>-71.2658416,-34.6548899,0 -71.2658383,-34.6548899,0</coordinates></LineString></Placemark><Placemark><name>Descartado</name><Style><LineStyle><color>ff00ffff</color><width>3</width></LineStyle></Style><LineString><coordinates>-71.26578,-34.65497,0 -71.2657849,-34.6549816,0</coordinates></LineString></Placemark><Placemark><name>Descartado</name><Style><LineStyle><color>ff00ffff</color><width>3</width></LineStyle></Style><LineString><coordinates>-71.26582,-34.6550733,0 -71.2658183,-34.655075,0</coordinates></LineString></Placemark><Placemark><name>Descartado</name><Style><LineStyle><color>ff00ffff</color><width>3</width></LineStyle></Style><LineString><coordinates>-71.2658183,-34.655075,0 -71.265855,-34.65502,0</coordinates></LineString></Placemark><Placemark><name>Descartado</name><Style><LineStyle><color>ff00ffff</color><width>3</width></LineStyle></Style><LineString><coordinates>-71.265855,-34.65502,0 -71.2658583,-34.65502,0</coordinates></LineString></Placemark><Placemark><name>Descartado</name><Style><LineStyle><color>ff00ffff</color><width>3</width></LineStyle></Style><LineString><coordinates>-71.2659216,-34.6550949,0 -71.2658933,-34.6550333,0</coordinates></LineString></Placemark><Placemark><name>Descartado</name><Style><LineStyle><color>ff00ffff</color><width>3</width></LineStyle></Style><LineString><coordinates>-71.2658933,-34.6550333,0 -71.265895,-34.6550266,0</coordinates></LineString></Placemark><Placemark><name>Descartado</name><Style><LineStyle><color>ff00ffff</color><width>3</width></LineStyle></Style><LineString><coordinates>-71.2658483,-34.6551183,0 -71.2658333,-34.6550633,0</coordinates></LineString></Placemark><Placemark><name>Descartado</name><Style><LineStyle><color>ff00ffff</color><width>3</width></LineStyle></Style><LineString><coordinates>-71.2659533,-34.655085,0 -71.2659716,-34.655145,0</coordinates></LineString></Placemark><Placemark><name>Descartado</name><Style><LineStyle><color>ff00ffff</color><width>3</width></LineStyle></Style><LineString><coordinates>-71.2659716,-34.655145,0 -71.2660266,-34.655155,0</coordinates></LineString></Placemark><Placemark><name>Descartado</name><Style><LineStyle><color>ff00ffff</color><width>3</width></LineStyle></Style><LineString><coordinates>-71.2660266,-34.655155,0 -71.2660283,-34.6551583,0</coordinates></LineString></Placemark><Placemark><name>Descartado</name><Style><LineStyle><color>ff00ffff</color><width>3</width></LineStyle></Style><LineString><coordinates>-71.2658183,-34.655105,0 -71.265835,-34.6551149,0</coordinates></LineString></Placemark><Placemark><name>Descartado</name><Style><LineStyle><color>ff00ffff</color><width>3</width></LineStyle></Style><LineString><coordinates>-71.265835,-34.6551149,0 -71.2658599,-34.6550833,0</coordinates></LineString></Placemark><Placemark><name>Descartado</name><Style><LineStyle><color>ff00ffff</color><width>3</width></LineStyle></Style><LineString><coordinates>-71.2658599,-34.6550833,0 -71.265795,-34.6551016,0</coordinates></LineString></Placemark><Placemark><name>Descartado</name><Style><LineStyle><color>ff00ffff</color><width>3</width></LineStyle></Style><LineString><coordinates>-71.265795,-34.6551016,0 -71.2657916,-34.6551,0</coordinates></LineString></Placemark><Placemark><name>Descartado</name><Style><LineStyle><color>ff00ffff</color><width>3</width></LineStyle></Style><LineString><coordinates>-71.2657916,-34.6551,0 -71.2658049,-34.6550866,0</coordinates></LineString></Placemark><Placemark><name>Descartado</name><Style><LineStyle><color>ff00ffff</color><width>3</width></LineStyle></Style><LineString><coordinates>-71.2658049,-34.6550866,0 -71.2658066,-34.6550866,0</coordinates></LineString></Placemark><Placemark><name>Descartado</name><Style><LineStyle><color>ff00ffff</color><width>3</width></LineStyle></Style><LineString><coordinates>-71.2657433,-34.6548983,0 -71.265755,-34.6549166,0</coordinates></LineString></Placemark><Placemark><name>Descartado</name><Style><LineStyle><color>ff00ffff</color><width>3</width></LineStyle></Style><LineString><coordinates>-71.265755,-34.6549166,0 -71.26576,-34.6549133,0</coordinates></LineString></Placemark><Placemark><name>Descartado</name><Style><LineStyle><color>ff00ffff</color><width>3</width></LineStyle></Style><LineString><coordinates>-71.2658699,-34.6549583,0 -71.2658716,-34.6549666,0</coordinates></LineString></Placemark><Placemark><name>Descartado</name><Style><LineStyle><color>ff00ffff</color><width>3</width></LineStyle></Style><LineString><coordinates>-71.2658716,-34.6549666,0 -71.26584,-34.65503,0</coordinates></LineString></Placemark><Placemark><name>Descartado</name><Style><LineStyle><color>ff00ffff</color><width>3</width></LineStyle></Style><LineString><coordinates>-71.26584,-34.65503,0 -71.265845,-34.6550499,0</coordinates></LineString></Placemark><Placemark><name>Descartado</name><Style><LineStyle><color>ff00ffff</color><width>3</width></LineStyle></Style><LineString><coordinates>-71.265845,-34.6550499,0 -71.2658733,-34.6550666,0</coordinates></LineString></Placemark><Placemark><name>Descartado</name><Style><LineStyle><color>ff00ffff</color><width>3</width></LineStyle></Style><LineString><coordinates>-71.2659516,-34.655,0 -71.2659483,-34.6549916,0</coordinates></LineString></Placemark><Placemark><name>Descartado</name><Style><LineStyle><color>ff00ffff</color><width>3</width></LineStyle></Style><LineString><coordinates>-71.2659483,-34.6549916,0 -71.265905,-34.6549866,0</coordinates></LineString></Placemark><Placemark><name>Descartado</name><Style><LineStyle><color>ff00ffff</color><width>3</width></LineStyle></Style><LineString><coordinates>-71.265905,-34.6549866,0 -71.2658933,-34.65498,0</coordinates></LineString></Placemark><Placemark><name>Descartado</name><Style><LineStyle><color>ff00ffff</color><width>3</width></LineStyle></Style><LineString><coordinates>-71.2660166,-34.6549816,0 -71.266015,-34.6549749,0</coordinates></LineString></Placemark><Placemark><name>Descartado</name><Style><LineStyle><color>ff00ffff</color><width>3</width></LineStyle></Style><LineString><coordinates>-71.266015,-34.6549749,0 -71.2659966,-34.6549533,0</coordinates></LineString></Placemark><Placemark><name>Descartado</name><Style><LineStyle><color>ff00ffff</color><width>3</width></LineStyle></Style><LineString><coordinates>-71.2659966,-34.6549533,0 -71.2659916,-34.654925,0</coordinates></LineString></Placemark><Placemark><name>Descartado</name><Style><LineStyle><color>ff00ffff</color><width>3</width></LineStyle></Style><LineString><coordinates>-71.2659916,-34.654925,0 -71.2659883,-34.6549216,0</coordinates></LineString></Placemark><Placemark><name>Descartado</name><Style><LineStyle><color>ff00ffff</color><width>3</width></LineStyle></Style><LineString><coordinates>-71.2658116,-34.6551099,0 -71.265795,-34.6551099,0</coordinates></LineString></Placemark><Placemark><name>Descartado</name><Style><LineStyle><color>ff00ffff</color><width>3</width></LineStyle></Style><LineString><coordinates>-71.2656899,-34.6550766,0 -71.2656916,-34.6550783,0</coordinates></LineString></Placemark><Placemark><name>Descartado</name><Style><LineStyle><color>ff00ffff</color><width>3</width></LineStyle></Style><LineString><coordinates>-71.2658,-34.6550933,0 -71.2657933,-34.6550933,0</coordinates></LineString></Placemark><Placemark><name>Descartado</name><Style><LineStyle><color>ff00ffff</color><width>3</width></LineStyle></Style><LineString><coordinates>-71.2657933,-34.6550933,0 -71.26582,-34.6550533,0</coordinates></LineString></Placemark><Placemark><name>Descartado</name><Style><LineStyle><color>ff00ffff</color><width>3</width></LineStyle></Style><LineString><coordinates>-71.26582,-34.6550533,0 -71.2658166,-34.6550266,0</coordinates></LineString></Placemark><Placemark><name>Descartado</name><Style><LineStyle><color>ff00ffff</color><width>3</width></LineStyle></Style><LineString><coordinates>-71.2658166,-34.6550266,0 -71.2658,-34.6550183,0</coordinates></LineString></Placemark><Placemark><name>Descartado</name><Style><LineStyle><color>ff00ffff</color><width>3</width></LineStyle></Style><LineString><coordinates>-71.2658,-34.6550183,0 -71.2657966,-34.65502,0</coordinates></LineString></Placemark><Placemark><name>Descartado</name><Style><LineStyle><color>ff00ffff</color><width>3</width></LineStyle></Style><LineString><coordinates>-71.2659066,-34.6550366,0 -71.2658816,-34.6550233,0</coordinates></LineString></Placemark><Placemark><name>Descartado</name><Style><LineStyle><color>ff00ffff</color><width>3</width></LineStyle></Style><LineString><coordinates>-71.2658816,-34.6550233,0 -71.2658783,-34.65501,0</coordinates></LineString></Placemark><Placemark><name>Descartado</name><Style><LineStyle><color>ff00ffff</color><width>3</width></LineStyle></Style><LineString><coordinates>-71.2658283,-34.654695,0 -71.2658516,-34.654745,0</coordinates></LineString></Placemark><Placemark><name>Descartado</name><Style><LineStyle><color>ff00ffff</color><width>3</width></LineStyle></Style><LineString><coordinates>-71.2658966,-34.6549116,0 -71.2659116,-34.6549466,0</coordinates></LineString></Placemark><Placemark><name>Descartado</name><Style><LineStyle><color>ff00ffff</color><width>3</width></LineStyle></Style><LineString><coordinates>-71.2659116,-34.6549466,0 -71.26589,-34.6549533,0</coordinates></LineString></Placemark><Placemark><name>Descartado</name><Style><LineStyle><color>ff00ffff</color><width>3</width></LineStyle></Style><LineString><coordinates>-71.2657783,-34.6550516,0 -71.2657766,-34.6550566,0</coordinates></LineString></Placemark><Placemark><name>Descartado</name><Style><LineStyle><color>ff00ffff</color><width>3</width></LineStyle></Style><LineString><coordinates>-71.2658083,-34.6548883,0 -71.2658299,-34.6548766,0</coordinates></LineString></Placemark><Placemark><name>Descartado</name><Style><LineStyle><color>ff00ffff</color><width>3</width></LineStyle></Style><LineString><coordinates>-71.2658299,-34.6548766,0 -71.2658266,-34.6548749,0</coordinates></LineString></Placemark><Placemark><name>Descartado</name><Style><LineStyle><color>ff00ffff</color><width>3</width></LineStyle></Style><LineString><coordinates>-71.2658666,-34.65497,0 -71.2657849,-34.654965,0</coordinates></LineString></Placemark><Placemark><name>Descartado</name><Style><LineStyle><color>ff00ffff</color><width>3</width></LineStyle></Style><LineString><coordinates>-71.2657849,-34.654965,0 -71.2657316,-34.6549383,0</coordinates></LineString></Placemark><Placemark><name>Descartado</name><Style><LineStyle><color>ff00ffff</color><width>3</width></LineStyle></Style><LineString><coordinates>-71.2657316,-34.6549383,0 -71.2657366,-34.6549316,0</coordinates></LineString></Placemark><Placemark><name>Descartado</name><Style><LineStyle><color>ff00ffff</color><width>3</width></LineStyle></Style><LineString><coordinates>-71.2657366,-34.6549316,0 -71.2657116,-34.6549366,0</coordinates></LineString></Placemark><Placemark><name>Descartado</name><Style><LineStyle><color>ff00ffff</color><width>3</width></LineStyle></Style><LineString><coordinates>-71.2657116,-34.6549366,0 -71.2657666,-34.6549383,0</coordinates></LineString></Placemark><Placemark><name>Descartado</name><Style><LineStyle><color>ff00ffff</color><width>3</width></LineStyle></Style><LineString><coordinates>-71.2657666,-34.6549383,0 -71.2658133,-34.6549633,0</coordinates></LineString></Placemark><Placemark><name>Descartado</name><Style><LineStyle><color>ff00ffff</color><width>3</width></LineStyle></Style><LineString><coordinates>-71.2659333,-34.65501,0 -71.2659449,-34.6550083,0</coordinates></LineString></Placemark><Placemark><name>Descartado</name><Style><LineStyle><color>ff00ffff</color><width>3</width></LineStyle></Style><LineString><coordinates>-71.2659449,-34.6550083,0 -71.2659416,-34.6550333,0</coordinates></LineString></Placemark><Placemark><name>Descartado</name><Style><LineStyle><color>ff00ffff</color><width>3</width></LineStyle></Style><LineString><coordinates>-71.2659416,-34.6550333,0 -71.26594,-34.655035,0</coordinates></LineString></Placemark><Placemark><name>Descartado</name><Style><LineStyle><color>ff00ffff</color><width>3</width></LineStyle></Style><LineString><coordinates>-71.26594,-34.655035,0 -71.2659333,-34.6550516,0</coordinates></LineString></Placemark><Placemark><name>Descartado</name><Style><LineStyle><color>ff00ffff</color><width>3</width></LineStyle></Style><LineString><coordinates>-71.2659333,-34.6550516,0 -71.2659883,-34.6550283,0</coordinates></LineString></Placemark><Placemark><name>Descartado</name><Style><LineStyle><color>ff00ffff</color><width>3</width></LineStyle></Style><LineString><coordinates>-71.2659883,-34.6550283,0 -71.26597,-34.6550399,0</coordinates></LineString></Placemark><Placemark><name>Descartado</name><Style><LineStyle><color>ff00ffff</color><width>3</width></LineStyle></Style><LineString><coordinates>-71.26597,-34.6550399,0 -71.2659283,-34.6550683,0</coordinates></LineString></Placemark><Placemark><name>Descartado</name><Style><LineStyle><color>ff00ffff</color><width>3</width></LineStyle></Style><LineString><coordinates>-71.2659283,-34.6550683,0 -71.2659316,-34.6550783,0</coordinates></LineString></Placemark><Placemark><name>Descartado</name><Style><LineStyle><color>ff00ffff</color><width>3</width></LineStyle></Style><LineString><coordinates>-71.2658666,-34.655015,0 -71.265865,-34.6550133,0</coordinates></LineString></Placemark><Placemark><name>Descartado</name><Style><LineStyle><color>ff00ffff</color><width>3</width></LineStyle></Style><LineString><coordinates>-71.265865,-34.6550133,0 -71.26589,-34.65499,0</coordinates></LineString></Placemark><Placemark><name>Descartado</name><Style><LineStyle><color>ff00ffff</color><width>3</width></LineStyle></Style><LineString><coordinates>-71.26589,-34.65499,0 -71.2658866,-34.654995,0</coordinates></LineString></Placemark><Placemark><name>Descartado</name><Style><LineStyle><color>ff00ffff</color><width>3</width></LineStyle></Style><LineString><coordinates>-71.265815,-34.6551716,0 -71.265795,-34.6551783,0</coordinates></LineString></Placemark><Placemark><name>Descartado</name><Style><LineStyle><color>ff00ffff</color><width>3</width></LineStyle></Style><LineString><coordinates>-71.2657583,-34.655015,0 -71.2657666,-34.6550066,0</coordinates></LineString></Placemark><Placemark><name>Descartado</name><Style><LineStyle><color>ff00ffff</color><width>3</width></LineStyle></Style><LineString><coordinates>-71.2658483,-34.655075,0 -71.2658466,-34.6550816,0</coordinates></LineString></Placemark><Placemark><name>Descartado</name><Style><LineStyle><color>ff00ffff</color><width>3</width></LineStyle></Style><LineString><coordinates>-71.2658249,-34.65517,0 -71.2658083,-34.6551816,0</coordinates></LineString></Placemark><Placemark><name>Descartado</name><Style><LineStyle><color>ff00ffff</color><width>3</width></LineStyle></Style><LineString><coordinates>-71.265865,-34.6551099,0 -71.2658616,-34.6551133,0</coordinates></LineString></Placemark><Placemark><name>Descartado</name><Style><LineStyle><color>ff00ffff</color><width>3</width></LineStyle></Style><LineString><coordinates>-71.2657766,-34.655055,0 -71.265765,-34.655055,0</coordinates></LineString></Placemark><Placemark><name>Descartado</name><Style><LineStyle><color>ff00ffff</color><width>3</width></LineStyle></Style><LineString><coordinates>-71.26588,-34.6550666,0 -71.2658816,-34.6550683,0</coordinates></LineString></Placemark><Placemark><name>Descartado</name><Style><LineStyle><color>ff00ffff</color><width>3</width></LineStyle></Style><LineString><coordinates>-71.2658266,-34.6551483,0 -71.2658266,-34.6551566,0</coordinates></LineString></Placemark><Placemark><name>Descartado</name><Style><LineStyle><color>ff00ffff</color><width>3</width></LineStyle></Style><LineString><coordinates>-71.2658083,-34.6550533,0 -71.265835,-34.6550583,0</coordinates></LineString></Placemark><Placemark><name>Descartado</name><Style><LineStyle><color>ff00ffff</color><width>3</width></LineStyle></Style><LineString><coordinates>-71.265835,-34.6550583,0 -71.2658333,-34.6550616,0</coordinates></LineString></Placemark><Placemark><name>Descartado</name><Style><LineStyle><color>ff00ffff</color><width>3</width></LineStyle></Style><LineString><coordinates>-71.2657383,-34.6551149,0 -71.2657366,-34.6551133,0</coordinates></LineString></Placemark><Placemark><name>Descartado</name><Style><LineStyle><color>ff00ffff</color><width>3</width></LineStyle></Style><LineString><coordinates>-71.2659066,-34.6549966,0 -71.265895,-34.6550033,0</coordinates></LineString></Placemark><Placemark><name>Descartado</name><Style><LineStyle><color>ff00ffff</color><width>3</width></LineStyle></Style><LineString><coordinates>-71.2659633,-34.6550783,0 -71.2659783,-34.6550833,0</coordinates></LineString></Placemark><Placemark><name>Descartado</name><Style><LineStyle><color>ff00ffff</color><width>3</width></LineStyle></Style><LineString><coordinates>-71.2658783,-34.6550466,0 -71.2658733,-34.6550516,0</coordinates></LineString></Placemark><Placemark><name>Descartado</name><Style><LineStyle><color>ff00ffff</color><width>3</width></LineStyle></Style><LineString><coordinates>-71.26595,-34.6551333,0 -71.2659333,-34.6551483,0</coordinates></LineString></Placemark><Placemark><name>Descartado</name><Style><LineStyle><color>ff00ffff</color><width>3</width></LineStyle></Style><LineString><coordinates>-71.26577,-34.655015,0 -71.2657716,-34.65502,0</coordinates></LineString></Placemark><Placemark><name>Descartado</name><Style><LineStyle><color>ff00ffff</color><width>3</width></LineStyle></Style><LineString><coordinates>-71.2658533,-34.6550616,0 -71.2658699,-34.6550616,0</coordinates></LineString></Placemark><Placemark><name>Descartado</name><Style><LineStyle><color>ff00ffff</color><width>3</width></LineStyle></Style><LineString><coordinates>-71.26578,-34.6551283,0 -71.2658299,-34.6550916,0</coordinates></LineString></Placemark><Placemark><name>Descartado</name><Style><LineStyle><color>ff00ffff</color><width>3</width></LineStyle></Style><LineString><coordinates>-71.2658299,-34.6550916,0 -71.2658699,-34.655085,0</coordinates></LineString></Placemark><Placemark><name>Descartado</name><Style><LineStyle><color>ff00ffff</color><width>3</width></LineStyle></Style><LineString><coordinates>-71.2658699,-34.655085,0 -71.265865,-34.6550783,0</coordinates></LineString></Placemark><Placemark><name>Descartado</name><Style><LineStyle><color>ff00ffff</color><width>3</width></LineStyle></Style><LineString><coordinates>-71.265865,-34.6550783,0 -71.2658616,-34.6550783,0</coordinates></LineString></Placemark><Placemark><name>Descartado</name><Style><LineStyle><color>ff00ffff</color><width>3</width></LineStyle></Style><LineString><coordinates>-71.2657666,-34.65495,0 -71.2657683,-34.6549533,0</coordinates></LineString></Placemark><Placemark><name>Descartado</name><Style><LineStyle><color>ff00ffff</color><width>3</width></LineStyle></Style><LineString><coordinates>-71.2657383,-34.655015,0 -71.2657199,-34.65502,0</coordinates></LineString></Placemark><Placemark><name>Descartado</name><Style><LineStyle><color>ff00ffff</color><width>3</width></LineStyle></Style><LineString><coordinates>-71.2658333,-34.6550233,0 -71.2658366,-34.6550249,0</coordinates></LineString></Placemark><Placemark><name>Descartado</name><Style><LineStyle><color>ff00ffff</color><width>3</width></LineStyle></Style><LineString><coordinates>-71.2658116,-34.6549816,0 -71.2657983,-34.6549933,0</coordinates></LineString></Placemark><Placemark><name>Descartado</name><Style><LineStyle><color>ff00ffff</color><width>3</width></LineStyle></Style><LineString><coordinates>-71.2658983,-34.6549033,0 -71.2659066,-34.6549133,0</coordinates></LineString></Placemark><Placemark><name>Descartado</name><Style><LineStyle><color>ff00ffff</color><width>3</width></LineStyle></Style><LineString><coordinates>-71.265885,-34.655005,0 -71.2658866,-34.6550083,0</coordinates></LineString></Placemark><Placemark><name>Descartado</name><Style><LineStyle><color>ff00ffff</color><width>3</width></LineStyle></Style><LineString><coordinates>-71.2659566,-34.65509,0 -71.2659533,-34.65509,0</coordinates></LineString></Placemark><Placemark><name>Descartado</name><Style><LineStyle><color>ff00ffff</color><width>3</width></LineStyle></Style><LineString><coordinates>-71.2658433,-34.6549583,0 -71.265845,-34.6549616,0</coordinates></LineString></Placemark><Placemark><name>Descartado</name><Style><LineStyle><color>ff00ffff</color><width>3</width></LineStyle></Style><LineString><coordinates>-71.2659716,-34.6551366,0 -71.26595,-34.6551283,0</coordinates></LineString></Placemark><Placemark><name>Descartado</name><Style><LineStyle><color>ff00ffff</color><width>3</width></LineStyle></Style><LineString><coordinates>-71.26595,-34.6551283,0 -71.2659483,-34.6551283,0</coordinates></LineString></Placemark><Placemark><name>Descartado</name><Style><LineStyle><color>ff00ffff</color><width>3</width></LineStyle></Style><LineString><coordinates>-71.2658999,-34.655035,0 -71.2658783,-34.6550233,0</coordinates></LineString></Placemark><Placemark><name>Descartado</name><Style><LineStyle><color>ff00ffff</color><width>3</width></LineStyle></Style><LineString><coordinates>-71.2658416,-34.6549233,0 -71.2658333,-34.6549166,0</coordinates></LineString></Placemark><Placemark><name>Descartado</name><Style><LineStyle><color>ff00ffff</color><width>3</width></LineStyle></Style><LineString><coordinates>-71.2658216,-34.65501,0 -71.2658249,-34.6550116,0</coordinates></LineString></Placemark><Placemark><name>Descartado</name><Style><LineStyle><color>ff00ffff</color><width>3</width></LineStyle></Style><LineString><coordinates>-71.2658566,-34.6549733,0 -71.265865,-34.6549816,0</coordinates></LineString></Placemark><Placemark><name>Descartado</name><Style><LineStyle><color>ff00ffff</color><width>3</width></LineStyle></Style><LineString><coordinates>-71.2657849,-34.654895,0 -71.2657849,-34.6548966,0</coordinates></LineString></Placemark><Placemark><name>Descartado</name><Style><LineStyle><color>ff00ffff</color><width>3</width></LineStyle></Style><LineString><coordinates>-71.2658783,-34.6549783,0 -71.2659066,-34.6549816,0</coordinates></LineString></Placemark><Placemark><name>Descartado</name><Style><LineStyle><color>ff00ffff</color><width>3</width></LineStyle></Style><LineString><coordinates>-71.2659066,-34.6549816,0 -71.265905,-34.6549916,0</coordinates></LineString></Placemark><Placemark><name>Descartado</name><Style><LineStyle><color>ff00ffff</color><width>3</width></LineStyle></Style><LineString><coordinates>-71.265905,-34.6549916,0 -71.265885,-34.6549733,0</coordinates></LineString></Placemark><Placemark><name>Descartado</name><Style><LineStyle><color>ff00ffff</color><width>3</width></LineStyle></Style><LineString><coordinates>-71.2658249,-34.6550566,0 -71.2658266,-34.65506,0</coordinates></LineString></Placemark><Placemark><name>Descartado</name><Style><LineStyle><color>ff00ffff</color><width>3</width></LineStyle></Style><LineString><coordinates>-71.26595,-34.6551249,0 -71.2659283,-34.6551466,0</coordinates></LineString></Placemark><Placemark><name>Descartado</name><Style><LineStyle><color>ff00ffff</color><width>3</width></LineStyle></Style><LineString><coordinates>-71.2659283,-34.6551466,0 -71.2659166,-34.65514,0</coordinates></LineString></Placemark><Placemark><name>Descartado</name><Style><LineStyle><color>ff00ffff</color><width>3</width></LineStyle></Style><LineString><coordinates>-71.2659166,-34.65514,0 -71.2659133,-34.6551416,0</coordinates></LineString></Placemark><Placemark><name>Descartado</name><Style><LineStyle><color>ff00ffff</color><width>3</width></LineStyle></Style><LineString><coordinates>-71.2659133,-34.6551416,0 -71.265875,-34.6551333,0</coordinates></LineString></Placemark><Placemark><name>Descartado</name><Style><LineStyle><color>ff00ffff</color><width>3</width></LineStyle></Style><LineString><coordinates>-71.265875,-34.6551333,0 -71.2658583,-34.65512,0</coordinates></LineString></Placemark><Placemark><name>Descartado</name><Style><LineStyle><color>ff00ffff</color><width>3</width></LineStyle></Style><LineString><coordinates>-71.265845,-34.654995,0 -71.2658266,-34.6550066,0</coordinates></LineString></Placemark><Placemark><name>Descartado</name><Style><LineStyle><color>ff00ffff</color><width>3</width></LineStyle></Style><LineString><coordinates>-71.2658683,-34.6550949,0 -71.265875,-34.6551,0</coordinates></LineString></Placemark><Placemark><name>Descartado</name><Style><LineStyle><color>ff00ffff</color><width>3</width></LineStyle></Style><LineString><coordinates>-71.26594,-34.65507,0 -71.2659366,-34.6550716,0</coordinates></LineString></Placemark><Placemark><name>Descartado</name><Style><LineStyle><color>ff00ffff</color><width>3</width></LineStyle></Style><LineString><coordinates>-71.2658516,-34.655015,0 -71.2658516,-34.6550133,0</coordinates></LineString></Placemark><Placemark><name>Descartado</name><Style><LineStyle><color>ff00ffff</color><width>3</width></LineStyle></Style><LineString><coordinates>-71.265875,-34.655085,0 -71.2658583,-34.6550883,0</coordinates></LineString></Placemark><Placemark><name>Descartado</name><Style><LineStyle><color>ff00ffff</color><width>3</width></LineStyle></Style><LineString><coordinates>-71.265885,-34.655045,0 -71.2658933,-34.655045,0</coordinates></LineString></Placemark><Placemark><name>Descartado</name><Style><LineStyle><color>ff00ffff</color><width>3</width></LineStyle></Style><LineString><coordinates>-71.2659216,-34.65495,0 -71.2659833,-34.6550233,0</coordinates></LineString></Placemark><Placemark><name>Descartado</name><Style><LineStyle><color>ff00ffff</color><width>3</width></LineStyle></Style><LineString><coordinates>-71.2659833,-34.6550233,0 -71.2659833,-34.65503,0</coordinates></LineString></Placemark><Placemark><name>Descartado</name><Style><LineStyle><color>ff00ffff</color><width>3</width></LineStyle></Style><LineString><coordinates>-71.2659833,-34.65503,0 -71.2659866,-34.65503,0</coordinates></LineString></Placemark><Placemark><name>Descartado</name><Style><LineStyle><color>ff00ffff</color><width>3</width></LineStyle></Style><LineString><coordinates>-71.2659866,-34.65503,0 -71.265905,-34.6550433,0</coordinates></LineString></Placemark><Placemark><name>Descartado</name><Style><LineStyle><color>ff00ffff</color><width>3</width></LineStyle></Style><LineString><coordinates>-71.265905,-34.6550433,0 -71.2659183,-34.655045,0</coordinates></LineString></Placemark><Placemark><name>Descartado</name><Style><LineStyle><color>ff00ffff</color><width>3</width></LineStyle></Style><LineString><coordinates>-71.2659183,-34.655045,0 -71.2658683,-34.6550266,0</coordinates></LineString></Placemark><Placemark><name>Descartado</name><Style><LineStyle><color>ff00ffff</color><width>3</width></LineStyle></Style><LineString><coordinates>-71.2657749,-34.6550266,0 -71.2657616,-34.6550183,0</coordinates></LineString></Placemark><Placemark><name>Descartado</name><Style><LineStyle><color>ff00ffff</color><width>3</width></LineStyle></Style><LineString><coordinates>-71.2658733,-34.6550399,0 -71.2658716,-34.6550399,0</coordinates></LineString></Placemark><Placemark><name>Descartado</name><Style><LineStyle><color>ff00ffff</color><width>3</width></LineStyle></Style><LineString><coordinates>-71.2658716,-34.6550399,0 -71.2658716,-34.6550066,0</coordinates></LineString></Placemark><Placemark><name>Descartado</name><Style><LineStyle><color>ff00ffff</color><width>3</width></LineStyle></Style><LineString><coordinates>-71.2658716,-34.6550066,0 -71.265845,-34.6549733,0</coordinates></LineString></Placemark><Placemark><name>Descartado</name><Style><LineStyle><color>ff00ffff</color><width>3</width></LineStyle></Style><LineString><coordinates>-71.265845,-34.6549733,0 -71.26585,-34.6549783,0</coordinates></LineString></Placemark><Placemark><name>Descartado</name><Style><LineStyle><color>ff00ffff</color><width>3</width></LineStyle></Style><LineString><coordinates>-71.26585,-34.6549783,0 -71.2658383,-34.65499,0</coordinates></LineString></Placemark><Placemark><name>Descartado</name><Style><LineStyle><color>ff00ffff</color><width>3</width></LineStyle></Style><LineString><coordinates>-71.2658383,-34.65499,0 -71.2658216,-34.6549933,0</coordinates></LineString></Placemark><Placemark><name>Descartado</name><Style><LineStyle><color>ff00ffff</color><width>3</width></LineStyle></Style><LineString><coordinates>-71.2658049,-34.6550183,0 -71.2658049,-34.655015,0</coordinates></LineString></Placemark><Placemark><name>Descartado</name><Style><LineStyle><color>ff00ffff</color><width>3</width></LineStyle></Style><LineString><coordinates>-71.26584,-34.6550766,0 -71.26584,-34.6550499,0</coordinates></LineString></Placemark><Placemark><name>Descartado</name><Style><LineStyle><color>ff00ffff</color><width>3</width></LineStyle></Style><LineString><coordinates>-71.26584,-34.6550499,0 -71.2658416,-34.6550516,0</coordinates></LineString></Placemark><Placemark><name>Descartado</name><Style><LineStyle><color>ff00ffff</color><width>3</width></LineStyle></Style><LineString><coordinates>-71.2658416,-34.6550516,0 -71.265815,-34.65501,0</coordinates></LineString></Placemark><Placemark><name>Descartado</name><Style><LineStyle><color>ff00ffff</color><width>3</width></LineStyle></Style><LineString><coordinates>-71.265815,-34.65501,0 -71.2658016,-34.65501,0</coordinates></LineString></Placemark><Placemark><name>Descartado</name><Style><LineStyle><color>ff00ffff</color><width>3</width></LineStyle></Style><LineString><coordinates>-71.2658016,-34.65501,0 -71.2658016,-34.6550066,0</coordinates></LineString></Placemark><Placemark><name>Descartado</name><Style><LineStyle><color>ff00ffff</color><width>3</width></LineStyle></Style><LineString><coordinates>-71.2659083,-34.6550249,0 -71.2659083,-34.6550266,0</coordinates></LineString></Placemark><Placemark><name>Descartado</name><Style><LineStyle><color>ff00ffff</color><width>3</width></LineStyle></Style><LineString><coordinates>-71.2658633,-34.6550483,0 -71.2658666,-34.6550516,0</coordinates></LineString></Placemark><Placemark><name>Descartado</name><Style><LineStyle><color>ff00ffff</color><width>3</width></LineStyle></Style><LineString><coordinates>-71.2658666,-34.6550516,0 -71.265905,-34.6550383,0</coordinates></LineString></Placemark><Placemark><name>Descartado</name><Style><LineStyle><color>ff00ffff</color><width>3</width></LineStyle></Style><LineString><coordinates>-71.265905,-34.6550383,0 -71.2658683,-34.655045,0</coordinates></LineString></Placemark><Placemark><name>Descartado</name><Style><LineStyle><color>ff00ffff</color><width>3</width></LineStyle></Style><LineString><coordinates>-71.2658466,-34.6549566,0 -71.26585,-34.6549566,0</coordinates></LineString></Placemark><Placemark><name>Descartado</name><Style><LineStyle><color>ff00ffff</color><width>3</width></LineStyle></Style><LineString><coordinates>-71.2658716,-34.6550466,0 -71.265875,-34.6550483,0</coordinates></LineString></Placemark><Placemark><name>Descartado</name><Style><LineStyle><color>ff00ffff</color><width>3</width></LineStyle></Style><LineString><coordinates>-71.2657866,-34.6549933,0 -71.26578,-34.6549966,0</coordinates></LineString></Placemark><Placemark><name>Descartado</name><Style><LineStyle><color>ff00ffff</color><width>3</width></LineStyle></Style><LineString><coordinates>-71.26578,-34.6549966,0 -71.2657833,-34.6549833,0</coordinates></LineString></Placemark><Placemark><name>Descartado</name><Style><LineStyle><color>ff00ffff</color><width>3</width></LineStyle></Style><LineString><coordinates>-71.2657833,-34.6549833,0 -71.2657783,-34.6549866,0</coordinates></LineString></Placemark><Placemark><name>Descartado</name><Style><LineStyle><color>ff00ffff</color><width>3</width></LineStyle></Style><LineString><coordinates>-71.2658699,-34.654935,0 -71.2658716,-34.6549283,0</coordinates></LineString></Placemark><Placemark><name>Descartado</name><Style><LineStyle><color>ff00ffff</color><width>3</width></LineStyle></Style><LineString><coordinates>-71.2659183,-34.6550133,0 -71.26592,-34.65501,0</coordinates></LineString></Placemark><Placemark><name>Descartado</name><Style><LineStyle><color>ff00ffff</color><width>3</width></LineStyle></Style><LineString><coordinates>-71.2658,-34.6549916,0 -71.2657966,-34.6550166,0</coordinates></LineString></Placemark><Placemark><name>Descartado</name><Style><LineStyle><color>ff00ffff</color><width>3</width></LineStyle></Style><LineString><coordinates>-71.2657966,-34.6550166,0 -71.2658016,-34.6550249,0</coordinates></LineString></Placemark><Placemark><name>Descartado</name><Style><LineStyle><color>ff00ffff</color><width>3</width></LineStyle></Style><LineString><coordinates>-71.2658016,-34.6550249,0 -71.2657983,-34.6550216,0</coordinates></LineString></Placemark><Placemark><name>Descartado</name><Style><LineStyle><color>ff00ffff</color><width>3</width></LineStyle></Style><LineString><coordinates>-71.2658299,-34.65501,0 -71.2658283,-34.6550116,0</coordinates></LineString></Placemark><Placemark><name>Descartado</name><Style><LineStyle><color>ff00ffff</color><width>3</width></LineStyle></Style><LineString><coordinates>-71.2659466,-34.6550133,0 -71.2659549,-34.65501,0</coordinates></LineString></Placemark><Placemark><name>Descartado</name><Style><LineStyle><color>ff00ffff</color><width>3</width></LineStyle></Style><LineString><coordinates>-71.2659016,-34.654925,0 -71.2659016,-34.65491,0</coordinates></LineString></Placemark><Placemark><name>Descartado</name><Style><LineStyle><color>ff00ffff</color><width>3</width></LineStyle></Style><LineString><coordinates>-71.2658283,-34.6549833,0 -71.2658299,-34.654985,0</coordinates></LineString></Placemark><Placemark><name>Descartado</name><Style><LineStyle><color>ff00ffff</color><width>3</width></LineStyle></Style><LineString><coordinates>-71.2656899,-34.654945,0 -71.2657033,-34.654955,0</coordinates></LineString></Placemark><Placemark><name>Descartado</name><Style><LineStyle><color>ff00ffff</color><width>3</width></LineStyle></Style><LineString><coordinates>-71.2658883,-34.6550266,0 -71.2658966,-34.6550249,0</coordinates></LineString></Placemark><Placemark><name>Descartado</name><Style><LineStyle><color>ff00ffff</color><width>3</width></LineStyle></Style><LineString><coordinates>-71.2657883,-34.6550466,0 -71.2657849,-34.6550516,0</coordinates></LineString></Placemark><Placemark><name>Descartado</name><Style><LineStyle><color>ff00ffff</color><width>3</width></LineStyle></Style><LineString><coordinates>-71.2657849,-34.6550516,0 -71.2657783,-34.6551683,0</coordinates></LineString></Placemark><Placemark><name>Descartado</name><Style><LineStyle><color>ff00ffff</color><width>3</width></LineStyle></Style><LineString><coordinates>-71.2658533,-34.6550949,0 -71.265855,-34.6550966,0</coordinates></LineString></Placemark><Placemark><name>Descartado</name><Style><LineStyle><color>ff00ffff</color><width>3</width></LineStyle></Style><LineString><coordinates>-71.2657983,-34.655065,0 -71.2657983,-34.6550666,0</coordinates></LineString></Placemark><Placemark><name>Descartado</name><Style><LineStyle><color>ff00ffff</color><width>3</width></LineStyle></Style><LineString><coordinates>-71.2658116,-34.6550716,0 -71.26577,-34.6550616,0</coordinates></LineString></Placemark><Placemark><name>Descartado</name><Style><LineStyle><color>ff00ffff</color><width>3</width></LineStyle></Style><LineString><coordinates>-71.2658683,-34.6550133,0 -71.2658733,-34.6549983,0</coordinates></LineString></Placemark><Placemark><name>Descartado</name><Style><LineStyle><color>ff00ffff</color><width>3</width></LineStyle></Style><LineString><coordinates>-71.26595,-34.65507,0 -71.2660033,-34.6550333,0</coordinates></LineString></Placemark><Placemark><name>Descartado</name><Style><LineStyle><color>ff00ffff</color><width>3</width></LineStyle></Style><LineString><coordinates>-71.2659433,-34.6549783,0 -71.2659366,-34.6549783,0</coordinates></LineString></Placemark><Placemark><name>Descartado</name><Style><LineStyle><color>ff00ffff</color><width>3</width></LineStyle></Style><LineString><coordinates>-71.2659366,-34.6550116,0 -71.26593,-34.6550183,0</coordinates></LineString></Placemark><Placemark><name>Descartado</name><Style><LineStyle><color>ff00ffff</color><width>3</width></LineStyle></Style><LineString><coordinates>-71.2657283,-34.6551249,0 -71.265735,-34.65512,0</coordinates></LineString></Placemark><Placemark><name>Descartado</name><Style><LineStyle><color>ff00ffff</color><width>3</width></LineStyle></Style><LineString><coordinates>-71.2658666,-34.65498,0 -71.26588,-34.6549749,0</coordinates></LineString></Placemark><Placemark><name>Descartado</name><Style><LineStyle><color>ff00ffff</color><width>3</width></LineStyle></Style><LineString><coordinates>-71.2660233,-34.6549516,0 -71.2659616,-34.6550499,0</coordinates></LineString></Placemark><Placemark><name>Descartado</name><Style><LineStyle><color>ff00ffff</color><width>3</width></LineStyle></Style><LineString><coordinates>-71.2659616,-34.6550499,0 -71.2659666,-34.6550466,0</coordinates></LineString></Placemark><Placemark><name>Descartado</name><Style><LineStyle><color>ff00ffff</color><width>3</width></LineStyle></Style><LineString><coordinates>-71.2660266,-34.6551233,0 -71.2660266,-34.6551216,0</coordinates></LineString></Placemark><Placemark><name>Descartado</name><Style><LineStyle><color>ff00ffff</color><width>3</width></LineStyle></Style><LineString><coordinates>-71.2657983,-34.655075,0 -71.2658016,-34.6550733,0</coordinates></LineString></Placemark><Placemark><name>Descartado</name><Style><LineStyle><color>ff00ffff</color><width>3</width></LineStyle></Style><LineString><coordinates>-71.2659233,-34.6550916,0 -71.2659183,-34.6550933,0</coordinates></LineString></Placemark><Placemark><name>Descartado</name><Style><LineStyle><color>ff00ffff</color><width>3</width></LineStyle></Style><LineString><coordinates>-71.2659183,-34.6550933,0 -71.2659116,-34.6550466,0</coordinates></LineString></Placemark><Placemark><name>Descartado</name><Style><LineStyle><color>ff00ffff</color><width>3</width></LineStyle></Style><LineString><coordinates>-71.2659116,-34.6550466,0 -71.2658766,-34.6550666,0</coordinates></LineString></Placemark><Placemark><name>Descartado</name><Style><LineStyle><color>ff00ffff</color><width>3</width></LineStyle></Style><LineString><coordinates>-71.2658766,-34.6550666,0 -71.26591,-34.6550416,0</coordinates></LineString></Placemark><Placemark><name>Descartado</name><Style><LineStyle><color>ff00ffff</color><width>3</width></LineStyle></Style><LineString><coordinates>-71.26591,-34.6550416,0 -71.26591,-34.6550433,0</coordinates></LineString></Placemark><Placemark><name>Descartado</name><Style><LineStyle><color>ff00ffff</color><width>3</width></LineStyle></Style><LineString><coordinates>-71.26591,-34.6550433,0 -71.2658833,-34.6551099,0</coordinates></LineString></Placemark><Placemark><name>Descartado</name><Style><LineStyle><color>ff00ffff</color><width>3</width></LineStyle></Style><LineString><coordinates>-71.2658833,-34.6551099,0 -71.2658383,-34.6551116,0</coordinates></LineString></Placemark><Placemark><name>Descartado</name><Style><LineStyle><color>ff00ffff</color><width>3</width></LineStyle></Style><LineString><coordinates>-71.2658383,-34.6551116,0 -71.2658183,-34.6550949,0</coordinates></LineString></Placemark><Placemark><name>Descartado</name><Style><LineStyle><color>ff00ffff</color><width>3</width></LineStyle></Style><LineString><coordinates>-71.2659449,-34.6550383,0 -71.2660416,-34.6549666,0</coordinates></LineString></Placemark><Placemark><name>Descartado</name><Style><LineStyle><color>ff00ffff</color><width>3</width></LineStyle></Style><LineString><coordinates>-71.2660416,-34.6549666,0 -71.2660433,-34.6549583,0</coordinates></LineString></Placemark><Placemark><name>Descartado</name><Style><LineStyle><color>ff00ffff</color><width>3</width></LineStyle></Style><LineString><coordinates>-71.266035,-34.6549383,0 -71.2659266,-34.655015,0</coordinates></LineString></Placemark><Placemark><name>Descartado</name><Style><LineStyle><color>ff00ffff</color><width>3</width></LineStyle></Style><LineString><coordinates>-71.2658466,-34.6550833,0 -71.26585,-34.6550833,0</coordinates></LineString></Placemark><Placemark><name>Descartado</name><Style><LineStyle><color>ff00ffff</color><width>3</width></LineStyle></Style><LineString><coordinates>-71.26596,-34.6550966,0 -71.26595,-34.6550949,0</coordinates></LineString></Placemark><Placemark><name>Descartado</name><Style><LineStyle><color>ff00ffff</color><width>3</width></LineStyle></Style><LineString><coordinates>-71.2657166,-34.6550516,0 -71.2657133,-34.655045,0</coordinates></LineString></Placemark><Placemark><name>Descartado</name><Style><LineStyle><color>ff00ffff</color><width>3</width></LineStyle></Style><LineString><coordinates>-71.2657133,-34.655045,0 -71.26571,-34.6550433,0</coordinates></LineString></Placemark><Placemark><name>Descartado</name><Style><LineStyle><color>ff00ffff</color><width>3</width></LineStyle></Style><LineString><coordinates>-71.2659683,-34.6549633,0 -71.26596,-34.654955,0</coordinates></LineString></Placemark><Placemark><name>Descartado</name><Style><LineStyle><color>ff00ffff</color><width>3</width></LineStyle></Style><LineString><coordinates>-71.2659333,-34.6550466,0 -71.2659366,-34.6550533,0</coordinates></LineString></Placemark><Placemark><name>Descartado</name><Style><LineStyle><color>ff00ffff</color><width>3</width></LineStyle></Style><LineString><coordinates>-71.2658833,-34.6550766,0 -71.2658716,-34.6550716,0</coordinates></LineString></Placemark><Placemark><name>Descartado</name><Style><LineStyle><color>ff00ffff</color><width>3</width></LineStyle></Style><LineString><coordinates>-71.26596,-34.655015,0 -71.2659666,-34.6550033,0</coordinates></LineString></Placemark><Placemark><name>Descartado</name><Style><LineStyle><color>ff00ffff</color><width>3</width></LineStyle></Style><LineString><coordinates>-71.2658683,-34.6550533,0 -71.2658783,-34.6550166,0</coordinates></LineString></Placemark><Placemark><name>Descartado</name><Style><LineStyle><color>ff00ffff</color><width>3</width></LineStyle></Style><LineString><coordinates>-71.2658783,-34.6550166,0 -71.2658616,-34.6550316,0</coordinates></LineString></Placemark><Placemark><name>Descartado</name><Style><LineStyle><color>ff00ffff</color><width>3</width></LineStyle></Style><LineString><coordinates>-71.2658633,-34.6551249,0 -71.2658683,-34.6551266,0</coordinates></LineString></Placemark><Placemark><name>Descartado</name><Style><LineStyle><color>ff00ffff</color><width>3</width></LineStyle></Style><LineString><coordinates>-71.26576,-34.6551066,0 -71.2657533,-34.6551016,0</coordinates></LineString></Placemark><Placemark><name>Descartado</name><Style><LineStyle><color>ff00ffff</color><width>3</width></LineStyle></Style><LineString><coordinates>-71.2658599,-34.654925,0 -71.2659216,-34.6548866,0</coordinates></LineString></Placemark><Placemark><name>Descartado</name><Style><LineStyle><color>ff00ffff</color><width>3</width></LineStyle></Style><LineString><coordinates>-71.2659216,-34.6548866,0 -71.265925,-34.6548899,0</coordinates></LineString></Placemark><Placemark><name>Descartado</name><Style><LineStyle><color>ff00ffff</color><width>3</width></LineStyle></Style><LineString><coordinates>-71.2659616,-34.6549749,0 -71.2659633,-34.6549749,0</coordinates></LineString></Placemark><Placemark><name>Descartado</name><Style><LineStyle><color>ff00ffff</color><width>3</width></LineStyle></Style><LineString><coordinates>-71.2658616,-34.6550133,0 -71.2658516,-34.655005,0</coordinates></LineString></Placemark><Placemark><name>Descartado</name><Style><LineStyle><color>ff00ffff</color><width>3</width></LineStyle></Style><LineString><coordinates>-71.2658516,-34.655005,0 -71.265795,-34.6550249,0</coordinates></LineString></Placemark><Placemark><name>Descartado</name><Style><LineStyle><color>ff00ffff</color><width>3</width></LineStyle></Style><LineString><coordinates>-71.265795,-34.6550249,0 -71.265795,-34.6550333,0</coordinates></LineString></Placemark><Placemark><name>Descartado</name><Style><LineStyle><color>ff00ffff</color><width>3</width></LineStyle></Style><LineString><coordinates>-71.265795,-34.6550333,0 -71.2657983,-34.6550333,0</coordinates></LineString></Placemark><Placemark><name>Descartado</name><Style><LineStyle><color>ff00ffff</color><width>3</width></LineStyle></Style><LineString><coordinates>-71.2658866,-34.6549533,0 -71.26593,-34.65497,0</coordinates></LineString></Placemark><Placemark><name>Descartado</name><Style><LineStyle><color>ff00ffff</color><width>3</width></LineStyle></Style><LineString><coordinates>-71.2658016,-34.6550683,0 -71.2657716,-34.65508,0</coordinates></LineString></Placemark><Placemark><name>Descartado</name><Style><LineStyle><color>ff00ffff</color><width>3</width></LineStyle></Style><LineString><coordinates>-71.2657716,-34.65508,0 -71.265745,-34.65507,0</coordinates></LineString></Placemark><Placemark><name>Descartado</name><Style><LineStyle><color>ff00ffff</color><width>3</width></LineStyle></Style><LineString><coordinates>-71.265815,-34.6550633,0 -71.2658783,-34.655045,0</coordinates></LineString></Placemark><Placemark><name>Descartado</name><Style><LineStyle><color>ff00ffff</color><width>3</width></LineStyle></Style><LineString><coordinates>-71.2658783,-34.655045,0 -71.265815,-34.6550166,0</coordinates></LineString></Placemark><Placemark><name>Descartado</name><Style><LineStyle><color>ff00ffff</color><width>3</width></LineStyle></Style><LineString><coordinates>-71.265815,-34.6550166,0 -71.2658283,-34.6550233,0</coordinates></LineString></Placemark><Placemark><name>Descartado</name><Style><LineStyle><color>ff00ffff</color><width>3</width></LineStyle></Style><LineString><coordinates>-71.2658283,-34.6550233,0 -71.2658699,-34.6550516,0</coordinates></LineString></Placemark><Placemark><name>Descartado</name><Style><LineStyle><color>ff00ffff</color><width>3</width></LineStyle></Style><LineString><coordinates>-71.2658699,-34.6550516,0 -71.2658633,-34.6550499,0</coordinates></LineString></Placemark><Placemark><name>Descartado</name><Style><LineStyle><color>ff00ffff</color><width>3</width></LineStyle></Style><LineString><coordinates>-71.2659749,-34.6550716,0 -71.2659566,-34.65507,0</coordinates></LineString></Placemark><Placemark><name>Descartado</name><Style><LineStyle><color>ff00ffff</color><width>3</width></LineStyle></Style><LineString><coordinates>-71.2659566,-34.65507,0 -71.2659483,-34.65506,0</coordinates></LineString></Placemark><Placemark><name>Descartado</name><Style><LineStyle><color>ff00ffff</color><width>3</width></LineStyle></Style><LineString><coordinates>-71.2659483,-34.65506,0 -71.2659133,-34.6550016,0</coordinates></LineString></Placemark><Placemark><name>Descartado</name><Style><LineStyle><color>ff00ffff</color><width>3</width></LineStyle></Style><LineString><coordinates>-71.2659133,-34.6550016,0 -71.2659066,-34.6549983,0</coordinates></LineString></Placemark><Placemark><name>Descartado</name><Style><LineStyle><color>ff00ffff</color><width>3</width></LineStyle></Style><LineString><coordinates>-71.265935,-34.6549683,0 -71.2659266,-34.6549766,0</coordinates></LineString></Placemark><Placemark><name>Descartado</name><Style><LineStyle><color>ff00ffff</color><width>3</width></LineStyle></Style><LineString><coordinates>-71.2659266,-34.6549766,0 -71.26592,-34.6549766,0</coordinates></LineString></Placemark><Placemark><name>Descartado</name><Style><LineStyle><color>ff00ffff</color><width>3</width></LineStyle></Style><LineString><coordinates>-71.26592,-34.6549766,0 -71.26595,-34.654955,0</coordinates></LineString></Placemark><Placemark><name>Descartado</name><Style><LineStyle><color>ff00ffff</color><width>3</width></LineStyle></Style><LineString><coordinates>-71.26595,-34.654955,0 -71.2659416,-34.6549583,0</coordinates></LineString></Placemark><Placemark><name>Descartado</name><Style><LineStyle><color>ff00ffff</color><width>3</width></LineStyle></Style><LineString><coordinates>-71.26585,-34.654945,0 -71.26585,-34.6549483,0</coordinates></LineString></Placemark><Placemark><name>Descartado</name><Style><LineStyle><color>ff00ffff</color><width>3</width></LineStyle></Style><LineString><coordinates>-71.26585,-34.6549483,0 -71.2659333,-34.6550066,0</coordinates></LineString></Placemark><Placemark><name>Descartado</name><Style><LineStyle><color>ff00ffff</color><width>3</width></LineStyle></Style><LineString><coordinates>-71.2659333,-34.6550066,0 -71.2659316,-34.6550066,0</coordinates></LineString></Placemark><Placemark><name>Descartado</name><Style><LineStyle><color>ff00ffff</color><width>3</width></LineStyle></Style><LineString><coordinates>-71.2659316,-34.6550066,0 -71.2659283,-34.65501,0</coordinates></LineString></Placemark><Placemark><name>Descartado</name><Style><LineStyle><color>ff00ffff</color><width>3</width></LineStyle></Style><LineString><coordinates>-71.2659283,-34.65501,0 -71.26588,-34.6550066,0</coordinates></LineString></Placemark><Placemark><name>Descartado</name><Style><LineStyle><color>ff00ffff</color><width>3</width></LineStyle></Style><LineString><coordinates>-71.2658583,-34.6549666,0 -71.2658833,-34.6549716,0</coordinates></LineString></Placemark><Placemark><name>Descartado</name><Style><LineStyle><color>ff00ffff</color><width>3</width></LineStyle></Style><LineString><coordinates>-71.2658383,-34.6548166,0 -71.2658683,-34.6548433,0</coordinates></LineString></Placemark><Placemark><name>Descartado</name><Style><LineStyle><color>ff00ffff</color><width>3</width></LineStyle></Style><LineString><coordinates>-71.2658683,-34.6548433,0 -71.2658999,-34.6548816,0</coordinates></LineString></Placemark><Placemark><name>Descartado</name><Style><LineStyle><color>ff00ffff</color><width>3</width></LineStyle></Style><LineString><coordinates>-71.26582,-34.6549866,0 -71.2657683,-34.6550066,0</coordinates></LineString></Placemark><Placemark><name>Descartado</name><Style><LineStyle><color>ff00ffff</color><width>3</width></LineStyle></Style><LineString><coordinates>-71.2657683,-34.6550066,0 -71.2656966,-34.6548883,0</coordinates></LineString></Placemark><Placemark><name>Descartado</name><Style><LineStyle><color>ff00ffff</color><width>3</width></LineStyle></Style><LineString><coordinates>-71.2656966,-34.6548883,0 -71.2657066,-34.6548249,0</coordinates></LineString></Placemark><Placemark><name>Descartado</name><Style><LineStyle><color>ff00ffff</color><width>3</width></LineStyle></Style><LineString><coordinates>-71.2657066,-34.6548249,0 -71.2657299,-34.6548366,0</coordinates></LineString></Placemark><Placemark><name>Descartado</name><Style><LineStyle><color>ff00ffff</color><width>3</width></LineStyle></Style><LineString><coordinates>-71.2657916,-34.655005,0 -71.26579,-34.6550066,0</coordinates></LineString></Placemark><Placemark><name>Descartado</name><Style><LineStyle><color>ff00ffff</color><width>3</width></LineStyle></Style><LineString><coordinates>-71.26579,-34.6550066,0 -71.26577,-34.6549433,0</coordinates></LineString></Placemark><Placemark><name>Descartado</name><Style><LineStyle><color>ff00ffff</color><width>3</width></LineStyle></Style><LineString><coordinates>-71.26577,-34.6549433,0 -71.2658166,-34.654995,0</coordinates></LineString></Placemark><Placemark><name>Descartado</name><Style><LineStyle><color>ff00ffff</color><width>3</width></LineStyle></Style><LineString><coordinates>-71.2658166,-34.654995,0 -71.2658616,-34.6550433,0</coordinates></LineString></Placemark><Placemark><name>Descartado</name><Style><LineStyle><color>ff00ffff</color><width>3</width></LineStyle></Style><LineString><coordinates>-71.26577,-34.65501,0 -71.2658683,-34.654965,0</coordinates></LineString></Placemark><Placemark><name>Descartado</name><Style><LineStyle><color>ff00ffff</color><width>3</width></LineStyle></Style><LineString><coordinates>-71.2658683,-34.654965,0 -71.265855,-34.6549766,0</coordinates></LineString></Placemark><Placemark><name>Descartado</name><Style><LineStyle><color>ff00ffff</color><width>3</width></LineStyle></Style><LineString><coordinates>-71.265855,-34.6549766,0 -71.2658333,-34.6549833,0</coordinates></LineString></Placemark><Placemark><name>Descartado</name><Style><LineStyle><color>ff00ffff</color><width>3</width></LineStyle></Style><LineString><coordinates>-71.2658333,-34.6549833,0 -71.2658599,-34.6549866,0</coordinates></LineString></Placemark><Placemark><name>Descartado</name><Style><LineStyle><color>ff00ffff</color><width>3</width></LineStyle></Style><LineString><coordinates>-71.2658599,-34.6549866,0 -71.2658266,-34.6550633,0</coordinates></LineString></Placemark><Placemark><name>Descartado</name><Style><LineStyle><color>ff00ffff</color><width>3</width></LineStyle></Style><LineString><coordinates>-71.2658266,-34.6550633,0 -71.2657299,-34.6550133,0</coordinates></LineString></Placemark><Placemark><name>Descartado</name><Style><LineStyle><color>ff00ffff</color><width>3</width></LineStyle></Style><LineString><coordinates>-71.2657299,-34.6550133,0 -71.2657283,-34.655015,0</coordinates></LineString></Placemark><Placemark><name>Descartado</name><Style><LineStyle><color>ff00ffff</color><width>3</width></LineStyle></Style><LineString><coordinates>-71.2657283,-34.655015,0 -71.265735,-34.6550433,0</coordinates></LineString></Placemark><Placemark><name>Descartado</name><Style><LineStyle><color>ff00ffff</color><width>3</width></LineStyle></Style><LineString><coordinates>-71.265735,-34.6550433,0 -71.2657333,-34.6550383,0</coordinates></LineString></Placemark><Placemark><name>Descartado</name><Style><LineStyle><color>ff00ffff</color><width>3</width></LineStyle></Style><LineString><coordinates>-71.2657333,-34.6550383,0 -71.265735,-34.6550433,0</coordinates></LineString></Placemark><Placemark><name>Descartado</name><Style><LineStyle><color>ff00ffff</color><width>3</width></LineStyle></Style><LineString><coordinates>-71.265735,-34.6550433,0 -71.2657199,-34.6549766,0</coordinates></LineString></Placemark><Placemark><name>Descartado</name><Style><LineStyle><color>ff00ffff</color><width>3</width></LineStyle></Style><LineString><coordinates>-71.2658116,-34.6550316,0 -71.26581,-34.6550266,0</coordinates></LineString></Placemark><Placemark><name>Descartado</name><Style><LineStyle><color>ff00ffff</color><width>3</width></LineStyle></Style><LineString><coordinates>-71.26581,-34.6550266,0 -71.2658283,-34.6550233,0</coordinates></LineString></Placemark><Placemark><name>Descartado</name><Style><LineStyle><color>ff00ffff</color><width>3</width></LineStyle></Style><LineString><coordinates>-71.2659033,-34.6550249,0 -71.2658466,-34.6550433,0</coordinates></LineString></Placemark><Placemark><name>Descartado</name><Style><LineStyle><color>ff00ffff</color><width>3</width></LineStyle></Style><LineString><coordinates>-71.2658466,-34.6550433,0 -71.2658333,-34.6550833,0</coordinates></LineString></Placemark><Placemark><name>Descartado</name><Style><LineStyle><color>ff00ffff</color><width>3</width></LineStyle></Style><LineString><coordinates>-71.2658999,-34.6549766,0 -71.2658266,-34.6549583,0</coordinates></LineString></Placemark><Placemark><name>Descartado</name><Style><LineStyle><color>ff00ffff</color><width>3</width></LineStyle></Style><LineString><coordinates>-71.2658266,-34.6549583,0 -71.2658266,-34.6551133,0</coordinates></LineString></Placemark><Placemark><name>Descartado</name><Style><LineStyle><color>ff00ffff</color><width>3</width></LineStyle></Style><LineString><coordinates>-71.2658316,-34.65497,0 -71.2658266,-34.6549866,0</coordinates></LineString></Placemark><Placemark><name>Descartado</name><Style><LineStyle><color>ff00ffff</color><width>3</width></LineStyle></Style><LineString><coordinates>-71.2658266,-34.6549866,0 -71.2658216,-34.65497,0</coordinates></LineString></Placemark><Placemark><name>Descartado</name><Style><LineStyle><color>ff00ffff</color><width>3</width></LineStyle></Style><LineString><coordinates>-71.2658216,-34.65497,0 -71.2658599,-34.654945,0</coordinates></LineString></Placemark><Placemark><name>Descartado</name><Style><LineStyle><color>ff00ffff</color><width>3</width></LineStyle></Style><LineString><coordinates>-71.2658599,-34.654945,0 -71.2658866,-34.6549533,0</coordinates></LineString></Placemark><Placemark><name>Descartado</name><Style><LineStyle><color>ff00ffff</color><width>3</width></LineStyle></Style><LineString><coordinates>-71.2658866,-34.6549533,0 -71.2659533,-34.6549533,0</coordinates></LineString></Placemark><Placemark><name>Descartado</name><Style><LineStyle><color>ff00ffff</color><width>3</width></LineStyle></Style><LineString><coordinates>-71.2658933,-34.65485,0 -71.26591,-34.6549183,0</coordinates></LineString></Placemark><Placemark><name>Descartado</name><Style><LineStyle><color>ff00ffff</color><width>3</width></LineStyle></Style><LineString><coordinates>-71.26591,-34.6549183,0 -71.2658716,-34.6550383,0</coordinates></LineString></Placemark><Placemark><name>Descartado</name><Style><LineStyle><color>ff00ffff</color><width>3</width></LineStyle></Style><LineString><coordinates>-71.2658716,-34.6550383,0 -71.2659016,-34.6551149,0</coordinates></LineString></Placemark><Placemark><name>Descartado</name><Style><LineStyle><color>ff00ffff</color><width>3</width></LineStyle></Style><LineString><coordinates>-71.2659149,-34.65502,0 -71.2658816,-34.6550016,0</coordinates></LineString></Placemark><Placemark><name>Descartado</name><Style><LineStyle><color>ff00ffff</color><width>3</width></LineStyle></Style><LineString><coordinates>-71.2659133,-34.65497,0 -71.2659183,-34.65506,0</coordinates></LineString></Placemark><Placemark><name>Descartado</name><Style><LineStyle><color>ff00ffff</color><width>3</width></LineStyle></Style><LineString><coordinates>-71.2659183,-34.65506,0 -71.2659083,-34.6550616,0</coordinates></LineString></Placemark><Placemark><name>Descartado</name><Style><LineStyle><color>ff00ffff</color><width>3</width></LineStyle></Style><LineString><coordinates>-71.2658783,-34.6549766,0 -71.26588,-34.65498,0</coordinates></LineString></Placemark><Placemark><name>Descartado</name><Style><LineStyle><color>ff00ffff</color><width>3</width></LineStyle></Style><LineString><coordinates>-71.26588,-34.65498,0 -71.26591,-34.65507,0</coordinates></LineString></Placemark><Placemark><name>Descartado</name><Style><LineStyle><color>ff00ffff</color><width>3</width></LineStyle></Style><LineString><coordinates>-71.26591,-34.65507,0 -71.2658049,-34.655075,0</coordinates></LineString></Placemark><Placemark><name>Descartado</name><Style><LineStyle><color>ff00ffff</color><width>3</width></LineStyle></Style><LineString><coordinates>-71.2658049,-34.655075,0 -71.2658916,-34.65501,0</coordinates></LineString></Placemark><Placemark><name>Descartado</name><Style><LineStyle><color>ff00ffff</color><width>3</width></LineStyle></Style><LineString><coordinates>-71.2658916,-34.65501,0 -71.2658066,-34.6550766,0</coordinates></LineString></Placemark><Placemark><name>Descartado</name><Style><LineStyle><color>ff00ffff</color><width>3</width></LineStyle></Style><LineString><coordinates>-71.2658216,-34.6549816,0 -71.265875,-34.6550916,0</coordinates></LineString></Placemark><Placemark><name>Descartado</name><Style><LineStyle><color>ff00ffff</color><width>3</width></LineStyle></Style><LineString><coordinates>-71.26577,-34.6550666,0 -71.2657316,-34.65506,0</coordinates></LineString></Placemark><Placemark><name>Descartado</name><Style><LineStyle><color>ff00ffff</color><width>3</width></LineStyle></Style><LineString><coordinates>-71.2657733,-34.6549933,0 -71.265765,-34.655,0</coordinates></LineString></Placemark><Placemark><name>Descartado</name><Style><LineStyle><color>ff00ffff</color><width>3</width></LineStyle></Style><LineString><coordinates>-71.265765,-34.655,0 -71.2658333,-34.6550016,0</coordinates></LineString></Placemark><Placemark><name>Descartado</name><Style><LineStyle><color>ff00ffff</color><width>3</width></LineStyle></Style><LineString><coordinates>-71.2658333,-34.6550016,0 -71.2658433,-34.6550033,0</coordinates></LineString></Placemark><Placemark><name>Descartado</name><Style><LineStyle><color>ff00ffff</color><width>3</width></LineStyle></Style><LineString><coordinates>-71.2658433,-34.6550033,0 -71.2658483,-34.654945,0</coordinates></LineString></Placemark><Placemark><name>Descartado</name><Style><LineStyle><color>ff00ffff</color><width>3</width></LineStyle></Style><LineString><coordinates>-71.2658483,-34.654945,0 -71.2659116,-34.6550566,0</coordinates></LineString></Placemark><Placemark><name>Descartado</name><Style><LineStyle><color>ff00ffff</color><width>3</width></LineStyle></Style><LineString><coordinates>-71.2659116,-34.6550566,0 -71.2658,-34.6551583,0</coordinates></LineString></Placemark><Placemark><name>Descartado</name><Style><LineStyle><color>ff00ffff</color><width>3</width></LineStyle></Style><LineString><coordinates>-71.2657849,-34.654995,0 -71.265795,-34.65502,0</coordinates></LineString></Placemark><Placemark><name>Descartado</name><Style><LineStyle><color>ff00ffff</color><width>3</width></LineStyle></Style><LineString><coordinates>-71.265795,-34.65502,0 -71.2658249,-34.65501,0</coordinates></LineString></Placemark><Placemark><name>Descartado</name><Style><LineStyle><color>ff00ffff</color><width>3</width></LineStyle></Style><LineString><coordinates>-71.26592,-34.6550733,0 -71.265885,-34.6551316,0</coordinates></LineString></Placemark><Placemark><name>Descartado</name><Style><LineStyle><color>ff00ffff</color><width>3</width></LineStyle></Style><LineString><coordinates>-71.265855,-34.6550066,0 -71.2658249,-34.6550316,0</coordinates></LineString></Placemark><Placemark><name>Descartado</name><Style><LineStyle><color>ff00ffff</color><width>3</width></LineStyle></Style><LineString><coordinates>-71.2658249,-34.6550316,0 -71.2658166,-34.6550066,0</coordinates></LineString></Placemark><Placemark><name>Descartado</name><Style><LineStyle><color>ff00ffff</color><width>3</width></LineStyle></Style><LineString><coordinates>-71.2658166,-34.6550066,0 -71.26581,-34.6550016,0</coordinates></LineString></Placemark><Placemark><name>Descartado</name><Style><LineStyle><color>ff00ffff</color><width>3</width></LineStyle></Style><LineString><coordinates>-71.26581,-34.6550016,0 -71.2658166,-34.6550483,0</coordinates></LineString></Placemark><Placemark><name>Descartado</name><Style><LineStyle><color>ff00ffff</color><width>3</width></LineStyle></Style><LineString><coordinates>-71.26578,-34.6549633,0 -71.26578,-34.654965,0</coordinates></LineString></Placemark><Placemark><name>Descartado</name><Style><LineStyle><color>ff00ffff</color><width>3</width></LineStyle></Style><LineString><coordinates>-71.26581,-34.65506,0 -71.2658133,-34.6550583,0</coordinates></LineString></Placemark><Placemark><name>Descartado</name><Style><LineStyle><color>ff00ffff</color><width>3</width></LineStyle></Style><LineString><coordinates>-71.2658116,-34.6549666,0 -71.2658116,-34.6549683,0</coordinates></LineString></Placemark><Placemark><name>Descartado</name><Style><LineStyle><color>ff00ffff</color><width>3</width></LineStyle></Style><LineString><coordinates>-71.2659066,-34.6550216,0 -71.26591,-34.6550266,0</coordinates></LineString></Placemark><Placemark><name>Descartado</name><Style><LineStyle><color>ff00ffff</color><width>3</width></LineStyle></Style><LineString><coordinates>-71.2658216,-34.65509,0 -71.2658166,-34.65509,0</coordinates></LineString></Placemark><Placemark><name>Descartado</name><Style><LineStyle><color>ff00ffff</color><width>3</width></LineStyle></Style><LineString><coordinates>-71.26577,-34.654995,0 -71.26576,-34.6549916,0</coordinates></LineString></Placemark><Placemark><name>Descartado</name><Style><LineStyle><color>ff00ffff</color><width>3</width></LineStyle></Style><LineString><coordinates>-71.2658016,-34.655075,0 -71.2657983,-34.655075,0</coordinates></LineString></Placemark><Placemark><name>Descartado</name><Style><LineStyle><color>ff00ffff</color><width>3</width></LineStyle></Style><LineString><coordinates>-71.2657983,-34.655075,0 -71.2659116,-34.6551316,0</coordinates></LineString></Placemark><Placemark><name>Descartado</name><Style><LineStyle><color>ff00ffff</color><width>3</width></LineStyle></Style><LineString><coordinates>-71.2659116,-34.6551316,0 -71.2659133,-34.6551316,0</coordinates></LineString></Placemark><Placemark><name>Descartado</name><Style><LineStyle><color>ff00ffff</color><width>3</width></LineStyle></Style><LineString><coordinates>-71.265815,-34.655085,0 -71.2658083,-34.6550733,0</coordinates></LineString></Placemark><Placemark><name>Descartado</name><Style><LineStyle><color>ff00ffff</color><width>3</width></LineStyle></Style><LineString><coordinates>-71.2658716,-34.655,0 -71.2658699,-34.655,0</coordinates></LineString></Placemark><Placemark><name>Descartado</name><Style><LineStyle><color>ff00ffff</color><width>3</width></LineStyle></Style><LineString><coordinates>-71.2658699,-34.655,0 -71.265875,-34.6549983,0</coordinates></LineString></Placemark><Placemark><name>Descartado</name><Style><LineStyle><color>ff00ffff</color><width>3</width></LineStyle></Style><LineString><coordinates>-71.265875,-34.6549983,0 -71.265895,-34.6550433,0</coordinates></LineString></Placemark><Placemark><name>Descartado</name><Style><LineStyle><color>ff00ffff</color><width>3</width></LineStyle></Style><LineString><coordinates>-71.265895,-34.6550433,0 -71.26591,-34.6550533,0</coordinates></LineString></Placemark><Placemark><name>Descartado</name><Style><LineStyle><color>ff00ffff</color><width>3</width></LineStyle></Style><LineString><coordinates>-71.26591,-34.6550533,0 -71.2659066,-34.6550566,0</coordinates></LineString></Placemark><Placemark><name>Descartado</name><Style><LineStyle><color>ff00ffff</color><width>3</width></LineStyle></Style><LineString><coordinates>-71.26592,-34.65515,0 -71.2659183,-34.65515,0</coordinates></LineString></Placemark><Placemark><name>Descartado</name><Style><LineStyle><color>ff00ffff</color><width>3</width></LineStyle></Style><LineString><coordinates>-71.26582,-34.6551099,0 -71.265815,-34.6551116,0</coordinates></LineString></Placemark><Placemark><name>Descartado</name><Style><LineStyle><color>ff00ffff</color><width>3</width></LineStyle></Style><LineString><coordinates>-71.2658983,-34.6551083,0 -71.26589,-34.6551149,0</coordinates></LineString></Placemark><Placemark><name>Descartado</name><Style><LineStyle><color>ff00ffff</color><width>3</width></LineStyle></Style><LineString><coordinates>-71.2657849,-34.6548283,0 -71.2657383,-34.6548249,0</coordinates></LineString></Placemark><Placemark><name>Descartado</name><Style><LineStyle><color>ff00ffff</color><width>3</width></LineStyle></Style><LineString><coordinates>-71.2657383,-34.6548249,0 -71.265705,-34.6547966,0</coordinates></LineString></Placemark><Placemark><name>Descartado</name><Style><LineStyle><color>ff00ffff</color><width>3</width></LineStyle></Style><LineString><coordinates>-71.265705,-34.6547966,0 -71.265695,-34.6547983,0</coordinates></LineString></Placemark><Placemark><name>Descartado</name><Style><LineStyle><color>ff00ffff</color><width>3</width></LineStyle></Style><LineString><coordinates>-71.265695,-34.6547983,0 -71.2657216,-34.6547883,0</coordinates></LineString></Placemark><Placemark><name>Descartado</name><Style><LineStyle><color>ff00ffff</color><width>3</width></LineStyle></Style><LineString><coordinates>-71.2657216,-34.6547883,0 -71.2657199,-34.65479,0</coordinates></LineString></Placemark><Placemark><name>Descartado</name><Style><LineStyle><color>ff00ffff</color><width>3</width></LineStyle></Style><LineString><coordinates>-71.26577,-34.6548716,0 -71.26577,-34.6548733,0</coordinates></LineString></Placemark><Placemark><name>Descartado</name><Style><LineStyle><color>ff00ffff</color><width>3</width></LineStyle></Style><LineString><coordinates>-71.2658166,-34.6549583,0 -71.265815,-34.6549583,0</coordinates></LineString></Placemark><Placemark><name>Descartado</name><Style><LineStyle><color>ff00ffff</color><width>3</width></LineStyle></Style><LineString><coordinates>-71.2658483,-34.655045,0 -71.2658416,-34.6550566,0</coordinates></LineString></Placemark><Placemark><name>Descartado</name><Style><LineStyle><color>ff00ffff</color><width>3</width></LineStyle></Style><LineString><coordinates>-71.2658416,-34.6550566,0 -71.2658816,-34.6551016,0</coordinates></LineString></Placemark><Placemark><name>Descartado</name><Style><LineStyle><color>ff00ffff</color><width>3</width></LineStyle></Style><LineString><coordinates>-71.2658816,-34.6551016,0 -71.2659216,-34.6551333,0</coordinates></LineString></Placemark><Placemark><name>Descartado</name><Style><LineStyle><color>ff00ffff</color><width>3</width></LineStyle></Style><LineString><coordinates>-71.2659216,-34.6551333,0 -71.26592,-34.6551316,0</coordinates></LineString></Placemark><Placemark><name>Descartado</name><Style><LineStyle><color>ff00ffff</color><width>3</width></LineStyle></Style><LineString><coordinates>-71.26592,-34.6551316,0 -71.265925,-34.6551316,0</coordinates></LineString></Placemark><Placemark><name>Descartado</name><Style><LineStyle><color>ff00ffff</color><width>3</width></LineStyle></Style><LineString><coordinates>-71.265925,-34.6551316,0 -71.2659616,-34.6551083,0</coordinates></LineString></Placemark><Placemark><name>Descartado</name><Style><LineStyle><color>ff00ffff</color><width>3</width></LineStyle></Style><LineString><coordinates>-71.2659616,-34.6551083,0 -71.2659616,-34.6550983,0</coordinates></LineString></Placemark><Placemark><name>Descartado</name><Style><LineStyle><color>ff00ffff</color><width>3</width></LineStyle></Style><LineString><coordinates>-71.2659616,-34.6550983,0 -71.2659549,-34.6551,0</coordinates></LineString></Placemark><Placemark><name>Descartado</name><Style><LineStyle><color>ff00ffff</color><width>3</width></LineStyle></Style><LineString><coordinates>-71.2657499,-34.6549366,0 -71.2657483,-34.6549383,0</coordinates></LineString></Placemark><Placemark><name>Descartado</name><Style><LineStyle><color>ff00ffff</color><width>3</width></LineStyle></Style><LineString><coordinates>-71.265725,-34.6551116,0 -71.265725,-34.6551149,0</coordinates></LineString></Placemark><Placemark><name>Descartado</name><Style><LineStyle><color>ff00ffff</color><width>3</width></LineStyle></Style><LineString><coordinates>-71.265725,-34.6551149,0 -71.2657299,-34.6551133,0</coordinates></LineString></Placemark><Placemark><name>Descartado</name><Style><LineStyle><color>ff00ffff</color><width>3</width></LineStyle></Style><LineString><coordinates>-71.2657299,-34.6551133,0 -71.265705,-34.6551249,0</coordinates></LineString></Placemark><Placemark><name>Descartado</name><Style><LineStyle><color>ff00ffff</color><width>3</width></LineStyle></Style><LineString><coordinates>-71.2656783,-34.6550416,0 -71.265665,-34.6550416,0</coordinates></LineString></Placemark><Placemark><name>Descartado</name><Style><LineStyle><color>ff00ffff</color><width>3</width></LineStyle></Style><LineString><coordinates>-71.265665,-34.6550416,0 -71.2656716,-34.6550216,0</coordinates></LineString></Placemark><Placemark><name>Descartado</name><Style><LineStyle><color>ff00ffff</color><width>3</width></LineStyle></Style><LineString><coordinates>-71.2656716,-34.6550216,0 -71.2657333,-34.6549866,0</coordinates></LineString></Placemark><Placemark><name>Descartado</name><Style><LineStyle><color>ff00ffff</color><width>3</width></LineStyle></Style><LineString><coordinates>-71.2657333,-34.6549866,0 -71.2657466,-34.6549983,0</coordinates></LineString></Placemark><Placemark><name>Descartado</name><Style><LineStyle><color>ff00ffff</color><width>3</width></LineStyle></Style><LineString><coordinates>-71.2657466,-34.6549983,0 -71.2657299,-34.6549883,0</coordinates></LineString></Placemark><Placemark><name>Descartado</name><Style><LineStyle><color>ff00ffff</color><width>3</width></LineStyle></Style><LineString><coordinates>-71.2657299,-34.6549883,0 -71.2657466,-34.6550116,0</coordinates></LineString></Placemark><Placemark><name>Descartado</name><Style><LineStyle><color>ff00ffff</color><width>3</width></LineStyle></Style><LineString><coordinates>-71.2657466,-34.6550116,0 -71.2657483,-34.6549883,0</coordinates></LineString></Placemark><Placemark><name>Descartado</name><Style><LineStyle><color>ff00ffff</color><width>3</width></LineStyle></Style><LineString><coordinates>-71.2657483,-34.6549883,0 -71.2657916,-34.6550499,0</coordinates></LineString></Placemark><Placemark><name>Descartado</name><Style><LineStyle><color>ff00ffff</color><width>3</width></LineStyle></Style><LineString><coordinates>-71.2657916,-34.6550499,0 -71.2656583,-34.6549466,0</coordinates></LineString></Placemark><Placemark><name>Descartado</name><Style><LineStyle><color>ff00ffff</color><width>3</width></LineStyle></Style><LineString><coordinates>-71.2656583,-34.6549466,0 -71.2656716,-34.654925,0</coordinates></LineString></Placemark><Placemark><name>Descartado</name><Style><LineStyle><color>ff00ffff</color><width>3</width></LineStyle></Style><LineString><coordinates>-71.2656716,-34.654925,0 -71.2657016,-34.6549283,0</coordinates></LineString></Placemark><Placemark><name>Descartado</name><Style><LineStyle><color>ff00ffff</color><width>3</width></LineStyle></Style><LineString><coordinates>-71.2657016,-34.6549283,0 -71.2658316,-34.6549083,0</coordinates></LineString></Placemark><Placemark><name>Descartado</name><Style><LineStyle><color>ff00ffff</color><width>3</width></LineStyle></Style><LineString><coordinates>-71.2658316,-34.6549083,0 -71.265925,-34.65502,0</coordinates></LineString></Placemark><Placemark><name>Descartado</name><Style><LineStyle><color>ff00ffff</color><width>3</width></LineStyle></Style><LineString><coordinates>-71.26581,-34.655,0 -71.2658316,-34.6550949,0</coordinates></LineString></Placemark><Placemark><name>Descartado</name><Style><LineStyle><color>ff00ffff</color><width>3</width></LineStyle></Style><LineString><coordinates>-71.2658316,-34.654995,0 -71.2658416,-34.6549833,0</coordinates></LineString></Placemark><Placemark><name>Descartado</name><Style><LineStyle><color>ff00ffff</color><width>3</width></LineStyle></Style><LineString><coordinates>-71.2658716,-34.6550683,0 -71.2658699,-34.65507,0</coordinates></LineString></Placemark><Placemark><name>Descartado</name><Style><LineStyle><color>ff00ffff</color><width>3</width></LineStyle></Style><LineString><coordinates>-71.2658783,-34.654955,0 -71.2658216,-34.655,0</coordinates></LineString></Placemark><Placemark><name>Descartado</name><Style><LineStyle><color>ff00ffff</color><width>3</width></LineStyle></Style><LineString><coordinates>-71.2657883,-34.6551,0 -71.2658,-34.6550949,0</coordinates></LineString></Placemark><Placemark><name>Descartado</name><Style><LineStyle><color>ff00ffff</color><width>3</width></LineStyle></Style><LineString><coordinates>-71.2658,-34.6550949,0 -71.2658083,-34.6550833,0</coordinates></LineString></Placemark><Placemark><name>Descartado</name><Style><LineStyle><color>ff00ffff</color><width>3</width></LineStyle></Style><LineString><coordinates>-71.2658533,-34.65506,0 -71.265855,-34.65508,0</coordinates></LineString></Placemark><Placemark><name>Descartado</name><Style><LineStyle><color>ff00ffff</color><width>3</width></LineStyle></Style><LineString><coordinates>-71.2657749,-34.6551333,0 -71.2658533,-34.65513,0</coordinates></LineString></Placemark><Placemark><name>Descartado</name><Style><LineStyle><color>ff00ffff</color><width>3</width></LineStyle></Style><LineString><coordinates>-71.2658316,-34.6549616,0 -71.2658833,-34.6549599,0</coordinates></LineString></Placemark><Placemark><name>Descartado</name><Style><LineStyle><color>ff00ffff</color><width>3</width></LineStyle></Style><LineString><coordinates>-71.2658833,-34.6549599,0 -71.2659033,-34.6549233,0</coordinates></LineString></Placemark><Placemark><name>Descartado</name><Style><LineStyle><color>ff00ffff</color><width>3</width></LineStyle></Style><LineString><coordinates>-71.2659033,-34.6549233,0 -71.2658866,-34.6549183,0</coordinates></LineString></Placemark><Placemark><name>Descartado</name><Style><LineStyle><color>ff00ffff</color><width>3</width></LineStyle></Style><LineString><coordinates>-71.2658866,-34.6549183,0 -71.2658983,-34.6548899,0</coordinates></LineString></Placemark><Placemark><name>Descartado</name><Style><LineStyle><color>ff00ffff</color><width>3</width></LineStyle></Style><LineString><coordinates>-71.2658983,-34.6548899,0 -71.2658316,-34.65499,0</coordinates></LineString></Placemark><Placemark><name>Descartado</name><Style><LineStyle><color>ff00ffff</color><width>3</width></LineStyle></Style><LineString><coordinates>-71.2658316,-34.65499,0 -71.265845,-34.654995,0</coordinates></LineString></Placemark><Placemark><name>Descartado</name><Style><LineStyle><color>ff00ffff</color><width>3</width></LineStyle></Style><LineString><coordinates>-71.265845,-34.654995,0 -71.2657849,-34.6550033,0</coordinates></LineString></Placemark><Placemark><name>Descartado</name><Style><LineStyle><color>ff00ffff</color><width>3</width></LineStyle></Style><LineString><coordinates>-71.2657849,-34.6550033,0 -71.2658383,-34.6550266,0</coordinates></LineString></Placemark><Placemark><name>Descartado</name><Style><LineStyle><color>ff00ffff</color><width>3</width></LineStyle></Style><LineString><coordinates>-71.2657733,-34.6549466,0 -71.2657566,-34.6549633,0</coordinates></LineString></Placemark><Placemark><name>Descartado</name><Style><LineStyle><color>ff00ffff</color><width>3</width></LineStyle></Style><LineString><coordinates>-71.2658366,-34.65503,0 -71.2658366,-34.6550316,0</coordinates></LineString></Placemark><Placemark><name>Descartado</name><Style><LineStyle><color>ff00ffff</color><width>3</width></LineStyle></Style><LineString><coordinates>-71.26579,-34.6550883,0 -71.26578,-34.6550766,0</coordinates></LineString></Placemark><Placemark><name>Descartado</name><Style><LineStyle><color>ff00ffff</color><width>3</width></LineStyle></Style><LineString><coordinates>-71.2658033,-34.6550383,0 -71.2658033,-34.6550433,0</coordinates></LineString></Placemark><Placemark><name>Descartado</name><Style><LineStyle><color>ff00ffff</color><width>3</width></LineStyle></Style><LineString><coordinates>-71.2658033,-34.6550433,0 -71.2658633,-34.65506,0</coordinates></LineString></Placemark><Placemark><name>Descartado</name><Style><LineStyle><color>ff00ffff</color><width>3</width></LineStyle></Style><LineString><coordinates>-71.2657783,-34.6551333,0 -71.2657749,-34.6551333,0</coordinates></LineString></Placemark><Placemark><name>Descartado</name><Style><LineStyle><color>ff00ffff</color><width>3</width></LineStyle></Style><LineString><coordinates>-71.2657749,-34.6551333,0 -71.265855,-34.65506,0</coordinates></LineString></Placemark><Placemark><name>Descartado</name><Style><LineStyle><color>ff00ffff</color><width>3</width></LineStyle></Style><LineString><coordinates>-71.265855,-34.65506,0 -71.2658566,-34.6550499,0</coordinates></LineString></Placemark><Placemark><name>Descartado</name><Style><LineStyle><color>ff00ffff</color><width>3</width></LineStyle></Style><LineString><coordinates>-71.2657749,-34.65499,0 -71.2657716,-34.65499,0</coordinates></LineString></Placemark><Placemark><name>Descartado</name><Style><LineStyle><color>ff00ffff</color><width>3</width></LineStyle></Style><LineString><coordinates>-71.2657716,-34.65499,0 -71.26577,-34.6549883,0</coordinates></LineString></Placemark><Placemark><name>Descartado</name><Style><LineStyle><color>ff00ffff</color><width>3</width></LineStyle></Style><LineString><coordinates>-71.265875,-34.654945,0 -71.2658733,-34.654945,0</coordinates></LineString></Placemark><Placemark><name>Descartado</name><Style><LineStyle><color>ff00ffff</color><width>3</width></LineStyle></Style><LineString><coordinates>-71.2659816,-34.6549683,0 -71.2659016,-34.6551133,0</coordinates></LineString></Placemark><Placemark><name>Descartado</name><Style><LineStyle><color>ff00ffff</color><width>3</width></LineStyle></Style><LineString><coordinates>-71.2660016,-34.6551716,0 -71.2660033,-34.6551716,0</coordinates></LineString></Placemark><Placemark><name>Descartado</name><Style><LineStyle><color>ff00ffff</color><width>3</width></LineStyle></Style><LineString><coordinates>-71.2659566,-34.6550866,0 -71.2660133,-34.6550566,0</coordinates></LineString></Placemark><Placemark><name>Descartado</name><Style><LineStyle><color>ff00ffff</color><width>3</width></LineStyle></Style><LineString><coordinates>-71.2660133,-34.6550566,0 -71.2659533,-34.6549666,0</coordinates></LineString></Placemark><Placemark><name>Descartado</name><Style><LineStyle><color>ff00ffff</color><width>3</width></LineStyle></Style><LineString><coordinates>-71.2659533,-34.6549666,0 -71.2659366,-34.6550133,0</coordinates></LineString></Placemark><Placemark><name>Descartado</name><Style><LineStyle><color>ff00ffff</color><width>3</width></LineStyle></Style><LineString><coordinates>-71.2659366,-34.6550133,0 -71.26597,-34.6550266,0</coordinates></LineString></Placemark><Placemark><name>Descartado</name><Style><LineStyle><color>ff00ffff</color><width>3</width></LineStyle></Style><LineString><coordinates>-71.26597,-34.6550266,0 -71.2660283,-34.6550483,0</coordinates></LineString></Placemark><Placemark><name>Descartado</name><Style><LineStyle><color>ff00ffff</color><width>3</width></LineStyle></Style><LineString><coordinates>-71.265965,-34.6549516,0 -71.2659133,-34.6549016,0</coordinates></LineString></Placemark><Placemark><name>Descartado</name><Style><LineStyle><color>ff00ffff</color><width>3</width></LineStyle></Style><LineString><coordinates>-71.2659133,-34.6549016,0 -71.2658916,-34.654925,0</coordinates></LineString></Placemark><Placemark><name>Descartado</name><Style><LineStyle><color>ff00ffff</color><width>3</width></LineStyle></Style><LineString><coordinates>-71.2659683,-34.655,0 -71.2659716,-34.654995,0</coordinates></LineString></Placemark><Placemark><name>Descartado</name><Style><LineStyle><color>ff00ffff</color><width>3</width></LineStyle></Style><LineString><coordinates>-71.266055,-34.654965,0 -71.2659449,-34.6549383,0</coordinates></LineString></Placemark><Placemark><name>Descartado</name><Style><LineStyle><color>ff00ffff</color><width>3</width></LineStyle></Style><LineString><coordinates>-71.2659449,-34.6549383,0 -71.2659449,-34.6549366,0</coordinates></LineString></Placemark><Placemark><name>Descartado</name><Style><LineStyle><color>ff00ffff</color><width>3</width></LineStyle></Style><LineString><coordinates>-71.2658216,-34.6549466,0 -71.2658699,-34.6549749,0</coordinates></LineString></Placemark><Placemark><name>Descartado</name><Style><LineStyle><color>ff00ffff</color><width>3</width></LineStyle></Style><LineString><coordinates>-71.2658699,-34.6549749,0 -71.26593,-34.6549983,0</coordinates></LineString></Placemark><Placemark><name>Descartado</name><Style><LineStyle><color>ff00ffff</color><width>3</width></LineStyle></Style><LineString><coordinates>-71.26593,-34.6549983,0 -71.26592,-34.6549716,0</coordinates></LineString></Placemark><Placemark><name>Descartado</name><Style><LineStyle><color>ff00ffff</color><width>3</width></LineStyle></Style><LineString><coordinates>-71.26592,-34.6549716,0 -71.2658599,-34.6549516,0</coordinates></LineString></Placemark><Placemark><name>Descartado</name><Style><LineStyle><color>ff00ffff</color><width>3</width></LineStyle></Style><LineString><coordinates>-71.2659066,-34.655,0 -71.265895,-34.65498,0</coordinates></LineString></Placemark><Placemark><name>Descartado</name><Style><LineStyle><color>ff00ffff</color><width>3</width></LineStyle></Style><LineString><coordinates>-71.265895,-34.65498,0 -71.26594,-34.6549983,0</coordinates></LineString></Placemark><Placemark><name>Descartado</name><Style><LineStyle><color>ff00ffff</color><width>3</width></LineStyle></Style><LineString><coordinates>-71.2659666,-34.6549116,0 -71.2658733,-34.65498,0</coordinates></LineString></Placemark><Placemark><name>Descartado</name><Style><LineStyle><color>ff00ffff</color><width>3</width></LineStyle></Style><LineString><coordinates>-71.2658733,-34.65498,0 -71.2658133,-34.6550116,0</coordinates></LineString></Placemark><Placemark><name>Descartado</name><Style><LineStyle><color>ff00ffff</color><width>3</width></LineStyle></Style><LineString><coordinates>-71.26592,-34.6550499,0 -71.265925,-34.6550516,0</coordinates></LineString></Placemark><Placemark><name>Descartado</name><Style><LineStyle><color>ff00ffff</color><width>3</width></LineStyle></Style><LineString><coordinates>-71.265925,-34.6550516,0 -71.26589,-34.655045,0</coordinates></LineString></Placemark><Placemark><name>Descartado</name><Style><LineStyle><color>ff00ffff</color><width>3</width></LineStyle></Style><LineString><coordinates>-71.26589,-34.655045,0 -71.2658999,-34.6550916,0</coordinates></LineString></Placemark><Placemark><name>Descartado</name><Style><LineStyle><color>ff00ffff</color><width>3</width></LineStyle></Style><LineString><coordinates>-71.2658999,-34.6550916,0 -71.26591,-34.6551083,0</coordinates></LineString></Placemark><Placemark><name>Descartado</name><Style><LineStyle><color>ff00ffff</color><width>3</width></LineStyle></Style><LineString><coordinates>-71.2658366,-34.6550533,0 -71.26585,-34.6551016,0</coordinates></LineString></Placemark><Placemark><name>Descartado</name><Style><LineStyle><color>ff00ffff</color><width>3</width></LineStyle></Style><LineString><coordinates>-71.26585,-34.6551016,0 -71.2658299,-34.6551083,0</coordinates></LineString></Placemark><Placemark><name>Descartado</name><Style><LineStyle><color>ff00ffff</color><width>3</width></LineStyle></Style><LineString><coordinates>-71.2658299,-34.6551083,0 -71.2658783,-34.6550949,0</coordinates></LineString></Placemark><Placemark><name>Descartado</name><Style><LineStyle><color>ff00ffff</color><width>3</width></LineStyle></Style><LineString><coordinates>-71.2658783,-34.6550949,0 -71.2658933,-34.6550833,0</coordinates></LineString></Placemark><Placemark><name>Descartado</name><Style><LineStyle><color>ff00ffff</color><width>3</width></LineStyle></Style><LineString><coordinates>-71.2658933,-34.6550833,0 -71.265905,-34.65512,0</coordinates></LineString></Placemark><Placemark><name>Descartado</name><Style><LineStyle><color>ff00ffff</color><width>3</width></LineStyle></Style><LineString><coordinates>-71.265895,-34.6550283,0 -71.2658833,-34.6550249,0</coordinates></LineString></Placemark><Placemark><name>Descartado</name><Style><LineStyle><color>ff00ffff</color><width>3</width></LineStyle></Style><LineString><coordinates>-71.2658466,-34.6550766,0 -71.2658066,-34.655065,0</coordinates></LineString></Placemark><Placemark><name>Descartado</name><Style><LineStyle><color>ff00ffff</color><width>3</width></LineStyle></Style><LineString><coordinates>-71.2658066,-34.655065,0 -71.265765,-34.65512,0</coordinates></LineString></Placemark><Placemark><name>Descartado</name><Style><LineStyle><color>ff00ffff</color><width>3</width></LineStyle></Style><LineString><coordinates>-71.265765,-34.65512,0 -71.26581,-34.6550783,0</coordinates></LineString></Placemark><Placemark><name>Descartado</name><Style><LineStyle><color>ff00ffff</color><width>3</width></LineStyle></Style><LineString><coordinates>-71.26581,-34.6550783,0 -71.265845,-34.655075,0</coordinates></LineString></Placemark><Placemark><name>Descartado</name><Style><LineStyle><color>ff00ffff</color><width>3</width></LineStyle></Style><LineString><coordinates>-71.265845,-34.655075,0 -71.2658483,-34.6550866,0</coordinates></LineString></Placemark><Placemark><name>Descartado</name><Style><LineStyle><color>ff00ffff</color><width>3</width></LineStyle></Style><LineString><coordinates>-71.2658483,-34.6550866,0 -71.2658266,-34.6550683,0</coordinates></LineString></Placemark><Placemark><name>Descartado</name><Style><LineStyle><color>ff00ffff</color><width>3</width></LineStyle></Style><LineString><coordinates>-71.2657199,-34.6550366,0 -71.2657183,-34.655035,0</coordinates></LineString></Placemark><Placemark><name>Descartado</name><Style><LineStyle><color>ff00ffff</color><width>3</width></LineStyle></Style><LineString><coordinates>-71.2658033,-34.6550416,0 -71.2658049,-34.655045,0</coordinates></LineString></Placemark><Placemark><name>Descartado</name><Style><LineStyle><color>ff00ffff</color><width>3</width></LineStyle></Style><LineString><coordinates>-71.265715,-34.6550533,0 -71.2657266,-34.6550333,0</coordinates></LineString></Placemark><Placemark><name>Descartado</name><Style><LineStyle><color>ff00ffff</color><width>3</width></LineStyle></Style><LineString><coordinates>-71.2658383,-34.6550249,0 -71.2658333,-34.6550249,0</coordinates></LineString></Placemark><Placemark><name>Descartado</name><Style><LineStyle><color>ff00ffff</color><width>3</width></LineStyle></Style><LineString><coordinates>-71.2659583,-34.65508,0 -71.26596,-34.65508,0</coordinates></LineString></Placemark><Placemark><name>Descartado</name><Style><LineStyle><color>ff00ffff</color><width>3</width></LineStyle></Style><LineString><coordinates>-71.26596,-34.65508,0 -71.26582,-34.6550866,0</coordinates></LineString></Placemark><Placemark><name>Descartado</name><Style><LineStyle><color>ff00ffff</color><width>3</width></LineStyle></Style><LineString><coordinates>-71.26582,-34.6550866,0 -71.2658533,-34.6550516,0</coordinates></LineString></Placemark><Placemark><name>Descartado</name><Style><LineStyle><color>ff00ffff</color><width>3</width></LineStyle></Style><LineString><coordinates>-71.2658533,-34.6550516,0 -71.2658566,-34.6550249,0</coordinates></LineString></Placemark><Placemark><name>Descartado</name><Style><LineStyle><color>ff00ffff</color><width>3</width></LineStyle></Style><LineString><coordinates>-71.2658566,-34.6550249,0 -71.2658183,-34.6550766,0</coordinates></LineString></Placemark><Placemark><name>Descartado</name><Style><LineStyle><color>ff00ffff</color><width>3</width></LineStyle></Style><LineString><coordinates>-71.2658183,-34.6550766,0 -71.2658166,-34.6550283,0</coordinates></LineString></Placemark><Placemark><name>Descartado</name><Style><LineStyle><color>ff00ffff</color><width>3</width></LineStyle></Style><LineString><coordinates>-71.2658166,-34.6550283,0 -71.2658466,-34.6550033,0</coordinates></LineString></Placemark><Placemark><name>Descartado</name><Style><LineStyle><color>ff00ffff</color><width>3</width></LineStyle></Style><LineString><coordinates>-71.2655433,-34.6550616,0 -71.2657616,-34.655105,0</coordinates></LineString></Placemark><Placemark><name>Descartado</name><Style><LineStyle><color>ff00ffff</color><width>3</width></LineStyle></Style><LineString><coordinates>-71.2658133,-34.6550166,0 -71.2658116,-34.6550183,0</coordinates></LineString></Placemark><Placemark><name>Descartado</name><Style><LineStyle><color>ff00ffff</color><width>3</width></LineStyle></Style><LineString><coordinates>-71.2659166,-34.6550283,0 -71.2659166,-34.65503,0</coordinates></LineString></Placemark><Placemark><name>Descartado</name><Style><LineStyle><color>ff00ffff</color><width>3</width></LineStyle></Style><LineString><coordinates>-71.2659033,-34.6551249,0 -71.2658966,-34.6551249,0</coordinates></LineString></Placemark><Placemark><name>Descartado</name><Style><LineStyle><color>ff00ffff</color><width>3</width></LineStyle></Style><LineString><coordinates>-71.26599,-34.6552233,0 -71.265995,-34.6552433,0</coordinates></LineString></Placemark><Placemark><name>Descartado</name><Style><LineStyle><color>ff00ffff</color><width>3</width></LineStyle></Style><LineString><coordinates>-71.2660266,-34.65514,0 -71.2659883,-34.6551366,0</coordinates></LineString></Placemark></Folder></Document></kml>