<?xml version="1.0" encoding="UTF-8"?><kml xmlns="http://www.opengis.net/kml/2.2"><Document><Folder><name>Tractor 3 Same Frutetto 100</name><Placemark><name>Trabajado - Cuartel 1 - Hilera 1</name><Style><LineStyle><color>ff00ff00</color><width>3</width></LineStyle></Style><LineString><coordinates>-71.265815,-34.6549733,0 -71.26576303717779,-34.65521098483342,0</coordinates></LineString></Placemark><Placemark><name>Trabajado - Cuartel 1 - Hilera 2</name><Style><LineStyle><color>ff00ff00</color><width>3</width></LineStyle></Style><LineString><coordinates>-71.26558791609071,-34.65518342796975,0 -71.26593250745725,-34.65506856418092,0</coordinates></LineString></Placemark><Placemark><name>Trabajado - Cuartel 1 - Hilera 3</name><Style><LineStyle><color>ff00ff00</color><width>3</width></LineStyle></Style><LineString><coordinates>-71.2658883,-34.6550833,0 -71.26597992728173,-34.65501376507397,0</coordinates></LineString></Placemark><Placemark><name>Trabajado - Cuartel 1 - Hilera 4</name><Style><LineStyle><color>ff00ff00</color><width>3</width></LineStyle></Style><LineString><coordinates>-71.2659749,-34.6550016,0 -71.2658633,-34.654995,0</coordinates></LineString></Placemark><Placemark><name>Trabajado - Cuartel 1 - Hilera 5</name><Style><LineStyle><color>ff00ff00</color><width>3</width></LineStyle></Style><LineString><coordinates>-71.2658633,-34.654995,0 -71.2657716,-34.6550483,0</coordinates></LineString></Placemark><Placemark><name>Trabajado - Cuartel 1 - Hilera 6</name><Style><LineStyle><color>ff00ff00</color><width>3</width></LineStyle></Style><LineString><coordinates>-71.2657584775444,-34.65505060678956,0 -71.2658666,-34.6550316,0</coordinates></LineString></Placemark><Placemark><name>Trabajado - Cuartel 1 - Hilera 7</name><Style><LineStyle><color>ff00ff00</color><width>3</width></LineStyle></Style><LineString><coordinates>-71.2658133,-34.6550433,0 -71.2658866,-34.65493,0</coordinates></LineString></Placemark><Placemark><name>Trabajado - Cuartel 1 - Hilera 8</name><Style><LineStyle><color>ff00ff00</color><width>3</width></LineStyle></Style><LineString><coordinates>-71.26587416042268,-34.6548713118863,0 -71.2658266,-34.6549683,0</coordinates></LineString></Placemark><Placemark><name>Trabajado - Cuartel 1 - Hilera 9</name><Style><LineStyle><color>ff00ff00</color><width>3</width></LineStyle></Style><LineString><coordinates>-71.26578303920482,-34.655074229171674,0 -71.265965,-34.6548833,0</coordinates></LineString></Placemark><Placemark><name>Trabajado - Cuartel 1 - Hilera 10</name><Style><LineStyle><color>ff00ff00</color><width>3</width></LineStyle></Style><LineString><coordinates>-71.26569211178418,-34.65509196642067,0 -71.266555,-34.6548166,0</coordinates></LineString></Placemark><Placemark><name>Trabajado - Cuartel 1 - Hilera 11</name><Style><LineStyle><color>ff00ff00</color><width>3</width></LineStyle></Style><LineString><coordinates>-71.266555,-34.6548166,0 -71.265745,-34.6549433,0</coordinates></LineString></Placemark><Placemark><name>Trabajado - Cuartel 1 - Hilera 12</name><Style><LineStyle><color>ff00ff00</color><width>3</width></LineStyle></Style><LineString><coordinates>-71.26572640140171,-34.65483604342191,0 -71.2657583,-34.65502,0</coordinates></LineString></Placemark><Placemark><name>Trabajado - Cuartel 1 - Hilera 13</name><Style><LineStyle><color>ff00ff00</color><width>3</width></LineStyle></Style><LineString><coordinates>-71.26574574585989,-34.65504674411937,0 -71.26571825763153,-34.65493273764227,0</coordinates></LineString></Placemark><Placemark><name>Trabajado - Cuartel 1 - Hilera 14</name><Style><LineStyle><color>ff00ff00</color><width>3</width></LineStyle></Style><LineString><coordinates>-71.26538664531665,-34.65490279570021,0 -71.2658233,-34.6549599,0</coordinates></LineString></Placemark><Placemark><name>Trabajado - Cuartel 1 - Hilera 15</name><Style><LineStyle><color>ff00ff00</color><width>3</width></LineStyle></Style><LineString><coordinates>-71.26572813822548,-34.65519917343022,0 -71.2661083,-34.6542433,0</coordinates></LineString></Placemark><Placemark><name>Trabajado - Cuartel 1 - Hilera 16</name><Style><LineStyle><color>ff00ff00</color><width>3</width></LineStyle></Style><LineString><coordinates>-71.2661083,-34.6542433,0 -71.2658766,-34.6538333,0</coordinates></LineString></Placemark><Placemark><name>Trabajado - Cuartel 1 - Hilera 17</name><Style><LineStyle><color>ff00ff00</color><width>3</width></LineStyle></Style><LineString><coordinates>-71.2658766,-34.6538333,0 -71.26581295226968,-34.655178619567735,0</coordinates></LineString></Placemark><Placemark><name>Trabajado - Cuartel 1 - Hilera 18</name><Style><LineStyle><color>ff00ff00</color><width>3</width></LineStyle></Style><LineString><coordinates>-71.265997149291,-34.65541201257062,0 -71.26575188806855,-34.65477418608819,0</coordinates></LineString></Placemark><Placemark><name>Trabajado - Cuartel 1 - Hilera 19</name><Style><LineStyle><color>ff00ff00</color><width>3</width></LineStyle></Style><LineString><coordinates>-71.26563566930216,-34.65470242796263,0 -71.26591552531673,-34.65501227926279,0</coordinates></LineString></Placemark><Placemark><name>Trabajado - Cuartel 1 - Hilera 20</name><Style><LineStyle><color>ff00ff00</color><width>3</width></LineStyle></Style><LineString><coordinates>-71.2658816,-34.655,0 -71.26585,-34.65483,0</coordinates></LineString></Placemark><Placemark><name>Trabajado - Cuartel 1 - Hilera 21</name><Style><LineStyle><color>ff00ff00</color><width>3</width></LineStyle></Style><LineString><coordinates>-71.26589449138649,-34.6548446785774,0 -71.26560304917787,-34.654748526100384,0</coordinates></LineString></Placemark><Placemark><name>Trabajado - Cuartel 1 - Hilera 22</name><Style><LineStyle><color>ff00ff00</color><width>3</width></LineStyle></Style><LineString><coordinates>-71.26591958516843,-34.653873635268425,0 -71.2656733,-34.6549616,0</coordinates></LineString></Placemark><Placemark><name>Trabajado - Cuartel 1 - Hilera 23</name><Style><LineStyle><color>ff00ff00</color><width>3</width></LineStyle></Style><LineString><coordinates>-71.26589021396528,-34.65550884294672,0 -71.2656383,-34.6548733,0</coordinates></LineString></Placemark><Placemark><name>Trabajado - Cuartel 1 - Hilera 24</name><Style><LineStyle><color>ff00ff00</color><width>3</width></LineStyle></Style><LineString><coordinates>-71.2656383,-34.6548733,0 -71.265709801057,-34.65471832145896,0</coordinates></LineString></Placemark><Placemark><name>Trabajado - Cuartel 1 - Hilera 25</name><Style><LineStyle><color>ff00ff00</color><width>3</width></LineStyle></Style><LineString><coordinates>-71.2656783,-34.6547866,0 -71.26599,-34.654805,0</coordinates></LineString></Placemark><Placemark><name>Trabajado - Cuartel 1 - Hilera 26</name><Style><LineStyle><color>ff00ff00</color><width>3</width></LineStyle></Style><LineString><coordinates>-71.26599,-34.654805,0 -71.26588529001337,-34.65541163503117,0</coordinates></LineString></Placemark><Placemark><name>Trabajado - Cuartel 1 - Hilera 27</name><Style><LineStyle><color>ff00ff00</color><width>3</width></LineStyle></Style><LineString><coordinates>-71.26598344560976,-34.65510322015787,0 -71.26589,-34.6535916,0</coordinates></LineString></Placemark><Placemark><name>Trabajado - Cuartel 1 - Hilera 28</name><Style><LineStyle><color>ff00ff00</color><width>3</width></LineStyle></Style><LineString><coordinates>-71.2658883,-34.6538166,0 -71.2661816,-34.65455,0</coordinates></LineString></Placemark><Placemark><name>Trabajado - Cuartel 1 - Hilera 29</name><Style><LineStyle><color>ff00ff00</color><width>3</width></LineStyle></Style><LineString><coordinates>-71.2661816,-34.65455,0 -71.26574429572203,-34.65506754010636,0</coordinates></LineString></Placemark><Placemark><name>Trabajado - Cuartel 1 - Hilera 30</name><Style><LineStyle><color>ff00ff00</color><width>3</width></LineStyle></Style><LineString><coordinates>-71.2658366,-34.6549583,0 -71.2660416,-34.65484,0</coordinates></LineString></Placemark><Placemark><name>Trabajado - Cuartel 1 - Hilera 31</name><Style><LineStyle><color>ff00ff00</color><width>3</width></LineStyle></Style><LineString><coordinates>-71.2660416,-34.65484,0 -71.2659066,-34.6547149,0</coordinates></LineString></Placemark><Placemark><name>Trabajado - Cuartel 1 - Hilera 32</name><Style><LineStyle><color>ff00ff00</color><width>3</width></LineStyle></Style><LineString><coordinates>-71.2659066,-34.6547149,0 -71.2659999,-34.6547133,0</coordinates></LineString></Placemark><Placemark><name>Trabajado - Cuartel 1 - Hilera 33</name><Style><LineStyle><color>ff00ff00</color><width>3</width></LineStyle></Style><LineString><coordinates>-71.2659999,-34.6547133,0 -71.2660316,-34.6538766,0</coordinates></LineString></Placemark><Placemark><name>Trabajado - Cuartel 1 - Hilera 34</name><Style><LineStyle><color>ff00ff00</color><width>3</width></LineStyle></Style><LineString><coordinates>-71.2660416,-34.6549466,0 -71.2661,-34.6541133,0</coordinates></LineString></Placemark><Placemark><name>Trabajado - Cuartel 1 - Hilera 35</name><Style><LineStyle><color>ff00ff00</color><width>3</width></LineStyle></Style><LineString><coordinates>-71.2661,-34.6541133,0 -71.2658883,-34.6537783,0</coordinates></LineString></Placemark><Placemark><name>Trabajado - Cuartel 1 - Hilera 36</name><Style><LineStyle><color>ff00ff00</color><width>3</width></LineStyle></Style><LineString><coordinates>-71.2658883,-34.6537783,0 -71.2662183,-34.654555,0</coordinates></LineString></Placemark><Placemark><name>Trabajado - Cuartel 1 - Hilera 37</name><Style><LineStyle><color>ff00ff00</color><width>3</width></LineStyle></Style><LineString><coordinates>-71.2662183,-34.654555,0 -71.2659616,-34.6547616,0</coordinates></LineString></Placemark><Placemark><name>Trabajado - Cuartel 1 - Hilera 38</name><Style><LineStyle><color>ff00ff00</color><width>3</width></LineStyle></Style><LineString><coordinates>-71.26592553231525,-34.65501306947901,0 -71.2661249,-34.654165,0</coordinates></LineString></Placemark><Placemark><name>Trabajado - Cuartel 1 - Hilera 39</name><Style><LineStyle><color>ff00ff00</color><width>3</width></LineStyle></Style><LineString><coordinates>-71.2661249,-34.654165,0 -71.265765,-34.6541766,0</coordinates></LineString></Placemark><Placemark><name>Trabajado - Cuartel 1 - Hilera 40</name><Style><LineStyle><color>ff00ff00</color><width>3</width></LineStyle></Style><LineString><coordinates>-71.26576623089106,-34.6541102404909,0 -71.26574957785766,-34.65500803490974,0</coordinates></LineString></Placemark><Placemark><name>Trabajado - Cuartel 1 - Hilera 41</name><Style><LineStyle><color>ff00ff00</color><width>3</width></LineStyle></Style><LineString><coordinates>-71.2657633,-34.6543599,0 -71.26597,-34.6540783,0</coordinates></LineString></Placemark><Placemark><name>Trabajado - Cuartel 1 - Hilera 42</name><Style><LineStyle><color>ff00ff00</color><width>3</width></LineStyle></Style><LineString><coordinates>-71.26597,-34.6540783,0 -71.266155,-34.6542183,0</coordinates></LineString></Placemark><Placemark><name>Trabajado - Cuartel 1 - Hilera 43</name><Style><LineStyle><color>ff00ff00</color><width>3</width></LineStyle></Style><LineString><coordinates>-71.266155,-34.6542183,0 -71.26616313880899,-34.65482317628387,0</coordinates></LineString></Placemark><Placemark><name>Trabajado - Cuartel 1 - Hilera 44</name><Style><LineStyle><color>ff00ff00</color><width>3</width></LineStyle></Style><LineString><coordinates>-71.26616,-34.6545899,0 -71.2659183,-34.6549033,0</coordinates></LineString></Placemark><Placemark><name>Trabajado - Cuartel 1 - Hilera 45</name><Style><LineStyle><color>ff00ff00</color><width>3</width></LineStyle></Style><LineString><coordinates>-71.2660266,-34.6547499,0 -71.2658466,-34.65481,0</coordinates></LineString></Placemark><Placemark><name>Trabajado - Cuartel 1 - Hilera 46</name><Style><LineStyle><color>ff00ff00</color><width>3</width></LineStyle></Style><LineString><coordinates>-71.2658466,-34.65481,0 -71.2656966,-34.654765,0</coordinates></LineString></Placemark><Placemark><name>Trabajado - Cuartel 1 - Hilera 47</name><Style><LineStyle><color>ff00ff00</color><width>3</width></LineStyle></Style><LineString><coordinates>-71.2657303452972,-34.655249879724636,0 -71.2659716,-34.6549599,0</coordinates></LineString></Placemark><Placemark><name>Trabajado - Cuartel 1 - Hilera 48</name><Style><LineStyle><color>ff00ff00</color><width>3</width></LineStyle></Style><LineString><coordinates>-71.2659716,-34.6549599,0 -71.265395,-34.6551383,0</coordinates></LineString></Placemark><Placemark><name>Trabajado - Cuartel 1 - Hilera 49</name><Style><LineStyle><color>ff00ff00</color><width>3</width></LineStyle></Style><LineString><coordinates>-71.265395,-34.6551383,0 -71.266285,-34.6549366,0</coordinates></LineString></Placemark><Placemark><name>Trabajado - Cuartel 1 - Hilera 50</name><Style><LineStyle><color>ff00ff00</color><width>3</width></LineStyle></Style><LineString><coordinates>-71.266285,-34.6549366,0 -71.26536728711574,-34.655004828175514,0</coordinates></LineString></Placemark><Placemark><name>Trabajado - Cuartel 1 - Hilera 51</name><Style><LineStyle><color>ff00ff00</color><width>3</width></LineStyle></Style><LineString><coordinates>-71.2659716,-34.6549599,0 -71.26584,-34.6550333,0</coordinates></LineString></Placemark><Placemark><name>Trabajado - Cuartel 1 - Hilera 52</name><Style><LineStyle><color>ff00ff00</color><width>3</width></LineStyle></Style><LineString><coordinates>-71.2657866,-34.655085,0 -71.2659133,-34.6550816,0</coordinates></LineString></Placemark><Placemark><name>Trabajado - Cuartel 1 - Hilera 53</name><Style><LineStyle><color>ff00ff00</color><width>3</width></LineStyle></Style><LineString><coordinates>-71.2659133,-34.6550816,0 -71.2654266,-34.654985,0</coordinates></LineString></Placemark><Placemark><name>Trabajado - Cuartel 1 - Hilera 54</name><Style><LineStyle><color>ff00ff00</color><width>3</width></LineStyle></Style><LineString><coordinates>-71.2658816,-34.6550133,0 -71.2657566,-34.65501,0</coordinates></LineString></Placemark><Placemark><name>Trabajado - Cuartel 1 - Hilera 55</name><Style><LineStyle><color>ff00ff00</color><width>3</width></LineStyle></Style><LineString><coordinates>-71.26573338736578,-34.65498926391557,0 -71.26596935647164,-34.655200057540135,0</coordinates></LineString></Placemark><Placemark><name>Trabajado - Cuartel 1 - Hilera 56</name><Style><LineStyle><color>ff00ff00</color><width>3</width></LineStyle></Style><LineString><coordinates>-71.26589820287752,-34.65523222463362,0 -71.2660016,-34.6550133,0</coordinates></LineString></Placemark><Placemark><name>Trabajado - Cuartel 1 - Hilera 57</name><Style><LineStyle><color>ff00ff00</color><width>3</width></LineStyle></Style><LineString><coordinates>-71.2658033,-34.6551783,0 -71.26571,-34.6551583,0</coordinates></LineString></Placemark><Placemark><name>Trabajado - Cuartel 1 - Hilera 58</name><Style><LineStyle><color>ff00ff00</color><width>3</width></LineStyle></Style><LineString><coordinates>-71.2654333,-34.654955,0 -71.26537,-34.6548816,0</coordinates></LineString></Placemark><Placemark><name>Trabajado - Cuartel 1 - Hilera 59</name><Style><LineStyle><color>ff00ff00</color><width>3</width></LineStyle></Style><LineString><coordinates>-71.26537,-34.6548816,0 -71.2653749,-34.6549816,0</coordinates></LineString></Placemark><Placemark><name>Trabajado - Cuartel 1 - Hilera 60</name><Style><LineStyle><color>ff00ff00</color><width>3</width></LineStyle></Style><LineString><coordinates>-71.26533095426113,-34.65502335158642,0 -71.26578901521107,-34.65458816101206,0</coordinates></LineString></Placemark><Placemark><name>Trabajado - Cuartel 1 - Hilera 61</name><Style><LineStyle><color>ff00ff00</color><width>3</width></LineStyle></Style><LineString><coordinates>-71.265415,-34.6548916,0 -71.2653466,-34.65509,0</coordinates></LineString></Placemark><Placemark><name>Trabajado - Cuartel 1 - Hilera 62</name><Style><LineStyle><color>ff00ff00</color><width>3</width></LineStyle></Style><LineString><coordinates>-71.2652833,-34.6551033,0 -71.2653766,-34.6550283,0</coordinates></LineString></Placemark><Placemark><name>Trabajado - Cuartel 1 - Hilera 63</name><Style><LineStyle><color>ff00ff00</color><width>3</width></LineStyle></Style><LineString><coordinates>-71.2653766,-34.6550283,0 -71.2654433,-34.6546833,0</coordinates></LineString></Placemark><Placemark><name>Trabajado - Cuartel 1 - Hilera 64</name><Style><LineStyle><color>ff00ff00</color><width>3</width></LineStyle></Style><LineString><coordinates>-71.265315,-34.6550116,0 -71.26540135011717,-34.65494327546979,0</coordinates></LineString></Placemark><Placemark><name>Trabajado - Cuartel 1 - Hilera 65</name><Style><LineStyle><color>ff00ff00</color><width>3</width></LineStyle></Style><LineString><coordinates>-71.2653933,-34.654965,0 -71.2654,-34.6550683,0</coordinates></LineString></Placemark><Placemark><name>Trabajado - Cuartel 1 - Hilera 66</name><Style><LineStyle><color>ff00ff00</color><width>3</width></LineStyle></Style><LineString><coordinates>-71.2654,-34.6550683,0 -71.26595,-34.6549816,0</coordinates></LineString></Placemark><Placemark><name>Trabajado - Cuartel 1 - Hilera 67</name><Style><LineStyle><color>ff00ff00</color><width>3</width></LineStyle></Style><LineString><coordinates>-71.26588368861033,-34.65501608192263,0 -71.26653,-34.65468,0</coordinates></LineString></Placemark><Placemark><name>Trabajado - Cuartel 1 - Hilera 68</name><Style><LineStyle><color>ff00ff00</color><width>3</width></LineStyle></Style><LineString><coordinates>-71.26577729337701,-34.65507298620149,0 -71.2659583,-34.6551166,0</coordinates></LineString></Placemark><Placemark><name>Trabajado - Cuartel 1 - Hilera 69</name><Style><LineStyle><color>ff00ff00</color><width>3</width></LineStyle></Style><LineString><coordinates>-71.2659583,-34.6551166,0 -71.2658083,-34.655175,0</coordinates></LineString></Placemark><Placemark><name>Trabajado - Cuartel 1 - Hilera 70</name><Style><LineStyle><color>ff00ff00</color><width>3</width></LineStyle></Style><LineString><coordinates>-71.2658083,-34.655175,0 -71.26593,-34.6550633,0</coordinates></LineString></Placemark><Placemark><name>Trabajado - Cuartel 1 - Hilera 71</name><Style><LineStyle><color>ff00ff00</color><width>3</width></LineStyle></Style><LineString><coordinates>-71.26613475535807,-34.654961671982505,0 -71.26585,-34.6551633,0</coordinates></LineString></Placemark><Placemark><name>Trabajado - Cuartel 1 - Hilera 72</name><Style><LineStyle><color>ff00ff00</color><width>3</width></LineStyle></Style><LineString><coordinates>-71.26587278346582,-34.655037914670785,0 -71.2658783,-34.6553333,0</coordinates></LineString></Placemark><Placemark><name>Trabajado - Cuartel 1 - Hilera 73</name><Style><LineStyle><color>ff00ff00</color><width>3</width></LineStyle></Style><LineString><coordinates>-71.26571405101637,-34.654115092974266,0 -71.26588451475749,-34.65533269112487,0</coordinates></LineString></Placemark><Placemark><name>Trabajado - Cuartel 1 - Hilera 74</name><Style><LineStyle><color>ff00ff00</color><width>3</width></LineStyle></Style><LineString><coordinates>-71.26601145582772,-34.655380229251534,0 -71.2659149,-34.6550816,0</coordinates></LineString></Placemark><Placemark><name>Trabajado - Cuartel 1 - Hilera 75</name><Style><LineStyle><color>ff00ff00</color><width>3</width></LineStyle></Style><LineString><coordinates>-71.2658299,-34.6550983,0 -71.26593,-34.65514,0</coordinates></LineString></Placemark><Placemark><name>Trabajado - Cuartel 1 - Hilera 76</name><Style><LineStyle><color>ff00ff00</color><width>3</width></LineStyle></Style><LineString><coordinates>-71.26607506647525,-34.65502860247902,0 -71.2657499,-34.6552783,0</coordinates></LineString></Placemark><Placemark><name>Trabajado - Cuartel 1 - Hilera 77</name><Style><LineStyle><color>ff00ff00</color><width>3</width></LineStyle></Style><LineString><coordinates>-71.2657705257304,-34.65539695537112,0 -71.26569449173675,-34.6549595482317,0</coordinates></LineString></Placemark><Placemark><name>Trabajado - Cuartel 1 - Hilera 78</name><Style><LineStyle><color>ff00ff00</color><width>3</width></LineStyle></Style><LineString><coordinates>-71.265705,-34.65502,0 -71.2656366,-34.6551016,0</coordinates></LineString></Placemark><Placemark><name>Trabajado - Cuartel 1 - Hilera 79</name><Style><LineStyle><color>ff00ff00</color><width>3</width></LineStyle></Style><LineString><coordinates>-71.2656366,-34.6551016,0 -71.265725,-34.6551983,0</coordinates></LineString></Placemark><Placemark><name>Trabajado - Cuartel 1 - Hilera 80</name><Style><LineStyle><color>ff00ff00</color><width>3</width></LineStyle></Style><LineString><coordinates>-71.26591,-34.6551466,0 -71.2660433,-34.6551166,0</coordinates></LineString></Placemark><Placemark><name>Trabajado - Cuartel 1 - Hilera 81</name><Style><LineStyle><color>ff00ff00</color><width>3</width></LineStyle></Style><LineString><coordinates>-71.2660433,-34.6551166,0 -71.2657416,-34.6551016,0</coordinates></LineString></Placemark><Placemark><name>Trabajado - Cuartel 1 - Hilera 82</name><Style><LineStyle><color>ff00ff00</color><width>3</width></LineStyle></Style><LineString><coordinates>-71.2656983,-34.6550483,0 -71.2658049,-34.6551583,0</coordinates></LineString></Placemark><Placemark><name>Trabajado - Cuartel 1 - Hilera 83</name><Style><LineStyle><color>ff00ff00</color><width>3</width></LineStyle></Style><LineString><coordinates>-71.265595,-34.6551983,0 -71.2659333,-34.6551099,0</coordinates></LineString></Placemark><Placemark><name>Trabajado - Cuartel 1 - Hilera 84</name><Style><LineStyle><color>ff00ff00</color><width>3</width></LineStyle></Style><LineString><coordinates>-71.2657016,-34.6552649,0 -71.2657199,-34.6551266,0</coordinates></LineString></Placemark><Placemark><name>Trabajado - Cuartel 1 - Hilera 85</name><Style><LineStyle><color>ff00ff00</color><width>3</width></LineStyle></Style><LineString><coordinates>-71.2656933,-34.6551033,0 -71.2656749,-34.6549333,0</coordinates></LineString></Placemark><Placemark><name>Trabajado - Cuartel 1 - Hilera 86</name><Style><LineStyle><color>ff00ff00</color><width>3</width></LineStyle></Style><LineString><coordinates>-71.2656749,-34.6549333,0 -71.26588,-34.6550366,0</coordinates></LineString></Placemark><Placemark><name>Trabajado - Cuartel 1 - Hilera 87</name><Style><LineStyle><color>ff00ff00</color><width>3</width></LineStyle></Style><LineString><coordinates>-71.2659716,-34.6551983,0 -71.2659533,-34.6550533,0</coordinates></LineString></Placemark><Placemark><name>Trabajado - Cuartel 1 - Hilera 88</name><Style><LineStyle><color>ff00ff00</color><width>3</width></LineStyle></Style><LineString><coordinates>-71.26602760446933,-34.655060223636724,0 -71.26542407188087,-34.65500398690653,0</coordinates></LineString></Placemark><Placemark><name>Trabajado - Cuartel 1 - Hilera 89</name><Style><LineStyle><color>ff00ff00</color><width>3</width></LineStyle></Style><LineString><coordinates>-71.265685,-34.6550283,0 -71.2658316,-34.6548216,0</coordinates></LineString></Placemark><Placemark><name>Trabajado - Cuartel 1 - Hilera 90</name><Style><LineStyle><color>ff00ff00</color><width>3</width></LineStyle></Style><LineString><coordinates>-71.2658316,-34.6548216,0 -71.2655716,-34.6546716,0</coordinates></LineString></Placemark><Placemark><name>Trabajado - Cuartel 1 - Hilera 91</name><Style><LineStyle><color>ff00ff00</color><width>3</width></LineStyle></Style><LineString><coordinates>-71.2655716,-34.6546716,0 -71.2656466,-34.65455,0</coordinates></LineString></Placemark><Placemark><name>Trabajado - Cuartel 1 - Hilera 92</name><Style><LineStyle><color>ff00ff00</color><width>3</width></LineStyle></Style><LineString><coordinates>-71.2656416,-34.6545933,0 -71.26589285842263,-34.65506520900102,0</coordinates></LineString></Placemark><Placemark><name>Trabajado - Cuartel 1 - Hilera 93</name><Style><LineStyle><color>ff00ff00</color><width>3</width></LineStyle></Style><LineString><coordinates>-71.2656966,-34.6546966,0 -71.2657849,-34.65476,0</coordinates></LineString></Placemark><Placemark><name>Trabajado - Cuartel 1 - Hilera 94</name><Style><LineStyle><color>ff00ff00</color><width>3</width></LineStyle></Style><LineString><coordinates>-71.26575497637162,-34.6547551009989,0 -71.2659883,-34.6547933,0</coordinates></LineString></Placemark><Placemark><name>Trabajado - Cuartel 1 - Hilera 95</name><Style><LineStyle><color>ff00ff00</color><width>3</width></LineStyle></Style><LineString><coordinates>-71.2659733,-34.6548249,0 -71.265695,-34.655005,0</coordinates></LineString></Placemark><Placemark><name>Trabajado - Cuartel 1 - Hilera 96</name><Style><LineStyle><color>ff00ff00</color><width>3</width></LineStyle></Style><LineString><coordinates>-71.265695,-34.655005,0 -71.26593279044123,-34.65546058075658,0</coordinates></LineString></Placemark><Placemark><name>Trabajado - Cuartel 1 - Hilera 97</name><Style><LineStyle><color>ff00ff00</color><width>3</width></LineStyle></Style><LineString><coordinates>-71.26592896777571,-34.65545904385308,0 -71.2664033,-34.655325,0</coordinates></LineString></Placemark><Placemark><name>Trabajado - Cuartel 1 - Hilera 98</name><Style><LineStyle><color>ff00ff00</color><width>3</width></LineStyle></Style><LineString><coordinates>-71.2664033,-34.655325,0 -71.265755,-34.6552649,0</coordinates></LineString></Placemark><Placemark><name>Trabajado - Cuartel 1 - Hilera 99</name><Style><LineStyle><color>ff00ff00</color><width>3</width></LineStyle></Style><LineString><coordinates>-71.265755,-34.6552649,0 -71.266015,-34.6547783,0</coordinates></LineString></Placemark><Placemark><name>Trabajado - Cuartel 1 - Hilera 100</name><Style><LineStyle><color>ff00ff00</color><width>3</width></LineStyle></Style><LineString><coordinates>-71.266015,-34.6547783,0 -71.265695,-34.6550616,0</coordinates></LineString></Placemark><Placemark><name>Trabajado - Cuartel 1 - Hilera 101</name><Style><LineStyle><color>ff00ff00</color><width>3</width></LineStyle></Style><LineString><coordinates>-71.2663099,-34.655365,0 -71.26578598632528,-34.65538006653589,0</coordinates></LineString></Placemark><Placemark><name>Trabajado - Cuartel 1 - Hilera 102</name><Style><LineStyle><color>ff00ff00</color><width>3</width></LineStyle></Style><LineString><coordinates>-71.2657883,-34.65538,0 -71.26593961227135,-34.654721287983286,0</coordinates></LineString></Placemark><Placemark><name>Trabajado - Cuartel 1 - Hilera 103</name><Style><LineStyle><color>ff00ff00</color><width>3</width></LineStyle></Style><LineString><coordinates>-71.265925,-34.6547849,0 -71.2659883,-34.6548366,0</coordinates></LineString></Placemark><Placemark><name>Trabajado - Cuartel 1 - Hilera 104</name><Style><LineStyle><color>ff00ff00</color><width>3</width></LineStyle></Style><LineString><coordinates>-71.2659883,-34.6548366,0 -71.2657866,-34.6554666,0</coordinates></LineString></Placemark><Placemark><name>Trabajado - Cuartel 1 - Hilera 105</name><Style><LineStyle><color>ff00ff00</color><width>3</width></LineStyle></Style><LineString><coordinates>-71.2657866,-34.6554666,0 -71.2661583,-34.6554583,0</coordinates></LineString></Placemark><Placemark><name>Trabajado - Cuartel 1 - Hilera 106</name><Style><LineStyle><color>ff00ff00</color><width>3</width></LineStyle></Style><LineString><coordinates>-71.2661583,-34.6554583,0 -71.2660283,-34.6547849,0</coordinates></LineString></Placemark><Placemark><name>Trabajado - Cuartel 1 - Hilera 107</name><Style><LineStyle><color>ff00ff00</color><width>3</width></LineStyle></Style><LineString><coordinates>-71.2660283,-34.6547849,0 -71.265715,-34.65513,0</coordinates></LineString></Placemark><Placemark><name>Trabajado - Cuartel 1 - Hilera 108</name><Style><LineStyle><color>ff00ff00</color><width>3</width></LineStyle></Style><LineString><coordinates>-71.265715,-34.65513,0 -71.2659916,-34.6554383,0</coordinates></LineString></Placemark><Placemark><name>Trabajado - Cuartel 1 - Hilera 109</name><Style><LineStyle><color>ff00ff00</color><width>3</width></LineStyle></Style><LineString><coordinates>-71.2659916,-34.6554383,0 -71.2662233,-34.6554616,0</coordinates></LineString></Placemark><Placemark><name>Trabajado - Cuartel 1 - Hilera 110</name><Style><LineStyle><color>ff00ff00</color><width>3</width></LineStyle></Style><LineString><coordinates>-71.2662233,-34.6554616,0 -71.2657199,-34.6551016,0</coordinates></LineString></Placemark><Placemark><name>Trabajado - Cuartel 1 - Hilera 111</name><Style><LineStyle><color>ff00ff00</color><width>3</width></LineStyle></Style><LineString><coordinates>-71.2657199,-34.6551016,0 -71.2659433,-34.6547883,0</coordinates></LineString></Placemark><Placemark><name>Trabajado - Cuartel 1 - Hilera 112</name><Style><LineStyle><color>ff00ff00</color><width>3</width></LineStyle></Style><LineString><coordinates>-71.2659433,-34.6547883,0 -71.2657749,-34.6552749,0</coordinates></LineString></Placemark><Placemark><name>Trabajado - Cuartel 1 - Hilera 113</name><Style><LineStyle><color>ff00ff00</color><width>3</width></LineStyle></Style><LineString><coordinates>-71.2658983,-34.6555066,0 -71.2660233,-34.6548216,0</coordinates></LineString></Placemark><Placemark><name>Trabajado - Cuartel 1 - Hilera 114</name><Style><LineStyle><color>ff00ff00</color><width>3</width></LineStyle></Style><LineString><coordinates>-71.26580328995784,-34.654591285188644,0 -71.2661033,-34.6548733,0</coordinates></LineString></Placemark><Placemark><name>Trabajado - Cuartel 1 - Hilera 115</name><Style><LineStyle><color>ff00ff00</color><width>3</width></LineStyle></Style><LineString><coordinates>-71.2659283,-34.6547149,0 -71.26578650088973,-34.65514712934297,0</coordinates></LineString></Placemark><Placemark><name>Trabajado - Cuartel 1 - Hilera 116</name><Style><LineStyle><color>ff00ff00</color><width>3</width></LineStyle></Style><LineString><coordinates>-71.26587076272605,-34.65515021371445,0 -71.26574352174418,-34.65504931662116,0</coordinates></LineString></Placemark><Placemark><name>Trabajado - Cuartel 1 - Hilera 117</name><Style><LineStyle><color>ff00ff00</color><width>3</width></LineStyle></Style><LineString><coordinates>-71.2657633,-34.655065,0 -71.266605,-34.6560983,0</coordinates></LineString></Placemark><Placemark><name>Trabajado - Cuartel 1 - Hilera 118</name><Style><LineStyle><color>ff00ff00</color><width>3</width></LineStyle></Style><LineString><coordinates>-71.2658733,-34.6549483,0 -71.26615,-34.6548233,0</coordinates></LineString></Placemark><Placemark><name>Trabajado - Cuartel 1 - Hilera 119</name><Style><LineStyle><color>ff00ff00</color><width>3</width></LineStyle></Style><LineString><coordinates>-71.2661733,-34.6544183,0 -71.26574,-34.6541133,0</coordinates></LineString></Placemark><Placemark><name>Trabajado - Cuartel 1 - Hilera 120</name><Style><LineStyle><color>ff00ff00</color><width>3</width></LineStyle></Style><LineString><coordinates>-71.2657633,-34.6545283,0 -71.265865,-34.654485,0</coordinates></LineString></Placemark><Placemark><name>Trabajado - Cuartel 1 - Hilera 121</name><Style><LineStyle><color>ff00ff00</color><width>3</width></LineStyle></Style><LineString><coordinates>-71.2658233,-34.654535,0 -71.26577535868398,-34.654113689630165,0</coordinates></LineString></Placemark><Placemark><name>Trabajado - Cuartel 1 - Hilera 123</name><Style><LineStyle><color>ff00ff00</color><width>3</width></LineStyle></Style><LineString><coordinates>-71.2658049,-34.6543733,0 -71.2655266,-34.6535583,0</coordinates></LineString></Placemark><Placemark><name>Trabajado - Cuartel 1 - Hilera 249</name><Style><LineStyle><color>ff00ff00</color><width>3</width></LineStyle></Style><LineString><coordinates>-71.2655516,-34.6535583,0 -71.26588194480132,-34.654870958102435,0</coordinates></LineString></Placemark><Placemark><name>Trabajado - Cuartel 1 - Hilera 250</name><Style><LineStyle><color>ff00ff00</color><width>3</width></LineStyle></Style><LineString><coordinates>-71.2656766,-34.654055,0 -71.2658016,-34.6541116,0</coordinates></LineString></Placemark><Placemark><name>Trabajado - Cuartel 1 - Hilera 251</name><Style><LineStyle><color>ff00ff00</color><width>3</width></LineStyle></Style><LineString><coordinates>-71.26607918970805,-34.65516052175457,0 -71.2657233,-34.65401,0</coordinates></LineString></Placemark><Placemark><name>Trabajado - Cuartel 1 - Hilera 252</name><Style><LineStyle><color>ff00ff00</color><width>3</width></LineStyle></Style><LineString><coordinates>-71.2657233,-34.65401,0 -71.2655966,-34.6541083,0</coordinates></LineString></Placemark><Placemark><name>Trabajado - Cuartel 1 - Hilera 253</name><Style><LineStyle><color>ff00ff00</color><width>3</width></LineStyle></Style><LineString><coordinates>-71.2655966,-34.6541083,0 -71.2658699,-34.654155,0</coordinates></LineString></Placemark><Placemark><name>Trabajado - Cuartel 1 - Hilera 254</name><Style><LineStyle><color>ff00ff00</color><width>3</width></LineStyle></Style><LineString><coordinates>-71.2658966,-34.6541249,0 -71.2658233,-34.6542116,0</coordinates></LineString></Placemark><Placemark><name>Trabajado - Cuartel 1 - Hilera 255</name><Style><LineStyle><color>ff00ff00</color><width>3</width></LineStyle></Style><LineString><coordinates>-71.2658233,-34.6542116,0 -71.2659633,-34.6541616,0</coordinates></LineString></Placemark><Placemark><name>Trabajado - Cuartel 1 - Hilera 256</name><Style><LineStyle><color>ff00ff00</color><width>3</width></LineStyle></Style><LineString><coordinates>-71.2660766,-34.6541766,0 -71.26619,-34.6545566,0</coordinates></LineString></Placemark><Placemark><name>Trabajado - Cuartel 1 - Hilera 257</name><Style><LineStyle><color>ff00ff00</color><width>3</width></LineStyle></Style><LineString><coordinates>-71.26619,-34.6545566,0 -71.26581,-34.65484,0</coordinates></LineString></Placemark><Placemark><name>Trabajado - Cuartel 1 - Hilera 258</name><Style><LineStyle><color>ff00ff00</color><width>3</width></LineStyle></Style><LineString><coordinates>-71.265705,-34.6547766,0 -71.2658266,-34.6547766,0</coordinates></LineString></Placemark><Placemark><name>Trabajado - Cuartel 1 - Hilera 259</name><Style><LineStyle><color>ff00ff00</color><width>3</width></LineStyle></Style><LineString><coordinates>-71.2658266,-34.6547766,0 -71.2657433,-34.655385,0</coordinates></LineString></Placemark><Placemark><name>Trabajado - Cuartel 1 - Hilera 260</name><Style><LineStyle><color>ff00ff00</color><width>3</width></LineStyle></Style><LineString><coordinates>-71.2657433,-34.655385,0 -71.265885,-34.6554116,0</coordinates></LineString></Placemark><Placemark><name>Trabajado - Cuartel 1 - Hilera 261</name><Style><LineStyle><color>ff00ff00</color><width>3</width></LineStyle></Style><LineString><coordinates>-71.2658412561115,-34.655449716246515,0 -71.26615462688912,-34.65494338503855,0</coordinates></LineString></Placemark><Placemark><name>Trabajado - Cuartel 1 - Hilera 262</name><Style><LineStyle><color>ff00ff00</color><width>3</width></LineStyle></Style><LineString><coordinates>-71.2659216,-34.6553199,0 -71.2660766,-34.6553499,0</coordinates></LineString></Placemark><Placemark><name>Trabajado - Cuartel 1 - Hilera 263</name><Style><LineStyle><color>ff00ff00</color><width>3</width></LineStyle></Style><LineString><coordinates>-71.2660766,-34.6553499,0 -71.265765,-34.655355,0</coordinates></LineString></Placemark><Placemark><name>Trabajado - Cuartel 1 - Hilera 264</name><Style><LineStyle><color>ff00ff00</color><width>3</width></LineStyle></Style><LineString><coordinates>-71.2657333,-34.6552833,0 -71.265875,-34.655415,0</coordinates></LineString></Placemark><Placemark><name>Trabajado - Cuartel 1 - Hilera 265</name><Style><LineStyle><color>ff00ff00</color><width>3</width></LineStyle></Style><LineString><coordinates>-71.2658704720854,-34.65546248909938,0 -71.2659783,-34.6552966,0</coordinates></LineString></Placemark><Placemark><name>Trabajado - Cuartel 1 - Hilera 266</name><Style><LineStyle><color>ff00ff00</color><width>3</width></LineStyle></Style><LineString><coordinates>-71.2658699,-34.6553333,0 -71.2659749,-34.6553383,0</coordinates></LineString></Placemark><Placemark><name>Trabajado - Cuartel 1 - Hilera 267</name><Style><LineStyle><color>ff00ff00</color><width>3</width></LineStyle></Style><LineString><coordinates>-71.2659749,-34.6553383,0 -71.266015,-34.6552666,0</coordinates></LineString></Placemark><Placemark><name>Trabajado - Cuartel 1 - Hilera 268</name><Style><LineStyle><color>ff00ff00</color><width>3</width></LineStyle></Style><LineString><coordinates>-71.2661033,-34.6552783,0 -71.2658966,-34.65522,0</coordinates></LineString></Placemark><Placemark><name>Trabajado - Cuartel 1 - Hilera 269</name><Style><LineStyle><color>ff00ff00</color><width>3</width></LineStyle></Style><LineString><coordinates>-71.2659033,-34.6553266,0 -71.2660916,-34.6552466,0</coordinates></LineString></Placemark><Placemark><name>Trabajado - Cuartel 1 - Hilera 270</name><Style><LineStyle><color>ff00ff00</color><width>3</width></LineStyle></Style><LineString><coordinates>-71.266005,-34.6554099,0 -71.2658999,-34.6548383,0</coordinates></LineString></Placemark><Placemark><name>Trabajado - Cuartel 1 - Hilera 271</name><Style><LineStyle><color>ff00ff00</color><width>3</width></LineStyle></Style><LineString><coordinates>-71.26589,-34.655285,0 -71.26579,-34.6553316,0</coordinates></LineString></Placemark><Placemark><name>Trabajado - Cuartel 1 - Hilera 272</name><Style><LineStyle><color>ff00ff00</color><width>3</width></LineStyle></Style><LineString><coordinates>-71.26579,-34.6553316,0 -71.2659166,-34.6552383,0</coordinates></LineString></Placemark><Placemark><name>Trabajado - Cuartel 1 - Hilera 273</name><Style><LineStyle><color>ff00ff00</color><width>3</width></LineStyle></Style><LineString><coordinates>-71.2657066,-34.6549916,0 -71.265995,-34.6548883,0</coordinates></LineString></Placemark><Placemark><name>Trabajado - Cuartel 1 - Hilera 274</name><Style><LineStyle><color>ff00ff00</color><width>3</width></LineStyle></Style><LineString><coordinates>-71.2660816,-34.65516,0 -71.2659966,-34.6550116,0</coordinates></LineString></Placemark><Placemark><name>Trabajado - Cuartel 1 - Hilera 275</name><Style><LineStyle><color>ff00ff00</color><width>3</width></LineStyle></Style><LineString><coordinates>-71.26572237986441,-34.65493396150238,0 -71.2660016,-34.655135,0</coordinates></LineString></Placemark><Placemark><name>Trabajado - Cuartel 1 - Hilera 276</name><Style><LineStyle><color>ff00ff00</color><width>3</width></LineStyle></Style><LineString><coordinates>-71.2658366,-34.6553349,0 -71.2661983,-34.6550249,0</coordinates></LineString></Placemark><Placemark><name>Trabajado - Cuartel 1 - Hilera 277</name><Style><LineStyle><color>ff00ff00</color><width>3</width></LineStyle></Style><LineString><coordinates>-71.2661166,-34.6551266,0 -71.2661533,-34.65498,0</coordinates></LineString></Placemark><Placemark><name>Trabajado - Cuartel 1 - Hilera 278</name><Style><LineStyle><color>ff00ff00</color><width>3</width></LineStyle></Style><LineString><coordinates>-71.26608,-34.6549733,0 -71.2657433,-34.6548716,0</coordinates></LineString></Placemark><Placemark><name>Trabajado - Cuartel 1 - Hilera 279</name><Style><LineStyle><color>ff00ff00</color><width>3</width></LineStyle></Style><LineString><coordinates>-71.26608,-34.6549733,0 -71.2661783,-34.6552683,0</coordinates></LineString></Placemark><Placemark><name>Trabajado - Cuartel 1 - Hilera 280</name><Style><LineStyle><color>ff00ff00</color><width>3</width></LineStyle></Style><LineString><coordinates>-71.2661783,-34.6552683,0 -71.265755,-34.654755,0</coordinates></LineString></Placemark><Placemark><name>Trabajado - Cuartel 1 - Hilera 281</name><Style><LineStyle><color>ff00ff00</color><width>3</width></LineStyle></Style><LineString><coordinates>-71.2658783,-34.6548716,0 -71.2655766,-34.6547633,0</coordinates></LineString></Placemark><Placemark><name>Trabajado - Cuartel 1 - Hilera 282</name><Style><LineStyle><color>ff00ff00</color><width>3</width></LineStyle></Style><LineString><coordinates>-71.265925,-34.6548116,0 -71.26532393433543,-34.65430430057907,0</coordinates></LineString></Placemark><Placemark><name>Trabajado - Cuartel 1 - Hilera 283</name><Style><LineStyle><color>ff00ff00</color><width>3</width></LineStyle></Style><LineString><coordinates>-71.26604706221201,-34.65497372204681,0 -71.2656916,-34.6545016,0</coordinates></LineString></Placemark><Placemark><name>Trabajado - Cuartel 1 - Hilera 284</name><Style><LineStyle><color>ff00ff00</color><width>3</width></LineStyle></Style><LineString><coordinates>-71.2659449,-34.6547683,0 -71.26571,-34.654485,0</coordinates></LineString></Placemark><Placemark><name>Trabajado - Cuartel 1 - Hilera 285</name><Style><LineStyle><color>ff00ff00</color><width>3</width></LineStyle></Style><LineString><coordinates>-71.26571,-34.654485,0 -71.265865,-34.654445,0</coordinates></LineString></Placemark><Placemark><name>Trabajado - Cuartel 1 - Hilera 286</name><Style><LineStyle><color>ff00ff00</color><width>3</width></LineStyle></Style><LineString><coordinates>-71.2658866,-34.6545749,0 -71.26568,-34.6547,0</coordinates></LineString></Placemark><Placemark><name>Trabajado - Cuartel 1 - Hilera 287</name><Style><LineStyle><color>ff00ff00</color><width>3</width></LineStyle></Style><LineString><coordinates>-71.2656833,-34.65479,0 -71.2657833,-34.6548899,0</coordinates></LineString></Placemark><Placemark><name>Trabajado - Cuartel 1 - Hilera 288</name><Style><LineStyle><color>ff00ff00</color><width>3</width></LineStyle></Style><LineString><coordinates>-71.2657833,-34.6548899,0 -71.265905,-34.654855,0</coordinates></LineString></Placemark><Placemark><name>Trabajado - Cuartel 1 - Hilera 289</name><Style><LineStyle><color>ff00ff00</color><width>3</width></LineStyle></Style><LineString><coordinates>-71.2659266,-34.65476,0 -71.2658166,-34.6544983,0</coordinates></LineString></Placemark><Placemark><name>Trabajado - Cuartel 1 - Hilera 290</name><Style><LineStyle><color>ff00ff00</color><width>3</width></LineStyle></Style><LineString><coordinates>-71.2658166,-34.6544983,0 -71.2658999,-34.6544399,0</coordinates></LineString></Placemark><Placemark><name>Trabajado - Cuartel 1 - Hilera 291</name><Style><LineStyle><color>ff00ff00</color><width>3</width></LineStyle></Style><LineString><coordinates>-71.2658999,-34.6544399,0 -71.2653749,-34.6542266,0</coordinates></LineString></Placemark><Placemark><name>Trabajado - Cuartel 1 - Hilera 292</name><Style><LineStyle><color>ff00ff00</color><width>3</width></LineStyle></Style><LineString><coordinates>-71.2653749,-34.6542266,0 -71.2656333,-34.654255,0</coordinates></LineString></Placemark><Placemark><name>Trabajado - Cuartel 1 - Hilera 293</name><Style><LineStyle><color>ff00ff00</color><width>3</width></LineStyle></Style><LineString><coordinates>-71.26539,-34.6542533,0 -71.26587198895363,-34.654132576687985,0</coordinates></LineString></Placemark><Placemark><name>Trabajado - Cuartel 1 - Hilera 294</name><Style><LineStyle><color>ff00ff00</color><width>3</width></LineStyle></Style><LineString><coordinates>-71.2658633,-34.6541083,0 -71.2654016,-34.6542233,0</coordinates></LineString></Placemark><Placemark><name>Trabajado - Cuartel 1 - Hilera 295</name><Style><LineStyle><color>ff00ff00</color><width>3</width></LineStyle></Style><LineString><coordinates>-71.2654016,-34.6542233,0 -71.26578,-34.6544466,0</coordinates></LineString></Placemark><Placemark><name>Trabajado - Cuartel 1 - Hilera 296</name><Style><LineStyle><color>ff00ff00</color><width>3</width></LineStyle></Style><LineString><coordinates>-71.265845,-34.6544283,0 -71.2657433,-34.6545583,0</coordinates></LineString></Placemark><Placemark><name>Trabajado - Cuartel 1 - Hilera 297</name><Style><LineStyle><color>ff00ff00</color><width>3</width></LineStyle></Style><LineString><coordinates>-71.2657333,-34.6547433,0 -71.266155,-34.6548699,0</coordinates></LineString></Placemark><Placemark><name>Trabajado - Cuartel 1 - Hilera 298</name><Style><LineStyle><color>ff00ff00</color><width>3</width></LineStyle></Style><LineString><coordinates>-71.266155,-34.6548699,0 -71.2663316,-34.6551733,0</coordinates></LineString></Placemark><Placemark><name>Trabajado - Cuartel 1 - Hilera 299</name><Style><LineStyle><color>ff00ff00</color><width>3</width></LineStyle></Style><LineString><coordinates>-71.2663316,-34.6551733,0 -71.26622,-34.6551816,0</coordinates></LineString></Placemark><Placemark><name>Trabajado - Cuartel 1 - Hilera 300</name><Style><LineStyle><color>ff00ff00</color><width>3</width></LineStyle></Style><LineString><coordinates>-71.26622,-34.6551816,0 -71.2657983,-34.6548583,0</coordinates></LineString></Placemark><Placemark><name>Trabajado - Cuartel 1 - Hilera 301</name><Style><LineStyle><color>ff00ff00</color><width>3</width></LineStyle></Style><LineString><coordinates>-71.2657983,-34.6548583,0 -71.2660333,-34.6548366,0</coordinates></LineString></Placemark><Placemark><name>Trabajado - Cuartel 1 - Hilera 302</name><Style><LineStyle><color>ff00ff00</color><width>3</width></LineStyle></Style><LineString><coordinates>-71.2660333,-34.6548366,0 -71.2660533,-34.6550633,0</coordinates></LineString></Placemark><Placemark><name>Trabajado - Cuartel 1 - Hilera 303</name><Style><LineStyle><color>ff00ff00</color><width>3</width></LineStyle></Style><LineString><coordinates>-71.26622,-34.6551816,0 -71.26606,-34.6549083,0</coordinates></LineString></Placemark><Placemark><name>Trabajado - Cuartel 1 - Hilera 304</name><Style><LineStyle><color>ff00ff00</color><width>3</width></LineStyle></Style><LineString><coordinates>-71.266385,-34.6551533,0 -71.2656683,-34.6548899,0</coordinates></LineString></Placemark><Placemark><name>Trabajado - Cuartel 1 - Hilera 305</name><Style><LineStyle><color>ff00ff00</color><width>3</width></LineStyle></Style><LineString><coordinates>-71.2656683,-34.6548899,0 -71.2662716,-34.655035,0</coordinates></LineString></Placemark><Placemark><name>Trabajado - Cuartel 1 - Hilera 306</name><Style><LineStyle><color>ff00ff00</color><width>3</width></LineStyle></Style><LineString><coordinates>-71.2662716,-34.655035,0 -71.26576329195159,-34.654744834833814,0</coordinates></LineString></Placemark><Placemark><name>Trabajado - Cuartel 1 - Hilera 307</name><Style><LineStyle><color>ff00ff00</color><width>3</width></LineStyle></Style><LineString><coordinates>-71.2660416,-34.6549766,0 -71.2660866,-34.6548883,0</coordinates></LineString></Placemark><Placemark><name>Trabajado - Cuartel 1 - Hilera 308</name><Style><LineStyle><color>ff00ff00</color><width>3</width></LineStyle></Style><LineString><coordinates>-71.2660583,-34.6550216,0 -71.265405,-34.6547066,0</coordinates></LineString></Placemark><Placemark><name>Trabajado - Cuartel 1 - Hilera 309</name><Style><LineStyle><color>ff00ff00</color><width>3</width></LineStyle></Style><LineString><coordinates>-71.265405,-34.6547066,0 -71.2660583,-34.6539833,0</coordinates></LineString></Placemark><Placemark><name>Trabajado - Cuartel 1 - Hilera 310</name><Style><LineStyle><color>ff00ff00</color><width>3</width></LineStyle></Style><LineString><coordinates>-71.2660583,-34.6539833,0 -71.2659383,-34.6538766,0</coordinates></LineString></Placemark><Placemark><name>Trabajado - Cuartel 1 - Hilera 311</name><Style><LineStyle><color>ff00ff00</color><width>3</width></LineStyle></Style><LineString><coordinates>-71.2657366,-34.6543116,0 -71.2659866,-34.6543733,0</coordinates></LineString></Placemark><Placemark><name>Trabajado - Cuartel 1 - Hilera 312</name><Style><LineStyle><color>ff00ff00</color><width>3</width></LineStyle></Style><LineString><coordinates>-71.2659866,-34.6543733,0 -71.2654416,-34.6535916,0</coordinates></LineString></Placemark><Placemark><name>Trabajado - Cuartel 1 - Hilera 949</name><Style><LineStyle><color>ff00ff00</color><width>3</width></LineStyle></Style><LineString><coordinates>-71.26573912765672,-34.65504719340694,0 -71.26604,-34.6550233,0</coordinates></LineString></Placemark><Placemark><name>Trabajado - Cuartel 1 - Hilera 950</name><Style><LineStyle><color>ff00ff00</color><width>3</width></LineStyle></Style><LineString><coordinates>-71.2658616,-34.6551583,0 -71.2664233,-34.654635,0</coordinates></LineString></Placemark><Placemark><name>Trabajado - Cuartel 1 - Hilera 951</name><Style><LineStyle><color>ff00ff00</color><width>3</width></LineStyle></Style><LineString><coordinates>-71.2664233,-34.654635,0 -71.26598,-34.6551466,0</coordinates></LineString></Placemark><Placemark><name>Trabajado - Cuartel 1 - Hilera 952</name><Style><LineStyle><color>ff00ff00</color><width>3</width></LineStyle></Style><LineString><coordinates>-71.2659533,-34.655105,0 -71.2658016,-34.6549399,0</coordinates></LineString></Placemark><Placemark><name>Trabajado - Cuartel 1 - Hilera 953</name><Style><LineStyle><color>ff00ff00</color><width>3</width></LineStyle></Style><LineString><coordinates>-71.2657633,-34.6548849,0 -71.2656883,-34.65497,0</coordinates></LineString></Placemark><Placemark><name>Trabajado - Cuartel 1 - Hilera 954</name><Style><LineStyle><color>ff00ff00</color><width>3</width></LineStyle></Style><LineString><coordinates>-71.2656883,-34.65497,0 -71.265735,-34.654835,0</coordinates></LineString></Placemark><Placemark><name>Trabajado - Cuartel 1 - Hilera 955</name><Style><LineStyle><color>ff00ff00</color><width>3</width></LineStyle></Style><LineString><coordinates>-71.2656983,-34.6548883,0 -71.2658283,-34.6551733,0</coordinates></LineString></Placemark><Placemark><name>Trabajado - Cuartel 1 - Hilera 956</name><Style><LineStyle><color>ff00ff00</color><width>3</width></LineStyle></Style><LineString><coordinates>-71.26536,-34.6549633,0 -71.2661808911723,-34.654910731392235,0</coordinates></LineString></Placemark><Placemark><name>Trabajado - Cuartel 1 - Hilera 957</name><Style><LineStyle><color>ff00ff00</color><width>3</width></LineStyle></Style><LineString><coordinates>-71.2658833,-34.6550399,0 -71.2658066,-34.6551,0</coordinates></LineString></Placemark><Placemark><name>Trabajado - Cuartel 1 - Hilera 958</name><Style><LineStyle><color>ff00ff00</color><width>3</width></LineStyle></Style><LineString><coordinates>-71.26588791015918,-34.655076883044174,0 -71.2658,-34.65502,0</coordinates></LineString></Placemark><Placemark><name>Descartado (grupo chico) - Hilera 122</name><Style><LineStyle><color>ff00ffff</color><width>3</width></LineStyle></Style><LineString><coordinates>-71.2658049,-34.6543733,0 -71.623745,-33.6790666,0</coordinates></LineString></Placemark><Placemark><name>Descartado (grupo chico) - Hilera 124</name><Style><LineStyle><color>ff00ffff</color><width>3</width></LineStyle></Style><LineString><coordinates>-71.2655266,-34.6535583,0 -71.2656816,-34.653445,0</coordinates></LineString></Placemark><Placemark><name>Descartado (grupo chico) - Hilera 125</name><Style><LineStyle><color>ff00ffff</color><width>3</width></LineStyle></Style><LineString><coordinates>-71.3884183,-34.5318916,0 -71.3882883,-34.5317933,0</coordinates></LineString></Placemark><Placemark><name>Trabajado - Cuartel 126 - Hilera 126</name><Style><LineStyle><color>ff00ff00</color><width>3</width></LineStyle></Style><LineString><coordinates>-71.6240466,-33.6795416,0 -71.6239083,-33.6791399,0</coordinates></LineString></Placemark><Placemark><name>Trabajado - Cuartel 126 - Hilera 127</name><Style><LineStyle><color>ff00ff00</color><width>3</width></LineStyle></Style><LineString><coordinates>-71.6238083,-33.6791616,0 -71.6237299,-33.67904,0</coordinates></LineString></Placemark><Placemark><name>Trabajado - Cuartel 126 - Hilera 129</name><Style><LineStyle><color>ff00ff00</color><width>3</width></LineStyle></Style><LineString><coordinates>-71.6237066,-33.67912,0 -71.6237133,-33.6789899,0</coordinates></LineString></Placemark><Placemark><name>Trabajado - Cuartel 126 - Hilera 130</name><Style><LineStyle><color>ff00ff00</color><width>3</width></LineStyle></Style><LineString><coordinates>-71.6237133,-33.6789899,0 -71.624055,-33.6794516,0</coordinates></LineString></Placemark><Placemark><name>Trabajado - Cuartel 126 - Hilera 131</name><Style><LineStyle><color>ff00ff00</color><width>3</width></LineStyle></Style><LineString><coordinates>-71.624055,-33.6794516,0 -71.6239616,-33.679605,0</coordinates></LineString></Placemark><Placemark><name>Trabajado - Cuartel 126 - Hilera 170</name><Style><LineStyle><color>ff00ff00</color><width>3</width></LineStyle></Style><LineString><coordinates>-71.6240749,-33.6795483,0 -71.6240583,-33.6792866,0</coordinates></LineString></Placemark><Placemark><name>Trabajado - Cuartel 126 - Hilera 172</name><Style><LineStyle><color>ff00ff00</color><width>3</width></LineStyle></Style><LineString><coordinates>-71.6237516,-33.67918,0 -71.62373490069693,-33.67900556270174,0</coordinates></LineString></Placemark><Placemark><name>Trabajado - Cuartel 126 - Hilera 173</name><Style><LineStyle><color>ff00ff00</color><width>3</width></LineStyle></Style><LineString><coordinates>-71.623695,-33.679175,0 -71.6237649,-33.6791083,0</coordinates></LineString></Placemark><Placemark><name>Trabajado - Cuartel 126 - Hilera 174</name><Style><LineStyle><color>ff00ff00</color><width>3</width></LineStyle></Style><LineString><coordinates>-71.62378910858972,-33.67903190429004,0 -71.6237516,-33.6792483,0</coordinates></LineString></Placemark><Placemark><name>Trabajado - Cuartel 126 - Hilera 176</name><Style><LineStyle><color>ff00ff00</color><width>3</width></LineStyle></Style><LineString><coordinates>-71.6238083,-33.6790633,0 -71.62375798529554,-33.67924950741059,0</coordinates></LineString></Placemark><Placemark><name>Trabajado - Cuartel 126 - Hilera 177</name><Style><LineStyle><color>ff00ff00</color><width>3</width></LineStyle></Style><LineString><coordinates>-71.6237183,-33.6791433,0 -71.6240033,-33.6789183,0</coordinates></LineString></Placemark><Placemark><name>Trabajado - Cuartel 126 - Hilera 178</name><Style><LineStyle><color>ff00ff00</color><width>3</width></LineStyle></Style><LineString><coordinates>-71.623985,-33.6789583,0 -71.6241183,-33.6792983,0</coordinates></LineString></Placemark><Placemark><name>Trabajado - Cuartel 126 - Hilera 179</name><Style><LineStyle><color>ff00ff00</color><width>3</width></LineStyle></Style><LineString><coordinates>-71.6241183,-33.6792983,0 -71.6241483,-33.6792216,0</coordinates></LineString></Placemark><Placemark><name>Trabajado - Cuartel 126 - Hilera 180</name><Style><LineStyle><color>ff00ff00</color><width>3</width></LineStyle></Style><LineString><coordinates>-71.6241483,-33.6792216,0 -71.62393,-33.6795883,0</coordinates></LineString></Placemark><Placemark><name>Trabajado - Cuartel 126 - Hilera 227</name><Style><LineStyle><color>ff00ff00</color><width>3</width></LineStyle></Style><LineString><coordinates>-71.62405,-33.6795666,0 -71.6240233,-33.6791116,0</coordinates></LineString></Placemark><Placemark><name>Trabajado - Cuartel 126 - Hilera 228</name><Style><LineStyle><color>ff00ff00</color><width>3</width></LineStyle></Style><LineString><coordinates>-71.6240233,-33.6791116,0 -71.6241166,-33.6790566,0</coordinates></LineString></Placemark><Placemark><name>Trabajado - Cuartel 126 - Hilera 229</name><Style><LineStyle><color>ff00ff00</color><width>3</width></LineStyle></Style><LineString><coordinates>-71.62402542520407,-33.679538057310545,0 -71.6242166,-33.6779533,0</coordinates></LineString></Placemark><Placemark><name>Trabajado - Cuartel 126 - Hilera 230</name><Style><LineStyle><color>ff00ff00</color><width>3</width></LineStyle></Style><LineString><coordinates>-71.6242166,-33.6779533,0 -71.6241266,-33.67908,0</coordinates></LineString></Placemark><Placemark><name>Trabajado - Cuartel 126 - Hilera 231</name><Style><LineStyle><color>ff00ff00</color><width>3</width></LineStyle></Style><LineString><coordinates>-71.6241116,-33.6790533,0 -71.624225,-33.6793566,0</coordinates></LineString></Placemark><Placemark><name>Trabajado - Cuartel 126 - Hilera 232</name><Style><LineStyle><color>ff00ff00</color><width>3</width></LineStyle></Style><LineString><coordinates>-71.624225,-33.6793566,0 -71.6239333,-33.6797683,0</coordinates></LineString></Placemark><Placemark><name>Trabajado - Cuartel 126 - Hilera 240</name><Style><LineStyle><color>ff00ff00</color><width>3</width></LineStyle></Style><LineString><coordinates>-71.6240349,-33.6794616,0 -71.6239183,-33.6792283,0</coordinates></LineString></Placemark><Placemark><name>Trabajado - Cuartel 126 - Hilera 241</name><Style><LineStyle><color>ff00ff00</color><width>3</width></LineStyle></Style><LineString><coordinates>-71.6237533,-33.6791533,0 -71.6238133,-33.6790783,0</coordinates></LineString></Placemark><Placemark><name>Descartado (grupo chico) - Hilera 128</name><Style><LineStyle><color>ff00ffff</color><width>3</width></LineStyle></Style><LineString><coordinates>-71.62366633518566,-33.67907784494729,0 -71.62391931526214,-33.679227095729885,0</coordinates></LineString></Placemark><Placemark><name>Descartado (grupo chico) - Hilera 171</name><Style><LineStyle><color>ff00ffff</color><width>3</width></LineStyle></Style><LineString><coordinates>-71.6240583,-33.6792866,0 -71.6237766,-33.6791133,0</coordinates></LineString></Placemark><Placemark><name>Descartado (grupo chico) - Hilera 175</name><Style><LineStyle><color>ff00ffff</color><width>3</width></LineStyle></Style><LineString><coordinates>-71.6236716,-33.6790716,0 -71.6238083,-33.6790633,0</coordinates></LineString></Placemark><Placemark><name>Descartado (grupo chico) - Hilera 242</name><Style><LineStyle><color>ff00ffff</color><width>3</width></LineStyle></Style><LineString><coordinates>-71.623795,-33.6791516,0 -71.62365,-33.679125,0</coordinates></LineString></Placemark><Placemark><name>Descartado (grupo chico) - Hilera 243</name><Style><LineStyle><color>ff00ffff</color><width>3</width></LineStyle></Style><LineString><coordinates>-71.62365,-33.679125,0 -71.6237733,-33.6791766,0</coordinates></LineString></Placemark><Placemark><name>Descartado (grupo chico) - Hilera 132</name><Style><LineStyle><color>ff00ffff</color><width>3</width></LineStyle></Style><LineString><coordinates>-71.6239616,-33.679605,0 -71.6204899,-33.6805433,0</coordinates></LineString></Placemark><Placemark><name>Descartado (grupo chico) - Hilera 169</name><Style><LineStyle><color>ff00ffff</color><width>3</width></LineStyle></Style><LineString><coordinates>-71.6204816,-33.680555,0 -71.6240749,-33.6795483,0</coordinates></LineString></Placemark><Placemark><name>Descartado (grupo chico) - Hilera 181</name><Style><LineStyle><color>ff00ffff</color><width>3</width></LineStyle></Style><LineString><coordinates>-71.62393,-33.6795883,0 -71.6202133,-33.6808116,0</coordinates></LineString></Placemark><Placemark><name>Descartado (grupo chico) - Hilera 133</name><Style><LineStyle><color>ff00ffff</color><width>3</width></LineStyle></Style><LineString><coordinates>-71.6205133,-33.6805966,0 -71.6204966,-33.680695,0</coordinates></LineString></Placemark><Placemark><name>Descartado (grupo chico) - Hilera 168</name><Style><LineStyle><color>ff00ffff</color><width>3</width></LineStyle></Style><LineString><coordinates>-71.6204816,-33.6806599,0 -71.6204816,-33.680555,0</coordinates></LineString></Placemark><Placemark><name>Descartado (grupo chico) - Hilera 134</name><Style><LineStyle><color>ff00ffff</color><width>3</width></LineStyle></Style><LineString><coordinates>-71.6204966,-33.680695,0 -71.6194533,-33.6810283,0</coordinates></LineString></Placemark><Placemark><name>Descartado (grupo chico) - Hilera 167</name><Style><LineStyle><color>ff00ffff</color><width>3</width></LineStyle></Style><LineString><coordinates>-71.6195016,-33.681,0 -71.6204816,-33.6806516,0</coordinates></LineString></Placemark><Placemark><name>Descartado (grupo chico) - Hilera 135</name><Style><LineStyle><color>ff00ffff</color><width>3</width></LineStyle></Style><LineString><coordinates>-71.6194533,-33.6810283,0 -71.6193566,-33.6919633,0</coordinates></LineString></Placemark><Placemark><name>Descartado (grupo chico) - Hilera 136</name><Style><LineStyle><color>ff00ffff</color><width>3</width></LineStyle></Style><LineString><coordinates>-71.61941671944619,-33.691962642446796,0 -71.6164583,-33.691995,0</coordinates></LineString></Placemark><Placemark><name>Descartado (grupo chico) - Hilera 137</name><Style><LineStyle><color>ff00ffff</color><width>3</width></LineStyle></Style><LineString><coordinates>-71.6164583,-33.691995,0 -71.6164433,-33.6937083,0</coordinates></LineString></Placemark><Placemark><name>Descartado (grupo chico) - Hilera 166</name><Style><LineStyle><color>ff00ffff</color><width>3</width></LineStyle></Style><LineString><coordinates>-71.6164683,-33.6936483,0 -71.6164966,-33.6919783,0</coordinates></LineString></Placemark><Placemark><name>Trabajado - Cuartel 138 - Hilera 138</name><Style><LineStyle><color>ff00ff00</color><width>3</width></LineStyle></Style><LineString><coordinates>-71.6164433,-33.6937083,0 -71.6166166,-33.6939099,0</coordinates></LineString></Placemark><Placemark><name>Trabajado - Cuartel 138 - Hilera 140</name><Style><LineStyle><color>ff00ff00</color><width>3</width></LineStyle></Style><LineString><coordinates>-71.6167783,-33.6938733,0 -71.6168883,-33.6940416,0</coordinates></LineString></Placemark><Placemark><name>Trabajado - Cuartel 138 - Hilera 142</name><Style><LineStyle><color>ff00ff00</color><width>3</width></LineStyle></Style><LineString><coordinates>-71.6167883,-33.6941566,0 -71.6169133,-33.6942699,0</coordinates></LineString></Placemark><Placemark><name>Trabajado - Cuartel 138 - Hilera 143</name><Style><LineStyle><color>ff00ff00</color><width>3</width></LineStyle></Style><LineString><coordinates>-71.6167894802673,-33.69390137655572,0 -71.616985,-33.6944833,0</coordinates></LineString></Placemark><Placemark><name>Trabajado - Cuartel 138 - Hilera 144</name><Style><LineStyle><color>ff00ff00</color><width>3</width></LineStyle></Style><LineString><coordinates>-71.616985,-33.6944833,0 -71.6172433,-33.6946316,0</coordinates></LineString></Placemark><Placemark><name>Trabajado - Cuartel 138 - Hilera 162</name><Style><LineStyle><color>ff00ff00</color><width>3</width></LineStyle></Style><LineString><coordinates>-71.6172416,-33.6947083,0 -71.6172533,-33.6945466,0</coordinates></LineString></Placemark><Placemark><name>Trabajado - Cuartel 138 - Hilera 163</name><Style><LineStyle><color>ff00ff00</color><width>3</width></LineStyle></Style><LineString><coordinates>-71.6172533,-33.6945466,0 -71.6169583,-33.694395,0</coordinates></LineString></Placemark><Placemark><name>Trabajado - Cuartel 138 - Hilera 165</name><Style><LineStyle><color>ff00ff00</color><width>3</width></LineStyle></Style><LineString><coordinates>-71.616615,-33.6938899,0 -71.6164683,-33.6936483,0</coordinates></LineString></Placemark><Placemark><name>Descartado (grupo chico) - Hilera 139</name><Style><LineStyle><color>ff00ffff</color><width>3</width></LineStyle></Style><LineString><coordinates>-71.6166166,-33.6939099,0 -71.6167783,-33.6938733,0</coordinates></LineString></Placemark><Placemark><name>Descartado (grupo chico) - Hilera 164</name><Style><LineStyle><color>ff00ffff</color><width>3</width></LineStyle></Style><LineString><coordinates>-71.6168166,-33.693895,0 -71.616615,-33.6938899,0</coordinates></LineString></Placemark><Placemark><name>Descartado (grupo chico) - Hilera 141</name><Style><LineStyle><color>ff00ffff</color><width>3</width></LineStyle></Style><LineString><coordinates>-71.6168883,-33.6940416,0 -71.6167883,-33.6941566,0</coordinates></LineString></Placemark><Placemark><name>Trabajado - Cuartel 145 - Hilera 145</name><Style><LineStyle><color>ff00ff00</color><width>3</width></LineStyle></Style><LineString><coordinates>-71.6172433,-33.6946316,0 -71.6170133,-33.6948866,0</coordinates></LineString></Placemark><Placemark><name>Trabajado - Cuartel 145 - Hilera 146</name><Style><LineStyle><color>ff00ff00</color><width>3</width></LineStyle></Style><LineString><coordinates>-71.6170133,-33.6948866,0 -71.6168316,-33.6949583,0</coordinates></LineString></Placemark><Placemark><name>Trabajado - Cuartel 145 - Hilera 147</name><Style><LineStyle><color>ff00ff00</color><width>3</width></LineStyle></Style><LineString><coordinates>-71.6168316,-33.6949583,0 -71.6167583,-33.6950383,0</coordinates></LineString></Placemark><Placemark><name>Trabajado - Cuartel 145 - Hilera 148</name><Style><LineStyle><color>ff00ff00</color><width>3</width></LineStyle></Style><LineString><coordinates>-71.6167583,-33.6950383,0 -71.616545,-33.6950999,0</coordinates></LineString></Placemark><Placemark><name>Trabajado - Cuartel 145 - Hilera 149</name><Style><LineStyle><color>ff00ff00</color><width>3</width></LineStyle></Style><LineString><coordinates>-71.616545,-33.6950999,0 -71.6163233,-33.69529,0</coordinates></LineString></Placemark><Placemark><name>Trabajado - Cuartel 145 - Hilera 161</name><Style><LineStyle><color>ff00ff00</color><width>3</width></LineStyle></Style><LineString><coordinates>-71.6163733,-33.6952483,0 -71.6172416,-33.6947083,0</coordinates></LineString></Placemark><Placemark><name>Descartado (grupo chico) - Hilera 150</name><Style><LineStyle><color>ff00ffff</color><width>3</width></LineStyle></Style><LineString><coordinates>-71.6163233,-33.69529,0 -71.616285,-33.7016133,0</coordinates></LineString></Placemark><Placemark><name>Descartado (grupo chico) - Hilera 151</name><Style><LineStyle><color>ff00ffff</color><width>3</width></LineStyle></Style><LineString><coordinates>-71.616285,-33.7016133,0 -71.6124866,-33.7012366,0</coordinates></LineString></Placemark><Placemark><name>Descartado (grupo chico) - Hilera 160</name><Style><LineStyle><color>ff00ffff</color><width>3</width></LineStyle></Style><LineString><coordinates>-71.6129216,-33.7016299,0 -71.6163916,-33.7016516,0</coordinates></LineString></Placemark><Placemark><name>Descartado (grupo chico) - Hilera 152</name><Style><LineStyle><color>ff00ffff</color><width>3</width></LineStyle></Style><LineString><coordinates>-71.6124866,-33.7012366,0 -71.6134516,-33.7016449,0</coordinates></LineString></Placemark><Placemark><name>Descartado (grupo chico) - Hilera 153</name><Style><LineStyle><color>ff00ffff</color><width>3</width></LineStyle></Style><LineString><coordinates>-71.6134633,-33.7016433,0 -71.6134083,-33.7021633,0</coordinates></LineString></Placemark><Placemark><name>Descartado (grupo chico) - Hilera 154</name><Style><LineStyle><color>ff00ffff</color><width>3</width></LineStyle></Style><LineString><coordinates>-71.6134083,-33.7021633,0 -71.6134416,-33.7023283,0</coordinates></LineString></Placemark><Placemark><name>Descartado (grupo chico) - Hilera 157</name><Style><LineStyle><color>ff00ffff</color><width>3</width></LineStyle></Style><LineString><coordinates>-71.6135066,-33.70235,0 -71.613535,-33.702435,0</coordinates></LineString></Placemark><Placemark><name>Descartado (grupo chico) - Hilera 159</name><Style><LineStyle><color>ff00ffff</color><width>3</width></LineStyle></Style><LineString><coordinates>-71.6128649,-33.7018549,0 -71.6129216,-33.7016299,0</coordinates></LineString></Placemark><Placemark><name>Descartado (grupo chico) - Hilera 155</name><Style><LineStyle><color>ff00ffff</color><width>3</width></LineStyle></Style><LineString><coordinates>-71.61352,-33.7024016,0 -71.61343,-33.7023666,0</coordinates></LineString></Placemark><Placemark><name>Descartado (grupo chico) - Hilera 156</name><Style><LineStyle><color>ff00ffff</color><width>3</width></LineStyle></Style><LineString><coordinates>-71.6133883,-33.7024,0 -71.6135083,-33.7023866,0</coordinates></LineString></Placemark><Placemark><name>Descartado (grupo chico) - Hilera 158</name><Style><LineStyle><color>ff00ffff</color><width>3</width></LineStyle></Style><LineString><coordinates>-71.613535,-33.702435,0 -71.6128649,-33.7018549,0</coordinates></LineString></Placemark><Placemark><name>Descartado (grupo chico) - Hilera 182</name><Style><LineStyle><color>ff00ffff</color><width>3</width></LineStyle></Style><LineString><coordinates>-71.6202133,-33.6808116,0 -71.6127716,-33.6829433,0</coordinates></LineString></Placemark><Placemark><name>Descartado (grupo chico) - Hilera 226</name><Style><LineStyle><color>ff00ffff</color><width>3</width></LineStyle></Style><LineString><coordinates>-71.6129333,-33.6828299,0 -71.6204933,-33.6806599,0</coordinates></LineString></Placemark><Placemark><name>Descartado (grupo chico) - Hilera 183</name><Style><LineStyle><color>ff00ffff</color><width>3</width></LineStyle></Style><LineString><coordinates>-71.6127716,-33.6829433,0 -71.61086,-33.69504,0</coordinates></LineString></Placemark><Placemark><name>Descartado (grupo chico) - Hilera 234</name><Style><LineStyle><color>ff00ffff</color><width>3</width></LineStyle></Style><LineString><coordinates>-71.6127,-33.683035,0 -71.6109716,-33.6943233,0</coordinates></LineString></Placemark><Placemark><name>Trabajado - Cuartel 184 - Hilera 184</name><Style><LineStyle><color>ff00ff00</color><width>3</width></LineStyle></Style><LineString><coordinates>-71.6108816,-33.6950533,0 -71.6109133,-33.6951283,0</coordinates></LineString></Placemark><Placemark><name>Trabajado - Cuartel 184 - Hilera 185</name><Style><LineStyle><color>ff00ff00</color><width>3</width></LineStyle></Style><LineString><coordinates>-71.6109133,-33.6951283,0 -71.6111199,-33.6951566,0</coordinates></LineString></Placemark><Placemark><name>Trabajado - Cuartel 184 - Hilera 186</name><Style><LineStyle><color>ff00ff00</color><width>3</width></LineStyle></Style><LineString><coordinates>-71.6111199,-33.6951566,0 -71.610955,-33.6950633,0</coordinates></LineString></Placemark><Placemark><name>Trabajado - Cuartel 184 - Hilera 187</name><Style><LineStyle><color>ff00ff00</color><width>3</width></LineStyle></Style><LineString><coordinates>-71.610955,-33.6950633,0 -71.61163,-33.6950583,0</coordinates></LineString></Placemark><Placemark><name>Trabajado - Cuartel 184 - Hilera 188</name><Style><LineStyle><color>ff00ff00</color><width>3</width></LineStyle></Style><LineString><coordinates>-71.6116066,-33.69511,0 -71.611385,-33.695095,0</coordinates></LineString></Placemark><Placemark><name>Trabajado - Cuartel 184 - Hilera 189</name><Style><LineStyle><color>ff00ff00</color><width>3</width></LineStyle></Style><LineString><coordinates>-71.611385,-33.695095,0 -71.6116766,-33.694995,0</coordinates></LineString></Placemark><Placemark><name>Trabajado - Cuartel 184 - Hilera 190</name><Style><LineStyle><color>ff00ff00</color><width>3</width></LineStyle></Style><LineString><coordinates>-71.6116766,-33.694995,0 -71.6110066,-33.69497,0</coordinates></LineString></Placemark><Placemark><name>Trabajado - Cuartel 184 - Hilera 191</name><Style><LineStyle><color>ff00ff00</color><width>3</width></LineStyle></Style><LineString><coordinates>-71.6110066,-33.69497,0 -71.6107616,-33.694865,0</coordinates></LineString></Placemark><Placemark><name>Trabajado - Cuartel 184 - Hilera 192</name><Style><LineStyle><color>ff00ff00</color><width>3</width></LineStyle></Style><LineString><coordinates>-71.6107616,-33.694865,0 -71.6117416,-33.6948899,0</coordinates></LineString></Placemark><Placemark><name>Trabajado - Cuartel 184 - Hilera 193</name><Style><LineStyle><color>ff00ff00</color><width>3</width></LineStyle></Style><LineString><coordinates>-71.6117416,-33.6948899,0 -71.6116783,-33.6949649,0</coordinates></LineString></Placemark><Placemark><name>Trabajado - Cuartel 184 - Hilera 194</name><Style><LineStyle><color>ff00ff00</color><width>3</width></LineStyle></Style><LineString><coordinates>-71.6116783,-33.6949649,0 -71.6109466,-33.6949333,0</coordinates></LineString></Placemark><Placemark><name>Trabajado - Cuartel 184 - Hilera 195</name><Style><LineStyle><color>ff00ff00</color><width>3</width></LineStyle></Style><LineString><coordinates>-71.6109466,-33.6949333,0 -71.6108416,-33.6948199,0</coordinates></LineString></Placemark><Placemark><name>Trabajado - Cuartel 184 - Hilera 196</name><Style><LineStyle><color>ff00ff00</color><width>3</width></LineStyle></Style><LineString><coordinates>-71.6108416,-33.6948199,0 -71.6117,-33.6948066,0</coordinates></LineString></Placemark><Placemark><name>Trabajado - Cuartel 184 - Hilera 197</name><Style><LineStyle><color>ff00ff00</color><width>3</width></LineStyle></Style><LineString><coordinates>-71.6117,-33.6948066,0 -71.6116266,-33.694865,0</coordinates></LineString></Placemark><Placemark><name>Trabajado - Cuartel 184 - Hilera 198</name><Style><LineStyle><color>ff00ff00</color><width>3</width></LineStyle></Style><LineString><coordinates>-71.6116266,-33.694865,0 -71.61108,-33.6949099,0</coordinates></LineString></Placemark><Placemark><name>Trabajado - Cuartel 184 - Hilera 199</name><Style><LineStyle><color>ff00ff00</color><width>3</width></LineStyle></Style><LineString><coordinates>-71.61108,-33.6949099,0 -71.6108133,-33.6947966,0</coordinates></LineString></Placemark><Placemark><name>Trabajado - Cuartel 184 - Hilera 200</name><Style><LineStyle><color>ff00ff00</color><width>3</width></LineStyle></Style><LineString><coordinates>-71.6108133,-33.6947966,0 -71.61116004220555,-33.69459711524303,0</coordinates></LineString></Placemark><Placemark><name>Trabajado - Cuartel 184 - Hilera 201</name><Style><LineStyle><color>ff00ff00</color><width>3</width></LineStyle></Style><LineString><coordinates>-71.61090145966924,-33.694695960840306,0 -71.61171001141356,-33.694687176509696,0</coordinates></LineString></Placemark><Placemark><name>Trabajado - Cuartel 184 - Hilera 202</name><Style><LineStyle><color>ff00ff00</color><width>3</width></LineStyle></Style><LineString><coordinates>-71.6116066,-33.6946883,0 -71.61163,-33.6947716,0</coordinates></LineString></Placemark><Placemark><name>Trabajado - Cuartel 184 - Hilera 203</name><Style><LineStyle><color>ff00ff00</color><width>3</width></LineStyle></Style><LineString><coordinates>-71.61163,-33.6947716,0 -71.6112933,-33.6947599,0</coordinates></LineString></Placemark><Placemark><name>Trabajado - Cuartel 184 - Hilera 204</name><Style><LineStyle><color>ff00ff00</color><width>3</width></LineStyle></Style><LineString><coordinates>-71.6112933,-33.6947599,0 -71.6112733,-33.6946733,0</coordinates></LineString></Placemark><Placemark><name>Trabajado - Cuartel 184 - Hilera 205</name><Style><LineStyle><color>ff00ff00</color><width>3</width></LineStyle></Style><LineString><coordinates>-71.6112733,-33.6946733,0 -71.6111566,-33.6947766,0</coordinates></LineString></Placemark><Placemark><name>Trabajado - Cuartel 184 - Hilera 206</name><Style><LineStyle><color>ff00ff00</color><width>3</width></LineStyle></Style><LineString><coordinates>-71.6111566,-33.6947766,0 -71.61089,-33.6947783,0</coordinates></LineString></Placemark><Placemark><name>Trabajado - Cuartel 184 - Hilera 207</name><Style><LineStyle><color>ff00ff00</color><width>3</width></LineStyle></Style><LineString><coordinates>-71.61089,-33.6947783,0 -71.6108783,-33.6946666,0</coordinates></LineString></Placemark><Placemark><name>Trabajado - Cuartel 184 - Hilera 208</name><Style><LineStyle><color>ff00ff00</color><width>3</width></LineStyle></Style><LineString><coordinates>-71.61084,-33.6946733,0 -71.6110766,-33.69464,0</coordinates></LineString></Placemark><Placemark><name>Trabajado - Cuartel 184 - Hilera 209</name><Style><LineStyle><color>ff00ff00</color><width>3</width></LineStyle></Style><LineString><coordinates>-71.61115,-33.6945849,0 -71.6117099,-33.69468,0</coordinates></LineString></Placemark><Placemark><name>Trabajado - Cuartel 184 - Hilera 210</name><Style><LineStyle><color>ff00ff00</color><width>3</width></LineStyle></Style><LineString><coordinates>-71.6109666,-33.6944983,0 -71.61162212474402,-33.694517390720605,0</coordinates></LineString></Placemark><Placemark><name>Trabajado - Cuartel 184 - Hilera 211</name><Style><LineStyle><color>ff00ff00</color><width>3</width></LineStyle></Style><LineString><coordinates>-71.6116216,-33.69453,0 -71.611735,-33.6945999,0</coordinates></LineString></Placemark><Placemark><name>Trabajado - Cuartel 184 - Hilera 212</name><Style><LineStyle><color>ff00ff00</color><width>3</width></LineStyle></Style><LineString><coordinates>-71.611735,-33.6945999,0 -71.6109483,-33.6945783,0</coordinates></LineString></Placemark><Placemark><name>Trabajado - Cuartel 184 - Hilera 213</name><Style><LineStyle><color>ff00ff00</color><width>3</width></LineStyle></Style><LineString><coordinates>-71.6109483,-33.6945783,0 -71.6110049,-33.6944716,0</coordinates></LineString></Placemark><Placemark><name>Trabajado - Cuartel 184 - Hilera 214</name><Style><LineStyle><color>ff00ff00</color><width>3</width></LineStyle></Style><LineString><coordinates>-71.6110049,-33.6944716,0 -71.6113149,-33.6944266,0</coordinates></LineString></Placemark><Placemark><name>Trabajado - Cuartel 184 - Hilera 215</name><Style><LineStyle><color>ff00ff00</color><width>3</width></LineStyle></Style><LineString><coordinates>-71.61097187058591,-33.69432267498209,0 -71.6117166,-33.6945483,0</coordinates></LineString></Placemark><Placemark><name>Trabajado - Cuartel 184 - Hilera 216</name><Style><LineStyle><color>ff00ff00</color><width>3</width></LineStyle></Style><LineString><coordinates>-71.6110966,-33.6945883,0 -71.6108866,-33.694475,0</coordinates></LineString></Placemark><Placemark><name>Trabajado - Cuartel 184 - Hilera 217</name><Style><LineStyle><color>ff00ff00</color><width>3</width></LineStyle></Style><LineString><coordinates>-71.6108866,-33.694475,0 -71.6111333,-33.6943233,0</coordinates></LineString></Placemark><Placemark><name>Trabajado - Cuartel 184 - Hilera 218</name><Style><LineStyle><color>ff00ff00</color><width>3</width></LineStyle></Style><LineString><coordinates>-71.6111333,-33.6943233,0 -71.6114433,-33.6943816,0</coordinates></LineString></Placemark><Placemark><name>Trabajado - Cuartel 184 - Hilera 219</name><Style><LineStyle><color>ff00ff00</color><width>3</width></LineStyle></Style><LineString><coordinates>-71.6114433,-33.6943816,0 -71.6109183,-33.6943416,0</coordinates></LineString></Placemark><Placemark><name>Trabajado - Cuartel 184 - Hilera 220</name><Style><LineStyle><color>ff00ff00</color><width>3</width></LineStyle></Style><LineString><coordinates>-71.6109183,-33.6943416,0 -71.6108916,-33.6944316,0</coordinates></LineString></Placemark><Placemark><name>Trabajado - Cuartel 184 - Hilera 221</name><Style><LineStyle><color>ff00ff00</color><width>3</width></LineStyle></Style><LineString><coordinates>-71.6109166,-33.694395,0 -71.6110616,-33.6943366,0</coordinates></LineString></Placemark><Placemark><name>Trabajado - Cuartel 184 - Hilera 222</name><Style><LineStyle><color>ff00ff00</color><width>3</width></LineStyle></Style><LineString><coordinates>-71.6110616,-33.6943366,0 -71.6108766,-33.694365,0</coordinates></LineString></Placemark><Placemark><name>Trabajado - Cuartel 184 - Hilera 223</name><Style><LineStyle><color>ff00ff00</color><width>3</width></LineStyle></Style><LineString><coordinates>-71.6108766,-33.694365,0 -71.610885,-33.6942849,0</coordinates></LineString></Placemark><Placemark><name>Trabajado - Cuartel 184 - Hilera 235</name><Style><LineStyle><color>ff00ff00</color><width>3</width></LineStyle></Style><LineString><coordinates>-71.611155,-33.6943616,0 -71.6118499,-33.6943316,0</coordinates></LineString></Placemark><Placemark><name>Trabajado - Cuartel 184 - Hilera 236</name><Style><LineStyle><color>ff00ff00</color><width>3</width></LineStyle></Style><LineString><coordinates>-71.6118983,-33.6942983,0 -71.6112016,-33.6943816,0</coordinates></LineString></Placemark><Placemark><name>Descartado (grupo chico) - Hilera 224</name><Style><LineStyle><color>ff00ffff</color><width>3</width></LineStyle></Style><LineString><coordinates>-71.610925,-33.69426,0 -71.6108949,-33.6931916,0</coordinates></LineString></Placemark><Placemark><name>Descartado (grupo chico) - Hilera 225</name><Style><LineStyle><color>ff00ffff</color><width>3</width></LineStyle></Style><LineString><coordinates>-71.6109266,-33.6931416,0 -71.6129333,-33.6828299,0</coordinates></LineString></Placemark><Placemark><name>Descartado (grupo chico) - Hilera 233</name><Style><LineStyle><color>ff00ffff</color><width>3</width></LineStyle></Style><LineString><coordinates>-71.6239333,-33.6797683,0 -71.6127,-33.683035,0</coordinates></LineString></Placemark><Placemark><name>Descartado (grupo chico) - Hilera 239</name><Style><LineStyle><color>ff00ffff</color><width>3</width></LineStyle></Style><LineString><coordinates>-71.6129066,-33.6828983,0 -71.6240349,-33.6794616,0</coordinates></LineString></Placemark><Placemark><name>Descartado (grupo chico) - Hilera 237</name><Style><LineStyle><color>ff00ffff</color><width>3</width></LineStyle></Style><LineString><coordinates>-71.6112016,-33.6943816,0 -71.6108866,-33.689745,0</coordinates></LineString></Placemark><Placemark><name>Descartado (grupo chico) - Hilera 238</name><Style><LineStyle><color>ff00ffff</color><width>3</width></LineStyle></Style><LineString><coordinates>-71.6109499,-33.68969,0 -71.6129066,-33.6828983,0</coordinates></LineString></Placemark><Placemark><name>Descartado (grupo chico) - Hilera 244</name><Style><LineStyle><color>ff00ffff</color><width>3</width></LineStyle></Style><LineString><coordinates>-71.3200266,-34.632885,0 -71.3200449,-34.6330066,0</coordinates></LineString></Placemark><Placemark><name>Descartado (grupo chico) - Hilera 245</name><Style><LineStyle><color>ff00ffff</color><width>3</width></LineStyle></Style><LineString><coordinates>-71.3234116,-34.635575,0 -71.3233166,-34.63568,0</coordinates></LineString></Placemark><Placemark><name>Descartado (grupo chico) - Hilera 246</name><Style><LineStyle><color>ff00ffff</color><width>3</width></LineStyle></Style><LineString><coordinates>-71.30118,-34.6470033,0 -71.30103,-34.6473466,0</coordinates></LineString></Placemark><Placemark><name>Descartado (grupo chico) - Hilera 247</name><Style><LineStyle><color>ff00ffff</color><width>3</width></LineStyle></Style><LineString><coordinates>-71.30103,-34.6473466,0 -71.2945649,-34.6543983,0</coordinates></LineString></Placemark><Placemark><name>Descartado (grupo chico) - Hilera 248</name><Style><LineStyle><color>ff00ffff</color><width>3</width></LineStyle></Style><LineString><coordinates>-71.2945649,-34.6543983,0 -71.29373,-34.6547316,0</coordinates></LineString></Placemark><Placemark><name>Trabajado - Cuartel 313 - Hilera 313</name><Style><LineStyle><color>ff00ff00</color><width>3</width></LineStyle></Style><LineString><coordinates>-70.728735,-34.114945,0 -70.7286066,-34.1150033,0</coordinates></LineString></Placemark><Placemark><name>Trabajado - Cuartel 313 - Hilera 314</name><Style><LineStyle><color>ff00ff00</color><width>3</width></LineStyle></Style><LineString><coordinates>-70.7285349,-34.1149633,0 -70.7288516,-34.11483,0</coordinates></LineString></Placemark><Placemark><name>Trabajado - Cuartel 313 - Hilera 315</name><Style><LineStyle><color>ff00ff00</color><width>3</width></LineStyle></Style><LineString><coordinates>-70.7288516,-34.11483,0 -70.72882,-34.1146566,0</coordinates></LineString></Placemark><Placemark><name>Trabajado - Cuartel 313 - Hilera 316</name><Style><LineStyle><color>ff00ff00</color><width>3</width></LineStyle></Style><LineString><coordinates>-70.7288416,-34.1147349,0 -70.728895,-34.1148166,0</coordinates></LineString></Placemark><Placemark><name>Trabajado - Cuartel 313 - Hilera 317</name><Style><LineStyle><color>ff00ff00</color><width>3</width></LineStyle></Style><LineString><coordinates>-70.728895,-34.1148166,0 -70.7285016,-34.11509,0</coordinates></LineString></Placemark><Placemark><name>Trabajado - Cuartel 313 - Hilera 318</name><Style><LineStyle><color>ff00ff00</color><width>3</width></LineStyle></Style><LineString><coordinates>-70.7285016,-34.11509,0 -70.7288933,-34.1144433,0</coordinates></LineString></Placemark><Placemark><name>Trabajado - Cuartel 313 - Hilera 319</name><Style><LineStyle><color>ff00ff00</color><width>3</width></LineStyle></Style><LineString><coordinates>-70.7288933,-34.1144433,0 -70.728895,-34.1148166,0</coordinates></LineString></Placemark><Placemark><name>Trabajado - Cuartel 313 - Hilera 321</name><Style><LineStyle><color>ff00ff00</color><width>3</width></LineStyle></Style><LineString><coordinates>-70.728895,-34.11484,0 -70.7295533,-34.1152466,0</coordinates></LineString></Placemark><Placemark><name>Trabajado - Cuartel 313 - Hilera 322</name><Style><LineStyle><color>ff00ff00</color><width>3</width></LineStyle></Style><LineString><coordinates>-70.7295533,-34.1152466,0 -70.72883,-34.11473,0</coordinates></LineString></Placemark><Placemark><name>Trabajado - Cuartel 313 - Hilera 323</name><Style><LineStyle><color>ff00ff00</color><width>3</width></LineStyle></Style><LineString><coordinates>-70.72883,-34.11473,0 -70.7285866,-34.1147683,0</coordinates></LineString></Placemark><Placemark><name>Trabajado - Cuartel 313 - Hilera 324</name><Style><LineStyle><color>ff00ff00</color><width>3</width></LineStyle></Style><LineString><coordinates>-70.7285866,-34.1147683,0 -70.7285816,-34.1149483,0</coordinates></LineString></Placemark><Placemark><name>Trabajado - Cuartel 313 - Hilera 325</name><Style><LineStyle><color>ff00ff00</color><width>3</width></LineStyle></Style><LineString><coordinates>-70.7285816,-34.1149483,0 -70.7286266,-34.115035,0</coordinates></LineString></Placemark><Placemark><name>Trabajado - Cuartel 313 - Hilera 376</name><Style><LineStyle><color>ff00ff00</color><width>3</width></LineStyle></Style><LineString><coordinates>-70.7286816,-34.11494,0 -70.728075,-34.11471,0</coordinates></LineString></Placemark><Placemark><name>Trabajado - Cuartel 313 - Hilera 377</name><Style><LineStyle><color>ff00ff00</color><width>3</width></LineStyle></Style><LineString><coordinates>-70.72801300963934,-34.11481703925634,0 -70.72813455191981,-34.114607171219184,0</coordinates></LineString></Placemark><Placemark><name>Trabajado - Cuartel 313 - Hilera 378</name><Style><LineStyle><color>ff00ff00</color><width>3</width></LineStyle></Style><LineString><coordinates>-70.7281233,-34.1146266,0 -70.7281533,-34.1147133,0</coordinates></LineString></Placemark><Placemark><name>Trabajado - Cuartel 313 - Hilera 379</name><Style><LineStyle><color>ff00ff00</color><width>3</width></LineStyle></Style><LineString><coordinates>-70.72815737767017,-34.114639901936954,0 -70.7281439449352,-34.1148816911663,0</coordinates></LineString></Placemark><Placemark><name>Trabajado - Cuartel 313 - Hilera 380</name><Style><LineStyle><color>ff00ff00</color><width>3</width></LineStyle></Style><LineString><coordinates>-70.72817093710391,-34.11487665061586,0 -70.72812,-34.1147116,0</coordinates></LineString></Placemark><Placemark><name>Trabajado - Cuartel 313 - Hilera 381</name><Style><LineStyle><color>ff00ff00</color><width>3</width></LineStyle></Style><LineString><coordinates>-70.72868489047272,-34.11509500982305,0 -70.7280316,-34.1146516,0</coordinates></LineString></Placemark><Placemark><name>Trabajado - Cuartel 313 - Hilera 382</name><Style><LineStyle><color>ff00ff00</color><width>3</width></LineStyle></Style><LineString><coordinates>-70.7280316,-34.1146516,0 -70.728125,-34.1146033,0</coordinates></LineString></Placemark><Placemark><name>Trabajado - Cuartel 313 - Hilera 383</name><Style><LineStyle><color>ff00ff00</color><width>3</width></LineStyle></Style><LineString><coordinates>-70.7280733,-34.1146816,0 -70.72911378707816,-34.11501393281886,0</coordinates></LineString></Placemark><Placemark><name>Trabajado - Cuartel 313 - Hilera 384</name><Style><LineStyle><color>ff00ff00</color><width>3</width></LineStyle></Style><LineString><coordinates>-70.7280366,-34.1148266,0 -70.72812267643715,-34.114659608675716,0</coordinates></LineString></Placemark><Placemark><name>Trabajado - Cuartel 313 - Hilera 385</name><Style><LineStyle><color>ff00ff00</color><width>3</width></LineStyle></Style><LineString><coordinates>-70.72845435626941,-34.11487460661681,0 -70.7287866,-34.1148933,0</coordinates></LineString></Placemark><Placemark><name>Trabajado - Cuartel 313 - Hilera 386</name><Style><LineStyle><color>ff00ff00</color><width>3</width></LineStyle></Style><LineString><coordinates>-70.7287866,-34.1148933,0 -70.7287366,-34.1148116,0</coordinates></LineString></Placemark><Placemark><name>Trabajado - Cuartel 313 - Hilera 413</name><Style><LineStyle><color>ff00ff00</color><width>3</width></LineStyle></Style><LineString><coordinates>-70.7287183,-34.1148716,0 -70.7286116,-34.1150266,0</coordinates></LineString></Placemark><Placemark><name>Trabajado - Cuartel 313 - Hilera 414</name><Style><LineStyle><color>ff00ff00</color><width>3</width></LineStyle></Style><LineString><coordinates>-70.728645,-34.1150883,0 -70.7290966,-34.1150499,0</coordinates></LineString></Placemark><Placemark><name>Trabajado - Cuartel 313 - Hilera 431</name><Style><LineStyle><color>ff00ff00</color><width>3</width></LineStyle></Style><LineString><coordinates>-70.72914409246721,-34.11507084319489,0 -70.72868570035696,-34.11510298723422,0</coordinates></LineString></Placemark><Placemark><name>Trabajado - Cuartel 313 - Hilera 432</name><Style><LineStyle><color>ff00ff00</color><width>3</width></LineStyle></Style><LineString><coordinates>-70.7287378349262,-34.11510565285907,0 -70.728045,-34.1146949,0</coordinates></LineString></Placemark><Placemark><name>Trabajado - Cuartel 313 - Hilera 433</name><Style><LineStyle><color>ff00ff00</color><width>3</width></LineStyle></Style><LineString><coordinates>-70.728195,-34.1147566,0 -70.7280966,-34.1148016,0</coordinates></LineString></Placemark><Placemark><name>Trabajado - Cuartel 313 - Hilera 434</name><Style><LineStyle><color>ff00ff00</color><width>3</width></LineStyle></Style><LineString><coordinates>-70.728143862854,-34.114730661382374,0 -70.7280433,-34.1148816,0</coordinates></LineString></Placemark><Placemark><name>Trabajado - Cuartel 313 - Hilera 435</name><Style><LineStyle><color>ff00ff00</color><width>3</width></LineStyle></Style><LineString><coordinates>-70.7280433,-34.1148816,0 -70.7281316,-34.11483,0</coordinates></LineString></Placemark><Placemark><name>Trabajado - Cuartel 313 - Hilera 436</name><Style><LineStyle><color>ff00ff00</color><width>3</width></LineStyle></Style><LineString><coordinates>-70.7280816,-34.1148033,0 -70.7280866,-34.1147116,0</coordinates></LineString></Placemark><Placemark><name>Trabajado - Cuartel 313 - Hilera 437</name><Style><LineStyle><color>ff00ff00</color><width>3</width></LineStyle></Style><LineString><coordinates>-70.7280866,-34.1147116,0 -70.7279933,-34.114765,0</coordinates></LineString></Placemark><Placemark><name>Trabajado - Cuartel 313 - Hilera 438</name><Style><LineStyle><color>ff00ff00</color><width>3</width></LineStyle></Style><LineString><coordinates>-70.7280866,-34.1147216,0 -70.7288083,-34.11486,0</coordinates></LineString></Placemark><Placemark><name>Trabajado - Cuartel 313 - Hilera 439</name><Style><LineStyle><color>ff00ff00</color><width>3</width></LineStyle></Style><LineString><coordinates>-70.7280633,-34.1146583,0 -70.7281033,-34.1147266,0</coordinates></LineString></Placemark><Placemark><name>Trabajado - Cuartel 313 - Hilera 440</name><Style><LineStyle><color>ff00ff00</color><width>3</width></LineStyle></Style><LineString><coordinates>-70.728525,-34.1148716,0 -70.7286699,-34.1148449,0</coordinates></LineString></Placemark><Placemark><name>Trabajado - Cuartel 313 - Hilera 441</name><Style><LineStyle><color>ff00ff00</color><width>3</width></LineStyle></Style><LineString><coordinates>-70.7286699,-34.1148449,0 -70.72877875834597,-34.11478639020851,0</coordinates></LineString></Placemark><Placemark><name>Trabajado - Cuartel 313 - Hilera 442</name><Style><LineStyle><color>ff00ff00</color><width>3</width></LineStyle></Style><LineString><coordinates>-70.7288399,-34.1149866,0 -70.7286566,-34.1150516,0</coordinates></LineString></Placemark><Placemark><name>Trabajado - Cuartel 313 - Hilera 464</name><Style><LineStyle><color>ff00ff00</color><width>3</width></LineStyle></Style><LineString><coordinates>-70.7291333,-34.1150566,0 -70.72801611434711,-34.11478182932683,0</coordinates></LineString></Placemark><Placemark><name>Trabajado - Cuartel 313 - Hilera 465</name><Style><LineStyle><color>ff00ff00</color><width>3</width></LineStyle></Style><LineString><coordinates>-70.728455,-34.1148666,0 -70.72867124958208,-34.115109927573606,0</coordinates></LineString></Placemark><Placemark><name>Trabajado - Cuartel 313 - Hilera 466</name><Style><LineStyle><color>ff00ff00</color><width>3</width></LineStyle></Style><LineString><coordinates>-70.7286283,-34.1150616,0 -70.7292215259116,-34.11506573616207,0</coordinates></LineString></Placemark><Placemark><name>Trabajado - Cuartel 313 - Hilera 474</name><Style><LineStyle><color>ff00ff00</color><width>3</width></LineStyle></Style><LineString><coordinates>-70.7291616,-34.1150699,0 -70.7284849,-34.1150016,0</coordinates></LineString></Placemark><Placemark><name>Trabajado - Cuartel 313 - Hilera 475</name><Style><LineStyle><color>ff00ff00</color><width>3</width></LineStyle></Style><LineString><coordinates>-70.7284849,-34.1150016,0 -70.7288316,-34.1146983,0</coordinates></LineString></Placemark><Placemark><name>Trabajado - Cuartel 313 - Hilera 476</name><Style><LineStyle><color>ff00ff00</color><width>3</width></LineStyle></Style><LineString><coordinates>-70.72884394567552,-34.11473433765573,0 -70.7286883,-34.11428,0</coordinates></LineString></Placemark><Placemark><name>Trabajado - Cuartel 313 - Hilera 477</name><Style><LineStyle><color>ff00ff00</color><width>3</width></LineStyle></Style><LineString><coordinates>-70.728705,-34.1143183,0 -70.7286133,-34.11427,0</coordinates></LineString></Placemark><Placemark><name>Trabajado - Cuartel 313 - Hilera 478</name><Style><LineStyle><color>ff00ff00</color><width>3</width></LineStyle></Style><LineString><coordinates>-70.7286133,-34.11427,0 -70.7288133,-34.1145983,0</coordinates></LineString></Placemark><Placemark><name>Trabajado - Cuartel 313 - Hilera 479</name><Style><LineStyle><color>ff00ff00</color><width>3</width></LineStyle></Style><LineString><coordinates>-70.7288133,-34.1145983,0 -70.7287216,-34.1147983,0</coordinates></LineString></Placemark><Placemark><name>Trabajado - Cuartel 313 - Hilera 480</name><Style><LineStyle><color>ff00ff00</color><width>3</width></LineStyle></Style><LineString><coordinates>-70.7287216,-34.1147983,0 -70.7284916,-34.1150766,0</coordinates></LineString></Placemark><Placemark><name>Trabajado - Cuartel 313 - Hilera 481</name><Style><LineStyle><color>ff00ff00</color><width>3</width></LineStyle></Style><LineString><coordinates>-70.7284916,-34.1150766,0 -70.72917820367954,-34.115101834060155,0</coordinates></LineString></Placemark><Placemark><name>Trabajado - Cuartel 313 - Hilera 519</name><Style><LineStyle><color>ff00ff00</color><width>3</width></LineStyle></Style><LineString><coordinates>-70.7289633,-34.114885,0 -70.7281783,-34.1147866,0</coordinates></LineString></Placemark><Placemark><name>Trabajado - Cuartel 313 - Hilera 520</name><Style><LineStyle><color>ff00ff00</color><width>3</width></LineStyle></Style><LineString><coordinates>-70.7281783,-34.1147866,0 -70.7281633,-34.1148783,0</coordinates></LineString></Placemark><Placemark><name>Trabajado - Cuartel 313 - Hilera 521</name><Style><LineStyle><color>ff00ff00</color><width>3</width></LineStyle></Style><LineString><coordinates>-70.7281599,-34.11464,0 -70.7285016,-34.1148616,0</coordinates></LineString></Placemark><Placemark><name>Trabajado - Cuartel 313 - Hilera 522</name><Style><LineStyle><color>ff00ff00</color><width>3</width></LineStyle></Style><LineString><coordinates>-70.72871059309068,-34.11490361840672,0 -70.7281783,-34.1147966,0</coordinates></LineString></Placemark><Placemark><name>Trabajado - Cuartel 313 - Hilera 556</name><Style><LineStyle><color>ff00ff00</color><width>3</width></LineStyle></Style><LineString><coordinates>-70.72868,-34.1150666,0 -70.7288166,-34.1142883,0</coordinates></LineString></Placemark><Placemark><name>Trabajado - Cuartel 313 - Hilera 557</name><Style><LineStyle><color>ff00ff00</color><width>3</width></LineStyle></Style><LineString><coordinates>-70.7288166,-34.1142883,0 -70.7289266,-34.1142766,0</coordinates></LineString></Placemark><Placemark><name>Trabajado - Cuartel 313 - Hilera 558</name><Style><LineStyle><color>ff00ff00</color><width>3</width></LineStyle></Style><LineString><coordinates>-70.7289266,-34.1142766,0 -70.7288349,-34.11433,0</coordinates></LineString></Placemark><Placemark><name>Trabajado - Cuartel 313 - Hilera 559</name><Style><LineStyle><color>ff00ff00</color><width>3</width></LineStyle></Style><LineString><coordinates>-70.7288349,-34.11433,0 -70.7287866,-34.1147966,0</coordinates></LineString></Placemark><Placemark><name>Trabajado - Cuartel 313 - Hilera 560</name><Style><LineStyle><color>ff00ff00</color><width>3</width></LineStyle></Style><LineString><coordinates>-70.7286149,-34.1148433,0 -70.72852,-34.1148933,0</coordinates></LineString></Placemark><Placemark><name>Trabajado - Cuartel 313 - Hilera 561</name><Style><LineStyle><color>ff00ff00</color><width>3</width></LineStyle></Style><LineString><coordinates>-70.7286766,-34.1151066,0 -70.729185,-34.11515,0</coordinates></LineString></Placemark><Placemark><name>Trabajado - Cuartel 313 - Hilera 592</name><Style><LineStyle><color>ff00ff00</color><width>3</width></LineStyle></Style><LineString><coordinates>-70.72804,-34.114645,0 -70.7279783,-34.11473,0</coordinates></LineString></Placemark><Placemark><name>Trabajado - Cuartel 313 - Hilera 593</name><Style><LineStyle><color>ff00ff00</color><width>3</width></LineStyle></Style><LineString><coordinates>-70.7281666,-34.1148033,0 -70.7282283,-34.11488,0</coordinates></LineString></Placemark><Placemark><name>Trabajado - Cuartel 313 - Hilera 594</name><Style><LineStyle><color>ff00ff00</color><width>3</width></LineStyle></Style><LineString><coordinates>-70.7282283,-34.11488,0 -70.7282483,-34.1147916,0</coordinates></LineString></Placemark><Placemark><name>Trabajado - Cuartel 313 - Hilera 595</name><Style><LineStyle><color>ff00ff00</color><width>3</width></LineStyle></Style><LineString><coordinates>-70.72816295227035,-34.11474073947856,0 -70.7279666,-34.1149516,0</coordinates></LineString></Placemark><Placemark><name>Trabajado - Cuartel 313 - Hilera 596</name><Style><LineStyle><color>ff00ff00</color><width>3</width></LineStyle></Style><LineString><coordinates>-70.7279666,-34.1149516,0 -70.7282983,-34.11475,0</coordinates></LineString></Placemark><Placemark><name>Trabajado - Cuartel 313 - Hilera 623</name><Style><LineStyle><color>ff00ff00</color><width>3</width></LineStyle></Style><LineString><coordinates>-70.7287166,-34.1150799,0 -70.7287083,-34.1149116,0</coordinates></LineString></Placemark><Placemark><name>Trabajado - Cuartel 313 - Hilera 624</name><Style><LineStyle><color>ff00ff00</color><width>3</width></LineStyle></Style><LineString><coordinates>-70.7286033,-34.1149783,0 -70.7288066,-34.11478,0</coordinates></LineString></Placemark><Placemark><name>Descartado (grupo chico) - Hilera 320</name><Style><LineStyle><color>ff00ffff</color><width>3</width></LineStyle></Style><LineString><coordinates>-70.72888583420317,-34.114837137320826,0 -70.73152,-34.1089349,0</coordinates></LineString></Placemark><Placemark><name>Descartado (grupo chico) - Hilera 326</name><Style><LineStyle><color>ff00ffff</color><width>3</width></LineStyle></Style><LineString><coordinates>-70.7286266,-34.115035,0 -70.7278849,-34.109615,0</coordinates></LineString></Placemark><Placemark><name>Descartado (grupo chico) - Hilera 375</name><Style><LineStyle><color>ff00ffff</color><width>3</width></LineStyle></Style><LineString><coordinates>-70.7278616,-34.109615,0 -70.7286816,-34.11494,0</coordinates></LineString></Placemark><Placemark><name>Descartado (grupo chico) - Hilera 412</name><Style><LineStyle><color>ff00ffff</color><width>3</width></LineStyle></Style><LineString><coordinates>-70.72769,-34.1091933,0 -70.7287183,-34.1148716,0</coordinates></LineString></Placemark><Placemark><name>Descartado (grupo chico) - Hilera 327</name><Style><LineStyle><color>ff00ffff</color><width>3</width></LineStyle></Style><LineString><coordinates>-70.7278849,-34.109615,0 -70.73350742593344,-34.10882571737083,0</coordinates></LineString></Placemark><Placemark><name>Descartado (grupo chico) - Hilera 364</name><Style><LineStyle><color>ff00ffff</color><width>3</width></LineStyle></Style><LineString><coordinates>-70.7302133,-34.1093166,0 -70.7300533,-34.1093366,0</coordinates></LineString></Placemark><Placemark><name>Trabajado - Cuartel 328 - Hilera 328</name><Style><LineStyle><color>ff00ff00</color><width>3</width></LineStyle></Style><LineString><coordinates>-70.7308533,-34.1091983,0 -70.7301266,-34.1056116,0</coordinates></LineString></Placemark><Placemark><name>Trabajado - Cuartel 328 - Hilera 329</name><Style><LineStyle><color>ff00ff00</color><width>3</width></LineStyle></Style><LineString><coordinates>-70.7301266,-34.1056116,0 -70.7309883,-34.1087766,0</coordinates></LineString></Placemark><Placemark><name>Trabajado - Cuartel 328 - Hilera 362</name><Style><LineStyle><color>ff00ff00</color><width>3</width></LineStyle></Style><LineString><coordinates>-70.7306716,-34.10913,0 -70.7295833,-34.1055516,0</coordinates></LineString></Placemark><Placemark><name>Trabajado - Cuartel 328 - Hilera 363</name><Style><LineStyle><color>ff00ff00</color><width>3</width></LineStyle></Style><LineString><coordinates>-70.7295833,-34.1055516,0 -70.7302133,-34.1093166,0</coordinates></LineString></Placemark><Placemark><name>Trabajado - Cuartel 328 - Hilera 365</name><Style><LineStyle><color>ff00ff00</color><width>3</width></LineStyle></Style><LineString><coordinates>-70.7300533,-34.1093366,0 -70.7292333,-34.1056333,0</coordinates></LineString></Placemark><Placemark><name>Trabajado - Cuartel 328 - Hilera 367</name><Style><LineStyle><color>ff00ff00</color><width>3</width></LineStyle></Style><LineString><coordinates>-70.7289683,-34.1061849,0 -70.729525,-34.10937,0</coordinates></LineString></Placemark><Placemark><name>Trabajado - Cuartel 328 - Hilera 369</name><Style><LineStyle><color>ff00ff00</color><width>3</width></LineStyle></Style><LineString><coordinates>-70.7293083,-34.1093666,0 -70.7282416,-34.1054816,0</coordinates></LineString></Placemark><Placemark><name>Trabajado - Cuartel 328 - Hilera 370</name><Style><LineStyle><color>ff00ff00</color><width>3</width></LineStyle></Style><LineString><coordinates>-70.7282416,-34.1054816,0 -70.7288516,-34.1094566,0</coordinates></LineString></Placemark><Placemark><name>Trabajado - Cuartel 328 - Hilera 371</name><Style><LineStyle><color>ff00ff00</color><width>3</width></LineStyle></Style><LineString><coordinates>-70.7288516,-34.1094566,0 -70.7277166,-34.1060266,0</coordinates></LineString></Placemark><Placemark><name>Trabajado - Cuartel 328 - Hilera 373</name><Style><LineStyle><color>ff00ff00</color><width>3</width></LineStyle></Style><LineString><coordinates>-70.7273199,-34.1058716,0 -70.7280916,-34.10951,0</coordinates></LineString></Placemark><Placemark><name>Trabajado - Cuartel 328 - Hilera 401</name><Style><LineStyle><color>ff00ff00</color><width>3</width></LineStyle></Style><LineString><coordinates>-70.7273483,-34.107365,0 -70.72732586597081,-34.108056771705876,0</coordinates></LineString></Placemark><Placemark><name>Descartado (grupo chico) - Hilera 330</name><Style><LineStyle><color>ff00ffff</color><width>3</width></LineStyle></Style><LineString><coordinates>-70.7309499,-34.108805,0 -70.7315249,-34.1086899,0</coordinates></LineString></Placemark><Placemark><name>Descartado (grupo chico) - Hilera 336</name><Style><LineStyle><color>ff00ffff</color><width>3</width></LineStyle></Style><LineString><coordinates>-70.7315666,-34.1090533,0 -70.7316733,-34.1090483,0</coordinates></LineString></Placemark><Placemark><name>Descartado (grupo chico) - Hilera 339</name><Style><LineStyle><color>ff00ffff</color><width>3</width></LineStyle></Style><LineString><coordinates>-70.7317099,-34.109095,0 -70.732765,-34.1088716,0</coordinates></LineString></Placemark><Placemark><name>Descartado (grupo chico) - Hilera 350</name><Style><LineStyle><color>ff00ffff</color><width>3</width></LineStyle></Style><LineString><coordinates>-70.7311016,-34.1092133,0 -70.7335916,-34.1088733,0</coordinates></LineString></Placemark><Placemark><name>Descartado (grupo chico) - Hilera 331</name><Style><LineStyle><color>ff00ffff</color><width>3</width></LineStyle></Style><LineString><coordinates>-70.7315249,-34.1086899,0 -70.7309283,-34.1059633,0</coordinates></LineString></Placemark><Placemark><name>Descartado (grupo chico) - Hilera 333</name><Style><LineStyle><color>ff00ffff</color><width>3</width></LineStyle></Style><LineString><coordinates>-70.7310466,-34.1057466,0 -70.7317466,-34.10902,0</coordinates></LineString></Placemark><Placemark><name>Descartado (grupo chico) - Hilera 332</name><Style><LineStyle><color>ff00ffff</color><width>3</width></LineStyle></Style><LineString><coordinates>-70.7309283,-34.1059633,0 -70.7310466,-34.1057466,0</coordinates></LineString></Placemark><Placemark><name>Descartado (grupo chico) - Hilera 334</name><Style><LineStyle><color>ff00ffff</color><width>3</width></LineStyle></Style><LineString><coordinates>-70.7317466,-34.10902,0 -70.7316666,-34.1091,0</coordinates></LineString></Placemark><Placemark><name>Descartado (grupo chico) - Hilera 337</name><Style><LineStyle><color>ff00ffff</color><width>3</width></LineStyle></Style><LineString><coordinates>-70.7316733,-34.1090483,0 -70.731725,-34.1089799,0</coordinates></LineString></Placemark><Placemark><name>Descartado (grupo chico) - Hilera 335</name><Style><LineStyle><color>ff00ffff</color><width>3</width></LineStyle></Style><LineString><coordinates>-70.7316666,-34.1091,0 -70.7315666,-34.10906,0</coordinates></LineString></Placemark><Placemark><name>Descartado (grupo chico) - Hilera 338</name><Style><LineStyle><color>ff00ffff</color><width>3</width></LineStyle></Style><LineString><coordinates>-70.731725,-34.1089799,0 -70.7317099,-34.109095,0</coordinates></LineString></Placemark><Placemark><name>Descartado (grupo chico) - Hilera 340</name><Style><LineStyle><color>ff00ffff</color><width>3</width></LineStyle></Style><LineString><coordinates>-70.732765,-34.1088716,0 -70.7323833,-34.10652,0</coordinates></LineString></Placemark><Placemark><name>Descartado (grupo chico) - Hilera 341</name><Style><LineStyle><color>ff00ffff</color><width>3</width></LineStyle></Style><LineString><coordinates>-70.7323833,-34.10652,0 -70.7332783,-34.1088816,0</coordinates></LineString></Placemark><Placemark><name>Descartado (grupo chico) - Hilera 342</name><Style><LineStyle><color>ff00ffff</color><width>3</width></LineStyle></Style><LineString><coordinates>-70.7332783,-34.1088816,0 -70.732935,-34.1070166,0</coordinates></LineString></Placemark><Placemark><name>Descartado (grupo chico) - Hilera 343</name><Style><LineStyle><color>ff00ffff</color><width>3</width></LineStyle></Style><LineString><coordinates>-70.732935,-34.1070166,0 -70.7335066,-34.1088216,0</coordinates></LineString></Placemark><Placemark><name>Descartado (grupo chico) - Hilera 344</name><Style><LineStyle><color>ff00ffff</color><width>3</width></LineStyle></Style><LineString><coordinates>-70.7310933,-34.1091733,0 -70.73148721484115,-34.11127147183429,0</coordinates></LineString></Placemark><Placemark><name>Descartado (grupo chico) - Hilera 345</name><Style><LineStyle><color>ff00ffff</color><width>3</width></LineStyle></Style><LineString><coordinates>-70.7314716,-34.1111883,0 -70.7314433,-34.1112616,0</coordinates></LineString></Placemark><Placemark><name>Descartado (grupo chico) - Hilera 346</name><Style><LineStyle><color>ff00ffff</color><width>3</width></LineStyle></Style><LineString><coordinates>-70.7314433,-34.1112616,0 -70.72827,-34.1117066,0</coordinates></LineString></Placemark><Placemark><name>Descartado (grupo chico) - Hilera 349</name><Style><LineStyle><color>ff00ffff</color><width>3</width></LineStyle></Style><LineString><coordinates>-70.7283283,-34.1117233,0 -70.7314733,-34.1112733,0</coordinates></LineString></Placemark><Placemark><name>Descartado (grupo chico) - Hilera 347</name><Style><LineStyle><color>ff00ffff</color><width>3</width></LineStyle></Style><LineString><coordinates>-70.72827,-34.1117066,0 -70.7288166,-34.1143933,0</coordinates></LineString></Placemark><Placemark><name>Descartado (grupo chico) - Hilera 348</name><Style><LineStyle><color>ff00ffff</color><width>3</width></LineStyle></Style><LineString><coordinates>-70.7288166,-34.1143933,0 -70.7283283,-34.1117233,0</coordinates></LineString></Placemark><Placemark><name>Descartado (grupo chico) - Hilera 351</name><Style><LineStyle><color>ff00ffff</color><width>3</width></LineStyle></Style><LineString><coordinates>-70.7335916,-34.1088733,0 -70.7340833,-34.1085183,0</coordinates></LineString></Placemark><Placemark><name>Descartado (grupo chico) - Hilera 352</name><Style><LineStyle><color>ff00ffff</color><width>3</width></LineStyle></Style><LineString><coordinates>-70.7340833,-34.1085183,0 -70.7338916,-34.1076216,0</coordinates></LineString></Placemark><Placemark><name>Descartado (grupo chico) - Hilera 354</name><Style><LineStyle><color>ff00ffff</color><width>3</width></LineStyle></Style><LineString><coordinates>-70.73411,-34.1070183,0 -70.734375,-34.1081416,0</coordinates></LineString></Placemark><Placemark><name>Descartado (grupo chico) - Hilera 353</name><Style><LineStyle><color>ff00ffff</color><width>3</width></LineStyle></Style><LineString><coordinates>-70.7338916,-34.1076216,0 -70.73411,-34.1070183,0</coordinates></LineString></Placemark><Placemark><name>Descartado (grupo chico) - Hilera 355</name><Style><LineStyle><color>ff00ffff</color><width>3</width></LineStyle></Style><LineString><coordinates>-70.734375,-34.1081416,0 -70.7347866,-34.1084449,0</coordinates></LineString></Placemark><Placemark><name>Descartado (grupo chico) - Hilera 356</name><Style><LineStyle><color>ff00ffff</color><width>3</width></LineStyle></Style><LineString><coordinates>-70.7347866,-34.1084449,0 -70.7346216,-34.107525,0</coordinates></LineString></Placemark><Placemark><name>Descartado (grupo chico) - Hilera 358</name><Style><LineStyle><color>ff00ffff</color><width>3</width></LineStyle></Style><LineString><coordinates>-70.734965,-34.1076149,0 -70.73514,-34.1085183,0</coordinates></LineString></Placemark><Placemark><name>Descartado (grupo chico) - Hilera 359</name><Style><LineStyle><color>ff00ffff</color><width>3</width></LineStyle></Style><LineString><coordinates>-70.73514,-34.1085183,0 -70.7351633,-34.1072599,0</coordinates></LineString></Placemark><Placemark><name>Descartado (grupo chico) - Hilera 360</name><Style><LineStyle><color>ff00ffff</color><width>3</width></LineStyle></Style><LineString><coordinates>-70.7351633,-34.1072599,0 -70.7353999,-34.1085016,0</coordinates></LineString></Placemark><Placemark><name>Descartado (grupo chico) - Hilera 357</name><Style><LineStyle><color>ff00ffff</color><width>3</width></LineStyle></Style><LineString><coordinates>-70.7346216,-34.107525,0 -70.734965,-34.1076149,0</coordinates></LineString></Placemark><Placemark><name>Descartado (grupo chico) - Hilera 361</name><Style><LineStyle><color>ff00ffff</color><width>3</width></LineStyle></Style><LineString><coordinates>-70.7353999,-34.1085016,0 -70.7306716,-34.10913,0</coordinates></LineString></Placemark><Placemark><name>Descartado (grupo chico) - Hilera 366</name><Style><LineStyle><color>ff00ffff</color><width>3</width></LineStyle></Style><LineString><coordinates>-70.7292333,-34.1056333,0 -70.7289683,-34.1061849,0</coordinates></LineString></Placemark><Placemark><name>Descartado (grupo chico) - Hilera 368</name><Style><LineStyle><color>ff00ffff</color><width>3</width></LineStyle></Style><LineString><coordinates>-70.729525,-34.10937,0 -70.7293083,-34.1093666,0</coordinates></LineString></Placemark><Placemark><name>Descartado (grupo chico) - Hilera 372</name><Style><LineStyle><color>ff00ffff</color><width>3</width></LineStyle></Style><LineString><coordinates>-70.7277166,-34.1060266,0 -70.7273199,-34.1058716,0</coordinates></LineString></Placemark><Placemark><name>Descartado (grupo chico) - Hilera 388</name><Style><LineStyle><color>ff00ffff</color><width>3</width></LineStyle></Style><LineString><coordinates>-70.7272666,-34.1062483,0 -70.7265383,-34.1056749,0</coordinates></LineString></Placemark><Placemark><name>Descartado (grupo chico) - Hilera 374</name><Style><LineStyle><color>ff00ffff</color><width>3</width></LineStyle></Style><LineString><coordinates>-70.7280916,-34.10951,0 -70.7278616,-34.109615,0</coordinates></LineString></Placemark><Placemark><name>Descartado (grupo chico) - Hilera 387</name><Style><LineStyle><color>ff00ffff</color><width>3</width></LineStyle></Style><LineString><coordinates>-70.72876511074044,-34.114977685730324,0 -70.7272666,-34.1062483,0</coordinates></LineString></Placemark><Placemark><name>Trabajado - Cuartel 389 - Hilera 389</name><Style><LineStyle><color>ff00ff00</color><width>3</width></LineStyle></Style><LineString><coordinates>-70.7265383,-34.1056749,0 -70.725725,-34.106385,0</coordinates></LineString></Placemark><Placemark><name>Trabajado - Cuartel 389 - Hilera 390</name><Style><LineStyle><color>ff00ff00</color><width>3</width></LineStyle></Style><LineString><coordinates>-70.725725,-34.106385,0 -70.7262433,-34.1056166,0</coordinates></LineString></Placemark><Placemark><name>Trabajado - Cuartel 389 - Hilera 391</name><Style><LineStyle><color>ff00ff00</color><width>3</width></LineStyle></Style><LineString><coordinates>-70.726175,-34.1056149,0 -70.7261983,-34.1055183,0</coordinates></LineString></Placemark><Placemark><name>Trabajado - Cuartel 389 - Hilera 393</name><Style><LineStyle><color>ff00ff00</color><width>3</width></LineStyle></Style><LineString><coordinates>-70.7263083,-34.1055883,0 -70.725845,-34.1058966,0</coordinates></LineString></Placemark><Placemark><name>Trabajado - Cuartel 389 - Hilera 394</name><Style><LineStyle><color>ff00ff00</color><width>3</width></LineStyle></Style><LineString><coordinates>-70.725845,-34.1058966,0 -70.7258633,-34.1057166,0</coordinates></LineString></Placemark><Placemark><name>Trabajado - Cuartel 389 - Hilera 395</name><Style><LineStyle><color>ff00ff00</color><width>3</width></LineStyle></Style><LineString><coordinates>-70.7258633,-34.1057166,0 -70.7256266,-34.10579,0</coordinates></LineString></Placemark><Placemark><name>Descartado (grupo chico) - Hilera 392</name><Style><LineStyle><color>ff00ffff</color><width>3</width></LineStyle></Style><LineString><coordinates>-70.7261983,-34.1055183,0 -70.7263083,-34.1055883,0</coordinates></LineString></Placemark><Placemark><name>Descartado (grupo chico) - Hilera 396</name><Style><LineStyle><color>ff00ffff</color><width>3</width></LineStyle></Style><LineString><coordinates>-70.7256266,-34.10579,0 -70.7257433,-34.1076016,0</coordinates></LineString></Placemark><Placemark><name>Descartado (grupo chico) - Hilera 397</name><Style><LineStyle><color>ff00ffff</color><width>3</width></LineStyle></Style><LineString><coordinates>-70.7257433,-34.1076016,0 -70.7271266,-34.1063483,0</coordinates></LineString></Placemark><Placemark><name>Descartado (grupo chico) - Hilera 398</name><Style><LineStyle><color>ff00ffff</color><width>3</width></LineStyle></Style><LineString><coordinates>-70.7271533,-34.1063933,0 -70.727225,-34.106915,0</coordinates></LineString></Placemark><Placemark><name>Descartado (grupo chico) - Hilera 399</name><Style><LineStyle><color>ff00ffff</color><width>3</width></LineStyle></Style><LineString><coordinates>-70.727225,-34.106915,0 -70.7259583,-34.1084483,0</coordinates></LineString></Placemark><Placemark><name>Descartado (grupo chico) - Hilera 400</name><Style><LineStyle><color>ff00ffff</color><width>3</width></LineStyle></Style><LineString><coordinates>-70.7259583,-34.1084483,0 -70.72733944558095,-34.10735715679096,0</coordinates></LineString></Placemark><Placemark><name>Descartado (grupo chico) - Hilera 402</name><Style><LineStyle><color>ff00ffff</color><width>3</width></LineStyle></Style><LineString><coordinates>-70.7273183,-34.1080566,0 -70.7261316,-34.1092949,0</coordinates></LineString></Placemark><Placemark><name>Descartado (grupo chico) - Hilera 404</name><Style><LineStyle><color>ff00ffff</color><width>3</width></LineStyle></Style><LineString><coordinates>-70.7263916,-34.1093983,0 -70.7274849,-34.1082733,0</coordinates></LineString></Placemark><Placemark><name>Descartado (grupo chico) - Hilera 407</name><Style><LineStyle><color>ff00ffff</color><width>3</width></LineStyle></Style><LineString><coordinates>-70.7275583,-34.1087849,0 -70.7268316,-34.1095466,0</coordinates></LineString></Placemark><Placemark><name>Descartado (grupo chico) - Hilera 409</name><Style><LineStyle><color>ff00ffff</color><width>3</width></LineStyle></Style><LineString><coordinates>-70.7269233,-34.10971,0 -70.72765,-34.108975,0</coordinates></LineString></Placemark><Placemark><name>Descartado (grupo chico) - Hilera 403</name><Style><LineStyle><color>ff00ffff</color><width>3</width></LineStyle></Style><LineString><coordinates>-70.7261316,-34.1092949,0 -70.7263916,-34.1093983,0</coordinates></LineString></Placemark><Placemark><name>Descartado (grupo chico) - Hilera 405</name><Style><LineStyle><color>ff00ffff</color><width>3</width></LineStyle></Style><LineString><coordinates>-70.7274849,-34.1082733,0 -70.7275449,-34.1083633,0</coordinates></LineString></Placemark><Placemark><name>Descartado (grupo chico) - Hilera 406</name><Style><LineStyle><color>ff00ffff</color><width>3</width></LineStyle></Style><LineString><coordinates>-70.7275449,-34.1083633,0 -70.7275583,-34.1087849,0</coordinates></LineString></Placemark><Placemark><name>Descartado (grupo chico) - Hilera 410</name><Style><LineStyle><color>ff00ffff</color><width>3</width></LineStyle></Style><LineString><coordinates>-70.72765,-34.108975,0 -70.7276083,-34.10917,0</coordinates></LineString></Placemark><Placemark><name>Descartado (grupo chico) - Hilera 408</name><Style><LineStyle><color>ff00ffff</color><width>3</width></LineStyle></Style><LineString><coordinates>-70.7268316,-34.1095466,0 -70.7269233,-34.10971,0</coordinates></LineString></Placemark><Placemark><name>Descartado (grupo chico) - Hilera 411</name><Style><LineStyle><color>ff00ffff</color><width>3</width></LineStyle></Style><LineString><coordinates>-70.7276083,-34.10917,0 -70.7276983,-34.109215,0</coordinates></LineString></Placemark><Placemark><name>Trabajado - Cuartel 415 - Hilera 415</name><Style><LineStyle><color>ff00ff00</color><width>3</width></LineStyle></Style><LineString><coordinates>-70.7290966,-34.1150499,0 -70.73027,-34.1188416,0</coordinates></LineString></Placemark><Placemark><name>Trabajado - Cuartel 415 - Hilera 430</name><Style><LineStyle><color>ff00ff00</color><width>3</width></LineStyle></Style><LineString><coordinates>-70.73031,-34.1190666,0 -70.72912913473363,-34.1150574585543,0</coordinates></LineString></Placemark><Placemark><name>Trabajado - Cuartel 415 - Hilera 443</name><Style><LineStyle><color>ff00ff00</color><width>3</width></LineStyle></Style><LineString><coordinates>-70.729145,-34.1150799,0 -70.7302133,-34.119145,0</coordinates></LineString></Placemark><Placemark><name>Trabajado - Cuartel 415 - Hilera 467</name><Style><LineStyle><color>ff00ff00</color><width>3</width></LineStyle></Style><LineString><coordinates>-70.7291016,-34.1150649,0 -70.730215,-34.1191083,0</coordinates></LineString></Placemark><Placemark><name>Trabajado - Cuartel 415 - Hilera 562</name><Style><LineStyle><color>ff00ff00</color><width>3</width></LineStyle></Style><LineString><coordinates>-70.729185,-34.11515,0 -70.7301766,-34.1191966,0</coordinates></LineString></Placemark><Placemark><name>Trabajado - Cuartel 415 - Hilera 591</name><Style><LineStyle><color>ff00ff00</color><width>3</width></LineStyle></Style><LineString><coordinates>-70.7303166,-34.1187766,0 -70.7291366,-34.1150583,0</coordinates></LineString></Placemark><Placemark><name>Trabajado - Cuartel 415 - Hilera 597</name><Style><LineStyle><color>ff00ff00</color><width>3</width></LineStyle></Style><LineString><coordinates>-70.7291133,-34.115015,0 -70.7301816,-34.1191533,0</coordinates></LineString></Placemark><Placemark><name>Trabajado - Cuartel 415 - Hilera 622</name><Style><LineStyle><color>ff00ff00</color><width>3</width></LineStyle></Style><LineString><coordinates>-70.7303116,-34.1190549,0 -70.7291783,-34.1151,0</coordinates></LineString></Placemark><Placemark><name>Trabajado - Cuartel 416 - Hilera 416</name><Style><LineStyle><color>ff00ff00</color><width>3</width></LineStyle></Style><LineString><coordinates>-70.73027,-34.1188416,0 -70.72987,-34.1194766,0</coordinates></LineString></Placemark><Placemark><name>Trabajado - Cuartel 416 - Hilera 429</name><Style><LineStyle><color>ff00ff00</color><width>3</width></LineStyle></Style><LineString><coordinates>-70.729915,-34.1193866,0 -70.73031781513201,-34.11906026875381,0</coordinates></LineString></Placemark><Placemark><name>Trabajado - Cuartel 416 - Hilera 444</name><Style><LineStyle><color>ff00ff00</color><width>3</width></LineStyle></Style><LineString><coordinates>-70.7302133,-34.119145,0 -70.7299183,-34.1195483,0</coordinates></LineString></Placemark><Placemark><name>Trabajado - Cuartel 416 - Hilera 463</name><Style><LineStyle><color>ff00ff00</color><width>3</width></LineStyle></Style><LineString><coordinates>-70.72978260319503,-34.119491008724985,0 -70.73029,-34.1190116,0</coordinates></LineString></Placemark><Placemark><name>Trabajado - Cuartel 416 - Hilera 468</name><Style><LineStyle><color>ff00ff00</color><width>3</width></LineStyle></Style><LineString><coordinates>-70.730215,-34.1191083,0 -70.72987,-34.11943,0</coordinates></LineString></Placemark><Placemark><name>Trabajado - Cuartel 416 - Hilera 473</name><Style><LineStyle><color>ff00ff00</color><width>3</width></LineStyle></Style><LineString><coordinates>-70.7298983,-34.1194083,0 -70.7303333,-34.11895,0</coordinates></LineString></Placemark><Placemark><name>Trabajado - Cuartel 416 - Hilera 555</name><Style><LineStyle><color>ff00ff00</color><width>3</width></LineStyle></Style><LineString><coordinates>-70.729915,-34.11936,0 -70.7303233,-34.1189116,0</coordinates></LineString></Placemark><Placemark><name>Trabajado - Cuartel 416 - Hilera 563</name><Style><LineStyle><color>ff00ff00</color><width>3</width></LineStyle></Style><LineString><coordinates>-70.7301766,-34.1191966,0 -70.7298916,-34.1193616,0</coordinates></LineString></Placemark><Placemark><name>Trabajado - Cuartel 416 - Hilera 590</name><Style><LineStyle><color>ff00ff00</color><width>3</width></LineStyle></Style><LineString><coordinates>-70.7298966,-34.1195,0 -70.7303166,-34.1187766,0</coordinates></LineString></Placemark><Placemark><name>Trabajado - Cuartel 416 - Hilera 598</name><Style><LineStyle><color>ff00ff00</color><width>3</width></LineStyle></Style><LineString><coordinates>-70.7301816,-34.1191533,0 -70.7299283,-34.1194333,0</coordinates></LineString></Placemark><Placemark><name>Trabajado - Cuartel 417 - Hilera 417</name><Style><LineStyle><color>ff00ff00</color><width>3</width></LineStyle></Style><LineString><coordinates>-70.72987,-34.1194766,0 -70.7300016,-34.1196283,0</coordinates></LineString></Placemark><Placemark><name>Trabajado - Cuartel 417 - Hilera 428</name><Style><LineStyle><color>ff00ff00</color><width>3</width></LineStyle></Style><LineString><coordinates>-70.7299166,-34.1195666,0 -70.72991495638738,-34.1193816935784,0</coordinates></LineString></Placemark><Placemark><name>Trabajado - Cuartel 417 - Hilera 462</name><Style><LineStyle><color>ff00ff00</color><width>3</width></LineStyle></Style><LineString><coordinates>-70.7300933,-34.1197166,0 -70.7298966,-34.1193833,0</coordinates></LineString></Placemark><Placemark><name>Trabajado - Cuartel 417 - Hilera 482</name><Style><LineStyle><color>ff00ff00</color><width>3</width></LineStyle></Style><LineString><coordinates>-70.7297699,-34.1194816,0 -70.7300116,-34.1197316,0</coordinates></LineString></Placemark><Placemark><name>Trabajado - Cuartel 417 - Hilera 554</name><Style><LineStyle><color>ff00ff00</color><width>3</width></LineStyle></Style><LineString><coordinates>-70.73004,-34.1196783,0 -70.729915,-34.11936,0</coordinates></LineString></Placemark><Placemark><name>Trabajado - Cuartel 417 - Hilera 564</name><Style><LineStyle><color>ff00ff00</color><width>3</width></LineStyle></Style><LineString><coordinates>-70.7298916,-34.1193616,0 -70.7299266,-34.1195949,0</coordinates></LineString></Placemark><Placemark><name>Trabajado - Cuartel 417 - Hilera 599</name><Style><LineStyle><color>ff00ff00</color><width>3</width></LineStyle></Style><LineString><coordinates>-70.7299283,-34.1194333,0 -70.7301533,-34.1197433,0</coordinates></LineString></Placemark><Placemark><name>Trabajado - Cuartel 417 - Hilera 621</name><Style><LineStyle><color>ff00ff00</color><width>3</width></LineStyle></Style><LineString><coordinates>-70.730575,-34.1199516,0 -70.7299099,-34.1195466,0</coordinates></LineString></Placemark><Placemark><name>Trabajado - Cuartel 418 - Hilera 418</name><Style><LineStyle><color>ff00ff00</color><width>3</width></LineStyle></Style><LineString><coordinates>-70.7300016,-34.1196283,0 -70.7344716,-34.121365,0</coordinates></LineString></Placemark><Placemark><name>Trabajado - Cuartel 418 - Hilera 427</name><Style><LineStyle><color>ff00ff00</color><width>3</width></LineStyle></Style><LineString><coordinates>-70.73516,-34.1219166,0 -70.7299166,-34.1195666,0</coordinates></LineString></Placemark><Placemark><name>Trabajado - Cuartel 418 - Hilera 445</name><Style><LineStyle><color>ff00ff00</color><width>3</width></LineStyle></Style><LineString><coordinates>-70.7299183,-34.1195483,0 -70.7353383,-34.1221716,0</coordinates></LineString></Placemark><Placemark><name>Trabajado - Cuartel 418 - Hilera 483</name><Style><LineStyle><color>ff00ff00</color><width>3</width></LineStyle></Style><LineString><coordinates>-70.7300116,-34.1197316,0 -70.73369,-34.1210383,0</coordinates></LineString></Placemark><Placemark><name>Trabajado - Cuartel 418 - Hilera 553</name><Style><LineStyle><color>ff00ff00</color><width>3</width></LineStyle></Style><LineString><coordinates>-70.7350233,-34.1220433,0 -70.73004,-34.1196783,0</coordinates></LineString></Placemark><Placemark><name>Trabajado - Cuartel 418 - Hilera 565</name><Style><LineStyle><color>ff00ff00</color><width>3</width></LineStyle></Style><LineString><coordinates>-70.7299266,-34.1195949,0 -70.734175,-34.1211949,0</coordinates></LineString></Placemark><Placemark><name>Trabajado - Cuartel 418 - Hilera 589</name><Style><LineStyle><color>ff00ff00</color><width>3</width></LineStyle></Style><LineString><coordinates>-70.7329683,-34.1207499,0 -70.7298966,-34.1195,0</coordinates></LineString></Placemark><Placemark><name>Trabajado - Cuartel 418 - Hilera 600</name><Style><LineStyle><color>ff00ff00</color><width>3</width></LineStyle></Style><LineString><coordinates>-70.7301533,-34.1197433,0 -70.7327,-34.1206283,0</coordinates></LineString></Placemark><Placemark><name>Descartado (grupo chico) - Hilera 419</name><Style><LineStyle><color>ff00ffff</color><width>3</width></LineStyle></Style><LineString><coordinates>-70.7344716,-34.121365,0 -70.7365799,-34.1178583,0</coordinates></LineString></Placemark><Placemark><name>Descartado (grupo chico) - Hilera 420</name><Style><LineStyle><color>ff00ffff</color><width>3</width></LineStyle></Style><LineString><coordinates>-70.7365799,-34.1178583,0 -70.73502,-34.1207133,0</coordinates></LineString></Placemark><Placemark><name>Descartado (grupo chico) - Hilera 423</name><Style><LineStyle><color>ff00ffff</color><width>3</width></LineStyle></Style><LineString><coordinates>-70.734825,-34.1216266,0 -70.7366966,-34.1177899,0</coordinates></LineString></Placemark><Placemark><name>Descartado (grupo chico) - Hilera 547</name><Style><LineStyle><color>ff00ffff</color><width>3</width></LineStyle></Style><LineString><coordinates>-70.7361483,-34.1171466,0 -70.7342149,-34.1213266,0</coordinates></LineString></Placemark><Placemark><name>Descartado (grupo chico) - Hilera 421</name><Style><LineStyle><color>ff00ffff</color><width>3</width></LineStyle></Style><LineString><coordinates>-70.73502,-34.1207133,0 -70.7351616,-34.1207149,0</coordinates></LineString></Placemark><Placemark><name>Descartado (grupo chico) - Hilera 422</name><Style><LineStyle><color>ff00ffff</color><width>3</width></LineStyle></Style><LineString><coordinates>-70.7351616,-34.1207149,0 -70.734825,-34.1216266,0</coordinates></LineString></Placemark><Placemark><name>Descartado (grupo chico) - Hilera 424</name><Style><LineStyle><color>ff00ffff</color><width>3</width></LineStyle></Style><LineString><coordinates>-70.7366749,-34.11783,0 -70.73709,-34.1183133,0</coordinates></LineString></Placemark><Placemark><name>Descartado (grupo chico) - Hilera 505</name><Style><LineStyle><color>ff00ffff</color><width>3</width></LineStyle></Style><LineString><coordinates>-70.73716,-34.1179616,0 -70.7366133,-34.1172683,0</coordinates></LineString></Placemark><Placemark><name>Descartado (grupo chico) - Hilera 425</name><Style><LineStyle><color>ff00ffff</color><width>3</width></LineStyle></Style><LineString><coordinates>-70.73709,-34.1183133,0 -70.7364466,-34.1196099,0</coordinates></LineString></Placemark><Placemark><name>Descartado (grupo chico) - Hilera 426</name><Style><LineStyle><color>ff00ffff</color><width>3</width></LineStyle></Style><LineString><coordinates>-70.7364466,-34.1196099,0 -70.73516,-34.1219166,0</coordinates></LineString></Placemark><Placemark><name>Descartado (grupo chico) - Hilera 446</name><Style><LineStyle><color>ff00ffff</color><width>3</width></LineStyle></Style><LineString><coordinates>-70.7353383,-34.1221716,0 -70.7358333,-34.1217733,0</coordinates></LineString></Placemark><Placemark><name>Trabajado - Cuartel 447 - Hilera 447</name><Style><LineStyle><color>ff00ff00</color><width>3</width></LineStyle></Style><LineString><coordinates>-70.7358333,-34.1217733,0 -70.737525,-34.1182766,0</coordinates></LineString></Placemark><Placemark><name>Trabajado - Cuartel 447 - Hilera 448</name><Style><LineStyle><color>ff00ff00</color><width>3</width></LineStyle></Style><LineString><coordinates>-70.737525,-34.1182766,0 -70.7362666,-34.121105,0</coordinates></LineString></Placemark><Placemark><name>Trabajado - Cuartel 447 - Hilera 452</name><Style><LineStyle><color>ff00ff00</color><width>3</width></LineStyle></Style><LineString><coordinates>-70.7360883,-34.1223633,0 -70.7383566,-34.1176516,0</coordinates></LineString></Placemark><Placemark><name>Trabajado - Cuartel 447 - Hilera 456</name><Style><LineStyle><color>ff00ff00</color><width>3</width></LineStyle></Style><LineString><coordinates>-70.7386899,-34.118125,0 -70.7365449,-34.122515,0</coordinates></LineString></Placemark><Placemark><name>Trabajado - Cuartel 447 - Hilera 470</name><Style><LineStyle><color>ff00ff00</color><width>3</width></LineStyle></Style><LineString><coordinates>-70.7366349,-34.1231983,0 -70.7387166,-34.1184516,0</coordinates></LineString></Placemark><Placemark><name>Trabajado - Cuartel 447 - Hilera 471</name><Style><LineStyle><color>ff00ff00</color><width>3</width></LineStyle></Style><LineString><coordinates>-70.7387166,-34.1184516,0 -70.736315,-34.1229716,0</coordinates></LineString></Placemark><Placemark><name>Descartado (grupo chico) - Hilera 449</name><Style><LineStyle><color>ff00ffff</color><width>3</width></LineStyle></Style><LineString><coordinates>-70.7362666,-34.121105,0 -70.7362083,-34.1210466,0</coordinates></LineString></Placemark><Placemark><name>Descartado (grupo chico) - Hilera 450</name><Style><LineStyle><color>ff00ffff</color><width>3</width></LineStyle></Style><LineString><coordinates>-70.7362083,-34.1210466,0 -70.7356016,-34.1221866,0</coordinates></LineString></Placemark><Placemark><name>Descartado (grupo chico) - Hilera 451</name><Style><LineStyle><color>ff00ffff</color><width>3</width></LineStyle></Style><LineString><coordinates>-70.7356016,-34.1221866,0 -70.7360883,-34.1223633,0</coordinates></LineString></Placemark><Placemark><name>Descartado (grupo chico) - Hilera 453</name><Style><LineStyle><color>ff00ffff</color><width>3</width></LineStyle></Style><LineString><coordinates>-70.7383566,-34.1176516,0 -70.7381983,-34.11781,0</coordinates></LineString></Placemark><Placemark><name>Descartado (grupo chico) - Hilera 454</name><Style><LineStyle><color>ff00ffff</color><width>3</width></LineStyle></Style><LineString><coordinates>-70.7381983,-34.11781,0 -70.73854,-34.1175483,0</coordinates></LineString></Placemark><Placemark><name>Descartado (grupo chico) - Hilera 497</name><Style><LineStyle><color>ff00ffff</color><width>3</width></LineStyle></Style><LineString><coordinates>-70.738175,-34.1170266,0 -70.7377783,-34.1178683,0</coordinates></LineString></Placemark><Placemark><name>Descartado (grupo chico) - Hilera 455</name><Style><LineStyle><color>ff00ffff</color><width>3</width></LineStyle></Style><LineString><coordinates>-70.73854,-34.1175483,0 -70.7386899,-34.118125,0</coordinates></LineString></Placemark><Placemark><name>Descartado (grupo chico) - Hilera 457</name><Style><LineStyle><color>ff00ffff</color><width>3</width></LineStyle></Style><LineString><coordinates>-70.7365449,-34.122515,0 -70.7365766,-34.1230316,0</coordinates></LineString></Placemark><Placemark><name>Descartado (grupo chico) - Hilera 458</name><Style><LineStyle><color>ff00ffff</color><width>3</width></LineStyle></Style><LineString><coordinates>-70.7365766,-34.1230316,0 -70.7373766,-34.1214866,0</coordinates></LineString></Placemark><Placemark><name>Descartado (grupo chico) - Hilera 460</name><Style><LineStyle><color>ff00ffff</color><width>3</width></LineStyle></Style><LineString><coordinates>-70.7374749,-34.1215133,0 -70.7365933,-34.1232366,0</coordinates></LineString></Placemark><Placemark><name>Descartado (grupo chico) - Hilera 459</name><Style><LineStyle><color>ff00ffff</color><width>3</width></LineStyle></Style><LineString><coordinates>-70.7373766,-34.1214866,0 -70.7374749,-34.1215133,0</coordinates></LineString></Placemark><Placemark><name>Descartado (grupo chico) - Hilera 461</name><Style><LineStyle><color>ff00ffff</color><width>3</width></LineStyle></Style><LineString><coordinates>-70.7365933,-34.1232366,0 -70.7300933,-34.1197166,0</coordinates></LineString></Placemark><Placemark><name>Descartado (grupo chico) - Hilera 469</name><Style><LineStyle><color>ff00ffff</color><width>3</width></LineStyle></Style><LineString><coordinates>-70.72987,-34.11943,0 -70.73656,-34.1232166,0</coordinates></LineString></Placemark><Placemark><name>Descartado (grupo chico) - Hilera 472</name><Style><LineStyle><color>ff00ffff</color><width>3</width></LineStyle></Style><LineString><coordinates>-70.736315,-34.1229716,0 -70.7299283,-34.1195333,0</coordinates></LineString></Placemark><Placemark><name>Descartado (grupo chico) - Hilera 583</name><Style><LineStyle><color>ff00ffff</color><width>3</width></LineStyle></Style><LineString><coordinates>-70.7333416,-34.1213016,0 -70.733545,-34.1213733,0</coordinates></LineString></Placemark><Placemark><name>Descartado (grupo chico) - Hilera 484</name><Style><LineStyle><color>ff00ffff</color><width>3</width></LineStyle></Style><LineString><coordinates>-70.7336716,-34.120985,0 -70.7365833,-34.1232816,0</coordinates></LineString></Placemark><Placemark><name>Descartado (grupo chico) - Hilera 577</name><Style><LineStyle><color>ff00ffff</color><width>3</width></LineStyle></Style><LineString><coordinates>-70.7362799,-34.1232666,0 -70.7338599,-34.12109,0</coordinates></LineString></Placemark><Placemark><name>Descartado (grupo chico) - Hilera 485</name><Style><LineStyle><color>ff00ffff</color><width>3</width></LineStyle></Style><LineString><coordinates>-70.7365833,-34.1232816,0 -70.7369816,-34.1232666,0</coordinates></LineString></Placemark><Placemark><name>Descartado (grupo chico) - Hilera 486</name><Style><LineStyle><color>ff00ffff</color><width>3</width></LineStyle></Style><LineString><coordinates>-70.7369816,-34.1232666,0 -70.7371816,-34.1233683,0</coordinates></LineString></Placemark><Placemark><name>Descartado (grupo chico) - Hilera 487</name><Style><LineStyle><color>ff00ffff</color><width>3</width></LineStyle></Style><LineString><coordinates>-70.7371816,-34.1233683,0 -70.737675,-34.1230766,0</coordinates></LineString></Placemark><Placemark><name>Descartado (grupo chico) - Hilera 488</name><Style><LineStyle><color>ff00ffff</color><width>3</width></LineStyle></Style><LineString><coordinates>-70.737675,-34.1230766,0 -70.7390133,-34.120475,0</coordinates></LineString></Placemark><Placemark><name>Descartado (grupo chico) - Hilera 489</name><Style><LineStyle><color>ff00ffff</color><width>3</width></LineStyle></Style><LineString><coordinates>-70.7390133,-34.120475,0 -70.7392349,-34.1203666,0</coordinates></LineString></Placemark><Placemark><name>Descartado (grupo chico) - Hilera 490</name><Style><LineStyle><color>ff00ffff</color><width>3</width></LineStyle></Style><LineString><coordinates>-70.7392349,-34.1203666,0 -70.7384,-34.1222033,0</coordinates></LineString></Placemark><Placemark><name>Descartado (grupo chico) - Hilera 492</name><Style><LineStyle><color>ff00ffff</color><width>3</width></LineStyle></Style><LineString><coordinates>-70.73844,-34.1223183,0 -70.7393266,-34.12055,0</coordinates></LineString></Placemark><Placemark><name>Descartado (grupo chico) - Hilera 493</name><Style><LineStyle><color>ff00ffff</color><width>3</width></LineStyle></Style><LineString><coordinates>-70.7393266,-34.12055,0 -70.73878,-34.1219483,0</coordinates></LineString></Placemark><Placemark><name>Descartado (grupo chico) - Hilera 491</name><Style><LineStyle><color>ff00ffff</color><width>3</width></LineStyle></Style><LineString><coordinates>-70.7384,-34.1222033,0 -70.73844,-34.1223183,0</coordinates></LineString></Placemark><Placemark><name>Descartado (grupo chico) - Hilera 494</name><Style><LineStyle><color>ff00ffff</color><width>3</width></LineStyle></Style><LineString><coordinates>-70.73878,-34.1219483,0 -70.7388133,-34.1220916,0</coordinates></LineString></Placemark><Placemark><name>Descartado (grupo chico) - Hilera 495</name><Style><LineStyle><color>ff00ffff</color><width>3</width></LineStyle></Style><LineString><coordinates>-70.7388316,-34.1219966,0 -70.738705,-34.1175766,0</coordinates></LineString></Placemark><Placemark><name>Descartado (grupo chico) - Hilera 496</name><Style><LineStyle><color>ff00ffff</color><width>3</width></LineStyle></Style><LineString><coordinates>-70.738705,-34.1175766,0 -70.738175,-34.1170266,0</coordinates></LineString></Placemark><Placemark><name>Descartado (grupo chico) - Hilera 498</name><Style><LineStyle><color>ff00ffff</color><width>3</width></LineStyle></Style><LineString><coordinates>-70.7377783,-34.1178683,0 -70.7375016,-34.117675,0</coordinates></LineString></Placemark><Placemark><name>Descartado (grupo chico) - Hilera 504</name><Style><LineStyle><color>ff00ffff</color><width>3</width></LineStyle></Style><LineString><coordinates>-70.7370616,-34.1179183,0 -70.73716,-34.1179616,0</coordinates></LineString></Placemark><Placemark><name>Descartado (grupo chico) - Hilera 499</name><Style><LineStyle><color>ff00ffff</color><width>3</width></LineStyle></Style><LineString><coordinates>-70.7375016,-34.117675,0 -70.7382416,-34.1158733,0</coordinates></LineString></Placemark><Placemark><name>Descartado (grupo chico) - Hilera 500</name><Style><LineStyle><color>ff00ffff</color><width>3</width></LineStyle></Style><LineString><coordinates>-70.7382416,-34.1158733,0 -70.7377466,-34.1164316,0</coordinates></LineString></Placemark><Placemark><name>Descartado (grupo chico) - Hilera 501</name><Style><LineStyle><color>ff00ffff</color><width>3</width></LineStyle></Style><LineString><coordinates>-70.7377466,-34.1164316,0 -70.7378716,-34.116135,0</coordinates></LineString></Placemark><Placemark><name>Descartado (grupo chico) - Hilera 502</name><Style><LineStyle><color>ff00ffff</color><width>3</width></LineStyle></Style><LineString><coordinates>-70.7378716,-34.116135,0 -70.7370466,-34.1178133,0</coordinates></LineString></Placemark><Placemark><name>Descartado (grupo chico) - Hilera 503</name><Style><LineStyle><color>ff00ffff</color><width>3</width></LineStyle></Style><LineString><coordinates>-70.7370466,-34.1178133,0 -70.7370616,-34.1179183,0</coordinates></LineString></Placemark><Placemark><name>Trabajado - Cuartel 506 - Hilera 506</name><Style><LineStyle><color>ff00ff00</color><width>3</width></LineStyle></Style><LineString><coordinates>-70.7366133,-34.1172683,0 -70.7379066,-34.1146433,0</coordinates></LineString></Placemark><Placemark><name>Trabajado - Cuartel 506 - Hilera 507</name><Style><LineStyle><color>ff00ff00</color><width>3</width></LineStyle></Style><LineString><coordinates>-70.7379066,-34.1146433,0 -70.7365049,-34.1170199,0</coordinates></LineString></Placemark><Placemark><name>Trabajado - Cuartel 506 - Hilera 509</name><Style><LineStyle><color>ff00ff00</color><width>3</width></LineStyle></Style><LineString><coordinates>-70.7368466,-34.1160449,0 -70.7376133,-34.1146083,0</coordinates></LineString></Placemark><Placemark><name>Trabajado - Cuartel 506 - Hilera 511</name><Style><LineStyle><color>ff00ff00</color><width>3</width></LineStyle></Style><LineString><coordinates>-70.7374716,-34.1140516,0 -70.7362799,-34.1164883,0</coordinates></LineString></Placemark><Placemark><name>Trabajado - Cuartel 506 - Hilera 513</name><Style><LineStyle><color>ff00ff00</color><width>3</width></LineStyle></Style><LineString><coordinates>-70.7361849,-34.1163683,0 -70.7375983,-34.1134716,0</coordinates></LineString></Placemark><Placemark><name>Trabajado - Cuartel 506 - Hilera 516</name><Style><LineStyle><color>ff00ff00</color><width>3</width></LineStyle></Style><LineString><coordinates>-70.7373933,-34.11325,0 -70.7356566,-34.1165333,0</coordinates></LineString></Placemark><Placemark><name>Trabajado - Cuartel 506 - Hilera 537</name><Style><LineStyle><color>ff00ff00</color><width>3</width></LineStyle></Style><LineString><coordinates>-70.7350266,-34.1156583,0 -70.7367383,-34.1121583,0</coordinates></LineString></Placemark><Placemark><name>Trabajado - Cuartel 506 - Hilera 539</name><Style><LineStyle><color>ff00ff00</color><width>3</width></LineStyle></Style><LineString><coordinates>-70.7368433,-34.1122616,0 -70.735085,-34.1159233,0</coordinates></LineString></Placemark><Placemark><name>Trabajado - Cuartel 506 - Hilera 542</name><Style><LineStyle><color>ff00ff00</color><width>3</width></LineStyle></Style><LineString><coordinates>-70.735645,-34.1159683,0 -70.7373333,-34.1124583,0</coordinates></LineString></Placemark><Placemark><name>Trabajado - Cuartel 506 - Hilera 543</name><Style><LineStyle><color>ff00ff00</color><width>3</width></LineStyle></Style><LineString><coordinates>-70.7373333,-34.1124583,0 -70.735575,-34.1164083,0</coordinates></LineString></Placemark><Placemark><name>Descartado (grupo chico) - Hilera 508</name><Style><LineStyle><color>ff00ffff</color><width>3</width></LineStyle></Style><LineString><coordinates>-70.7365049,-34.1170199,0 -70.7368433,-34.1159316,0</coordinates></LineString></Placemark><Placemark><name>Descartado (grupo chico) - Hilera 510</name><Style><LineStyle><color>ff00ffff</color><width>3</width></LineStyle></Style><LineString><coordinates>-70.7376133,-34.1146083,0 -70.7374983,-34.1140366,0</coordinates></LineString></Placemark><Placemark><name>Descartado (grupo chico) - Hilera 512</name><Style><LineStyle><color>ff00ffff</color><width>3</width></LineStyle></Style><LineString><coordinates>-70.7362799,-34.1164883,0 -70.7361849,-34.1163683,0</coordinates></LineString></Placemark><Placemark><name>Descartado (grupo chico) - Hilera 546</name><Style><LineStyle><color>ff00ffff</color><width>3</width></LineStyle></Style><LineString><coordinates>-70.7355266,-34.1163566,0 -70.7361483,-34.1171466,0</coordinates></LineString></Placemark><Placemark><name>Descartado (grupo chico) - Hilera 514</name><Style><LineStyle><color>ff00ffff</color><width>3</width></LineStyle></Style><LineString><coordinates>-70.7375983,-34.1134716,0 -70.7375683,-34.1133516,0</coordinates></LineString></Placemark><Placemark><name>Descartado (grupo chico) - Hilera 515</name><Style><LineStyle><color>ff00ffff</color><width>3</width></LineStyle></Style><LineString><coordinates>-70.7375683,-34.1133516,0 -70.7373933,-34.11325,0</coordinates></LineString></Placemark><Placemark><name>Descartado (grupo chico) - Hilera 517</name><Style><LineStyle><color>ff00ffff</color><width>3</width></LineStyle></Style><LineString><coordinates>-70.7356566,-34.1165333,0 -70.7328883,-34.113845,0</coordinates></LineString></Placemark><Placemark><name>Descartado (grupo chico) - Hilera 533</name><Style><LineStyle><color>ff00ffff</color><width>3</width></LineStyle></Style><LineString><coordinates>-70.7339733,-34.114875,0 -70.734475,-34.1152566,0</coordinates></LineString></Placemark><Placemark><name>Descartado (grupo chico) - Hilera 518</name><Style><LineStyle><color>ff00ffff</color><width>3</width></LineStyle></Style><LineString><coordinates>-70.7328883,-34.113845,0 -70.7289633,-34.114885,0</coordinates></LineString></Placemark><Placemark><name>Descartado (grupo chico) - Hilera 523</name><Style><LineStyle><color>ff00ffff</color><width>3</width></LineStyle></Style><LineString><coordinates>-70.7285283,-34.1148733,0 -70.7329883,-34.1138833,0</coordinates></LineString></Placemark><Placemark><name>Descartado (grupo chico) - Hilera 524</name><Style><LineStyle><color>ff00ffff</color><width>3</width></LineStyle></Style><LineString><coordinates>-70.7329883,-34.1138833,0 -70.73329,-34.1141433,0</coordinates></LineString></Placemark><Placemark><name>Trabajado - Cuartel 525 - Hilera 525</name><Style><LineStyle><color>ff00ff00</color><width>3</width></LineStyle></Style><LineString><coordinates>-70.73329,-34.1141433,0 -70.7346016,-34.1115733,0</coordinates></LineString></Placemark><Placemark><name>Trabajado - Cuartel 525 - Hilera 527</name><Style><LineStyle><color>ff00ff00</color><width>3</width></LineStyle></Style><LineString><coordinates>-70.7350233,-34.111395,0 -70.7335966,-34.1143716,0</coordinates></LineString></Placemark><Placemark><name>Trabajado - Cuartel 525 - Hilera 530</name><Style><LineStyle><color>ff00ff00</color><width>3</width></LineStyle></Style><LineString><coordinates>-70.7339166,-34.1148049,0 -70.7357133,-34.1113433,0</coordinates></LineString></Placemark><Placemark><name>Trabajado - Cuartel 525 - Hilera 531</name><Style><LineStyle><color>ff00ff00</color><width>3</width></LineStyle></Style><LineString><coordinates>-70.7357133,-34.1113433,0 -70.7340933,-34.1148433,0</coordinates></LineString></Placemark><Placemark><name>Trabajado - Cuartel 525 - Hilera 534</name><Style><LineStyle><color>ff00ff00</color><width>3</width></LineStyle></Style><LineString><coordinates>-70.734475,-34.1152566,0 -70.7361533,-34.1117533,0</coordinates></LineString></Placemark><Placemark><name>Trabajado - Cuartel 525 - Hilera 535</name><Style><LineStyle><color>ff00ff00</color><width>3</width></LineStyle></Style><LineString><coordinates>-70.7361533,-34.1117533,0 -70.7345166,-34.115475,0</coordinates></LineString></Placemark><Placemark><name>Descartado (grupo chico) - Hilera 526</name><Style><LineStyle><color>ff00ffff</color><width>3</width></LineStyle></Style><LineString><coordinates>-70.7346016,-34.1115733,0 -70.7350233,-34.111395,0</coordinates></LineString></Placemark><Placemark><name>Descartado (grupo chico) - Hilera 528</name><Style><LineStyle><color>ff00ffff</color><width>3</width></LineStyle></Style><LineString><coordinates>-70.7335966,-34.1143716,0 -70.7334666,-34.114345,0</coordinates></LineString></Placemark><Placemark><name>Descartado (grupo chico) - Hilera 529</name><Style><LineStyle><color>ff00ffff</color><width>3</width></LineStyle></Style><LineString><coordinates>-70.7334666,-34.114345,0 -70.7339166,-34.1148049,0</coordinates></LineString></Placemark><Placemark><name>Descartado (grupo chico) - Hilera 532</name><Style><LineStyle><color>ff00ffff</color><width>3</width></LineStyle></Style><LineString><coordinates>-70.7340933,-34.1148433,0 -70.7339733,-34.114875,0</coordinates></LineString></Placemark><Placemark><name>Descartado (grupo chico) - Hilera 536</name><Style><LineStyle><color>ff00ffff</color><width>3</width></LineStyle></Style><LineString><coordinates>-70.7345166,-34.115475,0 -70.7350266,-34.1156583,0</coordinates></LineString></Placemark><Placemark><name>Descartado (grupo chico) - Hilera 538</name><Style><LineStyle><color>ff00ffff</color><width>3</width></LineStyle></Style><LineString><coordinates>-70.7367383,-34.1121583,0 -70.7368433,-34.1122616,0</coordinates></LineString></Placemark><Placemark><name>Descartado (grupo chico) - Hilera 540</name><Style><LineStyle><color>ff00ffff</color><width>3</width></LineStyle></Style><LineString><coordinates>-70.735085,-34.1159233,0 -70.7349916,-34.1158466,0</coordinates></LineString></Placemark><Placemark><name>Descartado (grupo chico) - Hilera 541</name><Style><LineStyle><color>ff00ffff</color><width>3</width></LineStyle></Style><LineString><coordinates>-70.7349916,-34.1158466,0 -70.735645,-34.1159683,0</coordinates></LineString></Placemark><Placemark><name>Descartado (grupo chico) - Hilera 544</name><Style><LineStyle><color>ff00ffff</color><width>3</width></LineStyle></Style><LineString><coordinates>-70.735575,-34.1164083,0 -70.7356516,-34.1163416,0</coordinates></LineString></Placemark><Placemark><name>Descartado (grupo chico) - Hilera 545</name><Style><LineStyle><color>ff00ffff</color><width>3</width></LineStyle></Style><LineString><coordinates>-70.7356516,-34.1163416,0 -70.7355266,-34.1163566,0</coordinates></LineString></Placemark><Placemark><name>Descartado (grupo chico) - Hilera 548</name><Style><LineStyle><color>ff00ffff</color><width>3</width></LineStyle></Style><LineString><coordinates>-70.7342149,-34.1213266,0 -70.7330683,-34.1234866,0</coordinates></LineString></Placemark><Placemark><name>Descartado (grupo chico) - Hilera 549</name><Style><LineStyle><color>ff00ffff</color><width>3</width></LineStyle></Style><LineString><coordinates>-70.7330683,-34.1234866,0 -70.7315,-34.1269566,0</coordinates></LineString></Placemark><Placemark><name>Descartado (grupo chico) - Hilera 550</name><Style><LineStyle><color>ff00ffff</color><width>3</width></LineStyle></Style><LineString><coordinates>-70.7315,-34.1269566,0 -70.7344416,-34.12157,0</coordinates></LineString></Placemark><Placemark><name>Descartado (grupo chico) - Hilera 551</name><Style><LineStyle><color>ff00ffff</color><width>3</width></LineStyle></Style><LineString><coordinates>-70.7346083,-34.1217116,0 -70.7326333,-34.1269349,0</coordinates></LineString></Placemark><Placemark><name>Descartado (grupo chico) - Hilera 552</name><Style><LineStyle><color>ff00ffff</color><width>3</width></LineStyle></Style><LineString><coordinates>-70.7326333,-34.1269349,0 -70.7350233,-34.1220433,0</coordinates></LineString></Placemark><Placemark><name>Descartado (grupo chico) - Hilera 566</name><Style><LineStyle><color>ff00ffff</color><width>3</width></LineStyle></Style><LineString><coordinates>-70.734175,-34.1211949,0 -70.7348566,-34.121915,0</coordinates></LineString></Placemark><Placemark><name>Descartado (grupo chico) - Hilera 567</name><Style><LineStyle><color>ff00ffff</color><width>3</width></LineStyle></Style><LineString><coordinates>-70.7348566,-34.121915,0 -70.734905,-34.1228166,0</coordinates></LineString></Placemark><Placemark><name>Descartado (grupo chico) - Hilera 568</name><Style><LineStyle><color>ff00ffff</color><width>3</width></LineStyle></Style><LineString><coordinates>-70.734905,-34.1228166,0 -70.7327033,-34.1274916,0</coordinates></LineString></Placemark><Placemark><name>Descartado (grupo chico) - Hilera 569</name><Style><LineStyle><color>ff00ffff</color><width>3</width></LineStyle></Style><LineString><coordinates>-70.7327033,-34.1274916,0 -70.7344666,-34.1245866,0</coordinates></LineString></Placemark><Placemark><name>Descartado (grupo chico) - Hilera 570</name><Style><LineStyle><color>ff00ffff</color><width>3</width></LineStyle></Style><LineString><coordinates>-70.73436164766946,-34.12449300496206,0 -70.7345433,-34.124655,0</coordinates></LineString></Placemark><Placemark><name>Descartado (grupo chico) - Hilera 571</name><Style><LineStyle><color>ff00ffff</color><width>3</width></LineStyle></Style><LineString><coordinates>-70.7343549,-34.1244983,0 -70.7352183,-34.12275,0</coordinates></LineString></Placemark><Placemark><name>Descartado (grupo chico) - Hilera 572</name><Style><LineStyle><color>ff00ffff</color><width>3</width></LineStyle></Style><LineString><coordinates>-70.7352183,-34.12275,0 -70.7357016,-34.1228466,0</coordinates></LineString></Placemark><Placemark><name>Descartado (grupo chico) - Hilera 573</name><Style><LineStyle><color>ff00ffff</color><width>3</width></LineStyle></Style><LineString><coordinates>-70.7357016,-34.1228466,0 -70.7332433,-34.1280816,0</coordinates></LineString></Placemark><Placemark><name>Descartado (grupo chico) - Hilera 576</name><Style><LineStyle><color>ff00ffff</color><width>3</width></LineStyle></Style><LineString><coordinates>-70.7335966,-34.1276399,0 -70.7362799,-34.1232666,0</coordinates></LineString></Placemark><Placemark><name>Descartado (grupo chico) - Hilera 574</name><Style><LineStyle><color>ff00ffff</color><width>3</width></LineStyle></Style><LineString><coordinates>-70.7332433,-34.1280816,0 -70.7335933,-34.1277466,0</coordinates></LineString></Placemark><Placemark><name>Descartado (grupo chico) - Hilera 575</name><Style><LineStyle><color>ff00ffff</color><width>3</width></LineStyle></Style><LineString><coordinates>-70.7335933,-34.1277466,0 -70.7335966,-34.1276399,0</coordinates></LineString></Placemark><Placemark><name>Descartado (grupo chico) - Hilera 578</name><Style><LineStyle><color>ff00ffff</color><width>3</width></LineStyle></Style><LineString><coordinates>-70.7338599,-34.12109,0 -70.7334766,-34.1212866,0</coordinates></LineString></Placemark><Placemark><name>Trabajado - Cuartel 579 - Hilera 579</name><Style><LineStyle><color>ff00ff00</color><width>3</width></LineStyle></Style><LineString><coordinates>-70.7334766,-34.1212866,0 -70.7312566,-34.12636,0</coordinates></LineString></Placemark><Placemark><name>Trabajado - Cuartel 579 - Hilera 580</name><Style><LineStyle><color>ff00ff00</color><width>3</width></LineStyle></Style><LineString><coordinates>-70.7312566,-34.12636,0 -70.7332316,-34.1221383,0</coordinates></LineString></Placemark><Placemark><name>Trabajado - Cuartel 579 - Hilera 581</name><Style><LineStyle><color>ff00ff00</color><width>3</width></LineStyle></Style><LineString><coordinates>-70.7332316,-34.1221383,0 -70.7311316,-34.1259116,0</coordinates></LineString></Placemark><Placemark><name>Trabajado - Cuartel 579 - Hilera 582</name><Style><LineStyle><color>ff00ff00</color><width>3</width></LineStyle></Style><LineString><coordinates>-70.7311316,-34.1259116,0 -70.7333416,-34.1213016,0</coordinates></LineString></Placemark><Placemark><name>Trabajado - Cuartel 579 - Hilera 585</name><Style><LineStyle><color>ff00ff00</color><width>3</width></LineStyle></Style><LineString><coordinates>-70.7333516,-34.1209966,0 -70.7307466,-34.1261033,0</coordinates></LineString></Placemark><Placemark><name>Trabajado - Cuartel 579 - Hilera 586</name><Style><LineStyle><color>ff00ff00</color><width>3</width></LineStyle></Style><LineString><coordinates>-70.7307466,-34.1261033,0 -70.7330716,-34.1211999,0</coordinates></LineString></Placemark><Placemark><name>Trabajado - Cuartel 579 - Hilera 587</name><Style><LineStyle><color>ff00ff00</color><width>3</width></LineStyle></Style><LineString><coordinates>-70.7330716,-34.1211999,0 -70.7305816,-34.1257949,0</coordinates></LineString></Placemark><Placemark><name>Trabajado - Cuartel 579 - Hilera 588</name><Style><LineStyle><color>ff00ff00</color><width>3</width></LineStyle></Style><LineString><coordinates>-70.7305816,-34.1257949,0 -70.7329683,-34.1207499,0</coordinates></LineString></Placemark><Placemark><name>Trabajado - Cuartel 579 - Hilera 601</name><Style><LineStyle><color>ff00ff00</color><width>3</width></LineStyle></Style><LineString><coordinates>-70.7327,-34.1206283,0 -70.7306383,-34.1250533,0</coordinates></LineString></Placemark><Placemark><name>Trabajado - Cuartel 579 - Hilera 603</name><Style><LineStyle><color>ff00ff00</color><width>3</width></LineStyle></Style><LineString><coordinates>-70.7304783,-34.1249649,0 -70.7325933,-34.1207716,0</coordinates></LineString></Placemark><Placemark><name>Trabajado - Cuartel 579 - Hilera 604</name><Style><LineStyle><color>ff00ff00</color><width>3</width></LineStyle></Style><LineString><coordinates>-70.7325933,-34.1207716,0 -70.73031,-34.1249166,0</coordinates></LineString></Placemark><Placemark><name>Trabajado - Cuartel 579 - Hilera 605</name><Style><LineStyle><color>ff00ff00</color><width>3</width></LineStyle></Style><LineString><coordinates>-70.73031,-34.1249166,0 -70.7324616,-34.1206083,0</coordinates></LineString></Placemark><Placemark><name>Trabajado - Cuartel 579 - Hilera 606</name><Style><LineStyle><color>ff00ff00</color><width>3</width></LineStyle></Style><LineString><coordinates>-70.7324616,-34.1206083,0 -70.7300116,-34.1250733,0</coordinates></LineString></Placemark><Placemark><name>Trabajado - Cuartel 579 - Hilera 607</name><Style><LineStyle><color>ff00ff00</color><width>3</width></LineStyle></Style><LineString><coordinates>-70.7300116,-34.1250733,0 -70.7319366,-34.120955,0</coordinates></LineString></Placemark><Placemark><name>Trabajado - Cuartel 579 - Hilera 609</name><Style><LineStyle><color>ff00ff00</color><width>3</width></LineStyle></Style><LineString><coordinates>-70.73173,-34.12103,0 -70.7297116,-34.124725,0</coordinates></LineString></Placemark><Placemark><name>Trabajado - Cuartel 579 - Hilera 610</name><Style><LineStyle><color>ff00ff00</color><width>3</width></LineStyle></Style><LineString><coordinates>-70.7297116,-34.124725,0 -70.7318483,-34.1204916,0</coordinates></LineString></Placemark><Placemark><name>Trabajado - Cuartel 579 - Hilera 611</name><Style><LineStyle><color>ff00ff00</color><width>3</width></LineStyle></Style><LineString><coordinates>-70.7318483,-34.1204916,0 -70.7295816,-34.1246583,0</coordinates></LineString></Placemark><Placemark><name>Trabajado - Cuartel 579 - Hilera 612</name><Style><LineStyle><color>ff00ff00</color><width>3</width></LineStyle></Style><LineString><coordinates>-70.7295816,-34.1246583,0 -70.7317016,-34.1202916,0</coordinates></LineString></Placemark><Placemark><name>Trabajado - Cuartel 579 - Hilera 613</name><Style><LineStyle><color>ff00ff00</color><width>3</width></LineStyle></Style><LineString><coordinates>-70.7317016,-34.1202916,0 -70.72947,-34.1241483,0</coordinates></LineString></Placemark><Placemark><name>Trabajado - Cuartel 579 - Hilera 614</name><Style><LineStyle><color>ff00ff00</color><width>3</width></LineStyle></Style><LineString><coordinates>-70.72947,-34.1241483,0 -70.7312166,-34.1204483,0</coordinates></LineString></Placemark><Placemark><name>Trabajado - Cuartel 579 - Hilera 615</name><Style><LineStyle><color>ff00ff00</color><width>3</width></LineStyle></Style><LineString><coordinates>-70.7312166,-34.1204483,0 -70.729055,-34.12437,0</coordinates></LineString></Placemark><Placemark><name>Trabajado - Cuartel 579 - Hilera 616</name><Style><LineStyle><color>ff00ff00</color><width>3</width></LineStyle></Style><LineString><coordinates>-70.729055,-34.12437,0 -70.731005,-34.1200366,0</coordinates></LineString></Placemark><Placemark><name>Trabajado - Cuartel 579 - Hilera 617</name><Style><LineStyle><color>ff00ff00</color><width>3</width></LineStyle></Style><LineString><coordinates>-70.731005,-34.1200366,0 -70.7287933,-34.1242366,0</coordinates></LineString></Placemark><Placemark><name>Trabajado - Cuartel 579 - Hilera 618</name><Style><LineStyle><color>ff00ff00</color><width>3</width></LineStyle></Style><LineString><coordinates>-70.7287933,-34.1242366,0 -70.7305933,-34.120385,0</coordinates></LineString></Placemark><Placemark><name>Trabajado - Cuartel 579 - Hilera 619</name><Style><LineStyle><color>ff00ff00</color><width>3</width></LineStyle></Style><LineString><coordinates>-70.7305933,-34.120385,0 -70.7285183,-34.1241116,0</coordinates></LineString></Placemark><Placemark><name>Trabajado - Cuartel 579 - Hilera 620</name><Style><LineStyle><color>ff00ff00</color><width>3</width></LineStyle></Style><LineString><coordinates>-70.7285183,-34.1241116,0 -70.7304816,-34.1198849,0</coordinates></LineString></Placemark><Placemark><name>Descartado (grupo chico) - Hilera 584</name><Style><LineStyle><color>ff00ffff</color><width>3</width></LineStyle></Style><LineString><coordinates>-70.733545,-34.1213733,0 -70.7333516,-34.1209966,0</coordinates></LineString></Placemark><Placemark><name>Descartado (grupo chico) - Hilera 602</name><Style><LineStyle><color>ff00ffff</color><width>3</width></LineStyle></Style><LineString><coordinates>-70.7306383,-34.1250533,0 -70.7304783,-34.1249649,0</coordinates></LineString></Placemark><Placemark><name>Descartado (grupo chico) - Hilera 608</name><Style><LineStyle><color>ff00ffff</color><width>3</width></LineStyle></Style><LineString><coordinates>-70.7319366,-34.120955,0 -70.73173,-34.12103,0</coordinates></LineString></Placemark><Placemark><name>Descartado (grupo chico) - Hilera 625</name><Style><LineStyle><color>ff00ffff</color><width>3</width></LineStyle></Style><LineString><coordinates>-70.7295033,-34.1379616,0 -70.7293883,-34.1379233,0</coordinates></LineString></Placemark><Placemark><name>Trabajado - Cuartel 626 - Hilera 626</name><Style><LineStyle><color>ff00ff00</color><width>3</width></LineStyle></Style><LineString><coordinates>-70.7229599,-34.1111383,0 -70.7228216,-34.111145,0</coordinates></LineString></Placemark><Placemark><name>Trabajado - Cuartel 626 - Hilera 629</name><Style><LineStyle><color>ff00ff00</color><width>3</width></LineStyle></Style><LineString><coordinates>-70.7226666,-34.1113966,0 -70.7227483,-34.111475,0</coordinates></LineString></Placemark><Placemark><name>Trabajado - Cuartel 626 - Hilera 630</name><Style><LineStyle><color>ff00ff00</color><width>3</width></LineStyle></Style><LineString><coordinates>-70.7227483,-34.111475,0 -70.72183638066494,-34.111629091632786,0</coordinates></LineString></Placemark><Placemark><name>Trabajado - Cuartel 626 - Hilera 631</name><Style><LineStyle><color>ff00ff00</color><width>3</width></LineStyle></Style><LineString><coordinates>-70.72264,-34.1114933,0 -70.72252,-34.1114266,0</coordinates></LineString></Placemark><Placemark><name>Trabajado - Cuartel 626 - Hilera 633</name><Style><LineStyle><color>ff00ff00</color><width>3</width></LineStyle></Style><LineString><coordinates>-70.7227033,-34.1110883,0 -70.72242219864236,-34.11110984331735,0</coordinates></LineString></Placemark><Placemark><name>Trabajado - Cuartel 626 - Hilera 721</name><Style><LineStyle><color>ff00ff00</color><width>3</width></LineStyle></Style><LineString><coordinates>-70.7225033,-34.1113683,0 -70.7227583,-34.1115016,0</coordinates></LineString></Placemark><Placemark><name>Trabajado - Cuartel 626 - Hilera 722</name><Style><LineStyle><color>ff00ff00</color><width>3</width></LineStyle></Style><LineString><coordinates>-70.7226983,-34.1115866,0 -70.722605,-34.1115683,0</coordinates></LineString></Placemark><Placemark><name>Trabajado - Cuartel 626 - Hilera 723</name><Style><LineStyle><color>ff00ff00</color><width>3</width></LineStyle></Style><LineString><coordinates>-70.7228933,-34.111145,0 -70.7229666,-34.11119,0</coordinates></LineString></Placemark><Placemark><name>Trabajado - Cuartel 626 - Hilera 751</name><Style><LineStyle><color>ff00ff00</color><width>3</width></LineStyle></Style><LineString><coordinates>-70.7229533,-34.11116,0 -70.7228466,-34.111165,0</coordinates></LineString></Placemark><Placemark><name>Trabajado - Cuartel 626 - Hilera 794</name><Style><LineStyle><color>ff00ff00</color><width>3</width></LineStyle></Style><LineString><coordinates>-70.7224233,-34.1111199,0 -70.72256,-34.111145,0</coordinates></LineString></Placemark><Placemark><name>Trabajado - Cuartel 626 - Hilera 804</name><Style><LineStyle><color>ff00ff00</color><width>3</width></LineStyle></Style><LineString><coordinates>-70.7226616,-34.1115966,0 -70.7224716,-34.1114183,0</coordinates></LineString></Placemark><Placemark><name>Trabajado - Cuartel 627 - Hilera 627</name><Style><LineStyle><color>ff00ff00</color><width>3</width></LineStyle></Style><LineString><coordinates>-70.72298432089276,-34.11101800658734,0 -70.72247151232918,-34.111418221387204,0</coordinates></LineString></Placemark><Placemark><name>Trabajado - Cuartel 627 - Hilera 632</name><Style><LineStyle><color>ff00ff00</color><width>3</width></LineStyle></Style><LineString><coordinates>-70.72252,-34.1114266,0 -70.7227033,-34.1110883,0</coordinates></LineString></Placemark><Placemark><name>Trabajado - Cuartel 627 - Hilera 634</name><Style><LineStyle><color>ff00ff00</color><width>3</width></LineStyle></Style><LineString><coordinates>-70.722595,-34.1110966,0 -70.7227233,-34.1110116,0</coordinates></LineString></Placemark><Placemark><name>Trabajado - Cuartel 627 - Hilera 720</name><Style><LineStyle><color>ff00ff00</color><width>3</width></LineStyle></Style><LineString><coordinates>-70.72288690592731,-34.1111375609448,0 -70.7225033,-34.1113683,0</coordinates></LineString></Placemark><Placemark><name>Trabajado - Cuartel 627 - Hilera 752</name><Style><LineStyle><color>ff00ff00</color><width>3</width></LineStyle></Style><LineString><coordinates>-70.7228466,-34.111165,0 -70.722495,-34.11145,0</coordinates></LineString></Placemark><Placemark><name>Trabajado - Cuartel 627 - Hilera 790</name><Style><LineStyle><color>ff00ff00</color><width>3</width></LineStyle></Style><LineString><coordinates>-70.7219583,-34.1116,0 -70.7220883,-34.1114933,0</coordinates></LineString></Placemark><Placemark><name>Trabajado - Cuartel 627 - Hilera 795</name><Style><LineStyle><color>ff00ff00</color><width>3</width></LineStyle></Style><LineString><coordinates>-70.72256,-34.111145,0 -70.7224566,-34.1112383,0</coordinates></LineString></Placemark><Placemark><name>Descartado (grupo chico) - Hilera 628</name><Style><LineStyle><color>ff00ffff</color><width>3</width></LineStyle></Style><LineString><coordinates>-70.7225333,-34.11137,0 -70.72258222479476,-34.11157215725189,0</coordinates></LineString></Placemark><Placemark><name>Descartado (grupo chico) - Hilera 753</name><Style><LineStyle><color>ff00ffff</color><width>3</width></LineStyle></Style><LineString><coordinates>-70.722495,-34.11145,0 -70.7225166,-34.11159,0</coordinates></LineString></Placemark><Placemark><name>Trabajado - Cuartel 635 - Hilera 635</name><Style><LineStyle><color>ff00ff00</color><width>3</width></LineStyle></Style><LineString><coordinates>-70.7227233,-34.1110116,0 -70.722175,-34.1090033,0</coordinates></LineString></Placemark><Placemark><name>Trabajado - Cuartel 635 - Hilera 719</name><Style><LineStyle><color>ff00ff00</color><width>3</width></LineStyle></Style><LineString><coordinates>-70.7221383,-34.1089833,0 -70.7227166,-34.11124,0</coordinates></LineString></Placemark><Placemark><name>Trabajado - Cuartel 635 - Hilera 754</name><Style><LineStyle><color>ff00ff00</color><width>3</width></LineStyle></Style><LineString><coordinates>-70.7226033,-34.111545,0 -70.7222033,-34.108965,0</coordinates></LineString></Placemark><Placemark><name>Trabajado - Cuartel 635 - Hilera 779</name><Style><LineStyle><color>ff00ff00</color><width>3</width></LineStyle></Style><LineString><coordinates>-70.7209049,-34.1123149,0 -70.7200633,-34.1093,0</coordinates></LineString></Placemark><Placemark><name>Trabajado - Cuartel 635 - Hilera 781</name><Style><LineStyle><color>ff00ff00</color><width>3</width></LineStyle></Style><LineString><coordinates>-70.7203883,-34.1092916,0 -70.7212216,-34.112085,0</coordinates></LineString></Placemark><Placemark><name>Trabajado - Cuartel 635 - Hilera 784</name><Style><LineStyle><color>ff00ff00</color><width>3</width></LineStyle></Style><LineString><coordinates>-70.7215266,-34.1118583,0 -70.7207933,-34.1092283,0</coordinates></LineString></Placemark><Placemark><name>Trabajado - Cuartel 635 - Hilera 788</name><Style><LineStyle><color>ff00ff00</color><width>3</width></LineStyle></Style><LineString><coordinates>-70.7210166,-34.1092133,0 -70.7217816,-34.1117299,0</coordinates></LineString></Placemark><Placemark><name>Trabajado - Cuartel 635 - Hilera 791</name><Style><LineStyle><color>ff00ff00</color><width>3</width></LineStyle></Style><LineString><coordinates>-70.7220883,-34.1114933,0 -70.721525,-34.10944,0</coordinates></LineString></Placemark><Placemark><name>Trabajado - Cuartel 635 - Hilera 793</name><Style><LineStyle><color>ff00ff00</color><width>3</width></LineStyle></Style><LineString><coordinates>-70.7219416,-34.1090316,0 -70.7225366,-34.111085,0</coordinates></LineString></Placemark><Placemark><name>Trabajado - Cuartel 635 - Hilera 796</name><Style><LineStyle><color>ff00ff00</color><width>3</width></LineStyle></Style><LineString><coordinates>-70.7224566,-34.1112383,0 -70.7217316,-34.1090433,0</coordinates></LineString></Placemark><Placemark><name>Trabajado - Cuartel 635 - Hilera 803</name><Style><LineStyle><color>ff00ff00</color><width>3</width></LineStyle></Style><LineString><coordinates>-70.7221333,-34.1089799,0 -70.7225633,-34.1116449,0</coordinates></LineString></Placemark><Placemark><name>Trabajado - Cuartel 636 - Hilera 636</name><Style><LineStyle><color>ff00ff00</color><width>3</width></LineStyle></Style><LineString><coordinates>-70.722175,-34.1090033,0 -70.7192416,-34.1094933,0</coordinates></LineString></Placemark><Placemark><name>Trabajado - Cuartel 636 - Hilera 641</name><Style><LineStyle><color>ff00ff00</color><width>3</width></LineStyle></Style><LineString><coordinates>-70.7191716,-34.1095766,0 -70.7220366,-34.1088916,0</coordinates></LineString></Placemark><Placemark><name>Trabajado - Cuartel 636 - Hilera 643</name><Style><LineStyle><color>ff00ff00</color><width>3</width></LineStyle></Style><LineString><coordinates>-70.7215649,-34.1086666,0 -70.7189616,-34.1090716,0</coordinates></LineString></Placemark><Placemark><name>Trabajado - Cuartel 636 - Hilera 647</name><Style><LineStyle><color>ff00ff00</color><width>3</width></LineStyle></Style><LineString><coordinates>-70.7196366,-34.1085816,0 -70.720845,-34.1083999,0</coordinates></LineString></Placemark><Placemark><name>Trabajado - Cuartel 636 - Hilera 652</name><Style><LineStyle><color>ff00ff00</color><width>3</width></LineStyle></Style><LineString><coordinates>-70.7219216,-34.1080266,0 -70.7188466,-34.1084833,0</coordinates></LineString></Placemark><Placemark><name>Trabajado - Cuartel 636 - Hilera 654</name><Style><LineStyle><color>ff00ff00</color><width>3</width></LineStyle></Style><LineString><coordinates>-70.7187716,-34.1082683,0 -70.721745,-34.1077666,0</coordinates></LineString></Placemark><Placemark><name>Trabajado - Cuartel 636 - Hilera 657</name><Style><LineStyle><color>ff00ff00</color><width>3</width></LineStyle></Style><LineString><coordinates>-70.7215816,-34.1074716,0 -70.7187566,-34.1079166,0</coordinates></LineString></Placemark><Placemark><name>Trabajado - Cuartel 636 - Hilera 660</name><Style><LineStyle><color>ff00ff00</color><width>3</width></LineStyle></Style><LineString><coordinates>-70.7186983,-34.1076499,0 -70.7215216,-34.10721,0</coordinates></LineString></Placemark><Placemark><name>Trabajado - Cuartel 636 - Hilera 662</name><Style><LineStyle><color>ff00ff00</color><width>3</width></LineStyle></Style><LineString><coordinates>-70.721295,-34.106945,0 -70.718685,-34.1073,0</coordinates></LineString></Placemark><Placemark><name>Trabajado - Cuartel 636 - Hilera 673</name><Style><LineStyle><color>ff00ff00</color><width>3</width></LineStyle></Style><LineString><coordinates>-70.7187316,-34.1068833,0 -70.7214466,-34.1064099,0</coordinates></LineString></Placemark><Placemark><name>Trabajado - Cuartel 636 - Hilera 718</name><Style><LineStyle><color>ff00ff00</color><width>3</width></LineStyle></Style><LineString><coordinates>-70.719045,-34.1093266,0 -70.7221383,-34.1089833,0</coordinates></LineString></Placemark><Placemark><name>Trabajado - Cuartel 636 - Hilera 755</name><Style><LineStyle><color>ff00ff00</color><width>3</width></LineStyle></Style><LineString><coordinates>-70.7222033,-34.108965,0 -70.7192433,-34.1094733,0</coordinates></LineString></Placemark><Placemark><name>Trabajado - Cuartel 636 - Hilera 780</name><Style><LineStyle><color>ff00ff00</color><width>3</width></LineStyle></Style><LineString><coordinates>-70.7200633,-34.1093,0 -70.7203883,-34.1092916,0</coordinates></LineString></Placemark><Placemark><name>Trabajado - Cuartel 636 - Hilera 785</name><Style><LineStyle><color>ff00ff00</color><width>3</width></LineStyle></Style><LineString><coordinates>-70.7207933,-34.1092283,0 -70.7205683,-34.1092983,0</coordinates></LineString></Placemark><Placemark><name>Trabajado - Cuartel 636 - Hilera 787</name><Style><LineStyle><color>ff00ff00</color><width>3</width></LineStyle></Style><LineString><coordinates>-70.7205233,-34.1093816,0 -70.7210166,-34.1092133,0</coordinates></LineString></Placemark><Placemark><name>Trabajado - Cuartel 636 - Hilera 798</name><Style><LineStyle><color>ff00ff00</color><width>3</width></LineStyle></Style><LineString><coordinates>-70.7215899,-34.1089866,0 -70.7189916,-34.10956,0</coordinates></LineString></Placemark><Placemark><name>Trabajado - Cuartel 637 - Hilera 637</name><Style><LineStyle><color>ff00ff00</color><width>3</width></LineStyle></Style><LineString><coordinates>-70.7192416,-34.1094933,0 -70.7186533,-34.1097599,0</coordinates></LineString></Placemark><Placemark><name>Trabajado - Cuartel 637 - Hilera 638</name><Style><LineStyle><color>ff00ff00</color><width>3</width></LineStyle></Style><LineString><coordinates>-70.7186533,-34.1097599,0 -70.7187749,-34.1097783,0</coordinates></LineString></Placemark><Placemark><name>Trabajado - Cuartel 637 - Hilera 639</name><Style><LineStyle><color>ff00ff00</color><width>3</width></LineStyle></Style><LineString><coordinates>-70.7187749,-34.1097783,0 -70.7191683,-34.1094616,0</coordinates></LineString></Placemark><Placemark><name>Trabajado - Cuartel 637 - Hilera 640</name><Style><LineStyle><color>ff00ff00</color><width>3</width></LineStyle></Style><LineString><coordinates>-70.71916630109992,-34.10939194136024,0 -70.71917475666194,-34.10968660488655,0</coordinates></LineString></Placemark><Placemark><name>Trabajado - Cuartel 637 - Hilera 645</name><Style><LineStyle><color>ff00ff00</color><width>3</width></LineStyle></Style><LineString><coordinates>-70.7190216,-34.1090833,0 -70.7189083,-34.1090883,0</coordinates></LineString></Placemark><Placemark><name>Trabajado - Cuartel 637 - Hilera 653</name><Style><LineStyle><color>ff00ff00</color><width>3</width></LineStyle></Style><LineString><coordinates>-70.7188466,-34.1084833,0 -70.7187716,-34.1082683,0</coordinates></LineString></Placemark><Placemark><name>Trabajado - Cuartel 637 - Hilera 659</name><Style><LineStyle><color>ff00ff00</color><width>3</width></LineStyle></Style><LineString><coordinates>-70.7186766,-34.107855,0 -70.7186983,-34.1076499,0</coordinates></LineString></Placemark><Placemark><name>Trabajado - Cuartel 637 - Hilera 666</name><Style><LineStyle><color>ff00ff00</color><width>3</width></LineStyle></Style><LineString><coordinates>-70.7185966,-34.1073283,0 -70.71915344487635,-34.10969015637277,0</coordinates></LineString></Placemark><Placemark><name>Trabajado - Cuartel 637 - Hilera 667</name><Style><LineStyle><color>ff00ff00</color><width>3</width></LineStyle></Style><LineString><coordinates>-70.71912,-34.1095483,0 -70.71889792847219,-34.10949425688613,0</coordinates></LineString></Placemark><Placemark><name>Trabajado - Cuartel 637 - Hilera 668</name><Style><LineStyle><color>ff00ff00</color><width>3</width></LineStyle></Style><LineString><coordinates>-70.7188599,-34.1095133,0 -70.719095,-34.1096933,0</coordinates></LineString></Placemark><Placemark><name>Trabajado - Cuartel 637 - Hilera 669</name><Style><LineStyle><color>ff00ff00</color><width>3</width></LineStyle></Style><LineString><coordinates>-70.719095,-34.1096933,0 -70.7187483,-34.1097599,0</coordinates></LineString></Placemark><Placemark><name>Trabajado - Cuartel 637 - Hilera 670</name><Style><LineStyle><color>ff00ff00</color><width>3</width></LineStyle></Style><LineString><coordinates>-70.7187483,-34.1097599,0 -70.7186349,-34.1097216,0</coordinates></LineString></Placemark><Placemark><name>Trabajado - Cuartel 637 - Hilera 671</name><Style><LineStyle><color>ff00ff00</color><width>3</width></LineStyle></Style><LineString><coordinates>-70.7187133,-34.1097633,0 -70.7191416,-34.1095383,0</coordinates></LineString></Placemark><Placemark><name>Trabajado - Cuartel 637 - Hilera 672</name><Style><LineStyle><color>ff00ff00</color><width>3</width></LineStyle></Style><LineString><coordinates>-70.7191416,-34.1095383,0 -70.7187316,-34.1068833,0</coordinates></LineString></Placemark><Placemark><name>Trabajado - Cuartel 637 - Hilera 695</name><Style><LineStyle><color>ff00ff00</color><width>3</width></LineStyle></Style><LineString><coordinates>-70.718655,-34.107695,0 -70.7187316,-34.1078683,0</coordinates></LineString></Placemark><Placemark><name>Trabajado - Cuartel 637 - Hilera 704</name><Style><LineStyle><color>ff00ff00</color><width>3</width></LineStyle></Style><LineString><coordinates>-70.7188733,-34.1086033,0 -70.7189783,-34.1091316,0</coordinates></LineString></Placemark><Placemark><name>Trabajado - Cuartel 637 - Hilera 705</name><Style><LineStyle><color>ff00ff00</color><width>3</width></LineStyle></Style><LineString><coordinates>-70.7189783,-34.1091316,0 -70.71909,-34.10918,0</coordinates></LineString></Placemark><Placemark><name>Trabajado - Cuartel 637 - Hilera 706</name><Style><LineStyle><color>ff00ff00</color><width>3</width></LineStyle></Style><LineString><coordinates>-70.7191283,-34.10918,0 -70.71909,-34.1092666,0</coordinates></LineString></Placemark><Placemark><name>Trabajado - Cuartel 637 - Hilera 707</name><Style><LineStyle><color>ff00ff00</color><width>3</width></LineStyle></Style><LineString><coordinates>-70.7190983,-34.1091433,0 -70.71887112283983,-34.109690971707714,0</coordinates></LineString></Placemark><Placemark><name>Trabajado - Cuartel 637 - Hilera 708</name><Style><LineStyle><color>ff00ff00</color><width>3</width></LineStyle></Style><LineString><coordinates>-70.71890775614061,-34.108779793611454,0 -70.7191266,-34.1096866,0</coordinates></LineString></Placemark><Placemark><name>Trabajado - Cuartel 637 - Hilera 709</name><Style><LineStyle><color>ff00ff00</color><width>3</width></LineStyle></Style><LineString><coordinates>-70.7191266,-34.1096866,0 -70.7185966,-34.109735,0</coordinates></LineString></Placemark><Placemark><name>Trabajado - Cuartel 637 - Hilera 710</name><Style><LineStyle><color>ff00ff00</color><width>3</width></LineStyle></Style><LineString><coordinates>-70.7185966,-34.109735,0 -70.718525,-34.109115,0</coordinates></LineString></Placemark><Placemark><name>Trabajado - Cuartel 637 - Hilera 711</name><Style><LineStyle><color>ff00ff00</color><width>3</width></LineStyle></Style><LineString><coordinates>-70.718525,-34.109115,0 -70.719005,-34.109005,0</coordinates></LineString></Placemark><Placemark><name>Trabajado - Cuartel 637 - Hilera 712</name><Style><LineStyle><color>ff00ff00</color><width>3</width></LineStyle></Style><LineString><coordinates>-70.719005,-34.109005,0 -70.7189833,-34.1086933,0</coordinates></LineString></Placemark><Placemark><name>Trabajado - Cuartel 637 - Hilera 717</name><Style><LineStyle><color>ff00ff00</color><width>3</width></LineStyle></Style><LineString><coordinates>-70.7188149,-34.108715,0 -70.7189166,-34.1087783,0</coordinates></LineString></Placemark><Placemark><name>Trabajado - Cuartel 637 - Hilera 756</name><Style><LineStyle><color>ff00ff00</color><width>3</width></LineStyle></Style><LineString><coordinates>-70.7192433,-34.1094733,0 -70.7191833,-34.1095666,0</coordinates></LineString></Placemark><Placemark><name>Trabajado - Cuartel 637 - Hilera 757</name><Style><LineStyle><color>ff00ff00</color><width>3</width></LineStyle></Style><LineString><coordinates>-70.7191833,-34.1095666,0 -70.7189183,-34.109595,0</coordinates></LineString></Placemark><Placemark><name>Trabajado - Cuartel 637 - Hilera 758</name><Style><LineStyle><color>ff00ff00</color><width>3</width></LineStyle></Style><LineString><coordinates>-70.7188833,-34.1096183,0 -70.7188216,-34.10954,0</coordinates></LineString></Placemark><Placemark><name>Trabajado - Cuartel 637 - Hilera 759</name><Style><LineStyle><color>ff00ff00</color><width>3</width></LineStyle></Style><LineString><coordinates>-70.718865,-34.109555,0 -70.718885,-34.109645,0</coordinates></LineString></Placemark><Placemark><name>Trabajado - Cuartel 637 - Hilera 760</name><Style><LineStyle><color>ff00ff00</color><width>3</width></LineStyle></Style><LineString><coordinates>-70.718885,-34.109645,0 -70.7189783,-34.10971,0</coordinates></LineString></Placemark><Placemark><name>Trabajado - Cuartel 637 - Hilera 761</name><Style><LineStyle><color>ff00ff00</color><width>3</width></LineStyle></Style><LineString><coordinates>-70.7189783,-34.10971,0 -70.7186283,-34.1095999,0</coordinates></LineString></Placemark><Placemark><name>Trabajado - Cuartel 637 - Hilera 762</name><Style><LineStyle><color>ff00ff00</color><width>3</width></LineStyle></Style><LineString><coordinates>-70.7186283,-34.1095999,0 -70.71862,-34.1097383,0</coordinates></LineString></Placemark><Placemark><name>Trabajado - Cuartel 637 - Hilera 763</name><Style><LineStyle><color>ff00ff00</color><width>3</width></LineStyle></Style><LineString><coordinates>-70.71903211418172,-34.10974611035772,0 -70.7191899,-34.1095199,0</coordinates></LineString></Placemark><Placemark><name>Trabajado - Cuartel 637 - Hilera 764</name><Style><LineStyle><color>ff00ff00</color><width>3</width></LineStyle></Style><LineString><coordinates>-70.7191899,-34.1095199,0 -70.7191016,-34.1094666,0</coordinates></LineString></Placemark><Placemark><name>Trabajado - Cuartel 637 - Hilera 765</name><Style><LineStyle><color>ff00ff00</color><width>3</width></LineStyle></Style><LineString><coordinates>-70.7191016,-34.1094666,0 -70.7189283,-34.1098283,0</coordinates></LineString></Placemark><Placemark><name>Trabajado - Cuartel 637 - Hilera 769</name><Style><LineStyle><color>ff00ff00</color><width>3</width></LineStyle></Style><LineString><coordinates>-70.7192449,-34.1096666,0 -70.7191666,-34.1097366,0</coordinates></LineString></Placemark><Placemark><name>Trabajado - Cuartel 637 - Hilera 770</name><Style><LineStyle><color>ff00ff00</color><width>3</width></LineStyle></Style><LineString><coordinates>-70.7191666,-34.1097366,0 -70.719235,-34.1095633,0</coordinates></LineString></Placemark><Placemark><name>Trabajado - Cuartel 637 - Hilera 771</name><Style><LineStyle><color>ff00ff00</color><width>3</width></LineStyle></Style><LineString><coordinates>-70.719235,-34.1095633,0 -70.7191283,-34.1095349,0</coordinates></LineString></Placemark><Placemark><name>Trabajado - Cuartel 637 - Hilera 772</name><Style><LineStyle><color>ff00ff00</color><width>3</width></LineStyle></Style><LineString><coordinates>-70.7191283,-34.1095349,0 -70.7191466,-34.1094333,0</coordinates></LineString></Placemark><Placemark><name>Trabajado - Cuartel 637 - Hilera 773</name><Style><LineStyle><color>ff00ff00</color><width>3</width></LineStyle></Style><LineString><coordinates>-70.7191466,-34.1094333,0 -70.7197266,-34.1095466,0</coordinates></LineString></Placemark><Placemark><name>Trabajado - Cuartel 637 - Hilera 800</name><Style><LineStyle><color>ff00ff00</color><width>3</width></LineStyle></Style><LineString><coordinates>-70.7188816,-34.10954,0 -70.7191066,-34.1096549,0</coordinates></LineString></Placemark><Placemark><name>Trabajado - Cuartel 637 - Hilera 801</name><Style><LineStyle><color>ff00ff00</color><width>3</width></LineStyle></Style><LineString><coordinates>-70.71907857222806,-34.10974518263309,0 -70.7187,-34.1097733,0</coordinates></LineString></Placemark><Placemark><name>Trabajado - Cuartel 637 - Hilera 802</name><Style><LineStyle><color>ff00ff00</color><width>3</width></LineStyle></Style><LineString><coordinates>-70.7190766,-34.1097266,0 -70.7190749,-34.1095333,0</coordinates></LineString></Placemark><Placemark><name>Descartado (grupo chico) - Hilera 642</name><Style><LineStyle><color>ff00ffff</color><width>3</width></LineStyle></Style><LineString><coordinates>-70.7220366,-34.1088916,0 -70.7215649,-34.1086666,0</coordinates></LineString></Placemark><Placemark><name>Descartado (grupo chico) - Hilera 650</name><Style><LineStyle><color>ff00ffff</color><width>3</width></LineStyle></Style><LineString><coordinates>-70.7219766,-34.1083033,0 -70.7218816,-34.1082833,0</coordinates></LineString></Placemark><Placemark><name>Descartado (grupo chico) - Hilera 797</name><Style><LineStyle><color>ff00ffff</color><width>3</width></LineStyle></Style><LineString><coordinates>-70.7217316,-34.1090433,0 -70.7215899,-34.1089866,0</coordinates></LineString></Placemark><Placemark><name>Trabajado - Cuartel 644 - Hilera 644</name><Style><LineStyle><color>ff00ff00</color><width>3</width></LineStyle></Style><LineString><coordinates>-70.71901504370976,-34.109060733890274,0 -70.7155266,-34.10977,0</coordinates></LineString></Placemark><Placemark><name>Trabajado - Cuartel 644 - Hilera 679</name><Style><LineStyle><color>ff00ff00</color><width>3</width></LineStyle></Style><LineString><coordinates>-70.7183249,-34.10636,0 -70.7155533,-34.10633,0</coordinates></LineString></Placemark><Placemark><name>Trabajado - Cuartel 644 - Hilera 684</name><Style><LineStyle><color>ff00ff00</color><width>3</width></LineStyle></Style><LineString><coordinates>-70.7158283,-34.10676,0 -70.718055,-34.1063883,0</coordinates></LineString></Placemark><Placemark><name>Trabajado - Cuartel 644 - Hilera 686</name><Style><LineStyle><color>ff00ff00</color><width>3</width></LineStyle></Style><LineString><coordinates>-70.7182466,-34.1066866,0 -70.7154116,-34.1070999,0</coordinates></LineString></Placemark><Placemark><name>Trabajado - Cuartel 644 - Hilera 689</name><Style><LineStyle><color>ff00ff00</color><width>3</width></LineStyle></Style><LineString><coordinates>-70.71551,-34.107505,0 -70.7184483,-34.107075,0</coordinates></LineString></Placemark><Placemark><name>Trabajado - Cuartel 644 - Hilera 691</name><Style><LineStyle><color>ff00ff00</color><width>3</width></LineStyle></Style><LineString><coordinates>-70.7185616,-34.1072483,0 -70.7154133,-34.1078466,0</coordinates></LineString></Placemark><Placemark><name>Trabajado - Cuartel 644 - Hilera 694</name><Style><LineStyle><color>ff00ff00</color><width>3</width></LineStyle></Style><LineString><coordinates>-70.7159416,-34.1081116,0 -70.718655,-34.107695,0</coordinates></LineString></Placemark><Placemark><name>Trabajado - Cuartel 644 - Hilera 696</name><Style><LineStyle><color>ff00ff00</color><width>3</width></LineStyle></Style><LineString><coordinates>-70.7187316,-34.1078683,0 -70.7151833,-34.1085833,0</coordinates></LineString></Placemark><Placemark><name>Trabajado - Cuartel 644 - Hilera 698</name><Style><LineStyle><color>ff00ff00</color><width>3</width></LineStyle></Style><LineString><coordinates>-70.7151133,-34.10866,0 -70.718855,-34.1082716,0</coordinates></LineString></Placemark><Placemark><name>Trabajado - Cuartel 644 - Hilera 699</name><Style><LineStyle><color>ff00ff00</color><width>3</width></LineStyle></Style><LineString><coordinates>-70.718855,-34.1082716,0 -70.7151733,-34.1090583,0</coordinates></LineString></Placemark><Placemark><name>Trabajado - Cuartel 644 - Hilera 703</name><Style><LineStyle><color>ff00ff00</color><width>3</width></LineStyle></Style><LineString><coordinates>-70.7154216,-34.1091716,0 -70.7188733,-34.1086033,0</coordinates></LineString></Placemark><Placemark><name>Trabajado - Cuartel 644 - Hilera 713</name><Style><LineStyle><color>ff00ff00</color><width>3</width></LineStyle></Style><LineString><coordinates>-70.7189833,-34.1086933,0 -70.7153249,-34.1093283,0</coordinates></LineString></Placemark><Placemark><name>Trabajado - Cuartel 644 - Hilera 716</name><Style><LineStyle><color>ff00ff00</color><width>3</width></LineStyle></Style><LineString><coordinates>-70.7153416,-34.1092583,0 -70.7188149,-34.108715,0</coordinates></LineString></Placemark><Placemark><name>Descartado (grupo chico) - Hilera 646</name><Style><LineStyle><color>ff00ffff</color><width>3</width></LineStyle></Style><LineString><coordinates>-70.7189083,-34.1090883,0 -70.7196366,-34.1085816,0</coordinates></LineString></Placemark><Placemark><name>Descartado (grupo chico) - Hilera 648</name><Style><LineStyle><color>ff00ffff</color><width>3</width></LineStyle></Style><LineString><coordinates>-70.720845,-34.1083999,0 -70.7218983,-34.1082116,0</coordinates></LineString></Placemark><Placemark><name>Descartado (grupo chico) - Hilera 649</name><Style><LineStyle><color>ff00ffff</color><width>3</width></LineStyle></Style><LineString><coordinates>-70.7218983,-34.1082116,0 -70.7219766,-34.1083033,0</coordinates></LineString></Placemark><Placemark><name>Descartado (grupo chico) - Hilera 651</name><Style><LineStyle><color>ff00ffff</color><width>3</width></LineStyle></Style><LineString><coordinates>-70.7218816,-34.1082833,0 -70.7219216,-34.1080266,0</coordinates></LineString></Placemark><Placemark><name>Descartado (grupo chico) - Hilera 655</name><Style><LineStyle><color>ff00ffff</color><width>3</width></LineStyle></Style><LineString><coordinates>-70.721745,-34.1077666,0 -70.72182,-34.10768,0</coordinates></LineString></Placemark><Placemark><name>Descartado (grupo chico) - Hilera 656</name><Style><LineStyle><color>ff00ffff</color><width>3</width></LineStyle></Style><LineString><coordinates>-70.72182,-34.10768,0 -70.7215816,-34.1074716,0</coordinates></LineString></Placemark><Placemark><name>Descartado (grupo chico) - Hilera 658</name><Style><LineStyle><color>ff00ffff</color><width>3</width></LineStyle></Style><LineString><coordinates>-70.7187566,-34.1079166,0 -70.7186766,-34.107855,0</coordinates></LineString></Placemark><Placemark><name>Descartado (grupo chico) - Hilera 661</name><Style><LineStyle><color>ff00ffff</color><width>3</width></LineStyle></Style><LineString><coordinates>-70.7215216,-34.10721,0 -70.721295,-34.106945,0</coordinates></LineString></Placemark><Placemark><name>Descartado (grupo chico) - Hilera 663</name><Style><LineStyle><color>ff00ffff</color><width>3</width></LineStyle></Style><LineString><coordinates>-70.718675,-34.1073183,0 -70.7185916,-34.1072733,0</coordinates></LineString></Placemark><Placemark><name>Descartado (grupo chico) - Hilera 664</name><Style><LineStyle><color>ff00ffff</color><width>3</width></LineStyle></Style><LineString><coordinates>-70.7185916,-34.1072733,0 -70.718695,-34.1072516,0</coordinates></LineString></Placemark><Placemark><name>Descartado (grupo chico) - Hilera 665</name><Style><LineStyle><color>ff00ffff</color><width>3</width></LineStyle></Style><LineString><coordinates>-70.718695,-34.1072516,0 -70.7185966,-34.1073283,0</coordinates></LineString></Placemark><Placemark><name>Descartado (grupo chico) - Hilera 674</name><Style><LineStyle><color>ff00ffff</color><width>3</width></LineStyle></Style><LineString><coordinates>-70.7214466,-34.1064099,0 -70.7204583,-34.1063,0</coordinates></LineString></Placemark><Placemark><name>Descartado (grupo chico) - Hilera 675</name><Style><LineStyle><color>ff00ffff</color><width>3</width></LineStyle></Style><LineString><coordinates>-70.7204583,-34.1063,0 -70.7204333,-34.1064083,0</coordinates></LineString></Placemark><Placemark><name>Descartado (grupo chico) - Hilera 676</name><Style><LineStyle><color>ff00ffff</color><width>3</width></LineStyle></Style><LineString><coordinates>-70.7204333,-34.1064083,0 -70.71848,-34.1066216,0</coordinates></LineString></Placemark><Placemark><name>Descartado (grupo chico) - Hilera 677</name><Style><LineStyle><color>ff00ffff</color><width>3</width></LineStyle></Style><LineString><coordinates>-70.71848,-34.1066216,0 -70.71848,-34.1067383,0</coordinates></LineString></Placemark><Placemark><name>Descartado (grupo chico) - Hilera 678</name><Style><LineStyle><color>ff00ffff</color><width>3</width></LineStyle></Style><LineString><coordinates>-70.71848,-34.1067383,0 -70.7183249,-34.10636,0</coordinates></LineString></Placemark><Placemark><name>Descartado (grupo chico) - Hilera 685</name><Style><LineStyle><color>ff00ffff</color><width>3</width></LineStyle></Style><LineString><coordinates>-70.718055,-34.1063883,0 -70.7182466,-34.1066866,0</coordinates></LineString></Placemark><Placemark><name>Descartado (grupo chico) - Hilera 680</name><Style><LineStyle><color>ff00ffff</color><width>3</width></LineStyle></Style><LineString><coordinates>-70.7155533,-34.10633,0 -70.71687,-34.10613,0</coordinates></LineString></Placemark><Placemark><name>Descartado (grupo chico) - Hilera 682</name><Style><LineStyle><color>ff00ffff</color><width>3</width></LineStyle></Style><LineString><coordinates>-70.7167699,-34.1062833,0 -70.7151766,-34.1065933,0</coordinates></LineString></Placemark><Placemark><name>Descartado (grupo chico) - Hilera 681</name><Style><LineStyle><color>ff00ffff</color><width>3</width></LineStyle></Style><LineString><coordinates>-70.71687,-34.10613,0 -70.7167699,-34.1062833,0</coordinates></LineString></Placemark><Placemark><name>Descartado (grupo chico) - Hilera 683</name><Style><LineStyle><color>ff00ffff</color><width>3</width></LineStyle></Style><LineString><coordinates>-70.7151766,-34.1065933,0 -70.7158283,-34.10676,0</coordinates></LineString></Placemark><Placemark><name>Descartado (grupo chico) - Hilera 687</name><Style><LineStyle><color>ff00ffff</color><width>3</width></LineStyle></Style><LineString><coordinates>-70.7155733,-34.1070733,0 -70.7153983,-34.1071933,0</coordinates></LineString></Placemark><Placemark><name>Descartado (grupo chico) - Hilera 688</name><Style><LineStyle><color>ff00ffff</color><width>3</width></LineStyle></Style><LineString><coordinates>-70.7153983,-34.1071933,0 -70.71551,-34.107505,0</coordinates></LineString></Placemark><Placemark><name>Descartado (grupo chico) - Hilera 690</name><Style><LineStyle><color>ff00ffff</color><width>3</width></LineStyle></Style><LineString><coordinates>-70.7184483,-34.107075,0 -70.7185616,-34.1072483,0</coordinates></LineString></Placemark><Placemark><name>Descartado (grupo chico) - Hilera 692</name><Style><LineStyle><color>ff00ffff</color><width>3</width></LineStyle></Style><LineString><coordinates>-70.7154133,-34.1078466,0 -70.715355,-34.107945,0</coordinates></LineString></Placemark><Placemark><name>Descartado (grupo chico) - Hilera 693</name><Style><LineStyle><color>ff00ffff</color><width>3</width></LineStyle></Style><LineString><coordinates>-70.715355,-34.107945,0 -70.7159416,-34.1081116,0</coordinates></LineString></Placemark><Placemark><name>Trabajado - Cuartel 697 - Hilera 697</name><Style><LineStyle><color>ff00ff00</color><width>3</width></LineStyle></Style><LineString><coordinates>-70.7151833,-34.1085833,0 -70.7151133,-34.10866,0</coordinates></LineString></Placemark><Placemark><name>Trabajado - Cuartel 697 - Hilera 700</name><Style><LineStyle><color>ff00ff00</color><width>3</width></LineStyle></Style><LineString><coordinates>-70.7151733,-34.1090583,0 -70.71511,-34.1091399,0</coordinates></LineString></Placemark><Placemark><name>Trabajado - Cuartel 697 - Hilera 701</name><Style><LineStyle><color>ff00ff00</color><width>3</width></LineStyle></Style><LineString><coordinates>-70.7151349,-34.109175,0 -70.7152183,-34.1091016,0</coordinates></LineString></Placemark><Placemark><name>Trabajado - Cuartel 697 - Hilera 714</name><Style><LineStyle><color>ff00ff00</color><width>3</width></LineStyle></Style><LineString><coordinates>-70.7153249,-34.1093283,0 -70.71526,-34.1093966,0</coordinates></LineString></Placemark><Placemark><name>Trabajado - Cuartel 697 - Hilera 715</name><Style><LineStyle><color>ff00ff00</color><width>3</width></LineStyle></Style><LineString><coordinates>-70.715265,-34.1094233,0 -70.7153416,-34.1092583,0</coordinates></LineString></Placemark><Placemark><name>Descartado (grupo chico) - Hilera 702</name><Style><LineStyle><color>ff00ffff</color><width>3</width></LineStyle></Style><LineString><coordinates>-70.7152033,-34.10911,0 -70.7154216,-34.1091716,0</coordinates></LineString></Placemark><Placemark><name>Descartado (grupo chico) - Hilera 724</name><Style><LineStyle><color>ff00ffff</color><width>3</width></LineStyle></Style><LineString><coordinates>-70.72295677768356,-34.1111592232919,0 -70.72374229014716,-34.11362050500088,0</coordinates></LineString></Placemark><Placemark><name>Descartado (grupo chico) - Hilera 725</name><Style><LineStyle><color>ff00ffff</color><width>3</width></LineStyle></Style><LineString><coordinates>-70.7235283,-34.11295,0 -70.7231566,-34.113825,0</coordinates></LineString></Placemark><Placemark><name>Trabajado - Cuartel 726 - Hilera 726</name><Style><LineStyle><color>ff00ff00</color><width>3</width></LineStyle></Style><LineString><coordinates>-70.7231566,-34.113825,0 -70.7205433,-34.1143316,0</coordinates></LineString></Placemark><Placemark><name>Trabajado - Cuartel 726 - Hilera 728</name><Style><LineStyle><color>ff00ff00</color><width>3</width></LineStyle></Style><LineString><coordinates>-70.7203799,-34.1146666,0 -70.7235683,-34.11411,0</coordinates></LineString></Placemark><Placemark><name>Trabajado - Cuartel 726 - Hilera 729</name><Style><LineStyle><color>ff00ff00</color><width>3</width></LineStyle></Style><LineString><coordinates>-70.7235683,-34.11411,0 -70.7204933,-34.1146949,0</coordinates></LineString></Placemark><Placemark><name>Trabajado - Cuartel 726 - Hilera 731</name><Style><LineStyle><color>ff00ff00</color><width>3</width></LineStyle></Style><LineString><coordinates>-70.7204866,-34.1150283,0 -70.7237133,-34.11446,0</coordinates></LineString></Placemark><Placemark><name>Trabajado - Cuartel 726 - Hilera 732</name><Style><LineStyle><color>ff00ff00</color><width>3</width></LineStyle></Style><LineString><coordinates>-70.7237133,-34.11446,0 -70.7206066,-34.1151399,0</coordinates></LineString></Placemark><Placemark><name>Trabajado - Cuartel 726 - Hilera 735</name><Style><LineStyle><color>ff00ff00</color><width>3</width></LineStyle></Style><LineString><coordinates>-70.7205883,-34.1154483,0 -70.7237316,-34.1149466,0</coordinates></LineString></Placemark><Placemark><name>Trabajado - Cuartel 726 - Hilera 736</name><Style><LineStyle><color>ff00ff00</color><width>3</width></LineStyle></Style><LineString><coordinates>-70.7237316,-34.1149466,0 -70.7206966,-34.115535,0</coordinates></LineString></Placemark><Placemark><name>Trabajado - Cuartel 726 - Hilera 739</name><Style><LineStyle><color>ff00ff00</color><width>3</width></LineStyle></Style><LineString><coordinates>-70.7212216,-34.115845,0 -70.7238666,-34.1153216,0</coordinates></LineString></Placemark><Placemark><name>Trabajado - Cuartel 726 - Hilera 740</name><Style><LineStyle><color>ff00ff00</color><width>3</width></LineStyle></Style><LineString><coordinates>-70.7238666,-34.1153216,0 -70.7208466,-34.1159583,0</coordinates></LineString></Placemark><Placemark><name>Trabajado - Cuartel 726 - Hilera 743</name><Style><LineStyle><color>ff00ff00</color><width>3</width></LineStyle></Style><LineString><coordinates>-70.721145,-34.1162866,0 -70.7238266,-34.1157766,0</coordinates></LineString></Placemark><Placemark><name>Trabajado - Cuartel 726 - Hilera 744</name><Style><LineStyle><color>ff00ff00</color><width>3</width></LineStyle></Style><LineString><coordinates>-70.7238266,-34.1157766,0 -70.72115,-34.1163383,0</coordinates></LineString></Placemark><Placemark><name>Trabajado - Cuartel 726 - Hilera 746</name><Style><LineStyle><color>ff00ff00</color><width>3</width></LineStyle></Style><LineString><coordinates>-70.7215483,-34.1164483,0 -70.7236183,-34.1161033,0</coordinates></LineString></Placemark><Placemark><name>Trabajado - Cuartel 726 - Hilera 748</name><Style><LineStyle><color>ff00ff00</color><width>3</width></LineStyle></Style><LineString><coordinates>-70.7235783,-34.1161966,0 -70.7210383,-34.1165699,0</coordinates></LineString></Placemark><Placemark><name>Trabajado - Cuartel 726 - Hilera 750</name><Style><LineStyle><color>ff00ff00</color><width>3</width></LineStyle></Style><LineString><coordinates>-70.7204183,-34.1143949,0 -70.723715,-34.1136266,0</coordinates></LineString></Placemark><Placemark><name>Descartado (grupo chico) - Hilera 727</name><Style><LineStyle><color>ff00ffff</color><width>3</width></LineStyle></Style><LineString><coordinates>-70.7205433,-34.1143316,0 -70.72035126294277,-34.11465468845761,0</coordinates></LineString></Placemark><Placemark><name>Trabajado - Cuartel 730 - Hilera 730</name><Style><LineStyle><color>ff00ff00</color><width>3</width></LineStyle></Style><LineString><coordinates>-70.7204933,-34.1146949,0 -70.7204866,-34.1150283,0</coordinates></LineString></Placemark><Placemark><name>Trabajado - Cuartel 730 - Hilera 734</name><Style><LineStyle><color>ff00ff00</color><width>3</width></LineStyle></Style><LineString><coordinates>-70.7205416,-34.1152216,0 -70.7205883,-34.1154483,0</coordinates></LineString></Placemark><Placemark><name>Trabajado - Cuartel 730 - Hilera 737</name><Style><LineStyle><color>ff00ff00</color><width>3</width></LineStyle></Style><LineString><coordinates>-70.7206966,-34.115535,0 -70.7207233,-34.1156333,0</coordinates></LineString></Placemark><Placemark><name>Trabajado - Cuartel 730 - Hilera 741</name><Style><LineStyle><color>ff00ff00</color><width>3</width></LineStyle></Style><LineString><coordinates>-70.7208466,-34.1159583,0 -70.720845,-34.11608,0</coordinates></LineString></Placemark><Placemark><name>Trabajado - Cuartel 730 - Hilera 749</name><Style><LineStyle><color>ff00ff00</color><width>3</width></LineStyle></Style><LineString><coordinates>-70.7210383,-34.1165699,0 -70.7204183,-34.1143949,0</coordinates></LineString></Placemark><Placemark><name>Descartado (grupo chico) - Hilera 733</name><Style><LineStyle><color>ff00ffff</color><width>3</width></LineStyle></Style><LineString><coordinates>-70.7206066,-34.1151399,0 -70.7205416,-34.1152216,0</coordinates></LineString></Placemark><Placemark><name>Descartado (grupo chico) - Hilera 738</name><Style><LineStyle><color>ff00ffff</color><width>3</width></LineStyle></Style><LineString><coordinates>-70.7207233,-34.1156333,0 -70.7212216,-34.115845,0</coordinates></LineString></Placemark><Placemark><name>Descartado (grupo chico) - Hilera 742</name><Style><LineStyle><color>ff00ffff</color><width>3</width></LineStyle></Style><LineString><coordinates>-70.720845,-34.11608,0 -70.721145,-34.1162866,0</coordinates></LineString></Placemark><Placemark><name>Descartado (grupo chico) - Hilera 745</name><Style><LineStyle><color>ff00ffff</color><width>3</width></LineStyle></Style><LineString><coordinates>-70.72115,-34.1163383,0 -70.7215483,-34.1164483,0</coordinates></LineString></Placemark><Placemark><name>Descartado (grupo chico) - Hilera 747</name><Style><LineStyle><color>ff00ffff</color><width>3</width></LineStyle></Style><LineString><coordinates>-70.7236183,-34.1161033,0 -70.7235783,-34.1161966,0</coordinates></LineString></Placemark><Placemark><name>Descartado (grupo chico) - Hilera 766</name><Style><LineStyle><color>ff00ffff</color><width>3</width></LineStyle></Style><LineString><coordinates>-70.7189283,-34.1098283,0 -70.7195666,-34.1120383,0</coordinates></LineString></Placemark><Placemark><name>Descartado (grupo chico) - Hilera 768</name><Style><LineStyle><color>ff00ffff</color><width>3</width></LineStyle></Style><LineString><coordinates>-70.719795,-34.1120199,0 -70.7192429753034,-34.10966691599326,0</coordinates></LineString></Placemark><Placemark><name>Descartado (grupo chico) - Hilera 767</name><Style><LineStyle><color>ff00ffff</color><width>3</width></LineStyle></Style><LineString><coordinates>-70.7195666,-34.1120383,0 -70.71979441927704,-34.112015787453196,0</coordinates></LineString></Placemark><Placemark><name>Descartado (grupo chico) - Hilera 774</name><Style><LineStyle><color>ff00ffff</color><width>3</width></LineStyle></Style><LineString><coordinates>-70.7197266,-34.1095466,0 -70.7201666,-34.11093,0</coordinates></LineString></Placemark><Placemark><name>Descartado (grupo chico) - Hilera 775</name><Style><LineStyle><color>ff00ffff</color><width>3</width></LineStyle></Style><LineString><coordinates>-70.7201666,-34.11093,0 -70.7206133,-34.1124483,0</coordinates></LineString></Placemark><Placemark><name>Descartado (grupo chico) - Hilera 776</name><Style><LineStyle><color>ff00ffff</color><width>3</width></LineStyle></Style><LineString><coordinates>-70.7206133,-34.1124483,0 -70.720725,-34.112465,0</coordinates></LineString></Placemark><Placemark><name>Descartado (grupo chico) - Hilera 777</name><Style><LineStyle><color>ff00ffff</color><width>3</width></LineStyle></Style><LineString><coordinates>-70.720725,-34.112465,0 -70.7208033,-34.112525,0</coordinates></LineString></Placemark><Placemark><name>Descartado (grupo chico) - Hilera 778</name><Style><LineStyle><color>ff00ffff</color><width>3</width></LineStyle></Style><LineString><coordinates>-70.7208033,-34.112525,0 -70.7209049,-34.1123149,0</coordinates></LineString></Placemark><Placemark><name>Descartado (grupo chico) - Hilera 782</name><Style><LineStyle><color>ff00ffff</color><width>3</width></LineStyle></Style><LineString><coordinates>-70.7212233,-34.1119933,0 -70.7213483,-34.11201,0</coordinates></LineString></Placemark><Placemark><name>Descartado (grupo chico) - Hilera 783</name><Style><LineStyle><color>ff00ffff</color><width>3</width></LineStyle></Style><LineString><coordinates>-70.7213483,-34.11201,0 -70.7215266,-34.1118583,0</coordinates></LineString></Placemark><Placemark><name>Descartado (grupo chico) - Hilera 789</name><Style><LineStyle><color>ff00ffff</color><width>3</width></LineStyle></Style><LineString><coordinates>-70.7217816,-34.1117299,0 -70.7218366,-34.11163,0</coordinates></LineString></Placemark><Placemark><name>Descartado (grupo chico) - Hilera 786</name><Style><LineStyle><color>ff00ffff</color><width>3</width></LineStyle></Style><LineString><coordinates>-70.7205683,-34.1092983,0 -70.7205233,-34.1093816,0</coordinates></LineString></Placemark><Placemark><name>Descartado (grupo chico) - Hilera 792</name><Style><LineStyle><color>ff00ffff</color><width>3</width></LineStyle></Style><LineString><coordinates>-70.721525,-34.10944,0 -70.7219416,-34.1090316,0</coordinates></LineString></Placemark><Placemark><name>Descartado (grupo chico) - Hilera 799</name><Style><LineStyle><color>ff00ffff</color><width>3</width></LineStyle></Style><LineString><coordinates>-70.718885,-34.109695,0 -70.65197,-33.80453,0</coordinates></LineString></Placemark><Placemark><name>Descartado (grupo chico) - Hilera 805</name><Style><LineStyle><color>ff00ffff</color><width>3</width></LineStyle></Style><LineString><coordinates>-70.6524983,-33.80268,0 -70.652015,-33.8045783,0</coordinates></LineString></Placemark><Placemark><name>Descartado (grupo chico) - Hilera 806</name><Style><LineStyle><color>ff00ffff</color><width>3</width></LineStyle></Style><LineString><coordinates>-70.6520166,-33.8045183,0 -70.6520733,-33.8044383,0</coordinates></LineString></Placemark><Placemark><name>Descartado (grupo chico) - Hilera 807</name><Style><LineStyle><color>ff00ffff</color><width>3</width></LineStyle></Style><LineString><coordinates>-70.6520733,-33.8044383,0 -70.6518483,-33.8042933,0</coordinates></LineString></Placemark><Placemark><name>Descartado (grupo chico) - Hilera 904</name><Style><LineStyle><color>ff00ffff</color><width>3</width></LineStyle></Style><LineString><coordinates>-70.65138,-33.8043933,0 -70.651445,-33.8044433,0</coordinates></LineString></Placemark><Placemark><name>Trabajado - Cuartel 808 - Hilera 808</name><Style><LineStyle><color>ff00ff00</color><width>3</width></LineStyle></Style><LineString><coordinates>-70.6518566,-33.8042949,0 -70.64711,-33.8042883,0</coordinates></LineString></Placemark><Placemark><name>Trabajado - Cuartel 808 - Hilera 838</name><Style><LineStyle><color>ff00ff00</color><width>3</width></LineStyle></Style><LineString><coordinates>-70.6483899,-33.8044016,0 -70.6485033,-33.80439,0</coordinates></LineString></Placemark><Placemark><name>Trabajado - Cuartel 808 - Hilera 843</name><Style><LineStyle><color>ff00ff00</color><width>3</width></LineStyle></Style><LineString><coordinates>-70.6487416,-33.8043433,0 -70.648905,-33.80437,0</coordinates></LineString></Placemark><Placemark><name>Trabajado - Cuartel 808 - Hilera 850</name><Style><LineStyle><color>ff00ff00</color><width>3</width></LineStyle></Style><LineString><coordinates>-70.6492016,-33.8043916,0 -70.6472166,-33.8043216,0</coordinates></LineString></Placemark><Placemark><name>Trabajado - Cuartel 808 - Hilera 857</name><Style><LineStyle><color>ff00ff00</color><width>3</width></LineStyle></Style><LineString><coordinates>-70.6472166,-33.804345,0 -70.6504135273798,-33.80438584590611,0</coordinates></LineString></Placemark><Placemark><name>Trabajado - Cuartel 808 - Hilera 858</name><Style><LineStyle><color>ff00ff00</color><width>3</width></LineStyle></Style><LineString><coordinates>-70.6491733,-33.80437,0 -70.6493283,-33.8044066,0</coordinates></LineString></Placemark><Placemark><name>Trabajado - Cuartel 808 - Hilera 862</name><Style><LineStyle><color>ff00ff00</color><width>3</width></LineStyle></Style><LineString><coordinates>-70.6494416,-33.8044016,0 -70.6496459181463,-33.804354949324974,0</coordinates></LineString></Placemark><Placemark><name>Trabajado - Cuartel 808 - Hilera 866</name><Style><LineStyle><color>ff00ff00</color><width>3</width></LineStyle></Style><LineString><coordinates>-70.6497583,-33.8043616,0 -70.6496383,-33.8043316,0</coordinates></LineString></Placemark><Placemark><name>Trabajado - Cuartel 808 - Hilera 867</name><Style><LineStyle><color>ff00ff00</color><width>3</width></LineStyle></Style><LineString><coordinates>-70.64954,-33.8043766,0 -70.6475066,-33.80429,0</coordinates></LineString></Placemark><Placemark><name>Trabajado - Cuartel 808 - Hilera 875</name><Style><LineStyle><color>ff00ff00</color><width>3</width></LineStyle></Style><LineString><coordinates>-70.6500633,-33.804365,0 -70.650175,-33.8043483,0</coordinates></LineString></Placemark><Placemark><name>Trabajado - Cuartel 808 - Hilera 880</name><Style><LineStyle><color>ff00ff00</color><width>3</width></LineStyle></Style><LineString><coordinates>-70.6503166,-33.8043516,0 -70.65044,-33.80436,0</coordinates></LineString></Placemark><Placemark><name>Trabajado - Cuartel 808 - Hilera 888</name><Style><LineStyle><color>ff00ff00</color><width>3</width></LineStyle></Style><LineString><coordinates>-70.64982,-33.8043633,0 -70.647145,-33.8045,0</coordinates></LineString></Placemark><Placemark><name>Trabajado - Cuartel 808 - Hilera 897</name><Style><LineStyle><color>ff00ff00</color><width>3</width></LineStyle></Style><LineString><coordinates>-70.647385,-33.8043133,0 -70.6509183,-33.8043866,0</coordinates></LineString></Placemark><Placemark><name>Trabajado - Cuartel 809 - Hilera 809</name><Style><LineStyle><color>ff00ff00</color><width>3</width></LineStyle></Style><LineString><coordinates>-70.64711,-33.8042883,0 -70.64686298294384,-33.80493072955094,0</coordinates></LineString></Placemark><Placemark><name>Trabajado - Cuartel 809 - Hilera 813</name><Style><LineStyle><color>ff00ff00</color><width>3</width></LineStyle></Style><LineString><coordinates>-70.646925,-33.8049333,0 -70.64597708751101,-33.805373048967695,0</coordinates></LineString></Placemark><Placemark><name>Trabajado - Cuartel 809 - Hilera 814</name><Style><LineStyle><color>ff00ff00</color><width>3</width></LineStyle></Style><LineString><coordinates>-70.646655,-33.8049783,0 -70.6470216,-33.8049633,0</coordinates></LineString></Placemark><Placemark><name>Trabajado - Cuartel 809 - Hilera 820</name><Style><LineStyle><color>ff00ff00</color><width>3</width></LineStyle></Style><LineString><coordinates>-70.6473483,-33.8043933,0 -70.6474566,-33.8043799,0</coordinates></LineString></Placemark><Placemark><name>Trabajado - Cuartel 809 - Hilera 826</name><Style><LineStyle><color>ff00ff00</color><width>3</width></LineStyle></Style><LineString><coordinates>-70.6476633,-33.80437,0 -70.6471816,-33.8044516,0</coordinates></LineString></Placemark><Placemark><name>Trabajado - Cuartel 809 - Hilera 827</name><Style><LineStyle><color>ff00ff00</color><width>3</width></LineStyle></Style><LineString><coordinates>-70.6471816,-33.8044516,0 -70.64662210675344,-33.804979423817514,0</coordinates></LineString></Placemark><Placemark><name>Trabajado - Cuartel 809 - Hilera 828</name><Style><LineStyle><color>ff00ff00</color><width>3</width></LineStyle></Style><LineString><coordinates>-70.64664983335514,-33.8049501695366,0 -70.6467299,-33.805015,0</coordinates></LineString></Placemark><Placemark><name>Trabajado - Cuartel 809 - Hilera 829</name><Style><LineStyle><color>ff00ff00</color><width>3</width></LineStyle></Style><LineString><coordinates>-70.6466616,-33.80494,0 -70.64705405616317,-33.80483937021457,0</coordinates></LineString></Placemark><Placemark><name>Trabajado - Cuartel 809 - Hilera 830</name><Style><LineStyle><color>ff00ff00</color><width>3</width></LineStyle></Style><LineString><coordinates>-70.6466183,-33.8049766,0 -70.6466666,-33.8050716,0</coordinates></LineString></Placemark><Placemark><name>Trabajado - Cuartel 809 - Hilera 831</name><Style><LineStyle><color>ff00ff00</color><width>3</width></LineStyle></Style><LineString><coordinates>-70.6466666,-33.8050716,0 -70.6479033,-33.804335,0</coordinates></LineString></Placemark><Placemark><name>Trabajado - Cuartel 809 - Hilera 851</name><Style><LineStyle><color>ff00ff00</color><width>3</width></LineStyle></Style><LineString><coordinates>-70.6472166,-33.8043216,0 -70.64695,-33.8049133,0</coordinates></LineString></Placemark><Placemark><name>Trabajado - Cuartel 809 - Hilera 852</name><Style><LineStyle><color>ff00ff00</color><width>3</width></LineStyle></Style><LineString><coordinates>-70.64695,-33.8049133,0 -70.64668436400537,-33.80454281036287,0</coordinates></LineString></Placemark><Placemark><name>Trabajado - Cuartel 809 - Hilera 853</name><Style><LineStyle><color>ff00ff00</color><width>3</width></LineStyle></Style><LineString><coordinates>-70.6466883,-33.8045483,0 -70.6467233,-33.8044566,0</coordinates></LineString></Placemark><Placemark><name>Trabajado - Cuartel 809 - Hilera 854</name><Style><LineStyle><color>ff00ff00</color><width>3</width></LineStyle></Style><LineString><coordinates>-70.6467233,-33.8044566,0 -70.6467016,-33.8046483,0</coordinates></LineString></Placemark><Placemark><name>Trabajado - Cuartel 809 - Hilera 855</name><Style><LineStyle><color>ff00ff00</color><width>3</width></LineStyle></Style><LineString><coordinates>-70.646767196712,-33.80496201020142,0 -70.64666978028818,-33.80449612517448,0</coordinates></LineString></Placemark><Placemark><name>Trabajado - Cuartel 809 - Hilera 856</name><Style><LineStyle><color>ff00ff00</color><width>3</width></LineStyle></Style><LineString><coordinates>-70.6469016,-33.8048333,0 -70.6472166,-33.804345,0</coordinates></LineString></Placemark><Placemark><name>Trabajado - Cuartel 809 - Hilera 868</name><Style><LineStyle><color>ff00ff00</color><width>3</width></LineStyle></Style><LineString><coordinates>-70.6475066,-33.80429,0 -70.6468533,-33.8048549,0</coordinates></LineString></Placemark><Placemark><name>Trabajado - Cuartel 809 - Hilera 869</name><Style><LineStyle><color>ff00ff00</color><width>3</width></LineStyle></Style><LineString><coordinates>-70.6468533,-33.8048549,0 -70.6467383,-33.8048983,0</coordinates></LineString></Placemark><Placemark><name>Trabajado - Cuartel 809 - Hilera 870</name><Style><LineStyle><color>ff00ff00</color><width>3</width></LineStyle></Style><LineString><coordinates>-70.6468133,-33.80485,0 -70.6470383,-33.804865,0</coordinates></LineString></Placemark><Placemark><name>Trabajado - Cuartel 809 - Hilera 871</name><Style><LineStyle><color>ff00ff00</color><width>3</width></LineStyle></Style><LineString><coordinates>-70.6470383,-33.804865,0 -70.647775,-33.804345,0</coordinates></LineString></Placemark><Placemark><name>Trabajado - Cuartel 809 - Hilera 889</name><Style><LineStyle><color>ff00ff00</color><width>3</width></LineStyle></Style><LineString><coordinates>-70.647145,-33.8045,0 -70.6465883,-33.8050466,0</coordinates></LineString></Placemark><Placemark><name>Trabajado - Cuartel 809 - Hilera 890</name><Style><LineStyle><color>ff00ff00</color><width>3</width></LineStyle></Style><LineString><coordinates>-70.64564279616457,-33.805452860300434,0 -70.6468599,-33.8049299,0</coordinates></LineString></Placemark><Placemark><name>Trabajado - Cuartel 809 - Hilera 891</name><Style><LineStyle><color>ff00ff00</color><width>3</width></LineStyle></Style><LineString><coordinates>-70.646895,-33.8047833,0 -70.646765,-33.80475,0</coordinates></LineString></Placemark><Placemark><name>Trabajado - Cuartel 809 - Hilera 892</name><Style><LineStyle><color>ff00ff00</color><width>3</width></LineStyle></Style><LineString><coordinates>-70.646765,-33.80475,0 -70.6467066,-33.8048299,0</coordinates></LineString></Placemark><Placemark><name>Trabajado - Cuartel 809 - Hilera 893</name><Style><LineStyle><color>ff00ff00</color><width>3</width></LineStyle></Style><LineString><coordinates>-70.6467066,-33.8048299,0 -70.6470083,-33.8045616,0</coordinates></LineString></Placemark><Placemark><name>Trabajado - Cuartel 809 - Hilera 894</name><Style><LineStyle><color>ff00ff00</color><width>3</width></LineStyle></Style><LineString><coordinates>-70.6470171007465,-33.80456220515048,0 -70.64662,-33.8045349,0</coordinates></LineString></Placemark><Placemark><name>Trabajado - Cuartel 809 - Hilera 895</name><Style><LineStyle><color>ff00ff00</color><width>3</width></LineStyle></Style><LineString><coordinates>-70.64662,-33.8045349,0 -70.646905,-33.804865,0</coordinates></LineString></Placemark><Placemark><name>Trabajado - Cuartel 809 - Hilera 896</name><Style><LineStyle><color>ff00ff00</color><width>3</width></LineStyle></Style><LineString><coordinates>-70.64705,-33.8048283,0 -70.647385,-33.8043133,0</coordinates></LineString></Placemark><Placemark><name>Trabajado - Cuartel 809 - Hilera 908</name><Style><LineStyle><color>ff00ff00</color><width>3</width></LineStyle></Style><LineString><coordinates>-70.6479333,-33.8043616,0 -70.6471833,-33.804365,0</coordinates></LineString></Placemark><Placemark><name>Trabajado - Cuartel 809 - Hilera 909</name><Style><LineStyle><color>ff00ff00</color><width>3</width></LineStyle></Style><LineString><coordinates>-70.6471833,-33.804365,0 -70.64664,-33.8051449,0</coordinates></LineString></Placemark><Placemark><name>Trabajado - Cuartel 809 - Hilera 912</name><Style><LineStyle><color>ff00ff00</color><width>3</width></LineStyle></Style><LineString><coordinates>-70.6466899,-33.80509,0 -70.6465683,-33.8051316,0</coordinates></LineString></Placemark><Placemark><name>Trabajado - Cuartel 809 - Hilera 918</name><Style><LineStyle><color>ff00ff00</color><width>3</width></LineStyle></Style><LineString><coordinates>-70.6464466,-33.80513,0 -70.6468883,-33.8048866,0</coordinates></LineString></Placemark><Placemark><name>Trabajado - Cuartel 809 - Hilera 919</name><Style><LineStyle><color>ff00ff00</color><width>3</width></LineStyle></Style><LineString><coordinates>-70.6468883,-33.8048866,0 -70.6466183,-33.8045083,0</coordinates></LineString></Placemark><Placemark><name>Trabajado - Cuartel 809 - Hilera 920</name><Style><LineStyle><color>ff00ff00</color><width>3</width></LineStyle></Style><LineString><coordinates>-70.64662,-33.8045116,0 -70.6469099,-33.8048166,0</coordinates></LineString></Placemark><Placemark><name>Trabajado - Cuartel 809 - Hilera 921</name><Style><LineStyle><color>ff00ff00</color><width>3</width></LineStyle></Style><LineString><coordinates>-70.64679600143876,-33.80487125849343,0 -70.64688,-33.8047833,0</coordinates></LineString></Placemark><Placemark><name>Trabajado - Cuartel 809 - Hilera 922</name><Style><LineStyle><color>ff00ff00</color><width>3</width></LineStyle></Style><LineString><coordinates>-70.6468116,-33.8048033,0 -70.6462799,-33.8052116,0</coordinates></LineString></Placemark><Placemark><name>Trabajado - Cuartel 809 - Hilera 930</name><Style><LineStyle><color>ff00ff00</color><width>3</width></LineStyle></Style><LineString><coordinates>-70.6457116,-33.80553,0 -70.6458749,-33.8053666,0</coordinates></LineString></Placemark><Placemark><name>Trabajado - Cuartel 809 - Hilera 934</name><Style><LineStyle><color>ff00ff00</color><width>3</width></LineStyle></Style><LineString><coordinates>-70.6453533,-33.8056233,0 -70.6452216,-33.8056666,0</coordinates></LineString></Placemark><Placemark><name>Trabajado - Cuartel 809 - Hilera 947</name><Style><LineStyle><color>ff00ff00</color><width>3</width></LineStyle></Style><LineString><coordinates>-70.6444833,-33.806295,0 -70.6461516,-33.8052133,0</coordinates></LineString></Placemark><Placemark><name>Trabajado - Cuartel 809 - Hilera 948</name><Style><LineStyle><color>ff00ff00</color><width>3</width></LineStyle></Style><LineString><coordinates>-70.6461516,-33.8052133,0 -70.6462933,-33.8049416,0</coordinates></LineString></Placemark><Placemark><name>Trabajado - Cuartel 809 - Hilera 959</name><Style><LineStyle><color>ff00ff00</color><width>3</width></LineStyle></Style><LineString><coordinates>-70.6462766,-33.8049533,0 -70.6463566,-33.80503,0</coordinates></LineString></Placemark><Placemark><name>Trabajado - Cuartel 809 - Hilera 960</name><Style><LineStyle><color>ff00ff00</color><width>3</width></LineStyle></Style><LineString><coordinates>-70.6463566,-33.80503,0 -70.6460833,-33.8051666,0</coordinates></LineString></Placemark><Placemark><name>Trabajado - Cuartel 809 - Hilera 961</name><Style><LineStyle><color>ff00ff00</color><width>3</width></LineStyle></Style><LineString><coordinates>-70.6460833,-33.8051666,0 -70.645995,-33.8050466,0</coordinates></LineString></Placemark><Placemark><name>Trabajado - Cuartel 809 - Hilera 962</name><Style><LineStyle><color>ff00ff00</color><width>3</width></LineStyle></Style><LineString><coordinates>-70.645995,-33.8050466,0 -70.6462866,-33.8046533,0</coordinates></LineString></Placemark><Placemark><name>Trabajado - Cuartel 809 - Hilera 963</name><Style><LineStyle><color>ff00ff00</color><width>3</width></LineStyle></Style><LineString><coordinates>-70.6462866,-33.8046533,0 -70.6454433,-33.8056233,0</coordinates></LineString></Placemark><Placemark><name>Trabajado - Cuartel 809 - Hilera 964</name><Style><LineStyle><color>ff00ff00</color><width>3</width></LineStyle></Style><LineString><coordinates>-70.6454433,-33.8056233,0 -70.6458299,-33.8044649,0</coordinates></LineString></Placemark><Placemark><name>Trabajado - Cuartel 809 - Hilera 965</name><Style><LineStyle><color>ff00ff00</color><width>3</width></LineStyle></Style><LineString><coordinates>-70.6458299,-33.8044649,0 -70.644975,-33.8055483,0</coordinates></LineString></Placemark><Placemark><name>Trabajado - Cuartel 809 - Hilera 966</name><Style><LineStyle><color>ff00ff00</color><width>3</width></LineStyle></Style><LineString><coordinates>-70.644975,-33.8055483,0 -70.6457333,-33.8043333,0</coordinates></LineString></Placemark><Placemark><name>Trabajado - Cuartel 809 - Hilera 969</name><Style><LineStyle><color>ff00ff00</color><width>3</width></LineStyle></Style><LineString><coordinates>-70.646175,-33.8044383,0 -70.6456349,-33.80544,0</coordinates></LineString></Placemark><Placemark><name>Trabajado - Cuartel 809 - Hilera 970</name><Style><LineStyle><color>ff00ff00</color><width>3</width></LineStyle></Style><LineString><coordinates>-70.64677,-33.8049616,0 -70.64665,-33.8049633,0</coordinates></LineString></Placemark><Placemark><name>Trabajado - Cuartel 809 - Hilera 971</name><Style><LineStyle><color>ff00ff00</color><width>3</width></LineStyle></Style><LineString><coordinates>-70.64665,-33.8049633,0 -70.6463216,-33.8047716,0</coordinates></LineString></Placemark><Placemark><name>Trabajado - Cuartel 809 - Hilera 972</name><Style><LineStyle><color>ff00ff00</color><width>3</width></LineStyle></Style><LineString><coordinates>-70.6463216,-33.8047716,0 -70.6462133,-33.8044166,0</coordinates></LineString></Placemark><Placemark><name>Trabajado - Cuartel 809 - Hilera 974</name><Style><LineStyle><color>ff00ff00</color><width>3</width></LineStyle></Style><LineString><coordinates>-70.6457133,-33.8041866,0 -70.644485,-33.805805,0</coordinates></LineString></Placemark><Placemark><name>Trabajado - Cuartel 809 - Hilera 975</name><Style><LineStyle><color>ff00ff00</color><width>3</width></LineStyle></Style><LineString><coordinates>-70.644485,-33.805805,0 -70.645365,-33.8041166,0</coordinates></LineString></Placemark><Placemark><name>Trabajado - Cuartel 809 - Hilera 976</name><Style><LineStyle><color>ff00ff00</color><width>3</width></LineStyle></Style><LineString><coordinates>-70.645365,-33.8041166,0 -70.644145,-33.8059149,0</coordinates></LineString></Placemark><Placemark><name>Trabajado - Cuartel 809 - Hilera 977</name><Style><LineStyle><color>ff00ff00</color><width>3</width></LineStyle></Style><LineString><coordinates>-70.644145,-33.8059149,0 -70.6452566,-33.8040466,0</coordinates></LineString></Placemark><Placemark><name>Trabajado - Cuartel 809 - Hilera 979</name><Style><LineStyle><color>ff00ff00</color><width>3</width></LineStyle></Style><LineString><coordinates>-70.6452133,-33.80396,0 -70.6440466,-33.8056683,0</coordinates></LineString></Placemark><Placemark><name>Trabajado - Cuartel 809 - Hilera 980</name><Style><LineStyle><color>ff00ff00</color><width>3</width></LineStyle></Style><LineString><coordinates>-70.6440466,-33.8056683,0 -70.644875,-33.8040716,0</coordinates></LineString></Placemark><Placemark><name>Trabajado - Cuartel 809 - Hilera 982</name><Style><LineStyle><color>ff00ff00</color><width>3</width></LineStyle></Style><LineString><coordinates>-70.6448666,-33.8038266,0 -70.6437433,-33.805585,0</coordinates></LineString></Placemark><Placemark><name>Trabajado - Cuartel 809 - Hilera 984</name><Style><LineStyle><color>ff00ff00</color><width>3</width></LineStyle></Style><LineString><coordinates>-70.6436366,-33.8055083,0 -70.6447816,-33.803765,0</coordinates></LineString></Placemark><Placemark><name>Trabajado - Cuartel 809 - Hilera 988</name><Style><LineStyle><color>ff00ff00</color><width>3</width></LineStyle></Style><LineString><coordinates>-70.6433516,-33.805405,0 -70.6443549,-33.8038383,0</coordinates></LineString></Placemark><Placemark><name>Trabajado - Cuartel 809 - Hilera 990</name><Style><LineStyle><color>ff00ff00</color><width>3</width></LineStyle></Style><LineString><coordinates>-70.6443399,-33.803625,0 -70.6432116,-33.805385,0</coordinates></LineString></Placemark><Placemark><name>Trabajado - Cuartel 809 - Hilera 992</name><Style><LineStyle><color>ff00ff00</color><width>3</width></LineStyle></Style><LineString><coordinates>-70.642945,-33.8053583,0 -70.6441316,-33.803415,0</coordinates></LineString></Placemark><Placemark><name>Trabajado - Cuartel 809 - Hilera 998</name><Style><LineStyle><color>ff00ff00</color><width>3</width></LineStyle></Style><LineString><coordinates>-70.64474,-33.805895,0 -70.6468816,-33.8048933,0</coordinates></LineString></Placemark><Placemark><name>Trabajado - Cuartel 809 - Hilera 999</name><Style><LineStyle><color>ff00ff00</color><width>3</width></LineStyle></Style><LineString><coordinates>-70.6469483,-33.8048816,0 -70.6443099,-33.8060816,0</coordinates></LineString></Placemark><Placemark><name>Trabajado - Cuartel 809 - Hilera 1032</name><Style><LineStyle><color>ff00ff00</color><width>3</width></LineStyle></Style><LineString><coordinates>-70.6467316,-33.8054366,0 -70.6465633,-33.8050033,0</coordinates></LineString></Placemark><Placemark><name>Trabajado - Cuartel 809 - Hilera 1033</name><Style><LineStyle><color>ff00ff00</color><width>3</width></LineStyle></Style><LineString><coordinates>-70.6465633,-33.8050033,0 -70.6463416,-33.8048583,0</coordinates></LineString></Placemark><Placemark><name>Trabajado - Cuartel 810 - Hilera 810</name><Style><LineStyle><color>ff00ff00</color><width>3</width></LineStyle></Style><LineString><coordinates>-70.6468966,-33.8048433,0 -70.6464683,-33.8070883,0</coordinates></LineString></Placemark><Placemark><name>Trabajado - Cuartel 810 - Hilera 812</name><Style><LineStyle><color>ff00ff00</color><width>3</width></LineStyle></Style><LineString><coordinates>-70.6467483,-33.8074783,0 -70.646925,-33.8049333,0</coordinates></LineString></Placemark><Placemark><name>Trabajado - Cuartel 810 - Hilera 815</name><Style><LineStyle><color>ff00ff00</color><width>3</width></LineStyle></Style><LineString><coordinates>-70.6470216,-33.8049633,0 -70.6465983,-33.807465,0</coordinates></LineString></Placemark><Placemark><name>Trabajado - Cuartel 810 - Hilera 817</name><Style><LineStyle><color>ff00ff00</color><width>3</width></LineStyle></Style><LineString><coordinates>-70.646935,-33.8072166,0 -70.6471533,-33.8045383,0</coordinates></LineString></Placemark><Placemark><name>Trabajado - Cuartel 810 - Hilera 818</name><Style><LineStyle><color>ff00ff00</color><width>3</width></LineStyle></Style><LineString><coordinates>-70.647155,-33.8045366,0 -70.6472016,-33.8075283,0</coordinates></LineString></Placemark><Placemark><name>Trabajado - Cuartel 810 - Hilera 819</name><Style><LineStyle><color>ff00ff00</color><width>3</width></LineStyle></Style><LineString><coordinates>-70.6472016,-33.8075283,0 -70.6473483,-33.8043933,0</coordinates></LineString></Placemark><Placemark><name>Trabajado - Cuartel 810 - Hilera 821</name><Style><LineStyle><color>ff00ff00</color><width>3</width></LineStyle></Style><LineString><coordinates>-70.6474566,-33.8043799,0 -70.6474016,-33.80706,0</coordinates></LineString></Placemark><Placemark><name>Trabajado - Cuartel 810 - Hilera 824</name><Style><LineStyle><color>ff00ff00</color><width>3</width></LineStyle></Style><LineString><coordinates>-70.647645,-33.8074016,0 -70.64778,-33.8044616,0</coordinates></LineString></Placemark><Placemark><name>Trabajado - Cuartel 810 - Hilera 832</name><Style><LineStyle><color>ff00ff00</color><width>3</width></LineStyle></Style><LineString><coordinates>-70.6479033,-33.804335,0 -70.64779314629288,-33.80736923393295,0</coordinates></LineString></Placemark><Placemark><name>Trabajado - Cuartel 810 - Hilera 834</name><Style><LineStyle><color>ff00ff00</color><width>3</width></LineStyle></Style><LineString><coordinates>-70.6479833,-33.80721,0 -70.6481,-33.8043566,0</coordinates></LineString></Placemark><Placemark><name>Trabajado - Cuartel 810 - Hilera 835</name><Style><LineStyle><color>ff00ff00</color><width>3</width></LineStyle></Style><LineString><coordinates>-70.6481,-33.8043566,0 -70.6481166,-33.8072799,0</coordinates></LineString></Placemark><Placemark><name>Trabajado - Cuartel 810 - Hilera 837</name><Style><LineStyle><color>ff00ff00</color><width>3</width></LineStyle></Style><LineString><coordinates>-70.648225,-33.807445,0 -70.6483899,-33.8044016,0</coordinates></LineString></Placemark><Placemark><name>Trabajado - Cuartel 810 - Hilera 839</name><Style><LineStyle><color>ff00ff00</color><width>3</width></LineStyle></Style><LineString><coordinates>-70.6485033,-33.80439,0 -70.64842,-33.8073416,0</coordinates></LineString></Placemark><Placemark><name>Trabajado - Cuartel 810 - Hilera 841</name><Style><LineStyle><color>ff00ff00</color><width>3</width></LineStyle></Style><LineString><coordinates>-70.6485916,-33.80752,0 -70.6488299,-33.8044483,0</coordinates></LineString></Placemark><Placemark><name>Trabajado - Cuartel 810 - Hilera 844</name><Style><LineStyle><color>ff00ff00</color><width>3</width></LineStyle></Style><LineString><coordinates>-70.648905,-33.80437,0 -70.6488966,-33.806935,0</coordinates></LineString></Placemark><Placemark><name>Trabajado - Cuartel 810 - Hilera 859</name><Style><LineStyle><color>ff00ff00</color><width>3</width></LineStyle></Style><LineString><coordinates>-70.6493283,-33.8044066,0 -70.64920198949545,-33.807292325631714,0</coordinates></LineString></Placemark><Placemark><name>Trabajado - Cuartel 810 - Hilera 861</name><Style><LineStyle><color>ff00ff00</color><width>3</width></LineStyle></Style><LineString><coordinates>-70.6493433,-33.80754,0 -70.6494416,-33.8044016,0</coordinates></LineString></Placemark><Placemark><name>Trabajado - Cuartel 810 - Hilera 863</name><Style><LineStyle><color>ff00ff00</color><width>3</width></LineStyle></Style><LineString><coordinates>-70.64958,-33.80437,0 -70.6495149,-33.8073549,0</coordinates></LineString></Placemark><Placemark><name>Trabajado - Cuartel 810 - Hilera 865</name><Style><LineStyle><color>ff00ff00</color><width>3</width></LineStyle></Style><LineString><coordinates>-70.6496283,-33.8075083,0 -70.6497583,-33.8043616,0</coordinates></LineString></Placemark><Placemark><name>Trabajado - Cuartel 810 - Hilera 872</name><Style><LineStyle><color>ff00ff00</color><width>3</width></LineStyle></Style><LineString><coordinates>-70.6498966,-33.8043949,0 -70.6497716,-33.80741,0</coordinates></LineString></Placemark><Placemark><name>Trabajado - Cuartel 810 - Hilera 874</name><Style><LineStyle><color>ff00ff00</color><width>3</width></LineStyle></Style><LineString><coordinates>-70.64989,-33.8075583,0 -70.6500633,-33.804365,0</coordinates></LineString></Placemark><Placemark><name>Trabajado - Cuartel 810 - Hilera 876</name><Style><LineStyle><color>ff00ff00</color><width>3</width></LineStyle></Style><LineString><coordinates>-70.650175,-33.8043483,0 -70.6500833,-33.8074916,0</coordinates></LineString></Placemark><Placemark><name>Trabajado - Cuartel 810 - Hilera 878</name><Style><LineStyle><color>ff00ff00</color><width>3</width></LineStyle></Style><LineString><coordinates>-70.6502316,-33.8073833,0 -70.6503016,-33.8043866,0</coordinates></LineString></Placemark><Placemark><name>Trabajado - Cuartel 810 - Hilera 881</name><Style><LineStyle><color>ff00ff00</color><width>3</width></LineStyle></Style><LineString><coordinates>-70.65044,-33.80436,0 -70.6504183,-33.8075683,0</coordinates></LineString></Placemark><Placemark><name>Trabajado - Cuartel 810 - Hilera 883</name><Style><LineStyle><color>ff00ff00</color><width>3</width></LineStyle></Style><LineString><coordinates>-70.6505449,-33.8074399,0 -70.6506783,-33.8044983,0</coordinates></LineString></Placemark><Placemark><name>Trabajado - Cuartel 810 - Hilera 885</name><Style><LineStyle><color>ff00ff00</color><width>3</width></LineStyle></Style><LineString><coordinates>-70.6505983,-33.8043633,0 -70.6505599,-33.807585,0</coordinates></LineString></Placemark><Placemark><name>Trabajado - Cuartel 810 - Hilera 887</name><Style><LineStyle><color>ff00ff00</color><width>3</width></LineStyle></Style><LineString><coordinates>-70.6498,-33.8075083,0 -70.64982,-33.8043633,0</coordinates></LineString></Placemark><Placemark><name>Trabajado - Cuartel 810 - Hilera 898</name><Style><LineStyle><color>ff00ff00</color><width>3</width></LineStyle></Style><LineString><coordinates>-70.6509566,-33.8044483,0 -70.650875,-33.8070499,0</coordinates></LineString></Placemark><Placemark><name>Trabajado - Cuartel 810 - Hilera 900</name><Style><LineStyle><color>ff00ff00</color><width>3</width></LineStyle></Style><LineString><coordinates>-70.6507366,-33.80746,0 -70.6511216,-33.8044016,0</coordinates></LineString></Placemark><Placemark><name>Trabajado - Cuartel 810 - Hilera 905</name><Style><LineStyle><color>ff00ff00</color><width>3</width></LineStyle></Style><LineString><coordinates>-70.651445,-33.8044433,0 -70.6506116,-33.8075733,0</coordinates></LineString></Placemark><Placemark><name>Trabajado - Cuartel 810 - Hilera 907</name><Style><LineStyle><color>ff00ff00</color><width>3</width></LineStyle></Style><LineString><coordinates>-70.6478666,-33.8075183,0 -70.6479333,-33.8043616,0</coordinates></LineString></Placemark><Placemark><name>Trabajado - Cuartel 810 - Hilera 910</name><Style><LineStyle><color>ff00ff00</color><width>3</width></LineStyle></Style><LineString><coordinates>-70.64664,-33.8051449,0 -70.6459383,-33.8082116,0</coordinates></LineString></Placemark><Placemark><name>Trabajado - Cuartel 810 - Hilera 911</name><Style><LineStyle><color>ff00ff00</color><width>3</width></LineStyle></Style><LineString><coordinates>-70.64587,-33.8081816,0 -70.6466899,-33.80509,0</coordinates></LineString></Placemark><Placemark><name>Trabajado - Cuartel 810 - Hilera 913</name><Style><LineStyle><color>ff00ff00</color><width>3</width></LineStyle></Style><LineString><coordinates>-70.6465683,-33.8051316,0 -70.6461266,-33.806525,0</coordinates></LineString></Placemark><Placemark><name>Trabajado - Cuartel 810 - Hilera 917</name><Style><LineStyle><color>ff00ff00</color><width>3</width></LineStyle></Style><LineString><coordinates>-70.64557,-33.8081466,0 -70.64646163768926,-33.80513311369677,0</coordinates></LineString></Placemark><Placemark><name>Trabajado - Cuartel 810 - Hilera 923</name><Style><LineStyle><color>ff00ff00</color><width>3</width></LineStyle></Style><LineString><coordinates>-70.6462349,-33.805195,0 -70.645665,-33.8071999,0</coordinates></LineString></Placemark><Placemark><name>Trabajado - Cuartel 810 - Hilera 926</name><Style><LineStyle><color>ff00ff00</color><width>3</width></LineStyle></Style><LineString><coordinates>-70.6453349,-33.8078549,0 -70.646075,-33.8053083,0</coordinates></LineString></Placemark><Placemark><name>Trabajado - Cuartel 810 - Hilera 927</name><Style><LineStyle><color>ff00ff00</color><width>3</width></LineStyle></Style><LineString><coordinates>-70.645975,-33.8053699,0 -70.6452566,-33.8078766,0</coordinates></LineString></Placemark><Placemark><name>Trabajado - Cuartel 810 - Hilera 929</name><Style><LineStyle><color>ff00ff00</color><width>3</width></LineStyle></Style><LineString><coordinates>-70.6451316,-33.8080216,0 -70.6457116,-33.80553,0</coordinates></LineString></Placemark><Placemark><name>Trabajado - Cuartel 810 - Hilera 931</name><Style><LineStyle><color>ff00ff00</color><width>3</width></LineStyle></Style><LineString><coordinates>-70.6458749,-33.8053666,0 -70.6449516,-33.8076816,0</coordinates></LineString></Placemark><Placemark><name>Trabajado - Cuartel 810 - Hilera 933</name><Style><LineStyle><color>ff00ff00</color><width>3</width></LineStyle></Style><LineString><coordinates>-70.6447899,-33.8078083,0 -70.64536803729524,-33.80562603222679,0</coordinates></LineString></Placemark><Placemark><name>Trabajado - Cuartel 810 - Hilera 935</name><Style><LineStyle><color>ff00ff00</color><width>3</width></LineStyle></Style><LineString><coordinates>-70.6452316,-33.8056533,0 -70.6446383,-33.807775,0</coordinates></LineString></Placemark><Placemark><name>Trabajado - Cuartel 810 - Hilera 937</name><Style><LineStyle><color>ff00ff00</color><width>3</width></LineStyle></Style><LineString><coordinates>-70.6445683,-33.8076083,0 -70.6448183,-33.80667,0</coordinates></LineString></Placemark><Placemark><name>Trabajado - Cuartel 810 - Hilera 938</name><Style><LineStyle><color>ff00ff00</color><width>3</width></LineStyle></Style><LineString><coordinates>-70.6448233,-33.806675,0 -70.645065,-33.8058483,0</coordinates></LineString></Placemark><Placemark><name>Trabajado - Cuartel 810 - Hilera 940</name><Style><LineStyle><color>ff00ff00</color><width>3</width></LineStyle></Style><LineString><coordinates>-70.64495,-33.8058266,0 -70.6449766,-33.8057383,0</coordinates></LineString></Placemark><Placemark><name>Trabajado - Cuartel 810 - Hilera 941</name><Style><LineStyle><color>ff00ff00</color><width>3</width></LineStyle></Style><LineString><coordinates>-70.6449766,-33.8057383,0 -70.6443733,-33.8075816,0</coordinates></LineString></Placemark><Placemark><name>Trabajado - Cuartel 810 - Hilera 943</name><Style><LineStyle><color>ff00ff00</color><width>3</width></LineStyle></Style><LineString><coordinates>-70.6442649,-33.8075433,0 -70.644625,-33.8061999,0</coordinates></LineString></Placemark><Placemark><name>Trabajado - Cuartel 810 - Hilera 945</name><Style><LineStyle><color>ff00ff00</color><width>3</width></LineStyle></Style><LineString><coordinates>-70.64457,-33.8061166,0 -70.6440483,-33.8075799,0</coordinates></LineString></Placemark><Placemark><name>Trabajado - Cuartel 810 - Hilera 995</name><Style><LineStyle><color>ff00ff00</color><width>3</width></LineStyle></Style><LineString><coordinates>-70.6418966,-33.807195,0 -70.6429716,-33.805545,0</coordinates></LineString></Placemark><Placemark><name>Trabajado - Cuartel 810 - Hilera 1001</name><Style><LineStyle><color>ff00ff00</color><width>3</width></LineStyle></Style><LineString><coordinates>-70.64302,-33.805485,0 -70.6417766,-33.8078149,0</coordinates></LineString></Placemark><Placemark><name>Trabajado - Cuartel 810 - Hilera 1002</name><Style><LineStyle><color>ff00ff00</color><width>3</width></LineStyle></Style><LineString><coordinates>-70.6417766,-33.8078149,0 -70.6433516,-33.8056866,0</coordinates></LineString></Placemark><Placemark><name>Trabajado - Cuartel 810 - Hilera 1003</name><Style><LineStyle><color>ff00ff00</color><width>3</width></LineStyle></Style><LineString><coordinates>-70.6423233,-33.807385,0 -70.641955,-33.8079,0</coordinates></LineString></Placemark><Placemark><name>Trabajado - Cuartel 810 - Hilera 1006</name><Style><LineStyle><color>ff00ff00</color><width>3</width></LineStyle></Style><LineString><coordinates>-70.6420183,-33.8079116,0 -70.6430266,-33.8065383,0</coordinates></LineString></Placemark><Placemark><name>Trabajado - Cuartel 810 - Hilera 1009</name><Style><LineStyle><color>ff00ff00</color><width>3</width></LineStyle></Style><LineString><coordinates>-70.6435533,-33.8057033,0 -70.6422766,-33.8079816,0</coordinates></LineString></Placemark><Placemark><name>Trabajado - Cuartel 810 - Hilera 1010</name><Style><LineStyle><color>ff00ff00</color><width>3</width></LineStyle></Style><LineString><coordinates>-70.6422999,-33.8080433,0 -70.6437383,-33.8058766,0</coordinates></LineString></Placemark><Placemark><name>Trabajado - Cuartel 810 - Hilera 1012</name><Style><LineStyle><color>ff00ff00</color><width>3</width></LineStyle></Style><LineString><coordinates>-70.6438833,-33.805875,0 -70.64257,-33.8082833,0</coordinates></LineString></Placemark><Placemark><name>Trabajado - Cuartel 810 - Hilera 1013</name><Style><LineStyle><color>ff00ff00</color><width>3</width></LineStyle></Style><LineString><coordinates>-70.64257,-33.8082833,0 -70.64400533689818,-33.80601280529896,0</coordinates></LineString></Placemark><Placemark><name>Trabajado - Cuartel 810 - Hilera 1016</name><Style><LineStyle><color>ff00ff00</color><width>3</width></LineStyle></Style><LineString><coordinates>-70.6442366,-33.8061716,0 -70.6428816,-33.8083916,0</coordinates></LineString></Placemark><Placemark><name>Trabajado - Cuartel 810 - Hilera 1017</name><Style><LineStyle><color>ff00ff00</color><width>3</width></LineStyle></Style><LineString><coordinates>-70.6428816,-33.8083916,0 -70.6441166,-33.80609,0</coordinates></LineString></Placemark><Placemark><name>Trabajado - Cuartel 810 - Hilera 1019</name><Style><LineStyle><color>ff00ff00</color><width>3</width></LineStyle></Style><LineString><coordinates>-70.64428,-33.8062383,0 -70.6435983,-33.807535,0</coordinates></LineString></Placemark><Placemark><name>Descartado (grupo chico) - Hilera 811</name><Style><LineStyle><color>ff00ffff</color><width>3</width></LineStyle></Style><LineString><coordinates>-70.6464683,-33.8070883,0 -70.6467483,-33.8074783,0</coordinates></LineString></Placemark><Placemark><name>Descartado (grupo chico) - Hilera 816</name><Style><LineStyle><color>ff00ffff</color><width>3</width></LineStyle></Style><LineString><coordinates>-70.6465983,-33.807465,0 -70.646935,-33.8072166,0</coordinates></LineString></Placemark><Placemark><name>Descartado (grupo chico) - Hilera 822</name><Style><LineStyle><color>ff00ffff</color><width>3</width></LineStyle></Style><LineString><coordinates>-70.6474016,-33.80706,0 -70.6473416,-33.8074683,0</coordinates></LineString></Placemark><Placemark><name>Descartado (grupo chico) - Hilera 823</name><Style><LineStyle><color>ff00ffff</color><width>3</width></LineStyle></Style><LineString><coordinates>-70.6473416,-33.8074683,0 -70.647645,-33.8074016,0</coordinates></LineString></Placemark><Placemark><name>Descartado (grupo chico) - Hilera 825</name><Style><LineStyle><color>ff00ffff</color><width>3</width></LineStyle></Style><LineString><coordinates>-70.64778,-33.8044616,0 -70.6476633,-33.80437,0</coordinates></LineString></Placemark><Placemark><name>Descartado (grupo chico) - Hilera 833</name><Style><LineStyle><color>ff00ffff</color><width>3</width></LineStyle></Style><LineString><coordinates>-70.6478233,-33.80737,0 -70.6479833,-33.80721,0</coordinates></LineString></Placemark><Placemark><name>Trabajado - Cuartel 836 - Hilera 836</name><Style><LineStyle><color>ff00ff00</color><width>3</width></LineStyle></Style><LineString><coordinates>-70.6481166,-33.8072799,0 -70.648225,-33.807445,0</coordinates></LineString></Placemark><Placemark><name>Trabajado - Cuartel 836 - Hilera 840</name><Style><LineStyle><color>ff00ff00</color><width>3</width></LineStyle></Style><LineString><coordinates>-70.64842,-33.8073416,0 -70.6485916,-33.80752,0</coordinates></LineString></Placemark><Placemark><name>Trabajado - Cuartel 836 - Hilera 846</name><Style><LineStyle><color>ff00ff00</color><width>3</width></LineStyle></Style><LineString><coordinates>-70.6488466,-33.80732,0 -70.6490183,-33.807455,0</coordinates></LineString></Placemark><Placemark><name>Trabajado - Cuartel 836 - Hilera 860</name><Style><LineStyle><color>ff00ff00</color><width>3</width></LineStyle></Style><LineString><coordinates>-70.6491783,-33.8072916,0 -70.6493433,-33.80754,0</coordinates></LineString></Placemark><Placemark><name>Trabajado - Cuartel 836 - Hilera 864</name><Style><LineStyle><color>ff00ff00</color><width>3</width></LineStyle></Style><LineString><coordinates>-70.6495149,-33.8073549,0 -70.6496283,-33.8075083,0</coordinates></LineString></Placemark><Placemark><name>Trabajado - Cuartel 836 - Hilera 873</name><Style><LineStyle><color>ff00ff00</color><width>3</width></LineStyle></Style><LineString><coordinates>-70.6497716,-33.80741,0 -70.64989,-33.8075583,0</coordinates></LineString></Placemark><Placemark><name>Descartado (grupo chico) - Hilera 842</name><Style><LineStyle><color>ff00ffff</color><width>3</width></LineStyle></Style><LineString><coordinates>-70.6488299,-33.8044483,0 -70.6487416,-33.8043433,0</coordinates></LineString></Placemark><Placemark><name>Descartado (grupo chico) - Hilera 845</name><Style><LineStyle><color>ff00ffff</color><width>3</width></LineStyle></Style><LineString><coordinates>-70.6488966,-33.806935,0 -70.6488466,-33.80732,0</coordinates></LineString></Placemark><Placemark><name>Descartado (grupo chico) - Hilera 847</name><Style><LineStyle><color>ff00ffff</color><width>3</width></LineStyle></Style><LineString><coordinates>-70.6490183,-33.807455,0 -70.6491099,-33.8058883,0</coordinates></LineString></Placemark><Placemark><name>Descartado (grupo chico) - Hilera 848</name><Style><LineStyle><color>ff00ffff</color><width>3</width></LineStyle></Style><LineString><coordinates>-70.6491099,-33.8058883,0 -70.6490616,-33.8057983,0</coordinates></LineString></Placemark><Placemark><name>Descartado (grupo chico) - Hilera 849</name><Style><LineStyle><color>ff00ffff</color><width>3</width></LineStyle></Style><LineString><coordinates>-70.6490616,-33.8057983,0 -70.6492016,-33.8043916,0</coordinates></LineString></Placemark><Placemark><name>Descartado (grupo chico) - Hilera 877</name><Style><LineStyle><color>ff00ffff</color><width>3</width></LineStyle></Style><LineString><coordinates>-70.6500833,-33.8074916,0 -70.6502316,-33.8073833,0</coordinates></LineString></Placemark><Placemark><name>Descartado (grupo chico) - Hilera 882</name><Style><LineStyle><color>ff00ffff</color><width>3</width></LineStyle></Style><LineString><coordinates>-70.6504116,-33.8075716,0 -70.6505449,-33.8074399,0</coordinates></LineString></Placemark><Placemark><name>Descartado (grupo chico) - Hilera 879</name><Style><LineStyle><color>ff00ffff</color><width>3</width></LineStyle></Style><LineString><coordinates>-70.6504133,-33.8043983,0 -70.6503166,-33.8043516,0</coordinates></LineString></Placemark><Placemark><name>Descartado (grupo chico) - Hilera 884</name><Style><LineStyle><color>ff00ffff</color><width>3</width></LineStyle></Style><LineString><coordinates>-70.6506783,-33.8044983,0 -70.6505983,-33.8043633,0</coordinates></LineString></Placemark><Placemark><name>Descartado (grupo chico) - Hilera 886</name><Style><LineStyle><color>ff00ffff</color><width>3</width></LineStyle></Style><LineString><coordinates>-70.6505599,-33.807585,0 -70.6498,-33.8075083,0</coordinates></LineString></Placemark><Placemark><name>Descartado (grupo chico) - Hilera 899</name><Style><LineStyle><color>ff00ffff</color><width>3</width></LineStyle></Style><LineString><coordinates>-70.650875,-33.8070499,0 -70.6507366,-33.80746,0</coordinates></LineString></Placemark><Placemark><name>Descartado (grupo chico) - Hilera 901</name><Style><LineStyle><color>ff00ffff</color><width>3</width></LineStyle></Style><LineString><coordinates>-70.6511216,-33.8044016,0 -70.6512483,-33.8043516,0</coordinates></LineString></Placemark><Placemark><name>Descartado (grupo chico) - Hilera 902</name><Style><LineStyle><color>ff00ffff</color><width>3</width></LineStyle></Style><LineString><coordinates>-70.6512916,-33.8043783,0 -70.6512083,-33.805725,0</coordinates></LineString></Placemark><Placemark><name>Descartado (grupo chico) - Hilera 903</name><Style><LineStyle><color>ff00ffff</color><width>3</width></LineStyle></Style><LineString><coordinates>-70.6512883,-33.8057183,0 -70.65138,-33.8043933,0</coordinates></LineString></Placemark><Placemark><name>Descartado (grupo chico) - Hilera 906</name><Style><LineStyle><color>ff00ffff</color><width>3</width></LineStyle></Style><LineString><coordinates>-70.6506116,-33.8075733,0 -70.6478666,-33.8075183,0</coordinates></LineString></Placemark><Placemark><name>Descartado (grupo chico) - Hilera 914</name><Style><LineStyle><color>ff00ffff</color><width>3</width></LineStyle></Style><LineString><coordinates>-70.6461266,-33.806525,0 -70.6461766,-33.8066416,0</coordinates></LineString></Placemark><Placemark><name>Descartado (grupo chico) - Hilera 915</name><Style><LineStyle><color>ff00ffff</color><width>3</width></LineStyle></Style><LineString><coordinates>-70.6461766,-33.8066416,0 -70.6456566,-33.80821,0</coordinates></LineString></Placemark><Placemark><name>Descartado (grupo chico) - Hilera 924</name><Style><LineStyle><color>ff00ffff</color><width>3</width></LineStyle></Style><LineString><coordinates>-70.6456116,-33.807245,0 -70.6454166,-33.8080816,0</coordinates></LineString></Placemark><Placemark><name>Descartado (grupo chico) - Hilera 916</name><Style><LineStyle><color>ff00ffff</color><width>3</width></LineStyle></Style><LineString><coordinates>-70.6456566,-33.80821,0 -70.64557,-33.8081466,0</coordinates></LineString></Placemark><Placemark><name>Descartado (grupo chico) - Hilera 925</name><Style><LineStyle><color>ff00ffff</color><width>3</width></LineStyle></Style><LineString><coordinates>-70.6454166,-33.8080816,0 -70.6453349,-33.8078549,0</coordinates></LineString></Placemark><Placemark><name>Descartado (grupo chico) - Hilera 928</name><Style><LineStyle><color>ff00ffff</color><width>3</width></LineStyle></Style><LineString><coordinates>-70.6452566,-33.8078766,0 -70.6451316,-33.8080216,0</coordinates></LineString></Placemark><Placemark><name>Descartado (grupo chico) - Hilera 932</name><Style><LineStyle><color>ff00ffff</color><width>3</width></LineStyle></Style><LineString><coordinates>-70.6449516,-33.8076816,0 -70.6447899,-33.8078083,0</coordinates></LineString></Placemark><Placemark><name>Descartado (grupo chico) - Hilera 936</name><Style><LineStyle><color>ff00ffff</color><width>3</width></LineStyle></Style><LineString><coordinates>-70.6446383,-33.807775,0 -70.6445683,-33.8076083,0</coordinates></LineString></Placemark><Placemark><name>Descartado (grupo chico) - Hilera 946</name><Style><LineStyle><color>ff00ffff</color><width>3</width></LineStyle></Style><LineString><coordinates>-70.64404466332277,-33.80757532140467,0 -70.6441066,-33.8076533,0</coordinates></LineString></Placemark><Placemark><name>Descartado (grupo chico) - Hilera 939</name><Style><LineStyle><color>ff00ffff</color><width>3</width></LineStyle></Style><LineString><coordinates>-70.645065,-33.8058483,0 -70.64495,-33.8058266,0</coordinates></LineString></Placemark><Placemark><name>Descartado (grupo chico) - Hilera 942</name><Style><LineStyle><color>ff00ffff</color><width>3</width></LineStyle></Style><LineString><coordinates>-70.6443733,-33.8075816,0 -70.6442649,-33.8075433,0</coordinates></LineString></Placemark><Placemark><name>Descartado (grupo chico) - Hilera 944</name><Style><LineStyle><color>ff00ffff</color><width>3</width></LineStyle></Style><LineString><coordinates>-70.644625,-33.8061999,0 -70.64457,-33.8061166,0</coordinates></LineString></Placemark><Placemark><name>Descartado (grupo chico) - Hilera 1015</name><Style><LineStyle><color>ff00ffff</color><width>3</width></LineStyle></Style><LineString><coordinates>-70.6441366,-33.806015,0 -70.6442366,-33.8061716,0</coordinates></LineString></Placemark><Placemark><name>Descartado (grupo chico) - Hilera 1018</name><Style><LineStyle><color>ff00ffff</color><width>3</width></LineStyle></Style><LineString><coordinates>-70.6441166,-33.80609,0 -70.64428,-33.8062383,0</coordinates></LineString></Placemark><Placemark><name>Descartado (grupo chico) - Hilera 967</name><Style><LineStyle><color>ff00ffff</color><width>3</width></LineStyle></Style><LineString><coordinates>-70.6457333,-33.8043333,0 -70.64588,-33.8042783,0</coordinates></LineString></Placemark><Placemark><name>Descartado (grupo chico) - Hilera 968</name><Style><LineStyle><color>ff00ffff</color><width>3</width></LineStyle></Style><LineString><coordinates>-70.64588,-33.8042783,0 -70.646175,-33.8044383,0</coordinates></LineString></Placemark><Placemark><name>Descartado (grupo chico) - Hilera 973</name><Style><LineStyle><color>ff00ffff</color><width>3</width></LineStyle></Style><LineString><coordinates>-70.6462133,-33.8044166,0 -70.6457133,-33.8041866,0</coordinates></LineString></Placemark><Placemark><name>Descartado (grupo chico) - Hilera 978</name><Style><LineStyle><color>ff00ffff</color><width>3</width></LineStyle></Style><LineString><coordinates>-70.6452566,-33.8040466,0 -70.6452133,-33.80396,0</coordinates></LineString></Placemark><Placemark><name>Descartado (grupo chico) - Hilera 981</name><Style><LineStyle><color>ff00ffff</color><width>3</width></LineStyle></Style><LineString><coordinates>-70.644875,-33.8040716,0 -70.6448666,-33.8038266,0</coordinates></LineString></Placemark><Placemark><name>Descartado (grupo chico) - Hilera 989</name><Style><LineStyle><color>ff00ffff</color><width>3</width></LineStyle></Style><LineString><coordinates>-70.6443549,-33.8038383,0 -70.6443399,-33.803625,0</coordinates></LineString></Placemark><Placemark><name>Trabajado - Cuartel 983 - Hilera 983</name><Style><LineStyle><color>ff00ff00</color><width>3</width></LineStyle></Style><LineString><coordinates>-70.6437433,-33.805585,0 -70.6436366,-33.8055083,0</coordinates></LineString></Placemark><Placemark><name>Trabajado - Cuartel 983 - Hilera 987</name><Style><LineStyle><color>ff00ff00</color><width>3</width></LineStyle></Style><LineString><coordinates>-70.6435616,-33.8053666,0 -70.6433516,-33.805405,0</coordinates></LineString></Placemark><Placemark><name>Trabajado - Cuartel 983 - Hilera 991</name><Style><LineStyle><color>ff00ff00</color><width>3</width></LineStyle></Style><LineString><coordinates>-70.6432116,-33.805385,0 -70.642945,-33.8053583,0</coordinates></LineString></Placemark><Placemark><name>Trabajado - Cuartel 983 - Hilera 996</name><Style><LineStyle><color>ff00ff00</color><width>3</width></LineStyle></Style><LineString><coordinates>-70.6429716,-33.805545,0 -70.6439666,-33.8059333,0</coordinates></LineString></Placemark><Placemark><name>Trabajado - Cuartel 983 - Hilera 1000</name><Style><LineStyle><color>ff00ff00</color><width>3</width></LineStyle></Style><LineString><coordinates>-70.6443099,-33.8060816,0 -70.64302,-33.805485,0</coordinates></LineString></Placemark><Placemark><name>Descartado (grupo chico) - Hilera 985</name><Style><LineStyle><color>ff00ffff</color><width>3</width></LineStyle></Style><LineString><coordinates>-70.6447816,-33.803765,0 -70.6444666,-33.8038966,0</coordinates></LineString></Placemark><Placemark><name>Descartado (grupo chico) - Hilera 986</name><Style><LineStyle><color>ff00ffff</color><width>3</width></LineStyle></Style><LineString><coordinates>-70.6444666,-33.8038966,0 -70.64231988530457,-33.80738352884229,0</coordinates></LineString></Placemark><Placemark><name>Descartado (grupo chico) - Hilera 993</name><Style><LineStyle><color>ff00ffff</color><width>3</width></LineStyle></Style><LineString><coordinates>-70.6441316,-33.803415,0 -70.6416533,-33.8072916,0</coordinates></LineString></Placemark><Placemark><name>Descartado (grupo chico) - Hilera 1008</name><Style><LineStyle><color>ff00ffff</color><width>3</width></LineStyle></Style><LineString><coordinates>-70.6429916,-33.8064566,0 -70.6435533,-33.8057033,0</coordinates></LineString></Placemark><Placemark><name>Descartado (grupo chico) - Hilera 994</name><Style><LineStyle><color>ff00ffff</color><width>3</width></LineStyle></Style><LineString><coordinates>-70.6416533,-33.8072916,0 -70.6418966,-33.807195,0</coordinates></LineString></Placemark><Placemark><name>Descartado (grupo chico) - Hilera 997</name><Style><LineStyle><color>ff00ffff</color><width>3</width></LineStyle></Style><LineString><coordinates>-70.6439666,-33.8059333,0 -70.64474,-33.805895,0</coordinates></LineString></Placemark><Placemark><name>Descartado (grupo chico) - Hilera 1011</name><Style><LineStyle><color>ff00ffff</color><width>3</width></LineStyle></Style><LineString><coordinates>-70.6437383,-33.8058766,0 -70.6438833,-33.805875,0</coordinates></LineString></Placemark><Placemark><name>Descartado (grupo chico) - Hilera 1014</name><Style><LineStyle><color>ff00ffff</color><width>3</width></LineStyle></Style><LineString><coordinates>-70.6440216,-33.80602,0 -70.6441366,-33.806015,0</coordinates></LineString></Placemark><Placemark><name>Descartado (grupo chico) - Hilera 1004</name><Style><LineStyle><color>ff00ffff</color><width>3</width></LineStyle></Style><LineString><coordinates>-70.641955,-33.8079,0 -70.6419633,-33.8078216,0</coordinates></LineString></Placemark><Placemark><name>Descartado (grupo chico) - Hilera 1005</name><Style><LineStyle><color>ff00ffff</color><width>3</width></LineStyle></Style><LineString><coordinates>-70.6419633,-33.8078216,0 -70.6420183,-33.8079116,0</coordinates></LineString></Placemark><Placemark><name>Descartado (grupo chico) - Hilera 1007</name><Style><LineStyle><color>ff00ffff</color><width>3</width></LineStyle></Style><LineString><coordinates>-70.6430266,-33.8065383,0 -70.6429916,-33.8064566,0</coordinates></LineString></Placemark><Placemark><name>Descartado (grupo chico) - Hilera 1020</name><Style><LineStyle><color>ff00ffff</color><width>3</width></LineStyle></Style><LineString><coordinates>-70.6435983,-33.807535,0 -70.6458283,-33.8085766,0</coordinates></LineString></Placemark><Placemark><name>Descartado (grupo chico) - Hilera 1021</name><Style><LineStyle><color>ff00ffff</color><width>3</width></LineStyle></Style><LineString><coordinates>-70.6458283,-33.8085766,0 -70.6452916,-33.8103433,0</coordinates></LineString></Placemark><Placemark><name>Descartado (grupo chico) - Hilera 1022</name><Style><LineStyle><color>ff00ffff</color><width>3</width></LineStyle></Style><LineString><coordinates>-70.6452916,-33.8103433,0 -70.645535,-33.8108616,0</coordinates></LineString></Placemark><Placemark><name>Descartado (grupo chico) - Hilera 1023</name><Style><LineStyle><color>ff00ffff</color><width>3</width></LineStyle></Style><LineString><coordinates>-70.645535,-33.8108616,0 -70.64546,-33.8109066,0</coordinates></LineString></Placemark><Placemark><name>Trabajado - Cuartel 1024 - Hilera 1024</name><Style><LineStyle><color>ff00ff00</color><width>3</width></LineStyle></Style><LineString><coordinates>-70.64546,-33.8109066,0 -70.6458383,-33.8092766,0</coordinates></LineString></Placemark><Placemark><name>Trabajado - Cuartel 1024 - Hilera 1025</name><Style><LineStyle><color>ff00ff00</color><width>3</width></LineStyle></Style><LineString><coordinates>-70.6458383,-33.8092766,0 -70.645655,-33.8109166,0</coordinates></LineString></Placemark><Placemark><name>Trabajado - Cuartel 1024 - Hilera 1026</name><Style><LineStyle><color>ff00ff00</color><width>3</width></LineStyle></Style><LineString><coordinates>-70.645655,-33.8109166,0 -70.6462016,-33.8091883,0</coordinates></LineString></Placemark><Placemark><name>Trabajado - Cuartel 1024 - Hilera 1027</name><Style><LineStyle><color>ff00ff00</color><width>3</width></LineStyle></Style><LineString><coordinates>-70.6462016,-33.8091883,0 -70.6459416,-33.8116483,0</coordinates></LineString></Placemark><Placemark><name>Trabajado - Cuartel 1024 - Hilera 1028</name><Style><LineStyle><color>ff00ff00</color><width>3</width></LineStyle></Style><LineString><coordinates>-70.6459416,-33.8116483,0 -70.6464966,-33.8091983,0</coordinates></LineString></Placemark><Placemark><name>Trabajado - Cuartel 1024 - Hilera 1029</name><Style><LineStyle><color>ff00ff00</color><width>3</width></LineStyle></Style><LineString><coordinates>-70.64653,-33.8092199,0 -70.6459599,-33.8117733,0</coordinates></LineString></Placemark><Placemark><name>Descartado (grupo chico) - Hilera 1030</name><Style><LineStyle><color>ff00ffff</color><width>3</width></LineStyle></Style><LineString><coordinates>-70.6459599,-33.8117733,0 -70.6452533,-33.8107533,0</coordinates></LineString></Placemark><Placemark><name>Descartado (grupo chico) - Hilera 1031</name><Style><LineStyle><color>ff00ffff</color><width>3</width></LineStyle></Style><LineString><coordinates>-70.6452533,-33.8107533,0 -70.6467316,-33.8054366,0</coordinates></LineString></Placemark><Placemark><name>Descartado</name><Style><LineStyle><color>ff00ffff</color><width>3</width></LineStyle></Style><LineString><coordinates>-70.6462933,-33.8049416,0 -70.6462916,-33.8049516,0</coordinates></LineString></Placemark><Placemark><name>Descartado</name><Style><LineStyle><color>ff00ffff</color><width>3</width></LineStyle></Style><LineString><coordinates>-70.6462916,-33.8049516,0 -70.6462933,-33.8049416,0</coordinates></LineString></Placemark><Placemark><name>Descartado</name><Style><LineStyle><color>ff00ffff</color><width>3</width></LineStyle></Style><LineString><coordinates>-70.6462933,-33.8049416,0 -70.6462766,-33.8049533,0</coordinates></LineString></Placemark><Placemark><name>Descartado</name><Style><LineStyle><color>ff00ffff</color><width>3</width></LineStyle></Style><LineString><coordinates>-70.6470266,-33.8045933,0 -70.6470183,-33.80455,0</coordinates></LineString></Placemark><Placemark><name>Descartado</name><Style><LineStyle><color>ff00ffff</color><width>3</width></LineStyle></Style><LineString><coordinates>-70.64663,-33.8045399,0 -70.6466433,-33.8045,0</coordinates></LineString></Placemark><Placemark><name>Descartado</name><Style><LineStyle><color>ff00ffff</color><width>3</width></LineStyle></Style><LineString><coordinates>-70.6468816,-33.8048933,0 -70.6468016,-33.804875,0</coordinates></LineString></Placemark><Placemark><name>Descartado</name><Style><LineStyle><color>ff00ffff</color><width>3</width></LineStyle></Style><LineString><coordinates>-70.6468816,-33.80481,0 -70.6469483,-33.8048816,0</coordinates></LineString></Placemark><Placemark><name>Descartado</name><Style><LineStyle><color>ff00ffff</color><width>3</width></LineStyle></Style><LineString><coordinates>-70.6422766,-33.8079816,0 -70.6422549,-33.8080466,0</coordinates></LineString></Placemark><Placemark><name>Descartado</name><Style><LineStyle><color>ff00ffff</color><width>3</width></LineStyle></Style><LineString><coordinates>-70.6422549,-33.8080466,0 -70.6422999,-33.8080433,0</coordinates></LineString></Placemark><Placemark><name>Descartado</name><Style><LineStyle><color>ff00ffff</color><width>3</width></LineStyle></Style><LineString><coordinates>-70.6464966,-33.8091983,0 -70.64653,-33.8092199,0</coordinates></LineString></Placemark><Placemark><name>Descartado</name><Style><LineStyle><color>ff00ffff</color><width>3</width></LineStyle></Style><LineString><coordinates>-70.6463416,-33.8048583,0 -70.6463333,-33.8047883,0</coordinates></LineString></Placemark></Folder></Document></kml>