<?xml version="1.0" encoding="UTF-8"?><kml xmlns="http://www.opengis.net/kml/2.2"><Document><Folder><name>Tractor 1 Deutz-Fahr Agroplus</name><Placemark><name>Trabajado - Cuartel 1 - Hilera 1</name><Style><LineStyle><color>ff00ff00</color><width>3</width></LineStyle></Style><LineString><coordinates>-71.4973016,-35.7113283,0 -71.4975516,-35.7114466,0</coordinates></LineString></Placemark><Placemark><name>Trabajado - Cuartel 1 - Hilera 2</name><Style><LineStyle><color>ff00ff00</color><width>3</width></LineStyle></Style><LineString><coordinates>-71.4980134234397,-35.71188834919896,0 -71.49705778041591,-35.71107577132085,0</coordinates></LineString></Placemark><Placemark><name>Trabajado - Cuartel 1 - Hilera 50</name><Style><LineStyle><color>ff00ff00</color><width>3</width></LineStyle></Style><LineString><coordinates>-71.4970316,-35.71102,0 -71.49759,-35.7118066,0</coordinates></LineString></Placemark><Placemark><name>Trabajado - Cuartel 1 - Hilera 51</name><Style><LineStyle><color>ff00ff00</color><width>3</width></LineStyle></Style><LineString><coordinates>-71.49759,-35.7118066,0 -71.4976816,-35.7118333,0</coordinates></LineString></Placemark><Placemark><name>Trabajado - Cuartel 1 - Hilera 52</name><Style><LineStyle><color>ff00ff00</color><width>3</width></LineStyle></Style><LineString><coordinates>-71.49716221191908,-35.71210343165339,0 -71.4978483,-35.7117466,0</coordinates></LineString></Placemark><Placemark><name>Trabajado - Cuartel 1 - Hilera 58</name><Style><LineStyle><color>ff00ff00</color><width>3</width></LineStyle></Style><LineString><coordinates>-71.49836986715965,-35.7116711518196,0 -71.4977983,-35.711685,0</coordinates></LineString></Placemark><Placemark><name>Trabajado - Cuartel 1 - Hilera 74</name><Style><LineStyle><color>ff00ff00</color><width>3</width></LineStyle></Style><LineString><coordinates>-71.49773331976998,-35.71168843014852,0 -71.4982033,-35.7118833,0</coordinates></LineString></Placemark><Placemark><name>Trabajado - Cuartel 1 - Hilera 81</name><Style><LineStyle><color>ff00ff00</color><width>3</width></LineStyle></Style><LineString><coordinates>-71.4980466,-35.71181,0 -71.4977916,-35.7117816,0</coordinates></LineString></Placemark><Placemark><name>Trabajado - Cuartel 1 - Hilera 95</name><Style><LineStyle><color>ff00ff00</color><width>3</width></LineStyle></Style><LineString><coordinates>-71.4970549,-35.7122683,0 -71.4975516,-35.7118649,0</coordinates></LineString></Placemark><Placemark><name>Trabajado - Cuartel 1 - Hilera 102</name><Style><LineStyle><color>ff00ff00</color><width>3</width></LineStyle></Style><LineString><coordinates>-71.49712,-35.7112616,0 -71.4978166,-35.7117933,0</coordinates></LineString></Placemark><Placemark><name>Trabajado - Cuartel 1 - Hilera 103</name><Style><LineStyle><color>ff00ff00</color><width>3</width></LineStyle></Style><LineString><coordinates>-71.49765415717242,-35.71183560982152,0 -71.4982516,-35.71168,0</coordinates></LineString></Placemark><Placemark><name>Trabajado - Cuartel 1 - Hilera 111</name><Style><LineStyle><color>ff00ff00</color><width>3</width></LineStyle></Style><LineString><coordinates>-71.4986116,-35.7117049,0 -71.4983333,-35.7116383,0</coordinates></LineString></Placemark><Placemark><name>Trabajado - Cuartel 1 - Hilera 112</name><Style><LineStyle><color>ff00ff00</color><width>3</width></LineStyle></Style><LineString><coordinates>-71.4983333,-35.7116383,0 -71.49795176986207,-35.71161962369954,0</coordinates></LineString></Placemark><Placemark><name>Trabajado - Cuartel 1 - Hilera 113</name><Style><LineStyle><color>ff00ff00</color><width>3</width></LineStyle></Style><LineString><coordinates>-71.49795,-35.711645,0 -71.4978533,-35.7116933,0</coordinates></LineString></Placemark><Placemark><name>Trabajado - Cuartel 1 - Hilera 114</name><Style><LineStyle><color>ff00ff00</color><width>3</width></LineStyle></Style><LineString><coordinates>-71.4978533,-35.7116933,0 -71.4976533,-35.7118333,0</coordinates></LineString></Placemark><Placemark><name>Trabajado - Cuartel 1 - Hilera 115</name><Style><LineStyle><color>ff00ff00</color><width>3</width></LineStyle></Style><LineString><coordinates>-71.4977683,-35.71183,0 -71.4979833,-35.7117299,0</coordinates></LineString></Placemark><Placemark><name>Trabajado - Cuartel 1 - Hilera 134</name><Style><LineStyle><color>ff00ff00</color><width>3</width></LineStyle></Style><LineString><coordinates>-71.4985216,-35.7117883,0 -71.4980366,-35.7117366,0</coordinates></LineString></Placemark><Placemark><name>Trabajado - Cuartel 1 - Hilera 146</name><Style><LineStyle><color>ff00ff00</color><width>3</width></LineStyle></Style><LineString><coordinates>-71.4991566,-35.7122783,0 -71.4977083,-35.7118266,0</coordinates></LineString></Placemark><Placemark><name>Trabajado - Cuartel 1 - Hilera 147</name><Style><LineStyle><color>ff00ff00</color><width>3</width></LineStyle></Style><LineString><coordinates>-71.4977083,-35.7118266,0 -71.49700537111178,-35.710846368889825,0</coordinates></LineString></Placemark><Placemark><name>Trabajado - Cuartel 1 - Hilera 149</name><Style><LineStyle><color>ff00ff00</color><width>3</width></LineStyle></Style><LineString><coordinates>-71.4972333,-35.7110149,0 -71.4974716,-35.711995,0</coordinates></LineString></Placemark><Placemark><name>Trabajado - Cuartel 1 - Hilera 150</name><Style><LineStyle><color>ff00ff00</color><width>3</width></LineStyle></Style><LineString><coordinates>-71.4974716,-35.711995,0 -71.49659,-35.7124733,0</coordinates></LineString></Placemark><Placemark><name>Trabajado - Cuartel 1 - Hilera 173</name><Style><LineStyle><color>ff00ff00</color><width>3</width></LineStyle></Style><LineString><coordinates>-71.496875,-35.7123883,0 -71.4968983,-35.712295,0</coordinates></LineString></Placemark><Placemark><name>Trabajado - Cuartel 1 - Hilera 176</name><Style><LineStyle><color>ff00ff00</color><width>3</width></LineStyle></Style><LineString><coordinates>-71.4971916,-35.7122983,0 -71.4970616,-35.7123783,0</coordinates></LineString></Placemark><Placemark><name>Trabajado - Cuartel 1 - Hilera 185</name><Style><LineStyle><color>ff00ff00</color><width>3</width></LineStyle></Style><LineString><coordinates>-71.49714,-35.7122916,0 -71.49755,-35.7118633,0</coordinates></LineString></Placemark><Placemark><name>Trabajado - Cuartel 1 - Hilera 186</name><Style><LineStyle><color>ff00ff00</color><width>3</width></LineStyle></Style><LineString><coordinates>-71.49755,-35.7118633,0 -71.4971333,-35.711225,0</coordinates></LineString></Placemark><Placemark><name>Trabajado - Cuartel 1 - Hilera 189</name><Style><LineStyle><color>ff00ff00</color><width>3</width></LineStyle></Style><LineString><coordinates>-71.497155,-35.7111566,0 -71.4974816,-35.7119316,0</coordinates></LineString></Placemark><Placemark><name>Trabajado - Cuartel 1 - Hilera 190</name><Style><LineStyle><color>ff00ff00</color><width>3</width></LineStyle></Style><LineString><coordinates>-71.497215,-35.7120733,0 -71.4972066,-35.7121633,0</coordinates></LineString></Placemark><Placemark><name>Trabajado - Cuartel 1 - Hilera 200</name><Style><LineStyle><color>ff00ff00</color><width>3</width></LineStyle></Style><LineString><coordinates>-71.4975516,-35.7119083,0 -71.4975366,-35.7120866,0</coordinates></LineString></Placemark><Placemark><name>Trabajado - Cuartel 1 - Hilera 212</name><Style><LineStyle><color>ff00ff00</color><width>3</width></LineStyle></Style><LineString><coordinates>-71.497615,-35.71211,0 -71.4976333,-35.7118449,0</coordinates></LineString></Placemark><Placemark><name>Trabajado - Cuartel 1 - Hilera 216</name><Style><LineStyle><color>ff00ff00</color><width>3</width></LineStyle></Style><LineString><coordinates>-71.4979299,-35.7118199,0 -71.4977666,-35.7118816,0</coordinates></LineString></Placemark><Placemark><name>Trabajado - Cuartel 1 - Hilera 223</name><Style><LineStyle><color>ff00ff00</color><width>3</width></LineStyle></Style><LineString><coordinates>-71.4977383,-35.71168,0 -71.4977316,-35.711785,0</coordinates></LineString></Placemark><Placemark><name>Trabajado - Cuartel 1 - Hilera 224</name><Style><LineStyle><color>ff00ff00</color><width>3</width></LineStyle></Style><LineString><coordinates>-71.4977316,-35.711785,0 -71.4979716,-35.7117066,0</coordinates></LineString></Placemark><Placemark><name>Trabajado - Cuartel 1 - Hilera 225</name><Style><LineStyle><color>ff00ff00</color><width>3</width></LineStyle></Style><LineString><coordinates>-71.4979716,-35.7117066,0 -71.4980883,-35.7117199,0</coordinates></LineString></Placemark><Placemark><name>Trabajado - Cuartel 1 - Hilera 229</name><Style><LineStyle><color>ff00ff00</color><width>3</width></LineStyle></Style><LineString><coordinates>-71.4984583,-35.71175,0 -71.4983416,-35.7117283,0</coordinates></LineString></Placemark><Placemark><name>Trabajado - Cuartel 1 - Hilera 233</name><Style><LineStyle><color>ff00ff00</color><width>3</width></LineStyle></Style><LineString><coordinates>-71.49765367485882,-35.711836080507155,0 -71.49837,-35.7117683,0</coordinates></LineString></Placemark><Placemark><name>Trabajado - Cuartel 1 - Hilera 242</name><Style><LineStyle><color>ff00ff00</color><width>3</width></LineStyle></Style><LineString><coordinates>-71.4986083,-35.711735,0 -71.4980883,-35.7116483,0</coordinates></LineString></Placemark><Placemark><name>Trabajado - Cuartel 1 - Hilera 277</name><Style><LineStyle><color>ff00ff00</color><width>3</width></LineStyle></Style><LineString><coordinates>-71.49695,-35.7122933,0 -71.4974883,-35.7117883,0</coordinates></LineString></Placemark><Placemark><name>Trabajado - Cuartel 1 - Hilera 278</name><Style><LineStyle><color>ff00ff00</color><width>3</width></LineStyle></Style><LineString><coordinates>-71.4974883,-35.7117883,0 -71.4969983,-35.7108383,0</coordinates></LineString></Placemark><Placemark><name>Trabajado - Cuartel 1 - Hilera 626</name><Style><LineStyle><color>ff00ff00</color><width>3</width></LineStyle></Style><LineString><coordinates>-71.4970616,-35.7110233,0 -71.4971316,-35.7110733,0</coordinates></LineString></Placemark><Placemark><name>Trabajado - Cuartel 3 - Hilera 3</name><Style><LineStyle><color>ff00ff00</color><width>3</width></LineStyle></Style><LineString><coordinates>-71.4971666,-35.7111683,0 -71.49726,-35.7111233,0</coordinates></LineString></Placemark><Placemark><name>Trabajado - Cuartel 3 - Hilera 47</name><Style><LineStyle><color>ff00ff00</color><width>3</width></LineStyle></Style><LineString><coordinates>-71.496685,-35.7110183,0 -71.4971266,-35.71105,0</coordinates></LineString></Placemark><Placemark><name>Trabajado - Cuartel 3 - Hilera 48</name><Style><LineStyle><color>ff00ff00</color><width>3</width></LineStyle></Style><LineString><coordinates>-71.4971266,-35.71105,0 -71.497135,-35.7109316,0</coordinates></LineString></Placemark><Placemark><name>Trabajado - Cuartel 3 - Hilera 49</name><Style><LineStyle><color>ff00ff00</color><width>3</width></LineStyle></Style><LineString><coordinates>-71.497135,-35.7109316,0 -71.4970316,-35.71102,0</coordinates></LineString></Placemark><Placemark><name>Trabajado - Cuartel 3 - Hilera 96</name><Style><LineStyle><color>ff00ff00</color><width>3</width></LineStyle></Style><LineString><coordinates>-71.4975516,-35.7118649,0 -71.4965066,-35.7095666,0</coordinates></LineString></Placemark><Placemark><name>Trabajado - Cuartel 3 - Hilera 97</name><Style><LineStyle><color>ff00ff00</color><width>3</width></LineStyle></Style><LineString><coordinates>-71.4965933,-35.7097,0 -71.49691255575463,-35.71021805928419,0</coordinates></LineString></Placemark><Placemark><name>Trabajado - Cuartel 3 - Hilera 98</name><Style><LineStyle><color>ff00ff00</color><width>3</width></LineStyle></Style><LineString><coordinates>-71.4968716,-35.7101516,0 -71.4971483,-35.7111199,0</coordinates></LineString></Placemark><Placemark><name>Trabajado - Cuartel 3 - Hilera 99</name><Style><LineStyle><color>ff00ff00</color><width>3</width></LineStyle></Style><LineString><coordinates>-71.4972783,-35.7112183,0 -71.4973683,-35.7111783,0</coordinates></LineString></Placemark><Placemark><name>Trabajado - Cuartel 3 - Hilera 100</name><Style><LineStyle><color>ff00ff00</color><width>3</width></LineStyle></Style><LineString><coordinates>-71.4973683,-35.7111783,0 -71.4972566,-35.7111916,0</coordinates></LineString></Placemark><Placemark><name>Trabajado - Cuartel 3 - Hilera 101</name><Style><LineStyle><color>ff00ff00</color><width>3</width></LineStyle></Style><LineString><coordinates>-71.4972566,-35.7111916,0 -71.49712,-35.7112616,0</coordinates></LineString></Placemark><Placemark><name>Trabajado - Cuartel 3 - Hilera 148</name><Style><LineStyle><color>ff00ff00</color><width>3</width></LineStyle></Style><LineString><coordinates>-71.49723837056706,-35.71102072354236,0 -71.4970733,-35.7111216,0</coordinates></LineString></Placemark><Placemark><name>Trabajado - Cuartel 3 - Hilera 187</name><Style><LineStyle><color>ff00ff00</color><width>3</width></LineStyle></Style><LineString><coordinates>-71.4971333,-35.711225,0 -71.4972083,-35.7110999,0</coordinates></LineString></Placemark><Placemark><name>Trabajado - Cuartel 3 - Hilera 188</name><Style><LineStyle><color>ff00ff00</color><width>3</width></LineStyle></Style><LineString><coordinates>-71.4971883,-35.7110616,0 -71.497155,-35.7111566,0</coordinates></LineString></Placemark><Placemark><name>Trabajado - Cuartel 3 - Hilera 279</name><Style><LineStyle><color>ff00ff00</color><width>3</width></LineStyle></Style><LineString><coordinates>-71.4970116,-35.7108133,0 -71.4969083,-35.7102199,0</coordinates></LineString></Placemark><Placemark><name>Trabajado - Cuartel 3 - Hilera 280</name><Style><LineStyle><color>ff00ff00</color><width>3</width></LineStyle></Style><LineString><coordinates>-71.4968483,-35.7101483,0 -71.4969549,-35.7099833,0</coordinates></LineString></Placemark><Placemark><name>Trabajado - Cuartel 3 - Hilera 281</name><Style><LineStyle><color>ff00ff00</color><width>3</width></LineStyle></Style><LineString><coordinates>-71.4969549,-35.7099833,0 -71.496975,-35.7100716,0</coordinates></LineString></Placemark><Placemark><name>Trabajado - Cuartel 3 - Hilera 282</name><Style><LineStyle><color>ff00ff00</color><width>3</width></LineStyle></Style><LineString><coordinates>-71.496975,-35.7100716,0 -71.4969616,-35.7101616,0</coordinates></LineString></Placemark><Placemark><name>Trabajado - Cuartel 3 - Hilera 284</name><Style><LineStyle><color>ff00ff00</color><width>3</width></LineStyle></Style><LineString><coordinates>-71.4968366,-35.7101183,0 -71.4971333,-35.711125,0</coordinates></LineString></Placemark><Placemark><name>Trabajado - Cuartel 3 - Hilera 285</name><Style><LineStyle><color>ff00ff00</color><width>3</width></LineStyle></Style><LineString><coordinates>-71.4970466,-35.711085,0 -71.497605,-35.7106383,0</coordinates></LineString></Placemark><Placemark><name>Trabajado - Cuartel 3 - Hilera 625</name><Style><LineStyle><color>ff00ff00</color><width>3</width></LineStyle></Style><LineString><coordinates>-71.4976183,-35.7106616,0 -71.4970616,-35.7110233,0</coordinates></LineString></Placemark><Placemark><name>Trabajado - Cuartel 3 - Hilera 627</name><Style><LineStyle><color>ff00ff00</color><width>3</width></LineStyle></Style><LineString><coordinates>-71.497125,-35.7109916,0 -71.4969116,-35.7102133,0</coordinates></LineString></Placemark><Placemark><name>Trabajado - Cuartel 3 - Hilera 628</name><Style><LineStyle><color>ff00ff00</color><width>3</width></LineStyle></Style><LineString><coordinates>-71.4969116,-35.7102133,0 -71.4969566,-35.7100616,0</coordinates></LineString></Placemark><Placemark><name>Trabajado - Cuartel 3 - Hilera 630</name><Style><LineStyle><color>ff00ff00</color><width>3</width></LineStyle></Style><LineString><coordinates>-71.4968366,-35.710075,0 -71.4969383,-35.71094,0</coordinates></LineString></Placemark><Placemark><name>Trabajado - Cuartel 3 - Hilera 631</name><Style><LineStyle><color>ff00ff00</color><width>3</width></LineStyle></Style><LineString><coordinates>-71.4969383,-35.71094,0 -71.4969916,-35.7108533,0</coordinates></LineString></Placemark><Placemark><name>Trabajado - Cuartel 3 - Hilera 632</name><Style><LineStyle><color>ff00ff00</color><width>3</width></LineStyle></Style><LineString><coordinates>-71.49708,-35.7109383,0 -71.4971599,-35.7108716,0</coordinates></LineString></Placemark><Placemark><name>Trabajado - Cuartel 3 - Hilera 633</name><Style><LineStyle><color>ff00ff00</color><width>3</width></LineStyle></Style><LineString><coordinates>-71.4971599,-35.7108716,0 -71.497515,-35.7106716,0</coordinates></LineString></Placemark><Placemark><name>Descartado (grupo chico) - Hilera 4</name><Style><LineStyle><color>ff00ffff</color><width>3</width></LineStyle></Style><LineString><coordinates>-71.49726,-35.7111233,0 -71.5045483,-35.7202166,0</coordinates></LineString></Placemark><Placemark><name>Descartado (grupo chico) - Hilera 5</name><Style><LineStyle><color>ff00ffff</color><width>3</width></LineStyle></Style><LineString><coordinates>-71.5045483,-35.7202166,0 -71.50287,-35.7212449,0</coordinates></LineString></Placemark><Placemark><name>Descartado (grupo chico) - Hilera 256</name><Style><LineStyle><color>ff00ffff</color><width>3</width></LineStyle></Style><LineString><coordinates>-71.5038666,-35.720605,0 -71.5051633,-35.7199083,0</coordinates></LineString></Placemark><Placemark><name>Descartado (grupo chico) - Hilera 271</name><Style><LineStyle><color>ff00ffff</color><width>3</width></LineStyle></Style><LineString><coordinates>-71.5051183,-35.7199316,0 -71.5046316,-35.7203266,0</coordinates></LineString></Placemark><Placemark><name>Descartado (grupo chico) - Hilera 272</name><Style><LineStyle><color>ff00ffff</color><width>3</width></LineStyle></Style><LineString><coordinates>-71.5045733,-35.7203066,0 -71.5038,-35.7205416,0</coordinates></LineString></Placemark><Placemark><name>Descartado (grupo chico) - Hilera 6</name><Style><LineStyle><color>ff00ffff</color><width>3</width></LineStyle></Style><LineString><coordinates>-71.50287,-35.7212449,0 -71.5027583,-35.721965,0</coordinates></LineString></Placemark><Placemark><name>Trabajado - Cuartel 7 - Hilera 7</name><Style><LineStyle><color>ff00ff00</color><width>3</width></LineStyle></Style><LineString><coordinates>-71.5027583,-35.721965,0 -71.5045666,-35.7255383,0</coordinates></LineString></Placemark><Placemark><name>Trabajado - Cuartel 7 - Hilera 9</name><Style><LineStyle><color>ff00ff00</color><width>3</width></LineStyle></Style><LineString><coordinates>-71.504515,-35.7256316,0 -71.5026816,-35.7221866,0</coordinates></LineString></Placemark><Placemark><name>Trabajado - Cuartel 7 - Hilera 11</name><Style><LineStyle><color>ff00ff00</color><width>3</width></LineStyle></Style><LineString><coordinates>-71.5025699,-35.72221,0 -71.5042866,-35.72562,0</coordinates></LineString></Placemark><Placemark><name>Trabajado - Cuartel 7 - Hilera 18</name><Style><LineStyle><color>ff00ff00</color><width>3</width></LineStyle></Style><LineString><coordinates>-71.5045516,-35.7257116,0 -71.5025433,-35.7222216,0</coordinates></LineString></Placemark><Placemark><name>Trabajado - Cuartel 7 - Hilera 19</name><Style><LineStyle><color>ff00ff00</color><width>3</width></LineStyle></Style><LineString><coordinates>-71.5025433,-35.7222216,0 -71.5042133,-35.7256416,0</coordinates></LineString></Placemark><Placemark><name>Trabajado - Cuartel 7 - Hilera 21</name><Style><LineStyle><color>ff00ff00</color><width>3</width></LineStyle></Style><LineString><coordinates>-71.5041499,-35.725795,0 -71.50296586560287,-35.72323142447497,0</coordinates></LineString></Placemark><Placemark><name>Trabajado - Cuartel 7 - Hilera 26</name><Style><LineStyle><color>ff00ff00</color><width>3</width></LineStyle></Style><LineString><coordinates>-71.5024633,-35.7223349,0 -71.50419730491365,-35.72580126816584,0</coordinates></LineString></Placemark><Placemark><name>Trabajado - Cuartel 7 - Hilera 33</name><Style><LineStyle><color>ff00ff00</color><width>3</width></LineStyle></Style><LineString><coordinates>-71.504245,-35.7256733,0 -71.5029816,-35.7233116,0</coordinates></LineString></Placemark><Placemark><name>Descartado (grupo chico) - Hilera 8</name><Style><LineStyle><color>ff00ffff</color><width>3</width></LineStyle></Style><LineString><coordinates>-71.5045666,-35.7255383,0 -71.504515,-35.7256316,0</coordinates></LineString></Placemark><Placemark><name>Descartado (grupo chico) - Hilera 20</name><Style><LineStyle><color>ff00ffff</color><width>3</width></LineStyle></Style><LineString><coordinates>-71.5042133,-35.7256416,0 -71.5041499,-35.725795,0</coordinates></LineString></Placemark><Placemark><name>Descartado (grupo chico) - Hilera 10</name><Style><LineStyle><color>ff00ffff</color><width>3</width></LineStyle></Style><LineString><coordinates>-71.5026816,-35.7221866,0 -71.5025699,-35.72221,0</coordinates></LineString></Placemark><Placemark><name>Descartado (grupo chico) - Hilera 24</name><Style><LineStyle><color>ff00ffff</color><width>3</width></LineStyle></Style><LineString><coordinates>-71.5024533,-35.722435,0 -71.5026016,-35.7223733,0</coordinates></LineString></Placemark><Placemark><name>Descartado (grupo chico) - Hilera 12</name><Style><LineStyle><color>ff00ffff</color><width>3</width></LineStyle></Style><LineString><coordinates>-71.5042866,-35.72562,0 -71.50675,-35.7251116,0</coordinates></LineString></Placemark><Placemark><name>Descartado (grupo chico) - Hilera 17</name><Style><LineStyle><color>ff00ffff</color><width>3</width></LineStyle></Style><LineString><coordinates>-71.5065433,-35.7250183,0 -71.5045516,-35.7257116,0</coordinates></LineString></Placemark><Placemark><name>Descartado (grupo chico) - Hilera 27</name><Style><LineStyle><color>ff00ffff</color><width>3</width></LineStyle></Style><LineString><coordinates>-71.50422,-35.7257933,0 -71.506265,-35.7250699,0</coordinates></LineString></Placemark><Placemark><name>Descartado (grupo chico) - Hilera 32</name><Style><LineStyle><color>ff00ffff</color><width>3</width></LineStyle></Style><LineString><coordinates>-71.506635,-35.7249783,0 -71.504245,-35.7256733,0</coordinates></LineString></Placemark><Placemark><name>Descartado (grupo chico) - Hilera 13</name><Style><LineStyle><color>ff00ffff</color><width>3</width></LineStyle></Style><LineString><coordinates>-71.50675,-35.7251116,0 -71.5066916,-35.7253516,0</coordinates></LineString></Placemark><Placemark><name>Descartado (grupo chico) - Hilera 16</name><Style><LineStyle><color>ff00ffff</color><width>3</width></LineStyle></Style><LineString><coordinates>-71.5065033,-35.7253,0 -71.5065433,-35.7250183,0</coordinates></LineString></Placemark><Placemark><name>Descartado (grupo chico) - Hilera 14</name><Style><LineStyle><color>ff00ffff</color><width>3</width></LineStyle></Style><LineString><coordinates>-71.5066916,-35.7253516,0 -71.50662,-35.7252766,0</coordinates></LineString></Placemark><Placemark><name>Descartado (grupo chico) - Hilera 28</name><Style><LineStyle><color>ff00ffff</color><width>3</width></LineStyle></Style><LineString><coordinates>-71.506265,-35.7250699,0 -71.50666,-35.7253399,0</coordinates></LineString></Placemark><Placemark><name>Descartado (grupo chico) - Hilera 31</name><Style><LineStyle><color>ff00ffff</color><width>3</width></LineStyle></Style><LineString><coordinates>-71.5067333,-35.72511,0 -71.506635,-35.7249783,0</coordinates></LineString></Placemark><Placemark><name>Descartado (grupo chico) - Hilera 15</name><Style><LineStyle><color>ff00ffff</color><width>3</width></LineStyle></Style><LineString><coordinates>-71.50662,-35.7252766,0 -71.5065033,-35.7253,0</coordinates></LineString></Placemark><Placemark><name>Descartado (grupo chico) - Hilera 29</name><Style><LineStyle><color>ff00ffff</color><width>3</width></LineStyle></Style><LineString><coordinates>-71.5065966,-35.72532,0 -71.5063566,-35.72535,0</coordinates></LineString></Placemark><Placemark><name>Descartado (grupo chico) - Hilera 22</name><Style><LineStyle><color>ff00ffff</color><width>3</width></LineStyle></Style><LineString><coordinates>-71.5029499,-35.7232366,0 -71.5028533,-35.72318,0</coordinates></LineString></Placemark><Placemark><name>Descartado (grupo chico) - Hilera 23</name><Style><LineStyle><color>ff00ffff</color><width>3</width></LineStyle></Style><LineString><coordinates>-71.5028533,-35.72318,0 -71.5024533,-35.722435,0</coordinates></LineString></Placemark><Placemark><name>Descartado (grupo chico) - Hilera 35</name><Style><LineStyle><color>ff00ffff</color><width>3</width></LineStyle></Style><LineString><coordinates>-71.5028566,-35.7232933,0 -71.5024216,-35.7223816,0</coordinates></LineString></Placemark><Placemark><name>Descartado (grupo chico) - Hilera 37</name><Style><LineStyle><color>ff00ffff</color><width>3</width></LineStyle></Style><LineString><coordinates>-71.5024016,-35.72258,0 -71.5027266,-35.72331,0</coordinates></LineString></Placemark><Placemark><name>Descartado (grupo chico) - Hilera 25</name><Style><LineStyle><color>ff00ffff</color><width>3</width></LineStyle></Style><LineString><coordinates>-71.5026016,-35.7223733,0 -71.5024633,-35.7223349,0</coordinates></LineString></Placemark><Placemark><name>Descartado (grupo chico) - Hilera 30</name><Style><LineStyle><color>ff00ffff</color><width>3</width></LineStyle></Style><LineString><coordinates>-71.5063566,-35.72535,0 -71.5067333,-35.72511,0</coordinates></LineString></Placemark><Placemark><name>Descartado (grupo chico) - Hilera 34</name><Style><LineStyle><color>ff00ffff</color><width>3</width></LineStyle></Style><LineString><coordinates>-71.5029816,-35.7233116,0 -71.5028566,-35.7232933,0</coordinates></LineString></Placemark><Placemark><name>Descartado (grupo chico) - Hilera 36</name><Style><LineStyle><color>ff00ffff</color><width>3</width></LineStyle></Style><LineString><coordinates>-71.5024216,-35.7223816,0 -71.5024016,-35.72258,0</coordinates></LineString></Placemark><Placemark><name>Descartado (grupo chico) - Hilera 38</name><Style><LineStyle><color>ff00ffff</color><width>3</width></LineStyle></Style><LineString><coordinates>-71.5027266,-35.72331,0 -71.4996483,-35.7177466,0</coordinates></LineString></Placemark><Placemark><name>Trabajado - Cuartel 39 - Hilera 39</name><Style><LineStyle><color>ff00ff00</color><width>3</width></LineStyle></Style><LineString><coordinates>-71.4996483,-35.7177466,0 -71.49868251957751,-35.717646736329705,0</coordinates></LineString></Placemark><Placemark><name>Trabajado - Cuartel 39 - Hilera 40</name><Style><LineStyle><color>ff00ff00</color><width>3</width></LineStyle></Style><LineString><coordinates>-71.4990516,-35.7176849,0 -71.4988833,-35.71773,0</coordinates></LineString></Placemark><Placemark><name>Trabajado - Cuartel 39 - Hilera 41</name><Style><LineStyle><color>ff00ff00</color><width>3</width></LineStyle></Style><LineString><coordinates>-71.4989416,-35.7177549,0 -71.49970540132755,-35.71770787512089,0</coordinates></LineString></Placemark><Placemark><name>Trabajado - Cuartel 39 - Hilera 55</name><Style><LineStyle><color>ff00ff00</color><width>3</width></LineStyle></Style><LineString><coordinates>-71.50083,-35.7151683,0 -71.500935,-35.715085,0</coordinates></LineString></Placemark><Placemark><name>Trabajado - Cuartel 39 - Hilera 60</name><Style><LineStyle><color>ff00ff00</color><width>3</width></LineStyle></Style><LineString><coordinates>-71.500935,-35.7149633,0 -71.499905,-35.7156616,0</coordinates></LineString></Placemark><Placemark><name>Trabajado - Cuartel 39 - Hilera 61</name><Style><LineStyle><color>ff00ff00</color><width>3</width></LineStyle></Style><LineString><coordinates>-71.499905,-35.7156616,0 -71.50039,-35.7169316,0</coordinates></LineString></Placemark><Placemark><name>Trabajado - Cuartel 39 - Hilera 62</name><Style><LineStyle><color>ff00ff00</color><width>3</width></LineStyle></Style><LineString><coordinates>-71.50047332026665,-35.716914246521554,0 -71.49951150169022,-35.71711456870737,0</coordinates></LineString></Placemark><Placemark><name>Trabajado - Cuartel 39 - Hilera 64</name><Style><LineStyle><color>ff00ff00</color><width>3</width></LineStyle></Style><LineString><coordinates>-71.4995983,-35.7177733,0 -71.49868581365104,-35.717626353848914,0</coordinates></LineString></Placemark><Placemark><name>Trabajado - Cuartel 39 - Hilera 65</name><Style><LineStyle><color>ff00ff00</color><width>3</width></LineStyle></Style><LineString><coordinates>-71.4988016,-35.717645,0 -71.4993416,-35.7177899,0</coordinates></LineString></Placemark><Placemark><name>Trabajado - Cuartel 39 - Hilera 66</name><Style><LineStyle><color>ff00ff00</color><width>3</width></LineStyle></Style><LineString><coordinates>-71.4993416,-35.7177899,0 -71.4996633,-35.7175983,0</coordinates></LineString></Placemark><Placemark><name>Trabajado - Cuartel 39 - Hilera 68</name><Style><LineStyle><color>ff00ff00</color><width>3</width></LineStyle></Style><LineString><coordinates>-71.499545,-35.7171016,0 -71.5005666,-35.7167616,0</coordinates></LineString></Placemark><Placemark><name>Trabajado - Cuartel 39 - Hilera 69</name><Style><LineStyle><color>ff00ff00</color><width>3</width></LineStyle></Style><LineString><coordinates>-71.5005666,-35.7167616,0 -71.5005416,-35.7165466,0</coordinates></LineString></Placemark><Placemark><name>Trabajado - Cuartel 39 - Hilera 70</name><Style><LineStyle><color>ff00ff00</color><width>3</width></LineStyle></Style><LineString><coordinates>-71.5005416,-35.7165466,0 -71.49993,-35.7157866,0</coordinates></LineString></Placemark><Placemark><name>Trabajado - Cuartel 39 - Hilera 71</name><Style><LineStyle><color>ff00ff00</color><width>3</width></LineStyle></Style><LineString><coordinates>-71.49993,-35.7157866,0 -71.49993419290116,-35.71563845082524,0</coordinates></LineString></Placemark><Placemark><name>Trabajado - Cuartel 39 - Hilera 72</name><Style><LineStyle><color>ff00ff00</color><width>3</width></LineStyle></Style><LineString><coordinates>-71.4999333,-35.71567,0 -71.5006966,-35.7151999,0</coordinates></LineString></Placemark><Placemark><name>Trabajado - Cuartel 39 - Hilera 83</name><Style><LineStyle><color>ff00ff00</color><width>3</width></LineStyle></Style><LineString><coordinates>-71.50037,-35.7152983,0 -71.4999416,-35.7158133,0</coordinates></LineString></Placemark><Placemark><name>Trabajado - Cuartel 39 - Hilera 84</name><Style><LineStyle><color>ff00ff00</color><width>3</width></LineStyle></Style><LineString><coordinates>-71.4999416,-35.7158133,0 -71.5005166,-35.716585,0</coordinates></LineString></Placemark><Placemark><name>Trabajado - Cuartel 39 - Hilera 85</name><Style><LineStyle><color>ff00ff00</color><width>3</width></LineStyle></Style><LineString><coordinates>-71.5005166,-35.716585,0 -71.5004666,-35.7168916,0</coordinates></LineString></Placemark><Placemark><name>Trabajado - Cuartel 39 - Hilera 87</name><Style><LineStyle><color>ff00ff00</color><width>3</width></LineStyle></Style><LineString><coordinates>-71.49962,-35.7177333,0 -71.4987566,-35.7176266,0</coordinates></LineString></Placemark><Placemark><name>Trabajado - Cuartel 39 - Hilera 88</name><Style><LineStyle><color>ff00ff00</color><width>3</width></LineStyle></Style><LineString><coordinates>-71.4987566,-35.7176266,0 -71.4990633,-35.7177683,0</coordinates></LineString></Placemark><Placemark><name>Trabajado - Cuartel 39 - Hilera 89</name><Style><LineStyle><color>ff00ff00</color><width>3</width></LineStyle></Style><LineString><coordinates>-71.4990633,-35.7177683,0 -71.4996383,-35.717735,0</coordinates></LineString></Placemark><Placemark><name>Trabajado - Cuartel 39 - Hilera 91</name><Style><LineStyle><color>ff00ff00</color><width>3</width></LineStyle></Style><LineString><coordinates>-71.4995966,-35.7171283,0 -71.5004283,-35.7169316,0</coordinates></LineString></Placemark><Placemark><name>Trabajado - Cuartel 39 - Hilera 92</name><Style><LineStyle><color>ff00ff00</color><width>3</width></LineStyle></Style><LineString><coordinates>-71.5004283,-35.7169316,0 -71.5005166,-35.71664,0</coordinates></LineString></Placemark><Placemark><name>Trabajado - Cuartel 39 - Hilera 93</name><Style><LineStyle><color>ff00ff00</color><width>3</width></LineStyle></Style><LineString><coordinates>-71.5005166,-35.71664,0 -71.4996516,-35.715565,0</coordinates></LineString></Placemark><Placemark><name>Trabajado - Cuartel 39 - Hilera 106</name><Style><LineStyle><color>ff00ff00</color><width>3</width></LineStyle></Style><LineString><coordinates>-71.5011033,-35.7150466,0 -71.5011583,-35.7149549,0</coordinates></LineString></Placemark><Placemark><name>Trabajado - Cuartel 39 - Hilera 118</name><Style><LineStyle><color>ff00ff00</color><width>3</width></LineStyle></Style><LineString><coordinates>-71.5008283,-35.7150983,0 -71.4999266,-35.7156383,0</coordinates></LineString></Placemark><Placemark><name>Trabajado - Cuartel 39 - Hilera 119</name><Style><LineStyle><color>ff00ff00</color><width>3</width></LineStyle></Style><LineString><coordinates>-71.4999316,-35.71572,0 -71.5005466,-35.7164783,0</coordinates></LineString></Placemark><Placemark><name>Trabajado - Cuartel 39 - Hilera 120</name><Style><LineStyle><color>ff00ff00</color><width>3</width></LineStyle></Style><LineString><coordinates>-71.5005466,-35.7164783,0 -71.5001633,-35.7170299,0</coordinates></LineString></Placemark><Placemark><name>Trabajado - Cuartel 39 - Hilera 121</name><Style><LineStyle><color>ff00ff00</color><width>3</width></LineStyle></Style><LineString><coordinates>-71.50027656504015,-35.71700039799657,0 -71.4995233,-35.7171966,0</coordinates></LineString></Placemark><Placemark><name>Trabajado - Cuartel 39 - Hilera 124</name><Style><LineStyle><color>ff00ff00</color><width>3</width></LineStyle></Style><LineString><coordinates>-71.4987883,-35.71772,0 -71.4996683,-35.7177283,0</coordinates></LineString></Placemark><Placemark><name>Trabajado - Cuartel 39 - Hilera 127</name><Style><LineStyle><color>ff00ff00</color><width>3</width></LineStyle></Style><LineString><coordinates>-71.4995566,-35.71707,0 -71.500495,-35.71687,0</coordinates></LineString></Placemark><Placemark><name>Trabajado - Cuartel 39 - Hilera 128</name><Style><LineStyle><color>ff00ff00</color><width>3</width></LineStyle></Style><LineString><coordinates>-71.500495,-35.71687,0 -71.5006066,-35.7167216,0</coordinates></LineString></Placemark><Placemark><name>Trabajado - Cuartel 39 - Hilera 129</name><Style><LineStyle><color>ff00ff00</color><width>3</width></LineStyle></Style><LineString><coordinates>-71.5006066,-35.7167216,0 -71.4999733,-35.7156916,0</coordinates></LineString></Placemark><Placemark><name>Trabajado - Cuartel 39 - Hilera 130</name><Style><LineStyle><color>ff00ff00</color><width>3</width></LineStyle></Style><LineString><coordinates>-71.4999733,-35.7156916,0 -71.5013183,-35.7148549,0</coordinates></LineString></Placemark><Placemark><name>Trabajado - Cuartel 39 - Hilera 131</name><Style><LineStyle><color>ff00ff00</color><width>3</width></LineStyle></Style><LineString><coordinates>-71.5013183,-35.7148549,0 -71.5012416,-35.7149366,0</coordinates></LineString></Placemark><Placemark><name>Trabajado - Cuartel 39 - Hilera 137</name><Style><LineStyle><color>ff00ff00</color><width>3</width></LineStyle></Style><LineString><coordinates>-71.5013516,-35.7149633,0 -71.500025,-35.7157783,0</coordinates></LineString></Placemark><Placemark><name>Trabajado - Cuartel 39 - Hilera 138</name><Style><LineStyle><color>ff00ff00</color><width>3</width></LineStyle></Style><LineString><coordinates>-71.500025,-35.7157783,0 -71.5005583,-35.7165749,0</coordinates></LineString></Placemark><Placemark><name>Trabajado - Cuartel 39 - Hilera 139</name><Style><LineStyle><color>ff00ff00</color><width>3</width></LineStyle></Style><LineString><coordinates>-71.5005583,-35.7165749,0 -71.4992666,-35.7177616,0</coordinates></LineString></Placemark><Placemark><name>Trabajado - Cuartel 39 - Hilera 140</name><Style><LineStyle><color>ff00ff00</color><width>3</width></LineStyle></Style><LineString><coordinates>-71.49932446465623,-35.71777207549811,0 -71.4986866,-35.7176566,0</coordinates></LineString></Placemark><Placemark><name>Trabajado - Cuartel 39 - Hilera 141</name><Style><LineStyle><color>ff00ff00</color><width>3</width></LineStyle></Style><LineString><coordinates>-71.499325,-35.71777,0 -71.5005533,-35.7165216,0</coordinates></LineString></Placemark><Placemark><name>Trabajado - Cuartel 39 - Hilera 142</name><Style><LineStyle><color>ff00ff00</color><width>3</width></LineStyle></Style><LineString><coordinates>-71.5005533,-35.7165216,0 -71.4999183,-35.7157966,0</coordinates></LineString></Placemark><Placemark><name>Trabajado - Cuartel 39 - Hilera 143</name><Style><LineStyle><color>ff00ff00</color><width>3</width></LineStyle></Style><LineString><coordinates>-71.4999183,-35.7157966,0 -71.499905,-35.7157216,0</coordinates></LineString></Placemark><Placemark><name>Trabajado - Cuartel 39 - Hilera 144</name><Style><LineStyle><color>ff00ff00</color><width>3</width></LineStyle></Style><LineString><coordinates>-71.499905,-35.7157216,0 -71.5012783,-35.7148316,0</coordinates></LineString></Placemark><Placemark><name>Trabajado - Cuartel 39 - Hilera 155</name><Style><LineStyle><color>ff00ff00</color><width>3</width></LineStyle></Style><LineString><coordinates>-71.50056,-35.7168066,0 -71.4997783,-35.7170933,0</coordinates></LineString></Placemark><Placemark><name>Trabajado - Cuartel 39 - Hilera 157</name><Style><LineStyle><color>ff00ff00</color><width>3</width></LineStyle></Style><LineString><coordinates>-71.4996733,-35.7176399,0 -71.4987116,-35.7176666,0</coordinates></LineString></Placemark><Placemark><name>Trabajado - Cuartel 39 - Hilera 158</name><Style><LineStyle><color>ff00ff00</color><width>3</width></LineStyle></Style><LineString><coordinates>-71.49867466314637,-35.71765664276734,0 -71.4991816,-35.7177933,0</coordinates></LineString></Placemark><Placemark><name>Trabajado - Cuartel 39 - Hilera 159</name><Style><LineStyle><color>ff00ff00</color><width>3</width></LineStyle></Style><LineString><coordinates>-71.4991816,-35.7177933,0 -71.50059295436185,-35.71672064568869,0</coordinates></LineString></Placemark><Placemark><name>Trabajado - Cuartel 39 - Hilera 162</name><Style><LineStyle><color>ff00ff00</color><width>3</width></LineStyle></Style><LineString><coordinates>-71.5001033,-35.717095,0 -71.5005633,-35.7166933,0</coordinates></LineString></Placemark><Placemark><name>Trabajado - Cuartel 39 - Hilera 163</name><Style><LineStyle><color>ff00ff00</color><width>3</width></LineStyle></Style><LineString><coordinates>-71.5005633,-35.7166933,0 -71.4994033,-35.7157583,0</coordinates></LineString></Placemark><Placemark><name>Trabajado - Cuartel 39 - Hilera 164</name><Style><LineStyle><color>ff00ff00</color><width>3</width></LineStyle></Style><LineString><coordinates>-71.4994033,-35.7157583,0 -71.4994516,-35.7156633,0</coordinates></LineString></Placemark><Placemark><name>Trabajado - Cuartel 39 - Hilera 165</name><Style><LineStyle><color>ff00ff00</color><width>3</width></LineStyle></Style><LineString><coordinates>-71.4994516,-35.7156633,0 -71.4995083,-35.7157616,0</coordinates></LineString></Placemark><Placemark><name>Trabajado - Cuartel 39 - Hilera 170</name><Style><LineStyle><color>ff00ff00</color><width>3</width></LineStyle></Style><LineString><coordinates>-71.4996449,-35.7156883,0 -71.4996033,-35.7158733,0</coordinates></LineString></Placemark><Placemark><name>Trabajado - Cuartel 39 - Hilera 171</name><Style><LineStyle><color>ff00ff00</color><width>3</width></LineStyle></Style><LineString><coordinates>-71.4996033,-35.7158733,0 -71.4995699,-35.7156416,0</coordinates></LineString></Placemark><Placemark><name>Trabajado - Cuartel 39 - Hilera 178</name><Style><LineStyle><color>ff00ff00</color><width>3</width></LineStyle></Style><LineString><coordinates>-71.5005483,-35.7167266,0 -71.5002733,-35.7169916,0</coordinates></LineString></Placemark><Placemark><name>Trabajado - Cuartel 39 - Hilera 180</name><Style><LineStyle><color>ff00ff00</color><width>3</width></LineStyle></Style><LineString><coordinates>-71.4996133,-35.7177966,0 -71.4986766,-35.7176516,0</coordinates></LineString></Placemark><Placemark><name>Trabajado - Cuartel 39 - Hilera 182</name><Style><LineStyle><color>ff00ff00</color><width>3</width></LineStyle></Style><LineString><coordinates>-71.4999316,-35.7170816,0 -71.50054,-35.7168166,0</coordinates></LineString></Placemark><Placemark><name>Trabajado - Cuartel 39 - Hilera 183</name><Style><LineStyle><color>ff00ff00</color><width>3</width></LineStyle></Style><LineString><coordinates>-71.50054,-35.7168166,0 -71.5005483,-35.7165266,0</coordinates></LineString></Placemark><Placemark><name>Trabajado - Cuartel 39 - Hilera 192</name><Style><LineStyle><color>ff00ff00</color><width>3</width></LineStyle></Style><LineString><coordinates>-71.4999349,-35.715525,0 -71.5000233,-35.7152983,0</coordinates></LineString></Placemark><Placemark><name>Trabajado - Cuartel 39 - Hilera 202</name><Style><LineStyle><color>ff00ff00</color><width>3</width></LineStyle></Style><LineString><coordinates>-71.5002583,-35.71539,0 -71.5004,-35.7152516,0</coordinates></LineString></Placemark><Placemark><name>Trabajado - Cuartel 39 - Hilera 205</name><Style><LineStyle><color>ff00ff00</color><width>3</width></LineStyle></Style><LineString><coordinates>-71.5004683,-35.7167899,0 -71.4995166,-35.7170833,0</coordinates></LineString></Placemark><Placemark><name>Trabajado - Cuartel 39 - Hilera 207</name><Style><LineStyle><color>ff00ff00</color><width>3</width></LineStyle></Style><LineString><coordinates>-71.4995416,-35.7170883,0 -71.5002083,-35.7170033,0</coordinates></LineString></Placemark><Placemark><name>Trabajado - Cuartel 39 - Hilera 208</name><Style><LineStyle><color>ff00ff00</color><width>3</width></LineStyle></Style><LineString><coordinates>-71.500585,-35.7167133,0 -71.4999283,-35.715655,0</coordinates></LineString></Placemark><Placemark><name>Trabajado - Cuartel 39 - Hilera 209</name><Style><LineStyle><color>ff00ff00</color><width>3</width></LineStyle></Style><LineString><coordinates>-71.4999283,-35.715655,0 -71.5002049,-35.71543,0</coordinates></LineString></Placemark><Placemark><name>Trabajado - Cuartel 39 - Hilera 210</name><Style><LineStyle><color>ff00ff00</color><width>3</width></LineStyle></Style><LineString><coordinates>-71.5002049,-35.71543,0 -71.5002083,-35.715255,0</coordinates></LineString></Placemark><Placemark><name>Trabajado - Cuartel 39 - Hilera 218</name><Style><LineStyle><color>ff00ff00</color><width>3</width></LineStyle></Style><LineString><coordinates>-71.5005999,-35.7152299,0 -71.5007566,-35.7150399,0</coordinates></LineString></Placemark><Placemark><name>Trabajado - Cuartel 39 - Hilera 221</name><Style><LineStyle><color>ff00ff00</color><width>3</width></LineStyle></Style><LineString><coordinates>-71.500565,-35.715165,0 -71.5006466,-35.7150566,0</coordinates></LineString></Placemark><Placemark><name>Trabajado - Cuartel 39 - Hilera 227</name><Style><LineStyle><color>ff00ff00</color><width>3</width></LineStyle></Style><LineString><coordinates>-71.5008633,-35.7150433,0 -71.5009983,-35.714835,0</coordinates></LineString></Placemark><Placemark><name>Trabajado - Cuartel 39 - Hilera 231</name><Style><LineStyle><color>ff00ff00</color><width>3</width></LineStyle></Style><LineString><coordinates>-71.5008566,-35.71487,0 -71.5008216,-35.7149516,0</coordinates></LineString></Placemark><Placemark><name>Trabajado - Cuartel 39 - Hilera 240</name><Style><LineStyle><color>ff00ff00</color><width>3</width></LineStyle></Style><LineString><coordinates>-71.50124,-35.7148666,0 -71.5012499,-35.7147683,0</coordinates></LineString></Placemark><Placemark><name>Trabajado - Cuartel 39 - Hilera 244</name><Style><LineStyle><color>ff00ff00</color><width>3</width></LineStyle></Style><LineString><coordinates>-71.50067,-35.7151733,0 -71.499945,-35.7156416,0</coordinates></LineString></Placemark><Placemark><name>Trabajado - Cuartel 39 - Hilera 245</name><Style><LineStyle><color>ff00ff00</color><width>3</width></LineStyle></Style><LineString><coordinates>-71.499945,-35.7156416,0 -71.50062,-35.7166266,0</coordinates></LineString></Placemark><Placemark><name>Trabajado - Cuartel 39 - Hilera 246</name><Style><LineStyle><color>ff00ff00</color><width>3</width></LineStyle></Style><LineString><coordinates>-71.50062,-35.7166266,0 -71.50055,-35.71683,0</coordinates></LineString></Placemark><Placemark><name>Trabajado - Cuartel 39 - Hilera 247</name><Style><LineStyle><color>ff00ff00</color><width>3</width></LineStyle></Style><LineString><coordinates>-71.50055,-35.71683,0 -71.4995249,-35.7171166,0</coordinates></LineString></Placemark><Placemark><name>Trabajado - Cuartel 39 - Hilera 249</name><Style><LineStyle><color>ff00ff00</color><width>3</width></LineStyle></Style><LineString><coordinates>-71.4996983,-35.7176883,0 -71.49958,-35.71778,0</coordinates></LineString></Placemark><Placemark><name>Trabajado - Cuartel 39 - Hilera 250</name><Style><LineStyle><color>ff00ff00</color><width>3</width></LineStyle></Style><LineString><coordinates>-71.49958,-35.71778,0 -71.49856433407072,-35.71765414300753,0</coordinates></LineString></Placemark><Placemark><name>Trabajado - Cuartel 39 - Hilera 251</name><Style><LineStyle><color>ff00ff00</color><width>3</width></LineStyle></Style><LineString><coordinates>-71.4986116,-35.71766,0 -71.4987833,-35.7177516,0</coordinates></LineString></Placemark><Placemark><name>Trabajado - Cuartel 39 - Hilera 252</name><Style><LineStyle><color>ff00ff00</color><width>3</width></LineStyle></Style><LineString><coordinates>-71.4985612409602,-35.717747719205875,0 -71.4996416,-35.7177666,0</coordinates></LineString></Placemark><Placemark><name>Trabajado - Cuartel 39 - Hilera 254</name><Style><LineStyle><color>ff00ff00</color><width>3</width></LineStyle></Style><LineString><coordinates>-71.4995433,-35.7171516,0 -71.5008266,-35.7170466,0</coordinates></LineString></Placemark><Placemark><name>Trabajado - Cuartel 39 - Hilera 274</name><Style><LineStyle><color>ff00ff00</color><width>3</width></LineStyle></Style><LineString><coordinates>-71.500595,-35.716915,0 -71.4995249,-35.71709,0</coordinates></LineString></Placemark><Placemark><name>Trabajado - Cuartel 39 - Hilera 276</name><Style><LineStyle><color>ff00ff00</color><width>3</width></LineStyle></Style><LineString><coordinates>-71.5000933,-35.7161283,0 -71.49996,-35.7160633,0</coordinates></LineString></Placemark><Placemark><name>Trabajado - Cuartel 42 - Hilera 42</name><Style><LineStyle><color>ff00ff00</color><width>3</width></LineStyle></Style><LineString><coordinates>-71.4996449,-35.7177116,0 -71.49968,-35.71758,0</coordinates></LineString></Placemark><Placemark><name>Trabajado - Cuartel 42 - Hilera 63</name><Style><LineStyle><color>ff00ff00</color><width>3</width></LineStyle></Style><LineString><coordinates>-71.4995416,-35.7171083,0 -71.4995983,-35.7177733,0</coordinates></LineString></Placemark><Placemark><name>Trabajado - Cuartel 42 - Hilera 67</name><Style><LineStyle><color>ff00ff00</color><width>3</width></LineStyle></Style><LineString><coordinates>-71.49966794955608,-35.717617821847064,0 -71.49954182341817,-35.71708826265264,0</coordinates></LineString></Placemark><Placemark><name>Trabajado - Cuartel 42 - Hilera 86</name><Style><LineStyle><color>ff00ff00</color><width>3</width></LineStyle></Style><LineString><coordinates>-71.4996216,-35.7170933,0 -71.49962,-35.7177333,0</coordinates></LineString></Placemark><Placemark><name>Trabajado - Cuartel 42 - Hilera 90</name><Style><LineStyle><color>ff00ff00</color><width>3</width></LineStyle></Style><LineString><coordinates>-71.4996383,-35.717735,0 -71.4995966,-35.7171283,0</coordinates></LineString></Placemark><Placemark><name>Trabajado - Cuartel 42 - Hilera 122</name><Style><LineStyle><color>ff00ff00</color><width>3</width></LineStyle></Style><LineString><coordinates>-71.4995233,-35.7171966,0 -71.499415,-35.7177433,0</coordinates></LineString></Placemark><Placemark><name>Trabajado - Cuartel 42 - Hilera 125</name><Style><LineStyle><color>ff00ff00</color><width>3</width></LineStyle></Style><LineString><coordinates>-71.49965485315464,-35.717769626638045,0 -71.4997133,-35.71759,0</coordinates></LineString></Placemark><Placemark><name>Trabajado - Cuartel 42 - Hilera 126</name><Style><LineStyle><color>ff00ff00</color><width>3</width></LineStyle></Style><LineString><coordinates>-71.4997133,-35.71759,0 -71.4995566,-35.71707,0</coordinates></LineString></Placemark><Placemark><name>Trabajado - Cuartel 42 - Hilera 156</name><Style><LineStyle><color>ff00ff00</color><width>3</width></LineStyle></Style><LineString><coordinates>-71.4997783,-35.7170933,0 -71.49965220213949,-35.71774972943388,0</coordinates></LineString></Placemark><Placemark><name>Trabajado - Cuartel 42 - Hilera 160</name><Style><LineStyle><color>ff00ff00</color><width>3</width></LineStyle></Style><LineString><coordinates>-71.49957805800715,-35.717756569394886,0 -71.499715,-35.7169966,0</coordinates></LineString></Placemark><Placemark><name>Trabajado - Cuartel 42 - Hilera 179</name><Style><LineStyle><color>ff00ff00</color><width>3</width></LineStyle></Style><LineString><coordinates>-71.49952,-35.7171799,0 -71.4996133,-35.7177966,0</coordinates></LineString></Placemark><Placemark><name>Trabajado - Cuartel 42 - Hilera 181</name><Style><LineStyle><color>ff00ff00</color><width>3</width></LineStyle></Style><LineString><coordinates>-71.499705,-35.7177033,0 -71.4999316,-35.7170816,0</coordinates></LineString></Placemark><Placemark><name>Trabajado - Cuartel 42 - Hilera 206</name><Style><LineStyle><color>ff00ff00</color><width>3</width></LineStyle></Style><LineString><coordinates>-71.4995166,-35.7170833,0 -71.49949615302346,-35.71777849720268,0</coordinates></LineString></Placemark><Placemark><name>Trabajado - Cuartel 42 - Hilera 248</name><Style><LineStyle><color>ff00ff00</color><width>3</width></LineStyle></Style><LineString><coordinates>-71.49952360899164,-35.717112343543945,0 -71.4996983,-35.7176883,0</coordinates></LineString></Placemark><Placemark><name>Trabajado - Cuartel 42 - Hilera 253</name><Style><LineStyle><color>ff00ff00</color><width>3</width></LineStyle></Style><LineString><coordinates>-71.4997016,-35.7175933,0 -71.4995433,-35.7171516,0</coordinates></LineString></Placemark><Placemark><name>Descartado (grupo chico) - Hilera 43</name><Style><LineStyle><color>ff00ffff</color><width>3</width></LineStyle></Style><LineString><coordinates>-71.49968,-35.71758,0 -71.49854,-35.7154616,0</coordinates></LineString></Placemark><Placemark><name>Descartado (grupo chico) - Hilera 44</name><Style><LineStyle><color>ff00ffff</color><width>3</width></LineStyle></Style><LineString><coordinates>-71.49854,-35.7154616,0 -71.4974683,-35.7151466,0</coordinates></LineString></Placemark><Placemark><name>Descartado (grupo chico) - Hilera 45</name><Style><LineStyle><color>ff00ffff</color><width>3</width></LineStyle></Style><LineString><coordinates>-71.4974683,-35.7151466,0 -71.49466,-35.7118066,0</coordinates></LineString></Placemark><Placemark><name>Descartado (grupo chico) - Hilera 46</name><Style><LineStyle><color>ff00ffff</color><width>3</width></LineStyle></Style><LineString><coordinates>-71.49466,-35.7118066,0 -71.496685,-35.7110183,0</coordinates></LineString></Placemark><Placemark><name>Trabajado - Cuartel 53 - Hilera 53</name><Style><LineStyle><color>ff00ff00</color><width>3</width></LineStyle></Style><LineString><coordinates>-71.4980216,-35.7118816,0 -71.500655,-35.71512,0</coordinates></LineString></Placemark><Placemark><name>Trabajado - Cuartel 53 - Hilera 57</name><Style><LineStyle><color>ff00ff00</color><width>3</width></LineStyle></Style><LineString><coordinates>-71.499715,-35.7135433,0 -71.498145,-35.7116766,0</coordinates></LineString></Placemark><Placemark><name>Trabajado - Cuartel 53 - Hilera 59</name><Style><LineStyle><color>ff00ff00</color><width>3</width></LineStyle></Style><LineString><coordinates>-71.498195,-35.7116666,0 -71.500935,-35.7149633,0</coordinates></LineString></Placemark><Placemark><name>Trabajado - Cuartel 53 - Hilera 73</name><Style><LineStyle><color>ff00ff00</color><width>3</width></LineStyle></Style><LineString><coordinates>-71.5006966,-35.7151999,0 -71.4979983,-35.7117983,0</coordinates></LineString></Placemark><Placemark><name>Trabajado - Cuartel 53 - Hilera 75</name><Style><LineStyle><color>ff00ff00</color><width>3</width></LineStyle></Style><LineString><coordinates>-71.4982033,-35.7118833,0 -71.4995566,-35.7135766,0</coordinates></LineString></Placemark><Placemark><name>Trabajado - Cuartel 53 - Hilera 77</name><Style><LineStyle><color>ff00ff00</color><width>3</width></LineStyle></Style><LineString><coordinates>-71.4996566,-35.7136316,0 -71.4998266,-35.7139733,0</coordinates></LineString></Placemark><Placemark><name>Trabajado - Cuartel 53 - Hilera 80</name><Style><LineStyle><color>ff00ff00</color><width>3</width></LineStyle></Style><LineString><coordinates>-71.500675,-35.7150466,0 -71.4980466,-35.71181,0</coordinates></LineString></Placemark><Placemark><name>Trabajado - Cuartel 53 - Hilera 82</name><Style><LineStyle><color>ff00ff00</color><width>3</width></LineStyle></Style><LineString><coordinates>-71.4976616,-35.7118666,0 -71.50037,-35.7152983,0</coordinates></LineString></Placemark><Placemark><name>Trabajado - Cuartel 53 - Hilera 94</name><Style><LineStyle><color>ff00ff00</color><width>3</width></LineStyle></Style><LineString><coordinates>-71.4996616,-35.715525,0 -71.4970549,-35.7122683,0</coordinates></LineString></Placemark><Placemark><name>Trabajado - Cuartel 53 - Hilera 104</name><Style><LineStyle><color>ff00ff00</color><width>3</width></LineStyle></Style><LineString><coordinates>-71.49837,-35.711675,0 -71.49914527672821,-35.712687062964115,0</coordinates></LineString></Placemark><Placemark><name>Trabajado - Cuartel 53 - Hilera 105</name><Style><LineStyle><color>ff00ff00</color><width>3</width></LineStyle></Style><LineString><coordinates>-71.49837150706409,-35.711767418819306,0 -71.5011033,-35.7150466,0</coordinates></LineString></Placemark><Placemark><name>Trabajado - Cuartel 53 - Hilera 108</name><Style><LineStyle><color>ff00ff00</color><width>3</width></LineStyle></Style><LineString><coordinates>-71.5002066,-35.7136933,0 -71.5001883,-35.7135666,0</coordinates></LineString></Placemark><Placemark><name>Trabajado - Cuartel 53 - Hilera 109</name><Style><LineStyle><color>ff00ff00</color><width>3</width></LineStyle></Style><LineString><coordinates>-71.5001883,-35.7135666,0 -71.4993183,-35.7124483,0</coordinates></LineString></Placemark><Placemark><name>Trabajado - Cuartel 53 - Hilera 110</name><Style><LineStyle><color>ff00ff00</color><width>3</width></LineStyle></Style><LineString><coordinates>-71.4993183,-35.7124483,0 -71.4986116,-35.7117049,0</coordinates></LineString></Placemark><Placemark><name>Trabajado - Cuartel 53 - Hilera 116</name><Style><LineStyle><color>ff00ff00</color><width>3</width></LineStyle></Style><LineString><coordinates>-71.4979833,-35.7117299,0 -71.4985916,-35.712285,0</coordinates></LineString></Placemark><Placemark><name>Trabajado - Cuartel 53 - Hilera 117</name><Style><LineStyle><color>ff00ff00</color><width>3</width></LineStyle></Style><LineString><coordinates>-71.4985916,-35.712285,0 -71.5008283,-35.7150983,0</coordinates></LineString></Placemark><Placemark><name>Trabajado - Cuartel 53 - Hilera 133</name><Style><LineStyle><color>ff00ff00</color><width>3</width></LineStyle></Style><LineString><coordinates>-71.5003516,-35.7138549,0 -71.4985216,-35.7117883,0</coordinates></LineString></Placemark><Placemark><name>Trabajado - Cuartel 53 - Hilera 135</name><Style><LineStyle><color>ff00ff00</color><width>3</width></LineStyle></Style><LineString><coordinates>-71.4981633,-35.7116866,0 -71.5006499,-35.7139916,0</coordinates></LineString></Placemark><Placemark><name>Trabajado - Cuartel 53 - Hilera 145</name><Style><LineStyle><color>ff00ff00</color><width>3</width></LineStyle></Style><LineString><coordinates>-71.501255,-35.714895,0 -71.4991566,-35.7122783,0</coordinates></LineString></Placemark><Placemark><name>Trabajado - Cuartel 53 - Hilera 151</name><Style><LineStyle><color>ff00ff00</color><width>3</width></LineStyle></Style><LineString><coordinates>-71.4965966,-35.7125166,0 -71.4987333,-35.7151933,0</coordinates></LineString></Placemark><Placemark><name>Trabajado - Cuartel 53 - Hilera 153</name><Style><LineStyle><color>ff00ff00</color><width>3</width></LineStyle></Style><LineString><coordinates>-71.49889,-35.7152883,0 -71.4966083,-35.712455,0</coordinates></LineString></Placemark><Placemark><name>Trabajado - Cuartel 53 - Hilera 154</name><Style><LineStyle><color>ff00ff00</color><width>3</width></LineStyle></Style><LineString><coordinates>-71.4966083,-35.712455,0 -71.50056,-35.7168066,0</coordinates></LineString></Placemark><Placemark><name>Trabajado - Cuartel 53 - Hilera 166</name><Style><LineStyle><color>ff00ff00</color><width>3</width></LineStyle></Style><LineString><coordinates>-71.4995083,-35.7157616,0 -71.49681,-35.7123966,0</coordinates></LineString></Placemark><Placemark><name>Trabajado - Cuartel 53 - Hilera 168</name><Style><LineStyle><color>ff00ff00</color><width>3</width></LineStyle></Style><LineString><coordinates>-71.49688265537385,-35.71230422277193,0 -71.50054465938359,-35.716664091610845,0</coordinates></LineString></Placemark><Placemark><name>Trabajado - Cuartel 53 - Hilera 169</name><Style><LineStyle><color>ff00ff00</color><width>3</width></LineStyle></Style><LineString><coordinates>-71.49695743713004,-35.712326115187615,0 -71.49994939895188,-35.716069247310124,0</coordinates></LineString></Placemark><Placemark><name>Trabajado - Cuartel 53 - Hilera 172</name><Style><LineStyle><color>ff00ff00</color><width>3</width></LineStyle></Style><LineString><coordinates>-71.4995699,-35.7156416,0 -71.496875,-35.7123883,0</coordinates></LineString></Placemark><Placemark><name>Trabajado - Cuartel 53 - Hilera 175</name><Style><LineStyle><color>ff00ff00</color><width>3</width></LineStyle></Style><LineString><coordinates>-71.4998866,-35.7156566,0 -71.4971916,-35.7122983,0</coordinates></LineString></Placemark><Placemark><name>Trabajado - Cuartel 53 - Hilera 177</name><Style><LineStyle><color>ff00ff00</color><width>3</width></LineStyle></Style><LineString><coordinates>-71.4970616,-35.7123783,0 -71.5005483,-35.7167266,0</coordinates></LineString></Placemark><Placemark><name>Trabajado - Cuartel 53 - Hilera 184</name><Style><LineStyle><color>ff00ff00</color><width>3</width></LineStyle></Style><LineString><coordinates>-71.5005483,-35.7165266,0 -71.49714,-35.7122916,0</coordinates></LineString></Placemark><Placemark><name>Trabajado - Cuartel 53 - Hilera 191</name><Style><LineStyle><color>ff00ff00</color><width>3</width></LineStyle></Style><LineString><coordinates>-71.4972066,-35.7121633,0 -71.4999349,-35.715525,0</coordinates></LineString></Placemark><Placemark><name>Trabajado - Cuartel 53 - Hilera 193</name><Style><LineStyle><color>ff00ff00</color><width>3</width></LineStyle></Style><LineString><coordinates>-71.5000233,-35.7152983,0 -71.4972583,-35.7120216,0</coordinates></LineString></Placemark><Placemark><name>Trabajado - Cuartel 53 - Hilera 198</name><Style><LineStyle><color>ff00ff00</color><width>3</width></LineStyle></Style><LineString><coordinates>-71.499545,-35.714245,0 -71.4986666,-35.7130133,0</coordinates></LineString></Placemark><Placemark><name>Trabajado - Cuartel 53 - Hilera 199</name><Style><LineStyle><color>ff00ff00</color><width>3</width></LineStyle></Style><LineString><coordinates>-71.4986666,-35.7130133,0 -71.49755406872467,-35.711906558235334,0</coordinates></LineString></Placemark><Placemark><name>Trabajado - Cuartel 53 - Hilera 201</name><Style><LineStyle><color>ff00ff00</color><width>3</width></LineStyle></Style><LineString><coordinates>-71.4975366,-35.7120866,0 -71.5002583,-35.71539,0</coordinates></LineString></Placemark><Placemark><name>Trabajado - Cuartel 53 - Hilera 203</name><Style><LineStyle><color>ff00ff00</color><width>3</width></LineStyle></Style><LineString><coordinates>-71.5004,-35.7152516,0 -71.49759,-35.7118983,0</coordinates></LineString></Placemark><Placemark><name>Trabajado - Cuartel 53 - Hilera 204</name><Style><LineStyle><color>ff00ff00</color><width>3</width></LineStyle></Style><LineString><coordinates>-71.4971633,-35.7121049,0 -71.5004683,-35.7167899,0</coordinates></LineString></Placemark><Placemark><name>Trabajado - Cuartel 53 - Hilera 211</name><Style><LineStyle><color>ff00ff00</color><width>3</width></LineStyle></Style><LineString><coordinates>-71.5002083,-35.715255,0 -71.497615,-35.71211,0</coordinates></LineString></Placemark><Placemark><name>Trabajado - Cuartel 53 - Hilera 213</name><Style><LineStyle><color>ff00ff00</color><width>3</width></LineStyle></Style><LineString><coordinates>-71.4976333,-35.7118449,0 -71.5004,-35.71524,0</coordinates></LineString></Placemark><Placemark><name>Trabajado - Cuartel 53 - Hilera 215</name><Style><LineStyle><color>ff00ff00</color><width>3</width></LineStyle></Style><LineString><coordinates>-71.5006683,-35.7152033,0 -71.4979299,-35.7118199,0</coordinates></LineString></Placemark><Placemark><name>Trabajado - Cuartel 53 - Hilera 217</name><Style><LineStyle><color>ff00ff00</color><width>3</width></LineStyle></Style><LineString><coordinates>-71.49713380927007,-35.71112315306097,0 -71.5005449,-35.7152116,0</coordinates></LineString></Placemark><Placemark><name>Trabajado - Cuartel 53 - Hilera 219</name><Style><LineStyle><color>ff00ff00</color><width>3</width></LineStyle></Style><LineString><coordinates>-71.5007566,-35.7150399,0 -71.4979116,-35.7117466,0</coordinates></LineString></Placemark><Placemark><name>Trabajado - Cuartel 53 - Hilera 220</name><Style><LineStyle><color>ff00ff00</color><width>3</width></LineStyle></Style><LineString><coordinates>-71.4978266,-35.7117483,0 -71.500565,-35.715165,0</coordinates></LineString></Placemark><Placemark><name>Trabajado - Cuartel 53 - Hilera 222</name><Style><LineStyle><color>ff00ff00</color><width>3</width></LineStyle></Style><LineString><coordinates>-71.5006466,-35.7150566,0 -71.4978233,-35.7117366,0</coordinates></LineString></Placemark><Placemark><name>Trabajado - Cuartel 53 - Hilera 226</name><Style><LineStyle><color>ff00ff00</color><width>3</width></LineStyle></Style><LineString><coordinates>-71.4980883,-35.7117199,0 -71.5008633,-35.7150433,0</coordinates></LineString></Placemark><Placemark><name>Trabajado - Cuartel 53 - Hilera 228</name><Style><LineStyle><color>ff00ff00</color><width>3</width></LineStyle></Style><LineString><coordinates>-71.5009983,-35.714835,0 -71.4984583,-35.71175,0</coordinates></LineString></Placemark><Placemark><name>Trabajado - Cuartel 53 - Hilera 230</name><Style><LineStyle><color>ff00ff00</color><width>3</width></LineStyle></Style><LineString><coordinates>-71.4983416,-35.7117283,0 -71.5008566,-35.71487,0</coordinates></LineString></Placemark><Placemark><name>Trabajado - Cuartel 53 - Hilera 232</name><Style><LineStyle><color>ff00ff00</color><width>3</width></LineStyle></Style><LineString><coordinates>-71.5008216,-35.7149516,0 -71.4981766,-35.7117866,0</coordinates></LineString></Placemark><Placemark><name>Trabajado - Cuartel 53 - Hilera 235</name><Style><LineStyle><color>ff00ff00</color><width>3</width></LineStyle></Style><LineString><coordinates>-71.49986,-35.7133816,0 -71.499865,-35.713305,0</coordinates></LineString></Placemark><Placemark><name>Trabajado - Cuartel 53 - Hilera 236</name><Style><LineStyle><color>ff00ff00</color><width>3</width></LineStyle></Style><LineString><coordinates>-71.499865,-35.713305,0 -71.4984183,-35.711735,0</coordinates></LineString></Placemark><Placemark><name>Trabajado - Cuartel 53 - Hilera 237</name><Style><LineStyle><color>ff00ff00</color><width>3</width></LineStyle></Style><LineString><coordinates>-71.4984183,-35.711735,0 -71.49994,-35.7132816,0</coordinates></LineString></Placemark><Placemark><name>Trabajado - Cuartel 53 - Hilera 241</name><Style><LineStyle><color>ff00ff00</color><width>3</width></LineStyle></Style><LineString><coordinates>-71.5012499,-35.7147683,0 -71.4986083,-35.711735,0</coordinates></LineString></Placemark><Placemark><name>Trabajado - Cuartel 53 - Hilera 243</name><Style><LineStyle><color>ff00ff00</color><width>3</width></LineStyle></Style><LineString><coordinates>-71.4980883,-35.7116483,0 -71.5007133,-35.7150966,0</coordinates></LineString></Placemark><Placemark><name>Descartado (grupo chico) - Hilera 54</name><Style><LineStyle><color>ff00ffff</color><width>3</width></LineStyle></Style><LineString><coordinates>-71.500655,-35.71512,0 -71.5007583,-35.7151533,0</coordinates></LineString></Placemark><Placemark><name>Descartado (grupo chico) - Hilera 79</name><Style><LineStyle><color>ff00ffff</color><width>3</width></LineStyle></Style><LineString><coordinates>-71.50087,-35.7151516,0 -71.500675,-35.71505,0</coordinates></LineString></Placemark><Placemark><name>Descartado (grupo chico) - Hilera 174</name><Style><LineStyle><color>ff00ffff</color><width>3</width></LineStyle></Style><LineString><coordinates>-71.4995883,-35.7155083,0 -71.4998866,-35.7156566,0</coordinates></LineString></Placemark><Placemark><name>Descartado (grupo chico) - Hilera 196</name><Style><LineStyle><color>ff00ffff</color><width>3</width></LineStyle></Style><LineString><coordinates>-71.5000816,-35.7153683,0 -71.50028,-35.7154183,0</coordinates></LineString></Placemark><Placemark><name>Trabajado - Cuartel 56 - Hilera 56</name><Style><LineStyle><color>ff00ff00</color><width>3</width></LineStyle></Style><LineString><coordinates>-71.500935,-35.715085,0 -71.499715,-35.7135433,0</coordinates></LineString></Placemark><Placemark><name>Trabajado - Cuartel 56 - Hilera 78</name><Style><LineStyle><color>ff00ff00</color><width>3</width></LineStyle></Style><LineString><coordinates>-71.4998266,-35.7139733,0 -71.50087,-35.7151516,0</coordinates></LineString></Placemark><Placemark><name>Trabajado - Cuartel 56 - Hilera 107</name><Style><LineStyle><color>ff00ff00</color><width>3</width></LineStyle></Style><LineString><coordinates>-71.5011766,-35.714985,0 -71.5002066,-35.7136933,0</coordinates></LineString></Placemark><Placemark><name>Trabajado - Cuartel 56 - Hilera 132</name><Style><LineStyle><color>ff00ff00</color><width>3</width></LineStyle></Style><LineString><coordinates>-71.5012416,-35.7149366,0 -71.5003516,-35.7138549,0</coordinates></LineString></Placemark><Placemark><name>Trabajado - Cuartel 56 - Hilera 136</name><Style><LineStyle><color>ff00ff00</color><width>3</width></LineStyle></Style><LineString><coordinates>-71.5006499,-35.7139916,0 -71.5013516,-35.7149633,0</coordinates></LineString></Placemark><Placemark><name>Trabajado - Cuartel 56 - Hilera 195</name><Style><LineStyle><color>ff00ff00</color><width>3</width></LineStyle></Style><LineString><coordinates>-71.49888,-35.7140416,0 -71.5000816,-35.7153683,0</coordinates></LineString></Placemark><Placemark><name>Trabajado - Cuartel 56 - Hilera 197</name><Style><LineStyle><color>ff00ff00</color><width>3</width></LineStyle></Style><LineString><coordinates>-71.50028,-35.7154183,0 -71.499545,-35.714245,0</coordinates></LineString></Placemark><Placemark><name>Trabajado - Cuartel 56 - Hilera 234</name><Style><LineStyle><color>ff00ff00</color><width>3</width></LineStyle></Style><LineString><coordinates>-71.50103,-35.714825,0 -71.49986,-35.7133816,0</coordinates></LineString></Placemark><Placemark><name>Trabajado - Cuartel 56 - Hilera 239</name><Style><LineStyle><color>ff00ff00</color><width>3</width></LineStyle></Style><LineString><coordinates>-71.5000383,-35.7133133,0 -71.50124,-35.7148666,0</coordinates></LineString></Placemark><Placemark><name>Descartado (grupo chico) - Hilera 76</name><Style><LineStyle><color>ff00ffff</color><width>3</width></LineStyle></Style><LineString><coordinates>-71.4995566,-35.7135766,0 -71.4996566,-35.7136316,0</coordinates></LineString></Placemark><Placemark><name>Descartado (grupo chico) - Hilera 238</name><Style><LineStyle><color>ff00ffff</color><width>3</width></LineStyle></Style><LineString><coordinates>-71.49994,-35.7132816,0 -71.5000383,-35.7133133,0</coordinates></LineString></Placemark><Placemark><name>Descartado (grupo chico) - Hilera 123</name><Style><LineStyle><color>ff00ffff</color><width>3</width></LineStyle></Style><LineString><coordinates>-71.4987566,-35.717625,0 -71.4987883,-35.71772,0</coordinates></LineString></Placemark><Placemark><name>Descartado (grupo chico) - Hilera 275</name><Style><LineStyle><color>ff00ffff</color><width>3</width></LineStyle></Style><LineString><coordinates>-71.4985633,-35.71766,0 -71.4985616,-35.7177333,0</coordinates></LineString></Placemark><Placemark><name>Descartado (grupo chico) - Hilera 152</name><Style><LineStyle><color>ff00ffff</color><width>3</width></LineStyle></Style><LineString><coordinates>-71.4987333,-35.7151933,0 -71.49889,-35.7152883,0</coordinates></LineString></Placemark><Placemark><name>Descartado (grupo chico) - Hilera 161</name><Style><LineStyle><color>ff00ffff</color><width>3</width></LineStyle></Style><LineString><coordinates>-71.499715,-35.7169966,0 -71.5001033,-35.717095,0</coordinates></LineString></Placemark><Placemark><name>Descartado (grupo chico) - Hilera 167</name><Style><LineStyle><color>ff00ffff</color><width>3</width></LineStyle></Style><LineString><coordinates>-71.49681,-35.7123966,0 -71.4969883,-35.71243,0</coordinates></LineString></Placemark><Placemark><name>Descartado (grupo chico) - Hilera 194</name><Style><LineStyle><color>ff00ffff</color><width>3</width></LineStyle></Style><LineString><coordinates>-71.4972583,-35.7120216,0 -71.49888,-35.7140416,0</coordinates></LineString></Placemark><Placemark><name>Descartado (grupo chico) - Hilera 214</name><Style><LineStyle><color>ff00ffff</color><width>3</width></LineStyle></Style><LineString><coordinates>-71.5004,-35.71524,0 -71.5006683,-35.7152033,0</coordinates></LineString></Placemark><Placemark><name>Descartado (grupo chico) - Hilera 255</name><Style><LineStyle><color>ff00ffff</color><width>3</width></LineStyle></Style><LineString><coordinates>-71.5008266,-35.7170466,0 -71.5038666,-35.720605,0</coordinates></LineString></Placemark><Placemark><name>Descartado (grupo chico) - Hilera 273</name><Style><LineStyle><color>ff00ffff</color><width>3</width></LineStyle></Style><LineString><coordinates>-71.5038,-35.7205416,0 -71.500595,-35.716915,0</coordinates></LineString></Placemark><Placemark><name>Descartado (grupo chico) - Hilera 257</name><Style><LineStyle><color>ff00ffff</color><width>3</width></LineStyle></Style><LineString><coordinates>-71.5051633,-35.7199083,0 -71.5054633,-35.7198433,0</coordinates></LineString></Placemark><Placemark><name>Descartado (grupo chico) - Hilera 258</name><Style><LineStyle><color>ff00ffff</color><width>3</width></LineStyle></Style><LineString><coordinates>-71.5054633,-35.7198433,0 -71.50536607472516,-35.720028159661844,0</coordinates></LineString></Placemark><Placemark><name>Descartado (grupo chico) - Hilera 259</name><Style><LineStyle><color>ff00ffff</color><width>3</width></LineStyle></Style><LineString><coordinates>-71.50538,-35.7200333,0 -71.5057716,-35.7202116,0</coordinates></LineString></Placemark><Placemark><name>Descartado (grupo chico) - Hilera 260</name><Style><LineStyle><color>ff00ffff</color><width>3</width></LineStyle></Style><LineString><coordinates>-71.5057716,-35.7202116,0 -71.507935,-35.7228849,0</coordinates></LineString></Placemark><Placemark><name>Descartado (grupo chico) - Hilera 267</name><Style><LineStyle><color>ff00ffff</color><width>3</width></LineStyle></Style><LineString><coordinates>-71.5063983,-35.721095,0 -71.5070233,-35.72193,0</coordinates></LineString></Placemark><Placemark><name>Descartado (grupo chico) - Hilera 261</name><Style><LineStyle><color>ff00ffff</color><width>3</width></LineStyle></Style><LineString><coordinates>-71.5079883,-35.7228916,0 -71.5089366,-35.7240566,0</coordinates></LineString></Placemark><Placemark><name>Descartado (grupo chico) - Hilera 262</name><Style><LineStyle><color>ff00ffff</color><width>3</width></LineStyle></Style><LineString><coordinates>-71.5089366,-35.7240566,0 -71.5088116,-35.7242033,0</coordinates></LineString></Placemark><Placemark><name>Descartado (grupo chico) - Hilera 263</name><Style><LineStyle><color>ff00ffff</color><width>3</width></LineStyle></Style><LineString><coordinates>-71.5088116,-35.7242033,0 -71.50583515739237,-35.720782957727195,0</coordinates></LineString></Placemark><Placemark><name>Descartado (grupo chico) - Hilera 264</name><Style><LineStyle><color>ff00ffff</color><width>3</width></LineStyle></Style><LineString><coordinates>-71.50584,-35.72078,0 -71.5058266,-35.7206866,0</coordinates></LineString></Placemark><Placemark><name>Descartado (grupo chico) - Hilera 265</name><Style><LineStyle><color>ff00ffff</color><width>3</width></LineStyle></Style><LineString><coordinates>-71.5058266,-35.7206866,0 -71.50526,-35.7198933,0</coordinates></LineString></Placemark><Placemark><name>Descartado (grupo chico) - Hilera 266</name><Style><LineStyle><color>ff00ffff</color><width>3</width></LineStyle></Style><LineString><coordinates>-71.50526,-35.7198933,0 -71.5063983,-35.721095,0</coordinates></LineString></Placemark><Placemark><name>Descartado (grupo chico) - Hilera 270</name><Style><LineStyle><color>ff00ffff</color><width>3</width></LineStyle></Style><LineString><coordinates>-71.5067516,-35.7219,0 -71.5051416,-35.7199416,0</coordinates></LineString></Placemark><Placemark><name>Descartado (grupo chico) - Hilera 268</name><Style><LineStyle><color>ff00ffff</color><width>3</width></LineStyle></Style><LineString><coordinates>-71.5070883,-35.72193,0 -71.5087783,-35.7242433,0</coordinates></LineString></Placemark><Placemark><name>Descartado (grupo chico) - Hilera 269</name><Style><LineStyle><color>ff00ffff</color><width>3</width></LineStyle></Style><LineString><coordinates>-71.5087783,-35.7242433,0 -71.5067183,-35.7219733,0</coordinates></LineString></Placemark><Placemark><name>Descartado (grupo chico) - Hilera 283</name><Style><LineStyle><color>ff00ffff</color><width>3</width></LineStyle></Style><LineString><coordinates>-71.4969616,-35.7101616,0 -71.4968366,-35.7101183,0</coordinates></LineString></Placemark><Placemark><name>Descartado (grupo chico) - Hilera 286</name><Style><LineStyle><color>ff00ffff</color><width>3</width></LineStyle></Style><LineString><coordinates>-71.497605,-35.7106383,0 -71.48835,-35.699235,0</coordinates></LineString></Placemark><Placemark><name>Descartado (grupo chico) - Hilera 287</name><Style><LineStyle><color>ff00ffff</color><width>3</width></LineStyle></Style><LineString><coordinates>-71.48835,-35.699235,0 -71.4857283,-35.70366,0</coordinates></LineString></Placemark><Placemark><name>Descartado (grupo chico) - Hilera 624</name><Style><LineStyle><color>ff00ffff</color><width>3</width></LineStyle></Style><LineString><coordinates>-71.4857433,-35.7036583,0 -71.48832,-35.699205,0</coordinates></LineString></Placemark><Placemark><name>Descartado (grupo chico) - Hilera 288</name><Style><LineStyle><color>ff00ffff</color><width>3</width></LineStyle></Style><LineString><coordinates>-71.4857283,-35.70366,0 -71.48733,-35.7069616,0</coordinates></LineString></Placemark><Placemark><name>Descartado (grupo chico) - Hilera 289</name><Style><LineStyle><color>ff00ffff</color><width>3</width></LineStyle></Style><LineString><coordinates>-71.48733,-35.7069616,0 -71.4831683,-35.7083233,0</coordinates></LineString></Placemark><Placemark><name>Trabajado - Cuartel 290 - Hilera 290</name><Style><LineStyle><color>ff00ff00</color><width>3</width></LineStyle></Style><LineString><coordinates>-71.4831683,-35.7083233,0 -71.48251414578706,-35.70792502072343,0</coordinates></LineString></Placemark><Placemark><name>Trabajado - Cuartel 290 - Hilera 291</name><Style><LineStyle><color>ff00ff00</color><width>3</width></LineStyle></Style><LineString><coordinates>-71.4825316,-35.7079049,0 -71.48238,-35.7075216,0</coordinates></LineString></Placemark><Placemark><name>Trabajado - Cuartel 290 - Hilera 292</name><Style><LineStyle><color>ff00ff00</color><width>3</width></LineStyle></Style><LineString><coordinates>-71.482265,-35.7075483,0 -71.4825833,-35.7083249,0</coordinates></LineString></Placemark><Placemark><name>Trabajado - Cuartel 290 - Hilera 293</name><Style><LineStyle><color>ff00ff00</color><width>3</width></LineStyle></Style><LineString><coordinates>-71.4825833,-35.7083249,0 -71.48433565434532,-35.71188498337885,0</coordinates></LineString></Placemark><Placemark><name>Trabajado - Cuartel 290 - Hilera 299</name><Style><LineStyle><color>ff00ff00</color><width>3</width></LineStyle></Style><LineString><coordinates>-71.48435227747707,-35.711879273032864,0 -71.4824583,-35.7081599,0</coordinates></LineString></Placemark><Placemark><name>Trabajado - Cuartel 290 - Hilera 300</name><Style><LineStyle><color>ff00ff00</color><width>3</width></LineStyle></Style><LineString><coordinates>-71.4824583,-35.7081599,0 -71.48282,-35.7083583,0</coordinates></LineString></Placemark><Placemark><name>Trabajado - Cuartel 290 - Hilera 301</name><Style><LineStyle><color>ff00ff00</color><width>3</width></LineStyle></Style><LineString><coordinates>-71.48282,-35.7083583,0 -71.4829016,-35.708245,0</coordinates></LineString></Placemark><Placemark><name>Trabajado - Cuartel 290 - Hilera 302</name><Style><LineStyle><color>ff00ff00</color><width>3</width></LineStyle></Style><LineString><coordinates>-71.4829016,-35.708245,0 -71.48280251055556,-35.708092402255566,0</coordinates></LineString></Placemark><Placemark><name>Trabajado - Cuartel 290 - Hilera 303</name><Style><LineStyle><color>ff00ff00</color><width>3</width></LineStyle></Style><LineString><coordinates>-71.4828366,-35.7081449,0 -71.4826866,-35.7081516,0</coordinates></LineString></Placemark><Placemark><name>Trabajado - Cuartel 290 - Hilera 304</name><Style><LineStyle><color>ff00ff00</color><width>3</width></LineStyle></Style><LineString><coordinates>-71.4826866,-35.7081516,0 -71.48253,-35.7080916,0</coordinates></LineString></Placemark><Placemark><name>Trabajado - Cuartel 290 - Hilera 305</name><Style><LineStyle><color>ff00ff00</color><width>3</width></LineStyle></Style><LineString><coordinates>-71.48253,-35.7080916,0 -71.48222,-35.7075233,0</coordinates></LineString></Placemark><Placemark><name>Trabajado - Cuartel 290 - Hilera 307</name><Style><LineStyle><color>ff00ff00</color><width>3</width></LineStyle></Style><LineString><coordinates>-71.4821116,-35.7076633,0 -71.4821433,-35.707855,0</coordinates></LineString></Placemark><Placemark><name>Trabajado - Cuartel 290 - Hilera 308</name><Style><LineStyle><color>ff00ff00</color><width>3</width></LineStyle></Style><LineString><coordinates>-71.4821433,-35.707855,0 -71.48395824263933,-35.711309245668446,0</coordinates></LineString></Placemark><Placemark><name>Trabajado - Cuartel 290 - Hilera 316</name><Style><LineStyle><color>ff00ff00</color><width>3</width></LineStyle></Style><LineString><coordinates>-71.4834566,-35.71016,0 -71.4827783,-35.7084116,0</coordinates></LineString></Placemark><Placemark><name>Trabajado - Cuartel 290 - Hilera 317</name><Style><LineStyle><color>ff00ff00</color><width>3</width></LineStyle></Style><LineString><coordinates>-71.4827783,-35.7084116,0 -71.48287933455597,-35.7081219131611,0</coordinates></LineString></Placemark><Placemark><name>Trabajado - Cuartel 290 - Hilera 318</name><Style><LineStyle><color>ff00ff00</color><width>3</width></LineStyle></Style><LineString><coordinates>-71.482875,-35.7081016,0 -71.482745,-35.7081749,0</coordinates></LineString></Placemark><Placemark><name>Trabajado - Cuartel 290 - Hilera 319</name><Style><LineStyle><color>ff00ff00</color><width>3</width></LineStyle></Style><LineString><coordinates>-71.482745,-35.7081749,0 -71.4834483,-35.70993,0</coordinates></LineString></Placemark><Placemark><name>Trabajado - Cuartel 290 - Hilera 322</name><Style><LineStyle><color>ff00ff00</color><width>3</width></LineStyle></Style><LineString><coordinates>-71.4831316,-35.7101966,0 -71.483225,-35.7103066,0</coordinates></LineString></Placemark><Placemark><name>Trabajado - Cuartel 290 - Hilera 323</name><Style><LineStyle><color>ff00ff00</color><width>3</width></LineStyle></Style><LineString><coordinates>-71.483225,-35.7103066,0 -71.4819983,-35.7076916,0</coordinates></LineString></Placemark><Placemark><name>Trabajado - Cuartel 290 - Hilera 325</name><Style><LineStyle><color>ff00ff00</color><width>3</width></LineStyle></Style><LineString><coordinates>-71.4817716,-35.707755,0 -71.4818916,-35.70798,0</coordinates></LineString></Placemark><Placemark><name>Trabajado - Cuartel 290 - Hilera 326</name><Style><LineStyle><color>ff00ff00</color><width>3</width></LineStyle></Style><LineString><coordinates>-71.4818916,-35.70798,0 -71.4820116,-35.70813,0</coordinates></LineString></Placemark><Placemark><name>Trabajado - Cuartel 290 - Hilera 327</name><Style><LineStyle><color>ff00ff00</color><width>3</width></LineStyle></Style><LineString><coordinates>-71.48189726393434,-35.70789298936358,0 -71.48363233310954,-35.711489665941976,0</coordinates></LineString></Placemark><Placemark><name>Trabajado - Cuartel 290 - Hilera 331</name><Style><LineStyle><color>ff00ff00</color><width>3</width></LineStyle></Style><LineString><coordinates>-71.4835016,-35.7102066,0 -71.482835,-35.7086216,0</coordinates></LineString></Placemark><Placemark><name>Trabajado - Cuartel 290 - Hilera 332</name><Style><LineStyle><color>ff00ff00</color><width>3</width></LineStyle></Style><LineString><coordinates>-71.482835,-35.7086216,0 -71.482885,-35.7080533,0</coordinates></LineString></Placemark><Placemark><name>Trabajado - Cuartel 290 - Hilera 333</name><Style><LineStyle><color>ff00ff00</color><width>3</width></LineStyle></Style><LineString><coordinates>-71.4829166,-35.7080316,0 -71.48176846718118,-35.70787687543441,0</coordinates></LineString></Placemark><Placemark><name>Trabajado - Cuartel 290 - Hilera 334</name><Style><LineStyle><color>ff00ff00</color><width>3</width></LineStyle></Style><LineString><coordinates>-71.4824966,-35.707975,0 -71.4824033,-35.70774,0</coordinates></LineString></Placemark><Placemark><name>Trabajado - Cuartel 290 - Hilera 352</name><Style><LineStyle><color>ff00ff00</color><width>3</width></LineStyle></Style><LineString><coordinates>-71.4835116,-35.7100266,0 -71.4828266,-35.7081116,0</coordinates></LineString></Placemark><Placemark><name>Trabajado - Cuartel 290 - Hilera 353</name><Style><LineStyle><color>ff00ff00</color><width>3</width></LineStyle></Style><LineString><coordinates>-71.4828266,-35.7081116,0 -71.48278,-35.708185,0</coordinates></LineString></Placemark><Placemark><name>Trabajado - Cuartel 290 - Hilera 356</name><Style><LineStyle><color>ff00ff00</color><width>3</width></LineStyle></Style><LineString><coordinates>-71.482705,-35.7104166,0 -71.482805,-35.710475,0</coordinates></LineString></Placemark><Placemark><name>Trabajado - Cuartel 290 - Hilera 365</name><Style><LineStyle><color>ff00ff00</color><width>3</width></LineStyle></Style><LineString><coordinates>-71.4828249,-35.70808,0 -71.482725,-35.7082366,0</coordinates></LineString></Placemark><Placemark><name>Trabajado - Cuartel 290 - Hilera 366</name><Style><LineStyle><color>ff00ff00</color><width>3</width></LineStyle></Style><LineString><coordinates>-71.482725,-35.7082366,0 -71.4829583,-35.7091233,0</coordinates></LineString></Placemark><Placemark><name>Trabajado - Cuartel 290 - Hilera 383</name><Style><LineStyle><color>ff00ff00</color><width>3</width></LineStyle></Style><LineString><coordinates>-71.4828716,-35.7080733,0 -71.4830066,-35.7080416,0</coordinates></LineString></Placemark><Placemark><name>Trabajado - Cuartel 290 - Hilera 384</name><Style><LineStyle><color>ff00ff00</color><width>3</width></LineStyle></Style><LineString><coordinates>-71.4830066,-35.7080416,0 -71.4830566,-35.7081116,0</coordinates></LineString></Placemark><Placemark><name>Trabajado - Cuartel 290 - Hilera 385</name><Style><LineStyle><color>ff00ff00</color><width>3</width></LineStyle></Style><LineString><coordinates>-71.4830566,-35.7081116,0 -71.4825833,-35.707255,0</coordinates></LineString></Placemark><Placemark><name>Trabajado - Cuartel 290 - Hilera 387</name><Style><LineStyle><color>ff00ff00</color><width>3</width></LineStyle></Style><LineString><coordinates>-71.48273,-35.70713,0 -71.4832749,-35.7083183,0</coordinates></LineString></Placemark><Placemark><name>Trabajado - Cuartel 290 - Hilera 388</name><Style><LineStyle><color>ff00ff00</color><width>3</width></LineStyle></Style><LineString><coordinates>-71.4832749,-35.7083183,0 -71.4826983,-35.7072166,0</coordinates></LineString></Placemark><Placemark><name>Trabajado - Cuartel 290 - Hilera 390</name><Style><LineStyle><color>ff00ff00</color><width>3</width></LineStyle></Style><LineString><coordinates>-71.4826116,-35.7074616,0 -71.4828616,-35.7077883,0</coordinates></LineString></Placemark><Placemark><name>Trabajado - Cuartel 290 - Hilera 391</name><Style><LineStyle><color>ff00ff00</color><width>3</width></LineStyle></Style><LineString><coordinates>-71.4828616,-35.7077883,0 -71.48286,-35.7081516,0</coordinates></LineString></Placemark><Placemark><name>Trabajado - Cuartel 290 - Hilera 392</name><Style><LineStyle><color>ff00ff00</color><width>3</width></LineStyle></Style><LineString><coordinates>-71.48286,-35.7081516,0 -71.482625,-35.7073466,0</coordinates></LineString></Placemark><Placemark><name>Trabajado - Cuartel 290 - Hilera 394</name><Style><LineStyle><color>ff00ff00</color><width>3</width></LineStyle></Style><LineString><coordinates>-71.48280609007622,-35.7069838564182,0 -71.48334586830212,-35.70819439136105,0</coordinates></LineString></Placemark><Placemark><name>Trabajado - Cuartel 290 - Hilera 395</name><Style><LineStyle><color>ff00ff00</color><width>3</width></LineStyle></Style><LineString><coordinates>-71.4833599,-35.70819,0 -71.48355,-35.7081599,0</coordinates></LineString></Placemark><Placemark><name>Trabajado - Cuartel 290 - Hilera 396</name><Style><LineStyle><color>ff00ff00</color><width>3</width></LineStyle></Style><LineString><coordinates>-71.48355,-35.7081599,0 -71.4828133,-35.7069816,0</coordinates></LineString></Placemark><Placemark><name>Trabajado - Cuartel 290 - Hilera 397</name><Style><LineStyle><color>ff00ff00</color><width>3</width></LineStyle></Style><LineString><coordinates>-71.4833483,-35.7081499,0 -71.4835449,-35.70826,0</coordinates></LineString></Placemark><Placemark><name>Trabajado - Cuartel 290 - Hilera 398</name><Style><LineStyle><color>ff00ff00</color><width>3</width></LineStyle></Style><LineString><coordinates>-71.4835449,-35.70826,0 -71.4830383,-35.70699,0</coordinates></LineString></Placemark><Placemark><name>Trabajado - Cuartel 290 - Hilera 400</name><Style><LineStyle><color>ff00ff00</color><width>3</width></LineStyle></Style><LineString><coordinates>-71.482875,-35.7069383,0 -71.48342258460443,-35.70820104392109,0</coordinates></LineString></Placemark><Placemark><name>Trabajado - Cuartel 290 - Hilera 401</name><Style><LineStyle><color>ff00ff00</color><width>3</width></LineStyle></Style><LineString><coordinates>-71.4834316,-35.7081983,0 -71.4829266,-35.7082316,0</coordinates></LineString></Placemark><Placemark><name>Trabajado - Cuartel 290 - Hilera 402</name><Style><LineStyle><color>ff00ff00</color><width>3</width></LineStyle></Style><LineString><coordinates>-71.4829266,-35.7082316,0 -71.4828983,-35.7080249,0</coordinates></LineString></Placemark><Placemark><name>Trabajado - Cuartel 290 - Hilera 403</name><Style><LineStyle><color>ff00ff00</color><width>3</width></LineStyle></Style><LineString><coordinates>-71.4828983,-35.7080249,0 -71.4832066,-35.7083583,0</coordinates></LineString></Placemark><Placemark><name>Trabajado - Cuartel 290 - Hilera 404</name><Style><LineStyle><color>ff00ff00</color><width>3</width></LineStyle></Style><LineString><coordinates>-71.4832066,-35.7083583,0 -71.4838099,-35.708125,0</coordinates></LineString></Placemark><Placemark><name>Trabajado - Cuartel 290 - Hilera 405</name><Style><LineStyle><color>ff00ff00</color><width>3</width></LineStyle></Style><LineString><coordinates>-71.4838099,-35.708125,0 -71.4830783,-35.7067999,0</coordinates></LineString></Placemark><Placemark><name>Trabajado - Cuartel 290 - Hilera 407</name><Style><LineStyle><color>ff00ff00</color><width>3</width></LineStyle></Style><LineString><coordinates>-71.4830466,-35.7069666,0 -71.4836178181965,-35.70822609537489,0</coordinates></LineString></Placemark><Placemark><name>Trabajado - Cuartel 290 - Hilera 408</name><Style><LineStyle><color>ff00ff00</color><width>3</width></LineStyle></Style><LineString><coordinates>-71.4836266,-35.7082233,0 -71.4838466,-35.708155,0</coordinates></LineString></Placemark><Placemark><name>Trabajado - Cuartel 290 - Hilera 409</name><Style><LineStyle><color>ff00ff00</color><width>3</width></LineStyle></Style><LineString><coordinates>-71.4838466,-35.708155,0 -71.483185,-35.7067933,0</coordinates></LineString></Placemark><Placemark><name>Trabajado - Cuartel 290 - Hilera 411</name><Style><LineStyle><color>ff00ff00</color><width>3</width></LineStyle></Style><LineString><coordinates>-71.4831366,-35.7069466,0 -71.4837449,-35.7081816,0</coordinates></LineString></Placemark><Placemark><name>Trabajado - Cuartel 290 - Hilera 412</name><Style><LineStyle><color>ff00ff00</color><width>3</width></LineStyle></Style><LineString><coordinates>-71.4837449,-35.7081816,0 -71.4839016,-35.7080733,0</coordinates></LineString></Placemark><Placemark><name>Trabajado - Cuartel 290 - Hilera 413</name><Style><LineStyle><color>ff00ff00</color><width>3</width></LineStyle></Style><LineString><coordinates>-71.4839016,-35.7080733,0 -71.4832649,-35.706745,0</coordinates></LineString></Placemark><Placemark><name>Trabajado - Cuartel 290 - Hilera 416</name><Style><LineStyle><color>ff00ff00</color><width>3</width></LineStyle></Style><LineString><coordinates>-71.48255140971028,-35.707241636621454,0 -71.482795,-35.70813,0</coordinates></LineString></Placemark><Placemark><name>Trabajado - Cuartel 290 - Hilera 417</name><Style><LineStyle><color>ff00ff00</color><width>3</width></LineStyle></Style><LineString><coordinates>-71.4827783,-35.7080683,0 -71.48289,-35.7080366,0</coordinates></LineString></Placemark><Placemark><name>Trabajado - Cuartel 290 - Hilera 418</name><Style><LineStyle><color>ff00ff00</color><width>3</width></LineStyle></Style><LineString><coordinates>-71.48289,-35.7080366,0 -71.4828383,-35.7081783,0</coordinates></LineString></Placemark><Placemark><name>Trabajado - Cuartel 290 - Hilera 419</name><Style><LineStyle><color>ff00ff00</color><width>3</width></LineStyle></Style><LineString><coordinates>-71.4827933,-35.7080966,0 -71.4825566,-35.7081233,0</coordinates></LineString></Placemark><Placemark><name>Trabajado - Cuartel 290 - Hilera 420</name><Style><LineStyle><color>ff00ff00</color><width>3</width></LineStyle></Style><LineString><coordinates>-71.4825566,-35.7081233,0 -71.4820966,-35.7076116,0</coordinates></LineString></Placemark><Placemark><name>Trabajado - Cuartel 290 - Hilera 622</name><Style><LineStyle><color>ff00ff00</color><width>3</width></LineStyle></Style><LineString><coordinates>-71.4829099,-35.70814,0 -71.482575,-35.7071766,0</coordinates></LineString></Placemark><Placemark><name>Descartado (grupo chico) - Hilera 294</name><Style><LineStyle><color>ff00ffff</color><width>3</width></LineStyle></Style><LineString><coordinates>-71.48427,-35.7117516,0 -71.4843516,-35.7118216,0</coordinates></LineString></Placemark><Placemark><name>Descartado (grupo chico) - Hilera 342</name><Style><LineStyle><color>ff00ffff</color><width>3</width></LineStyle></Style><LineString><coordinates>-71.4836216,-35.7114933,0 -71.4836866,-35.7115499,0</coordinates></LineString></Placemark><Placemark><name>Descartado (grupo chico) - Hilera 344</name><Style><LineStyle><color>ff00ffff</color><width>3</width></LineStyle></Style><LineString><coordinates>-71.4837833,-35.7118533,0 -71.48391,-35.7119383,0</coordinates></LineString></Placemark><Placemark><name>Trabajado - Cuartel 295 - Hilera 295</name><Style><LineStyle><color>ff00ff00</color><width>3</width></LineStyle></Style><LineString><coordinates>-71.4843516,-35.7118216,0 -71.4853966,-35.7141549,0</coordinates></LineString></Placemark><Placemark><name>Trabajado - Cuartel 295 - Hilera 298</name><Style><LineStyle><color>ff00ff00</color><width>3</width></LineStyle></Style><LineString><coordinates>-71.4853783,-35.714045,0 -71.4843133,-35.71177,0</coordinates></LineString></Placemark><Placemark><name>Trabajado - Cuartel 295 - Hilera 309</name><Style><LineStyle><color>ff00ff00</color><width>3</width></LineStyle></Style><LineString><coordinates>-71.4839383,-35.7113166,0 -71.4840188439216,-35.711688041718496,0</coordinates></LineString></Placemark><Placemark><name>Trabajado - Cuartel 295 - Hilera 310</name><Style><LineStyle><color>ff00ff00</color><width>3</width></LineStyle></Style><LineString><coordinates>-71.48400403719404,-35.71159128852351,0 -71.4852933719542,-35.71417236669115,0</coordinates></LineString></Placemark><Placemark><name>Trabajado - Cuartel 295 - Hilera 312</name><Style><LineStyle><color>ff00ff00</color><width>3</width></LineStyle></Style><LineString><coordinates>-71.485185,-35.7143666,0 -71.4850133,-35.7139216,0</coordinates></LineString></Placemark><Placemark><name>Trabajado - Cuartel 295 - Hilera 313</name><Style><LineStyle><color>ff00ff00</color><width>3</width></LineStyle></Style><LineString><coordinates>-71.4850466,-35.7139083,0 -71.484555,-35.7130166,0</coordinates></LineString></Placemark><Placemark><name>Trabajado - Cuartel 295 - Hilera 314</name><Style><LineStyle><color>ff00ff00</color><width>3</width></LineStyle></Style><LineString><coordinates>-71.484555,-35.7130166,0 -71.4832683,-35.7102216,0</coordinates></LineString></Placemark><Placemark><name>Trabajado - Cuartel 295 - Hilera 328</name><Style><LineStyle><color>ff00ff00</color><width>3</width></LineStyle></Style><LineString><coordinates>-71.4835199,-35.7112566,0 -71.4851346512911,-35.71449508325005,0</coordinates></LineString></Placemark><Placemark><name>Trabajado - Cuartel 295 - Hilera 329</name><Style><LineStyle><color>ff00ff00</color><width>3</width></LineStyle></Style><LineString><coordinates>-71.4846683,-35.7136283,0 -71.4836033,-35.71136,0</coordinates></LineString></Placemark><Placemark><name>Trabajado - Cuartel 295 - Hilera 338</name><Style><LineStyle><color>ff00ff00</color><width>3</width></LineStyle></Style><LineString><coordinates>-71.482235,-35.7092849,0 -71.4848683,-35.7145816,0</coordinates></LineString></Placemark><Placemark><name>Trabajado - Cuartel 295 - Hilera 343</name><Style><LineStyle><color>ff00ff00</color><width>3</width></LineStyle></Style><LineString><coordinates>-71.4836866,-35.7115499,0 -71.4837833,-35.7118533,0</coordinates></LineString></Placemark><Placemark><name>Trabajado - Cuartel 295 - Hilera 345</name><Style><LineStyle><color>ff00ff00</color><width>3</width></LineStyle></Style><LineString><coordinates>-71.48391,-35.7119383,0 -71.4847816,-35.713635,0</coordinates></LineString></Placemark><Placemark><name>Trabajado - Cuartel 295 - Hilera 348</name><Style><LineStyle><color>ff00ff00</color><width>3</width></LineStyle></Style><LineString><coordinates>-71.4846633,-35.7139116,0 -71.48507375004475,-35.714409041674074,0</coordinates></LineString></Placemark><Placemark><name>Trabajado - Cuartel 295 - Hilera 349</name><Style><LineStyle><color>ff00ff00</color><width>3</width></LineStyle></Style><LineString><coordinates>-71.4849833,-35.7145516,0 -71.4829566,-35.7105183,0</coordinates></LineString></Placemark><Placemark><name>Trabajado - Cuartel 295 - Hilera 357</name><Style><LineStyle><color>ff00ff00</color><width>3</width></LineStyle></Style><LineString><coordinates>-71.482805,-35.710475,0 -71.4839566,-35.7131183,0</coordinates></LineString></Placemark><Placemark><name>Trabajado - Cuartel 295 - Hilera 358</name><Style><LineStyle><color>ff00ff00</color><width>3</width></LineStyle></Style><LineString><coordinates>-71.4839566,-35.7131183,0 -71.4844233,-35.713925,0</coordinates></LineString></Placemark><Placemark><name>Trabajado - Cuartel 295 - Hilera 359</name><Style><LineStyle><color>ff00ff00</color><width>3</width></LineStyle></Style><LineString><coordinates>-71.4844233,-35.713925,0 -71.4844933,-35.7142983,0</coordinates></LineString></Placemark><Placemark><name>Trabajado - Cuartel 295 - Hilera 360</name><Style><LineStyle><color>ff00ff00</color><width>3</width></LineStyle></Style><LineString><coordinates>-71.4844933,-35.7142983,0 -71.48478,-35.7146033,0</coordinates></LineString></Placemark><Placemark><name>Trabajado - Cuartel 295 - Hilera 364</name><Style><LineStyle><color>ff00ff00</color><width>3</width></LineStyle></Style><LineString><coordinates>-71.4853533,-35.71415,0 -71.4828249,-35.70808,0</coordinates></LineString></Placemark><Placemark><name>Trabajado - Cuartel 295 - Hilera 367</name><Style><LineStyle><color>ff00ff00</color><width>3</width></LineStyle></Style><LineString><coordinates>-71.4830866,-35.7091416,0 -71.4853016,-35.7147666,0</coordinates></LineString></Placemark><Placemark><name>Trabajado - Cuartel 295 - Hilera 382</name><Style><LineStyle><color>ff00ff00</color><width>3</width></LineStyle></Style><LineString><coordinates>-71.4854166,-35.71416,0 -71.48252687902412,-35.70724885474897,0</coordinates></LineString></Placemark><Placemark><name>Trabajado - Cuartel 295 - Hilera 425</name><Style><LineStyle><color>ff00ff00</color><width>3</width></LineStyle></Style><LineString><coordinates>-71.4818466,-35.7095233,0 -71.4840031597915,-35.71382363290103,0</coordinates></LineString></Placemark><Placemark><name>Trabajado - Cuartel 295 - Hilera 426</name><Style><LineStyle><color>ff00ff00</color><width>3</width></LineStyle></Style><LineString><coordinates>-71.4839983,-35.713895,0 -71.4841016,-35.7139866,0</coordinates></LineString></Placemark><Placemark><name>Trabajado - Cuartel 295 - Hilera 428</name><Style><LineStyle><color>ff00ff00</color><width>3</width></LineStyle></Style><LineString><coordinates>-71.4841083,-35.714095,0 -71.4843783,-35.7146516,0</coordinates></LineString></Placemark><Placemark><name>Trabajado - Cuartel 295 - Hilera 429</name><Style><LineStyle><color>ff00ff00</color><width>3</width></LineStyle></Style><LineString><coordinates>-71.484015,-35.7147299,0 -71.483865,-35.71421,0</coordinates></LineString></Placemark><Placemark><name>Trabajado - Cuartel 295 - Hilera 430</name><Style><LineStyle><color>ff00ff00</color><width>3</width></LineStyle></Style><LineString><coordinates>-71.483865,-35.71421,0 -71.4838033,-35.7141233,0</coordinates></LineString></Placemark><Placemark><name>Trabajado - Cuartel 295 - Hilera 431</name><Style><LineStyle><color>ff00ff00</color><width>3</width></LineStyle></Style><LineString><coordinates>-71.4838099,-35.7140916,0 -71.48141,-35.7092533,0</coordinates></LineString></Placemark><Placemark><name>Trabajado - Cuartel 295 - Hilera 436</name><Style><LineStyle><color>ff00ff00</color><width>3</width></LineStyle></Style><LineString><coordinates>-71.4817833,-35.71099,0 -71.482295,-35.71196,0</coordinates></LineString></Placemark><Placemark><name>Trabajado - Cuartel 295 - Hilera 621</name><Style><LineStyle><color>ff00ff00</color><width>3</width></LineStyle></Style><LineString><coordinates>-71.4853966,-35.714115,0 -71.48280642527465,-35.708092637935984,0</coordinates></LineString></Placemark><Placemark><name>Trabajado - Cuartel 296 - Hilera 296</name><Style><LineStyle><color>ff00ff00</color><width>3</width></LineStyle></Style><LineString><coordinates>-71.4854151333851,-35.714122423111284,0 -71.48523520632855,-35.71443771742801,0</coordinates></LineString></Placemark><Placemark><name>Trabajado - Cuartel 296 - Hilera 297</name><Style><LineStyle><color>ff00ff00</color><width>3</width></LineStyle></Style><LineString><coordinates>-71.4853433,-35.7142483,0 -71.4853983,-35.7140383,0</coordinates></LineString></Placemark><Placemark><name>Trabajado - Cuartel 296 - Hilera 311</name><Style><LineStyle><color>ff00ff00</color><width>3</width></LineStyle></Style><LineString><coordinates>-71.4852716,-35.71418,0 -71.485185,-35.7143666,0</coordinates></LineString></Placemark><Placemark><name>Trabajado - Cuartel 296 - Hilera 340</name><Style><LineStyle><color>ff00ff00</color><width>3</width></LineStyle></Style><LineString><coordinates>-71.4850116,-35.7145299,0 -71.4850383,-35.714435,0</coordinates></LineString></Placemark><Placemark><name>Trabajado - Cuartel 296 - Hilera 361</name><Style><LineStyle><color>ff00ff00</color><width>3</width></LineStyle></Style><LineString><coordinates>-71.4849033,-35.7145866,0 -71.4849266,-35.7144983,0</coordinates></LineString></Placemark><Placemark><name>Trabajado - Cuartel 296 - Hilera 363</name><Style><LineStyle><color>ff00ff00</color><width>3</width></LineStyle></Style><LineString><coordinates>-71.4850183,-35.7144783,0 -71.4853533,-35.71415,0</coordinates></LineString></Placemark><Placemark><name>Trabajado - Cuartel 296 - Hilera 381</name><Style><LineStyle><color>ff00ff00</color><width>3</width></LineStyle></Style><LineString><coordinates>-71.4852433,-35.7144816,0 -71.4854166,-35.71416,0</coordinates></LineString></Placemark><Placemark><name>Descartado (grupo chico) - Hilera 306</name><Style><LineStyle><color>ff00ffff</color><width>3</width></LineStyle></Style><LineString><coordinates>-71.4821699,-35.7075583,0 -71.4821116,-35.7076633,0</coordinates></LineString></Placemark><Placemark><name>Descartado (grupo chico) - Hilera 336</name><Style><LineStyle><color>ff00ffff</color><width>3</width></LineStyle></Style><LineString><coordinates>-71.481725,-35.7078783,0 -71.4815533,-35.708095,0</coordinates></LineString></Placemark><Placemark><name>Descartado (grupo chico) - Hilera 421</name><Style><LineStyle><color>ff00ffff</color><width>3</width></LineStyle></Style><LineString><coordinates>-71.4820966,-35.7076116,0 -71.48138,-35.7082349,0</coordinates></LineString></Placemark><Placemark><name>Trabajado - Cuartel 315 - Hilera 315</name><Style><LineStyle><color>ff00ff00</color><width>3</width></LineStyle></Style><LineString><coordinates>-71.4832683,-35.7102216,0 -71.4834566,-35.71016,0</coordinates></LineString></Placemark><Placemark><name>Trabajado - Cuartel 315 - Hilera 320</name><Style><LineStyle><color>ff00ff00</color><width>3</width></LineStyle></Style><LineString><coordinates>-71.4834483,-35.70993,0 -71.483195,-35.710175,0</coordinates></LineString></Placemark><Placemark><name>Trabajado - Cuartel 315 - Hilera 321</name><Style><LineStyle><color>ff00ff00</color><width>3</width></LineStyle></Style><LineString><coordinates>-71.483195,-35.710175,0 -71.4830516,-35.7102033,0</coordinates></LineString></Placemark><Placemark><name>Trabajado - Cuartel 315 - Hilera 330</name><Style><LineStyle><color>ff00ff00</color><width>3</width></LineStyle></Style><LineString><coordinates>-71.4831083,-35.7104116,0 -71.4835016,-35.7102066,0</coordinates></LineString></Placemark><Placemark><name>Trabajado - Cuartel 315 - Hilera 350</name><Style><LineStyle><color>ff00ff00</color><width>3</width></LineStyle></Style><LineString><coordinates>-71.4829566,-35.7105183,0 -71.4829866,-35.7103816,0</coordinates></LineString></Placemark><Placemark><name>Trabajado - Cuartel 315 - Hilera 351</name><Style><LineStyle><color>ff00ff00</color><width>3</width></LineStyle></Style><LineString><coordinates>-71.4829866,-35.7103816,0 -71.4835116,-35.7100266,0</coordinates></LineString></Placemark><Placemark><name>Trabajado - Cuartel 315 - Hilera 354</name><Style><LineStyle><color>ff00ff00</color><width>3</width></LineStyle></Style><LineString><coordinates>-71.4834433,-35.7099216,0 -71.4831933,-35.7102866,0</coordinates></LineString></Placemark><Placemark><name>Trabajado - Cuartel 315 - Hilera 355</name><Style><LineStyle><color>ff00ff00</color><width>3</width></LineStyle></Style><LineString><coordinates>-71.4831933,-35.7102866,0 -71.48270741293729,-35.71042264837755,0</coordinates></LineString></Placemark><Placemark><name>Descartado (grupo chico) - Hilera 324</name><Style><LineStyle><color>ff00ffff</color><width>3</width></LineStyle></Style><LineString><coordinates>-71.4819983,-35.7076916,0 -71.4817716,-35.707755,0</coordinates></LineString></Placemark><Placemark><name>Descartado (grupo chico) - Hilera 335</name><Style><LineStyle><color>ff00ffff</color><width>3</width></LineStyle></Style><LineString><coordinates>-71.4824033,-35.70774,0 -71.481725,-35.7078783,0</coordinates></LineString></Placemark><Placemark><name>Descartado (grupo chico) - Hilera 337</name><Style><LineStyle><color>ff00ffff</color><width>3</width></LineStyle></Style><LineString><coordinates>-71.4815533,-35.708095,0 -71.482235,-35.7092849,0</coordinates></LineString></Placemark><Placemark><name>Descartado (grupo chico) - Hilera 423</name><Style><LineStyle><color>ff00ffff</color><width>3</width></LineStyle></Style><LineString><coordinates>-71.481365,-35.7083583,0 -71.4816666,-35.7093066,0</coordinates></LineString></Placemark><Placemark><name>Descartado (grupo chico) - Hilera 339</name><Style><LineStyle><color>ff00ffff</color><width>3</width></LineStyle></Style><LineString><coordinates>-71.48478440427598,-35.714611868031625,0 -71.4851025785072,-35.7144970766307,0</coordinates></LineString></Placemark><Placemark><name>Descartado (grupo chico) - Hilera 362</name><Style><LineStyle><color>ff00ffff</color><width>3</width></LineStyle></Style><LineString><coordinates>-71.48501654008774,-35.714473770885164,0 -71.48402097923,-35.714745287482714,0</coordinates></LineString></Placemark><Placemark><name>Descartado (grupo chico) - Hilera 341</name><Style><LineStyle><color>ff00ffff</color><width>3</width></LineStyle></Style><LineString><coordinates>-71.4850383,-35.714435,0 -71.48173980518193,-35.707896086629155,0</coordinates></LineString></Placemark><Placemark><name>Descartado (grupo chico) - Hilera 346</name><Style><LineStyle><color>ff00ffff</color><width>3</width></LineStyle></Style><LineString><coordinates>-71.4847816,-35.713635,0 -71.4847333,-35.713835,0</coordinates></LineString></Placemark><Placemark><name>Descartado (grupo chico) - Hilera 347</name><Style><LineStyle><color>ff00ffff</color><width>3</width></LineStyle></Style><LineString><coordinates>-71.4847333,-35.713835,0 -71.4846633,-35.7139116,0</coordinates></LineString></Placemark><Placemark><name>Descartado (grupo chico) - Hilera 368</name><Style><LineStyle><color>ff00ffff</color><width>3</width></LineStyle></Style><LineString><coordinates>-71.4853016,-35.7147666,0 -71.4873733,-35.7184766,0</coordinates></LineString></Placemark><Placemark><name>Descartado (grupo chico) - Hilera 380</name><Style><LineStyle><color>ff00ffff</color><width>3</width></LineStyle></Style><LineString><coordinates>-71.48726417062373,-35.71843487546851,0 -71.4852262694073,-35.71444828434709,0</coordinates></LineString></Placemark><Placemark><name>Descartado (grupo chico) - Hilera 451</name><Style><LineStyle><color>ff00ffff</color><width>3</width></LineStyle></Style><LineString><coordinates>-71.4851466,-35.7144883,0 -71.4876649,-35.7185316,0</coordinates></LineString></Placemark><Placemark><name>Descartado (grupo chico) - Hilera 369</name><Style><LineStyle><color>ff00ffff</color><width>3</width></LineStyle></Style><LineString><coordinates>-71.4873733,-35.7184766,0 -71.487615,-35.718485,0</coordinates></LineString></Placemark><Placemark><name>Descartado (grupo chico) - Hilera 620</name><Style><LineStyle><color>ff00ffff</color><width>3</width></LineStyle></Style><LineString><coordinates>-71.4875716,-35.71843,0 -71.4872733,-35.7184316,0</coordinates></LineString></Placemark><Placemark><name>Trabajado - Cuartel 370 - Hilera 370</name><Style><LineStyle><color>ff00ff00</color><width>3</width></LineStyle></Style><LineString><coordinates>-71.487615,-35.718485,0 -71.4880216,-35.7197566,0</coordinates></LineString></Placemark><Placemark><name>Trabajado - Cuartel 370 - Hilera 371</name><Style><LineStyle><color>ff00ff00</color><width>3</width></LineStyle></Style><LineString><coordinates>-71.4879766,-35.7197783,0 -71.4880716,-35.7198566,0</coordinates></LineString></Placemark><Placemark><name>Trabajado - Cuartel 370 - Hilera 372</name><Style><LineStyle><color>ff00ff00</color><width>3</width></LineStyle></Style><LineString><coordinates>-71.4880716,-35.7198566,0 -71.48811,-35.71966,0</coordinates></LineString></Placemark><Placemark><name>Trabajado - Cuartel 370 - Hilera 373</name><Style><LineStyle><color>ff00ff00</color><width>3</width></LineStyle></Style><LineString><coordinates>-71.48811,-35.71966,0 -71.4879233,-35.7191483,0</coordinates></LineString></Placemark><Placemark><name>Trabajado - Cuartel 370 - Hilera 374</name><Style><LineStyle><color>ff00ff00</color><width>3</width></LineStyle></Style><LineString><coordinates>-71.4879233,-35.7191483,0 -71.48777,-35.719115,0</coordinates></LineString></Placemark><Placemark><name>Trabajado - Cuartel 370 - Hilera 378</name><Style><LineStyle><color>ff00ff00</color><width>3</width></LineStyle></Style><LineString><coordinates>-71.487915,-35.718995,0 -71.4875533,-35.71843,0</coordinates></LineString></Placemark><Placemark><name>Trabajado - Cuartel 370 - Hilera 452</name><Style><LineStyle><color>ff00ff00</color><width>3</width></LineStyle></Style><LineString><coordinates>-71.4876649,-35.7185316,0 -71.4886866,-35.720475,0</coordinates></LineString></Placemark><Placemark><name>Trabajado - Cuartel 370 - Hilera 477</name><Style><LineStyle><color>ff00ff00</color><width>3</width></LineStyle></Style><LineString><coordinates>-71.488845,-35.7204633,0 -71.4882466,-35.719565,0</coordinates></LineString></Placemark><Placemark><name>Trabajado - Cuartel 370 - Hilera 478</name><Style><LineStyle><color>ff00ff00</color><width>3</width></LineStyle></Style><LineString><coordinates>-71.4882166,-35.7195483,0 -71.4879399,-35.7195266,0</coordinates></LineString></Placemark><Placemark><name>Trabajado - Cuartel 370 - Hilera 479</name><Style><LineStyle><color>ff00ff00</color><width>3</width></LineStyle></Style><LineString><coordinates>-71.48801437616832,-35.71950008254435,0 -71.4878416,-35.7195616,0</coordinates></LineString></Placemark><Placemark><name>Trabajado - Cuartel 370 - Hilera 480</name><Style><LineStyle><color>ff00ff00</color><width>3</width></LineStyle></Style><LineString><coordinates>-71.48783899737889,-35.71955803224411,0 -71.488125,-35.7194116,0</coordinates></LineString></Placemark><Placemark><name>Trabajado - Cuartel 370 - Hilera 481</name><Style><LineStyle><color>ff00ff00</color><width>3</width></LineStyle></Style><LineString><coordinates>-71.488125,-35.7194116,0 -71.4878933,-35.7190783,0</coordinates></LineString></Placemark><Placemark><name>Trabajado - Cuartel 370 - Hilera 482</name><Style><LineStyle><color>ff00ff00</color><width>3</width></LineStyle></Style><LineString><coordinates>-71.4878933,-35.7190783,0 -71.4877633,-35.719055,0</coordinates></LineString></Placemark><Placemark><name>Trabajado - Cuartel 370 - Hilera 488</name><Style><LineStyle><color>ff00ff00</color><width>3</width></LineStyle></Style><LineString><coordinates>-71.4878966,-35.7190883,0 -71.48875012950573,-35.72048209336073,0</coordinates></LineString></Placemark><Placemark><name>Trabajado - Cuartel 370 - Hilera 528</name><Style><LineStyle><color>ff00ff00</color><width>3</width></LineStyle></Style><LineString><coordinates>-71.48800907831871,-35.719178992012154,0 -71.48773522302436,-35.71907809795634,0</coordinates></LineString></Placemark><Placemark><name>Trabajado - Cuartel 370 - Hilera 536</name><Style><LineStyle><color>ff00ff00</color><width>3</width></LineStyle></Style><LineString><coordinates>-71.4877766,-35.71909,0 -71.4879,-35.719095,0</coordinates></LineString></Placemark><Placemark><name>Trabajado - Cuartel 370 - Hilera 537</name><Style><LineStyle><color>ff00ff00</color><width>3</width></LineStyle></Style><LineString><coordinates>-71.4879,-35.719095,0 -71.4887133,-35.7205116,0</coordinates></LineString></Placemark><Placemark><name>Trabajado - Cuartel 370 - Hilera 571</name><Style><LineStyle><color>ff00ff00</color><width>3</width></LineStyle></Style><LineString><coordinates>-71.4881716,-35.7195916,0 -71.4878183,-35.719505,0</coordinates></LineString></Placemark><Placemark><name>Trabajado - Cuartel 370 - Hilera 572</name><Style><LineStyle><color>ff00ff00</color><width>3</width></LineStyle></Style><LineString><coordinates>-71.4878183,-35.719505,0 -71.4874899,-35.7195899,0</coordinates></LineString></Placemark><Placemark><name>Trabajado - Cuartel 370 - Hilera 573</name><Style><LineStyle><color>ff00ff00</color><width>3</width></LineStyle></Style><LineString><coordinates>-71.4874899,-35.7195899,0 -71.48754,-35.7194983,0</coordinates></LineString></Placemark><Placemark><name>Trabajado - Cuartel 370 - Hilera 574</name><Style><LineStyle><color>ff00ff00</color><width>3</width></LineStyle></Style><LineString><coordinates>-71.48754,-35.7194983,0 -71.48781,-35.719545,0</coordinates></LineString></Placemark><Placemark><name>Trabajado - Cuartel 370 - Hilera 575</name><Style><LineStyle><color>ff00ff00</color><width>3</width></LineStyle></Style><LineString><coordinates>-71.48792,-35.7195066,0 -71.4882333,-35.7196849,0</coordinates></LineString></Placemark><Placemark><name>Trabajado - Cuartel 370 - Hilera 612</name><Style><LineStyle><color>ff00ff00</color><width>3</width></LineStyle></Style><LineString><coordinates>-71.4886383,-35.7204333,0 -71.4878583,-35.7191016,0</coordinates></LineString></Placemark><Placemark><name>Trabajado - Cuartel 370 - Hilera 618</name><Style><LineStyle><color>ff00ff00</color><width>3</width></LineStyle></Style><LineString><coordinates>-71.48807,-35.7193216,0 -71.4880533,-35.7195583,0</coordinates></LineString></Placemark><Placemark><name>Trabajado - Cuartel 370 - Hilera 619</name><Style><LineStyle><color>ff00ff00</color><width>3</width></LineStyle></Style><LineString><coordinates>-71.4881,-35.7194999,0 -71.4875716,-35.71843,0</coordinates></LineString></Placemark><Placemark><name>Trabajado - Cuartel 375 - Hilera 375</name><Style><LineStyle><color>ff00ff00</color><width>3</width></LineStyle></Style><LineString><coordinates>-71.48777,-35.719115,0 -71.4855,-35.7197616,0</coordinates></LineString></Placemark><Placemark><name>Trabajado - Cuartel 375 - Hilera 377</name><Style><LineStyle><color>ff00ff00</color><width>3</width></LineStyle></Style><LineString><coordinates>-71.4854666,-35.7197666,0 -71.487915,-35.718995,0</coordinates></LineString></Placemark><Placemark><name>Trabajado - Cuartel 375 - Hilera 483</name><Style><LineStyle><color>ff00ff00</color><width>3</width></LineStyle></Style><LineString><coordinates>-71.4877633,-35.719055,0 -71.4858816,-35.719665,0</coordinates></LineString></Placemark><Placemark><name>Trabajado - Cuartel 375 - Hilera 487</name><Style><LineStyle><color>ff00ff00</color><width>3</width></LineStyle></Style><LineString><coordinates>-71.4853157832694,-35.71977601826789,0 -71.4878966,-35.7190883,0</coordinates></LineString></Placemark><Placemark><name>Trabajado - Cuartel 375 - Hilera 529</name><Style><LineStyle><color>ff00ff00</color><width>3</width></LineStyle></Style><LineString><coordinates>-71.4877583,-35.7190866,0 -71.48555,-35.7198249,0</coordinates></LineString></Placemark><Placemark><name>Trabajado - Cuartel 375 - Hilera 535</name><Style><LineStyle><color>ff00ff00</color><width>3</width></LineStyle></Style><LineString><coordinates>-71.4856183,-35.7197683,0 -71.4877766,-35.71909,0</coordinates></LineString></Placemark><Placemark><name>Trabajado - Cuartel 375 - Hilera 613</name><Style><LineStyle><color>ff00ff00</color><width>3</width></LineStyle></Style><LineString><coordinates>-71.4878583,-35.7191016,0 -71.4853516,-35.7197216,0</coordinates></LineString></Placemark><Placemark><name>Trabajado - Cuartel 375 - Hilera 617</name><Style><LineStyle><color>ff00ff00</color><width>3</width></LineStyle></Style><LineString><coordinates>-71.4854783,-35.71975,0 -71.4877316,-35.719085,0</coordinates></LineString></Placemark><Placemark><name>Trabajado - Cuartel 376 - Hilera 376</name><Style><LineStyle><color>ff00ff00</color><width>3</width></LineStyle></Style><LineString><coordinates>-71.4855,-35.7197616,0 -71.48507,-35.7192416,0</coordinates></LineString></Placemark><Placemark><name>Trabajado - Cuartel 376 - Hilera 486</name><Style><LineStyle><color>ff00ff00</color><width>3</width></LineStyle></Style><LineString><coordinates>-71.4852233,-35.7192916,0 -71.48554105937889,-35.719752120838976,0</coordinates></LineString></Placemark><Placemark><name>Trabajado - Cuartel 376 - Hilera 532</name><Style><LineStyle><color>ff00ff00</color><width>3</width></LineStyle></Style><LineString><coordinates>-71.4855166,-35.719665,0 -71.485185,-35.71924,0</coordinates></LineString></Placemark><Placemark><name>Trabajado - Cuartel 376 - Hilera 533</name><Style><LineStyle><color>ff00ff00</color><width>3</width></LineStyle></Style><LineString><coordinates>-71.485185,-35.71924,0 -71.4855,-35.719755,0</coordinates></LineString></Placemark><Placemark><name>Trabajado - Cuartel 376 - Hilera 614</name><Style><LineStyle><color>ff00ff00</color><width>3</width></LineStyle></Style><LineString><coordinates>-71.4853466,-35.7196983,0 -71.4853966,-35.7197816,0</coordinates></LineString></Placemark><Placemark><name>Trabajado - Cuartel 376 - Hilera 615</name><Style><LineStyle><color>ff00ff00</color><width>3</width></LineStyle></Style><LineString><coordinates>-71.4853783,-35.7196583,0 -71.4850733,-35.7192066,0</coordinates></LineString></Placemark><Placemark><name>Trabajado - Cuartel 376 - Hilera 616</name><Style><LineStyle><color>ff00ff00</color><width>3</width></LineStyle></Style><LineString><coordinates>-71.4850949,-35.7192216,0 -71.4854783,-35.71975,0</coordinates></LineString></Placemark><Placemark><name>Descartado (grupo chico) - Hilera 379</name><Style><LineStyle><color>ff00ffff</color><width>3</width></LineStyle></Style><LineString><coordinates>-71.4875533,-35.71843,0 -71.487185,-35.71828,0</coordinates></LineString></Placemark><Placemark><name>Trabajado - Cuartel 386 - Hilera 386</name><Style><LineStyle><color>ff00ff00</color><width>3</width></LineStyle></Style><LineString><coordinates>-71.4825833,-35.707255,0 -71.48273,-35.70713,0</coordinates></LineString></Placemark><Placemark><name>Trabajado - Cuartel 386 - Hilera 393</name><Style><LineStyle><color>ff00ff00</color><width>3</width></LineStyle></Style><LineString><coordinates>-71.482625,-35.7073466,0 -71.4828066,-35.706985,0</coordinates></LineString></Placemark><Placemark><name>Trabajado - Cuartel 386 - Hilera 406</name><Style><LineStyle><color>ff00ff00</color><width>3</width></LineStyle></Style><LineString><coordinates>-71.4830783,-35.7067999,0 -71.4830466,-35.7069666,0</coordinates></LineString></Placemark><Placemark><name>Trabajado - Cuartel 386 - Hilera 410</name><Style><LineStyle><color>ff00ff00</color><width>3</width></LineStyle></Style><LineString><coordinates>-71.483185,-35.7067933,0 -71.4831366,-35.7069466,0</coordinates></LineString></Placemark><Placemark><name>Trabajado - Cuartel 386 - Hilera 414</name><Style><LineStyle><color>ff00ff00</color><width>3</width></LineStyle></Style><LineString><coordinates>-71.4832649,-35.706745,0 -71.4827,-35.7070366,0</coordinates></LineString></Placemark><Placemark><name>Trabajado - Cuartel 386 - Hilera 415</name><Style><LineStyle><color>ff00ff00</color><width>3</width></LineStyle></Style><LineString><coordinates>-71.4827,-35.7070366,0 -71.4825633,-35.707285,0</coordinates></LineString></Placemark><Placemark><name>Descartado (grupo chico) - Hilera 389</name><Style><LineStyle><color>ff00ffff</color><width>3</width></LineStyle></Style><LineString><coordinates>-71.4826983,-35.7072166,0 -71.4825516,-35.7072416,0</coordinates></LineString></Placemark><Placemark><name>Descartado (grupo chico) - Hilera 399</name><Style><LineStyle><color>ff00ffff</color><width>3</width></LineStyle></Style><LineString><coordinates>-71.4830383,-35.70699,0 -71.482875,-35.7069383,0</coordinates></LineString></Placemark><Placemark><name>Descartado (grupo chico) - Hilera 422</name><Style><LineStyle><color>ff00ffff</color><width>3</width></LineStyle></Style><LineString><coordinates>-71.48138,-35.7082349,0 -71.481365,-35.7083583,0</coordinates></LineString></Placemark><Placemark><name>Descartado (grupo chico) - Hilera 424</name><Style><LineStyle><color>ff00ffff</color><width>3</width></LineStyle></Style><LineString><coordinates>-71.4816666,-35.7093066,0 -71.4817733,-35.7094916,0</coordinates></LineString></Placemark><Placemark><name>Descartado (grupo chico) - Hilera 427</name><Style><LineStyle><color>ff00ffff</color><width>3</width></LineStyle></Style><LineString><coordinates>-71.484145,-35.7139966,0 -71.4841083,-35.714095,0</coordinates></LineString></Placemark><Placemark><name>Descartado (grupo chico) - Hilera 432</name><Style><LineStyle><color>ff00ffff</color><width>3</width></LineStyle></Style><LineString><coordinates>-71.48141,-35.7092533,0 -71.48168,-35.7106116,0</coordinates></LineString></Placemark><Placemark><name>Descartado (grupo chico) - Hilera 433</name><Style><LineStyle><color>ff00ffff</color><width>3</width></LineStyle></Style><LineString><coordinates>-71.48168,-35.7106116,0 -71.4818516,-35.7110066,0</coordinates></LineString></Placemark><Placemark><name>Descartado (grupo chico) - Hilera 434</name><Style><LineStyle><color>ff00ffff</color><width>3</width></LineStyle></Style><LineString><coordinates>-71.4818333,-35.7110316,0 -71.4818483,-35.7109466,0</coordinates></LineString></Placemark><Placemark><name>Descartado (grupo chico) - Hilera 435</name><Style><LineStyle><color>ff00ffff</color><width>3</width></LineStyle></Style><LineString><coordinates>-71.481825,-35.7109433,0 -71.481815,-35.71102,0</coordinates></LineString></Placemark><Placemark><name>Descartado (grupo chico) - Hilera 437</name><Style><LineStyle><color>ff00ffff</color><width>3</width></LineStyle></Style><LineString><coordinates>-71.482295,-35.71196,0 -71.4837183,-35.714775,0</coordinates></LineString></Placemark><Placemark><name>Descartado (grupo chico) - Hilera 440</name><Style><LineStyle><color>ff00ffff</color><width>3</width></LineStyle></Style><LineString><coordinates>-71.4835266,-35.7149683,0 -71.48155791330511,-35.711162357572555,0</coordinates></LineString></Placemark><Placemark><name>Descartado (grupo chico) - Hilera 438</name><Style><LineStyle><color>ff00ffff</color><width>3</width></LineStyle></Style><LineString><coordinates>-71.4837183,-35.714775,0 -71.4836766,-35.7149166,0</coordinates></LineString></Placemark><Placemark><name>Descartado (grupo chico) - Hilera 439</name><Style><LineStyle><color>ff00ffff</color><width>3</width></LineStyle></Style><LineString><coordinates>-71.4836766,-35.7149166,0 -71.4835266,-35.7149683,0</coordinates></LineString></Placemark><Placemark><name>Descartado (grupo chico) - Hilera 450</name><Style><LineStyle><color>ff00ffff</color><width>3</width></LineStyle></Style><LineString><coordinates>-71.482665,-35.7152633,0 -71.4851466,-35.7144883,0</coordinates></LineString></Placemark><Placemark><name>Descartado (grupo chico) - Hilera 441</name><Style><LineStyle><color>ff00ffff</color><width>3</width></LineStyle></Style><LineString><coordinates>-71.48156,-35.7111616,0 -71.4823266,-35.71343,0</coordinates></LineString></Placemark><Placemark><name>Trabajado - Cuartel 442 - Hilera 442</name><Style><LineStyle><color>ff00ff00</color><width>3</width></LineStyle></Style><LineString><coordinates>-71.4823266,-35.71343,0 -71.4831333,-35.715145,0</coordinates></LineString></Placemark><Placemark><name>Trabajado - Cuartel 442 - Hilera 444</name><Style><LineStyle><color>ff00ff00</color><width>3</width></LineStyle></Style><LineString><coordinates>-71.4828999,-35.7152183,0 -71.481805,-35.7129916,0</coordinates></LineString></Placemark><Placemark><name>Trabajado - Cuartel 442 - Hilera 445</name><Style><LineStyle><color>ff00ff00</color><width>3</width></LineStyle></Style><LineString><coordinates>-71.4819233,-35.7132533,0 -71.4823766,-35.71492,0</coordinates></LineString></Placemark><Placemark><name>Trabajado - Cuartel 442 - Hilera 446</name><Style><LineStyle><color>ff00ff00</color><width>3</width></LineStyle></Style><LineString><coordinates>-71.4823766,-35.71492,0 -71.4825333,-35.7152866,0</coordinates></LineString></Placemark><Placemark><name>Trabajado - Cuartel 442 - Hilera 447</name><Style><LineStyle><color>ff00ff00</color><width>3</width></LineStyle></Style><LineString><coordinates>-71.4825333,-35.7152866,0 -71.4822433,-35.7145033,0</coordinates></LineString></Placemark><Placemark><name>Trabajado - Cuartel 442 - Hilera 448</name><Style><LineStyle><color>ff00ff00</color><width>3</width></LineStyle></Style><LineString><coordinates>-71.4822383,-35.7145199,0 -71.4820233,-35.7140799,0</coordinates></LineString></Placemark><Placemark><name>Trabajado - Cuartel 442 - Hilera 449</name><Style><LineStyle><color>ff00ff00</color><width>3</width></LineStyle></Style><LineString><coordinates>-71.4820233,-35.7140799,0 -71.482665,-35.7152633,0</coordinates></LineString></Placemark><Placemark><name>Descartado (grupo chico) - Hilera 443</name><Style><LineStyle><color>ff00ffff</color><width>3</width></LineStyle></Style><LineString><coordinates>-71.4831333,-35.715145,0 -71.4828999,-35.7152183,0</coordinates></LineString></Placemark><Placemark><name>Trabajado - Cuartel 453 - Hilera 453</name><Style><LineStyle><color>ff00ff00</color><width>3</width></LineStyle></Style><LineString><coordinates>-71.4886866,-35.720475,0 -71.48886,-35.7205216,0</coordinates></LineString></Placemark><Placemark><name>Trabajado - Cuartel 453 - Hilera 454</name><Style><LineStyle><color>ff00ff00</color><width>3</width></LineStyle></Style><LineString><coordinates>-71.48873084905826,-35.72057221021474,0 -71.4892683,-35.7203616,0</coordinates></LineString></Placemark><Placemark><name>Trabajado - Cuartel 453 - Hilera 476</name><Style><LineStyle><color>ff00ff00</color><width>3</width></LineStyle></Style><LineString><coordinates>-71.48985350420242,-35.720142037065145,0 -71.48883063586581,-35.7204678757508,0</coordinates></LineString></Placemark><Placemark><name>Trabajado - Cuartel 453 - Hilera 489</name><Style><LineStyle><color>ff00ff00</color><width>3</width></LineStyle></Style><LineString><coordinates>-71.4887366,-35.72046,0 -71.4899833,-35.720115,0</coordinates></LineString></Placemark><Placemark><name>Trabajado - Cuartel 453 - Hilera 521</name><Style><LineStyle><color>ff00ff00</color><width>3</width></LineStyle></Style><LineString><coordinates>-71.4891666,-35.7204216,0 -71.4890333,-35.7204083,0</coordinates></LineString></Placemark><Placemark><name>Trabajado - Cuartel 453 - Hilera 562</name><Style><LineStyle><color>ff00ff00</color><width>3</width></LineStyle></Style><LineString><coordinates>-71.4890183,-35.720475,0 -71.489125,-35.72053,0</coordinates></LineString></Placemark><Placemark><name>Trabajado - Cuartel 453 - Hilera 565</name><Style><LineStyle><color>ff00ff00</color><width>3</width></LineStyle></Style><LineString><coordinates>-71.4892483,-35.7203966,0 -71.4889316,-35.7204583,0</coordinates></LineString></Placemark><Placemark><name>Trabajado - Cuartel 453 - Hilera 570</name><Style><LineStyle><color>ff00ff00</color><width>3</width></LineStyle></Style><LineString><coordinates>-71.489845,-35.7201233,0 -71.488675,-35.7204083,0</coordinates></LineString></Placemark><Placemark><name>Trabajado - Cuartel 453 - Hilera 576</name><Style><LineStyle><color>ff00ff00</color><width>3</width></LineStyle></Style><LineString><coordinates>-71.488755,-35.72048,0 -71.4900833,-35.7201016,0</coordinates></LineString></Placemark><Placemark><name>Trabajado - Cuartel 453 - Hilera 610</name><Style><LineStyle><color>ff00ff00</color><width>3</width></LineStyle></Style><LineString><coordinates>-71.4899166,-35.7201466,0 -71.48891,-35.7204766,0</coordinates></LineString></Placemark><Placemark><name>Trabajado - Cuartel 453 - Hilera 611</name><Style><LineStyle><color>ff00ff00</color><width>3</width></LineStyle></Style><LineString><coordinates>-71.48891,-35.7204766,0 -71.4886383,-35.7204333,0</coordinates></LineString></Placemark><Placemark><name>Trabajado - Cuartel 455 - Hilera 455</name><Style><LineStyle><color>ff00ff00</color><width>3</width></LineStyle></Style><LineString><coordinates>-71.48870293811936,-35.7205151960158,0 -71.4918123996132,-35.72680378290047,0</coordinates></LineString></Placemark><Placemark><name>Trabajado - Cuartel 455 - Hilera 457</name><Style><LineStyle><color>ff00ff00</color><width>3</width></LineStyle></Style><LineString><coordinates>-71.4898783,-35.7226083,0 -71.4910733,-35.7248199,0</coordinates></LineString></Placemark><Placemark><name>Trabajado - Cuartel 455 - Hilera 465</name><Style><LineStyle><color>ff00ff00</color><width>3</width></LineStyle></Style><LineString><coordinates>-71.491175,-35.7246666,0 -71.4911783,-35.724575,0</coordinates></LineString></Placemark><Placemark><name>Trabajado - Cuartel 455 - Hilera 467</name><Style><LineStyle><color>ff00ff00</color><width>3</width></LineStyle></Style><LineString><coordinates>-71.4910683,-35.7243166,0 -71.4910616,-35.7241216,0</coordinates></LineString></Placemark><Placemark><name>Trabajado - Cuartel 455 - Hilera 469</name><Style><LineStyle><color>ff00ff00</color><width>3</width></LineStyle></Style><LineString><coordinates>-71.490965,-35.7240266,0 -71.4909516,-35.7237483,0</coordinates></LineString></Placemark><Placemark><name>Trabajado - Cuartel 455 - Hilera 470</name><Style><LineStyle><color>ff00ff00</color><width>3</width></LineStyle></Style><LineString><coordinates>-71.4908866,-35.7237916,0 -71.4908216,-35.72349,0</coordinates></LineString></Placemark><Placemark><name>Trabajado - Cuartel 455 - Hilera 471</name><Style><LineStyle><color>ff00ff00</color><width>3</width></LineStyle></Style><LineString><coordinates>-71.4907583,-35.7235116,0 -71.49017460897721,-35.72248545226219,0</coordinates></LineString></Placemark><Placemark><name>Trabajado - Cuartel 455 - Hilera 500</name><Style><LineStyle><color>ff00ff00</color><width>3</width></LineStyle></Style><LineString><coordinates>-71.4928083,-35.7264066,0 -71.4897416,-35.7204266,0</coordinates></LineString></Placemark><Placemark><name>Trabajado - Cuartel 455 - Hilera 506</name><Style><LineStyle><color>ff00ff00</color><width>3</width></LineStyle></Style><LineString><coordinates>-71.49264295125238,-35.72658574694688,0 -71.4895583,-35.72031,0</coordinates></LineString></Placemark><Placemark><name>Trabajado - Cuartel 455 - Hilera 511</name><Style><LineStyle><color>ff00ff00</color><width>3</width></LineStyle></Style><LineString><coordinates>-71.491375,-35.7240883,0 -71.4905883,-35.7225783,0</coordinates></LineString></Placemark><Placemark><name>Trabajado - Cuartel 455 - Hilera 518</name><Style><LineStyle><color>ff00ff00</color><width>3</width></LineStyle></Style><LineString><coordinates>-71.4892349,-35.7203866,0 -71.49237174038805,-35.72650956989318,0</coordinates></LineString></Placemark><Placemark><name>Trabajado - Cuartel 455 - Hilera 520</name><Style><LineStyle><color>ff00ff00</color><width>3</width></LineStyle></Style><LineString><coordinates>-71.4923599,-35.7266066,0 -71.4891366,-35.7203266,0</coordinates></LineString></Placemark><Placemark><name>Trabajado - Cuartel 455 - Hilera 522</name><Style><LineStyle><color>ff00ff00</color><width>3</width></LineStyle></Style><LineString><coordinates>-71.4890333,-35.7204083,0 -71.4913633,-35.7251083,0</coordinates></LineString></Placemark><Placemark><name>Trabajado - Cuartel 455 - Hilera 527</name><Style><LineStyle><color>ff00ff00</color><width>3</width></LineStyle></Style><LineString><coordinates>-71.4920116,-35.7267966,0 -71.4879483,-35.7191566,0</coordinates></LineString></Placemark><Placemark><name>Trabajado - Cuartel 455 - Hilera 561</name><Style><LineStyle><color>ff00ff00</color><width>3</width></LineStyle></Style><LineString><coordinates>-71.4920933,-35.72668,0 -71.4890183,-35.720475,0</coordinates></LineString></Placemark><Placemark><name>Trabajado - Cuartel 455 - Hilera 563</name><Style><LineStyle><color>ff00ff00</color><width>3</width></LineStyle></Style><LineString><coordinates>-71.489125,-35.72053,0 -71.4922699,-35.72666,0</coordinates></LineString></Placemark><Placemark><name>Trabajado - Cuartel 455 - Hilera 564</name><Style><LineStyle><color>ff00ff00</color><width>3</width></LineStyle></Style><LineString><coordinates>-71.4922699,-35.72666,0 -71.4892483,-35.7203966,0</coordinates></LineString></Placemark><Placemark><name>Descartado (grupo chico) - Hilera 456</name><Style><LineStyle><color>ff00ffff</color><width>3</width></LineStyle></Style><LineString><coordinates>-71.4897733,-35.7226799,0 -71.4898783,-35.7226083,0</coordinates></LineString></Placemark><Placemark><name>Descartado (grupo chico) - Hilera 568</name><Style><LineStyle><color>ff00ffff</color><width>3</width></LineStyle></Style><LineString><coordinates>-71.4898266,-35.7223866,0 -71.4897733,-35.72245,0</coordinates></LineString></Placemark><Placemark><name>Descartado (grupo chico) - Hilera 458</name><Style><LineStyle><color>ff00ffff</color><width>3</width></LineStyle></Style><LineString><coordinates>-71.4910733,-35.7248199,0 -71.49161434409449,-35.72602743705694,0</coordinates></LineString></Placemark><Placemark><name>Trabajado - Cuartel 459 - Hilera 459</name><Style><LineStyle><color>ff00ff00</color><width>3</width></LineStyle></Style><LineString><coordinates>-71.49146404182413,-35.7257470943375,0 -71.49209,-35.72694,0</coordinates></LineString></Placemark><Placemark><name>Trabajado - Cuartel 459 - Hilera 461</name><Style><LineStyle><color>ff00ff00</color><width>3</width></LineStyle></Style><LineString><coordinates>-71.4921683,-35.7268566,0 -71.4915316,-35.7250533,0</coordinates></LineString></Placemark><Placemark><name>Trabajado - Cuartel 459 - Hilera 496</name><Style><LineStyle><color>ff00ff00</color><width>3</width></LineStyle></Style><LineString><coordinates>-71.4929966,-35.7260883,0 -71.4931249,-35.726365,0</coordinates></LineString></Placemark><Placemark><name>Trabajado - Cuartel 459 - Hilera 508</name><Style><LineStyle><color>ff00ff00</color><width>3</width></LineStyle></Style><LineString><coordinates>-71.49249,-35.72647,0 -71.4922066,-35.7258133,0</coordinates></LineString></Placemark><Placemark><name>Trabajado - Cuartel 459 - Hilera 509</name><Style><LineStyle><color>ff00ff00</color><width>3</width></LineStyle></Style><LineString><coordinates>-71.4922066,-35.7258133,0 -71.4921016,-35.7256666,0</coordinates></LineString></Placemark><Placemark><name>Trabajado - Cuartel 459 - Hilera 519</name><Style><LineStyle><color>ff00ff00</color><width>3</width></LineStyle></Style><LineString><coordinates>-71.49238,-35.7265066,0 -71.4923599,-35.7266066,0</coordinates></LineString></Placemark><Placemark><name>Trabajado - Cuartel 459 - Hilera 523</name><Style><LineStyle><color>ff00ff00</color><width>3</width></LineStyle></Style><LineString><coordinates>-71.4913633,-35.7251083,0 -71.4921233,-35.7267566,0</coordinates></LineString></Placemark><Placemark><name>Trabajado - Cuartel 459 - Hilera 524</name><Style><LineStyle><color>ff00ff00</color><width>3</width></LineStyle></Style><LineString><coordinates>-71.4921233,-35.7267566,0 -71.4920933,-35.7265633,0</coordinates></LineString></Placemark><Placemark><name>Trabajado - Cuartel 459 - Hilera 525</name><Style><LineStyle><color>ff00ff00</color><width>3</width></LineStyle></Style><LineString><coordinates>-71.4920933,-35.7265633,0 -71.4921433,-35.7266533,0</coordinates></LineString></Placemark><Placemark><name>Trabajado - Cuartel 459 - Hilera 541</name><Style><LineStyle><color>ff00ff00</color><width>3</width></LineStyle></Style><LineString><coordinates>-71.493145,-35.72624,0 -71.4929083,-35.7256266,0</coordinates></LineString></Placemark><Placemark><name>Trabajado - Cuartel 459 - Hilera 558</name><Style><LineStyle><color>ff00ff00</color><width>3</width></LineStyle></Style><LineString><coordinates>-71.4926649,-35.7251916,0 -71.492965,-35.72646,0</coordinates></LineString></Placemark><Placemark><name>Descartado (grupo chico) - Hilera 460</name><Style><LineStyle><color>ff00ffff</color><width>3</width></LineStyle></Style><LineString><coordinates>-71.49209,-35.72694,0 -71.4921683,-35.7268566,0</coordinates></LineString></Placemark><Placemark><name>Descartado (grupo chico) - Hilera 526</name><Style><LineStyle><color>ff00ffff</color><width>3</width></LineStyle></Style><LineString><coordinates>-71.4921433,-35.7266533,0 -71.4920116,-35.7267966,0</coordinates></LineString></Placemark><Placemark><name>Descartado (grupo chico) - Hilera 462</name><Style><LineStyle><color>ff00ffff</color><width>3</width></LineStyle></Style><LineString><coordinates>-71.4915316,-35.7250533,0 -71.49142,-35.725035,0</coordinates></LineString></Placemark><Placemark><name>Descartado (grupo chico) - Hilera 463</name><Style><LineStyle><color>ff00ffff</color><width>3</width></LineStyle></Style><LineString><coordinates>-71.49142,-35.725035,0 -71.49147,-35.7249733,0</coordinates></LineString></Placemark><Placemark><name>Descartado (grupo chico) - Hilera 464</name><Style><LineStyle><color>ff00ffff</color><width>3</width></LineStyle></Style><LineString><coordinates>-71.4914783,-35.7249183,0 -71.491175,-35.7246666,0</coordinates></LineString></Placemark><Placemark><name>Descartado (grupo chico) - Hilera 466</name><Style><LineStyle><color>ff00ffff</color><width>3</width></LineStyle></Style><LineString><coordinates>-71.4912283,-35.7245799,0 -71.4910683,-35.7243166,0</coordinates></LineString></Placemark><Placemark><name>Descartado (grupo chico) - Hilera 468</name><Style><LineStyle><color>ff00ffff</color><width>3</width></LineStyle></Style><LineString><coordinates>-71.4910616,-35.7241216,0 -71.490965,-35.7240266,0</coordinates></LineString></Placemark><Placemark><name>Descartado (grupo chico) - Hilera 472</name><Style><LineStyle><color>ff00ffff</color><width>3</width></LineStyle></Style><LineString><coordinates>-71.4904066,-35.7228933,0 -71.4904216,-35.7227733,0</coordinates></LineString></Placemark><Placemark><name>Trabajado - Cuartel 473 - Hilera 473</name><Style><LineStyle><color>ff00ff00</color><width>3</width></LineStyle></Style><LineString><coordinates>-71.4903933,-35.7227166,0 -71.4902566,-35.7226583,0</coordinates></LineString></Placemark><Placemark><name>Trabajado - Cuartel 473 - Hilera 474</name><Style><LineStyle><color>ff00ff00</color><width>3</width></LineStyle></Style><LineString><coordinates>-71.49018,-35.7224833,0 -71.4900716,-35.7224833,0</coordinates></LineString></Placemark><Placemark><name>Trabajado - Cuartel 473 - Hilera 493</name><Style><LineStyle><color>ff00ff00</color><width>3</width></LineStyle></Style><LineString><coordinates>-71.4910216,-35.7221766,0 -71.4911266,-35.7222333,0</coordinates></LineString></Placemark><Placemark><name>Trabajado - Cuartel 473 - Hilera 505</name><Style><LineStyle><color>ff00ff00</color><width>3</width></LineStyle></Style><LineString><coordinates>-71.4906216,-35.72234,0 -71.4905233,-35.7222733,0</coordinates></LineString></Placemark><Placemark><name>Trabajado - Cuartel 473 - Hilera 516</name><Style><LineStyle><color>ff00ff00</color><width>3</width></LineStyle></Style><LineString><coordinates>-71.4903633,-35.7224183,0 -71.4902366,-35.7223816,0</coordinates></LineString></Placemark><Placemark><name>Trabajado - Cuartel 475 - Hilera 475</name><Style><LineStyle><color>ff00ff00</color><width>3</width></LineStyle></Style><LineString><coordinates>-71.4900683,-35.722505,0 -71.4889916,-35.7204166,0</coordinates></LineString></Placemark><Placemark><name>Trabajado - Cuartel 475 - Hilera 491</name><Style><LineStyle><color>ff00ff00</color><width>3</width></LineStyle></Style><LineString><coordinates>-71.4902966,-35.7208566,0 -71.49117416123197,-35.72232019427853,0</coordinates></LineString></Placemark><Placemark><name>Trabajado - Cuartel 475 - Hilera 492</name><Style><LineStyle><color>ff00ff00</color><width>3</width></LineStyle></Style><LineString><coordinates>-71.49086,-35.7218116,0 -71.4910216,-35.7221766,0</coordinates></LineString></Placemark><Placemark><name>Trabajado - Cuartel 475 - Hilera 494</name><Style><LineStyle><color>ff00ff00</color><width>3</width></LineStyle></Style><LineString><coordinates>-71.49111360735505,-35.72223744447795,0 -71.4915783,-35.7232599,0</coordinates></LineString></Placemark><Placemark><name>Trabajado - Cuartel 475 - Hilera 503</name><Style><LineStyle><color>ff00ff00</color><width>3</width></LineStyle></Style><LineString><coordinates>-71.4898516,-35.7202683,0 -71.4908216,-35.7222333,0</coordinates></LineString></Placemark><Placemark><name>Trabajado - Cuartel 475 - Hilera 512</name><Style><LineStyle><color>ff00ff00</color><width>3</width></LineStyle></Style><LineString><coordinates>-71.4905883,-35.7225783,0 -71.4894683,-35.72031,0</coordinates></LineString></Placemark><Placemark><name>Trabajado - Cuartel 475 - Hilera 514</name><Style><LineStyle><color>ff00ff00</color><width>3</width></LineStyle></Style><LineString><coordinates>-71.4894399,-35.72041,0 -71.4900733,-35.7216566,0</coordinates></LineString></Placemark><Placemark><name>Trabajado - Cuartel 475 - Hilera 515</name><Style><LineStyle><color>ff00ff00</color><width>3</width></LineStyle></Style><LineString><coordinates>-71.4900733,-35.7216566,0 -71.4903633,-35.7224183,0</coordinates></LineString></Placemark><Placemark><name>Trabajado - Cuartel 475 - Hilera 517</name><Style><LineStyle><color>ff00ff00</color><width>3</width></LineStyle></Style><LineString><coordinates>-71.4902366,-35.7223816,0 -71.4892349,-35.7203866,0</coordinates></LineString></Placemark><Placemark><name>Trabajado - Cuartel 475 - Hilera 566</name><Style><LineStyle><color>ff00ff00</color><width>3</width></LineStyle></Style><LineString><coordinates>-71.4889316,-35.7204583,0 -71.48942,-35.7215683,0</coordinates></LineString></Placemark><Placemark><name>Trabajado - Cuartel 475 - Hilera 567</name><Style><LineStyle><color>ff00ff00</color><width>3</width></LineStyle></Style><LineString><coordinates>-71.48942,-35.7215683,0 -71.4898266,-35.7223866,0</coordinates></LineString></Placemark><Placemark><name>Trabajado - Cuartel 475 - Hilera 569</name><Style><LineStyle><color>ff00ff00</color><width>3</width></LineStyle></Style><LineString><coordinates>-71.4897733,-35.72245,0 -71.4888316,-35.72047,0</coordinates></LineString></Placemark><Placemark><name>Trabajado - Cuartel 475 - Hilera 577</name><Style><LineStyle><color>ff00ff00</color><width>3</width></LineStyle></Style><LineString><coordinates>-71.4900833,-35.7201016,0 -71.491855,-35.7235233,0</coordinates></LineString></Placemark><Placemark><name>Trabajado - Cuartel 475 - Hilera 609</name><Style><LineStyle><color>ff00ff00</color><width>3</width></LineStyle></Style><LineString><coordinates>-71.4923633,-35.7246683,0 -71.4899166,-35.7201466,0</coordinates></LineString></Placemark><Placemark><name>Descartado (grupo chico) - Hilera 484</name><Style><LineStyle><color>ff00ffff</color><width>3</width></LineStyle></Style><LineString><coordinates>-71.4858816,-35.719665,0 -71.4853616,-35.719605,0</coordinates></LineString></Placemark><Placemark><name>Descartado (grupo chico) - Hilera 485</name><Style><LineStyle><color>ff00ffff</color><width>3</width></LineStyle></Style><LineString><coordinates>-71.48511,-35.7192683,0 -71.4852233,-35.7192916,0</coordinates></LineString></Placemark><Placemark><name>Descartado (grupo chico) - Hilera 530</name><Style><LineStyle><color>ff00ffff</color><width>3</width></LineStyle></Style><LineString><coordinates>-71.48555,-35.7198249,0 -71.4852766,-35.7197449,0</coordinates></LineString></Placemark><Placemark><name>Descartado (grupo chico) - Hilera 534</name><Style><LineStyle><color>ff00ffff</color><width>3</width></LineStyle></Style><LineString><coordinates>-71.4855,-35.719755,0 -71.4856183,-35.7197683,0</coordinates></LineString></Placemark><Placemark><name>Descartado (grupo chico) - Hilera 490</name><Style><LineStyle><color>ff00ffff</color><width>3</width></LineStyle></Style><LineString><coordinates>-71.4899833,-35.720115,0 -71.4902966,-35.7208566,0</coordinates></LineString></Placemark><Placemark><name>Descartado (grupo chico) - Hilera 502</name><Style><LineStyle><color>ff00ffff</color><width>3</width></LineStyle></Style><LineString><coordinates>-71.4897883,-35.7201766,0 -71.4898516,-35.7202683,0</coordinates></LineString></Placemark><Placemark><name>Trabajado - Cuartel 495 - Hilera 495</name><Style><LineStyle><color>ff00ff00</color><width>3</width></LineStyle></Style><LineString><coordinates>-71.4915783,-35.7232599,0 -71.4930085731239,-35.72608404410907,0</coordinates></LineString></Placemark><Placemark><name>Trabajado - Cuartel 495 - Hilera 497</name><Style><LineStyle><color>ff00ff00</color><width>3</width></LineStyle></Style><LineString><coordinates>-71.4931249,-35.726365,0 -71.4910333,-35.7222283,0</coordinates></LineString></Placemark><Placemark><name>Trabajado - Cuartel 495 - Hilera 498</name><Style><LineStyle><color>ff00ff00</color><width>3</width></LineStyle></Style><LineString><coordinates>-71.4909783,-35.7222716,0 -71.4929916,-35.7263916,0</coordinates></LineString></Placemark><Placemark><name>Trabajado - Cuartel 495 - Hilera 510</name><Style><LineStyle><color>ff00ff00</color><width>3</width></LineStyle></Style><LineString><coordinates>-71.4921016,-35.7256666,0 -71.491375,-35.7240883,0</coordinates></LineString></Placemark><Placemark><name>Trabajado - Cuartel 495 - Hilera 546</name><Style><LineStyle><color>ff00ff00</color><width>3</width></LineStyle></Style><LineString><coordinates>-71.4928316,-35.725545,0 -71.49185838736189,-35.723522156179506,0</coordinates></LineString></Placemark><Placemark><name>Trabajado - Cuartel 495 - Hilera 548</name><Style><LineStyle><color>ff00ff00</color><width>3</width></LineStyle></Style><LineString><coordinates>-71.4932466,-35.72532,0 -71.4932283,-35.725225,0</coordinates></LineString></Placemark><Placemark><name>Trabajado - Cuartel 495 - Hilera 552</name><Style><LineStyle><color>ff00ff00</color><width>3</width></LineStyle></Style><LineString><coordinates>-71.4932216,-35.725245,0 -71.4931816,-35.7251533,0</coordinates></LineString></Placemark><Placemark><name>Trabajado - Cuartel 495 - Hilera 579</name><Style><LineStyle><color>ff00ff00</color><width>3</width></LineStyle></Style><LineString><coordinates>-71.4926866,-35.7252199,0 -71.4927033,-35.725125,0</coordinates></LineString></Placemark><Placemark><name>Trabajado - Cuartel 495 - Hilera 588</name><Style><LineStyle><color>ff00ff00</color><width>3</width></LineStyle></Style><LineString><coordinates>-71.49253501834237,-35.72491100036795,0 -71.4925483,-35.7250683,0</coordinates></LineString></Placemark><Placemark><name>Trabajado - Cuartel 495 - Hilera 598</name><Style><LineStyle><color>ff00ff00</color><width>3</width></LineStyle></Style><LineString><coordinates>-71.492905,-35.7246,0 -71.4928583,-35.72449,0</coordinates></LineString></Placemark><Placemark><name>Trabajado - Cuartel 495 - Hilera 606</name><Style><LineStyle><color>ff00ff00</color><width>3</width></LineStyle></Style><LineString><coordinates>-71.492395,-35.724725,0 -71.4924416,-35.724815,0</coordinates></LineString></Placemark><Placemark><name>Trabajado - Cuartel 499 - Hilera 499</name><Style><LineStyle><color>ff00ff00</color><width>3</width></LineStyle></Style><LineString><coordinates>-71.4929916,-35.7263916,0 -71.4928083,-35.7264066,0</coordinates></LineString></Placemark><Placemark><name>Trabajado - Cuartel 499 - Hilera 538</name><Style><LineStyle><color>ff00ff00</color><width>3</width></LineStyle></Style><LineString><coordinates>-71.4917716,-35.7267216,0 -71.492,-35.7267583,0</coordinates></LineString></Placemark><Placemark><name>Trabajado - Cuartel 499 - Hilera 539</name><Style><LineStyle><color>ff00ff00</color><width>3</width></LineStyle></Style><LineString><coordinates>-71.492,-35.7267583,0 -71.4927133,-35.7265733,0</coordinates></LineString></Placemark><Placemark><name>Trabajado - Cuartel 499 - Hilera 559</name><Style><LineStyle><color>ff00ff00</color><width>3</width></LineStyle></Style><LineString><coordinates>-71.492965,-35.72646,0 -71.49182078210167,-35.726800749833956,0</coordinates></LineString></Placemark><Placemark><name>Trabajado - Cuartel 499 - Hilera 560</name><Style><LineStyle><color>ff00ff00</color><width>3</width></LineStyle></Style><LineString><coordinates>-71.4922866,-35.7266733,0 -71.4920933,-35.72668,0</coordinates></LineString></Placemark><Placemark><name>Descartado (grupo chico) - Hilera 501</name><Style><LineStyle><color>ff00ffff</color><width>3</width></LineStyle></Style><LineString><coordinates>-71.4897416,-35.7204266,0 -71.4897883,-35.7201766,0</coordinates></LineString></Placemark><Placemark><name>Descartado (grupo chico) - Hilera 513</name><Style><LineStyle><color>ff00ffff</color><width>3</width></LineStyle></Style><LineString><coordinates>-71.4894683,-35.72031,0 -71.4894399,-35.72041,0</coordinates></LineString></Placemark><Placemark><name>Descartado (grupo chico) - Hilera 504</name><Style><LineStyle><color>ff00ffff</color><width>3</width></LineStyle></Style><LineString><coordinates>-71.4908216,-35.7222333,0 -71.4906383,-35.7223383,0</coordinates></LineString></Placemark><Placemark><name>Descartado (grupo chico) - Hilera 507</name><Style><LineStyle><color>ff00ffff</color><width>3</width></LineStyle></Style><LineString><coordinates>-71.4926599,-35.7265799,0 -71.49249,-35.72647,0</coordinates></LineString></Placemark><Placemark><name>Descartado (grupo chico) - Hilera 531</name><Style><LineStyle><color>ff00ffff</color><width>3</width></LineStyle></Style><LineString><coordinates>-71.4854,-35.7198366,0 -71.4853933,-35.719695,0</coordinates></LineString></Placemark><Placemark><name>Descartado (grupo chico) - Hilera 540</name><Style><LineStyle><color>ff00ffff</color><width>3</width></LineStyle></Style><LineString><coordinates>-71.4927133,-35.7265733,0 -71.493145,-35.72624,0</coordinates></LineString></Placemark><Placemark><name>Descartado (grupo chico) - Hilera 542</name><Style><LineStyle><color>ff00ffff</color><width>3</width></LineStyle></Style><LineString><coordinates>-71.4929083,-35.7256266,0 -71.4928016,-35.7255766,0</coordinates></LineString></Placemark><Placemark><name>Descartado (grupo chico) - Hilera 545</name><Style><LineStyle><color>ff00ffff</color><width>3</width></LineStyle></Style><LineString><coordinates>-71.4929133,-35.725615,0 -71.4928316,-35.725545,0</coordinates></LineString></Placemark><Placemark><name>Trabajado - Cuartel 543 - Hilera 543</name><Style><LineStyle><color>ff00ff00</color><width>3</width></LineStyle></Style><LineString><coordinates>-71.4928016,-35.7255766,0 -71.4932966,-35.7254166,0</coordinates></LineString></Placemark><Placemark><name>Trabajado - Cuartel 543 - Hilera 544</name><Style><LineStyle><color>ff00ff00</color><width>3</width></LineStyle></Style><LineString><coordinates>-71.4932966,-35.7254166,0 -71.4929133,-35.725615,0</coordinates></LineString></Placemark><Placemark><name>Trabajado - Cuartel 543 - Hilera 547</name><Style><LineStyle><color>ff00ff00</color><width>3</width></LineStyle></Style><LineString><coordinates>-71.4927883,-35.725455,0 -71.4932466,-35.72532,0</coordinates></LineString></Placemark><Placemark><name>Trabajado - Cuartel 543 - Hilera 549</name><Style><LineStyle><color>ff00ff00</color><width>3</width></LineStyle></Style><LineString><coordinates>-71.4932266,-35.7252233,0 -71.4931083,-35.72524,0</coordinates></LineString></Placemark><Placemark><name>Trabajado - Cuartel 543 - Hilera 550</name><Style><LineStyle><color>ff00ff00</color><width>3</width></LineStyle></Style><LineString><coordinates>-71.4931083,-35.72524,0 -71.49277,-35.7253533,0</coordinates></LineString></Placemark><Placemark><name>Trabajado - Cuartel 543 - Hilera 551</name><Style><LineStyle><color>ff00ff00</color><width>3</width></LineStyle></Style><LineString><coordinates>-71.49277,-35.7253533,0 -71.49322528481241,-35.72525726022051,0</coordinates></LineString></Placemark><Placemark><name>Trabajado - Cuartel 543 - Hilera 553</name><Style><LineStyle><color>ff00ff00</color><width>3</width></LineStyle></Style><LineString><coordinates>-71.4931816,-35.7251533,0 -71.4927283,-35.72525,0</coordinates></LineString></Placemark><Placemark><name>Trabajado - Cuartel 543 - Hilera 554</name><Style><LineStyle><color>ff00ff00</color><width>3</width></LineStyle></Style><LineString><coordinates>-71.4927283,-35.72525,0 -71.4930633,-35.7251466,0</coordinates></LineString></Placemark><Placemark><name>Trabajado - Cuartel 543 - Hilera 555</name><Style><LineStyle><color>ff00ff00</color><width>3</width></LineStyle></Style><LineString><coordinates>-71.4930633,-35.7251466,0 -71.4931416,-35.7250783,0</coordinates></LineString></Placemark><Placemark><name>Trabajado - Cuartel 543 - Hilera 556</name><Style><LineStyle><color>ff00ff00</color><width>3</width></LineStyle></Style><LineString><coordinates>-71.4931416,-35.7250783,0 -71.4930349,-35.725055,0</coordinates></LineString></Placemark><Placemark><name>Trabajado - Cuartel 543 - Hilera 557</name><Style><LineStyle><color>ff00ff00</color><width>3</width></LineStyle></Style><LineString><coordinates>-71.4930737366376,-35.72504066193325,0 -71.4926649,-35.7251916,0</coordinates></LineString></Placemark><Placemark><name>Trabajado - Cuartel 543 - Hilera 578</name><Style><LineStyle><color>ff00ff00</color><width>3</width></LineStyle></Style><LineString><coordinates>-71.4926616,-35.725195,0 -71.4929233,-35.7251766,0</coordinates></LineString></Placemark><Placemark><name>Trabajado - Cuartel 543 - Hilera 580</name><Style><LineStyle><color>ff00ff00</color><width>3</width></LineStyle></Style><LineString><coordinates>-71.4927033,-35.725125,0 -71.4930716,-35.7250366,0</coordinates></LineString></Placemark><Placemark><name>Trabajado - Cuartel 543 - Hilera 581</name><Style><LineStyle><color>ff00ff00</color><width>3</width></LineStyle></Style><LineString><coordinates>-71.4927416,-35.7251583,0 -71.4928133,-35.7250866,0</coordinates></LineString></Placemark><Placemark><name>Trabajado - Cuartel 543 - Hilera 582</name><Style><LineStyle><color>ff00ff00</color><width>3</width></LineStyle></Style><LineString><coordinates>-71.4929083,-35.7250699,0 -71.49307,-35.7250083,0</coordinates></LineString></Placemark><Placemark><name>Trabajado - Cuartel 543 - Hilera 583</name><Style><LineStyle><color>ff00ff00</color><width>3</width></LineStyle></Style><LineString><coordinates>-71.49307,-35.7250083,0 -71.4926216,-35.7251233,0</coordinates></LineString></Placemark><Placemark><name>Trabajado - Cuartel 543 - Hilera 584</name><Style><LineStyle><color>ff00ff00</color><width>3</width></LineStyle></Style><LineString><coordinates>-71.4926216,-35.7251233,0 -71.4930383,-35.72494,0</coordinates></LineString></Placemark><Placemark><name>Trabajado - Cuartel 543 - Hilera 585</name><Style><LineStyle><color>ff00ff00</color><width>3</width></LineStyle></Style><LineString><coordinates>-71.4930299,-35.724915,0 -71.4925716,-35.7250316,0</coordinates></LineString></Placemark><Placemark><name>Trabajado - Cuartel 543 - Hilera 586</name><Style><LineStyle><color>ff00ff00</color><width>3</width></LineStyle></Style><LineString><coordinates>-71.4925716,-35.7250316,0 -71.4929966,-35.724855,0</coordinates></LineString></Placemark><Placemark><name>Trabajado - Cuartel 543 - Hilera 587</name><Style><LineStyle><color>ff00ff00</color><width>3</width></LineStyle></Style><LineString><coordinates>-71.4929966,-35.724855,0 -71.49254,-35.72497,0</coordinates></LineString></Placemark><Placemark><name>Trabajado - Cuartel 543 - Hilera 589</name><Style><LineStyle><color>ff00ff00</color><width>3</width></LineStyle></Style><LineString><coordinates>-71.4925249,-35.7249116,0 -71.4929683,-35.7247916,0</coordinates></LineString></Placemark><Placemark><name>Trabajado - Cuartel 543 - Hilera 590</name><Style><LineStyle><color>ff00ff00</color><width>3</width></LineStyle></Style><LineString><coordinates>-71.4929683,-35.7247916,0 -71.4925133,-35.7248766,0</coordinates></LineString></Placemark><Placemark><name>Trabajado - Cuartel 543 - Hilera 591</name><Style><LineStyle><color>ff00ff00</color><width>3</width></LineStyle></Style><LineString><coordinates>-71.4925133,-35.7248766,0 -71.4929516,-35.72474,0</coordinates></LineString></Placemark><Placemark><name>Trabajado - Cuartel 543 - Hilera 592</name><Style><LineStyle><color>ff00ff00</color><width>3</width></LineStyle></Style><LineString><coordinates>-71.4929516,-35.72474,0 -71.4924883,-35.7248466,0</coordinates></LineString></Placemark><Placemark><name>Trabajado - Cuartel 543 - Hilera 593</name><Style><LineStyle><color>ff00ff00</color><width>3</width></LineStyle></Style><LineString><coordinates>-71.4924883,-35.7248466,0 -71.4929366,-35.7247116,0</coordinates></LineString></Placemark><Placemark><name>Trabajado - Cuartel 543 - Hilera 594</name><Style><LineStyle><color>ff00ff00</color><width>3</width></LineStyle></Style><LineString><coordinates>-71.4929366,-35.7247116,0 -71.4926733,-35.7247466,0</coordinates></LineString></Placemark><Placemark><name>Trabajado - Cuartel 543 - Hilera 595</name><Style><LineStyle><color>ff00ff00</color><width>3</width></LineStyle></Style><LineString><coordinates>-71.49269,-35.724795,0 -71.4928866,-35.724575,0</coordinates></LineString></Placemark><Placemark><name>Trabajado - Cuartel 543 - Hilera 596</name><Style><LineStyle><color>ff00ff00</color><width>3</width></LineStyle></Style><LineString><coordinates>-71.4928866,-35.724575,0 -71.4925583,-35.7246916,0</coordinates></LineString></Placemark><Placemark><name>Trabajado - Cuartel 543 - Hilera 597</name><Style><LineStyle><color>ff00ff00</color><width>3</width></LineStyle></Style><LineString><coordinates>-71.4925583,-35.7246916,0 -71.492905,-35.7246,0</coordinates></LineString></Placemark><Placemark><name>Trabajado - Cuartel 543 - Hilera 599</name><Style><LineStyle><color>ff00ff00</color><width>3</width></LineStyle></Style><LineString><coordinates>-71.4928583,-35.72449,0 -71.4927566,-35.72454,0</coordinates></LineString></Placemark><Placemark><name>Trabajado - Cuartel 543 - Hilera 600</name><Style><LineStyle><color>ff00ff00</color><width>3</width></LineStyle></Style><LineString><coordinates>-71.4927566,-35.72454,0 -71.4924283,-35.7246316,0</coordinates></LineString></Placemark><Placemark><name>Trabajado - Cuartel 543 - Hilera 601</name><Style><LineStyle><color>ff00ff00</color><width>3</width></LineStyle></Style><LineString><coordinates>-71.4924283,-35.7246316,0 -71.4926649,-35.7246516,0</coordinates></LineString></Placemark><Placemark><name>Trabajado - Cuartel 543 - Hilera 602</name><Style><LineStyle><color>ff00ff00</color><width>3</width></LineStyle></Style><LineString><coordinates>-71.4926649,-35.7246516,0 -71.49283,-35.7244516,0</coordinates></LineString></Placemark><Placemark><name>Trabajado - Cuartel 543 - Hilera 603</name><Style><LineStyle><color>ff00ff00</color><width>3</width></LineStyle></Style><LineString><coordinates>-71.4928266,-35.7244366,0 -71.4927283,-35.7245,0</coordinates></LineString></Placemark><Placemark><name>Trabajado - Cuartel 543 - Hilera 604</name><Style><LineStyle><color>ff00ff00</color><width>3</width></LineStyle></Style><LineString><coordinates>-71.4927283,-35.7245,0 -71.4924966,-35.7245383,0</coordinates></LineString></Placemark><Placemark><name>Trabajado - Cuartel 543 - Hilera 605</name><Style><LineStyle><color>ff00ff00</color><width>3</width></LineStyle></Style><LineString><coordinates>-71.4924966,-35.7245383,0 -71.492395,-35.724725,0</coordinates></LineString></Placemark><Placemark><name>Trabajado - Cuartel 543 - Hilera 607</name><Style><LineStyle><color>ff00ff00</color><width>3</width></LineStyle></Style><LineString><coordinates>-71.4924416,-35.724815,0 -71.492645,-35.7248133,0</coordinates></LineString></Placemark><Placemark><name>Descartado (grupo chico) - Hilera 608</name><Style><LineStyle><color>ff00ffff</color><width>3</width></LineStyle></Style><LineString><coordinates>-71.492575,-35.7248049,0 -71.4923633,-35.7246683,0</coordinates></LineString></Placemark><Placemark><name>Descartado (grupo chico) - Hilera 623</name><Style><LineStyle><color>ff00ffff</color><width>3</width></LineStyle></Style><LineString><coordinates>-71.482575,-35.7071766,0 -71.4857433,-35.7036583,0</coordinates></LineString></Placemark><Placemark><name>Descartado (grupo chico) - Hilera 629</name><Style><LineStyle><color>ff00ffff</color><width>3</width></LineStyle></Style><LineString><coordinates>-71.4969566,-35.7100616,0 -71.4968366,-35.710075,0</coordinates></LineString></Placemark><Placemark><name>Descartado (grupo chico) - Hilera 634</name><Style><LineStyle><color>ff00ffff</color><width>3</width></LineStyle></Style><LineString><coordinates>-70.719625,-33.6660916,0 -70.7199733,-33.66592,0</coordinates></LineString></Placemark><Placemark><name>Trabajado - Cuartel 635 - Hilera 635</name><Style><LineStyle><color>ff00ff00</color><width>3</width></LineStyle></Style><LineString><coordinates>-70.7387766,-33.6578583,0 -70.73825654016102,-33.65791348674733,0</coordinates></LineString></Placemark><Placemark><name>Trabajado - Cuartel 635 - Hilera 636</name><Style><LineStyle><color>ff00ff00</color><width>3</width></LineStyle></Style><LineString><coordinates>-70.7383799,-33.6579266,0 -70.73821063086214,-33.65777807462903,0</coordinates></LineString></Placemark><Placemark><name>Trabajado - Cuartel 635 - Hilera 637</name><Style><LineStyle><color>ff00ff00</color><width>3</width></LineStyle></Style><LineString><coordinates>-70.7382983,-33.657855,0 -70.738265,-33.6575516,0</coordinates></LineString></Placemark><Placemark><name>Trabajado - Cuartel 635 - Hilera 638</name><Style><LineStyle><color>ff00ff00</color><width>3</width></LineStyle></Style><LineString><coordinates>-70.7383394263088,-33.65749141341863,0 -70.7381866,-33.657615,0</coordinates></LineString></Placemark><Placemark><name>Trabajado - Cuartel 635 - Hilera 639</name><Style><LineStyle><color>ff00ff00</color><width>3</width></LineStyle></Style><LineString><coordinates>-70.7381866,-33.6575166,0 -70.7380866,-33.6576033,0</coordinates></LineString></Placemark><Placemark><name>Trabajado - Cuartel 635 - Hilera 640</name><Style><LineStyle><color>ff00ff00</color><width>3</width></LineStyle></Style><LineString><coordinates>-70.7380866,-33.6576033,0 -70.7381499,-33.657655,0</coordinates></LineString></Placemark><Placemark><name>Trabajado - Cuartel 635 - Hilera 641</name><Style><LineStyle><color>ff00ff00</color><width>3</width></LineStyle></Style><LineString><coordinates>-70.73820958839617,-33.65753525630316,0 -70.73824041045519,-33.65786381945225,0</coordinates></LineString></Placemark><Placemark><name>Trabajado - Cuartel 635 - Hilera 642</name><Style><LineStyle><color>ff00ff00</color><width>3</width></LineStyle></Style><LineString><coordinates>-70.7382316,-33.6577699,0 -70.73843,-33.6578866,0</coordinates></LineString></Placemark><Placemark><name>Trabajado - Cuartel 635 - Hilera 643</name><Style><LineStyle><color>ff00ff00</color><width>3</width></LineStyle></Style><LineString><coordinates>-70.73814337966516,-33.65786746258071,0 -70.738755,-33.6579083,0</coordinates></LineString></Placemark><Placemark><name>Trabajado - Cuartel 635 - Hilera 1420</name><Style><LineStyle><color>ff00ff00</color><width>3</width></LineStyle></Style><LineString><coordinates>-70.7385116,-33.6578866,0 -70.7376283,-33.6562266,0</coordinates></LineString></Placemark><Placemark><name>Trabajado - Cuartel 635 - Hilera 1424</name><Style><LineStyle><color>ff00ff00</color><width>3</width></LineStyle></Style><LineString><coordinates>-70.7376233,-33.6563316,0 -70.7376083,-33.6561216,0</coordinates></LineString></Placemark><Placemark><name>Trabajado - Cuartel 635 - Hilera 1432</name><Style><LineStyle><color>ff00ff00</color><width>3</width></LineStyle></Style><LineString><coordinates>-70.7375772455269,-33.65615816909324,0 -70.73842789554247,-33.657815039974516,0</coordinates></LineString></Placemark><Placemark><name>Trabajado - Cuartel 635 - Hilera 1433</name><Style><LineStyle><color>ff00ff00</color><width>3</width></LineStyle></Style><LineString><coordinates>-70.7384116,-33.6577833,0 -70.73823708663502,-33.65789712366121,0</coordinates></LineString></Placemark><Placemark><name>Trabajado - Cuartel 635 - Hilera 1434</name><Style><LineStyle><color>ff00ff00</color><width>3</width></LineStyle></Style><LineString><coordinates>-70.7380916,-33.6577733,0 -70.738395,-33.65768,0</coordinates></LineString></Placemark><Placemark><name>Trabajado - Cuartel 635 - Hilera 1435</name><Style><LineStyle><color>ff00ff00</color><width>3</width></LineStyle></Style><LineString><coordinates>-70.738395,-33.65768,0 -70.7376766,-33.6560816,0</coordinates></LineString></Placemark><Placemark><name>Trabajado - Cuartel 635 - Hilera 1448</name><Style><LineStyle><color>ff00ff00</color><width>3</width></LineStyle></Style><LineString><coordinates>-70.7372966,-33.6555033,0 -70.7373183,-33.6554066,0</coordinates></LineString></Placemark><Placemark><name>Trabajado - Cuartel 635 - Hilera 1454</name><Style><LineStyle><color>ff00ff00</color><width>3</width></LineStyle></Style><LineString><coordinates>-70.7372233,-33.6552266,0 -70.737135,-33.65536,0</coordinates></LineString></Placemark><Placemark><name>Trabajado - Cuartel 635 - Hilera 1473</name><Style><LineStyle><color>ff00ff00</color><width>3</width></LineStyle></Style><LineString><coordinates>-70.7383583,-33.6575683,0 -70.7381183,-33.6578766,0</coordinates></LineString></Placemark><Placemark><name>Trabajado - Cuartel 635 - Hilera 1474</name><Style><LineStyle><color>ff00ff00</color><width>3</width></LineStyle></Style><LineString><coordinates>-70.7381183,-33.6578766,0 -70.73838123627294,-33.65792105245527,0</coordinates></LineString></Placemark><Placemark><name>Trabajado - Cuartel 635 - Hilera 1475</name><Style><LineStyle><color>ff00ff00</color><width>3</width></LineStyle></Style><LineString><coordinates>-70.7384199,-33.6578066,0 -70.737545,-33.6559966,0</coordinates></LineString></Placemark><Placemark><name>Trabajado - Cuartel 635 - Hilera 1481</name><Style><LineStyle><color>ff00ff00</color><width>3</width></LineStyle></Style><LineString><coordinates>-70.7373933,-33.6559233,0 -70.7374416,-33.655765,0</coordinates></LineString></Placemark><Placemark><name>Trabajado - Cuartel 635 - Hilera 1488</name><Style><LineStyle><color>ff00ff00</color><width>3</width></LineStyle></Style><LineString><coordinates>-70.73741,-33.65559,0 -70.7373916,-33.6554999,0</coordinates></LineString></Placemark><Placemark><name>Trabajado - Cuartel 635 - Hilera 1497</name><Style><LineStyle><color>ff00ff00</color><width>3</width></LineStyle></Style><LineString><coordinates>-70.7374383,-33.6555683,0 -70.7382399,-33.6572416,0</coordinates></LineString></Placemark><Placemark><name>Trabajado - Cuartel 635 - Hilera 1498</name><Style><LineStyle><color>ff00ff00</color><width>3</width></LineStyle></Style><LineString><coordinates>-70.7382399,-33.6572416,0 -70.7381883,-33.6578466,0</coordinates></LineString></Placemark><Placemark><name>Trabajado - Cuartel 635 - Hilera 1499</name><Style><LineStyle><color>ff00ff00</color><width>3</width></LineStyle></Style><LineString><coordinates>-70.73834790049797,-33.65783209086381,0 -70.7380783,-33.6578566,0</coordinates></LineString></Placemark><Placemark><name>Trabajado - Cuartel 635 - Hilera 1500</name><Style><LineStyle><color>ff00ff00</color><width>3</width></LineStyle></Style><LineString><coordinates>-70.7380783,-33.6578566,0 -70.7380083,-33.6579316,0</coordinates></LineString></Placemark><Placemark><name>Trabajado - Cuartel 635 - Hilera 1501</name><Style><LineStyle><color>ff00ff00</color><width>3</width></LineStyle></Style><LineString><coordinates>-70.7380083,-33.6579316,0 -70.73802,-33.6580216,0</coordinates></LineString></Placemark><Placemark><name>Trabajado - Cuartel 635 - Hilera 1502</name><Style><LineStyle><color>ff00ff00</color><width>3</width></LineStyle></Style><LineString><coordinates>-70.73802,-33.6580216,0 -70.7381616,-33.6580166,0</coordinates></LineString></Placemark><Placemark><name>Trabajado - Cuartel 635 - Hilera 1503</name><Style><LineStyle><color>ff00ff00</color><width>3</width></LineStyle></Style><LineString><coordinates>-70.7381616,-33.6580166,0 -70.7383483,-33.6579333,0</coordinates></LineString></Placemark><Placemark><name>Trabajado - Cuartel 635 - Hilera 1504</name><Style><LineStyle><color>ff00ff00</color><width>3</width></LineStyle></Style><LineString><coordinates>-70.73818,-33.6578833,0 -70.738125,-33.657805,0</coordinates></LineString></Placemark><Placemark><name>Trabajado - Cuartel 635 - Hilera 1505</name><Style><LineStyle><color>ff00ff00</color><width>3</width></LineStyle></Style><LineString><coordinates>-70.7385001151564,-33.657888358923664,0 -70.737945,-33.657765,0</coordinates></LineString></Placemark><Placemark><name>Trabajado - Cuartel 635 - Hilera 1506</name><Style><LineStyle><color>ff00ff00</color><width>3</width></LineStyle></Style><LineString><coordinates>-70.737945,-33.657765,0 -70.73775506153154,-33.65785495053486,0</coordinates></LineString></Placemark><Placemark><name>Trabajado - Cuartel 635 - Hilera 1507</name><Style><LineStyle><color>ff00ff00</color><width>3</width></LineStyle></Style><LineString><coordinates>-70.7377416,-33.657835,0 -70.7383116,-33.6578333,0</coordinates></LineString></Placemark><Placemark><name>Trabajado - Cuartel 635 - Hilera 1508</name><Style><LineStyle><color>ff00ff00</color><width>3</width></LineStyle></Style><LineString><coordinates>-70.7383116,-33.6578333,0 -70.737485,-33.6560566,0</coordinates></LineString></Placemark><Placemark><name>Trabajado - Cuartel 635 - Hilera 1513</name><Style><LineStyle><color>ff00ff00</color><width>3</width></LineStyle></Style><LineString><coordinates>-70.7374883,-33.6562583,0 -70.7372966,-33.6552816,0</coordinates></LineString></Placemark><Placemark><name>Trabajado - Cuartel 635 - Hilera 1523</name><Style><LineStyle><color>ff00ff00</color><width>3</width></LineStyle></Style><LineString><coordinates>-70.7372016,-33.6552066,0 -70.73764,-33.6562433,0</coordinates></LineString></Placemark><Placemark><name>Trabajado - Cuartel 635 - Hilera 1547</name><Style><LineStyle><color>ff00ff00</color><width>3</width></LineStyle></Style><LineString><coordinates>-70.7376883,-33.656385,0 -70.7381433,-33.6578466,0</coordinates></LineString></Placemark><Placemark><name>Trabajado - Cuartel 635 - Hilera 1548</name><Style><LineStyle><color>ff00ff00</color><width>3</width></LineStyle></Style><LineString><coordinates>-70.73835,-33.6578483,0 -70.7384033,-33.6577716,0</coordinates></LineString></Placemark><Placemark><name>Trabajado - Cuartel 635 - Hilera 1549</name><Style><LineStyle><color>ff00ff00</color><width>3</width></LineStyle></Style><LineString><coordinates>-70.7384033,-33.6577716,0 -70.7376016,-33.6563283,0</coordinates></LineString></Placemark><Placemark><name>Trabajado - Cuartel 635 - Hilera 1576</name><Style><LineStyle><color>ff00ff00</color><width>3</width></LineStyle></Style><LineString><coordinates>-70.7384466,-33.6578083,0 -70.738355,-33.65789,0</coordinates></LineString></Placemark><Placemark><name>Trabajado - Cuartel 635 - Hilera 1577</name><Style><LineStyle><color>ff00ff00</color><width>3</width></LineStyle></Style><LineString><coordinates>-70.738255,-33.6579033,0 -70.7381466,-33.6578466,0</coordinates></LineString></Placemark><Placemark><name>Trabajado - Cuartel 635 - Hilera 1578</name><Style><LineStyle><color>ff00ff00</color><width>3</width></LineStyle></Style><LineString><coordinates>-70.7381633,-33.6578333,0 -70.7380116,-33.6579,0</coordinates></LineString></Placemark><Placemark><name>Trabajado - Cuartel 635 - Hilera 1579</name><Style><LineStyle><color>ff00ff00</color><width>3</width></LineStyle></Style><LineString><coordinates>-70.73823,-33.6578283,0 -70.7384083,-33.657665,0</coordinates></LineString></Placemark><Placemark><name>Trabajado - Cuartel 635 - Hilera 1580</name><Style><LineStyle><color>ff00ff00</color><width>3</width></LineStyle></Style><LineString><coordinates>-70.7384083,-33.657665,0 -70.73762855828022,-33.65632969104997,0</coordinates></LineString></Placemark><Placemark><name>Trabajado - Cuartel 635 - Hilera 1610</name><Style><LineStyle><color>ff00ff00</color><width>3</width></LineStyle></Style><LineString><coordinates>-70.7377466,-33.6564,0 -70.7384,-33.6578249,0</coordinates></LineString></Placemark><Placemark><name>Trabajado - Cuartel 635 - Hilera 1611</name><Style><LineStyle><color>ff00ff00</color><width>3</width></LineStyle></Style><LineString><coordinates>-70.73842386081878,-33.65781157977359,0 -70.73824735046712,-33.65791011611754,0</coordinates></LineString></Placemark><Placemark><name>Trabajado - Cuartel 635 - Hilera 1612</name><Style><LineStyle><color>ff00ff00</color><width>3</width></LineStyle></Style><LineString><coordinates>-70.7382499,-33.657865,0 -70.7381683,-33.6577783,0</coordinates></LineString></Placemark><Placemark><name>Trabajado - Cuartel 635 - Hilera 1613</name><Style><LineStyle><color>ff00ff00</color><width>3</width></LineStyle></Style><LineString><coordinates>-70.738175,-33.6577466,0 -70.7383066,-33.65778,0</coordinates></LineString></Placemark><Placemark><name>Trabajado - Cuartel 635 - Hilera 1626</name><Style><LineStyle><color>ff00ff00</color><width>3</width></LineStyle></Style><LineString><coordinates>-70.7381416,-33.6571849,0 -70.7381433,-33.6578683,0</coordinates></LineString></Placemark><Placemark><name>Trabajado - Cuartel 635 - Hilera 1627</name><Style><LineStyle><color>ff00ff00</color><width>3</width></LineStyle></Style><LineString><coordinates>-70.7381916,-33.65748,0 -70.738305,-33.6574916,0</coordinates></LineString></Placemark><Placemark><name>Trabajado - Cuartel 635 - Hilera 1628</name><Style><LineStyle><color>ff00ff00</color><width>3</width></LineStyle></Style><LineString><coordinates>-70.73823,-33.6574166,0 -70.73811490271883,-33.65748563326569,0</coordinates></LineString></Placemark><Placemark><name>Trabajado - Cuartel 635 - Hilera 1629</name><Style><LineStyle><color>ff00ff00</color><width>3</width></LineStyle></Style><LineString><coordinates>-70.7381383,-33.6574716,0 -70.7382316,-33.65752,0</coordinates></LineString></Placemark><Placemark><name>Trabajado - Cuartel 635 - Hilera 1630</name><Style><LineStyle><color>ff00ff00</color><width>3</width></LineStyle></Style><LineString><coordinates>-70.73813,-33.6575033,0 -70.7383433,-33.6575316,0</coordinates></LineString></Placemark><Placemark><name>Trabajado - Cuartel 635 - Hilera 1631</name><Style><LineStyle><color>ff00ff00</color><width>3</width></LineStyle></Style><LineString><coordinates>-70.7383433,-33.6575316,0 -70.7383249,-33.6574449,0</coordinates></LineString></Placemark><Placemark><name>Trabajado - Cuartel 635 - Hilera 1632</name><Style><LineStyle><color>ff00ff00</color><width>3</width></LineStyle></Style><LineString><coordinates>-70.7382966,-33.657915,0 -70.7382966,-33.6574233,0</coordinates></LineString></Placemark><Placemark><name>Trabajado - Cuartel 635 - Hilera 1633</name><Style><LineStyle><color>ff00ff00</color><width>3</width></LineStyle></Style><LineString><coordinates>-70.7382966,-33.6574233,0 -70.738205,-33.6576216,0</coordinates></LineString></Placemark><Placemark><name>Trabajado - Cuartel 635 - Hilera 1634</name><Style><LineStyle><color>ff00ff00</color><width>3</width></LineStyle></Style><LineString><coordinates>-70.738205,-33.6576216,0 -70.7383383,-33.6576966,0</coordinates></LineString></Placemark><Placemark><name>Trabajado - Cuartel 635 - Hilera 1635</name><Style><LineStyle><color>ff00ff00</color><width>3</width></LineStyle></Style><LineString><coordinates>-70.7382366,-33.6576583,0 -70.7382666,-33.657575,0</coordinates></LineString></Placemark><Placemark><name>Trabajado - Cuartel 635 - Hilera 1636</name><Style><LineStyle><color>ff00ff00</color><width>3</width></LineStyle></Style><LineString><coordinates>-70.738215,-33.6573683,0 -70.73809,-33.65752,0</coordinates></LineString></Placemark><Placemark><name>Trabajado - Cuartel 635 - Hilera 1637</name><Style><LineStyle><color>ff00ff00</color><width>3</width></LineStyle></Style><LineString><coordinates>-70.73809,-33.65752,0 -70.7382066,-33.6575216,0</coordinates></LineString></Placemark><Placemark><name>Trabajado - Cuartel 635 - Hilera 1638</name><Style><LineStyle><color>ff00ff00</color><width>3</width></LineStyle></Style><LineString><coordinates>-70.7382283,-33.6574266,0 -70.7381733,-33.657625,0</coordinates></LineString></Placemark><Placemark><name>Trabajado - Cuartel 635 - Hilera 1639</name><Style><LineStyle><color>ff00ff00</color><width>3</width></LineStyle></Style><LineString><coordinates>-70.7381733,-33.657625,0 -70.7380866,-33.657625,0</coordinates></LineString></Placemark><Placemark><name>Trabajado - Cuartel 635 - Hilera 1640</name><Style><LineStyle><color>ff00ff00</color><width>3</width></LineStyle></Style><LineString><coordinates>-70.7380866,-33.657625,0 -70.73822071120033,-33.65796269007278,0</coordinates></LineString></Placemark><Placemark><name>Trabajado - Cuartel 635 - Hilera 1641</name><Style><LineStyle><color>ff00ff00</color><width>3</width></LineStyle></Style><LineString><coordinates>-70.7382066,-33.6578216,0 -70.73813,-33.6578866,0</coordinates></LineString></Placemark><Placemark><name>Trabajado - Cuartel 635 - Hilera 1642</name><Style><LineStyle><color>ff00ff00</color><width>3</width></LineStyle></Style><LineString><coordinates>-70.73813,-33.6578866,0 -70.7382766,-33.6578583,0</coordinates></LineString></Placemark><Placemark><name>Trabajado - Cuartel 635 - Hilera 1643</name><Style><LineStyle><color>ff00ff00</color><width>3</width></LineStyle></Style><LineString><coordinates>-70.7382766,-33.6578583,0 -70.73817466746073,-33.65756328114938,0</coordinates></LineString></Placemark><Placemark><name>Trabajado - Cuartel 635 - Hilera 1644</name><Style><LineStyle><color>ff00ff00</color><width>3</width></LineStyle></Style><LineString><coordinates>-70.738095,-33.65778,0 -70.7383183,-33.6576199,0</coordinates></LineString></Placemark><Placemark><name>Trabajado - Cuartel 635 - Hilera 1645</name><Style><LineStyle><color>ff00ff00</color><width>3</width></LineStyle></Style><LineString><coordinates>-70.7383183,-33.6576199,0 -70.7375649,-33.6563766,0</coordinates></LineString></Placemark><Placemark><name>Trabajado - Cuartel 635 - Hilera 1680</name><Style><LineStyle><color>ff00ff00</color><width>3</width></LineStyle></Style><LineString><coordinates>-70.7376266,-33.6563483,0 -70.738395,-33.6578316,0</coordinates></LineString></Placemark><Placemark><name>Trabajado - Cuartel 635 - Hilera 1681</name><Style><LineStyle><color>ff00ff00</color><width>3</width></LineStyle></Style><LineString><coordinates>-70.73813,-33.657885,0 -70.7375666,-33.6563516,0</coordinates></LineString></Placemark><Placemark><name>Trabajado - Cuartel 635 - Hilera 1709</name><Style><LineStyle><color>ff00ff00</color><width>3</width></LineStyle></Style><LineString><coordinates>-70.7382583,-33.657885,0 -70.7381583,-33.6578249,0</coordinates></LineString></Placemark><Placemark><name>Trabajado - Cuartel 635 - Hilera 1710</name><Style><LineStyle><color>ff00ff00</color><width>3</width></LineStyle></Style><LineString><coordinates>-70.73827292967901,-33.65790798122879,0 -70.7383983,-33.6577366,0</coordinates></LineString></Placemark><Placemark><name>Trabajado - Cuartel 635 - Hilera 1711</name><Style><LineStyle><color>ff00ff00</color><width>3</width></LineStyle></Style><LineString><coordinates>-70.7383983,-33.6577366,0 -70.73739,-33.6563166,0</coordinates></LineString></Placemark><Placemark><name>Trabajado - Cuartel 635 - Hilera 1735</name><Style><LineStyle><color>ff00ff00</color><width>3</width></LineStyle></Style><LineString><coordinates>-70.73767127499477,-33.65640516222033,0 -70.7383466,-33.6578733,0</coordinates></LineString></Placemark><Placemark><name>Trabajado - Cuartel 635 - Hilera 1736</name><Style><LineStyle><color>ff00ff00</color><width>3</width></LineStyle></Style><LineString><coordinates>-70.7383466,-33.6578733,0 -70.7382483,-33.657955,0</coordinates></LineString></Placemark><Placemark><name>Descartado (grupo chico) - Hilera 644</name><Style><LineStyle><color>ff00ffff</color><width>3</width></LineStyle></Style><LineString><coordinates>-70.738755,-33.6579083,0 -70.74544049896598,-33.68646260257439,0</coordinates></LineString></Placemark><Placemark><name>Trabajado - Cuartel 645 - Hilera 645</name><Style><LineStyle><color>ff00ff00</color><width>3</width></LineStyle></Style><LineString><coordinates>-70.745235,-33.6855849,0 -70.74605304291049,-33.68602033898777,0</coordinates></LineString></Placemark><Placemark><name>Trabajado - Cuartel 645 - Hilera 646</name><Style><LineStyle><color>ff00ff00</color><width>3</width></LineStyle></Style><LineString><coordinates>-70.74578,-33.685875,0 -70.74591314565157,-33.68610462800777,0</coordinates></LineString></Placemark><Placemark><name>Trabajado - Cuartel 645 - Hilera 647</name><Style><LineStyle><color>ff00ff00</color><width>3</width></LineStyle></Style><LineString><coordinates>-70.7458283,-33.6859583,0 -70.7459583,-33.6859633,0</coordinates></LineString></Placemark><Placemark><name>Trabajado - Cuartel 645 - Hilera 648</name><Style><LineStyle><color>ff00ff00</color><width>3</width></LineStyle></Style><LineString><coordinates>-70.7460533,-33.68602,0 -70.7463983,-33.68605,0</coordinates></LineString></Placemark><Placemark><name>Trabajado - Cuartel 645 - Hilera 649</name><Style><LineStyle><color>ff00ff00</color><width>3</width></LineStyle></Style><LineString><coordinates>-70.7463983,-33.68605,0 -70.74956481525253,-33.686945282648686,0</coordinates></LineString></Placemark><Placemark><name>Trabajado - Cuartel 645 - Hilera 650</name><Style><LineStyle><color>ff00ff00</color><width>3</width></LineStyle></Style><LineString><coordinates>-70.749575,-33.68692,0 -70.7498216,-33.6869033,0</coordinates></LineString></Placemark><Placemark><name>Trabajado - Cuartel 645 - Hilera 651</name><Style><LineStyle><color>ff00ff00</color><width>3</width></LineStyle></Style><LineString><coordinates>-70.7498216,-33.6869033,0 -70.7545933,-33.6883149,0</coordinates></LineString></Placemark><Placemark><name>Trabajado - Cuartel 645 - Hilera 652</name><Style><LineStyle><color>ff00ff00</color><width>3</width></LineStyle></Style><LineString><coordinates>-70.7545933,-33.6883149,0 -70.7552666,-33.6884833,0</coordinates></LineString></Placemark><Placemark><name>Trabajado - Cuartel 645 - Hilera 654</name><Style><LineStyle><color>ff00ff00</color><width>3</width></LineStyle></Style><LineString><coordinates>-70.7551616,-33.6885233,0 -70.7537716,-33.6881483,0</coordinates></LineString></Placemark><Placemark><name>Trabajado - Cuartel 645 - Hilera 655</name><Style><LineStyle><color>ff00ff00</color><width>3</width></LineStyle></Style><LineString><coordinates>-70.7537716,-33.6881483,0 -70.7536783,-33.6882266,0</coordinates></LineString></Placemark><Placemark><name>Trabajado - Cuartel 645 - Hilera 656</name><Style><LineStyle><color>ff00ff00</color><width>3</width></LineStyle></Style><LineString><coordinates>-70.7536783,-33.6882266,0 -70.7537,-33.6881383,0</coordinates></LineString></Placemark><Placemark><name>Trabajado - Cuartel 645 - Hilera 657</name><Style><LineStyle><color>ff00ff00</color><width>3</width></LineStyle></Style><LineString><coordinates>-70.75425424863568,-33.687460238700474,0 -70.7536333,-33.6882199,0</coordinates></LineString></Placemark><Placemark><name>Trabajado - Cuartel 645 - Hilera 658</name><Style><LineStyle><color>ff00ff00</color><width>3</width></LineStyle></Style><LineString><coordinates>-70.7536883,-33.68825,0 -70.7552566,-33.6887049,0</coordinates></LineString></Placemark><Placemark><name>Trabajado - Cuartel 645 - Hilera 660</name><Style><LineStyle><color>ff00ff00</color><width>3</width></LineStyle></Style><LineString><coordinates>-70.7552716,-33.6886166,0 -70.7536583,-33.6882783,0</coordinates></LineString></Placemark><Placemark><name>Trabajado - Cuartel 645 - Hilera 661</name><Style><LineStyle><color>ff00ff00</color><width>3</width></LineStyle></Style><LineString><coordinates>-70.7536583,-33.6882783,0 -70.7552483,-33.688785,0</coordinates></LineString></Placemark><Placemark><name>Trabajado - Cuartel 645 - Hilera 662</name><Style><LineStyle><color>ff00ff00</color><width>3</width></LineStyle></Style><LineString><coordinates>-70.755255,-33.688655,0 -70.753695,-33.6882566,0</coordinates></LineString></Placemark><Placemark><name>Trabajado - Cuartel 645 - Hilera 663</name><Style><LineStyle><color>ff00ff00</color><width>3</width></LineStyle></Style><LineString><coordinates>-70.753695,-33.6882566,0 -70.753555,-33.6884483,0</coordinates></LineString></Placemark><Placemark><name>Trabajado - Cuartel 645 - Hilera 664</name><Style><LineStyle><color>ff00ff00</color><width>3</width></LineStyle></Style><LineString><coordinates>-70.753555,-33.6884483,0 -70.7551866,-33.6889316,0</coordinates></LineString></Placemark><Placemark><name>Trabajado - Cuartel 645 - Hilera 666</name><Style><LineStyle><color>ff00ff00</color><width>3</width></LineStyle></Style><LineString><coordinates>-70.755065,-33.6888099,0 -70.753575,-33.6883366,0</coordinates></LineString></Placemark><Placemark><name>Trabajado - Cuartel 645 - Hilera 667</name><Style><LineStyle><color>ff00ff00</color><width>3</width></LineStyle></Style><LineString><coordinates>-70.753575,-33.6883366,0 -70.7536683,-33.6885066,0</coordinates></LineString></Placemark><Placemark><name>Trabajado - Cuartel 645 - Hilera 668</name><Style><LineStyle><color>ff00ff00</color><width>3</width></LineStyle></Style><LineString><coordinates>-70.7536683,-33.6885066,0 -70.75517230257246,-33.68896232888181,0</coordinates></LineString></Placemark><Placemark><name>Trabajado - Cuartel 645 - Hilera 670</name><Style><LineStyle><color>ff00ff00</color><width>3</width></LineStyle></Style><LineString><coordinates>-70.7552683,-33.6889483,0 -70.7535666,-33.6884233,0</coordinates></LineString></Placemark><Placemark><name>Trabajado - Cuartel 645 - Hilera 671</name><Style><LineStyle><color>ff00ff00</color><width>3</width></LineStyle></Style><LineString><coordinates>-70.7535666,-33.6884233,0 -70.7534883,-33.68859,0</coordinates></LineString></Placemark><Placemark><name>Trabajado - Cuartel 645 - Hilera 672</name><Style><LineStyle><color>ff00ff00</color><width>3</width></LineStyle></Style><LineString><coordinates>-70.7534883,-33.68859,0 -70.7535616,-33.6886716,0</coordinates></LineString></Placemark><Placemark><name>Trabajado - Cuartel 645 - Hilera 673</name><Style><LineStyle><color>ff00ff00</color><width>3</width></LineStyle></Style><LineString><coordinates>-70.7535616,-33.6886716,0 -70.7551549,-33.689195,0</coordinates></LineString></Placemark><Placemark><name>Trabajado - Cuartel 645 - Hilera 675</name><Style><LineStyle><color>ff00ff00</color><width>3</width></LineStyle></Style><LineString><coordinates>-70.7550866,-33.6890133,0 -70.7535566,-33.6886166,0</coordinates></LineString></Placemark><Placemark><name>Trabajado - Cuartel 645 - Hilera 676</name><Style><LineStyle><color>ff00ff00</color><width>3</width></LineStyle></Style><LineString><coordinates>-70.7535566,-33.6886166,0 -70.753475,-33.68873,0</coordinates></LineString></Placemark><Placemark><name>Trabajado - Cuartel 645 - Hilera 677</name><Style><LineStyle><color>ff00ff00</color><width>3</width></LineStyle></Style><LineString><coordinates>-70.753475,-33.68873,0 -70.7553033,-33.6891983,0</coordinates></LineString></Placemark><Placemark><name>Trabajado - Cuartel 645 - Hilera 678</name><Style><LineStyle><color>ff00ff00</color><width>3</width></LineStyle></Style><LineString><coordinates>-70.7553033,-33.6891983,0 -70.7535033,-33.6885983,0</coordinates></LineString></Placemark><Placemark><name>Trabajado - Cuartel 645 - Hilera 679</name><Style><LineStyle><color>ff00ff00</color><width>3</width></LineStyle></Style><LineString><coordinates>-70.75330490793483,-33.689367674106435,0 -70.753655,-33.68801,0</coordinates></LineString></Placemark><Placemark><name>Trabajado - Cuartel 645 - Hilera 680</name><Style><LineStyle><color>ff00ff00</color><width>3</width></LineStyle></Style><LineString><coordinates>-70.753655,-33.68801,0 -70.7459516,-33.685925,0</coordinates></LineString></Placemark><Placemark><name>Trabajado - Cuartel 645 - Hilera 681</name><Style><LineStyle><color>ff00ff00</color><width>3</width></LineStyle></Style><LineString><coordinates>-70.7459516,-33.685925,0 -70.74532322269383,-33.68615313698377,0</coordinates></LineString></Placemark><Placemark><name>Trabajado - Cuartel 645 - Hilera 682</name><Style><LineStyle><color>ff00ff00</color><width>3</width></LineStyle></Style><LineString><coordinates>-70.7456533,-33.6860333,0 -70.74583694141985,-33.686212837700985,0</coordinates></LineString></Placemark><Placemark><name>Trabajado - Cuartel 645 - Hilera 683</name><Style><LineStyle><color>ff00ff00</color><width>3</width></LineStyle></Style><LineString><coordinates>-70.7457616,-33.6860449,0 -70.7458783,-33.6859733,0</coordinates></LineString></Placemark><Placemark><name>Trabajado - Cuartel 645 - Hilera 684</name><Style><LineStyle><color>ff00ff00</color><width>3</width></LineStyle></Style><LineString><coordinates>-70.7458783,-33.6859733,0 -70.75372602006361,-33.688093380143584,0</coordinates></LineString></Placemark><Placemark><name>Trabajado - Cuartel 645 - Hilera 685</name><Style><LineStyle><color>ff00ff00</color><width>3</width></LineStyle></Style><LineString><coordinates>-70.7537035568231,-33.688057373206014,0 -70.75280937943148,-33.69094433887871,0</coordinates></LineString></Placemark><Placemark><name>Trabajado - Cuartel 645 - Hilera 686</name><Style><LineStyle><color>ff00ff00</color><width>3</width></LineStyle></Style><LineString><coordinates>-70.75344,-33.6889083,0 -70.7551566,-33.689385,0</coordinates></LineString></Placemark><Placemark><name>Trabajado - Cuartel 645 - Hilera 688</name><Style><LineStyle><color>ff00ff00</color><width>3</width></LineStyle></Style><LineString><coordinates>-70.75529,-33.6893416,0 -70.7536466,-33.6889133,0</coordinates></LineString></Placemark><Placemark><name>Trabajado - Cuartel 645 - Hilera 689</name><Style><LineStyle><color>ff00ff00</color><width>3</width></LineStyle></Style><LineString><coordinates>-70.7536466,-33.6889133,0 -70.7534566,-33.6889616,0</coordinates></LineString></Placemark><Placemark><name>Trabajado - Cuartel 645 - Hilera 690</name><Style><LineStyle><color>ff00ff00</color><width>3</width></LineStyle></Style><LineString><coordinates>-70.75067360977245,-33.688288707834815,0 -70.7537816,-33.6891066,0</coordinates></LineString></Placemark><Placemark><name>Trabajado - Cuartel 645 - Hilera 692</name><Style><LineStyle><color>ff00ff00</color><width>3</width></LineStyle></Style><LineString><coordinates>-70.75435,-33.68975,0 -70.7551299,-33.6899566,0</coordinates></LineString></Placemark><Placemark><name>Trabajado - Cuartel 645 - Hilera 694</name><Style><LineStyle><color>ff00ff00</color><width>3</width></LineStyle></Style><LineString><coordinates>-70.7552983,-33.6899133,0 -70.7528075787382,-33.68933718858019,0</coordinates></LineString></Placemark><Placemark><name>Trabajado - Cuartel 645 - Hilera 695</name><Style><LineStyle><color>ff00ff00</color><width>3</width></LineStyle></Style><LineString><coordinates>-70.753425,-33.68948,0 -70.7553333,-33.6897733,0</coordinates></LineString></Placemark><Placemark><name>Trabajado - Cuartel 645 - Hilera 696</name><Style><LineStyle><color>ff00ff00</color><width>3</width></LineStyle></Style><LineString><coordinates>-70.7553333,-33.6897733,0 -70.7533433,-33.6892,0</coordinates></LineString></Placemark><Placemark><name>Trabajado - Cuartel 645 - Hilera 697</name><Style><LineStyle><color>ff00ff00</color><width>3</width></LineStyle></Style><LineString><coordinates>-70.7533433,-33.6892,0 -70.7534166,-33.6890916,0</coordinates></LineString></Placemark><Placemark><name>Trabajado - Cuartel 645 - Hilera 698</name><Style><LineStyle><color>ff00ff00</color><width>3</width></LineStyle></Style><LineString><coordinates>-70.7534166,-33.6890916,0 -70.75527,-33.6895816,0</coordinates></LineString></Placemark><Placemark><name>Trabajado - Cuartel 645 - Hilera 699</name><Style><LineStyle><color>ff00ff00</color><width>3</width></LineStyle></Style><LineString><coordinates>-70.75527,-33.6895816,0 -70.7546066,-33.68933,0</coordinates></LineString></Placemark><Placemark><name>Trabajado - Cuartel 645 - Hilera 700</name><Style><LineStyle><color>ff00ff00</color><width>3</width></LineStyle></Style><LineString><coordinates>-70.7546066,-33.68933,0 -70.7533916,-33.6890333,0</coordinates></LineString></Placemark><Placemark><name>Trabajado - Cuartel 645 - Hilera 701</name><Style><LineStyle><color>ff00ff00</color><width>3</width></LineStyle></Style><LineString><coordinates>-70.7533916,-33.6890333,0 -70.7533033,-33.6891333,0</coordinates></LineString></Placemark><Placemark><name>Trabajado - Cuartel 645 - Hilera 702</name><Style><LineStyle><color>ff00ff00</color><width>3</width></LineStyle></Style><LineString><coordinates>-70.7533033,-33.6891333,0 -70.7534866,-33.68936,0</coordinates></LineString></Placemark><Placemark><name>Trabajado - Cuartel 645 - Hilera 703</name><Style><LineStyle><color>ff00ff00</color><width>3</width></LineStyle></Style><LineString><coordinates>-70.7534866,-33.68936,0 -70.7553183,-33.6898683,0</coordinates></LineString></Placemark><Placemark><name>Trabajado - Cuartel 645 - Hilera 704</name><Style><LineStyle><color>ff00ff00</color><width>3</width></LineStyle></Style><LineString><coordinates>-70.7553466,-33.6898833,0 -70.753275,-33.6892116,0</coordinates></LineString></Placemark><Placemark><name>Trabajado - Cuartel 645 - Hilera 705</name><Style><LineStyle><color>ff00ff00</color><width>3</width></LineStyle></Style><LineString><coordinates>-70.753275,-33.6892116,0 -70.7533683,-33.6891133,0</coordinates></LineString></Placemark><Placemark><name>Trabajado - Cuartel 645 - Hilera 706</name><Style><LineStyle><color>ff00ff00</color><width>3</width></LineStyle></Style><LineString><coordinates>-70.75312748307246,-33.68931265246086,0 -70.75527075508234,-33.68994715708208,0</coordinates></LineString></Placemark><Placemark><name>Trabajado - Cuartel 645 - Hilera 708</name><Style><LineStyle><color>ff00ff00</color><width>3</width></LineStyle></Style><LineString><coordinates>-70.7551483,-33.6897566,0 -70.7532466,-33.6892049,0</coordinates></LineString></Placemark><Placemark><name>Trabajado - Cuartel 645 - Hilera 709</name><Style><LineStyle><color>ff00ff00</color><width>3</width></LineStyle></Style><LineString><coordinates>-70.7532466,-33.6892049,0 -70.7532433,-33.6894633,0</coordinates></LineString></Placemark><Placemark><name>Trabajado - Cuartel 645 - Hilera 710</name><Style><LineStyle><color>ff00ff00</color><width>3</width></LineStyle></Style><LineString><coordinates>-70.7532433,-33.6894633,0 -70.7552933,-33.6900933,0</coordinates></LineString></Placemark><Placemark><name>Trabajado - Cuartel 645 - Hilera 712</name><Style><LineStyle><color>ff00ff00</color><width>3</width></LineStyle></Style><LineString><coordinates>-70.7531216,-33.6893266,0 -70.7533133,-33.689545,0</coordinates></LineString></Placemark><Placemark><name>Trabajado - Cuartel 645 - Hilera 713</name><Style><LineStyle><color>ff00ff00</color><width>3</width></LineStyle></Style><LineString><coordinates>-70.7533133,-33.689545,0 -70.7538566,-33.689745,0</coordinates></LineString></Placemark><Placemark><name>Trabajado - Cuartel 645 - Hilera 714</name><Style><LineStyle><color>ff00ff00</color><width>3</width></LineStyle></Style><LineString><coordinates>-70.7538566,-33.689745,0 -70.7551533,-33.6901166,0</coordinates></LineString></Placemark><Placemark><name>Trabajado - Cuartel 645 - Hilera 716</name><Style><LineStyle><color>ff00ff00</color><width>3</width></LineStyle></Style><LineString><coordinates>-70.755135,-33.6898883,0 -70.753365,-33.68935,0</coordinates></LineString></Placemark><Placemark><name>Trabajado - Cuartel 645 - Hilera 717</name><Style><LineStyle><color>ff00ff00</color><width>3</width></LineStyle></Style><LineString><coordinates>-70.753365,-33.68935,0 -70.75308,-33.6894083,0</coordinates></LineString></Placemark><Placemark><name>Trabajado - Cuartel 645 - Hilera 718</name><Style><LineStyle><color>ff00ff00</color><width>3</width></LineStyle></Style><LineString><coordinates>-70.75308,-33.6894083,0 -70.75312,-33.6896799,0</coordinates></LineString></Placemark><Placemark><name>Trabajado - Cuartel 645 - Hilera 719</name><Style><LineStyle><color>ff00ff00</color><width>3</width></LineStyle></Style><LineString><coordinates>-70.75312,-33.6896799,0 -70.7552416,-33.6902,0</coordinates></LineString></Placemark><Placemark><name>Trabajado - Cuartel 645 - Hilera 720</name><Style><LineStyle><color>ff00ff00</color><width>3</width></LineStyle></Style><LineString><coordinates>-70.7552416,-33.6902,0 -70.7531599,-33.6896016,0</coordinates></LineString></Placemark><Placemark><name>Trabajado - Cuartel 645 - Hilera 721</name><Style><LineStyle><color>ff00ff00</color><width>3</width></LineStyle></Style><LineString><coordinates>-70.75307117594379,-33.689858686174354,0 -70.75369578460082,-33.688048824712226,0</coordinates></LineString></Placemark><Placemark><name>Trabajado - Cuartel 645 - Hilera 722</name><Style><LineStyle><color>ff00ff00</color><width>3</width></LineStyle></Style><LineString><coordinates>-70.75375654183917,-33.68813348635402,0 -70.75282167222298,-33.69040899554195,0</coordinates></LineString></Placemark><Placemark><name>Trabajado - Cuartel 645 - Hilera 723</name><Style><LineStyle><color>ff00ff00</color><width>3</width></LineStyle></Style><LineString><coordinates>-70.7531116,-33.6897033,0 -70.7552633,-33.6903616,0</coordinates></LineString></Placemark><Placemark><name>Trabajado - Cuartel 645 - Hilera 725</name><Style><LineStyle><color>ff00ff00</color><width>3</width></LineStyle></Style><LineString><coordinates>-70.7551333,-33.690225,0 -70.75245027278298,-33.68955413222291,0</coordinates></LineString></Placemark><Placemark><name>Trabajado - Cuartel 645 - Hilera 726</name><Style><LineStyle><color>ff00ff00</color><width>3</width></LineStyle></Style><LineString><coordinates>-70.75332,-33.6897716,0 -70.7530316,-33.6899616,0</coordinates></LineString></Placemark><Placemark><name>Trabajado - Cuartel 645 - Hilera 727</name><Style><LineStyle><color>ff00ff00</color><width>3</width></LineStyle></Style><LineString><coordinates>-70.7530316,-33.6899616,0 -70.7552533,-33.6905683,0</coordinates></LineString></Placemark><Placemark><name>Trabajado - Cuartel 645 - Hilera 729</name><Style><LineStyle><color>ff00ff00</color><width>3</width></LineStyle></Style><LineString><coordinates>-70.75529,-33.6904583,0 -70.75075754074791,-33.689264855193365,0</coordinates></LineString></Placemark><Placemark><name>Trabajado - Cuartel 645 - Hilera 730</name><Style><LineStyle><color>ff00ff00</color><width>3</width></LineStyle></Style><LineString><coordinates>-70.7531883,-33.6899049,0 -70.7530716,-33.6899983,0</coordinates></LineString></Placemark><Placemark><name>Trabajado - Cuartel 645 - Hilera 731</name><Style><LineStyle><color>ff00ff00</color><width>3</width></LineStyle></Style><LineString><coordinates>-70.7530716,-33.6899983,0 -70.755095,-33.6906133,0</coordinates></LineString></Placemark><Placemark><name>Trabajado - Cuartel 645 - Hilera 733</name><Style><LineStyle><color>ff00ff00</color><width>3</width></LineStyle></Style><LineString><coordinates>-70.7551683,-33.69045,0 -70.7530999,-33.6899183,0</coordinates></LineString></Placemark><Placemark><name>Trabajado - Cuartel 645 - Hilera 734</name><Style><LineStyle><color>ff00ff00</color><width>3</width></LineStyle></Style><LineString><coordinates>-70.7530999,-33.6899183,0 -70.7529566,-33.6900983,0</coordinates></LineString></Placemark><Placemark><name>Trabajado - Cuartel 645 - Hilera 735</name><Style><LineStyle><color>ff00ff00</color><width>3</width></LineStyle></Style><LineString><coordinates>-70.7529566,-33.6900983,0 -70.7552066,-33.690805,0</coordinates></LineString></Placemark><Placemark><name>Trabajado - Cuartel 645 - Hilera 737</name><Style><LineStyle><color>ff00ff00</color><width>3</width></LineStyle></Style><LineString><coordinates>-70.7552566,-33.6907016,0 -70.7530683,-33.6898583,0</coordinates></LineString></Placemark><Placemark><name>Trabajado - Cuartel 645 - Hilera 738</name><Style><LineStyle><color>ff00ff00</color><width>3</width></LineStyle></Style><LineString><coordinates>-70.7459166,-33.6859666,0 -70.74535246628285,-33.686156270744,0</coordinates></LineString></Placemark><Placemark><name>Trabajado - Cuartel 645 - Hilera 739</name><Style><LineStyle><color>ff00ff00</color><width>3</width></LineStyle></Style><LineString><coordinates>-70.7455661055738,-33.686135816416154,0 -70.745295,-33.6861233,0</coordinates></LineString></Placemark><Placemark><name>Trabajado - Cuartel 645 - Hilera 740</name><Style><LineStyle><color>ff00ff00</color><width>3</width></LineStyle></Style><LineString><coordinates>-70.74529024469615,-33.686126353519,0 -70.74543253097123,-33.686034987360486,0</coordinates></LineString></Placemark><Placemark><name>Trabajado - Cuartel 645 - Hilera 741</name><Style><LineStyle><color>ff00ff00</color><width>3</width></LineStyle></Style><LineString><coordinates>-70.7453883,-33.6860633,0 -70.7454766,-33.6861266,0</coordinates></LineString></Placemark><Placemark><name>Trabajado - Cuartel 645 - Hilera 742</name><Style><LineStyle><color>ff00ff00</color><width>3</width></LineStyle></Style><LineString><coordinates>-70.74548740891797,-33.686143112201684,0 -70.74536898594386,-33.68596220380366,0</coordinates></LineString></Placemark><Placemark><name>Trabajado - Cuartel 645 - Hilera 743</name><Style><LineStyle><color>ff00ff00</color><width>3</width></LineStyle></Style><LineString><coordinates>-70.7453766,-33.6860583,0 -70.74576104407515,-33.68614225076806,0</coordinates></LineString></Placemark><Placemark><name>Trabajado - Cuartel 645 - Hilera 745</name><Style><LineStyle><color>ff00ff00</color><width>3</width></LineStyle></Style><LineString><coordinates>-70.7454683,-33.6864533,0 -70.7454399,-33.6858566,0</coordinates></LineString></Placemark><Placemark><name>Trabajado - Cuartel 645 - Hilera 746</name><Style><LineStyle><color>ff00ff00</color><width>3</width></LineStyle></Style><LineString><coordinates>-70.7454449,-33.6858716,0 -70.7452193159378,-33.68665749736225,0</coordinates></LineString></Placemark><Placemark><name>Trabajado - Cuartel 645 - Hilera 747</name><Style><LineStyle><color>ff00ff00</color><width>3</width></LineStyle></Style><LineString><coordinates>-70.7453583,-33.6861733,0 -70.74574682077555,-33.68593421029198,0</coordinates></LineString></Placemark><Placemark><name>Trabajado - Cuartel 645 - Hilera 748</name><Style><LineStyle><color>ff00ff00</color><width>3</width></LineStyle></Style><LineString><coordinates>-70.74534,-33.6861266,0 -70.7454816,-33.68604,0</coordinates></LineString></Placemark><Placemark><name>Trabajado - Cuartel 645 - Hilera 749</name><Style><LineStyle><color>ff00ff00</color><width>3</width></LineStyle></Style><LineString><coordinates>-70.7455142370426,-33.68615512869083,0 -70.7453833,-33.6860966,0</coordinates></LineString></Placemark><Placemark><name>Trabajado - Cuartel 645 - Hilera 750</name><Style><LineStyle><color>ff00ff00</color><width>3</width></LineStyle></Style><LineString><coordinates>-70.74531936521494,-33.68616449012265,0 -70.7454916,-33.6859816,0</coordinates></LineString></Placemark><Placemark><name>Trabajado - Cuartel 645 - Hilera 751</name><Style><LineStyle><color>ff00ff00</color><width>3</width></LineStyle></Style><LineString><coordinates>-70.7454616,-33.6858833,0 -70.74537421379144,-33.68643863202091,0</coordinates></LineString></Placemark><Placemark><name>Trabajado - Cuartel 645 - Hilera 753</name><Style><LineStyle><color>ff00ff00</color><width>3</width></LineStyle></Style><LineString><coordinates>-70.74537649534619,-33.686005887648705,0 -70.7454333,-33.6861633,0</coordinates></LineString></Placemark><Placemark><name>Trabajado - Cuartel 645 - Hilera 754</name><Style><LineStyle><color>ff00ff00</color><width>3</width></LineStyle></Style><LineString><coordinates>-70.7453766,-33.6864366,0 -70.7450183,-33.6859366,0</coordinates></LineString></Placemark><Placemark><name>Trabajado - Cuartel 645 - Hilera 755</name><Style><LineStyle><color>ff00ff00</color><width>3</width></LineStyle></Style><LineString><coordinates>-70.7450183,-33.6859366,0 -70.74563069527449,-33.68611553606687,0</coordinates></LineString></Placemark><Placemark><name>Trabajado - Cuartel 645 - Hilera 756</name><Style><LineStyle><color>ff00ff00</color><width>3</width></LineStyle></Style><LineString><coordinates>-70.7453166,-33.686155,0 -70.74575272230506,-33.685914388573174,0</coordinates></LineString></Placemark><Placemark><name>Trabajado - Cuartel 645 - Hilera 757</name><Style><LineStyle><color>ff00ff00</color><width>3</width></LineStyle></Style><LineString><coordinates>-70.7460278339807,-33.68593184558157,0 -70.7453766,-33.6860783,0</coordinates></LineString></Placemark><Placemark><name>Trabajado - Cuartel 645 - Hilera 759</name><Style><LineStyle><color>ff00ff00</color><width>3</width></LineStyle></Style><LineString><coordinates>-70.745205,-33.6864683,0 -70.7452783,-33.6865516,0</coordinates></LineString></Placemark><Placemark><name>Trabajado - Cuartel 645 - Hilera 760</name><Style><LineStyle><color>ff00ff00</color><width>3</width></LineStyle></Style><LineString><coordinates>-70.7452233,-33.6866583,0 -70.7452566,-33.6860466,0</coordinates></LineString></Placemark><Placemark><name>Trabajado - Cuartel 645 - Hilera 761</name><Style><LineStyle><color>ff00ff00</color><width>3</width></LineStyle></Style><LineString><coordinates>-70.7452566,-33.6860466,0 -70.7453216,-33.68615,0</coordinates></LineString></Placemark><Placemark><name>Trabajado - Cuartel 645 - Hilera 762</name><Style><LineStyle><color>ff00ff00</color><width>3</width></LineStyle></Style><LineString><coordinates>-70.7454433,-33.6861433,0 -70.7452933,-33.686105,0</coordinates></LineString></Placemark><Placemark><name>Trabajado - Cuartel 645 - Hilera 763</name><Style><LineStyle><color>ff00ff00</color><width>3</width></LineStyle></Style><LineString><coordinates>-70.74533942224687,-33.6861249591734,0 -70.7461016,-33.6859366,0</coordinates></LineString></Placemark><Placemark><name>Trabajado - Cuartel 645 - Hilera 764</name><Style><LineStyle><color>ff00ff00</color><width>3</width></LineStyle></Style><LineString><coordinates>-70.74537884981147,-33.68600615601359,0 -70.7456181901886,-33.686173293148464,0</coordinates></LineString></Placemark><Placemark><name>Trabajado - Cuartel 645 - Hilera 765</name><Style><LineStyle><color>ff00ff00</color><width>3</width></LineStyle></Style><LineString><coordinates>-70.74561815125134,-33.68614086342432,0 -70.74541023655749,-33.68607758503923,0</coordinates></LineString></Placemark><Placemark><name>Trabajado - Cuartel 645 - Hilera 766</name><Style><LineStyle><color>ff00ff00</color><width>3</width></LineStyle></Style><LineString><coordinates>-70.7454999,-33.6861433,0 -70.7459516,-33.68591,0</coordinates></LineString></Placemark><Placemark><name>Trabajado - Cuartel 645 - Hilera 767</name><Style><LineStyle><color>ff00ff00</color><width>3</width></LineStyle></Style><LineString><coordinates>-70.7459516,-33.68591,0 -70.7536733,-33.6882583,0</coordinates></LineString></Placemark><Placemark><name>Trabajado - Cuartel 645 - Hilera 768</name><Style><LineStyle><color>ff00ff00</color><width>3</width></LineStyle></Style><LineString><coordinates>-70.75373757313338,-33.688095925768316,0 -70.75256076999761,-33.69106890211132,0</coordinates></LineString></Placemark><Placemark><name>Trabajado - Cuartel 645 - Hilera 769</name><Style><LineStyle><color>ff00ff00</color><width>3</width></LineStyle></Style><LineString><coordinates>-70.7530083,-33.6899383,0 -70.75315,-33.6901866,0</coordinates></LineString></Placemark><Placemark><name>Trabajado - Cuartel 645 - Hilera 770</name><Style><LineStyle><color>ff00ff00</color><width>3</width></LineStyle></Style><LineString><coordinates>-70.75315,-33.6901866,0 -70.7552133,-33.6907716,0</coordinates></LineString></Placemark><Placemark><name>Trabajado - Cuartel 645 - Hilera 772</name><Style><LineStyle><color>ff00ff00</color><width>3</width></LineStyle></Style><LineString><coordinates>-70.7552949,-33.6906783,0 -70.75185885463446,-33.68973086102053,0</coordinates></LineString></Placemark><Placemark><name>Trabajado - Cuartel 645 - Hilera 773</name><Style><LineStyle><color>ff00ff00</color><width>3</width></LineStyle></Style><LineString><coordinates>-70.7531733,-33.6900933,0 -70.7529616,-33.6901283,0</coordinates></LineString></Placemark><Placemark><name>Trabajado - Cuartel 645 - Hilera 774</name><Style><LineStyle><color>ff00ff00</color><width>3</width></LineStyle></Style><LineString><coordinates>-70.7529616,-33.6901283,0 -70.7530283,-33.69022,0</coordinates></LineString></Placemark><Placemark><name>Trabajado - Cuartel 645 - Hilera 775</name><Style><LineStyle><color>ff00ff00</color><width>3</width></LineStyle></Style><LineString><coordinates>-70.7530283,-33.69022,0 -70.7551516,-33.6908016,0</coordinates></LineString></Placemark><Placemark><name>Trabajado - Cuartel 645 - Hilera 777</name><Style><LineStyle><color>ff00ff00</color><width>3</width></LineStyle></Style><LineString><coordinates>-70.7553116,-33.6907433,0 -70.74526123116381,-33.6879342261968,0</coordinates></LineString></Placemark><Placemark><name>Trabajado - Cuartel 645 - Hilera 778</name><Style><LineStyle><color>ff00ff00</color><width>3</width></LineStyle></Style><LineString><coordinates>-70.7530816,-33.6901266,0 -70.75294,-33.690235,0</coordinates></LineString></Placemark><Placemark><name>Trabajado - Cuartel 645 - Hilera 779</name><Style><LineStyle><color>ff00ff00</color><width>3</width></LineStyle></Style><LineString><coordinates>-70.75281738535888,-33.69000033542576,0 -70.7530166,-33.6903816,0</coordinates></LineString></Placemark><Placemark><name>Trabajado - Cuartel 645 - Hilera 780</name><Style><LineStyle><color>ff00ff00</color><width>3</width></LineStyle></Style><LineString><coordinates>-70.7530166,-33.6903816,0 -70.75524405640301,-33.69101732049393,0</coordinates></LineString></Placemark><Placemark><name>Trabajado - Cuartel 645 - Hilera 782</name><Style><LineStyle><color>ff00ff00</color><width>3</width></LineStyle></Style><LineString><coordinates>-70.7553416,-33.6909533,0 -70.75280663895568,-33.69022150528831,0</coordinates></LineString></Placemark><Placemark><name>Trabajado - Cuartel 645 - Hilera 783</name><Style><LineStyle><color>ff00ff00</color><width>3</width></LineStyle></Style><LineString><coordinates>-70.7529916,-33.6902749,0 -70.7529333,-33.6904066,0</coordinates></LineString></Placemark><Placemark><name>Trabajado - Cuartel 645 - Hilera 784</name><Style><LineStyle><color>ff00ff00</color><width>3</width></LineStyle></Style><LineString><coordinates>-70.7529333,-33.6904066,0 -70.7552933,-33.6910433,0</coordinates></LineString></Placemark><Placemark><name>Trabajado - Cuartel 645 - Hilera 786</name><Style><LineStyle><color>ff00ff00</color><width>3</width></LineStyle></Style><LineString><coordinates>-70.7552216,-33.6909349,0 -70.75113820095528,-33.68985562605332,0</coordinates></LineString></Placemark><Placemark><name>Trabajado - Cuartel 645 - Hilera 787</name><Style><LineStyle><color>ff00ff00</color><width>3</width></LineStyle></Style><LineString><coordinates>-70.7529833,-33.6903433,0 -70.752835,-33.6905416,0</coordinates></LineString></Placemark><Placemark><name>Trabajado - Cuartel 645 - Hilera 788</name><Style><LineStyle><color>ff00ff00</color><width>3</width></LineStyle></Style><LineString><coordinates>-70.752835,-33.6905416,0 -70.75532820528997,-33.691231840106944,0</coordinates></LineString></Placemark><Placemark><name>Trabajado - Cuartel 645 - Hilera 790</name><Style><LineStyle><color>ff00ff00</color><width>3</width></LineStyle></Style><LineString><coordinates>-70.7552916,-33.6911316,0 -70.7528366,-33.6904133,0</coordinates></LineString></Placemark><Placemark><name>Trabajado - Cuartel 645 - Hilera 791</name><Style><LineStyle><color>ff00ff00</color><width>3</width></LineStyle></Style><LineString><coordinates>-70.7537007903845,-33.68805347986611,0 -70.75253157394155,-33.691323293460094,0</coordinates></LineString></Placemark><Placemark><name>Trabajado - Cuartel 645 - Hilera 792</name><Style><LineStyle><color>ff00ff00</color><width>3</width></LineStyle></Style><LineString><coordinates>-70.752795,-33.6905866,0 -70.7553283,-33.6912316,0</coordinates></LineString></Placemark><Placemark><name>Trabajado - Cuartel 645 - Hilera 793</name><Style><LineStyle><color>ff00ff00</color><width>3</width></LineStyle></Style><LineString><coordinates>-70.7543016,-33.6909283,0 -70.7527566,-33.6906233,0</coordinates></LineString></Placemark><Placemark><name>Trabajado - Cuartel 645 - Hilera 794</name><Style><LineStyle><color>ff00ff00</color><width>3</width></LineStyle></Style><LineString><coordinates>-70.75269605308725,-33.690532018321065,0 -70.7528616,-33.6907816,0</coordinates></LineString></Placemark><Placemark><name>Trabajado - Cuartel 645 - Hilera 795</name><Style><LineStyle><color>ff00ff00</color><width>3</width></LineStyle></Style><LineString><coordinates>-70.7495985950249,-33.68992291448024,0 -70.7553316,-33.6914316,0</coordinates></LineString></Placemark><Placemark><name>Trabajado - Cuartel 645 - Hilera 797</name><Style><LineStyle><color>ff00ff00</color><width>3</width></LineStyle></Style><LineString><coordinates>-70.755245,-33.6913516,0 -70.75478894291135,-33.691211827687376,0</coordinates></LineString></Placemark><Placemark><name>Trabajado - Cuartel 645 - Hilera 798</name><Style><LineStyle><color>ff00ff00</color><width>3</width></LineStyle></Style><LineString><coordinates>-70.7547883,-33.6912133,0 -70.75209431702142,-33.69051365840566,0</coordinates></LineString></Placemark><Placemark><name>Trabajado - Cuartel 645 - Hilera 799</name><Style><LineStyle><color>ff00ff00</color><width>3</width></LineStyle></Style><LineString><coordinates>-70.752895,-33.6907216,0 -70.7526916,-33.6907666,0</coordinates></LineString></Placemark><Placemark><name>Trabajado - Cuartel 645 - Hilera 800</name><Style><LineStyle><color>ff00ff00</color><width>3</width></LineStyle></Style><LineString><coordinates>-70.7526916,-33.6907666,0 -70.7552666,-33.69148,0</coordinates></LineString></Placemark><Placemark><name>Trabajado - Cuartel 645 - Hilera 801</name><Style><LineStyle><color>ff00ff00</color><width>3</width></LineStyle></Style><LineString><coordinates>-70.7552666,-33.69148,0 -70.7541333,-33.6911233,0</coordinates></LineString></Placemark><Placemark><name>Trabajado - Cuartel 645 - Hilera 802</name><Style><LineStyle><color>ff00ff00</color><width>3</width></LineStyle></Style><LineString><coordinates>-70.7526583,-33.6909349,0 -70.75509935126742,-33.69164667758663,0</coordinates></LineString></Placemark><Placemark><name>Trabajado - Cuartel 645 - Hilera 804</name><Style><LineStyle><color>ff00ff00</color><width>3</width></LineStyle></Style><LineString><coordinates>-70.7552883,-33.6915883,0 -70.7526816,-33.6908983,0</coordinates></LineString></Placemark><Placemark><name>Trabajado - Cuartel 645 - Hilera 805</name><Style><LineStyle><color>ff00ff00</color><width>3</width></LineStyle></Style><LineString><coordinates>-70.75267216449173,-33.69085403221116,0 -70.752715,-33.691055,0</coordinates></LineString></Placemark><Placemark><name>Trabajado - Cuartel 645 - Hilera 806</name><Style><LineStyle><color>ff00ff00</color><width>3</width></LineStyle></Style><LineString><coordinates>-70.752715,-33.691055,0 -70.7535583,-33.6912583,0</coordinates></LineString></Placemark><Placemark><name>Trabajado - Cuartel 645 - Hilera 807</name><Style><LineStyle><color>ff00ff00</color><width>3</width></LineStyle></Style><LineString><coordinates>-70.7535583,-33.6912583,0 -70.75529661562858,-33.69175496160817,0</coordinates></LineString></Placemark><Placemark><name>Trabajado - Cuartel 645 - Hilera 809</name><Style><LineStyle><color>ff00ff00</color><width>3</width></LineStyle></Style><LineString><coordinates>-70.7552983,-33.6916716,0 -70.7535333,-33.691185,0</coordinates></LineString></Placemark><Placemark><name>Trabajado - Cuartel 645 - Hilera 810</name><Style><LineStyle><color>ff00ff00</color><width>3</width></LineStyle></Style><LineString><coordinates>-70.7535333,-33.691185,0 -70.7527816,-33.6909383,0</coordinates></LineString></Placemark><Placemark><name>Trabajado - Cuartel 645 - Hilera 811</name><Style><LineStyle><color>ff00ff00</color><width>3</width></LineStyle></Style><LineString><coordinates>-70.75373638562472,-33.6880664010615,0 -70.74582668982028,-33.68593579548298,0</coordinates></LineString></Placemark><Placemark><name>Trabajado - Cuartel 645 - Hilera 812</name><Style><LineStyle><color>ff00ff00</color><width>3</width></LineStyle></Style><LineString><coordinates>-70.7459533,-33.6859699,0 -70.7455166,-33.686115,0</coordinates></LineString></Placemark><Placemark><name>Trabajado - Cuartel 645 - Hilera 813</name><Style><LineStyle><color>ff00ff00</color><width>3</width></LineStyle></Style><LineString><coordinates>-70.74545364680826,-33.686059896652395,0 -70.7453783,-33.68619,0</coordinates></LineString></Placemark><Placemark><name>Trabajado - Cuartel 645 - Hilera 814</name><Style><LineStyle><color>ff00ff00</color><width>3</width></LineStyle></Style><LineString><coordinates>-70.7454183,-33.6859616,0 -70.74532,-33.6860116,0</coordinates></LineString></Placemark><Placemark><name>Trabajado - Cuartel 645 - Hilera 815</name><Style><LineStyle><color>ff00ff00</color><width>3</width></LineStyle></Style><LineString><coordinates>-70.7456233,-33.6861333,0 -70.74548,-33.6860033,0</coordinates></LineString></Placemark><Placemark><name>Trabajado - Cuartel 645 - Hilera 816</name><Style><LineStyle><color>ff00ff00</color><width>3</width></LineStyle></Style><LineString><coordinates>-70.7454316,-33.6860283,0 -70.7456245872963,-33.68613161225713,0</coordinates></LineString></Placemark><Placemark><name>Trabajado - Cuartel 645 - Hilera 817</name><Style><LineStyle><color>ff00ff00</color><width>3</width></LineStyle></Style><LineString><coordinates>-70.7460283,-33.6859333,0 -70.7496216,-33.686875,0</coordinates></LineString></Placemark><Placemark><name>Trabajado - Cuartel 645 - Hilera 818</name><Style><LineStyle><color>ff00ff00</color><width>3</width></LineStyle></Style><LineString><coordinates>-70.7496216,-33.686875,0 -70.7536933,-33.6880516,0</coordinates></LineString></Placemark><Placemark><name>Trabajado - Cuartel 645 - Hilera 819</name><Style><LineStyle><color>ff00ff00</color><width>3</width></LineStyle></Style><LineString><coordinates>-70.75064350925126,-33.690677046300706,0 -70.7552966,-33.6919766,0</coordinates></LineString></Placemark><Placemark><name>Trabajado - Cuartel 645 - Hilera 822</name><Style><LineStyle><color>ff00ff00</color><width>3</width></LineStyle></Style><LineString><coordinates>-70.7553433,-33.6918433,0 -70.7526933,-33.6911216,0</coordinates></LineString></Placemark><Placemark><name>Trabajado - Cuartel 645 - Hilera 823</name><Style><LineStyle><color>ff00ff00</color><width>3</width></LineStyle></Style><LineString><coordinates>-70.7526933,-33.6911216,0 -70.7524722896535,-33.691408534772265,0</coordinates></LineString></Placemark><Placemark><name>Trabajado - Cuartel 645 - Hilera 824</name><Style><LineStyle><color>ff00ff00</color><width>3</width></LineStyle></Style><LineString><coordinates>-70.7525649,-33.6912883,0 -70.75530705352014,-33.692027399065566,0</coordinates></LineString></Placemark><Placemark><name>Trabajado - Cuartel 645 - Hilera 826</name><Style><LineStyle><color>ff00ff00</color><width>3</width></LineStyle></Style><LineString><coordinates>-70.7552233,-33.6918716,0 -70.74965675082802,-33.69034606233939,0</coordinates></LineString></Placemark><Placemark><name>Trabajado - Cuartel 645 - Hilera 827</name><Style><LineStyle><color>ff00ff00</color><width>3</width></LineStyle></Style><LineString><coordinates>-70.75273,-33.6911883,0 -70.7525599,-33.6913366,0</coordinates></LineString></Placemark><Placemark><name>Trabajado - Cuartel 645 - Hilera 828</name><Style><LineStyle><color>ff00ff00</color><width>3</width></LineStyle></Style><LineString><coordinates>-70.75212801624099,-33.691220742408476,0 -70.7551816,-33.6920399,0</coordinates></LineString></Placemark><Placemark><name>Trabajado - Cuartel 645 - Hilera 830</name><Style><LineStyle><color>ff00ff00</color><width>3</width></LineStyle></Style><LineString><coordinates>-70.75512,-33.6918733,0 -70.7525366,-33.6912499,0</coordinates></LineString></Placemark><Placemark><name>Trabajado - Cuartel 645 - Hilera 831</name><Style><LineStyle><color>ff00ff00</color><width>3</width></LineStyle></Style><LineString><coordinates>-70.7525383,-33.69123,0 -70.7526033,-33.6911716,0</coordinates></LineString></Placemark><Placemark><name>Trabajado - Cuartel 645 - Hilera 832</name><Style><LineStyle><color>ff00ff00</color><width>3</width></LineStyle></Style><LineString><coordinates>-70.7525033,-33.6914166,0 -70.7537216,-33.6880766,0</coordinates></LineString></Placemark><Placemark><name>Trabajado - Cuartel 645 - Hilera 833</name><Style><LineStyle><color>ff00ff00</color><width>3</width></LineStyle></Style><LineString><coordinates>-70.74590548721135,-33.68590939859103,0 -70.7457533,-33.6861233,0</coordinates></LineString></Placemark><Placemark><name>Trabajado - Cuartel 645 - Hilera 834</name><Style><LineStyle><color>ff00ff00</color><width>3</width></LineStyle></Style><LineString><coordinates>-70.7457533,-33.6861233,0 -70.74545748569805,-33.68602963670166,0</coordinates></LineString></Placemark><Placemark><name>Trabajado - Cuartel 645 - Hilera 835</name><Style><LineStyle><color>ff00ff00</color><width>3</width></LineStyle></Style><LineString><coordinates>-70.7454269835819,-33.686168735455944,0 -70.74591922250424,-33.685827576018205,0</coordinates></LineString></Placemark><Placemark><name>Trabajado - Cuartel 645 - Hilera 836</name><Style><LineStyle><color>ff00ff00</color><width>3</width></LineStyle></Style><LineString><coordinates>-70.7457283,-33.6859599,0 -70.7497049,-33.6869216,0</coordinates></LineString></Placemark><Placemark><name>Trabajado - Cuartel 645 - Hilera 837</name><Style><LineStyle><color>ff00ff00</color><width>3</width></LineStyle></Style><LineString><coordinates>-70.7497049,-33.6869216,0 -70.7537083,-33.6880766,0</coordinates></LineString></Placemark><Placemark><name>Trabajado - Cuartel 645 - Hilera 838</name><Style><LineStyle><color>ff00ff00</color><width>3</width></LineStyle></Style><LineString><coordinates>-70.75371817668206,-33.688050014865006,0 -70.7524916,-33.6913516,0</coordinates></LineString></Placemark><Placemark><name>Trabajado - Cuartel 645 - Hilera 839</name><Style><LineStyle><color>ff00ff00</color><width>3</width></LineStyle></Style><LineString><coordinates>-70.7515639865369,-33.6911100634282,0 -70.7553516,-33.6921766,0</coordinates></LineString></Placemark><Placemark><name>Trabajado - Cuartel 645 - Hilera 840</name><Style><LineStyle><color>ff00ff00</color><width>3</width></LineStyle></Style><LineString><coordinates>-70.7553516,-33.6921766,0 -70.75146,-33.6911366,0</coordinates></LineString></Placemark><Placemark><name>Trabajado - Cuartel 645 - Hilera 841</name><Style><LineStyle><color>ff00ff00</color><width>3</width></LineStyle></Style><LineString><coordinates>-70.75146,-33.6911366,0 -70.7516166,-33.6912333,0</coordinates></LineString></Placemark><Placemark><name>Trabajado - Cuartel 645 - Hilera 842</name><Style><LineStyle><color>ff00ff00</color><width>3</width></LineStyle></Style><LineString><coordinates>-70.7516166,-33.6912333,0 -70.7524433,-33.6913633,0</coordinates></LineString></Placemark><Placemark><name>Trabajado - Cuartel 645 - Hilera 843</name><Style><LineStyle><color>ff00ff00</color><width>3</width></LineStyle></Style><LineString><coordinates>-70.75156,-33.69112,0 -70.7484883,-33.6902033,0</coordinates></LineString></Placemark><Placemark><name>Trabajado - Cuartel 645 - Hilera 844</name><Style><LineStyle><color>ff00ff00</color><width>3</width></LineStyle></Style><LineString><coordinates>-70.74849194081742,-33.69019426678044,0 -70.75212723926235,-33.69122263179252,0</coordinates></LineString></Placemark><Placemark><name>Trabajado - Cuartel 645 - Hilera 845</name><Style><LineStyle><color>ff00ff00</color><width>3</width></LineStyle></Style><LineString><coordinates>-70.7523666,-33.691285,0 -70.752475,-33.6914166,0</coordinates></LineString></Placemark><Placemark><name>Trabajado - Cuartel 645 - Hilera 846</name><Style><LineStyle><color>ff00ff00</color><width>3</width></LineStyle></Style><LineString><coordinates>-70.752475,-33.6914166,0 -70.7525116,-33.6912133,0</coordinates></LineString></Placemark><Placemark><name>Trabajado - Cuartel 645 - Hilera 847</name><Style><LineStyle><color>ff00ff00</color><width>3</width></LineStyle></Style><LineString><coordinates>-70.7524249,-33.6914516,0 -70.7516066,-33.6912716,0</coordinates></LineString></Placemark><Placemark><name>Trabajado - Cuartel 645 - Hilera 849</name><Style><LineStyle><color>ff00ff00</color><width>3</width></LineStyle></Style><LineString><coordinates>-70.75167,-33.6912066,0 -70.7524716,-33.691345,0</coordinates></LineString></Placemark><Placemark><name>Trabajado - Cuartel 645 - Hilera 850</name><Style><LineStyle><color>ff00ff00</color><width>3</width></LineStyle></Style><LineString><coordinates>-70.7524716,-33.691345,0 -70.7524583,-33.69112,0</coordinates></LineString></Placemark><Placemark><name>Trabajado - Cuartel 645 - Hilera 852</name><Style><LineStyle><color>ff00ff00</color><width>3</width></LineStyle></Style><LineString><coordinates>-70.7494133,-33.690385,0 -70.7523202736573,-33.691196638636846,0</coordinates></LineString></Placemark><Placemark><name>Trabajado - Cuartel 645 - Hilera 853</name><Style><LineStyle><color>ff00ff00</color><width>3</width></LineStyle></Style><LineString><coordinates>-70.7523183,-33.6912016,0 -70.7524983,-33.691095,0</coordinates></LineString></Placemark><Placemark><name>Trabajado - Cuartel 645 - Hilera 854</name><Style><LineStyle><color>ff00ff00</color><width>3</width></LineStyle></Style><LineString><coordinates>-70.7524983,-33.691095,0 -70.7495516,-33.6902933,0</coordinates></LineString></Placemark><Placemark><name>Trabajado - Cuartel 645 - Hilera 856</name><Style><LineStyle><color>ff00ff00</color><width>3</width></LineStyle></Style><LineString><coordinates>-70.749575,-33.69039,0 -70.750645,-33.6906733,0</coordinates></LineString></Placemark><Placemark><name>Trabajado - Cuartel 645 - Hilera 857</name><Style><LineStyle><color>ff00ff00</color><width>3</width></LineStyle></Style><LineString><coordinates>-70.7524216,-33.6911666,0 -70.75258,-33.6910583,0</coordinates></LineString></Placemark><Placemark><name>Trabajado - Cuartel 645 - Hilera 858</name><Style><LineStyle><color>ff00ff00</color><width>3</width></LineStyle></Style><LineString><coordinates>-70.75258,-33.6910583,0 -70.7524183,-33.690905,0</coordinates></LineString></Placemark><Placemark><name>Trabajado - Cuartel 645 - Hilera 859</name><Style><LineStyle><color>ff00ff00</color><width>3</width></LineStyle></Style><LineString><coordinates>-70.75262660322278,-33.69096260627637,0 -70.74959065295783,-33.690123013937495,0</coordinates></LineString></Placemark><Placemark><name>Trabajado - Cuartel 645 - Hilera 862</name><Style><LineStyle><color>ff00ff00</color><width>3</width></LineStyle></Style><LineString><coordinates>-70.7494666,-33.6902183,0 -70.75126731982313,-33.690676733254975,0</coordinates></LineString></Placemark><Placemark><name>Trabajado - Cuartel 645 - Hilera 863</name><Style><LineStyle><color>ff00ff00</color><width>3</width></LineStyle></Style><LineString><coordinates>-70.75018533055305,-33.690404821216795,0 -70.7524333,-33.6910266,0</coordinates></LineString></Placemark><Placemark><name>Trabajado - Cuartel 645 - Hilera 864</name><Style><LineStyle><color>ff00ff00</color><width>3</width></LineStyle></Style><LineString><coordinates>-70.7524333,-33.6910266,0 -70.7526283,-33.6909583,0</coordinates></LineString></Placemark><Placemark><name>Trabajado - Cuartel 645 - Hilera 867</name><Style><LineStyle><color>ff00ff00</color><width>3</width></LineStyle></Style><LineString><coordinates>-70.7495083,-33.689665,0 -70.7487266,-33.6894266,0</coordinates></LineString></Placemark><Placemark><name>Trabajado - Cuartel 645 - Hilera 869</name><Style><LineStyle><color>ff00ff00</color><width>3</width></LineStyle></Style><LineString><coordinates>-70.7496335173711,-33.686956656280884,0 -70.7457583,-33.6859533,0</coordinates></LineString></Placemark><Placemark><name>Trabajado - Cuartel 645 - Hilera 870</name><Style><LineStyle><color>ff00ff00</color><width>3</width></LineStyle></Style><LineString><coordinates>-70.74558665929708,-33.68616272286893,0 -70.7455733,-33.6859733,0</coordinates></LineString></Placemark><Placemark><name>Trabajado - Cuartel 645 - Hilera 871</name><Style><LineStyle><color>ff00ff00</color><width>3</width></LineStyle></Style><LineString><coordinates>-70.74538870118931,-33.68618825274357,0 -70.745715,-33.6858083,0</coordinates></LineString></Placemark><Placemark><name>Trabajado - Cuartel 645 - Hilera 872</name><Style><LineStyle><color>ff00ff00</color><width>3</width></LineStyle></Style><LineString><coordinates>-70.745715,-33.6858083,0 -70.7536833,-33.6880233,0</coordinates></LineString></Placemark><Placemark><name>Trabajado - Cuartel 645 - Hilera 873</name><Style><LineStyle><color>ff00ff00</color><width>3</width></LineStyle></Style><LineString><coordinates>-70.7536833,-33.6880233,0 -70.7526199,-33.6911149,0</coordinates></LineString></Placemark><Placemark><name>Trabajado - Cuartel 645 - Hilera 874</name><Style><LineStyle><color>ff00ff00</color><width>3</width></LineStyle></Style><LineString><coordinates>-70.752655,-33.6908566,0 -70.74956998920042,-33.690058886561665,0</coordinates></LineString></Placemark><Placemark><name>Trabajado - Cuartel 645 - Hilera 875</name><Style><LineStyle><color>ff00ff00</color><width>3</width></LineStyle></Style><LineString><coordinates>-70.74959,-33.6901433,0 -70.75241327707374,-33.69091388783421,0</coordinates></LineString></Placemark><Placemark><name>Trabajado - Cuartel 645 - Hilera 876</name><Style><LineStyle><color>ff00ff00</color><width>3</width></LineStyle></Style><LineString><coordinates>-70.75231437516308,-33.690881367402625,0 -70.7526516,-33.69093,0</coordinates></LineString></Placemark><Placemark><name>Trabajado - Cuartel 645 - Hilera 877</name><Style><LineStyle><color>ff00ff00</color><width>3</width></LineStyle></Style><LineString><coordinates>-70.7526516,-33.69093,0 -70.7525816,-33.6906966,0</coordinates></LineString></Placemark><Placemark><name>Trabajado - Cuartel 645 - Hilera 878</name><Style><LineStyle><color>ff00ff00</color><width>3</width></LineStyle></Style><LineString><coordinates>-70.75413541897039,-33.69111781377482,0 -70.7496183,-33.6898933,0</coordinates></LineString></Placemark><Placemark><name>Trabajado - Cuartel 645 - Hilera 880</name><Style><LineStyle><color>ff00ff00</color><width>3</width></LineStyle></Style><LineString><coordinates>-70.749545,-33.6899883,0 -70.7525966,-33.6907783,0</coordinates></LineString></Placemark><Placemark><name>Trabajado - Cuartel 645 - Hilera 881</name><Style><LineStyle><color>ff00ff00</color><width>3</width></LineStyle></Style><LineString><coordinates>-70.7525966,-33.6907783,0 -70.7527333,-33.6906966,0</coordinates></LineString></Placemark><Placemark><name>Trabajado - Cuartel 645 - Hilera 882</name><Style><LineStyle><color>ff00ff00</color><width>3</width></LineStyle></Style><LineString><coordinates>-70.752495,-33.6912883,0 -70.7526783,-33.6906583,0</coordinates></LineString></Placemark><Placemark><name>Trabajado - Cuartel 645 - Hilera 883</name><Style><LineStyle><color>ff00ff00</color><width>3</width></LineStyle></Style><LineString><coordinates>-70.75267903141656,-33.690656420117605,0 -70.74963754879893,-33.68982586140279,0</coordinates></LineString></Placemark><Placemark><name>Trabajado - Cuartel 645 - Hilera 884</name><Style><LineStyle><color>ff00ff00</color><width>3</width></LineStyle></Style><LineString><coordinates>-70.7525666,-33.690705,0 -70.7527466,-33.6906383,0</coordinates></LineString></Placemark><Placemark><name>Trabajado - Cuartel 645 - Hilera 885</name><Style><LineStyle><color>ff00ff00</color><width>3</width></LineStyle></Style><LineString><coordinates>-70.7527466,-33.6906383,0 -70.7526966,-33.6904766,0</coordinates></LineString></Placemark><Placemark><name>Trabajado - Cuartel 645 - Hilera 886</name><Style><LineStyle><color>ff00ff00</color><width>3</width></LineStyle></Style><LineString><coordinates>-70.7526966,-33.6904766,0 -70.74963464055472,-33.6896314991931,0</coordinates></LineString></Placemark><Placemark><name>Trabajado - Cuartel 645 - Hilera 888</name><Style><LineStyle><color>ff00ff00</color><width>3</width></LineStyle></Style><LineString><coordinates>-70.7495816,-33.6897166,0 -70.75166204002149,-33.69023098320569,0</coordinates></LineString></Placemark><Placemark><name>Trabajado - Cuartel 645 - Hilera 889</name><Style><LineStyle><color>ff00ff00</color><width>3</width></LineStyle></Style><LineString><coordinates>-70.7512133,-33.6901233,0 -70.7525766,-33.6905533,0</coordinates></LineString></Placemark><Placemark><name>Trabajado - Cuartel 645 - Hilera 890</name><Style><LineStyle><color>ff00ff00</color><width>3</width></LineStyle></Style><LineString><coordinates>-70.7525766,-33.6905533,0 -70.752765,-33.6904266,0</coordinates></LineString></Placemark><Placemark><name>Trabajado - Cuartel 645 - Hilera 891</name><Style><LineStyle><color>ff00ff00</color><width>3</width></LineStyle></Style><LineString><coordinates>-70.752765,-33.6904266,0 -70.74923584349408,-33.68941887950019,0</coordinates></LineString></Placemark><Placemark><name>Trabajado - Cuartel 645 - Hilera 892</name><Style><LineStyle><color>ff00ff00</color><width>3</width></LineStyle></Style><LineString><coordinates>-70.7492266,-33.6894416,0 -70.74874381825668,-33.689346512809635,0</coordinates></LineString></Placemark><Placemark><name>Trabajado - Cuartel 645 - Hilera 893</name><Style><LineStyle><color>ff00ff00</color><width>3</width></LineStyle></Style><LineString><coordinates>-70.7487466,-33.6893366,0 -70.7527,-33.690735,0</coordinates></LineString></Placemark><Placemark><name>Trabajado - Cuartel 645 - Hilera 894</name><Style><LineStyle><color>ff00ff00</color><width>3</width></LineStyle></Style><LineString><coordinates>-70.7526933,-33.6905333,0 -70.7516583,-33.6902416,0</coordinates></LineString></Placemark><Placemark><name>Trabajado - Cuartel 645 - Hilera 895</name><Style><LineStyle><color>ff00ff00</color><width>3</width></LineStyle></Style><LineString><coordinates>-70.7504833,-33.689935,0 -70.7487466,-33.689315,0</coordinates></LineString></Placemark><Placemark><name>Trabajado - Cuartel 645 - Hilera 896</name><Style><LineStyle><color>ff00ff00</color><width>3</width></LineStyle></Style><LineString><coordinates>-70.74541583806214,-33.688442483132725,0 -70.75273789217779,-33.690360547479024,0</coordinates></LineString></Placemark><Placemark><name>Trabajado - Cuartel 645 - Hilera 897</name><Style><LineStyle><color>ff00ff00</color><width>3</width></LineStyle></Style><LineString><coordinates>-70.75274,-33.6903549,0 -70.7528749,-33.6902649,0</coordinates></LineString></Placemark><Placemark><name>Trabajado - Cuartel 645 - Hilera 898</name><Style><LineStyle><color>ff00ff00</color><width>3</width></LineStyle></Style><LineString><coordinates>-70.7528749,-33.6902649,0 -70.7525599,-33.6901333,0</coordinates></LineString></Placemark><Placemark><name>Trabajado - Cuartel 645 - Hilera 899</name><Style><LineStyle><color>ff00ff00</color><width>3</width></LineStyle></Style><LineString><coordinates>-70.7525599,-33.6901333,0 -70.7529183,-33.690225,0</coordinates></LineString></Placemark><Placemark><name>Trabajado - Cuartel 645 - Hilera 900</name><Style><LineStyle><color>ff00ff00</color><width>3</width></LineStyle></Style><LineString><coordinates>-70.7536849,-33.68806,0 -70.74581258499249,-33.685908611476734,0</coordinates></LineString></Placemark><Placemark><name>Trabajado - Cuartel 645 - Hilera 901</name><Style><LineStyle><color>ff00ff00</color><width>3</width></LineStyle></Style><LineString><coordinates>-70.74532469630968,-33.686154901097325,0 -70.7458283,-33.6859316,0</coordinates></LineString></Placemark><Placemark><name>Trabajado - Cuartel 645 - Hilera 902</name><Style><LineStyle><color>ff00ff00</color><width>3</width></LineStyle></Style><LineString><coordinates>-70.75289541135305,-33.690244794398815,0 -70.7487866066465,-33.68917171925999,0</coordinates></LineString></Placemark><Placemark><name>Trabajado - Cuartel 645 - Hilera 903</name><Style><LineStyle><color>ff00ff00</color><width>3</width></LineStyle></Style><LineString><coordinates>-70.7487916,-33.6891583,0 -70.7489233,-33.6892983,0</coordinates></LineString></Placemark><Placemark><name>Trabajado - Cuartel 645 - Hilera 904</name><Style><LineStyle><color>ff00ff00</color><width>3</width></LineStyle></Style><LineString><coordinates>-70.7489233,-33.6892983,0 -70.75199004824572,-33.69010867606772,0</coordinates></LineString></Placemark><Placemark><name>Trabajado - Cuartel 645 - Hilera 905</name><Style><LineStyle><color>ff00ff00</color><width>3</width></LineStyle></Style><LineString><coordinates>-70.7519833,-33.6901266,0 -70.7528216,-33.6903033,0</coordinates></LineString></Placemark><Placemark><name>Trabajado - Cuartel 645 - Hilera 906</name><Style><LineStyle><color>ff00ff00</color><width>3</width></LineStyle></Style><LineString><coordinates>-70.7528216,-33.6903033,0 -70.7528933,-33.6901249,0</coordinates></LineString></Placemark><Placemark><name>Trabajado - Cuartel 645 - Hilera 907</name><Style><LineStyle><color>ff00ff00</color><width>3</width></LineStyle></Style><LineString><coordinates>-70.7528933,-33.6901249,0 -70.7528266,-33.6904716,0</coordinates></LineString></Placemark><Placemark><name>Trabajado - Cuartel 645 - Hilera 908</name><Style><LineStyle><color>ff00ff00</color><width>3</width></LineStyle></Style><LineString><coordinates>-70.7529216,-33.6902333,0 -70.7528716,-33.6901533,0</coordinates></LineString></Placemark><Placemark><name>Trabajado - Cuartel 645 - Hilera 909</name><Style><LineStyle><color>ff00ff00</color><width>3</width></LineStyle></Style><LineString><coordinates>-70.7528716,-33.6901533,0 -70.74885198532924,-33.68911725073094,0</coordinates></LineString></Placemark><Placemark><name>Trabajado - Cuartel 645 - Hilera 910</name><Style><LineStyle><color>ff00ff00</color><width>3</width></LineStyle></Style><LineString><coordinates>-70.74876491892843,-33.68890714219379,0 -70.7488899,-33.6892116,0</coordinates></LineString></Placemark><Placemark><name>Trabajado - Cuartel 645 - Hilera 911</name><Style><LineStyle><color>ff00ff00</color><width>3</width></LineStyle></Style><LineString><coordinates>-70.7488899,-33.6892116,0 -70.74928704810064,-33.689335592643914,0</coordinates></LineString></Placemark><Placemark><name>Trabajado - Cuartel 645 - Hilera 912</name><Style><LineStyle><color>ff00ff00</color><width>3</width></LineStyle></Style><LineString><coordinates>-70.74533679699393,-33.68832240834614,0 -70.7500916,-33.6895433,0</coordinates></LineString></Placemark><Placemark><name>Trabajado - Cuartel 645 - Hilera 913</name><Style><LineStyle><color>ff00ff00</color><width>3</width></LineStyle></Style><LineString><coordinates>-70.7500916,-33.6895433,0 -70.7511416,-33.6898466,0</coordinates></LineString></Placemark><Placemark><name>Trabajado - Cuartel 645 - Hilera 914</name><Style><LineStyle><color>ff00ff00</color><width>3</width></LineStyle></Style><LineString><coordinates>-70.7527033,-33.6902633,0 -70.7529083,-33.6901399,0</coordinates></LineString></Placemark><Placemark><name>Trabajado - Cuartel 645 - Hilera 915</name><Style><LineStyle><color>ff00ff00</color><width>3</width></LineStyle></Style><LineString><coordinates>-70.7518566,-33.6897366,0 -70.7488916,-33.688995,0</coordinates></LineString></Placemark><Placemark><name>Trabajado - Cuartel 645 - Hilera 916</name><Style><LineStyle><color>ff00ff00</color><width>3</width></LineStyle></Style><LineString><coordinates>-70.7488916,-33.688995,0 -70.74894,-33.6890983,0</coordinates></LineString></Placemark><Placemark><name>Trabajado - Cuartel 645 - Hilera 917</name><Style><LineStyle><color>ff00ff00</color><width>3</width></LineStyle></Style><LineString><coordinates>-70.7486280236184,-33.68904779832876,0 -70.7491766,-33.6891366,0</coordinates></LineString></Placemark><Placemark><name>Trabajado - Cuartel 645 - Hilera 918</name><Style><LineStyle><color>ff00ff00</color><width>3</width></LineStyle></Style><LineString><coordinates>-70.7491766,-33.6891366,0 -70.75275,-33.6901283,0</coordinates></LineString></Placemark><Placemark><name>Trabajado - Cuartel 645 - Hilera 919</name><Style><LineStyle><color>ff00ff00</color><width>3</width></LineStyle></Style><LineString><coordinates>-70.75275,-33.6901283,0 -70.7529483,-33.6900649,0</coordinates></LineString></Placemark><Placemark><name>Trabajado - Cuartel 645 - Hilera 920</name><Style><LineStyle><color>ff00ff00</color><width>3</width></LineStyle></Style><LineString><coordinates>-70.7488483,-33.68894,0 -70.749145,-33.689075,0</coordinates></LineString></Placemark><Placemark><name>Trabajado - Cuartel 645 - Hilera 921</name><Style><LineStyle><color>ff00ff00</color><width>3</width></LineStyle></Style><LineString><coordinates>-70.749145,-33.689075,0 -70.7529633,-33.6900333,0</coordinates></LineString></Placemark><Placemark><name>Trabajado - Cuartel 645 - Hilera 922</name><Style><LineStyle><color>ff00ff00</color><width>3</width></LineStyle></Style><LineString><coordinates>-70.74592281190144,-33.685934194149624,0 -70.74575501650416,-33.68618369299805,0</coordinates></LineString></Placemark><Placemark><name>Trabajado - Cuartel 645 - Hilera 923</name><Style><LineStyle><color>ff00ff00</color><width>3</width></LineStyle></Style><LineString><coordinates>-70.7457766,-33.6861516,0 -70.74540762872421,-33.68609815249781,0</coordinates></LineString></Placemark><Placemark><name>Trabajado - Cuartel 645 - Hilera 924</name><Style><LineStyle><color>ff00ff00</color><width>3</width></LineStyle></Style><LineString><coordinates>-70.745505,-33.6860266,0 -70.7454883,-33.6861183,0</coordinates></LineString></Placemark><Placemark><name>Trabajado - Cuartel 645 - Hilera 925</name><Style><LineStyle><color>ff00ff00</color><width>3</width></LineStyle></Style><LineString><coordinates>-70.7456933,-33.6859599,0 -70.7536866,-33.6880466,0</coordinates></LineString></Placemark><Placemark><name>Trabajado - Cuartel 645 - Hilera 926</name><Style><LineStyle><color>ff00ff00</color><width>3</width></LineStyle></Style><LineString><coordinates>-70.7530766,-33.68986,0 -70.7489449,-33.6887566,0</coordinates></LineString></Placemark><Placemark><name>Trabajado - Cuartel 645 - Hilera 927</name><Style><LineStyle><color>ff00ff00</color><width>3</width></LineStyle></Style><LineString><coordinates>-70.7489449,-33.6887566,0 -70.75303,-33.68991,0</coordinates></LineString></Placemark><Placemark><name>Trabajado - Cuartel 645 - Hilera 928</name><Style><LineStyle><color>ff00ff00</color><width>3</width></LineStyle></Style><LineString><coordinates>-70.75303,-33.68991,0 -70.7529383,-33.6897533,0</coordinates></LineString></Placemark><Placemark><name>Trabajado - Cuartel 645 - Hilera 929</name><Style><LineStyle><color>ff00ff00</color><width>3</width></LineStyle></Style><LineString><coordinates>-70.7529383,-33.6897533,0 -70.7490366392091,-33.688671244680286,0</coordinates></LineString></Placemark><Placemark><name>Trabajado - Cuartel 645 - Hilera 930</name><Style><LineStyle><color>ff00ff00</color><width>3</width></LineStyle></Style><LineString><coordinates>-70.7490299,-33.6886883,0 -70.7489933,-33.6887766,0</coordinates></LineString></Placemark><Placemark><name>Trabajado - Cuartel 645 - Hilera 931</name><Style><LineStyle><color>ff00ff00</color><width>3</width></LineStyle></Style><LineString><coordinates>-70.7530099,-33.6898483,0 -70.7531216,-33.6896983,0</coordinates></LineString></Placemark><Placemark><name>Trabajado - Cuartel 645 - Hilera 932</name><Style><LineStyle><color>ff00ff00</color><width>3</width></LineStyle></Style><LineString><coordinates>-70.7531216,-33.6896983,0 -70.752965,-33.6895733,0</coordinates></LineString></Placemark><Placemark><name>Trabajado - Cuartel 645 - Hilera 933</name><Style><LineStyle><color>ff00ff00</color><width>3</width></LineStyle></Style><LineString><coordinates>-70.75308824650054,-33.68960537568296,0 -70.7490379496507,-33.68855126025499,0</coordinates></LineString></Placemark><Placemark><name>Trabajado - Cuartel 645 - Hilera 934</name><Style><LineStyle><color>ff00ff00</color><width>3</width></LineStyle></Style><LineString><coordinates>-70.7493916,-33.6886433,0 -70.7491883,-33.688535,0</coordinates></LineString></Placemark><Placemark><name>Trabajado - Cuartel 645 - Hilera 935</name><Style><LineStyle><color>ff00ff00</color><width>3</width></LineStyle></Style><LineString><coordinates>-70.7491883,-33.688535,0 -70.7490599,-33.6886166,0</coordinates></LineString></Placemark><Placemark><name>Trabajado - Cuartel 645 - Hilera 936</name><Style><LineStyle><color>ff00ff00</color><width>3</width></LineStyle></Style><LineString><coordinates>-70.7490599,-33.6886166,0 -70.75245158540221,-33.689548747538886,0</coordinates></LineString></Placemark><Placemark><name>Trabajado - Cuartel 645 - Hilera 937</name><Style><LineStyle><color>ff00ff00</color><width>3</width></LineStyle></Style><LineString><coordinates>-70.75304,-33.6897016,0 -70.7531316,-33.68964,0</coordinates></LineString></Placemark><Placemark><name>Trabajado - Cuartel 645 - Hilera 938</name><Style><LineStyle><color>ff00ff00</color><width>3</width></LineStyle></Style><LineString><coordinates>-70.7531083,-33.6895666,0 -70.74619375535416,-33.68765714267905,0</coordinates></LineString></Placemark><Placemark><name>Trabajado - Cuartel 645 - Hilera 939</name><Style><LineStyle><color>ff00ff00</color><width>3</width></LineStyle></Style><LineString><coordinates>-70.7491916,-33.688485,0 -70.7490366,-33.6885549,0</coordinates></LineString></Placemark><Placemark><name>Trabajado - Cuartel 645 - Hilera 940</name><Style><LineStyle><color>ff00ff00</color><width>3</width></LineStyle></Style><LineString><coordinates>-70.7530816,-33.6896233,0 -70.7530516,-33.6893833,0</coordinates></LineString></Placemark><Placemark><name>Trabajado - Cuartel 645 - Hilera 941</name><Style><LineStyle><color>ff00ff00</color><width>3</width></LineStyle></Style><LineString><coordinates>-70.7528083,-33.689335,0 -70.7491266,-33.6883266,0</coordinates></LineString></Placemark><Placemark><name>Trabajado - Cuartel 645 - Hilera 942</name><Style><LineStyle><color>ff00ff00</color><width>3</width></LineStyle></Style><LineString><coordinates>-70.7491266,-33.6883266,0 -70.749175,-33.6884366,0</coordinates></LineString></Placemark><Placemark><name>Trabajado - Cuartel 645 - Hilera 943</name><Style><LineStyle><color>ff00ff00</color><width>3</width></LineStyle></Style><LineString><coordinates>-70.749175,-33.6884366,0 -70.75287215224922,-33.689452021810006,0</coordinates></LineString></Placemark><Placemark><name>Trabajado - Cuartel 645 - Hilera 944</name><Style><LineStyle><color>ff00ff00</color><width>3</width></LineStyle></Style><LineString><coordinates>-70.7528749,-33.689445,0 -70.75314,-33.6893583,0</coordinates></LineString></Placemark><Placemark><name>Trabajado - Cuartel 645 - Hilera 945</name><Style><LineStyle><color>ff00ff00</color><width>3</width></LineStyle></Style><LineString><coordinates>-70.75314,-33.6893583,0 -70.7530316,-33.6893333,0</coordinates></LineString></Placemark><Placemark><name>Trabajado - Cuartel 645 - Hilera 946</name><Style><LineStyle><color>ff00ff00</color><width>3</width></LineStyle></Style><LineString><coordinates>-70.7530633,-33.6893633,0 -70.7491668487114,-33.688298340857905,0</coordinates></LineString></Placemark><Placemark><name>Trabajado - Cuartel 645 - Hilera 947</name><Style><LineStyle><color>ff00ff00</color><width>3</width></LineStyle></Style><LineString><coordinates>-70.7491766,-33.6882733,0 -70.7492333,-33.6883899,0</coordinates></LineString></Placemark><Placemark><name>Trabajado - Cuartel 645 - Hilera 948</name><Style><LineStyle><color>ff00ff00</color><width>3</width></LineStyle></Style><LineString><coordinates>-70.7492333,-33.6883899,0 -70.7531416,-33.6894483,0</coordinates></LineString></Placemark><Placemark><name>Trabajado - Cuartel 645 - Hilera 949</name><Style><LineStyle><color>ff00ff00</color><width>3</width></LineStyle></Style><LineString><coordinates>-70.7531416,-33.6894483,0 -70.75359801401197,-33.68858111337704,0</coordinates></LineString></Placemark><Placemark><name>Trabajado - Cuartel 645 - Hilera 950</name><Style><LineStyle><color>ff00ff00</color><width>3</width></LineStyle></Style><LineString><coordinates>-70.753595,-33.68858,0 -70.75348,-33.6879783,0</coordinates></LineString></Placemark><Placemark><name>Trabajado - Cuartel 645 - Hilera 951</name><Style><LineStyle><color>ff00ff00</color><width>3</width></LineStyle></Style><LineString><coordinates>-70.75348,-33.6879783,0 -70.7459316,-33.6859866,0</coordinates></LineString></Placemark><Placemark><name>Trabajado - Cuartel 645 - Hilera 952</name><Style><LineStyle><color>ff00ff00</color><width>3</width></LineStyle></Style><LineString><coordinates>-70.7459316,-33.6859866,0 -70.74556980701186,-33.68620365294521,0</coordinates></LineString></Placemark><Placemark><name>Trabajado - Cuartel 645 - Hilera 953</name><Style><LineStyle><color>ff00ff00</color><width>3</width></LineStyle></Style><LineString><coordinates>-70.7455466,-33.686125,0 -70.7455766,-33.6862116,0</coordinates></LineString></Placemark><Placemark><name>Trabajado - Cuartel 645 - Hilera 954</name><Style><LineStyle><color>ff00ff00</color><width>3</width></LineStyle></Style><LineString><coordinates>-70.7496516,-33.6869283,0 -70.7492533,-33.6882333,0</coordinates></LineString></Placemark><Placemark><name>Trabajado - Cuartel 645 - Hilera 955</name><Style><LineStyle><color>ff00ff00</color><width>3</width></LineStyle></Style><LineString><coordinates>-70.7492533,-33.6882333,0 -70.7531583,-33.6893083,0</coordinates></LineString></Placemark><Placemark><name>Trabajado - Cuartel 645 - Hilera 956</name><Style><LineStyle><color>ff00ff00</color><width>3</width></LineStyle></Style><LineString><coordinates>-70.7531583,-33.6893083,0 -70.7533383,-33.68924,0</coordinates></LineString></Placemark><Placemark><name>Trabajado - Cuartel 645 - Hilera 957</name><Style><LineStyle><color>ff00ff00</color><width>3</width></LineStyle></Style><LineString><coordinates>-70.7533383,-33.68924,0 -70.7519583,-33.6888066,0</coordinates></LineString></Placemark><Placemark><name>Trabajado - Cuartel 645 - Hilera 958</name><Style><LineStyle><color>ff00ff00</color><width>3</width></LineStyle></Style><LineString><coordinates>-70.7519583,-33.6888066,0 -70.74923968183836,-33.68809515445243,0</coordinates></LineString></Placemark><Placemark><name>Trabajado - Cuartel 645 - Hilera 959</name><Style><LineStyle><color>ff00ff00</color><width>3</width></LineStyle></Style><LineString><coordinates>-70.74924402348942,-33.68807255639398,0 -70.7493316,-33.68821,0</coordinates></LineString></Placemark><Placemark><name>Trabajado - Cuartel 645 - Hilera 960</name><Style><LineStyle><color>ff00ff00</color><width>3</width></LineStyle></Style><LineString><coordinates>-70.7493316,-33.68821,0 -70.749805,-33.6883583,0</coordinates></LineString></Placemark><Placemark><name>Trabajado - Cuartel 645 - Hilera 961</name><Style><LineStyle><color>ff00ff00</color><width>3</width></LineStyle></Style><LineString><coordinates>-70.749805,-33.6883583,0 -70.75327570174395,-33.68926686066596,0</coordinates></LineString></Placemark><Placemark><name>Trabajado - Cuartel 645 - Hilera 962</name><Style><LineStyle><color>ff00ff00</color><width>3</width></LineStyle></Style><LineString><coordinates>-70.7532733,-33.6892733,0 -70.7532399,-33.6891066,0</coordinates></LineString></Placemark><Placemark><name>Trabajado - Cuartel 645 - Hilera 963</name><Style><LineStyle><color>ff00ff00</color><width>3</width></LineStyle></Style><LineString><coordinates>-70.7532399,-33.6891066,0 -70.75015935431945,-33.68826022123462,0</coordinates></LineString></Placemark><Placemark><name>Trabajado - Cuartel 645 - Hilera 964</name><Style><LineStyle><color>ff00ff00</color><width>3</width></LineStyle></Style><LineString><coordinates>-70.7501549,-33.6882716,0 -70.74922,-33.6880833,0</coordinates></LineString></Placemark><Placemark><name>Trabajado - Cuartel 645 - Hilera 965</name><Style><LineStyle><color>ff00ff00</color><width>3</width></LineStyle></Style><LineString><coordinates>-70.74921172223966,-33.688091582241384,0 -70.7494233,-33.68824,0</coordinates></LineString></Placemark><Placemark><name>Trabajado - Cuartel 645 - Hilera 966</name><Style><LineStyle><color>ff00ff00</color><width>3</width></LineStyle></Style><LineString><coordinates>-70.74532351830771,-33.687168293924216,0 -70.75276329681276,-33.68910846534692,0</coordinates></LineString></Placemark><Placemark><name>Trabajado - Cuartel 645 - Hilera 967</name><Style><LineStyle><color>ff00ff00</color><width>3</width></LineStyle></Style><LineString><coordinates>-70.75216622939973,-33.688959770269804,0 -70.7531316,-33.6891766,0</coordinates></LineString></Placemark><Placemark><name>Trabajado - Cuartel 645 - Hilera 968</name><Style><LineStyle><color>ff00ff00</color><width>3</width></LineStyle></Style><LineString><coordinates>-70.7531316,-33.6891766,0 -70.7533249,-33.6891383,0</coordinates></LineString></Placemark><Placemark><name>Trabajado - Cuartel 645 - Hilera 969</name><Style><LineStyle><color>ff00ff00</color><width>3</width></LineStyle></Style><LineString><coordinates>-70.7533249,-33.6891383,0 -70.7533466,-33.6889533,0</coordinates></LineString></Placemark><Placemark><name>Trabajado - Cuartel 645 - Hilera 970</name><Style><LineStyle><color>ff00ff00</color><width>3</width></LineStyle></Style><LineString><coordinates>-70.7533466,-33.6889533,0 -70.74541013662787,-33.68679305690798,0</coordinates></LineString></Placemark><Placemark><name>Trabajado - Cuartel 645 - Hilera 971</name><Style><LineStyle><color>ff00ff00</color><width>3</width></LineStyle></Style><LineString><coordinates>-70.74933631204722,-33.68776357400951,0 -70.7493916,-33.6879816,0</coordinates></LineString></Placemark><Placemark><name>Trabajado - Cuartel 645 - Hilera 972</name><Style><LineStyle><color>ff00ff00</color><width>3</width></LineStyle></Style><LineString><coordinates>-70.7493916,-33.6879816,0 -70.7505599,-33.6883283,0</coordinates></LineString></Placemark><Placemark><name>Trabajado - Cuartel 645 - Hilera 973</name><Style><LineStyle><color>ff00ff00</color><width>3</width></LineStyle></Style><LineString><coordinates>-70.7505599,-33.6883283,0 -70.7533799,-33.6889766,0</coordinates></LineString></Placemark><Placemark><name>Trabajado - Cuartel 645 - Hilera 974</name><Style><LineStyle><color>ff00ff00</color><width>3</width></LineStyle></Style><LineString><coordinates>-70.7533799,-33.6889766,0 -70.74727354539206,-33.687231245226435,0</coordinates></LineString></Placemark><Placemark><name>Trabajado - Cuartel 645 - Hilera 975</name><Style><LineStyle><color>ff00ff00</color><width>3</width></LineStyle></Style><LineString><coordinates>-70.7494149,-33.6878433,0 -70.7493033,-33.6877266,0</coordinates></LineString></Placemark><Placemark><name>Trabajado - Cuartel 645 - Hilera 976</name><Style><LineStyle><color>ff00ff00</color><width>3</width></LineStyle></Style><LineString><coordinates>-70.74919707421351,-33.687977430352234,0 -70.74966091585117,-33.68688216370173,0</coordinates></LineString></Placemark><Placemark><name>Trabajado - Cuartel 645 - Hilera 977</name><Style><LineStyle><color>ff00ff00</color><width>3</width></LineStyle></Style><LineString><coordinates>-70.7496216,-33.686975,0 -70.7459483,-33.6859533,0</coordinates></LineString></Placemark><Placemark><name>Trabajado - Cuartel 645 - Hilera 978</name><Style><LineStyle><color>ff00ff00</color><width>3</width></LineStyle></Style><LineString><coordinates>-70.7459483,-33.6859533,0 -70.7457216,-33.6861383,0</coordinates></LineString></Placemark><Placemark><name>Trabajado - Cuartel 645 - Hilera 979</name><Style><LineStyle><color>ff00ff00</color><width>3</width></LineStyle></Style><LineString><coordinates>-70.7454416,-33.686055,0 -70.7458166,-33.6858983,0</coordinates></LineString></Placemark><Placemark><name>Trabajado - Cuartel 645 - Hilera 980</name><Style><LineStyle><color>ff00ff00</color><width>3</width></LineStyle></Style><LineString><coordinates>-70.74958,-33.6869333,0 -70.7493283,-33.687765,0</coordinates></LineString></Placemark><Placemark><name>Trabajado - Cuartel 645 - Hilera 981</name><Style><LineStyle><color>ff00ff00</color><width>3</width></LineStyle></Style><LineString><coordinates>-70.7493766,-33.6878916,0 -70.7507849,-33.6883,0</coordinates></LineString></Placemark><Placemark><name>Trabajado - Cuartel 645 - Hilera 982</name><Style><LineStyle><color>ff00ff00</color><width>3</width></LineStyle></Style><LineString><coordinates>-70.753265,-33.6889299,0 -70.7534383,-33.688795,0</coordinates></LineString></Placemark><Placemark><name>Trabajado - Cuartel 645 - Hilera 983</name><Style><LineStyle><color>ff00ff00</color><width>3</width></LineStyle></Style><LineString><coordinates>-70.7534383,-33.688795,0 -70.7493666,-33.6876766,0</coordinates></LineString></Placemark><Placemark><name>Trabajado - Cuartel 645 - Hilera 984</name><Style><LineStyle><color>ff00ff00</color><width>3</width></LineStyle></Style><LineString><coordinates>-70.7493666,-33.6876766,0 -70.7494516,-33.687745,0</coordinates></LineString></Placemark><Placemark><name>Trabajado - Cuartel 645 - Hilera 985</name><Style><LineStyle><color>ff00ff00</color><width>3</width></LineStyle></Style><LineString><coordinates>-70.7494516,-33.687745,0 -70.7495566,-33.687765,0</coordinates></LineString></Placemark><Placemark><name>Trabajado - Cuartel 645 - Hilera 986</name><Style><LineStyle><color>ff00ff00</color><width>3</width></LineStyle></Style><LineString><coordinates>-70.7495566,-33.687765,0 -70.7533616,-33.6888249,0</coordinates></LineString></Placemark><Placemark><name>Trabajado - Cuartel 645 - Hilera 987</name><Style><LineStyle><color>ff00ff00</color><width>3</width></LineStyle></Style><LineString><coordinates>-70.7533616,-33.6888249,0 -70.7534366,-33.6888983,0</coordinates></LineString></Placemark><Placemark><name>Trabajado - Cuartel 645 - Hilera 988</name><Style><LineStyle><color>ff00ff00</color><width>3</width></LineStyle></Style><LineString><coordinates>-70.75326,-33.6894333,0 -70.7534383,-33.688695,0</coordinates></LineString></Placemark><Placemark><name>Trabajado - Cuartel 645 - Hilera 989</name><Style><LineStyle><color>ff00ff00</color><width>3</width></LineStyle></Style><LineString><coordinates>-70.7534383,-33.688695,0 -70.75158565720442,-33.6881858351843,0</coordinates></LineString></Placemark><Placemark><name>Trabajado - Cuartel 645 - Hilera 990</name><Style><LineStyle><color>ff00ff00</color><width>3</width></LineStyle></Style><LineString><coordinates>-70.7515899,-33.688175,0 -70.7496266,-33.6876216,0</coordinates></LineString></Placemark><Placemark><name>Trabajado - Cuartel 645 - Hilera 991</name><Style><LineStyle><color>ff00ff00</color><width>3</width></LineStyle></Style><LineString><coordinates>-70.7496266,-33.6876216,0 -70.7493533,-33.68766,0</coordinates></LineString></Placemark><Placemark><name>Trabajado - Cuartel 645 - Hilera 992</name><Style><LineStyle><color>ff00ff00</color><width>3</width></LineStyle></Style><LineString><coordinates>-70.7493599,-33.6876666,0 -70.7499311471851,-33.68786604514646,0</coordinates></LineString></Placemark><Placemark><name>Trabajado - Cuartel 645 - Hilera 993</name><Style><LineStyle><color>ff00ff00</color><width>3</width></LineStyle></Style><LineString><coordinates>-70.74981287730566,-33.687826022466446,0 -70.7533466,-33.68876,0</coordinates></LineString></Placemark><Placemark><name>Trabajado - Cuartel 645 - Hilera 994</name><Style><LineStyle><color>ff00ff00</color><width>3</width></LineStyle></Style><LineString><coordinates>-70.7533466,-33.68876,0 -70.7534616,-33.6885433,0</coordinates></LineString></Placemark><Placemark><name>Trabajado - Cuartel 645 - Hilera 995</name><Style><LineStyle><color>ff00ff00</color><width>3</width></LineStyle></Style><LineString><coordinates>-70.7534616,-33.6885433,0 -70.751925,-33.6881083,0</coordinates></LineString></Placemark><Placemark><name>Trabajado - Cuartel 645 - Hilera 996</name><Style><LineStyle><color>ff00ff00</color><width>3</width></LineStyle></Style><LineString><coordinates>-70.751925,-33.6881083,0 -70.7494166,-33.6874599,0</coordinates></LineString></Placemark><Placemark><name>Trabajado - Cuartel 645 - Hilera 997</name><Style><LineStyle><color>ff00ff00</color><width>3</width></LineStyle></Style><LineString><coordinates>-70.7494166,-33.6874599,0 -70.7494833,-33.68754,0</coordinates></LineString></Placemark><Placemark><name>Trabajado - Cuartel 645 - Hilera 998</name><Style><LineStyle><color>ff00ff00</color><width>3</width></LineStyle></Style><LineString><coordinates>-70.74877547329962,-33.68732600789894,0 -70.75214462730233,-33.688344579737844,0</coordinates></LineString></Placemark><Placemark><name>Trabajado - Cuartel 645 - Hilera 999</name><Style><LineStyle><color>ff00ff00</color><width>3</width></LineStyle></Style><LineString><coordinates>-70.75145,-33.6881183,0 -70.75308721547913,-33.68859587993879,0</coordinates></LineString></Placemark><Placemark><name>Trabajado - Cuartel 645 - Hilera 1001</name><Style><LineStyle><color>ff00ff00</color><width>3</width></LineStyle></Style><LineString><coordinates>-70.7518899,-33.6882883,0 -70.75237,-33.688385,0</coordinates></LineString></Placemark><Placemark><name>Trabajado - Cuartel 645 - Hilera 1002</name><Style><LineStyle><color>ff00ff00</color><width>3</width></LineStyle></Style><LineString><coordinates>-70.75236335351394,-33.68840489252733,0 -70.7534866,-33.6886683,0</coordinates></LineString></Placemark><Placemark><name>Trabajado - Cuartel 645 - Hilera 1003</name><Style><LineStyle><color>ff00ff00</color><width>3</width></LineStyle></Style><LineString><coordinates>-70.75374,-33.6880966,0 -70.7500916,-33.6870133,0</coordinates></LineString></Placemark><Placemark><name>Trabajado - Cuartel 645 - Hilera 1004</name><Style><LineStyle><color>ff00ff00</color><width>3</width></LineStyle></Style><LineString><coordinates>-70.7500916,-33.6870133,0 -70.74956,-33.6871316,0</coordinates></LineString></Placemark><Placemark><name>Trabajado - Cuartel 645 - Hilera 1005</name><Style><LineStyle><color>ff00ff00</color><width>3</width></LineStyle></Style><LineString><coordinates>-70.7494333,-33.6874416,0 -70.749505,-33.68751,0</coordinates></LineString></Placemark><Placemark><name>Trabajado - Cuartel 645 - Hilera 1006</name><Style><LineStyle><color>ff00ff00</color><width>3</width></LineStyle></Style><LineString><coordinates>-70.749505,-33.68751,0 -70.7500816,-33.6876816,0</coordinates></LineString></Placemark><Placemark><name>Trabajado - Cuartel 645 - Hilera 1007</name><Style><LineStyle><color>ff00ff00</color><width>3</width></LineStyle></Style><LineString><coordinates>-70.7500816,-33.6876816,0 -70.75341399001461,-33.688535372230206,0</coordinates></LineString></Placemark><Placemark><name>Trabajado - Cuartel 645 - Hilera 1008</name><Style><LineStyle><color>ff00ff00</color><width>3</width></LineStyle></Style><LineString><coordinates>-70.753405,-33.68856,0 -70.753525,-33.6884016,0</coordinates></LineString></Placemark><Placemark><name>Trabajado - Cuartel 645 - Hilera 1009</name><Style><LineStyle><color>ff00ff00</color><width>3</width></LineStyle></Style><LineString><coordinates>-70.753525,-33.6884016,0 -70.7496366,-33.6873299,0</coordinates></LineString></Placemark><Placemark><name>Trabajado - Cuartel 645 - Hilera 1010</name><Style><LineStyle><color>ff00ff00</color><width>3</width></LineStyle></Style><LineString><coordinates>-70.7496366,-33.6873299,0 -70.7493266,-33.686825,0</coordinates></LineString></Placemark><Placemark><name>Trabajado - Cuartel 645 - Hilera 1011</name><Style><LineStyle><color>ff00ff00</color><width>3</width></LineStyle></Style><LineString><coordinates>-70.75192940107553,-33.68747799577782,0 -70.74577143513689,-33.68593307334955,0</coordinates></LineString></Placemark><Placemark><name>Trabajado - Cuartel 645 - Hilera 1012</name><Style><LineStyle><color>ff00ff00</color><width>3</width></LineStyle></Style><LineString><coordinates>-70.745925,-33.6859716,0 -70.7455849,-33.6861283,0</coordinates></LineString></Placemark><Placemark><name>Trabajado - Cuartel 645 - Hilera 1013</name><Style><LineStyle><color>ff00ff00</color><width>3</width></LineStyle></Style><LineString><coordinates>-70.7459499,-33.685925,0 -70.7495683,-33.68704,0</coordinates></LineString></Placemark><Placemark><name>Trabajado - Cuartel 645 - Hilera 1014</name><Style><LineStyle><color>ff00ff00</color><width>3</width></LineStyle></Style><LineString><coordinates>-70.7495683,-33.68704,0 -70.7495,-33.6874183,0</coordinates></LineString></Placemark><Placemark><name>Trabajado - Cuartel 645 - Hilera 1015</name><Style><LineStyle><color>ff00ff00</color><width>3</width></LineStyle></Style><LineString><coordinates>-70.7495,-33.6874183,0 -70.7535433,-33.6884683,0</coordinates></LineString></Placemark><Placemark><name>Trabajado - Cuartel 645 - Hilera 1016</name><Style><LineStyle><color>ff00ff00</color><width>3</width></LineStyle></Style><LineString><coordinates>-70.7535433,-33.6884683,0 -70.7496266,-33.6873883,0</coordinates></LineString></Placemark><Placemark><name>Trabajado - Cuartel 645 - Hilera 1017</name><Style><LineStyle><color>ff00ff00</color><width>3</width></LineStyle></Style><LineString><coordinates>-70.7496266,-33.6873883,0 -70.7494716,-33.6869983,0</coordinates></LineString></Placemark><Placemark><name>Trabajado - Cuartel 645 - Hilera 1018</name><Style><LineStyle><color>ff00ff00</color><width>3</width></LineStyle></Style><LineString><coordinates>-70.7494716,-33.6869983,0 -70.7472166,-33.6864016,0</coordinates></LineString></Placemark><Placemark><name>Trabajado - Cuartel 645 - Hilera 1019</name><Style><LineStyle><color>ff00ff00</color><width>3</width></LineStyle></Style><LineString><coordinates>-70.7472166,-33.6864016,0 -70.7454234988662,-33.68598939284281,0</coordinates></LineString></Placemark><Placemark><name>Trabajado - Cuartel 645 - Hilera 1020</name><Style><LineStyle><color>ff00ff00</color><width>3</width></LineStyle></Style><LineString><coordinates>-70.7460283,-33.686145,0 -70.7461149,-33.6861983,0</coordinates></LineString></Placemark><Placemark><name>Trabajado - Cuartel 645 - Hilera 1021</name><Style><LineStyle><color>ff00ff00</color><width>3</width></LineStyle></Style><LineString><coordinates>-70.74558340059316,-33.68607971682862,0 -70.75164683319535,-33.687432533140644,0</coordinates></LineString></Placemark><Placemark><name>Trabajado - Cuartel 645 - Hilera 1022</name><Style><LineStyle><color>ff00ff00</color><width>3</width></LineStyle></Style><LineString><coordinates>-70.7478033,-33.686575,0 -70.7479016,-33.6866366,0</coordinates></LineString></Placemark><Placemark><name>Trabajado - Cuartel 645 - Hilera 1023</name><Style><LineStyle><color>ff00ff00</color><width>3</width></LineStyle></Style><LineString><coordinates>-70.7479016,-33.6866366,0 -70.74958,-33.6870566,0</coordinates></LineString></Placemark><Placemark><name>Trabajado - Cuartel 645 - Hilera 1024</name><Style><LineStyle><color>ff00ff00</color><width>3</width></LineStyle></Style><LineString><coordinates>-70.7496533,-33.6868799,0 -70.7459349,-33.6859399,0</coordinates></LineString></Placemark><Placemark><name>Trabajado - Cuartel 645 - Hilera 1025</name><Style><LineStyle><color>ff00ff00</color><width>3</width></LineStyle></Style><LineString><coordinates>-70.7459083,-33.6861066,0 -70.749345,-33.687075,0</coordinates></LineString></Placemark><Placemark><name>Trabajado - Cuartel 645 - Hilera 1026</name><Style><LineStyle><color>ff00ff00</color><width>3</width></LineStyle></Style><LineString><coordinates>-70.749345,-33.687075,0 -70.7494866,-33.6872583,0</coordinates></LineString></Placemark><Placemark><name>Trabajado - Cuartel 645 - Hilera 1027</name><Style><LineStyle><color>ff00ff00</color><width>3</width></LineStyle></Style><LineString><coordinates>-70.7494866,-33.6872583,0 -70.74570076387425,-33.68619139756485,0</coordinates></LineString></Placemark><Placemark><name>Trabajado - Cuartel 645 - Hilera 1028</name><Style><LineStyle><color>ff00ff00</color><width>3</width></LineStyle></Style><LineString><coordinates>-70.74532096403135,-33.686009385095744,0 -70.7495183,-33.6872916,0</coordinates></LineString></Placemark><Placemark><name>Trabajado - Cuartel 645 - Hilera 1029</name><Style><LineStyle><color>ff00ff00</color><width>3</width></LineStyle></Style><LineString><coordinates>-70.7495183,-33.6872916,0 -70.74932,-33.68735,0</coordinates></LineString></Placemark><Placemark><name>Trabajado - Cuartel 645 - Hilera 1030</name><Style><LineStyle><color>ff00ff00</color><width>3</width></LineStyle></Style><LineString><coordinates>-70.74932,-33.68735,0 -70.7456816,-33.6862883,0</coordinates></LineString></Placemark><Placemark><name>Trabajado - Cuartel 645 - Hilera 1031</name><Style><LineStyle><color>ff00ff00</color><width>3</width></LineStyle></Style><LineString><coordinates>-70.7456816,-33.6862883,0 -70.7457,-33.6861933,0</coordinates></LineString></Placemark><Placemark><name>Trabajado - Cuartel 645 - Hilera 1032</name><Style><LineStyle><color>ff00ff00</color><width>3</width></LineStyle></Style><LineString><coordinates>-70.7466,-33.6864616,0 -70.7466966,-33.6865033,0</coordinates></LineString></Placemark><Placemark><name>Trabajado - Cuartel 645 - Hilera 1033</name><Style><LineStyle><color>ff00ff00</color><width>3</width></LineStyle></Style><LineString><coordinates>-70.7466966,-33.6865033,0 -70.7478083,-33.6867949,0</coordinates></LineString></Placemark><Placemark><name>Trabajado - Cuartel 645 - Hilera 1034</name><Style><LineStyle><color>ff00ff00</color><width>3</width></LineStyle></Style><LineString><coordinates>-70.7494666,-33.6872616,0 -70.7494916,-33.6873416,0</coordinates></LineString></Placemark><Placemark><name>Trabajado - Cuartel 645 - Hilera 1035</name><Style><LineStyle><color>ff00ff00</color><width>3</width></LineStyle></Style><LineString><coordinates>-70.7457670733508,-33.68617777030462,0 -70.7452966,-33.686135,0</coordinates></LineString></Placemark><Placemark><name>Trabajado - Cuartel 645 - Hilera 1036</name><Style><LineStyle><color>ff00ff00</color><width>3</width></LineStyle></Style><LineString><coordinates>-70.74534478810332,-33.68606567340293,0 -70.74595740158337,-33.685934221927454,0</coordinates></LineString></Placemark><Placemark><name>Trabajado - Cuartel 645 - Hilera 1037</name><Style><LineStyle><color>ff00ff00</color><width>3</width></LineStyle></Style><LineString><coordinates>-70.7457666,-33.68593,0 -70.745435,-33.6863366,0</coordinates></LineString></Placemark><Placemark><name>Trabajado - Cuartel 645 - Hilera 1038</name><Style><LineStyle><color>ff00ff00</color><width>3</width></LineStyle></Style><LineString><coordinates>-70.7454083,-33.6863783,0 -70.749335,-33.6874449,0</coordinates></LineString></Placemark><Placemark><name>Trabajado - Cuartel 645 - Hilera 1039</name><Style><LineStyle><color>ff00ff00</color><width>3</width></LineStyle></Style><LineString><coordinates>-70.749335,-33.6874449,0 -70.7494366,-33.68737,0</coordinates></LineString></Placemark><Placemark><name>Trabajado - Cuartel 645 - Hilera 1040</name><Style><LineStyle><color>ff00ff00</color><width>3</width></LineStyle></Style><LineString><coordinates>-70.7494366,-33.68737,0 -70.745415,-33.6863266,0</coordinates></LineString></Placemark><Placemark><name>Trabajado - Cuartel 645 - Hilera 1041</name><Style><LineStyle><color>ff00ff00</color><width>3</width></LineStyle></Style><LineString><coordinates>-70.7454466,-33.6864616,0 -70.7487716,-33.687335,0</coordinates></LineString></Placemark><Placemark><name>Trabajado - Cuartel 645 - Hilera 1042</name><Style><LineStyle><color>ff00ff00</color><width>3</width></LineStyle></Style><LineString><coordinates>-70.7493616,-33.68751,0 -70.749445,-33.6874483,0</coordinates></LineString></Placemark><Placemark><name>Trabajado - Cuartel 645 - Hilera 1043</name><Style><LineStyle><color>ff00ff00</color><width>3</width></LineStyle></Style><LineString><coordinates>-70.749445,-33.6874483,0 -70.74552848544609,-33.686404673225645,0</coordinates></LineString></Placemark><Placemark><name>Trabajado - Cuartel 645 - Hilera 1044</name><Style><LineStyle><color>ff00ff00</color><width>3</width></LineStyle></Style><LineString><coordinates>-70.7455283,-33.686395,0 -70.745305,-33.68644,0</coordinates></LineString></Placemark><Placemark><name>Trabajado - Cuartel 645 - Hilera 1045</name><Style><LineStyle><color>ff00ff00</color><width>3</width></LineStyle></Style><LineString><coordinates>-70.745305,-33.68644,0 -70.7453033,-33.6865433,0</coordinates></LineString></Placemark><Placemark><name>Trabajado - Cuartel 645 - Hilera 1046</name><Style><LineStyle><color>ff00ff00</color><width>3</width></LineStyle></Style><LineString><coordinates>-70.7453033,-33.6865433,0 -70.74928817177904,-33.687717654064606,0</coordinates></LineString></Placemark><Placemark><name>Trabajado - Cuartel 645 - Hilera 1047</name><Style><LineStyle><color>ff00ff00</color><width>3</width></LineStyle></Style><LineString><coordinates>-70.7491716,-33.6876833,0 -70.7493966,-33.68749,0</coordinates></LineString></Placemark><Placemark><name>Trabajado - Cuartel 645 - Hilera 1048</name><Style><LineStyle><color>ff00ff00</color><width>3</width></LineStyle></Style><LineString><coordinates>-70.7495733,-33.6870833,0 -70.7499816,-33.6871766,0</coordinates></LineString></Placemark><Placemark><name>Trabajado - Cuartel 645 - Hilera 1049</name><Style><LineStyle><color>ff00ff00</color><width>3</width></LineStyle></Style><LineString><coordinates>-70.7499816,-33.6871766,0 -70.75352,-33.6881033,0</coordinates></LineString></Placemark><Placemark><name>Trabajado - Cuartel 645 - Hilera 1050</name><Style><LineStyle><color>ff00ff00</color><width>3</width></LineStyle></Style><LineString><coordinates>-70.75352,-33.6881033,0 -70.7535349,-33.6884033,0</coordinates></LineString></Placemark><Placemark><name>Trabajado - Cuartel 645 - Hilera 1051</name><Style><LineStyle><color>ff00ff00</color><width>3</width></LineStyle></Style><LineString><coordinates>-70.7535349,-33.6884033,0 -70.74946,-33.6873683,0</coordinates></LineString></Placemark><Placemark><name>Trabajado - Cuartel 645 - Hilera 1052</name><Style><LineStyle><color>ff00ff00</color><width>3</width></LineStyle></Style><LineString><coordinates>-70.74946,-33.6873683,0 -70.7493016,-33.6875883,0</coordinates></LineString></Placemark><Placemark><name>Trabajado - Cuartel 645 - Hilera 1053</name><Style><LineStyle><color>ff00ff00</color><width>3</width></LineStyle></Style><LineString><coordinates>-70.7493016,-33.6875883,0 -70.7487033,-33.6874466,0</coordinates></LineString></Placemark><Placemark><name>Trabajado - Cuartel 645 - Hilera 1054</name><Style><LineStyle><color>ff00ff00</color><width>3</width></LineStyle></Style><LineString><coordinates>-70.7487033,-33.6874466,0 -70.745375,-33.686515,0</coordinates></LineString></Placemark><Placemark><name>Trabajado - Cuartel 645 - Hilera 1055</name><Style><LineStyle><color>ff00ff00</color><width>3</width></LineStyle></Style><LineString><coordinates>-70.74561861913347,-33.6859839501177,0 -70.7453016,-33.686675,0</coordinates></LineString></Placemark><Placemark><name>Trabajado - Cuartel 645 - Hilera 1057</name><Style><LineStyle><color>ff00ff00</color><width>3</width></LineStyle></Style><LineString><coordinates>-70.7492,-33.687775,0 -70.74929,-33.6877133,0</coordinates></LineString></Placemark><Placemark><name>Trabajado - Cuartel 645 - Hilera 1058</name><Style><LineStyle><color>ff00ff00</color><width>3</width></LineStyle></Style><LineString><coordinates>-70.7454233,-33.6865983,0 -70.7452933,-33.6867083,0</coordinates></LineString></Placemark><Placemark><name>Trabajado - Cuartel 645 - Hilera 1059</name><Style><LineStyle><color>ff00ff00</color><width>3</width></LineStyle></Style><LineString><coordinates>-70.7452933,-33.6867083,0 -70.7492333,-33.6876966,0</coordinates></LineString></Placemark><Placemark><name>Trabajado - Cuartel 645 - Hilera 1060</name><Style><LineStyle><color>ff00ff00</color><width>3</width></LineStyle></Style><LineString><coordinates>-70.74912059839474,-33.687895227570905,0 -70.7496399,-33.68698,0</coordinates></LineString></Placemark><Placemark><name>Trabajado - Cuartel 645 - Hilera 1061</name><Style><LineStyle><color>ff00ff00</color><width>3</width></LineStyle></Style><LineString><coordinates>-70.7496399,-33.68698,0 -70.7495583,-33.6869133,0</coordinates></LineString></Placemark><Placemark><name>Trabajado - Cuartel 645 - Hilera 1062</name><Style><LineStyle><color>ff00ff00</color><width>3</width></LineStyle></Style><LineString><coordinates>-70.7459483,-33.6859983,0 -70.7457683,-33.6861683,0</coordinates></LineString></Placemark><Placemark><name>Trabajado - Cuartel 645 - Hilera 1063</name><Style><LineStyle><color>ff00ff00</color><width>3</width></LineStyle></Style><LineString><coordinates>-70.74538847263757,-33.68617379534289,0 -70.7457116,-33.6855166,0</coordinates></LineString></Placemark><Placemark><name>Trabajado - Cuartel 645 - Hilera 1064</name><Style><LineStyle><color>ff00ff00</color><width>3</width></LineStyle></Style><LineString><coordinates>-70.74536520306332,-33.68596537860424,0 -70.74576,-33.6861516,0</coordinates></LineString></Placemark><Placemark><name>Trabajado - Cuartel 645 - Hilera 1065</name><Style><LineStyle><color>ff00ff00</color><width>3</width></LineStyle></Style><LineString><coordinates>-70.74594839762706,-33.685948696167515,0 -70.7453483,-33.686595,0</coordinates></LineString></Placemark><Placemark><name>Trabajado - Cuartel 645 - Hilera 1066</name><Style><LineStyle><color>ff00ff00</color><width>3</width></LineStyle></Style><LineString><coordinates>-70.7453483,-33.686595,0 -70.74534104653652,-33.687160130140235,0</coordinates></LineString></Placemark><Placemark><name>Trabajado - Cuartel 645 - Hilera 1067</name><Style><LineStyle><color>ff00ff00</color><width>3</width></LineStyle></Style><LineString><coordinates>-70.7453449,-33.6868599,0 -70.7491366,-33.6879016,0</coordinates></LineString></Placemark><Placemark><name>Trabajado - Cuartel 645 - Hilera 1068</name><Style><LineStyle><color>ff00ff00</color><width>3</width></LineStyle></Style><LineString><coordinates>-70.7454133,-33.6867849,0 -70.745325,-33.6868549,0</coordinates></LineString></Placemark><Placemark><name>Trabajado - Cuartel 645 - Hilera 1069</name><Style><LineStyle><color>ff00ff00</color><width>3</width></LineStyle></Style><LineString><coordinates>-70.745325,-33.6868549,0 -70.749155,-33.68796,0</coordinates></LineString></Placemark><Placemark><name>Trabajado - Cuartel 645 - Hilera 1070</name><Style><LineStyle><color>ff00ff00</color><width>3</width></LineStyle></Style><LineString><coordinates>-70.749155,-33.68796,0 -70.7492466,-33.6879,0</coordinates></LineString></Placemark><Placemark><name>Trabajado - Cuartel 645 - Hilera 1071</name><Style><LineStyle><color>ff00ff00</color><width>3</width></LineStyle></Style><LineString><coordinates>-70.7492466,-33.6879,0 -70.74537,-33.686825,0</coordinates></LineString></Placemark><Placemark><name>Trabajado - Cuartel 645 - Hilera 1072</name><Style><LineStyle><color>ff00ff00</color><width>3</width></LineStyle></Style><LineString><coordinates>-70.74537,-33.686825,0 -70.74531,-33.6869116,0</coordinates></LineString></Placemark><Placemark><name>Trabajado - Cuartel 645 - Hilera 1073</name><Style><LineStyle><color>ff00ff00</color><width>3</width></LineStyle></Style><LineString><coordinates>-70.74531,-33.6869116,0 -70.7453866,-33.6870783,0</coordinates></LineString></Placemark><Placemark><name>Trabajado - Cuartel 645 - Hilera 1074</name><Style><LineStyle><color>ff00ff00</color><width>3</width></LineStyle></Style><LineString><coordinates>-70.7453866,-33.6870783,0 -70.7490433,-33.6880783,0</coordinates></LineString></Placemark><Placemark><name>Trabajado - Cuartel 645 - Hilera 1075</name><Style><LineStyle><color>ff00ff00</color><width>3</width></LineStyle></Style><LineString><coordinates>-70.7490433,-33.6880783,0 -70.7492,-33.6879783,0</coordinates></LineString></Placemark><Placemark><name>Trabajado - Cuartel 645 - Hilera 1076</name><Style><LineStyle><color>ff00ff00</color><width>3</width></LineStyle></Style><LineString><coordinates>-70.7496033,-33.6870633,0 -70.7491466,-33.6880033,0</coordinates></LineString></Placemark><Placemark><name>Trabajado - Cuartel 645 - Hilera 1077</name><Style><LineStyle><color>ff00ff00</color><width>3</width></LineStyle></Style><LineString><coordinates>-70.75098350216716,-33.68848606009649,0 -70.7453416,-33.6870033,0</coordinates></LineString></Placemark><Placemark><name>Trabajado - Cuartel 645 - Hilera 1078</name><Style><LineStyle><color>ff00ff00</color><width>3</width></LineStyle></Style><LineString><coordinates>-70.7491333,-33.688175,0 -70.7491266,-33.6880799,0</coordinates></LineString></Placemark><Placemark><name>Trabajado - Cuartel 645 - Hilera 1079</name><Style><LineStyle><color>ff00ff00</color><width>3</width></LineStyle></Style><LineString><coordinates>-70.7491266,-33.6880799,0 -70.74534,-33.6870483,0</coordinates></LineString></Placemark><Placemark><name>Trabajado - Cuartel 645 - Hilera 1080</name><Style><LineStyle><color>ff00ff00</color><width>3</width></LineStyle></Style><LineString><coordinates>-70.74534728531331,-33.68700395556292,0 -70.7453066,-33.6872516,0</coordinates></LineString></Placemark><Placemark><name>Trabajado - Cuartel 645 - Hilera 1082</name><Style><LineStyle><color>ff00ff00</color><width>3</width></LineStyle></Style><LineString><coordinates>-70.7454716,-33.6873833,0 -70.7478416,-33.688015,0</coordinates></LineString></Placemark><Placemark><name>Trabajado - Cuartel 645 - Hilera 1083</name><Style><LineStyle><color>ff00ff00</color><width>3</width></LineStyle></Style><LineString><coordinates>-70.7478416,-33.688015,0 -70.7490283,-33.6882283,0</coordinates></LineString></Placemark><Placemark><name>Trabajado - Cuartel 645 - Hilera 1084</name><Style><LineStyle><color>ff00ff00</color><width>3</width></LineStyle></Style><LineString><coordinates>-70.7490283,-33.6882283,0 -70.7454016,-33.68726,0</coordinates></LineString></Placemark><Placemark><name>Trabajado - Cuartel 645 - Hilera 1085</name><Style><LineStyle><color>ff00ff00</color><width>3</width></LineStyle></Style><LineString><coordinates>-70.7454016,-33.68726,0 -70.74524165113277,-33.68792995725535,0</coordinates></LineString></Placemark><Placemark><name>Trabajado - Cuartel 645 - Hilera 1086</name><Style><LineStyle><color>ff00ff00</color><width>3</width></LineStyle></Style><LineString><coordinates>-70.7453666,-33.6874066,0 -70.7461933,-33.6876583,0</coordinates></LineString></Placemark><Placemark><name>Trabajado - Cuartel 645 - Hilera 1087</name><Style><LineStyle><color>ff00ff00</color><width>3</width></LineStyle></Style><LineString><coordinates>-70.748995,-33.6884133,0 -70.7488599,-33.6894516,0</coordinates></LineString></Placemark><Placemark><name>Trabajado - Cuartel 645 - Hilera 1088</name><Style><LineStyle><color>ff00ff00</color><width>3</width></LineStyle></Style><LineString><coordinates>-70.74874770857369,-33.68941985014141,0 -70.7496433,-33.6896733,0</coordinates></LineString></Placemark><Placemark><name>Trabajado - Cuartel 645 - Hilera 1089</name><Style><LineStyle><color>ff00ff00</color><width>3</width></LineStyle></Style><LineString><coordinates>-70.7487416,-33.689435,0 -70.7491016,-33.6883483,0</coordinates></LineString></Placemark><Placemark><name>Trabajado - Cuartel 645 - Hilera 1090</name><Style><LineStyle><color>ff00ff00</color><width>3</width></LineStyle></Style><LineString><coordinates>-70.7491016,-33.6883483,0 -70.7453233,-33.6872866,0</coordinates></LineString></Placemark><Placemark><name>Trabajado - Cuartel 645 - Hilera 1091</name><Style><LineStyle><color>ff00ff00</color><width>3</width></LineStyle></Style><LineString><coordinates>-70.7453233,-33.6872866,0 -70.7452666,-33.6871783,0</coordinates></LineString></Placemark><Placemark><name>Trabajado - Cuartel 645 - Hilera 1092</name><Style><LineStyle><color>ff00ff00</color><width>3</width></LineStyle></Style><LineString><coordinates>-70.7452666,-33.6871783,0 -70.7455083,-33.6861716,0</coordinates></LineString></Placemark><Placemark><name>Trabajado - Cuartel 645 - Hilera 1093</name><Style><LineStyle><color>ff00ff00</color><width>3</width></LineStyle></Style><LineString><coordinates>-70.74549,-33.6861616,0 -70.74540285848732,-33.68773626047196,0</coordinates></LineString></Placemark><Placemark><name>Trabajado - Cuartel 645 - Hilera 1094</name><Style><LineStyle><color>ff00ff00</color><width>3</width></LineStyle></Style><LineString><coordinates>-70.7454116,-33.6875783,0 -70.7489683,-33.6885583,0</coordinates></LineString></Placemark><Placemark><name>Trabajado - Cuartel 645 - Hilera 1095</name><Style><LineStyle><color>ff00ff00</color><width>3</width></LineStyle></Style><LineString><coordinates>-70.7489683,-33.6885583,0 -70.74887,-33.6884533,0</coordinates></LineString></Placemark><Placemark><name>Trabajado - Cuartel 645 - Hilera 1096</name><Style><LineStyle><color>ff00ff00</color><width>3</width></LineStyle></Style><LineString><coordinates>-70.74887,-33.6884533,0 -70.7453066,-33.6874933,0</coordinates></LineString></Placemark><Placemark><name>Trabajado - Cuartel 645 - Hilera 1097</name><Style><LineStyle><color>ff00ff00</color><width>3</width></LineStyle></Style><LineString><coordinates>-70.7453066,-33.6874933,0 -70.7453883,-33.687645,0</coordinates></LineString></Placemark><Placemark><name>Trabajado - Cuartel 645 - Hilera 1098</name><Style><LineStyle><color>ff00ff00</color><width>3</width></LineStyle></Style><LineString><coordinates>-70.7453883,-33.687645,0 -70.7488083,-33.6885766,0</coordinates></LineString></Placemark><Placemark><name>Trabajado - Cuartel 645 - Hilera 1099</name><Style><LineStyle><color>ff00ff00</color><width>3</width></LineStyle></Style><LineString><coordinates>-70.7488083,-33.6885766,0 -70.749005,-33.6885366,0</coordinates></LineString></Placemark><Placemark><name>Trabajado - Cuartel 645 - Hilera 1100</name><Style><LineStyle><color>ff00ff00</color><width>3</width></LineStyle></Style><LineString><coordinates>-70.749005,-33.6885366,0 -70.7468983,-33.6879316,0</coordinates></LineString></Placemark><Placemark><name>Trabajado - Cuartel 645 - Hilera 1101</name><Style><LineStyle><color>ff00ff00</color><width>3</width></LineStyle></Style><LineString><coordinates>-70.7468983,-33.6879316,0 -70.7453599,-33.6875349,0</coordinates></LineString></Placemark><Placemark><name>Trabajado - Cuartel 645 - Hilera 1102</name><Style><LineStyle><color>ff00ff00</color><width>3</width></LineStyle></Style><LineString><coordinates>-70.74529,-33.68772,0 -70.74893067200874,-33.68879168093968,0</coordinates></LineString></Placemark><Placemark><name>Trabajado - Cuartel 645 - Hilera 1103</name><Style><LineStyle><color>ff00ff00</color><width>3</width></LineStyle></Style><LineString><coordinates>-70.7487833,-33.6887483,0 -70.7488983,-33.6886783,0</coordinates></LineString></Placemark><Placemark><name>Trabajado - Cuartel 645 - Hilera 1104</name><Style><LineStyle><color>ff00ff00</color><width>3</width></LineStyle></Style><LineString><coordinates>-70.7488983,-33.6886783,0 -70.7454116,-33.6877366,0</coordinates></LineString></Placemark><Placemark><name>Trabajado - Cuartel 645 - Hilera 1105</name><Style><LineStyle><color>ff00ff00</color><width>3</width></LineStyle></Style><LineString><coordinates>-70.7454199,-33.68755,0 -70.7489933,-33.6885266,0</coordinates></LineString></Placemark><Placemark><name>Trabajado - Cuartel 645 - Hilera 1106</name><Style><LineStyle><color>ff00ff00</color><width>3</width></LineStyle></Style><LineString><coordinates>-70.7489933,-33.6885266,0 -70.7487433,-33.6893716,0</coordinates></LineString></Placemark><Placemark><name>Trabajado - Cuartel 645 - Hilera 1107</name><Style><LineStyle><color>ff00ff00</color><width>3</width></LineStyle></Style><LineString><coordinates>-70.74872522209438,-33.68936482078539,0 -70.74942301430161,-33.6896264928631,0</coordinates></LineString></Placemark><Placemark><name>Trabajado - Cuartel 645 - Hilera 1108</name><Style><LineStyle><color>ff00ff00</color><width>3</width></LineStyle></Style><LineString><coordinates>-70.74871301870802,-33.68940014824215,0 -70.7489716,-33.6885399,0</coordinates></LineString></Placemark><Placemark><name>Trabajado - Cuartel 645 - Hilera 1109</name><Style><LineStyle><color>ff00ff00</color><width>3</width></LineStyle></Style><LineString><coordinates>-70.7489716,-33.6885399,0 -70.7453316,-33.6874583,0</coordinates></LineString></Placemark><Placemark><name>Trabajado - Cuartel 645 - Hilera 1110</name><Style><LineStyle><color>ff00ff00</color><width>3</width></LineStyle></Style><LineString><coordinates>-70.7453316,-33.6874583,0 -70.74562,-33.6861366,0</coordinates></LineString></Placemark><Placemark><name>Trabajado - Cuartel 645 - Hilera 1111</name><Style><LineStyle><color>ff00ff00</color><width>3</width></LineStyle></Style><LineString><coordinates>-70.7456116,-33.6860883,0 -70.74533508699386,-33.686095233836774,0</coordinates></LineString></Placemark><Placemark><name>Trabajado - Cuartel 645 - Hilera 1112</name><Style><LineStyle><color>ff00ff00</color><width>3</width></LineStyle></Style><LineString><coordinates>-70.7456116,-33.6861066,0 -70.7457366,-33.6859233,0</coordinates></LineString></Placemark><Placemark><name>Trabajado - Cuartel 645 - Hilera 1113</name><Style><LineStyle><color>ff00ff00</color><width>3</width></LineStyle></Style><LineString><coordinates>-70.7457366,-33.6859233,0 -70.7453899,-33.6863449,0</coordinates></LineString></Placemark><Placemark><name>Trabajado - Cuartel 645 - Hilera 1114</name><Style><LineStyle><color>ff00ff00</color><width>3</width></LineStyle></Style><LineString><coordinates>-70.74542270689342,-33.68598996152349,0 -70.74525455332989,-33.68780921849829,0</coordinates></LineString></Placemark><Placemark><name>Trabajado - Cuartel 645 - Hilera 1115</name><Style><LineStyle><color>ff00ff00</color><width>3</width></LineStyle></Style><LineString><coordinates>-70.7452666,-33.68781,0 -70.745385,-33.6878266,0</coordinates></LineString></Placemark><Placemark><name>Trabajado - Cuartel 645 - Hilera 1116</name><Style><LineStyle><color>ff00ff00</color><width>3</width></LineStyle></Style><LineString><coordinates>-70.745385,-33.6878266,0 -70.7458616,-33.6879733,0</coordinates></LineString></Placemark><Placemark><name>Trabajado - Cuartel 645 - Hilera 1117</name><Style><LineStyle><color>ff00ff00</color><width>3</width></LineStyle></Style><LineString><coordinates>-70.7458616,-33.6879733,0 -70.7489349,-33.6887816,0</coordinates></LineString></Placemark><Placemark><name>Trabajado - Cuartel 645 - Hilera 1119</name><Style><LineStyle><color>ff00ff00</color><width>3</width></LineStyle></Style><LineString><coordinates>-70.7487866,-33.688945,0 -70.7488333,-33.6888616,0</coordinates></LineString></Placemark><Placemark><name>Trabajado - Cuartel 645 - Hilera 1120</name><Style><LineStyle><color>ff00ff00</color><width>3</width></LineStyle></Style><LineString><coordinates>-70.7488333,-33.6888616,0 -70.74531092119066,-33.687910369358974,0</coordinates></LineString></Placemark><Placemark><name>Trabajado - Cuartel 645 - Hilera 1121</name><Style><LineStyle><color>ff00ff00</color><width>3</width></LineStyle></Style><LineString><coordinates>-70.7453066,-33.6879216,0 -70.7452749,-33.6880383,0</coordinates></LineString></Placemark><Placemark><name>Trabajado - Cuartel 645 - Hilera 1122</name><Style><LineStyle><color>ff00ff00</color><width>3</width></LineStyle></Style><LineString><coordinates>-70.7452749,-33.6880383,0 -70.7487883,-33.6890116,0</coordinates></LineString></Placemark><Placemark><name>Trabajado - Cuartel 645 - Hilera 1123</name><Style><LineStyle><color>ff00ff00</color><width>3</width></LineStyle></Style><LineString><coordinates>-70.7482916,-33.6887633,0 -70.74535964333042,-33.68797843012882,0</coordinates></LineString></Placemark><Placemark><name>Trabajado - Cuartel 645 - Hilera 1124</name><Style><LineStyle><color>ff00ff00</color><width>3</width></LineStyle></Style><LineString><coordinates>-70.7453616,-33.6879733,0 -70.74528,-33.68782,0</coordinates></LineString></Placemark><Placemark><name>Trabajado - Cuartel 645 - Hilera 1125</name><Style><LineStyle><color>ff00ff00</color><width>3</width></LineStyle></Style><LineString><coordinates>-70.74528,-33.68782,0 -70.74525262920935,-33.68841822386792,0</coordinates></LineString></Placemark><Placemark><name>Trabajado - Cuartel 645 - Hilera 1126</name><Style><LineStyle><color>ff00ff00</color><width>3</width></LineStyle></Style><LineString><coordinates>-70.7452633,-33.688185,0 -70.7487733,-33.6891783,0</coordinates></LineString></Placemark><Placemark><name>Trabajado - Cuartel 645 - Hilera 1127</name><Style><LineStyle><color>ff00ff00</color><width>3</width></LineStyle></Style><LineString><coordinates>-70.7487733,-33.6891783,0 -70.7489683,-33.6894549,0</coordinates></LineString></Placemark><Placemark><name>Trabajado - Cuartel 645 - Hilera 1128</name><Style><LineStyle><color>ff00ff00</color><width>3</width></LineStyle></Style><LineString><coordinates>-70.7487533,-33.6894166,0 -70.7487399,-33.6890783,0</coordinates></LineString></Placemark><Placemark><name>Trabajado - Cuartel 645 - Hilera 1129</name><Style><LineStyle><color>ff00ff00</color><width>3</width></LineStyle></Style><LineString><coordinates>-70.74874060040807,-33.689076450602535,0 -70.74542692586421,-33.68819564185521,0</coordinates></LineString></Placemark><Placemark><name>Trabajado - Cuartel 645 - Hilera 1131</name><Style><LineStyle><color>ff00ff00</color><width>3</width></LineStyle></Style><LineString><coordinates>-70.7452566,-33.6882466,0 -70.7453383,-33.6883183,0</coordinates></LineString></Placemark><Placemark><name>Trabajado - Cuartel 645 - Hilera 1132</name><Style><LineStyle><color>ff00ff00</color><width>3</width></LineStyle></Style><LineString><coordinates>-70.7487666,-33.6892,0 -70.7452766,-33.688215,0</coordinates></LineString></Placemark><Placemark><name>Trabajado - Cuartel 645 - Hilera 1133</name><Style><LineStyle><color>ff00ff00</color><width>3</width></LineStyle></Style><LineString><coordinates>-70.745255,-33.6884183,0 -70.7454666,-33.6885133,0</coordinates></LineString></Placemark><Placemark><name>Trabajado - Cuartel 645 - Hilera 1134</name><Style><LineStyle><color>ff00ff00</color><width>3</width></LineStyle></Style><LineString><coordinates>-70.74526271347428,-33.68846700942636,0 -70.74700216632576,-33.68892516741289,0</coordinates></LineString></Placemark><Placemark><name>Trabajado - Cuartel 645 - Hilera 1135</name><Style><LineStyle><color>ff00ff00</color><width>3</width></LineStyle></Style><LineString><coordinates>-70.7469966,-33.68894,0 -70.7486716,-33.6892933,0</coordinates></LineString></Placemark><Placemark><name>Trabajado - Cuartel 645 - Hilera 1136</name><Style><LineStyle><color>ff00ff00</color><width>3</width></LineStyle></Style><LineString><coordinates>-70.7454199,-33.6884316,0 -70.74546,-33.6886183,0</coordinates></LineString></Placemark><Placemark><name>Trabajado - Cuartel 645 - Hilera 1137</name><Style><LineStyle><color>ff00ff00</color><width>3</width></LineStyle></Style><LineString><coordinates>-70.74546,-33.6886183,0 -70.74558,-33.6886516,0</coordinates></LineString></Placemark><Placemark><name>Trabajado - Cuartel 645 - Hilera 1138</name><Style><LineStyle><color>ff00ff00</color><width>3</width></LineStyle></Style><LineString><coordinates>-70.74558,-33.6886516,0 -70.7487199,-33.6894016,0</coordinates></LineString></Placemark><Placemark><name>Trabajado - Cuartel 645 - Hilera 1139</name><Style><LineStyle><color>ff00ff00</color><width>3</width></LineStyle></Style><LineString><coordinates>-70.7487649,-33.6891216,0 -70.74534,-33.68818,0</coordinates></LineString></Placemark><Placemark><name>Trabajado - Cuartel 645 - Hilera 1140</name><Style><LineStyle><color>ff00ff00</color><width>3</width></LineStyle></Style><LineString><coordinates>-70.74534,-33.68818,0 -70.7454466,-33.6861416,0</coordinates></LineString></Placemark><Placemark><name>Trabajado - Cuartel 645 - Hilera 1141</name><Style><LineStyle><color>ff00ff00</color><width>3</width></LineStyle></Style><LineString><coordinates>-70.74579,-33.68593,0 -70.74582,-33.6860816,0</coordinates></LineString></Placemark><Placemark><name>Trabajado - Cuartel 645 - Hilera 1142</name><Style><LineStyle><color>ff00ff00</color><width>3</width></LineStyle></Style><LineString><coordinates>-70.74582,-33.6860816,0 -70.7453766,-33.6863866,0</coordinates></LineString></Placemark><Placemark><name>Trabajado - Cuartel 645 - Hilera 1143</name><Style><LineStyle><color>ff00ff00</color><width>3</width></LineStyle></Style><LineString><coordinates>-70.7453766,-33.6863866,0 -70.7453333,-33.6883983,0</coordinates></LineString></Placemark><Placemark><name>Trabajado - Cuartel 645 - Hilera 1144</name><Style><LineStyle><color>ff00ff00</color><width>3</width></LineStyle></Style><LineString><coordinates>-70.7453333,-33.6883983,0 -70.7487515292008,-33.689353602748184,0</coordinates></LineString></Placemark><Placemark><name>Trabajado - Cuartel 645 - Hilera 1145</name><Style><LineStyle><color>ff00ff00</color><width>3</width></LineStyle></Style><LineString><coordinates>-70.748745,-33.68937,0 -70.7476983,-33.689185,0</coordinates></LineString></Placemark><Placemark><name>Trabajado - Cuartel 645 - Hilera 1146</name><Style><LineStyle><color>ff00ff00</color><width>3</width></LineStyle></Style><LineString><coordinates>-70.7476983,-33.6891866,0 -70.7458149,-33.6886616,0</coordinates></LineString></Placemark><Placemark><name>Trabajado - Cuartel 645 - Hilera 1147</name><Style><LineStyle><color>ff00ff00</color><width>3</width></LineStyle></Style><LineString><coordinates>-70.7458149,-33.6886616,0 -70.74573,-33.6885933,0</coordinates></LineString></Placemark><Placemark><name>Trabajado - Cuartel 645 - Hilera 1148</name><Style><LineStyle><color>ff00ff00</color><width>3</width></LineStyle></Style><LineString><coordinates>-70.7452566,-33.6884833,0 -70.7452866,-33.688695,0</coordinates></LineString></Placemark><Placemark><name>Trabajado - Cuartel 645 - Hilera 1149</name><Style><LineStyle><color>ff00ff00</color><width>3</width></LineStyle></Style><LineString><coordinates>-70.7452866,-33.688695,0 -70.74586124336501,-33.68886872156747,0</coordinates></LineString></Placemark><Placemark><name>Trabajado - Cuartel 645 - Hilera 1150</name><Style><LineStyle><color>ff00ff00</color><width>3</width></LineStyle></Style><LineString><coordinates>-70.74562564251262,-33.68880667164789,0 -70.7460966,-33.6889116,0</coordinates></LineString></Placemark><Placemark><name>Trabajado - Cuartel 645 - Hilera 1151</name><Style><LineStyle><color>ff00ff00</color><width>3</width></LineStyle></Style><LineString><coordinates>-70.7460966,-33.6889116,0 -70.7462649,-33.68904,0</coordinates></LineString></Placemark><Placemark><name>Trabajado - Cuartel 645 - Hilera 1152</name><Style><LineStyle><color>ff00ff00</color><width>3</width></LineStyle></Style><LineString><coordinates>-70.7462649,-33.68904,0 -70.745245,-33.6887483,0</coordinates></LineString></Placemark><Placemark><name>Trabajado - Cuartel 645 - Hilera 1154</name><Style><LineStyle><color>ff00ff00</color><width>3</width></LineStyle></Style><LineString><coordinates>-70.745385,-33.6886833,0 -70.74630378856423,-33.68890846942454,0</coordinates></LineString></Placemark><Placemark><name>Trabajado - Cuartel 645 - Hilera 1156</name><Style><LineStyle><color>ff00ff00</color><width>3</width></LineStyle></Style><LineString><coordinates>-70.746255,-33.6890166,0 -70.7453649,-33.6887983,0</coordinates></LineString></Placemark><Placemark><name>Trabajado - Cuartel 645 - Hilera 1157</name><Style><LineStyle><color>ff00ff00</color><width>3</width></LineStyle></Style><LineString><coordinates>-70.7453649,-33.6887983,0 -70.7452816,-33.6885849,0</coordinates></LineString></Placemark><Placemark><name>Trabajado - Cuartel 645 - Hilera 1158</name><Style><LineStyle><color>ff00ff00</color><width>3</width></LineStyle></Style><LineString><coordinates>-70.7452816,-33.6885849,0 -70.7468516,-33.689075,0</coordinates></LineString></Placemark><Placemark><name>Trabajado - Cuartel 645 - Hilera 1159</name><Style><LineStyle><color>ff00ff00</color><width>3</width></LineStyle></Style><LineString><coordinates>-70.7468516,-33.689075,0 -70.7456583,-33.6887416,0</coordinates></LineString></Placemark><Placemark><name>Trabajado - Cuartel 645 - Hilera 1160</name><Style><LineStyle><color>ff00ff00</color><width>3</width></LineStyle></Style><LineString><coordinates>-70.7456583,-33.6887416,0 -70.7452283,-33.6882833,0</coordinates></LineString></Placemark><Placemark><name>Trabajado - Cuartel 645 - Hilera 1161</name><Style><LineStyle><color>ff00ff00</color><width>3</width></LineStyle></Style><LineString><coordinates>-70.7452283,-33.6882833,0 -70.74533,-33.6864666,0</coordinates></LineString></Placemark><Placemark><name>Trabajado - Cuartel 645 - Hilera 1162</name><Style><LineStyle><color>ff00ff00</color><width>3</width></LineStyle></Style><LineString><coordinates>-70.74533,-33.6864666,0 -70.7464016,-33.686,0</coordinates></LineString></Placemark><Placemark><name>Trabajado - Cuartel 645 - Hilera 1163</name><Style><LineStyle><color>ff00ff00</color><width>3</width></LineStyle></Style><LineString><coordinates>-70.7464016,-33.686,0 -70.75188333136725,-33.68749133182705,0</coordinates></LineString></Placemark><Placemark><name>Trabajado - Cuartel 645 - Hilera 1164</name><Style><LineStyle><color>ff00ff00</color><width>3</width></LineStyle></Style><LineString><coordinates>-70.75181731531833,-33.68748393538991,0 -70.75195763246734,-33.68727443578573,0</coordinates></LineString></Placemark><Placemark><name>Trabajado - Cuartel 645 - Hilera 1165</name><Style><LineStyle><color>ff00ff00</color><width>3</width></LineStyle></Style><LineString><coordinates>-70.7519383,-33.6873033,0 -70.7520599,-33.6873,0</coordinates></LineString></Placemark><Placemark><name>Trabajado - Cuartel 645 - Hilera 1166</name><Style><LineStyle><color>ff00ff00</color><width>3</width></LineStyle></Style><LineString><coordinates>-70.7520599,-33.6873,0 -70.7539683,-33.6877916,0</coordinates></LineString></Placemark><Placemark><name>Trabajado - Cuartel 645 - Hilera 1167</name><Style><LineStyle><color>ff00ff00</color><width>3</width></LineStyle></Style><LineString><coordinates>-70.7539683,-33.6877916,0 -70.75416975610742,-33.68770290165882,0</coordinates></LineString></Placemark><Placemark><name>Trabajado - Cuartel 645 - Hilera 1168</name><Style><LineStyle><color>ff00ff00</color><width>3</width></LineStyle></Style><LineString><coordinates>-70.75415,-33.6877116,0 -70.7536966,-33.6875549,0</coordinates></LineString></Placemark><Placemark><name>Trabajado - Cuartel 645 - Hilera 1169</name><Style><LineStyle><color>ff00ff00</color><width>3</width></LineStyle></Style><LineString><coordinates>-70.75741705443617,-33.68853955175191,0 -70.75194,-33.68709,0</coordinates></LineString></Placemark><Placemark><name>Trabajado - Cuartel 645 - Hilera 1171</name><Style><LineStyle><color>ff00ff00</color><width>3</width></LineStyle></Style><LineString><coordinates>-70.7520266,-33.6872166,0 -70.7540716,-33.6877583,0</coordinates></LineString></Placemark><Placemark><name>Trabajado - Cuartel 645 - Hilera 1172</name><Style><LineStyle><color>ff00ff00</color><width>3</width></LineStyle></Style><LineString><coordinates>-70.75458439029084,-33.687811720931265,0 -70.7520966,-33.6870949,0</coordinates></LineString></Placemark><Placemark><name>Trabajado - Cuartel 645 - Hilera 1173</name><Style><LineStyle><color>ff00ff00</color><width>3</width></LineStyle></Style><LineString><coordinates>-70.7520966,-33.6870949,0 -70.7519066,-33.6871366,0</coordinates></LineString></Placemark><Placemark><name>Trabajado - Cuartel 645 - Hilera 1174</name><Style><LineStyle><color>ff00ff00</color><width>3</width></LineStyle></Style><LineString><coordinates>-70.7519066,-33.6871366,0 -70.752135,-33.6872166,0</coordinates></LineString></Placemark><Placemark><name>Trabajado - Cuartel 645 - Hilera 1175</name><Style><LineStyle><color>ff00ff00</color><width>3</width></LineStyle></Style><LineString><coordinates>-70.752135,-33.6872166,0 -70.75600481389914,-33.68820381201057,0</coordinates></LineString></Placemark><Placemark><name>Trabajado - Cuartel 645 - Hilera 1176</name><Style><LineStyle><color>ff00ff00</color><width>3</width></LineStyle></Style><LineString><coordinates>-70.7540299,-33.6877,0 -70.7542166,-33.6876383,0</coordinates></LineString></Placemark><Placemark><name>Trabajado - Cuartel 645 - Hilera 1177</name><Style><LineStyle><color>ff00ff00</color><width>3</width></LineStyle></Style><LineString><coordinates>-70.7542166,-33.6876383,0 -70.7541366,-33.687475,0</coordinates></LineString></Placemark><Placemark><name>Trabajado - Cuartel 645 - Hilera 1178</name><Style><LineStyle><color>ff00ff00</color><width>3</width></LineStyle></Style><LineString><coordinates>-70.7541366,-33.687475,0 -70.7519816,-33.6869249,0</coordinates></LineString></Placemark><Placemark><name>Trabajado - Cuartel 645 - Hilera 1179</name><Style><LineStyle><color>ff00ff00</color><width>3</width></LineStyle></Style><LineString><coordinates>-70.7519816,-33.6869249,0 -70.7518816,-33.6869916,0</coordinates></LineString></Placemark><Placemark><name>Trabajado - Cuartel 645 - Hilera 1180</name><Style><LineStyle><color>ff00ff00</color><width>3</width></LineStyle></Style><LineString><coordinates>-70.7518816,-33.6869916,0 -70.75353443532278,-33.68743037921595,0</coordinates></LineString></Placemark><Placemark><name>Trabajado - Cuartel 645 - Hilera 1181</name><Style><LineStyle><color>ff00ff00</color><width>3</width></LineStyle></Style><LineString><coordinates>-70.7535283,-33.6874466,0 -70.754125,-33.6876016,0</coordinates></LineString></Placemark><Placemark><name>Trabajado - Cuartel 645 - Hilera 1182</name><Style><LineStyle><color>ff00ff00</color><width>3</width></LineStyle></Style><LineString><coordinates>-70.7542683,-33.6874683,0 -70.751905,-33.6868183,0</coordinates></LineString></Placemark><Placemark><name>Trabajado - Cuartel 645 - Hilera 1183</name><Style><LineStyle><color>ff00ff00</color><width>3</width></LineStyle></Style><LineString><coordinates>-70.751905,-33.6868183,0 -70.751865,-33.6869116,0</coordinates></LineString></Placemark><Placemark><name>Trabajado - Cuartel 645 - Hilera 1184</name><Style><LineStyle><color>ff00ff00</color><width>3</width></LineStyle></Style><LineString><coordinates>-70.751865,-33.6869116,0 -70.7519299,-33.6874766,0</coordinates></LineString></Placemark><Placemark><name>Trabajado - Cuartel 645 - Hilera 1185</name><Style><LineStyle><color>ff00ff00</color><width>3</width></LineStyle></Style><LineString><coordinates>-70.7455683,-33.6861083,0 -70.7456633,-33.6859716,0</coordinates></LineString></Placemark><Placemark><name>Trabajado - Cuartel 645 - Hilera 1186</name><Style><LineStyle><color>ff00ff00</color><width>3</width></LineStyle></Style><LineString><coordinates>-70.7456633,-33.6859716,0 -70.7518266,-33.6874883,0</coordinates></LineString></Placemark><Placemark><name>Trabajado - Cuartel 645 - Hilera 1187</name><Style><LineStyle><color>ff00ff00</color><width>3</width></LineStyle></Style><LineString><coordinates>-70.7519516,-33.6872716,0 -70.7518983,-33.6869316,0</coordinates></LineString></Placemark><Placemark><name>Trabajado - Cuartel 645 - Hilera 1188</name><Style><LineStyle><color>ff00ff00</color><width>3</width></LineStyle></Style><LineString><coordinates>-70.7518983,-33.6869316,0 -70.7542716,-33.6874366,0</coordinates></LineString></Placemark><Placemark><name>Trabajado - Cuartel 645 - Hilera 1189</name><Style><LineStyle><color>ff00ff00</color><width>3</width></LineStyle></Style><LineString><coordinates>-70.7542716,-33.6874366,0 -70.7543033,-33.6872466,0</coordinates></LineString></Placemark><Placemark><name>Trabajado - Cuartel 645 - Hilera 1190</name><Style><LineStyle><color>ff00ff00</color><width>3</width></LineStyle></Style><LineString><coordinates>-70.75737872795649,-33.68801539844522,0 -70.75299,-33.6869183,0</coordinates></LineString></Placemark><Placemark><name>Trabajado - Cuartel 645 - Hilera 1191</name><Style><LineStyle><color>ff00ff00</color><width>3</width></LineStyle></Style><LineString><coordinates>-70.75299,-33.6869183,0 -70.7519299,-33.6866066,0</coordinates></LineString></Placemark><Placemark><name>Trabajado - Cuartel 645 - Hilera 1192</name><Style><LineStyle><color>ff00ff00</color><width>3</width></LineStyle></Style><LineString><coordinates>-70.7519299,-33.6866066,0 -70.7518599,-33.6867033,0</coordinates></LineString></Placemark><Placemark><name>Trabajado - Cuartel 645 - Hilera 1193</name><Style><LineStyle><color>ff00ff00</color><width>3</width></LineStyle></Style><LineString><coordinates>-70.7518599,-33.6867033,0 -70.7525599,-33.6869033,0</coordinates></LineString></Placemark><Placemark><name>Trabajado - Cuartel 645 - Hilera 1194</name><Style><LineStyle><color>ff00ff00</color><width>3</width></LineStyle></Style><LineString><coordinates>-70.7525599,-33.6869033,0 -70.754345,-33.687325,0</coordinates></LineString></Placemark><Placemark><name>Trabajado - Cuartel 645 - Hilera 1195</name><Style><LineStyle><color>ff00ff00</color><width>3</width></LineStyle></Style><LineString><coordinates>-70.754345,-33.687325,0 -70.75177,-33.68645,0</coordinates></LineString></Placemark><Placemark><name>Trabajado - Cuartel 645 - Hilera 1197</name><Style><LineStyle><color>ff00ff00</color><width>3</width></LineStyle></Style><LineString><coordinates>-70.75176203451439,-33.686335674418956,0 -70.75445043970278,-33.68705147840136,0</coordinates></LineString></Placemark><Placemark><name>Trabajado - Cuartel 645 - Hilera 1198</name><Style><LineStyle><color>ff00ff00</color><width>3</width></LineStyle></Style><LineString><coordinates>-70.7543616,-33.6870383,0 -70.7542833,-33.6875166,0</coordinates></LineString></Placemark><Placemark><name>Trabajado - Cuartel 645 - Hilera 1199</name><Style><LineStyle><color>ff00ff00</color><width>3</width></LineStyle></Style><LineString><coordinates>-70.7542833,-33.6875166,0 -70.7538533,-33.6878333,0</coordinates></LineString></Placemark><Placemark><name>Trabajado - Cuartel 645 - Hilera 1200</name><Style><LineStyle><color>ff00ff00</color><width>3</width></LineStyle></Style><LineString><coordinates>-70.7538533,-33.6878333,0 -70.7519283,-33.6871633,0</coordinates></LineString></Placemark><Placemark><name>Trabajado - Cuartel 645 - Hilera 1201</name><Style><LineStyle><color>ff00ff00</color><width>3</width></LineStyle></Style><LineString><coordinates>-70.7519283,-33.6871633,0 -70.7541766,-33.6876766,0</coordinates></LineString></Placemark><Placemark><name>Trabajado - Cuartel 645 - Hilera 1202</name><Style><LineStyle><color>ff00ff00</color><width>3</width></LineStyle></Style><LineString><coordinates>-70.7541766,-33.6876766,0 -70.75443033462268,-33.68717430590591,0</coordinates></LineString></Placemark><Placemark><name>Trabajado - Cuartel 645 - Hilera 1203</name><Style><LineStyle><color>ff00ff00</color><width>3</width></LineStyle></Style><LineString><coordinates>-70.7543433,-33.6873466,0 -70.75223399612725,-33.68675964523509,0</coordinates></LineString></Placemark><Placemark><name>Trabajado - Cuartel 645 - Hilera 1204</name><Style><LineStyle><color>ff00ff00</color><width>3</width></LineStyle></Style><LineString><coordinates>-70.7522266,-33.6867783,0 -70.7518016,-33.6866033,0</coordinates></LineString></Placemark><Placemark><name>Trabajado - Cuartel 645 - Hilera 1205</name><Style><LineStyle><color>ff00ff00</color><width>3</width></LineStyle></Style><LineString><coordinates>-70.75189571111272,-33.68713304099675,0 -70.75165883000803,-33.685799663578514,0</coordinates></LineString></Placemark><Placemark><name>Trabajado - Cuartel 645 - Hilera 1206</name><Style><LineStyle><color>ff00ff00</color><width>3</width></LineStyle></Style><LineString><coordinates>-70.75467233252715,-33.68699760482855,0 -70.7542466,-33.6871183,0</coordinates></LineString></Placemark><Placemark><name>Trabajado - Cuartel 645 - Hilera 1207</name><Style><LineStyle><color>ff00ff00</color><width>3</width></LineStyle></Style><LineString><coordinates>-70.7542466,-33.6871183,0 -70.7517599,-33.6864016,0</coordinates></LineString></Placemark><Placemark><name>Trabajado - Cuartel 645 - Hilera 1208</name><Style><LineStyle><color>ff00ff00</color><width>3</width></LineStyle></Style><LineString><coordinates>-70.7517599,-33.6864016,0 -70.7517766,-33.6862433,0</coordinates></LineString></Placemark><Placemark><name>Trabajado - Cuartel 645 - Hilera 1209</name><Style><LineStyle><color>ff00ff00</color><width>3</width></LineStyle></Style><LineString><coordinates>-70.7517766,-33.6862433,0 -70.752955,-33.6865383,0</coordinates></LineString></Placemark><Placemark><name>Trabajado - Cuartel 645 - Hilera 1210</name><Style><LineStyle><color>ff00ff00</color><width>3</width></LineStyle></Style><LineString><coordinates>-70.752955,-33.6865383,0 -70.7544733,-33.686965,0</coordinates></LineString></Placemark><Placemark><name>Trabajado - Cuartel 645 - Hilera 1211</name><Style><LineStyle><color>ff00ff00</color><width>3</width></LineStyle></Style><LineString><coordinates>-70.7544733,-33.686965,0 -70.7543033,-33.6870583,0</coordinates></LineString></Placemark><Placemark><name>Trabajado - Cuartel 645 - Hilera 1212</name><Style><LineStyle><color>ff00ff00</color><width>3</width></LineStyle></Style><LineString><coordinates>-70.7543033,-33.6870583,0 -70.7518099,-33.6864166,0</coordinates></LineString></Placemark><Placemark><name>Trabajado - Cuartel 645 - Hilera 1213</name><Style><LineStyle><color>ff00ff00</color><width>3</width></LineStyle></Style><LineString><coordinates>-70.7518099,-33.6864166,0 -70.7517216,-33.68622,0</coordinates></LineString></Placemark><Placemark><name>Trabajado - Cuartel 645 - Hilera 1214</name><Style><LineStyle><color>ff00ff00</color><width>3</width></LineStyle></Style><LineString><coordinates>-70.7517216,-33.68622,0 -70.7518083,-33.6860799,0</coordinates></LineString></Placemark><Placemark><name>Trabajado - Cuartel 645 - Hilera 1215</name><Style><LineStyle><color>ff00ff00</color><width>3</width></LineStyle></Style><LineString><coordinates>-70.7518083,-33.6860799,0 -70.7544166,-33.6867733,0</coordinates></LineString></Placemark><Placemark><name>Trabajado - Cuartel 645 - Hilera 1216</name><Style><LineStyle><color>ff00ff00</color><width>3</width></LineStyle></Style><LineString><coordinates>-70.7544166,-33.6867733,0 -70.7544283,-33.68685,0</coordinates></LineString></Placemark><Placemark><name>Trabajado - Cuartel 645 - Hilera 1217</name><Style><LineStyle><color>ff00ff00</color><width>3</width></LineStyle></Style><LineString><coordinates>-70.7544283,-33.68685,0 -70.7533633,-33.6865983,0</coordinates></LineString></Placemark><Placemark><name>Trabajado - Cuartel 645 - Hilera 1218</name><Style><LineStyle><color>ff00ff00</color><width>3</width></LineStyle></Style><LineString><coordinates>-70.7533633,-33.6865983,0 -70.75176984753713,-33.68611424455184,0</coordinates></LineString></Placemark><Placemark><name>Trabajado - Cuartel 645 - Hilera 1219</name><Style><LineStyle><color>ff00ff00</color><width>3</width></LineStyle></Style><LineString><coordinates>-70.7517616,-33.6861333,0 -70.751685,-33.6859866,0</coordinates></LineString></Placemark><Placemark><name>Trabajado - Cuartel 645 - Hilera 1220</name><Style><LineStyle><color>ff00ff00</color><width>3</width></LineStyle></Style><LineString><coordinates>-70.751685,-33.6859866,0 -70.7523799,-33.6861216,0</coordinates></LineString></Placemark><Placemark><name>Trabajado - Cuartel 645 - Hilera 1221</name><Style><LineStyle><color>ff00ff00</color><width>3</width></LineStyle></Style><LineString><coordinates>-70.75171908958384,-33.685946212020646,0 -70.7544333,-33.6866666,0</coordinates></LineString></Placemark><Placemark><name>Trabajado - Cuartel 645 - Hilera 1222</name><Style><LineStyle><color>ff00ff00</color><width>3</width></LineStyle></Style><LineString><coordinates>-70.7544333,-33.6866666,0 -70.7544766,-33.6868783,0</coordinates></LineString></Placemark><Placemark><name>Trabajado - Cuartel 645 - Hilera 1223</name><Style><LineStyle><color>ff00ff00</color><width>3</width></LineStyle></Style><LineString><coordinates>-70.75472229907096,-33.6862123302234,0 -70.754155,-33.68775,0</coordinates></LineString></Placemark><Placemark><name>Trabajado - Cuartel 645 - Hilera 1224</name><Style><LineStyle><color>ff00ff00</color><width>3</width></LineStyle></Style><LineString><coordinates>-70.754155,-33.68775,0 -70.7519016,-33.6871783,0</coordinates></LineString></Placemark><Placemark><name>Trabajado - Cuartel 645 - Hilera 1225</name><Style><LineStyle><color>ff00ff00</color><width>3</width></LineStyle></Style><LineString><coordinates>-70.7519016,-33.6871783,0 -70.7519516,-33.6868916,0</coordinates></LineString></Placemark><Placemark><name>Trabajado - Cuartel 645 - Hilera 1226</name><Style><LineStyle><color>ff00ff00</color><width>3</width></LineStyle></Style><LineString><coordinates>-70.7519516,-33.6868916,0 -70.7542383,-33.6874616,0</coordinates></LineString></Placemark><Placemark><name>Trabajado - Cuartel 645 - Hilera 1227</name><Style><LineStyle><color>ff00ff00</color><width>3</width></LineStyle></Style><LineString><coordinates>-70.7542383,-33.6874616,0 -70.7545066,-33.6869016,0</coordinates></LineString></Placemark><Placemark><name>Trabajado - Cuartel 645 - Hilera 1228</name><Style><LineStyle><color>ff00ff00</color><width>3</width></LineStyle></Style><LineString><coordinates>-70.7544833,-33.6868516,0 -70.7544233,-33.6867983,0</coordinates></LineString></Placemark><Placemark><name>Trabajado - Cuartel 645 - Hilera 1229</name><Style><LineStyle><color>ff00ff00</color><width>3</width></LineStyle></Style><LineString><coordinates>-70.7544316,-33.6867966,0 -70.7530133,-33.6865133,0</coordinates></LineString></Placemark><Placemark><name>Trabajado - Cuartel 645 - Hilera 1230</name><Style><LineStyle><color>ff00ff00</color><width>3</width></LineStyle></Style><LineString><coordinates>-70.7530133,-33.6865133,0 -70.7523333,-33.68625,0</coordinates></LineString></Placemark><Placemark><name>Trabajado - Cuartel 645 - Hilera 1231</name><Style><LineStyle><color>ff00ff00</color><width>3</width></LineStyle></Style><LineString><coordinates>-70.7523233,-33.686285,0 -70.7522566,-33.686205,0</coordinates></LineString></Placemark><Placemark><name>Trabajado - Cuartel 645 - Hilera 1232</name><Style><LineStyle><color>ff00ff00</color><width>3</width></LineStyle></Style><LineString><coordinates>-70.7522566,-33.686205,0 -70.7517799,-33.6861116,0</coordinates></LineString></Placemark><Placemark><name>Trabajado - Cuartel 645 - Hilera 1233</name><Style><LineStyle><color>ff00ff00</color><width>3</width></LineStyle></Style><LineString><coordinates>-70.7517799,-33.6861116,0 -70.75168,-33.685905,0</coordinates></LineString></Placemark><Placemark><name>Trabajado - Cuartel 645 - Hilera 1235</name><Style><LineStyle><color>ff00ff00</color><width>3</width></LineStyle></Style><LineString><coordinates>-70.7518999,-33.6858583,0 -70.7523166,-33.6859516,0</coordinates></LineString></Placemark><Placemark><name>Trabajado - Cuartel 645 - Hilera 1236</name><Style><LineStyle><color>ff00ff00</color><width>3</width></LineStyle></Style><LineString><coordinates>-70.7523166,-33.6859516,0 -70.7524766,-33.68604,0</coordinates></LineString></Placemark><Placemark><name>Trabajado - Cuartel 645 - Hilera 1237</name><Style><LineStyle><color>ff00ff00</color><width>3</width></LineStyle></Style><LineString><coordinates>-70.7524766,-33.68604,0 -70.7526933,-33.6860666,0</coordinates></LineString></Placemark><Placemark><name>Trabajado - Cuartel 645 - Hilera 1238</name><Style><LineStyle><color>ff00ff00</color><width>3</width></LineStyle></Style><LineString><coordinates>-70.7526933,-33.6860666,0 -70.7527483,-33.68615,0</coordinates></LineString></Placemark><Placemark><name>Trabajado - Cuartel 645 - Hilera 1239</name><Style><LineStyle><color>ff00ff00</color><width>3</width></LineStyle></Style><LineString><coordinates>-70.7527483,-33.68615,0 -70.7545849,-33.6865866,0</coordinates></LineString></Placemark><Placemark><name>Trabajado - Cuartel 645 - Hilera 1240</name><Style><LineStyle><color>ff00ff00</color><width>3</width></LineStyle></Style><LineString><coordinates>-70.7546166,-33.6866216,0 -70.7544266,-33.68668,0</coordinates></LineString></Placemark><Placemark><name>Trabajado - Cuartel 645 - Hilera 1241</name><Style><LineStyle><color>ff00ff00</color><width>3</width></LineStyle></Style><LineString><coordinates>-70.7517183,-33.6859483,0 -70.75194,-33.68736,0</coordinates></LineString></Placemark><Placemark><name>Trabajado - Cuartel 645 - Hilera 1242</name><Style><LineStyle><color>ff00ff00</color><width>3</width></LineStyle></Style><LineString><coordinates>-70.75194,-33.68736,0 -70.7459449,-33.68592,0</coordinates></LineString></Placemark><Placemark><name>Trabajado - Cuartel 645 - Hilera 1243</name><Style><LineStyle><color>ff00ff00</color><width>3</width></LineStyle></Style><LineString><coordinates>-70.7457466,-33.6859066,0 -70.751695,-33.687485,0</coordinates></LineString></Placemark><Placemark><name>Trabajado - Cuartel 645 - Hilera 1244</name><Style><LineStyle><color>ff00ff00</color><width>3</width></LineStyle></Style><LineString><coordinates>-70.751695,-33.687485,0 -70.75188,-33.687135,0</coordinates></LineString></Placemark><Placemark><name>Trabajado - Cuartel 645 - Hilera 1245</name><Style><LineStyle><color>ff00ff00</color><width>3</width></LineStyle></Style><LineString><coordinates>-70.7516433,-33.6858016,0 -70.7545816,-33.6866,0</coordinates></LineString></Placemark><Placemark><name>Trabajado - Cuartel 645 - Hilera 1246</name><Style><LineStyle><color>ff00ff00</color><width>3</width></LineStyle></Style><LineString><coordinates>-70.7545816,-33.6866,0 -70.754465,-33.6866349,0</coordinates></LineString></Placemark><Placemark><name>Trabajado - Cuartel 645 - Hilera 1247</name><Style><LineStyle><color>ff00ff00</color><width>3</width></LineStyle></Style><LineString><coordinates>-70.754465,-33.6866349,0 -70.7523233,-33.686105,0</coordinates></LineString></Placemark><Placemark><name>Trabajado - Cuartel 645 - Hilera 1248</name><Style><LineStyle><color>ff00ff00</color><width>3</width></LineStyle></Style><LineString><coordinates>-70.7517349,-33.685925,0 -70.7515933,-33.6856599,0</coordinates></LineString></Placemark><Placemark><name>Trabajado - Cuartel 645 - Hilera 1250</name><Style><LineStyle><color>ff00ff00</color><width>3</width></LineStyle></Style><LineString><coordinates>-70.75169335779107,-33.68562744089105,0 -70.75464134926209,-33.68644800348545,0</coordinates></LineString></Placemark><Placemark><name>Trabajado - Cuartel 645 - Hilera 1251</name><Style><LineStyle><color>ff00ff00</color><width>3</width></LineStyle></Style><LineString><coordinates>-70.754415,-33.686385,0 -70.7546183,-33.6865599,0</coordinates></LineString></Placemark><Placemark><name>Trabajado - Cuartel 645 - Hilera 1252</name><Style><LineStyle><color>ff00ff00</color><width>3</width></LineStyle></Style><LineString><coordinates>-70.7546183,-33.6865599,0 -70.7539116,-33.6878766,0</coordinates></LineString></Placemark><Placemark><name>Trabajado - Cuartel 645 - Hilera 1253</name><Style><LineStyle><color>ff00ff00</color><width>3</width></LineStyle></Style><LineString><coordinates>-70.7539116,-33.6878766,0 -70.7519449,-33.6872966,0</coordinates></LineString></Placemark><Placemark><name>Trabajado - Cuartel 645 - Hilera 1254</name><Style><LineStyle><color>ff00ff00</color><width>3</width></LineStyle></Style><LineString><coordinates>-70.74591427304865,-33.6858254096248,0 -70.75415313218352,-33.68781800026914,0</coordinates></LineString></Placemark><Placemark><name>Trabajado - Cuartel 645 - Hilera 1255</name><Style><LineStyle><color>ff00ff00</color><width>3</width></LineStyle></Style><LineString><coordinates>-70.7540233,-33.6877866,0 -70.754545,-33.68654,0</coordinates></LineString></Placemark><Placemark><name>Trabajado - Cuartel 645 - Hilera 1256</name><Style><LineStyle><color>ff00ff00</color><width>3</width></LineStyle></Style><LineString><coordinates>-70.754545,-33.68654,0 -70.75160849729426,-33.68576990380045,0</coordinates></LineString></Placemark><Placemark><name>Trabajado - Cuartel 645 - Hilera 1257</name><Style><LineStyle><color>ff00ff00</color><width>3</width></LineStyle></Style><LineString><coordinates>-70.7516116,-33.6857616,0 -70.751695,-33.6856233,0</coordinates></LineString></Placemark><Placemark><name>Trabajado - Cuartel 645 - Hilera 1258</name><Style><LineStyle><color>ff00ff00</color><width>3</width></LineStyle></Style><LineString><coordinates>-70.7546333,-33.6864683,0 -70.7545183,-33.68653,0</coordinates></LineString></Placemark><Placemark><name>Trabajado - Cuartel 645 - Hilera 1259</name><Style><LineStyle><color>ff00ff00</color><width>3</width></LineStyle></Style><LineString><coordinates>-70.75451947587328,-33.686527200789385,0 -70.7527483,-33.686005,0</coordinates></LineString></Placemark><Placemark><name>Trabajado - Cuartel 645 - Hilera 1260</name><Style><LineStyle><color>ff00ff00</color><width>3</width></LineStyle></Style><LineString><coordinates>-70.7527483,-33.686005,0 -70.7516766,-33.6857283,0</coordinates></LineString></Placemark><Placemark><name>Trabajado - Cuartel 645 - Hilera 1261</name><Style><LineStyle><color>ff00ff00</color><width>3</width></LineStyle></Style><LineString><coordinates>-70.7516766,-33.6857283,0 -70.75156299552968,-33.68540836127934,0</coordinates></LineString></Placemark><Placemark><name>Trabajado - Cuartel 645 - Hilera 1262</name><Style><LineStyle><color>ff00ff00</color><width>3</width></LineStyle></Style><LineString><coordinates>-70.7515683,-33.6854233,0 -70.7515133,-33.6855016,0</coordinates></LineString></Placemark><Placemark><name>Trabajado - Cuartel 645 - Hilera 1263</name><Style><LineStyle><color>ff00ff00</color><width>3</width></LineStyle></Style><LineString><coordinates>-70.7515133,-33.6855016,0 -70.75464444483583,-33.68622627281148,0</coordinates></LineString></Placemark><Placemark><name>Trabajado - Cuartel 645 - Hilera 1264</name><Style><LineStyle><color>ff00ff00</color><width>3</width></LineStyle></Style><LineString><coordinates>-70.7546316,-33.6862233,0 -70.75463903252364,-33.686791669455644,0</coordinates></LineString></Placemark><Placemark><name>Trabajado - Cuartel 645 - Hilera 1265</name><Style><LineStyle><color>ff00ff00</color><width>3</width></LineStyle></Style><LineString><coordinates>-70.7546333,-33.6863533,0 -70.7515833,-33.6855066,0</coordinates></LineString></Placemark><Placemark><name>Trabajado - Cuartel 645 - Hilera 1267</name><Style><LineStyle><color>ff00ff00</color><width>3</width></LineStyle></Style><LineString><coordinates>-70.7516683,-33.6853616,0 -70.7535816,-33.68588,0</coordinates></LineString></Placemark><Placemark><name>Trabajado - Cuartel 645 - Hilera 1268</name><Style><LineStyle><color>ff00ff00</color><width>3</width></LineStyle></Style><LineString><coordinates>-70.7535816,-33.68588,0 -70.7546633,-33.6861433,0</coordinates></LineString></Placemark><Placemark><name>Trabajado - Cuartel 645 - Hilera 1269</name><Style><LineStyle><color>ff00ff00</color><width>3</width></LineStyle></Style><LineString><coordinates>-70.75473925822804,-33.68582266526785,0 -70.7546416,-33.6862349,0</coordinates></LineString></Placemark><Placemark><name>Trabajado - Cuartel 645 - Hilera 1270</name><Style><LineStyle><color>ff00ff00</color><width>3</width></LineStyle></Style><LineString><coordinates>-70.75463503463453,-33.686251855646574,0 -70.7515616,-33.6854166,0</coordinates></LineString></Placemark><Placemark><name>Trabajado - Cuartel 645 - Hilera 1271</name><Style><LineStyle><color>ff00ff00</color><width>3</width></LineStyle></Style><LineString><coordinates>-70.7515616,-33.6854166,0 -70.7516483,-33.68515,0</coordinates></LineString></Placemark><Placemark><name>Trabajado - Cuartel 645 - Hilera 1272</name><Style><LineStyle><color>ff00ff00</color><width>3</width></LineStyle></Style><LineString><coordinates>-70.7516483,-33.68515,0 -70.7521266,-33.6852666,0</coordinates></LineString></Placemark><Placemark><name>Trabajado - Cuartel 645 - Hilera 1273</name><Style><LineStyle><color>ff00ff00</color><width>3</width></LineStyle></Style><LineString><coordinates>-70.7521266,-33.6852666,0 -70.7548366,-33.68599,0</coordinates></LineString></Placemark><Placemark><name>Trabajado - Cuartel 645 - Hilera 1274</name><Style><LineStyle><color>ff00ff00</color><width>3</width></LineStyle></Style><LineString><coordinates>-70.7548366,-33.68599,0 -70.7542283,-33.6876066,0</coordinates></LineString></Placemark><Placemark><name>Trabajado - Cuartel 645 - Hilera 1275</name><Style><LineStyle><color>ff00ff00</color><width>3</width></LineStyle></Style><LineString><coordinates>-70.7542283,-33.6876066,0 -70.75393,-33.6878333,0</coordinates></LineString></Placemark><Placemark><name>Trabajado - Cuartel 645 - Hilera 1276</name><Style><LineStyle><color>ff00ff00</color><width>3</width></LineStyle></Style><LineString><coordinates>-70.75393,-33.6878333,0 -70.7520049,-33.6873266,0</coordinates></LineString></Placemark><Placemark><name>Trabajado - Cuartel 645 - Hilera 1277</name><Style><LineStyle><color>ff00ff00</color><width>3</width></LineStyle></Style><LineString><coordinates>-70.7520049,-33.6873266,0 -70.7457533,-33.6859416,0</coordinates></LineString></Placemark><Placemark><name>Trabajado - Cuartel 645 - Hilera 1278</name><Style><LineStyle><color>ff00ff00</color><width>3</width></LineStyle></Style><LineString><coordinates>-70.751645,-33.6874383,0 -70.7519133,-33.6871966,0</coordinates></LineString></Placemark><Placemark><name>Trabajado - Cuartel 645 - Hilera 1279</name><Style><LineStyle><color>ff00ff00</color><width>3</width></LineStyle></Style><LineString><coordinates>-70.75192274869195,-33.68724429435415,0 -70.75149,-33.6850599,0</coordinates></LineString></Placemark><Placemark><name>Trabajado - Cuartel 645 - Hilera 1280</name><Style><LineStyle><color>ff00ff00</color><width>3</width></LineStyle></Style><LineString><coordinates>-70.75149,-33.6850599,0 -70.7522083,-33.6852066,0</coordinates></LineString></Placemark><Placemark><name>Trabajado - Cuartel 645 - Hilera 1281</name><Style><LineStyle><color>ff00ff00</color><width>3</width></LineStyle></Style><LineString><coordinates>-70.7522083,-33.6852066,0 -70.7545983,-33.68585,0</coordinates></LineString></Placemark><Placemark><name>Trabajado - Cuartel 645 - Hilera 1282</name><Style><LineStyle><color>ff00ff00</color><width>3</width></LineStyle></Style><LineString><coordinates>-70.7545983,-33.68585,0 -70.754895,-33.686005,0</coordinates></LineString></Placemark><Placemark><name>Trabajado - Cuartel 645 - Hilera 1283</name><Style><LineStyle><color>ff00ff00</color><width>3</width></LineStyle></Style><LineString><coordinates>-70.754895,-33.686005,0 -70.753965,-33.68585,0</coordinates></LineString></Placemark><Placemark><name>Trabajado - Cuartel 645 - Hilera 1284</name><Style><LineStyle><color>ff00ff00</color><width>3</width></LineStyle></Style><LineString><coordinates>-70.753965,-33.68585,0 -70.75161797063008,-33.68524288108796,0</coordinates></LineString></Placemark><Placemark><name>Trabajado - Cuartel 645 - Hilera 1285</name><Style><LineStyle><color>ff00ff00</color><width>3</width></LineStyle></Style><LineString><coordinates>-70.7516166,-33.6852466,0 -70.7515316,-33.6850533,0</coordinates></LineString></Placemark><Placemark><name>Trabajado - Cuartel 645 - Hilera 1286</name><Style><LineStyle><color>ff00ff00</color><width>3</width></LineStyle></Style><LineString><coordinates>-70.7515316,-33.6850533,0 -70.753195,-33.6854266,0</coordinates></LineString></Placemark><Placemark><name>Trabajado - Cuartel 645 - Hilera 1287</name><Style><LineStyle><color>ff00ff00</color><width>3</width></LineStyle></Style><LineString><coordinates>-70.753195,-33.6854266,0 -70.7547533,-33.685825,0</coordinates></LineString></Placemark><Placemark><name>Trabajado - Cuartel 645 - Hilera 1288</name><Style><LineStyle><color>ff00ff00</color><width>3</width></LineStyle></Style><LineString><coordinates>-70.7547066,-33.6859833,0 -70.75187355097127,-33.685283216801345,0</coordinates></LineString></Placemark><Placemark><name>Trabajado - Cuartel 645 - Hilera 1289</name><Style><LineStyle><color>ff00ff00</color><width>3</width></LineStyle></Style><LineString><coordinates>-70.75188,-33.6852649,0 -70.7516583,-33.6851916,0</coordinates></LineString></Placemark><Placemark><name>Trabajado - Cuartel 645 - Hilera 1290</name><Style><LineStyle><color>ff00ff00</color><width>3</width></LineStyle></Style><LineString><coordinates>-70.7516583,-33.6851916,0 -70.75147,-33.6848216,0</coordinates></LineString></Placemark><Placemark><name>Trabajado - Cuartel 645 - Hilera 1291</name><Style><LineStyle><color>ff00ff00</color><width>3</width></LineStyle></Style><LineString><coordinates>-70.75147,-33.6848216,0 -70.7548816,-33.6857283,0</coordinates></LineString></Placemark><Placemark><name>Trabajado - Cuartel 645 - Hilera 1292</name><Style><LineStyle><color>ff00ff00</color><width>3</width></LineStyle></Style><LineString><coordinates>-70.7548816,-33.6857283,0 -70.7546616,-33.68616,0</coordinates></LineString></Placemark><Placemark><name>Trabajado - Cuartel 645 - Hilera 1293</name><Style><LineStyle><color>ff00ff00</color><width>3</width></LineStyle></Style><LineString><coordinates>-70.7546616,-33.68616,0 -70.7515466,-33.6854066,0</coordinates></LineString></Placemark><Placemark><name>Trabajado - Cuartel 645 - Hilera 1294</name><Style><LineStyle><color>ff00ff00</color><width>3</width></LineStyle></Style><LineString><coordinates>-70.7519133,-33.6872083,0 -70.7517983,-33.6874933,0</coordinates></LineString></Placemark><Placemark><name>Trabajado - Cuartel 645 - Hilera 1295</name><Style><LineStyle><color>ff00ff00</color><width>3</width></LineStyle></Style><LineString><coordinates>-70.7517983,-33.6874933,0 -70.7459116,-33.6859699,0</coordinates></LineString></Placemark><Placemark><name>Trabajado - Cuartel 645 - Hilera 1296</name><Style><LineStyle><color>ff00ff00</color><width>3</width></LineStyle></Style><LineString><coordinates>-70.7456,-33.6861233,0 -70.7456133,-33.6859983,0</coordinates></LineString></Placemark><Placemark><name>Trabajado - Cuartel 645 - Hilera 1297</name><Style><LineStyle><color>ff00ff00</color><width>3</width></LineStyle></Style><LineString><coordinates>-70.7459566,-33.6859316,0 -70.751925,-33.6874066,0</coordinates></LineString></Placemark><Placemark><name>Trabajado - Cuartel 645 - Hilera 1298</name><Style><LineStyle><color>ff00ff00</color><width>3</width></LineStyle></Style><LineString><coordinates>-70.751925,-33.6874066,0 -70.7514766,-33.6848866,0</coordinates></LineString></Placemark><Placemark><name>Trabajado - Cuartel 645 - Hilera 1299</name><Style><LineStyle><color>ff00ff00</color><width>3</width></LineStyle></Style><LineString><coordinates>-70.7514766,-33.6848866,0 -70.75477865424196,-33.68576606273429,0</coordinates></LineString></Placemark><Placemark><name>Trabajado - Cuartel 645 - Hilera 1301</name><Style><LineStyle><color>ff00ff00</color><width>3</width></LineStyle></Style><LineString><coordinates>-70.7549233,-33.68571,0 -70.7515073689982,-33.68476693378006,0</coordinates></LineString></Placemark><Placemark><name>Trabajado - Cuartel 645 - Hilera 1302</name><Style><LineStyle><color>ff00ff00</color><width>3</width></LineStyle></Style><LineString><coordinates>-70.7515016,-33.6847816,0 -70.751595,-33.6850083,0</coordinates></LineString></Placemark><Placemark><name>Trabajado - Cuartel 645 - Hilera 1303</name><Style><LineStyle><color>ff00ff00</color><width>3</width></LineStyle></Style><LineString><coordinates>-70.751595,-33.6850083,0 -70.7524216,-33.6852049,0</coordinates></LineString></Placemark><Placemark><name>Trabajado - Cuartel 645 - Hilera 1304</name><Style><LineStyle><color>ff00ff00</color><width>3</width></LineStyle></Style><LineString><coordinates>-70.7524233,-33.685215,0 -70.75659510023985,-33.686476780266275,0</coordinates></LineString></Placemark><Placemark><name>Trabajado - Cuartel 645 - Hilera 1306</name><Style><LineStyle><color>ff00ff00</color><width>3</width></LineStyle></Style><LineString><coordinates>-70.75653,-33.6863,0 -70.7561783,-33.6861949,0</coordinates></LineString></Placemark><Placemark><name>Trabajado - Cuartel 645 - Hilera 1307</name><Style><LineStyle><color>ff00ff00</color><width>3</width></LineStyle></Style><LineString><coordinates>-70.7561783,-33.6861949,0 -70.7556916,-33.6861166,0</coordinates></LineString></Placemark><Placemark><name>Trabajado - Cuartel 645 - Hilera 1308</name><Style><LineStyle><color>ff00ff00</color><width>3</width></LineStyle></Style><LineString><coordinates>-70.7556916,-33.6861166,0 -70.7548566,-33.6859516,0</coordinates></LineString></Placemark><Placemark><name>Trabajado - Cuartel 645 - Hilera 1310</name><Style><LineStyle><color>ff00ff00</color><width>3</width></LineStyle></Style><LineString><coordinates>-70.754975,-33.6860883,0 -70.75675843505473,-33.686735686924855,0</coordinates></LineString></Placemark><Placemark><name>Trabajado - Cuartel 645 - Hilera 1313</name><Style><LineStyle><color>ff00ff00</color><width>3</width></LineStyle></Style><LineString><coordinates>-70.7558799,-33.686585,0 -70.7560883,-33.6866683,0</coordinates></LineString></Placemark><Placemark><name>Trabajado - Cuartel 645 - Hilera 1314</name><Style><LineStyle><color>ff00ff00</color><width>3</width></LineStyle></Style><LineString><coordinates>-70.7560883,-33.6866683,0 -70.75657,-33.686775,0</coordinates></LineString></Placemark><Placemark><name>Trabajado - Cuartel 645 - Hilera 1316</name><Style><LineStyle><color>ff00ff00</color><width>3</width></LineStyle></Style><LineString><coordinates>-70.7565516,-33.6865616,0 -70.7548749,-33.6859933,0</coordinates></LineString></Placemark><Placemark><name>Trabajado - Cuartel 645 - Hilera 1317</name><Style><LineStyle><color>ff00ff00</color><width>3</width></LineStyle></Style><LineString><coordinates>-70.7548749,-33.6859933,0 -70.7548483,-33.6860966,0</coordinates></LineString></Placemark><Placemark><name>Trabajado - Cuartel 645 - Hilera 1318</name><Style><LineStyle><color>ff00ff00</color><width>3</width></LineStyle></Style><LineString><coordinates>-70.7548483,-33.6860966,0 -70.7548766,-33.6861849,0</coordinates></LineString></Placemark><Placemark><name>Trabajado - Cuartel 645 - Hilera 1319</name><Style><LineStyle><color>ff00ff00</color><width>3</width></LineStyle></Style><LineString><coordinates>-70.7548766,-33.6861849,0 -70.75652866687807,-33.6866818115815,0</coordinates></LineString></Placemark><Placemark><name>Trabajado - Cuartel 645 - Hilera 1321</name><Style><LineStyle><color>ff00ff00</color><width>3</width></LineStyle></Style><LineString><coordinates>-70.7566849,-33.6867766,0 -70.75494,-33.6862566,0</coordinates></LineString></Placemark><Placemark><name>Trabajado - Cuartel 645 - Hilera 1322</name><Style><LineStyle><color>ff00ff00</color><width>3</width></LineStyle></Style><LineString><coordinates>-70.75494,-33.6862566,0 -70.7548816,-33.6860466,0</coordinates></LineString></Placemark><Placemark><name>Trabajado - Cuartel 645 - Hilera 1323</name><Style><LineStyle><color>ff00ff00</color><width>3</width></LineStyle></Style><LineString><coordinates>-70.7548816,-33.6860466,0 -70.7559416,-33.6863866,0</coordinates></LineString></Placemark><Placemark><name>Trabajado - Cuartel 645 - Hilera 1324</name><Style><LineStyle><color>ff00ff00</color><width>3</width></LineStyle></Style><LineString><coordinates>-70.7559416,-33.6863866,0 -70.7563299,-33.6864383,0</coordinates></LineString></Placemark><Placemark><name>Trabajado - Cuartel 645 - Hilera 1325</name><Style><LineStyle><color>ff00ff00</color><width>3</width></LineStyle></Style><LineString><coordinates>-70.7563299,-33.6864383,0 -70.7567916,-33.686585,0</coordinates></LineString></Placemark><Placemark><name>Trabajado - Cuartel 645 - Hilera 1326</name><Style><LineStyle><color>ff00ff00</color><width>3</width></LineStyle></Style><LineString><coordinates>-70.7567916,-33.686585,0 -70.7547833,-33.6861333,0</coordinates></LineString></Placemark><Placemark><name>Trabajado - Cuartel 645 - Hilera 1327</name><Style><LineStyle><color>ff00ff00</color><width>3</width></LineStyle></Style><LineString><coordinates>-70.7547833,-33.6861333,0 -70.754785,-33.6863066,0</coordinates></LineString></Placemark><Placemark><name>Trabajado - Cuartel 645 - Hilera 1328</name><Style><LineStyle><color>ff00ff00</color><width>3</width></LineStyle></Style><LineString><coordinates>-70.754785,-33.6863066,0 -70.7569533,-33.6869916,0</coordinates></LineString></Placemark><Placemark><name>Trabajado - Cuartel 645 - Hilera 1329</name><Style><LineStyle><color>ff00ff00</color><width>3</width></LineStyle></Style><LineString><coordinates>-70.7569533,-33.6869916,0 -70.7562433,-33.6867983,0</coordinates></LineString></Placemark><Placemark><name>Trabajado - Cuartel 645 - Hilera 1330</name><Style><LineStyle><color>ff00ff00</color><width>3</width></LineStyle></Style><LineString><coordinates>-70.7562433,-33.6867983,0 -70.7547066,-33.6864116,0</coordinates></LineString></Placemark><Placemark><name>Trabajado - Cuartel 645 - Hilera 1331</name><Style><LineStyle><color>ff00ff00</color><width>3</width></LineStyle></Style><LineString><coordinates>-70.7547066,-33.6864116,0 -70.7542866,-33.6874983,0</coordinates></LineString></Placemark><Placemark><name>Trabajado - Cuartel 645 - Hilera 1332</name><Style><LineStyle><color>ff00ff00</color><width>3</width></LineStyle></Style><LineString><coordinates>-70.75435050165656,-33.687443398576754,0 -70.7539316,-33.6878033,0</coordinates></LineString></Placemark><Placemark><name>Trabajado - Cuartel 645 - Hilera 1333</name><Style><LineStyle><color>ff00ff00</color><width>3</width></LineStyle></Style><LineString><coordinates>-70.75754442695123,-33.688654882372546,0 -70.7459133,-33.6859133,0</coordinates></LineString></Placemark><Placemark><name>Trabajado - Cuartel 645 - Hilera 1334</name><Style><LineStyle><color>ff00ff00</color><width>3</width></LineStyle></Style><LineString><coordinates>-70.74546330208935,-33.68612885972142,0 -70.746405,-33.6860033,0</coordinates></LineString></Placemark><Placemark><name>Trabajado - Cuartel 645 - Hilera 1335</name><Style><LineStyle><color>ff00ff00</color><width>3</width></LineStyle></Style><LineString><coordinates>-70.7518916,-33.68747,0 -70.7520349,-33.6871633,0</coordinates></LineString></Placemark><Placemark><name>Trabajado - Cuartel 645 - Hilera 1336</name><Style><LineStyle><color>ff00ff00</color><width>3</width></LineStyle></Style><LineString><coordinates>-70.7520349,-33.6871633,0 -70.753755,-33.6876166,0</coordinates></LineString></Placemark><Placemark><name>Trabajado - Cuartel 645 - Hilera 1337</name><Style><LineStyle><color>ff00ff00</color><width>3</width></LineStyle></Style><LineString><coordinates>-70.753755,-33.6876166,0 -70.7542416,-33.6875483,0</coordinates></LineString></Placemark><Placemark><name>Trabajado - Cuartel 645 - Hilera 1338</name><Style><LineStyle><color>ff00ff00</color><width>3</width></LineStyle></Style><LineString><coordinates>-70.7542416,-33.6875483,0 -70.7547983,-33.6862066,0</coordinates></LineString></Placemark><Placemark><name>Trabajado - Cuartel 645 - Hilera 1339</name><Style><LineStyle><color>ff00ff00</color><width>3</width></LineStyle></Style><LineString><coordinates>-70.7547983,-33.6862066,0 -70.7568433,-33.6867216,0</coordinates></LineString></Placemark><Placemark><name>Trabajado - Cuartel 645 - Hilera 1342</name><Style><LineStyle><color>ff00ff00</color><width>3</width></LineStyle></Style><LineString><coordinates>-70.7568116,-33.6868683,0 -70.75634043329198,-33.68677014026917,0</coordinates></LineString></Placemark><Placemark><name>Trabajado - Cuartel 645 - Hilera 1343</name><Style><LineStyle><color>ff00ff00</color><width>3</width></LineStyle></Style><LineString><coordinates>-70.75634,-33.6867716,0 -70.75469,-33.6863033,0</coordinates></LineString></Placemark><Placemark><name>Trabajado - Cuartel 645 - Hilera 1344</name><Style><LineStyle><color>ff00ff00</color><width>3</width></LineStyle></Style><LineString><coordinates>-70.75469,-33.6863033,0 -70.7548933,-33.6862533,0</coordinates></LineString></Placemark><Placemark><name>Trabajado - Cuartel 645 - Hilera 1345</name><Style><LineStyle><color>ff00ff00</color><width>3</width></LineStyle></Style><LineString><coordinates>-70.7548933,-33.6862533,0 -70.7569066,-33.6867883,0</coordinates></LineString></Placemark><Placemark><name>Trabajado - Cuartel 645 - Hilera 1347</name><Style><LineStyle><color>ff00ff00</color><width>3</width></LineStyle></Style><LineString><coordinates>-70.757,-33.6869666,0 -70.7565383,-33.686905,0</coordinates></LineString></Placemark><Placemark><name>Trabajado - Cuartel 645 - Hilera 1348</name><Style><LineStyle><color>ff00ff00</color><width>3</width></LineStyle></Style><LineString><coordinates>-70.7565383,-33.686905,0 -70.7550616,-33.6865316,0</coordinates></LineString></Placemark><Placemark><name>Trabajado - Cuartel 645 - Hilera 1349</name><Style><LineStyle><color>ff00ff00</color><width>3</width></LineStyle></Style><LineString><coordinates>-70.7550616,-33.6865316,0 -70.7545816,-33.6864466,0</coordinates></LineString></Placemark><Placemark><name>Trabajado - Cuartel 645 - Hilera 1350</name><Style><LineStyle><color>ff00ff00</color><width>3</width></LineStyle></Style><LineString><coordinates>-70.7545816,-33.6864466,0 -70.7547066,-33.68658,0</coordinates></LineString></Placemark><Placemark><name>Trabajado - Cuartel 645 - Hilera 1351</name><Style><LineStyle><color>ff00ff00</color><width>3</width></LineStyle></Style><LineString><coordinates>-70.7547066,-33.68658,0 -70.7569583,-33.6872033,0</coordinates></LineString></Placemark><Placemark><name>Trabajado - Cuartel 645 - Hilera 1353</name><Style><LineStyle><color>ff00ff00</color><width>3</width></LineStyle></Style><LineString><coordinates>-70.7569966,-33.68711,0 -70.75475580595509,-33.68650536540347,0</coordinates></LineString></Placemark><Placemark><name>Trabajado - Cuartel 645 - Hilera 1354</name><Style><LineStyle><color>ff00ff00</color><width>3</width></LineStyle></Style><LineString><coordinates>-70.7547566,-33.6865033,0 -70.754605,-33.68659,0</coordinates></LineString></Placemark><Placemark><name>Trabajado - Cuartel 645 - Hilera 1355</name><Style><LineStyle><color>ff00ff00</color><width>3</width></LineStyle></Style><LineString><coordinates>-70.754605,-33.68659,0 -70.7557833,-33.6869449,0</coordinates></LineString></Placemark><Placemark><name>Trabajado - Cuartel 645 - Hilera 1356</name><Style><LineStyle><color>ff00ff00</color><width>3</width></LineStyle></Style><LineString><coordinates>-70.7557833,-33.6869449,0 -70.7569833,-33.6872433,0</coordinates></LineString></Placemark><Placemark><name>Trabajado - Cuartel 645 - Hilera 1358</name><Style><LineStyle><color>ff00ff00</color><width>3</width></LineStyle></Style><LineString><coordinates>-70.7569266,-33.6871533,0 -70.75460263618466,-33.686504970057605,0</coordinates></LineString></Placemark><Placemark><name>Trabajado - Cuartel 645 - Hilera 1359</name><Style><LineStyle><color>ff00ff00</color><width>3</width></LineStyle></Style><LineString><coordinates>-70.7546466,-33.6867916,0 -70.7568983,-33.6874,0</coordinates></LineString></Placemark><Placemark><name>Trabajado - Cuartel 645 - Hilera 1360</name><Style><LineStyle><color>ff00ff00</color><width>3</width></LineStyle></Style><LineString><coordinates>-70.7568983,-33.6874,0 -70.7571116,-33.6874283,0</coordinates></LineString></Placemark><Placemark><name>Trabajado - Cuartel 645 - Hilera 1361</name><Style><LineStyle><color>ff00ff00</color><width>3</width></LineStyle></Style><LineString><coordinates>-70.7571116,-33.6874283,0 -70.7545783,-33.6866683,0</coordinates></LineString></Placemark><Placemark><name>Trabajado - Cuartel 645 - Hilera 1362</name><Style><LineStyle><color>ff00ff00</color><width>3</width></LineStyle></Style><LineString><coordinates>-70.754525,-33.6868233,0 -70.75653,-33.6873766,0</coordinates></LineString></Placemark><Placemark><name>Trabajado - Cuartel 645 - Hilera 1363</name><Style><LineStyle><color>ff00ff00</color><width>3</width></LineStyle></Style><LineString><coordinates>-70.75653,-33.6873766,0 -70.7571266,-33.687495,0</coordinates></LineString></Placemark><Placemark><name>Trabajado - Cuartel 645 - Hilera 1364</name><Style><LineStyle><color>ff00ff00</color><width>3</width></LineStyle></Style><LineString><coordinates>-70.7571266,-33.687495,0 -70.7546283,-33.6867783,0</coordinates></LineString></Placemark><Placemark><name>Trabajado - Cuartel 645 - Hilera 1365</name><Style><LineStyle><color>ff00ff00</color><width>3</width></LineStyle></Style><LineString><coordinates>-70.7546283,-33.6867783,0 -70.75447,-33.6869116,0</coordinates></LineString></Placemark><Placemark><name>Trabajado - Cuartel 645 - Hilera 1366</name><Style><LineStyle><color>ff00ff00</color><width>3</width></LineStyle></Style><LineString><coordinates>-70.75447,-33.6869116,0 -70.7546066,-33.6870466,0</coordinates></LineString></Placemark><Placemark><name>Trabajado - Cuartel 645 - Hilera 1367</name><Style><LineStyle><color>ff00ff00</color><width>3</width></LineStyle></Style><LineString><coordinates>-70.7546066,-33.6870466,0 -70.75592341779138,-33.687416448429516,0</coordinates></LineString></Placemark><Placemark><name>Trabajado - Cuartel 645 - Hilera 1368</name><Style><LineStyle><color>ff00ff00</color><width>3</width></LineStyle></Style><LineString><coordinates>-70.75544727210637,-33.68727115504141,0 -70.7571349,-33.6877216,0</coordinates></LineString></Placemark><Placemark><name>Trabajado - Cuartel 645 - Hilera 1370</name><Style><LineStyle><color>ff00ff00</color><width>3</width></LineStyle></Style><LineString><coordinates>-70.7570933,-33.6875833,0 -70.75468560449588,-33.68701795713301,0</coordinates></LineString></Placemark><Placemark><name>Trabajado - Cuartel 645 - Hilera 1371</name><Style><LineStyle><color>ff00ff00</color><width>3</width></LineStyle></Style><LineString><coordinates>-70.7546883,-33.6870099,0 -70.75462,-33.6871516,0</coordinates></LineString></Placemark><Placemark><name>Trabajado - Cuartel 645 - Hilera 1372</name><Style><LineStyle><color>ff00ff00</color><width>3</width></LineStyle></Style><LineString><coordinates>-70.75462,-33.6871516,0 -70.7554099,-33.6873783,0</coordinates></LineString></Placemark><Placemark><name>Trabajado - Cuartel 645 - Hilera 1373</name><Style><LineStyle><color>ff00ff00</color><width>3</width></LineStyle></Style><LineString><coordinates>-70.75443586786277,-33.68711904779534,0 -70.75731505108894,-33.68788538246795,0</coordinates></LineString></Placemark><Placemark><name>Trabajado - Cuartel 645 - Hilera 1375</name><Style><LineStyle><color>ff00ff00</color><width>3</width></LineStyle></Style><LineString><coordinates>-70.7570283,-33.6873866,0 -70.75503361165036,-33.686835285396846,0</coordinates></LineString></Placemark><Placemark><name>Trabajado - Cuartel 645 - Hilera 1376</name><Style><LineStyle><color>ff00ff00</color><width>3</width></LineStyle></Style><LineString><coordinates>-70.7550416,-33.686815,0 -70.7545333,-33.68692,0</coordinates></LineString></Placemark><Placemark><name>Trabajado - Cuartel 645 - Hilera 1377</name><Style><LineStyle><color>ff00ff00</color><width>3</width></LineStyle></Style><LineString><coordinates>-70.7545333,-33.68692,0 -70.7542033,-33.68725,0</coordinates></LineString></Placemark><Placemark><name>Trabajado - Cuartel 645 - Hilera 1378</name><Style><LineStyle><color>ff00ff00</color><width>3</width></LineStyle></Style><LineString><coordinates>-70.7542033,-33.68725,0 -70.7518433,-33.6867533,0</coordinates></LineString></Placemark><Placemark><name>Trabajado - Cuartel 645 - Hilera 1379</name><Style><LineStyle><color>ff00ff00</color><width>3</width></LineStyle></Style><LineString><coordinates>-70.7519416,-33.68728,0 -70.7515583,-33.6874683,0</coordinates></LineString></Placemark><Placemark><name>Trabajado - Cuartel 645 - Hilera 1380</name><Style><LineStyle><color>ff00ff00</color><width>3</width></LineStyle></Style><LineString><coordinates>-70.7459916,-33.6859833,0 -70.7454833,-33.686145,0</coordinates></LineString></Placemark><Placemark><name>Trabajado - Cuartel 645 - Hilera 1382</name><Style><LineStyle><color>ff00ff00</color><width>3</width></LineStyle></Style><LineString><coordinates>-70.7541783,-33.68775,0 -70.7574666,-33.6885183,0</coordinates></LineString></Placemark><Placemark><name>Trabajado - Cuartel 645 - Hilera 1383</name><Style><LineStyle><color>ff00ff00</color><width>3</width></LineStyle></Style><LineString><coordinates>-70.757395,-33.6883783,0 -70.7542716,-33.68754,0</coordinates></LineString></Placemark><Placemark><name>Trabajado - Cuartel 645 - Hilera 1384</name><Style><LineStyle><color>ff00ff00</color><width>3</width></LineStyle></Style><LineString><coordinates>-70.7543483,-33.6874416,0 -70.7573466,-33.6882183,0</coordinates></LineString></Placemark><Placemark><name>Trabajado - Cuartel 645 - Hilera 1388</name><Style><LineStyle><color>ff00ff00</color><width>3</width></LineStyle></Style><LineString><coordinates>-70.75741,-33.6881033,0 -70.7544533,-33.6873666,0</coordinates></LineString></Placemark><Placemark><name>Trabajado - Cuartel 645 - Hilera 1389</name><Style><LineStyle><color>ff00ff00</color><width>3</width></LineStyle></Style><LineString><coordinates>-70.7544533,-33.6873666,0 -70.7543533,-33.6872433,0</coordinates></LineString></Placemark><Placemark><name>Trabajado - Cuartel 645 - Hilera 1390</name><Style><LineStyle><color>ff00ff00</color><width>3</width></LineStyle></Style><LineString><coordinates>-70.7543533,-33.6872433,0 -70.75732609437124,-33.68797304569268,0</coordinates></LineString></Placemark><Placemark><name>Trabajado - Cuartel 645 - Hilera 1392</name><Style><LineStyle><color>ff00ff00</color><width>3</width></LineStyle></Style><LineString><coordinates>-70.7558183,-33.6874449,0 -70.7554716,-33.6874483,0</coordinates></LineString></Placemark><Placemark><name>Trabajado - Cuartel 645 - Hilera 1393</name><Style><LineStyle><color>ff00ff00</color><width>3</width></LineStyle></Style><LineString><coordinates>-70.7544349,-33.6871216,0 -70.754555,-33.6870149,0</coordinates></LineString></Placemark><Placemark><name>Trabajado - Cuartel 645 - Hilera 1394</name><Style><LineStyle><color>ff00ff00</color><width>3</width></LineStyle></Style><LineString><coordinates>-70.7546733,-33.687,0 -70.75603978057585,-33.68738127468122,0</coordinates></LineString></Placemark><Placemark><name>Trabajado - Cuartel 645 - Hilera 1395</name><Style><LineStyle><color>ff00ff00</color><width>3</width></LineStyle></Style><LineString><coordinates>-70.7560783,-33.6873749,0 -70.757205,-33.68768,0</coordinates></LineString></Placemark><Placemark><name>Trabajado - Cuartel 645 - Hilera 1398</name><Style><LineStyle><color>ff00ff00</color><width>3</width></LineStyle></Style><LineString><coordinates>-70.7572916,-33.688115,0 -70.7518133,-33.6867216,0</coordinates></LineString></Placemark><Placemark><name>Trabajado - Cuartel 645 - Hilera 1399</name><Style><LineStyle><color>ff00ff00</color><width>3</width></LineStyle></Style><LineString><coordinates>-70.7518133,-33.6867216,0 -70.7517816,-33.6874916,0</coordinates></LineString></Placemark><Placemark><name>Trabajado - Cuartel 645 - Hilera 1400</name><Style><LineStyle><color>ff00ff00</color><width>3</width></LineStyle></Style><LineString><coordinates>-70.74533,-33.6861133,0 -70.75151,-33.687425,0</coordinates></LineString></Placemark><Placemark><name>Trabajado - Cuartel 645 - Hilera 1401</name><Style><LineStyle><color>ff00ff00</color><width>3</width></LineStyle></Style><LineString><coordinates>-70.75151,-33.687425,0 -70.7520849,-33.6872916,0</coordinates></LineString></Placemark><Placemark><name>Trabajado - Cuartel 645 - Hilera 1402</name><Style><LineStyle><color>ff00ff00</color><width>3</width></LineStyle></Style><LineString><coordinates>-70.7520849,-33.6872916,0 -70.754185,-33.6876299,0</coordinates></LineString></Placemark><Placemark><name>Trabajado - Cuartel 645 - Hilera 1403</name><Style><LineStyle><color>ff00ff00</color><width>3</width></LineStyle></Style><LineString><coordinates>-70.7544416,-33.6871783,0 -70.7565966,-33.687745,0</coordinates></LineString></Placemark><Placemark><name>Trabajado - Cuartel 645 - Hilera 1404</name><Style><LineStyle><color>ff00ff00</color><width>3</width></LineStyle></Style><LineString><coordinates>-70.7565966,-33.687745,0 -70.7573783,-33.6880166,0</coordinates></LineString></Placemark><Placemark><name>Trabajado - Cuartel 645 - Hilera 1405</name><Style><LineStyle><color>ff00ff00</color><width>3</width></LineStyle></Style><LineString><coordinates>-70.7544183,-33.68728,0 -70.7544316,-33.6873749,0</coordinates></LineString></Placemark><Placemark><name>Trabajado - Cuartel 645 - Hilera 1406</name><Style><LineStyle><color>ff00ff00</color><width>3</width></LineStyle></Style><LineString><coordinates>-70.7544316,-33.6873749,0 -70.75745,-33.6882383,0</coordinates></LineString></Placemark><Placemark><name>Trabajado - Cuartel 645 - Hilera 1407</name><Style><LineStyle><color>ff00ff00</color><width>3</width></LineStyle></Style><LineString><coordinates>-70.75745,-33.6882383,0 -70.7542766,-33.6874799,0</coordinates></LineString></Placemark><Placemark><name>Trabajado - Cuartel 645 - Hilera 1408</name><Style><LineStyle><color>ff00ff00</color><width>3</width></LineStyle></Style><LineString><coordinates>-70.7542766,-33.6874799,0 -70.7544316,-33.6876166,0</coordinates></LineString></Placemark><Placemark><name>Trabajado - Cuartel 645 - Hilera 1409</name><Style><LineStyle><color>ff00ff00</color><width>3</width></LineStyle></Style><LineString><coordinates>-70.7544316,-33.6876166,0 -70.7548883,-33.6877549,0</coordinates></LineString></Placemark><Placemark><name>Trabajado - Cuartel 645 - Hilera 1410</name><Style><LineStyle><color>ff00ff00</color><width>3</width></LineStyle></Style><LineString><coordinates>-70.7548883,-33.6877549,0 -70.757495,-33.6884566,0</coordinates></LineString></Placemark><Placemark><name>Trabajado - Cuartel 645 - Hilera 1412</name><Style><LineStyle><color>ff00ff00</color><width>3</width></LineStyle></Style><LineString><coordinates>-70.7542316,-33.68771,0 -70.7542483,-33.6878183,0</coordinates></LineString></Placemark><Placemark><name>Trabajado - Cuartel 645 - Hilera 1413</name><Style><LineStyle><color>ff00ff00</color><width>3</width></LineStyle></Style><LineString><coordinates>-70.7542483,-33.6878183,0 -70.7575683,-33.688665,0</coordinates></LineString></Placemark><Placemark><name>Trabajado - Cuartel 645 - Hilera 1414</name><Style><LineStyle><color>ff00ff00</color><width>3</width></LineStyle></Style><LineString><coordinates>-70.7575683,-33.688665,0 -70.754265,-33.6879099,0</coordinates></LineString></Placemark><Placemark><name>Trabajado - Cuartel 645 - Hilera 1415</name><Style><LineStyle><color>ff00ff00</color><width>3</width></LineStyle></Style><LineString><coordinates>-70.754265,-33.6879099,0 -70.7538933,-33.6875816,0</coordinates></LineString></Placemark><Placemark><name>Trabajado - Cuartel 645 - Hilera 1416</name><Style><LineStyle><color>ff00ff00</color><width>3</width></LineStyle></Style><LineString><coordinates>-70.7538933,-33.6875816,0 -70.751895,-33.687145,0</coordinates></LineString></Placemark><Placemark><name>Trabajado - Cuartel 645 - Hilera 1417</name><Style><LineStyle><color>ff00ff00</color><width>3</width></LineStyle></Style><LineString><coordinates>-70.7519299,-33.6872433,0 -70.7513533,-33.6873049,0</coordinates></LineString></Placemark><Placemark><name>Trabajado - Cuartel 645 - Hilera 1418</name><Style><LineStyle><color>ff00ff00</color><width>3</width></LineStyle></Style><LineString><coordinates>-70.7513533,-33.6873049,0 -70.7451433,-33.6854716,0</coordinates></LineString></Placemark><Placemark><name>Descartado (grupo chico) - Hilera 653</name><Style><LineStyle><color>ff00ffff</color><width>3</width></LineStyle></Style><LineString><coordinates>-70.7552783,-33.6885083,0 -70.7551616,-33.6885233,0</coordinates></LineString></Placemark><Placemark><name>Descartado (grupo chico) - Hilera 669</name><Style><LineStyle><color>ff00ffff</color><width>3</width></LineStyle></Style><LineString><coordinates>-70.7551683,-33.6889716,0 -70.7552683,-33.6889483,0</coordinates></LineString></Placemark><Placemark><name>Descartado (grupo chico) - Hilera 687</name><Style><LineStyle><color>ff00ffff</color><width>3</width></LineStyle></Style><LineString><coordinates>-70.7551566,-33.689385,0 -70.75529,-33.6893416,0</coordinates></LineString></Placemark><Placemark><name>Descartado (grupo chico) - Hilera 659</name><Style><LineStyle><color>ff00ffff</color><width>3</width></LineStyle></Style><LineString><coordinates>-70.75524309833332,-33.68878437981114,0 -70.7552716,-33.6886166,0</coordinates></LineString></Placemark><Placemark><name>Descartado (grupo chico) - Hilera 665</name><Style><LineStyle><color>ff00ffff</color><width>3</width></LineStyle></Style><LineString><coordinates>-70.7551866,-33.6889316,0 -70.755065,-33.6888099,0</coordinates></LineString></Placemark><Placemark><name>Descartado (grupo chico) - Hilera 674</name><Style><LineStyle><color>ff00ffff</color><width>3</width></LineStyle></Style><LineString><coordinates>-70.7551549,-33.689195,0 -70.7550866,-33.6890133,0</coordinates></LineString></Placemark><Placemark><name>Descartado (grupo chico) - Hilera 691</name><Style><LineStyle><color>ff00ffff</color><width>3</width></LineStyle></Style><LineString><coordinates>-70.7537816,-33.6891066,0 -70.75435,-33.68975,0</coordinates></LineString></Placemark><Placemark><name>Descartado (grupo chico) - Hilera 693</name><Style><LineStyle><color>ff00ffff</color><width>3</width></LineStyle></Style><LineString><coordinates>-70.7551299,-33.6899566,0 -70.7552983,-33.6899133,0</coordinates></LineString></Placemark><Placemark><name>Trabajado - Cuartel 707 - Hilera 707</name><Style><LineStyle><color>ff00ff00</color><width>3</width></LineStyle></Style><LineString><coordinates>-70.7552766,-33.6899333,0 -70.7551483,-33.6897566,0</coordinates></LineString></Placemark><Placemark><name>Trabajado - Cuartel 707 - Hilera 711</name><Style><LineStyle><color>ff00ff00</color><width>3</width></LineStyle></Style><LineString><coordinates>-70.75531,-33.690045,0 -70.7552583,-33.6899499,0</coordinates></LineString></Placemark><Placemark><name>Trabajado - Cuartel 707 - Hilera 724</name><Style><LineStyle><color>ff00ff00</color><width>3</width></LineStyle></Style><LineString><coordinates>-70.7552633,-33.6903616,0 -70.7551333,-33.690225,0</coordinates></LineString></Placemark><Placemark><name>Trabajado - Cuartel 707 - Hilera 732</name><Style><LineStyle><color>ff00ff00</color><width>3</width></LineStyle></Style><LineString><coordinates>-70.7552916,-33.6906133,0 -70.7551683,-33.69045,0</coordinates></LineString></Placemark><Placemark><name>Trabajado - Cuartel 707 - Hilera 785</name><Style><LineStyle><color>ff00ff00</color><width>3</width></LineStyle></Style><LineString><coordinates>-70.7552933,-33.6910433,0 -70.7552216,-33.6909349,0</coordinates></LineString></Placemark><Placemark><name>Trabajado - Cuartel 707 - Hilera 789</name><Style><LineStyle><color>ff00ff00</color><width>3</width></LineStyle></Style><LineString><coordinates>-70.7553116,-33.6912316,0 -70.7552916,-33.6911316,0</coordinates></LineString></Placemark><Placemark><name>Trabajado - Cuartel 707 - Hilera 796</name><Style><LineStyle><color>ff00ff00</color><width>3</width></LineStyle></Style><LineString><coordinates>-70.7553316,-33.6914316,0 -70.755245,-33.6913516,0</coordinates></LineString></Placemark><Placemark><name>Trabajado - Cuartel 707 - Hilera 808</name><Style><LineStyle><color>ff00ff00</color><width>3</width></LineStyle></Style><LineString><coordinates>-70.7552966,-33.691755,0 -70.7552983,-33.6916716,0</coordinates></LineString></Placemark><Placemark><name>Trabajado - Cuartel 707 - Hilera 821</name><Style><LineStyle><color>ff00ff00</color><width>3</width></LineStyle></Style><LineString><coordinates>-70.7553716,-33.6919233,0 -70.7553433,-33.6918433,0</coordinates></LineString></Placemark><Placemark><name>Trabajado - Cuartel 707 - Hilera 825</name><Style><LineStyle><color>ff00ff00</color><width>3</width></LineStyle></Style><LineString><coordinates>-70.7553016,-33.6920416,0 -70.7552233,-33.6918716,0</coordinates></LineString></Placemark><Placemark><name>Descartado (grupo chico) - Hilera 715</name><Style><LineStyle><color>ff00ffff</color><width>3</width></LineStyle></Style><LineString><coordinates>-70.7551533,-33.6901166,0 -70.755135,-33.6898883,0</coordinates></LineString></Placemark><Placemark><name>Descartado (grupo chico) - Hilera 728</name><Style><LineStyle><color>ff00ffff</color><width>3</width></LineStyle></Style><LineString><coordinates>-70.7552533,-33.6905683,0 -70.75529,-33.6904583,0</coordinates></LineString></Placemark><Placemark><name>Descartado (grupo chico) - Hilera 736</name><Style><LineStyle><color>ff00ffff</color><width>3</width></LineStyle></Style><LineString><coordinates>-70.7552066,-33.690805,0 -70.7552566,-33.6907016,0</coordinates></LineString></Placemark><Placemark><name>Descartado (grupo chico) - Hilera 771</name><Style><LineStyle><color>ff00ffff</color><width>3</width></LineStyle></Style><LineString><coordinates>-70.7552133,-33.6907716,0 -70.7552949,-33.6906783,0</coordinates></LineString></Placemark><Placemark><name>Descartado (grupo chico) - Hilera 776</name><Style><LineStyle><color>ff00ffff</color><width>3</width></LineStyle></Style><LineString><coordinates>-70.7551516,-33.6908016,0 -70.7553116,-33.6907433,0</coordinates></LineString></Placemark><Placemark><name>Descartado (grupo chico) - Hilera 781</name><Style><LineStyle><color>ff00ffff</color><width>3</width></LineStyle></Style><LineString><coordinates>-70.755245,-33.691015,0 -70.7553416,-33.6909533,0</coordinates></LineString></Placemark><Placemark><name>Descartado (grupo chico) - Hilera 744</name><Style><LineStyle><color>ff00ffff</color><width>3</width></LineStyle></Style><LineString><coordinates>-70.7454833,-33.6860816,0 -70.74462,-33.6848066,0</coordinates></LineString></Placemark><Placemark><name>Descartado (grupo chico) - Hilera 752</name><Style><LineStyle><color>ff00ffff</color><width>3</width></LineStyle></Style><LineString><coordinates>-70.7453883,-33.6861616,0 -70.7424783,-33.68533,0</coordinates></LineString></Placemark><Placemark><name>Descartado (grupo chico) - Hilera 758</name><Style><LineStyle><color>ff00ffff</color><width>3</width></LineStyle></Style><LineString><coordinates>-70.74531,-33.6861583,0 -70.7460933,-33.6837499,0</coordinates></LineString></Placemark><Placemark><name>Descartado (grupo chico) - Hilera 803</name><Style><LineStyle><color>ff00ffff</color><width>3</width></LineStyle></Style><LineString><coordinates>-70.7550966,-33.6916533,0 -70.7552883,-33.6915883,0</coordinates></LineString></Placemark><Placemark><name>Descartado (grupo chico) - Hilera 820</name><Style><LineStyle><color>ff00ffff</color><width>3</width></LineStyle></Style><LineString><coordinates>-70.7551924502226,-33.692050615775116,0 -70.7553716,-33.6919233,0</coordinates></LineString></Placemark><Placemark><name>Descartado (grupo chico) - Hilera 829</name><Style><LineStyle><color>ff00ffff</color><width>3</width></LineStyle></Style><LineString><coordinates>-70.7553483,-33.6919416,0 -70.75512,-33.6918733,0</coordinates></LineString></Placemark><Placemark><name>Descartado (grupo chico) - Hilera 848</name><Style><LineStyle><color>ff00ffff</color><width>3</width></LineStyle></Style><LineString><coordinates>-70.7516066,-33.6912716,0 -70.75167,-33.6912066,0</coordinates></LineString></Placemark><Placemark><name>Descartado (grupo chico) - Hilera 851</name><Style><LineStyle><color>ff00ffff</color><width>3</width></LineStyle></Style><LineString><coordinates>-70.7496533,-33.6903549,0 -70.7494133,-33.690385,0</coordinates></LineString></Placemark><Placemark><name>Trabajado - Cuartel 855 - Hilera 855</name><Style><LineStyle><color>ff00ff00</color><width>3</width></LineStyle></Style><LineString><coordinates>-70.7495516,-33.6902933,0 -70.749575,-33.69039,0</coordinates></LineString></Placemark><Placemark><name>Trabajado - Cuartel 855 - Hilera 860</name><Style><LineStyle><color>ff00ff00</color><width>3</width></LineStyle></Style><LineString><coordinates>-70.7496,-33.69012,0 -70.7493399,-33.6903783,0</coordinates></LineString></Placemark><Placemark><name>Trabajado - Cuartel 855 - Hilera 861</name><Style><LineStyle><color>ff00ff00</color><width>3</width></LineStyle></Style><LineString><coordinates>-70.749425,-33.69032,0 -70.74962722855447,-33.68982560951949,0</coordinates></LineString></Placemark><Placemark><name>Trabajado - Cuartel 855 - Hilera 865</name><Style><LineStyle><color>ff00ff00</color><width>3</width></LineStyle></Style><LineString><coordinates>-70.74958591322076,-33.69014309896625,0 -70.7496116,-33.6897766,0</coordinates></LineString></Placemark><Placemark><name>Trabajado - Cuartel 855 - Hilera 879</name><Style><LineStyle><color>ff00ff00</color><width>3</width></LineStyle></Style><LineString><coordinates>-70.7496183,-33.6898933,0 -70.749545,-33.6899883,0</coordinates></LineString></Placemark><Placemark><name>Trabajado - Cuartel 855 - Hilera 887</name><Style><LineStyle><color>ff00ff00</color><width>3</width></LineStyle></Style><LineString><coordinates>-70.74963,-33.6896433,0 -70.7495816,-33.6897166,0</coordinates></LineString></Placemark><Placemark><name>Descartado (grupo chico) - Hilera 866</name><Style><LineStyle><color>ff00ffff</color><width>3</width></LineStyle></Style><LineString><coordinates>-70.7496116,-33.6897766,0 -70.7495083,-33.689665,0</coordinates></LineString></Placemark><Placemark><name>Descartado (grupo chico) - Hilera 868</name><Style><LineStyle><color>ff00ffff</color><width>3</width></LineStyle></Style><LineString><coordinates>-70.7487266,-33.6894266,0 -70.7496333,-33.6869566,0</coordinates></LineString></Placemark><Placemark><name>Descartado (grupo chico) - Hilera 1000</name><Style><LineStyle><color>ff00ffff</color><width>3</width></LineStyle></Style><LineString><coordinates>-70.7517983,-33.6882199,0 -70.7518899,-33.6882883,0</coordinates></LineString></Placemark><Placemark><name>Descartado (grupo chico) - Hilera 1056</name><Style><LineStyle><color>ff00ffff</color><width>3</width></LineStyle></Style><LineString><coordinates>-70.7452616,-33.6866583,0 -70.7472666,-33.6872483,0</coordinates></LineString></Placemark><Placemark><name>Descartado (grupo chico) - Hilera 1081</name><Style><LineStyle><color>ff00ffff</color><width>3</width></LineStyle></Style><LineString><coordinates>-70.7453066,-33.6872516,0 -70.7454716,-33.6873833,0</coordinates></LineString></Placemark><Placemark><name>Descartado (grupo chico) - Hilera 1118</name><Style><LineStyle><color>ff00ffff</color><width>3</width></LineStyle></Style><LineString><coordinates>-70.7453416,-33.6877416,0 -70.7452783,-33.68782,0</coordinates></LineString></Placemark><Placemark><name>Descartado (grupo chico) - Hilera 1130</name><Style><LineStyle><color>ff00ffff</color><width>3</width></LineStyle></Style><LineString><coordinates>-70.7454316,-33.6881833,0 -70.7452566,-33.6882466,0</coordinates></LineString></Placemark><Placemark><name>Descartado (grupo chico) - Hilera 1153</name><Style><LineStyle><color>ff00ffff</color><width>3</width></LineStyle></Style><LineString><coordinates>-70.745245,-33.6887483,0 -70.745385,-33.6886833,0</coordinates></LineString></Placemark><Placemark><name>Descartado (grupo chico) - Hilera 1155</name><Style><LineStyle><color>ff00ffff</color><width>3</width></LineStyle></Style><LineString><coordinates>-70.746305,-33.688905,0 -70.746255,-33.6890166,0</coordinates></LineString></Placemark><Placemark><name>Descartado (grupo chico) - Hilera 1170</name><Style><LineStyle><color>ff00ffff</color><width>3</width></LineStyle></Style><LineString><coordinates>-70.75194,-33.68709,0 -70.7520266,-33.6872166,0</coordinates></LineString></Placemark><Placemark><name>Descartado (grupo chico) - Hilera 1196</name><Style><LineStyle><color>ff00ffff</color><width>3</width></LineStyle></Style><LineString><coordinates>-70.75177,-33.68645,0 -70.7519533,-33.6863866,0</coordinates></LineString></Placemark><Placemark><name>Descartado (grupo chico) - Hilera 1234</name><Style><LineStyle><color>ff00ffff</color><width>3</width></LineStyle></Style><LineString><coordinates>-70.75168,-33.685905,0 -70.7518999,-33.6858583,0</coordinates></LineString></Placemark><Placemark><name>Descartado (grupo chico) - Hilera 1249</name><Style><LineStyle><color>ff00ffff</color><width>3</width></LineStyle></Style><LineString><coordinates>-70.7515933,-33.6856599,0 -70.7517083,-33.6856316,0</coordinates></LineString></Placemark><Placemark><name>Descartado (grupo chico) - Hilera 1266</name><Style><LineStyle><color>ff00ffff</color><width>3</width></LineStyle></Style><LineString><coordinates>-70.75155,-33.6854116,0 -70.7516683,-33.6853616,0</coordinates></LineString></Placemark><Placemark><name>Descartado (grupo chico) - Hilera 1300</name><Style><LineStyle><color>ff00ffff</color><width>3</width></LineStyle></Style><LineString><coordinates>-70.7547816,-33.6857583,0 -70.7549233,-33.68571,0</coordinates></LineString></Placemark><Placemark><name>Trabajado - Cuartel 1305 - Hilera 1305</name><Style><LineStyle><color>ff00ff00</color><width>3</width></LineStyle></Style><LineString><coordinates>-70.7565966,-33.6864733,0 -70.75653,-33.6863,0</coordinates></LineString></Placemark><Placemark><name>Trabajado - Cuartel 1305 - Hilera 1315</name><Style><LineStyle><color>ff00ff00</color><width>3</width></LineStyle></Style><LineString><coordinates>-70.75657,-33.686775,0 -70.7565516,-33.6865616,0</coordinates></LineString></Placemark><Placemark><name>Trabajado - Cuartel 1305 - Hilera 1340</name><Style><LineStyle><color>ff00ff00</color><width>3</width></LineStyle></Style><LineString><coordinates>-70.7568433,-33.6867216,0 -70.7569366,-33.6868033,0</coordinates></LineString></Placemark><Placemark><name>Trabajado - Cuartel 1305 - Hilera 1346</name><Style><LineStyle><color>ff00ff00</color><width>3</width></LineStyle></Style><LineString><coordinates>-70.7569066,-33.6867883,0 -70.757,-33.6869666,0</coordinates></LineString></Placemark><Placemark><name>Trabajado - Cuartel 1305 - Hilera 1357</name><Style><LineStyle><color>ff00ff00</color><width>3</width></LineStyle></Style><LineString><coordinates>-70.7569833,-33.6872433,0 -70.7569266,-33.6871533,0</coordinates></LineString></Placemark><Placemark><name>Trabajado - Cuartel 1305 - Hilera 1369</name><Style><LineStyle><color>ff00ff00</color><width>3</width></LineStyle></Style><LineString><coordinates>-70.7571349,-33.6877216,0 -70.7570933,-33.6875833,0</coordinates></LineString></Placemark><Placemark><name>Trabajado - Cuartel 1305 - Hilera 1374</name><Style><LineStyle><color>ff00ff00</color><width>3</width></LineStyle></Style><LineString><coordinates>-70.75747161007703,-33.6885169208829,0 -70.7570283,-33.6873866,0</coordinates></LineString></Placemark><Placemark><name>Trabajado - Cuartel 1305 - Hilera 1385</name><Style><LineStyle><color>ff00ff00</color><width>3</width></LineStyle></Style><LineString><coordinates>-70.7573466,-33.6882183,0 -70.7573533,-33.6881166,0</coordinates></LineString></Placemark><Placemark><name>Trabajado - Cuartel 1305 - Hilera 1387</name><Style><LineStyle><color>ff00ff00</color><width>3</width></LineStyle></Style><LineString><coordinates>-70.7574216,-33.6880116,0 -70.75741,-33.6881033,0</coordinates></LineString></Placemark><Placemark><name>Trabajado - Cuartel 1305 - Hilera 1391</name><Style><LineStyle><color>ff00ff00</color><width>3</width></LineStyle></Style><LineString><coordinates>-70.7573266,-33.6879716,0 -70.7573133,-33.68789,0</coordinates></LineString></Placemark><Placemark><name>Trabajado - Cuartel 1305 - Hilera 1396</name><Style><LineStyle><color>ff00ff00</color><width>3</width></LineStyle></Style><LineString><coordinates>-70.757205,-33.68768,0 -70.7573166,-33.6879633,0</coordinates></LineString></Placemark><Placemark><name>Trabajado - Cuartel 1305 - Hilera 1397</name><Style><LineStyle><color>ff00ff00</color><width>3</width></LineStyle></Style><LineString><coordinates>-70.7573166,-33.6879633,0 -70.7572916,-33.688115,0</coordinates></LineString></Placemark><Placemark><name>Descartado (grupo chico) - Hilera 1309</name><Style><LineStyle><color>ff00ffff</color><width>3</width></LineStyle></Style><LineString><coordinates>-70.7548566,-33.6859516,0 -70.754975,-33.6860883,0</coordinates></LineString></Placemark><Placemark><name>Descartado (grupo chico) - Hilera 1311</name><Style><LineStyle><color>ff00ffff</color><width>3</width></LineStyle></Style><LineString><coordinates>-70.755875,-33.686415,0 -70.7559283,-33.6864966,0</coordinates></LineString></Placemark><Placemark><name>Descartado (grupo chico) - Hilera 1312</name><Style><LineStyle><color>ff00ffff</color><width>3</width></LineStyle></Style><LineString><coordinates>-70.7559283,-33.6864966,0 -70.7558799,-33.686585,0</coordinates></LineString></Placemark><Placemark><name>Descartado (grupo chico) - Hilera 1320</name><Style><LineStyle><color>ff00ffff</color><width>3</width></LineStyle></Style><LineString><coordinates>-70.7567666,-33.6867199,0 -70.7566849,-33.6867766,0</coordinates></LineString></Placemark><Placemark><name>Descartado (grupo chico) - Hilera 1341</name><Style><LineStyle><color>ff00ffff</color><width>3</width></LineStyle></Style><LineString><coordinates>-70.7569366,-33.6868033,0 -70.7568116,-33.6868683,0</coordinates></LineString></Placemark><Placemark><name>Descartado (grupo chico) - Hilera 1352</name><Style><LineStyle><color>ff00ffff</color><width>3</width></LineStyle></Style><LineString><coordinates>-70.7569583,-33.6872033,0 -70.7569966,-33.68711,0</coordinates></LineString></Placemark><Placemark><name>Descartado (grupo chico) - Hilera 1381</name><Style><LineStyle><color>ff00ffff</color><width>3</width></LineStyle></Style><LineString><coordinates>-70.7575416,-33.6886633,0 -70.756005,-33.6882033,0</coordinates></LineString></Placemark><Placemark><name>Descartado (grupo chico) - Hilera 1386</name><Style><LineStyle><color>ff00ffff</color><width>3</width></LineStyle></Style><LineString><coordinates>-70.7573533,-33.6881166,0 -70.7574283,-33.688055,0</coordinates></LineString></Placemark><Placemark><name>Descartado (grupo chico) - Hilera 1411</name><Style><LineStyle><color>ff00ffff</color><width>3</width></LineStyle></Style><LineString><coordinates>-70.757495,-33.6884566,0 -70.757415,-33.688545,0</coordinates></LineString></Placemark><Placemark><name>Descartado (grupo chico) - Hilera 1419</name><Style><LineStyle><color>ff00ffff</color><width>3</width></LineStyle></Style><LineString><coordinates>-70.7451433,-33.6854716,0 -70.7385116,-33.6578866,0</coordinates></LineString></Placemark><Placemark><name>Trabajado - Cuartel 1421 - Hilera 1421</name><Style><LineStyle><color>ff00ff00</color><width>3</width></LineStyle></Style><LineString><coordinates>-70.7376283,-33.6562266,0 -70.73381263765995,-33.655985093403544,0</coordinates></LineString></Placemark><Placemark><name>Trabajado - Cuartel 1421 - Hilera 1423</name><Style><LineStyle><color>ff00ff00</color><width>3</width></LineStyle></Style><LineString><coordinates>-70.7337966,-33.65606,0 -70.73762392124742,-33.656325309908866,0</coordinates></LineString></Placemark><Placemark><name>Trabajado - Cuartel 1421 - Hilera 1425</name><Style><LineStyle><color>ff00ff00</color><width>3</width></LineStyle></Style><LineString><coordinates>-70.7376083,-33.6561216,0 -70.7365583,-33.6560016,0</coordinates></LineString></Placemark><Placemark><name>Trabajado - Cuartel 1421 - Hilera 1426</name><Style><LineStyle><color>ff00ff00</color><width>3</width></LineStyle></Style><LineString><coordinates>-70.7365583,-33.6560016,0 -70.73591,-33.6559666,0</coordinates></LineString></Placemark><Placemark><name>Trabajado - Cuartel 1421 - Hilera 1427</name><Style><LineStyle><color>ff00ff00</color><width>3</width></LineStyle></Style><LineString><coordinates>-70.7359083,-33.6559683,0 -70.733985,-33.6558266,0</coordinates></LineString></Placemark><Placemark><name>Trabajado - Cuartel 1421 - Hilera 1430</name><Style><LineStyle><color>ff00ff00</color><width>3</width></LineStyle></Style><LineString><coordinates>-70.7338599,-33.6561966,0 -70.7348033,-33.6562833,0</coordinates></LineString></Placemark><Placemark><name>Trabajado - Cuartel 1421 - Hilera 1431</name><Style><LineStyle><color>ff00ff00</color><width>3</width></LineStyle></Style><LineString><coordinates>-70.7348033,-33.6562833,0 -70.7376783,-33.656355,0</coordinates></LineString></Placemark><Placemark><name>Trabajado - Cuartel 1421 - Hilera 1436</name><Style><LineStyle><color>ff00ff00</color><width>3</width></LineStyle></Style><LineString><coordinates>-70.7376766,-33.6560816,0 -70.7375199,-33.6559566,0</coordinates></LineString></Placemark><Placemark><name>Trabajado - Cuartel 1421 - Hilera 1437</name><Style><LineStyle><color>ff00ff00</color><width>3</width></LineStyle></Style><LineString><coordinates>-70.7375199,-33.6559566,0 -70.7372866,-33.6559083,0</coordinates></LineString></Placemark><Placemark><name>Trabajado - Cuartel 1421 - Hilera 1438</name><Style><LineStyle><color>ff00ff00</color><width>3</width></LineStyle></Style><LineString><coordinates>-70.73739404203103,-33.65591525784237,0 -70.7339666,-33.6556933,0</coordinates></LineString></Placemark><Placemark><name>Trabajado - Cuartel 1421 - Hilera 1440</name><Style><LineStyle><color>ff00ff00</color><width>3</width></LineStyle></Style><LineString><coordinates>-70.7338049,-33.6556083,0 -70.7360344766783,-33.65566583375082,0</coordinates></LineString></Placemark><Placemark><name>Trabajado - Cuartel 1421 - Hilera 1441</name><Style><LineStyle><color>ff00ff00</color><width>3</width></LineStyle></Style><LineString><coordinates>-70.73535549233036,-33.65564206293743,0 -70.73744217859866,-33.65575767005185,0</coordinates></LineString></Placemark><Placemark><name>Trabajado - Cuartel 1421 - Hilera 1443</name><Style><LineStyle><color>ff00ff00</color><width>3</width></LineStyle></Style><LineString><coordinates>-70.7374633,-33.655705,0 -70.7373616,-33.6556516,0</coordinates></LineString></Placemark><Placemark><name>Trabajado - Cuartel 1421 - Hilera 1444</name><Style><LineStyle><color>ff00ff00</color><width>3</width></LineStyle></Style><LineString><coordinates>-70.7373616,-33.6556516,0 -70.736765,-33.6556333,0</coordinates></LineString></Placemark><Placemark><name>Trabajado - Cuartel 1421 - Hilera 1445</name><Style><LineStyle><color>ff00ff00</color><width>3</width></LineStyle></Style><LineString><coordinates>-70.736765,-33.6556333,0 -70.7338016,-33.6554366,0</coordinates></LineString></Placemark><Placemark><name>Trabajado - Cuartel 1421 - Hilera 1447</name><Style><LineStyle><color>ff00ff00</color><width>3</width></LineStyle></Style><LineString><coordinates>-70.7338533,-33.6553466,0 -70.73739110069276,-33.65550760060075,0</coordinates></LineString></Placemark><Placemark><name>Trabajado - Cuartel 1421 - Hilera 1449</name><Style><LineStyle><color>ff00ff00</color><width>3</width></LineStyle></Style><LineString><coordinates>-70.7373183,-33.6554066,0 -70.7372199,-33.6553499,0</coordinates></LineString></Placemark><Placemark><name>Trabajado - Cuartel 1421 - Hilera 1450</name><Style><LineStyle><color>ff00ff00</color><width>3</width></LineStyle></Style><LineString><coordinates>-70.7372199,-33.6553499,0 -70.73607,-33.655235,0</coordinates></LineString></Placemark><Placemark><name>Trabajado - Cuartel 1421 - Hilera 1451</name><Style><LineStyle><color>ff00ff00</color><width>3</width></LineStyle></Style><LineString><coordinates>-70.73607,-33.655235,0 -70.7339566,-33.6551083,0</coordinates></LineString></Placemark><Placemark><name>Trabajado - Cuartel 1421 - Hilera 1453</name><Style><LineStyle><color>ff00ff00</color><width>3</width></LineStyle></Style><LineString><coordinates>-70.7338999,-33.6550083,0 -70.7372233,-33.6552266,0</coordinates></LineString></Placemark><Placemark><name>Trabajado - Cuartel 1421 - Hilera 1455</name><Style><LineStyle><color>ff00ff00</color><width>3</width></LineStyle></Style><LineString><coordinates>-70.737135,-33.65536,0 -70.7339049,-33.6551466,0</coordinates></LineString></Placemark><Placemark><name>Trabajado - Cuartel 1421 - Hilera 1457</name><Style><LineStyle><color>ff00ff00</color><width>3</width></LineStyle></Style><LineString><coordinates>-70.7339116,-33.65493,0 -70.7370183,-33.6550949,0</coordinates></LineString></Placemark><Placemark><name>Trabajado - Cuartel 1421 - Hilera 1458</name><Style><LineStyle><color>ff00ff00</color><width>3</width></LineStyle></Style><LineString><coordinates>-70.7370183,-33.6550949,0 -70.7344766,-33.6548766,0</coordinates></LineString></Placemark><Placemark><name>Trabajado - Cuartel 1421 - Hilera 1461</name><Style><LineStyle><color>ff00ff00</color><width>3</width></LineStyle></Style><LineString><coordinates>-70.7337816,-33.6562433,0 -70.7338616,-33.656315,0</coordinates></LineString></Placemark><Placemark><name>Trabajado - Cuartel 1421 - Hilera 1462</name><Style><LineStyle><color>ff00ff00</color><width>3</width></LineStyle></Style><LineString><coordinates>-70.7338616,-33.656315,0 -70.73509461318734,-33.65633096615833,0</coordinates></LineString></Placemark><Placemark><name>Trabajado - Cuartel 1421 - Hilera 1463</name><Style><LineStyle><color>ff00ff00</color><width>3</width></LineStyle></Style><LineString><coordinates>-70.73502,-33.65633,0 -70.7343833,-33.6565066,0</coordinates></LineString></Placemark><Placemark><name>Trabajado - Cuartel 1421 - Hilera 1464</name><Style><LineStyle><color>ff00ff00</color><width>3</width></LineStyle></Style><LineString><coordinates>-70.7343833,-33.6565066,0 -70.7337833,-33.6564599,0</coordinates></LineString></Placemark><Placemark><name>Trabajado - Cuartel 1421 - Hilera 1466</name><Style><LineStyle><color>ff00ff00</color><width>3</width></LineStyle></Style><LineString><coordinates>-70.7338316,-33.656585,0 -70.7341916,-33.6565733,0</coordinates></LineString></Placemark><Placemark><name>Trabajado - Cuartel 1421 - Hilera 1467</name><Style><LineStyle><color>ff00ff00</color><width>3</width></LineStyle></Style><LineString><coordinates>-70.7341916,-33.6565733,0 -70.737635,-33.6562566,0</coordinates></LineString></Placemark><Placemark><name>Trabajado - Cuartel 1421 - Hilera 1468</name><Style><LineStyle><color>ff00ff00</color><width>3</width></LineStyle></Style><LineString><coordinates>-70.7375816,-33.6561566,0 -70.7365316,-33.65612,0</coordinates></LineString></Placemark><Placemark><name>Trabajado - Cuartel 1421 - Hilera 1469</name><Style><LineStyle><color>ff00ff00</color><width>3</width></LineStyle></Style><LineString><coordinates>-70.7365316,-33.65612,0 -70.7339166,-33.6559216,0</coordinates></LineString></Placemark><Placemark><name>Trabajado - Cuartel 1421 - Hilera 1471</name><Style><LineStyle><color>ff00ff00</color><width>3</width></LineStyle></Style><LineString><coordinates>-70.7337533,-33.65654,0 -70.7339466,-33.6566016,0</coordinates></LineString></Placemark><Placemark><name>Trabajado - Cuartel 1421 - Hilera 1472</name><Style><LineStyle><color>ff00ff00</color><width>3</width></LineStyle></Style><LineString><coordinates>-70.7339466,-33.6566016,0 -70.7376833,-33.65636,0</coordinates></LineString></Placemark><Placemark><name>Trabajado - Cuartel 1421 - Hilera 1476</name><Style><LineStyle><color>ff00ff00</color><width>3</width></LineStyle></Style><LineString><coordinates>-70.737545,-33.6559966,0 -70.7338916,-33.6557716,0</coordinates></LineString></Placemark><Placemark><name>Trabajado - Cuartel 1421 - Hilera 1478</name><Style><LineStyle><color>ff00ff00</color><width>3</width></LineStyle></Style><LineString><coordinates>-70.7338049,-33.6556966,0 -70.73569,-33.65575,0</coordinates></LineString></Placemark><Placemark><name>Trabajado - Cuartel 1421 - Hilera 1480</name><Style><LineStyle><color>ff00ff00</color><width>3</width></LineStyle></Style><LineString><coordinates>-70.7357633,-33.65583,0 -70.7358783,-33.6558083,0</coordinates></LineString></Placemark><Placemark><name>Trabajado - Cuartel 1421 - Hilera 1483</name><Style><LineStyle><color>ff00ff00</color><width>3</width></LineStyle></Style><LineString><coordinates>-70.73559,-33.6556866,0 -70.7340283,-33.65558,0</coordinates></LineString></Placemark><Placemark><name>Trabajado - Cuartel 1421 - Hilera 1487</name><Style><LineStyle><color>ff00ff00</color><width>3</width></LineStyle></Style><LineString><coordinates>-70.7338933,-33.6554216,0 -70.73741,-33.65559,0</coordinates></LineString></Placemark><Placemark><name>Trabajado - Cuartel 1421 - Hilera 1489</name><Style><LineStyle><color>ff00ff00</color><width>3</width></LineStyle></Style><LineString><coordinates>-70.73739169453107,-33.65549884580965,0 -70.73393328728002,-33.65528118381483,0</coordinates></LineString></Placemark><Placemark><name>Trabajado - Cuartel 1421 - Hilera 1491</name><Style><LineStyle><color>ff00ff00</color><width>3</width></LineStyle></Style><LineString><coordinates>-70.733915,-33.655175,0 -70.737355,-33.6553833,0</coordinates></LineString></Placemark><Placemark><name>Trabajado - Cuartel 1421 - Hilera 1496</name><Style><LineStyle><color>ff00ff00</color><width>3</width></LineStyle></Style><LineString><coordinates>-70.733965,-33.6553116,0 -70.7374383,-33.6555683,0</coordinates></LineString></Placemark><Placemark><name>Trabajado - Cuartel 1421 - Hilera 1509</name><Style><LineStyle><color>ff00ff00</color><width>3</width></LineStyle></Style><LineString><coordinates>-70.737485,-33.6560566,0 -70.73383,-33.65588,0</coordinates></LineString></Placemark><Placemark><name>Trabajado - Cuartel 1421 - Hilera 1510</name><Style><LineStyle><color>ff00ff00</color><width>3</width></LineStyle></Style><LineString><coordinates>-70.7345216,-33.6560383,0 -70.7350916,-33.6561083,0</coordinates></LineString></Placemark><Placemark><name>Trabajado - Cuartel 1421 - Hilera 1511</name><Style><LineStyle><color>ff00ff00</color><width>3</width></LineStyle></Style><LineString><coordinates>-70.7350916,-33.6561083,0 -70.73578821415747,-33.65613021514368,0</coordinates></LineString></Placemark><Placemark><name>Trabajado - Cuartel 1421 - Hilera 1512</name><Style><LineStyle><color>ff00ff00</color><width>3</width></LineStyle></Style><LineString><coordinates>-70.7357883,-33.6561283,0 -70.73748727757331,-33.65626708474163,0</coordinates></LineString></Placemark><Placemark><name>Trabajado - Cuartel 1421 - Hilera 1514</name><Style><LineStyle><color>ff00ff00</color><width>3</width></LineStyle></Style><LineString><coordinates>-70.7372966,-33.6552816,0 -70.7365916,-33.655195,0</coordinates></LineString></Placemark><Placemark><name>Trabajado - Cuartel 1421 - Hilera 1515</name><Style><LineStyle><color>ff00ff00</color><width>3</width></LineStyle></Style><LineString><coordinates>-70.7365916,-33.655195,0 -70.733985,-33.6550416,0</coordinates></LineString></Placemark><Placemark><name>Trabajado - Cuartel 1421 - Hilera 1517</name><Style><LineStyle><color>ff00ff00</color><width>3</width></LineStyle></Style><LineString><coordinates>-70.7339083,-33.6549166,0 -70.73699814633952,-33.655067212528344,0</coordinates></LineString></Placemark><Placemark><name>Trabajado - Cuartel 1421 - Hilera 1518</name><Style><LineStyle><color>ff00ff00</color><width>3</width></LineStyle></Style><LineString><coordinates>-70.7369983,-33.655065,0 -70.73708,-33.6551383,0</coordinates></LineString></Placemark><Placemark><name>Trabajado - Cuartel 1421 - Hilera 1519</name><Style><LineStyle><color>ff00ff00</color><width>3</width></LineStyle></Style><LineString><coordinates>-70.73708,-33.6551383,0 -70.7367,-33.6550183,0</coordinates></LineString></Placemark><Placemark><name>Trabajado - Cuartel 1421 - Hilera 1520</name><Style><LineStyle><color>ff00ff00</color><width>3</width></LineStyle></Style><LineString><coordinates>-70.7367,-33.6550183,0 -70.7339899,-33.6547849,0</coordinates></LineString></Placemark><Placemark><name>Trabajado - Cuartel 1421 - Hilera 1522</name><Style><LineStyle><color>ff00ff00</color><width>3</width></LineStyle></Style><LineString><coordinates>-70.7339166,-33.6549433,0 -70.7372016,-33.6552066,0</coordinates></LineString></Placemark><Placemark><name>Trabajado - Cuartel 1421 - Hilera 1524</name><Style><LineStyle><color>ff00ff00</color><width>3</width></LineStyle></Style><LineString><coordinates>-70.73764,-33.6562433,0 -70.7366316,-33.6563,0</coordinates></LineString></Placemark><Placemark><name>Trabajado - Cuartel 1421 - Hilera 1525</name><Style><LineStyle><color>ff00ff00</color><width>3</width></LineStyle></Style><LineString><coordinates>-70.7366316,-33.6563,0 -70.73391,-33.65614,0</coordinates></LineString></Placemark><Placemark><name>Trabajado - Cuartel 1421 - Hilera 1527</name><Style><LineStyle><color>ff00ff00</color><width>3</width></LineStyle></Style><LineString><coordinates>-70.7337933,-33.6562349,0 -70.7347416,-33.6563233,0</coordinates></LineString></Placemark><Placemark><name>Trabajado - Cuartel 1421 - Hilera 1528</name><Style><LineStyle><color>ff00ff00</color><width>3</width></LineStyle></Style><LineString><coordinates>-70.735095,-33.65631,0 -70.7337483,-33.65642,0</coordinates></LineString></Placemark><Placemark><name>Trabajado - Cuartel 1421 - Hilera 1529</name><Style><LineStyle><color>ff00ff00</color><width>3</width></LineStyle></Style><LineString><coordinates>-70.7337483,-33.65642,0 -70.73391,-33.6565266,0</coordinates></LineString></Placemark><Placemark><name>Trabajado - Cuartel 1421 - Hilera 1530</name><Style><LineStyle><color>ff00ff00</color><width>3</width></LineStyle></Style><LineString><coordinates>-70.73391,-33.6565266,0 -70.734265,-33.6565583,0</coordinates></LineString></Placemark><Placemark><name>Trabajado - Cuartel 1421 - Hilera 1531</name><Style><LineStyle><color>ff00ff00</color><width>3</width></LineStyle></Style><LineString><coordinates>-70.734265,-33.6565583,0 -70.73393,-33.6566516,0</coordinates></LineString></Placemark><Placemark><name>Trabajado - Cuartel 1421 - Hilera 1532</name><Style><LineStyle><color>ff00ff00</color><width>3</width></LineStyle></Style><LineString><coordinates>-70.73393,-33.6566516,0 -70.7338116,-33.6566349,0</coordinates></LineString></Placemark><Placemark><name>Trabajado - Cuartel 1421 - Hilera 1534</name><Style><LineStyle><color>ff00ff00</color><width>3</width></LineStyle></Style><LineString><coordinates>-70.73371990685648,-33.65670478734326,0 -70.7338716,-33.6567216,0</coordinates></LineString></Placemark><Placemark><name>Trabajado - Cuartel 1421 - Hilera 1546</name><Style><LineStyle><color>ff00ff00</color><width>3</width></LineStyle></Style><LineString><coordinates>-70.73378,-33.6566783,0 -70.7376883,-33.656385,0</coordinates></LineString></Placemark><Placemark><name>Trabajado - Cuartel 1421 - Hilera 1550</name><Style><LineStyle><color>ff00ff00</color><width>3</width></LineStyle></Style><LineString><coordinates>-70.73757,-33.6563383,0 -70.7330816,-33.6575933,0</coordinates></LineString></Placemark><Placemark><name>Trabajado - Cuartel 1421 - Hilera 1575</name><Style><LineStyle><color>ff00ff00</color><width>3</width></LineStyle></Style><LineString><coordinates>-70.73346,-33.6571216,0 -70.7376883,-33.656365,0</coordinates></LineString></Placemark><Placemark><name>Trabajado - Cuartel 1421 - Hilera 1581</name><Style><LineStyle><color>ff00ff00</color><width>3</width></LineStyle></Style><LineString><coordinates>-70.7376316,-33.6563349,0 -70.733010691993,-33.65752412369661,0</coordinates></LineString></Placemark><Placemark><name>Trabajado - Cuartel 1421 - Hilera 1609</name><Style><LineStyle><color>ff00ff00</color><width>3</width></LineStyle></Style><LineString><coordinates>-70.7338116,-33.6568466,0 -70.7377466,-33.6564,0</coordinates></LineString></Placemark><Placemark><name>Trabajado - Cuartel 1421 - Hilera 1614</name><Style><LineStyle><color>ff00ff00</color><width>3</width></LineStyle></Style><LineString><coordinates>-70.7376366,-33.6563083,0 -70.7335366,-33.6569533,0</coordinates></LineString></Placemark><Placemark><name>Trabajado - Cuartel 1421 - Hilera 1625</name><Style><LineStyle><color>ff00ff00</color><width>3</width></LineStyle></Style><LineString><coordinates>-70.7305383,-33.6565133,0 -70.73766,-33.6563583,0</coordinates></LineString></Placemark><Placemark><name>Trabajado - Cuartel 1421 - Hilera 1646</name><Style><LineStyle><color>ff00ff00</color><width>3</width></LineStyle></Style><LineString><coordinates>-70.7375649,-33.6563766,0 -70.7331283,-33.657525,0</coordinates></LineString></Placemark><Placemark><name>Trabajado - Cuartel 1421 - Hilera 1708</name><Style><LineStyle><color>ff00ff00</color><width>3</width></LineStyle></Style><LineString><coordinates>-70.7337183,-33.656855,0 -70.7376166,-33.656355,0</coordinates></LineString></Placemark><Placemark><name>Trabajado - Cuartel 1421 - Hilera 1712</name><Style><LineStyle><color>ff00ff00</color><width>3</width></LineStyle></Style><LineString><coordinates>-70.73739,-33.6563166,0 -70.7337783,-33.6567966,0</coordinates></LineString></Placemark><Placemark><name>Trabajado - Cuartel 1421 - Hilera 1734</name><Style><LineStyle><color>ff00ff00</color><width>3</width></LineStyle></Style><LineString><coordinates>-70.7337283,-33.6568183,0 -70.737685,-33.656435,0</coordinates></LineString></Placemark><Placemark><name>Trabajado - Cuartel 1421 - Hilera 1737</name><Style><LineStyle><color>ff00ff00</color><width>3</width></LineStyle></Style><LineString><coordinates>-70.7376483,-33.6563216,0 -70.7332883,-33.6573383,0</coordinates></LineString></Placemark><Placemark><name>Trabajado - Cuartel 1422 - Hilera 1422</name><Style><LineStyle><color>ff00ff00</color><width>3</width></LineStyle></Style><LineString><coordinates>-70.7339220427991,-33.655925153692706,0 -70.73378990706458,-33.656067194654725,0</coordinates></LineString></Placemark><Placemark><name>Trabajado - Cuartel 1422 - Hilera 1428</name><Style><LineStyle><color>ff00ff00</color><width>3</width></LineStyle></Style><LineString><coordinates>-70.733985,-33.6558266,0 -70.7338599,-33.6559533,0</coordinates></LineString></Placemark><Placemark><name>Trabajado - Cuartel 1422 - Hilera 1429</name><Style><LineStyle><color>ff00ff00</color><width>3</width></LineStyle></Style><LineString><coordinates>-70.7338599,-33.6559533,0 -70.7338599,-33.6561966,0</coordinates></LineString></Placemark><Placemark><name>Trabajado - Cuartel 1422 - Hilera 1446</name><Style><LineStyle><color>ff00ff00</color><width>3</width></LineStyle></Style><LineString><coordinates>-70.7338016,-33.6554366,0 -70.7338533,-33.6553466,0</coordinates></LineString></Placemark><Placemark><name>Trabajado - Cuartel 1422 - Hilera 1452</name><Style><LineStyle><color>ff00ff00</color><width>3</width></LineStyle></Style><LineString><coordinates>-70.7339566,-33.6551083,0 -70.7338999,-33.6550083,0</coordinates></LineString></Placemark><Placemark><name>Trabajado - Cuartel 1422 - Hilera 1456</name><Style><LineStyle><color>ff00ff00</color><width>3</width></LineStyle></Style><LineString><coordinates>-70.7339049,-33.6551466,0 -70.73391401899148,-33.65485179797668,0</coordinates></LineString></Placemark><Placemark><name>Trabajado - Cuartel 1422 - Hilera 1460</name><Style><LineStyle><color>ff00ff00</color><width>3</width></LineStyle></Style><LineString><coordinates>-70.7339933,-33.6548666,0 -70.7337816,-33.6562433,0</coordinates></LineString></Placemark><Placemark><name>Trabajado - Cuartel 1422 - Hilera 1465</name><Style><LineStyle><color>ff00ff00</color><width>3</width></LineStyle></Style><LineString><coordinates>-70.7337833,-33.6564599,0 -70.7338316,-33.656585,0</coordinates></LineString></Placemark><Placemark><name>Trabajado - Cuartel 1422 - Hilera 1470</name><Style><LineStyle><color>ff00ff00</color><width>3</width></LineStyle></Style><LineString><coordinates>-70.7337916,-33.6560683,0 -70.73373281925457,-33.656792239363426,0</coordinates></LineString></Placemark><Placemark><name>Trabajado - Cuartel 1422 - Hilera 1484</name><Style><LineStyle><color>ff00ff00</color><width>3</width></LineStyle></Style><LineString><coordinates>-70.7340283,-33.65558,0 -70.7338583,-33.6556733,0</coordinates></LineString></Placemark><Placemark><name>Trabajado - Cuartel 1422 - Hilera 1485</name><Style><LineStyle><color>ff00ff00</color><width>3</width></LineStyle></Style><LineString><coordinates>-70.7338468821755,-33.655621463076805,0 -70.7338983,-33.6558549,0</coordinates></LineString></Placemark><Placemark><name>Trabajado - Cuartel 1422 - Hilera 1486</name><Style><LineStyle><color>ff00ff00</color><width>3</width></LineStyle></Style><LineString><coordinates>-70.733835,-33.6556233,0 -70.7338933,-33.6554216,0</coordinates></LineString></Placemark><Placemark><name>Trabajado - Cuartel 1422 - Hilera 1490</name><Style><LineStyle><color>ff00ff00</color><width>3</width></LineStyle></Style><LineString><coordinates>-70.7339316,-33.6553,0 -70.733915,-33.655175,0</coordinates></LineString></Placemark><Placemark><name>Trabajado - Cuartel 1422 - Hilera 1493</name><Style><LineStyle><color>ff00ff00</color><width>3</width></LineStyle></Style><LineString><coordinates>-70.73395,-33.6552883,0 -70.7338583,-33.6549516,0</coordinates></LineString></Placemark><Placemark><name>Trabajado - Cuartel 1422 - Hilera 1495</name><Style><LineStyle><color>ff00ff00</color><width>3</width></LineStyle></Style><LineString><coordinates>-70.7339516,-33.6550233,0 -70.733965,-33.6553116,0</coordinates></LineString></Placemark><Placemark><name>Trabajado - Cuartel 1422 - Hilera 1516</name><Style><LineStyle><color>ff00ff00</color><width>3</width></LineStyle></Style><LineString><coordinates>-70.733985,-33.6550416,0 -70.7339083,-33.6549166,0</coordinates></LineString></Placemark><Placemark><name>Trabajado - Cuartel 1422 - Hilera 1526</name><Style><LineStyle><color>ff00ff00</color><width>3</width></LineStyle></Style><LineString><coordinates>-70.73391,-33.65614,0 -70.7337933,-33.6562349,0</coordinates></LineString></Placemark><Placemark><name>Trabajado - Cuartel 1422 - Hilera 1533</name><Style><LineStyle><color>ff00ff00</color><width>3</width></LineStyle></Style><LineString><coordinates>-70.7338116,-33.6566349,0 -70.7337516,-33.6567083,0</coordinates></LineString></Placemark><Placemark><name>Descartado (grupo chico) - Hilera 1439</name><Style><LineStyle><color>ff00ffff</color><width>3</width></LineStyle></Style><LineString><coordinates>-70.7339666,-33.6556933,0 -70.7338049,-33.6556083,0</coordinates></LineString></Placemark><Placemark><name>Descartado (grupo chico) - Hilera 1477</name><Style><LineStyle><color>ff00ffff</color><width>3</width></LineStyle></Style><LineString><coordinates>-70.7338916,-33.6557716,0 -70.7338049,-33.6556966,0</coordinates></LineString></Placemark><Placemark><name>Descartado (grupo chico) - Hilera 1442</name><Style><LineStyle><color>ff00ffff</color><width>3</width></LineStyle></Style><LineString><coordinates>-70.7373633,-33.6557533,0 -70.7374633,-33.655705,0</coordinates></LineString></Placemark><Placemark><name>Descartado (grupo chico) - Hilera 1492</name><Style><LineStyle><color>ff00ffff</color><width>3</width></LineStyle></Style><LineString><coordinates>-70.737355,-33.6553833,0 -70.7372066,-33.655485,0</coordinates></LineString></Placemark><Placemark><name>Descartado (grupo chico) - Hilera 1459</name><Style><LineStyle><color>ff00ffff</color><width>3</width></LineStyle></Style><LineString><coordinates>-70.7344733,-33.6548749,0 -70.7339933,-33.6548666,0</coordinates></LineString></Placemark><Placemark><name>Descartado (grupo chico) - Hilera 1479</name><Style><LineStyle><color>ff00ffff</color><width>3</width></LineStyle></Style><LineString><coordinates>-70.73569,-33.65575,0 -70.73579,-33.6558116,0</coordinates></LineString></Placemark><Placemark><name>Descartado (grupo chico) - Hilera 1482</name><Style><LineStyle><color>ff00ffff</color><width>3</width></LineStyle></Style><LineString><coordinates>-70.7361383,-33.6556999,0 -70.736035,-33.6556516,0</coordinates></LineString></Placemark><Placemark><name>Descartado (grupo chico) - Hilera 1494</name><Style><LineStyle><color>ff00ffff</color><width>3</width></LineStyle></Style><LineString><coordinates>-70.7338583,-33.6549516,0 -70.7339516,-33.6550233,0</coordinates></LineString></Placemark><Placemark><name>Descartado (grupo chico) - Hilera 1521</name><Style><LineStyle><color>ff00ffff</color><width>3</width></LineStyle></Style><LineString><coordinates>-70.7339899,-33.6547849,0 -70.7339049,-33.6548516,0</coordinates></LineString></Placemark><Placemark><name>Trabajado - Cuartel 1535 - Hilera 1535</name><Style><LineStyle><color>ff00ff00</color><width>3</width></LineStyle></Style><LineString><coordinates>-70.7337216,-33.6567916,0 -70.7331333,-33.6574733,0</coordinates></LineString></Placemark><Placemark><name>Trabajado - Cuartel 1535 - Hilera 1545</name><Style><LineStyle><color>ff00ff00</color><width>3</width></LineStyle></Style><LineString><coordinates>-70.7330966,-33.6575916,0 -70.73378,-33.6566783,0</coordinates></LineString></Placemark><Placemark><name>Trabajado - Cuartel 1535 - Hilera 1608</name><Style><LineStyle><color>ff00ff00</color><width>3</width></LineStyle></Style><LineString><coordinates>-70.7331433,-33.6575599,0 -70.7338116,-33.6568466,0</coordinates></LineString></Placemark><Placemark><name>Trabajado - Cuartel 1535 - Hilera 1707</name><Style><LineStyle><color>ff00ff00</color><width>3</width></LineStyle></Style><LineString><coordinates>-70.7330216,-33.65755,0 -70.7337183,-33.656855,0</coordinates></LineString></Placemark><Placemark><name>Trabajado - Cuartel 1535 - Hilera 1713</name><Style><LineStyle><color>ff00ff00</color><width>3</width></LineStyle></Style><LineString><coordinates>-70.7337783,-33.6567966,0 -70.7331466,-33.6575083,0</coordinates></LineString></Placemark><Placemark><name>Trabajado - Cuartel 1535 - Hilera 1733</name><Style><LineStyle><color>ff00ff00</color><width>3</width></LineStyle></Style><LineString><coordinates>-70.7329799,-33.6575633,0 -70.7337283,-33.6568183,0</coordinates></LineString></Placemark><Placemark><name>Descartado (grupo chico) - Hilera 1536</name><Style><LineStyle><color>ff00ffff</color><width>3</width></LineStyle></Style><LineString><coordinates>-70.7331333,-33.6574733,0 -70.72882630800734,-33.657267590849436,0</coordinates></LineString></Placemark><Placemark><name>Descartado (grupo chico) - Hilera 1537</name><Style><LineStyle><color>ff00ffff</color><width>3</width></LineStyle></Style><LineString><coordinates>-70.7288266,-33.6572633,0 -70.7260433,-33.6570483,0</coordinates></LineString></Placemark><Placemark><name>Descartado (grupo chico) - Hilera 1589</name><Style><LineStyle><color>ff00ffff</color><width>3</width></LineStyle></Style><LineString><coordinates>-70.72887,-33.6571933,0 -70.7258983,-33.6570316,0</coordinates></LineString></Placemark><Placemark><name>Descartado (grupo chico) - Hilera 1538</name><Style><LineStyle><color>ff00ffff</color><width>3</width></LineStyle></Style><LineString><coordinates>-70.72602,-33.6570216,0 -70.7261,-33.6569583,0</coordinates></LineString></Placemark><Placemark><name>Descartado (grupo chico) - Hilera 1539</name><Style><LineStyle><color>ff00ffff</color><width>3</width></LineStyle></Style><LineString><coordinates>-70.7261,-33.6569583,0 -70.7261883,-33.6569283,0</coordinates></LineString></Placemark><Placemark><name>Trabajado - Cuartel 1540 - Hilera 1540</name><Style><LineStyle><color>ff00ff00</color><width>3</width></LineStyle></Style><LineString><coordinates>-70.7261883,-33.6569283,0 -70.73038441799282,-33.65724373398508,0</coordinates></LineString></Placemark><Placemark><name>Trabajado - Cuartel 1540 - Hilera 1542</name><Style><LineStyle><color>ff00ff00</color><width>3</width></LineStyle></Style><LineString><coordinates>-70.7304866,-33.6571933,0 -70.7258683,-33.6568583,0</coordinates></LineString></Placemark><Placemark><name>Trabajado - Cuartel 1540 - Hilera 1553</name><Style><LineStyle><color>ff00ff00</color><width>3</width></LineStyle></Style><LineString><coordinates>-70.7304616,-33.6570099,0 -70.7269549,-33.6567383,0</coordinates></LineString></Placemark><Placemark><name>Trabajado - Cuartel 1540 - Hilera 1557</name><Style><LineStyle><color>ff00ff00</color><width>3</width></LineStyle></Style><LineString><coordinates>-70.7258033,-33.6566016,0 -70.73035137628226,-33.6568527504071,0</coordinates></LineString></Placemark><Placemark><name>Trabajado - Cuartel 1540 - Hilera 1561</name><Style><LineStyle><color>ff00ff00</color><width>3</width></LineStyle></Style><LineString><coordinates>-70.7305333,-33.6567166,0 -70.7300566,-33.6567099,0</coordinates></LineString></Placemark><Placemark><name>Trabajado - Cuartel 1540 - Hilera 1562</name><Style><LineStyle><color>ff00ff00</color><width>3</width></LineStyle></Style><LineString><coordinates>-70.73353527980912,-33.6569658914739,0 -70.72578394159792,-33.656395480685255,0</coordinates></LineString></Placemark><Placemark><name>Trabajado - Cuartel 1540 - Hilera 1567</name><Style><LineStyle><color>ff00ff00</color><width>3</width></LineStyle></Style><LineString><coordinates>-70.727195,-33.6564683,0 -70.73036211620428,-33.65660841033149,0</coordinates></LineString></Placemark><Placemark><name>Trabajado - Cuartel 1540 - Hilera 1570</name><Style><LineStyle><color>ff00ff00</color><width>3</width></LineStyle></Style><LineString><coordinates>-70.7303616,-33.65647,0 -70.7258383,-33.656145,0</coordinates></LineString></Placemark><Placemark><name>Trabajado - Cuartel 1540 - Hilera 1572</name><Style><LineStyle><color>ff00ff00</color><width>3</width></LineStyle></Style><LineString><coordinates>-70.725775,-33.6562283,0 -70.7304633,-33.6566066,0</coordinates></LineString></Placemark><Placemark><name>Trabajado - Cuartel 1540 - Hilera 1584</name><Style><LineStyle><color>ff00ff00</color><width>3</width></LineStyle></Style><LineString><coordinates>-70.7305633,-33.65633,0 -70.7258299,-33.6559516,0</coordinates></LineString></Placemark><Placemark><name>Trabajado - Cuartel 1540 - Hilera 1585</name><Style><LineStyle><color>ff00ff00</color><width>3</width></LineStyle></Style><LineString><coordinates>-70.7258299,-33.6559516,0 -70.73059,-33.6561383,0</coordinates></LineString></Placemark><Placemark><name>Trabajado - Cuartel 1540 - Hilera 1591</name><Style><LineStyle><color>ff00ff00</color><width>3</width></LineStyle></Style><LineString><coordinates>-70.7259466,-33.6568983,0 -70.7304483,-33.6571433,0</coordinates></LineString></Placemark><Placemark><name>Trabajado - Cuartel 1540 - Hilera 1593</name><Style><LineStyle><color>ff00ff00</color><width>3</width></LineStyle></Style><LineString><coordinates>-70.7305166,-33.65707,0 -70.7260604548233,-33.65673016838417,0</coordinates></LineString></Placemark><Placemark><name>Trabajado - Cuartel 1540 - Hilera 1596</name><Style><LineStyle><color>ff00ff00</color><width>3</width></LineStyle></Style><LineString><coordinates>-70.7257766,-33.6566433,0 -70.7305083,-33.6568416,0</coordinates></LineString></Placemark><Placemark><name>Trabajado - Cuartel 1540 - Hilera 1598</name><Style><LineStyle><color>ff00ff00</color><width>3</width></LineStyle></Style><LineString><coordinates>-70.7304633,-33.6567566,0 -70.7258016,-33.6564916,0</coordinates></LineString></Placemark><Placemark><name>Trabajado - Cuartel 1540 - Hilera 1601</name><Style><LineStyle><color>ff00ff00</color><width>3</width></LineStyle></Style><LineString><coordinates>-70.72708555606182,-33.65642555010692,0 -70.73056101988801,-33.656667449789055,0</coordinates></LineString></Placemark><Placemark><name>Trabajado - Cuartel 1540 - Hilera 1603</name><Style><LineStyle><color>ff00ff00</color><width>3</width></LineStyle></Style><LineString><coordinates>-70.7305849,-33.6565566,0 -70.72774460828933,-33.65633350009514,0</coordinates></LineString></Placemark><Placemark><name>Trabajado - Cuartel 1540 - Hilera 1616</name><Style><LineStyle><color>ff00ff00</color><width>3</width></LineStyle></Style><LineString><coordinates>-70.7258966,-33.655905,0 -70.730495,-33.6561233,0</coordinates></LineString></Placemark><Placemark><name>Trabajado - Cuartel 1540 - Hilera 1618</name><Style><LineStyle><color>ff00ff00</color><width>3</width></LineStyle></Style><LineString><coordinates>-70.7305216,-33.6563899,0 -70.7260583,-33.6561133,0</coordinates></LineString></Placemark><Placemark><name>Trabajado - Cuartel 1540 - Hilera 1621</name><Style><LineStyle><color>ff00ff00</color><width>3</width></LineStyle></Style><LineString><coordinates>-70.7277416,-33.656065,0 -70.7297516,-33.6562083,0</coordinates></LineString></Placemark><Placemark><name>Trabajado - Cuartel 1540 - Hilera 1622</name><Style><LineStyle><color>ff00ff00</color><width>3</width></LineStyle></Style><LineString><coordinates>-70.7297516,-33.6562083,0 -70.73057,-33.6563133,0</coordinates></LineString></Placemark><Placemark><name>Trabajado - Cuartel 1540 - Hilera 1624</name><Style><LineStyle><color>ff00ff00</color><width>3</width></LineStyle></Style><LineString><coordinates>-70.73053880464606,-33.65650964120484,0 -70.7306799,-33.6565233,0</coordinates></LineString></Placemark><Placemark><name>Trabajado - Cuartel 1540 - Hilera 1650</name><Style><LineStyle><color>ff00ff00</color><width>3</width></LineStyle></Style><LineString><coordinates>-70.7305566,-33.6561016,0 -70.7293299,-33.6560466,0</coordinates></LineString></Placemark><Placemark><name>Trabajado - Cuartel 1540 - Hilera 1651</name><Style><LineStyle><color>ff00ff00</color><width>3</width></LineStyle></Style><LineString><coordinates>-70.7293299,-33.6560466,0 -70.72577,-33.6558016,0</coordinates></LineString></Placemark><Placemark><name>Trabajado - Cuartel 1540 - Hilera 1655</name><Style><LineStyle><color>ff00ff00</color><width>3</width></LineStyle></Style><LineString><coordinates>-70.726775,-33.6557366,0 -70.73049279933126,-33.655961057458434,0</coordinates></LineString></Placemark><Placemark><name>Trabajado - Cuartel 1540 - Hilera 1657</name><Style><LineStyle><color>ff00ff00</color><width>3</width></LineStyle></Style><LineString><coordinates>-70.7305766,-33.6559133,0 -70.7304866,-33.6558516,0</coordinates></LineString></Placemark><Placemark><name>Trabajado - Cuartel 1540 - Hilera 1658</name><Style><LineStyle><color>ff00ff00</color><width>3</width></LineStyle></Style><LineString><coordinates>-70.7304866,-33.6558516,0 -70.72991296129317,-33.65579959840419,0</coordinates></LineString></Placemark><Placemark><name>Trabajado - Cuartel 1540 - Hilera 1659</name><Style><LineStyle><color>ff00ff00</color><width>3</width></LineStyle></Style><LineString><coordinates>-70.7299099,-33.6558233,0 -70.729325,-33.6557583,0</coordinates></LineString></Placemark><Placemark><name>Trabajado - Cuartel 1540 - Hilera 1660</name><Style><LineStyle><color>ff00ff00</color><width>3</width></LineStyle></Style><LineString><coordinates>-70.729325,-33.6557583,0 -70.7273116,-33.6556583,0</coordinates></LineString></Placemark><Placemark><name>Trabajado - Cuartel 1540 - Hilera 1663</name><Style><LineStyle><color>ff00ff00</color><width>3</width></LineStyle></Style><LineString><coordinates>-70.7259666,-33.6554833,0 -70.728555,-33.655615,0</coordinates></LineString></Placemark><Placemark><name>Trabajado - Cuartel 1540 - Hilera 1665</name><Style><LineStyle><color>ff00ff00</color><width>3</width></LineStyle></Style><LineString><coordinates>-70.72866,-33.6555733,0 -70.7306116,-33.6557566,0</coordinates></LineString></Placemark><Placemark><name>Trabajado - Cuartel 1540 - Hilera 1667</name><Style><LineStyle><color>ff00ff00</color><width>3</width></LineStyle></Style><LineString><coordinates>-70.7306616,-33.6556599,0 -70.7300816,-33.6555599,0</coordinates></LineString></Placemark><Placemark><name>Trabajado - Cuartel 1540 - Hilera 1668</name><Style><LineStyle><color>ff00ff00</color><width>3</width></LineStyle></Style><LineString><coordinates>-70.7300816,-33.6555599,0 -70.725965,-33.6552883,0</coordinates></LineString></Placemark><Placemark><name>Trabajado - Cuartel 1540 - Hilera 1670</name><Style><LineStyle><color>ff00ff00</color><width>3</width></LineStyle></Style><LineString><coordinates>-70.726125,-33.655205,0 -70.7294797650445,-33.65538467894137,0</coordinates></LineString></Placemark><Placemark><name>Trabajado - Cuartel 1540 - Hilera 1671</name><Style><LineStyle><color>ff00ff00</color><width>3</width></LineStyle></Style><LineString><coordinates>-70.72948,-33.6553816,0 -70.7306683,-33.6553683,0</coordinates></LineString></Placemark><Placemark><name>Trabajado - Cuartel 1540 - Hilera 1675</name><Style><LineStyle><color>ff00ff00</color><width>3</width></LineStyle></Style><LineString><coordinates>-70.7306633,-33.65529,0 -70.726,-33.6550483,0</coordinates></LineString></Placemark><Placemark><name>Trabajado - Cuartel 1540 - Hilera 1678</name><Style><LineStyle><color>ff00ff00</color><width>3</width></LineStyle></Style><LineString><coordinates>-70.7274766,-33.6549966,0 -70.730555,-33.6551916,0</coordinates></LineString></Placemark><Placemark><name>Trabajado - Cuartel 1540 - Hilera 1685</name><Style><LineStyle><color>ff00ff00</color><width>3</width></LineStyle></Style><LineString><coordinates>-70.7306366,-33.6555283,0 -70.7305116,-33.6554666,0</coordinates></LineString></Placemark><Placemark><name>Trabajado - Cuartel 1540 - Hilera 1686</name><Style><LineStyle><color>ff00ff00</color><width>3</width></LineStyle></Style><LineString><coordinates>-70.7305116,-33.6554666,0 -70.72787,-33.6553,0</coordinates></LineString></Placemark><Placemark><name>Trabajado - Cuartel 1540 - Hilera 1689</name><Style><LineStyle><color>ff00ff00</color><width>3</width></LineStyle></Style><LineString><coordinates>-70.7259483,-33.65483,0 -70.73063,-33.6550249,0</coordinates></LineString></Placemark><Placemark><name>Trabajado - Cuartel 1540 - Hilera 1691</name><Style><LineStyle><color>ff00ff00</color><width>3</width></LineStyle></Style><LineString><coordinates>-70.7305799,-33.6549416,0 -70.72603219795212,-33.6546462469359,0</coordinates></LineString></Placemark><Placemark><name>Trabajado - Cuartel 1540 - Hilera 1694</name><Style><LineStyle><color>ff00ff00</color><width>3</width></LineStyle></Style><LineString><coordinates>-70.72605,-33.654555,0 -70.73062692831678,-33.65480000597248,0</coordinates></LineString></Placemark><Placemark><name>Trabajado - Cuartel 1540 - Hilera 1696</name><Style><LineStyle><color>ff00ff00</color><width>3</width></LineStyle></Style><LineString><coordinates>-70.7307133,-33.6547583,0 -70.7306016,-33.65472,0</coordinates></LineString></Placemark><Placemark><name>Trabajado - Cuartel 1540 - Hilera 1697</name><Style><LineStyle><color>ff00ff00</color><width>3</width></LineStyle></Style><LineString><coordinates>-70.7306016,-33.65472,0 -70.7260849,-33.6544116,0</coordinates></LineString></Placemark><Placemark><name>Trabajado - Cuartel 1540 - Hilera 1699</name><Style><LineStyle><color>ff00ff00</color><width>3</width></LineStyle></Style><LineString><coordinates>-70.7261983,-33.6543716,0 -70.73063972505432,-33.65461861630074,0</coordinates></LineString></Placemark><Placemark><name>Trabajado - Cuartel 1540 - Hilera 1701</name><Style><LineStyle><color>ff00ff00</color><width>3</width></LineStyle></Style><LineString><coordinates>-70.73072055495885,-33.65455899061033,0 -70.7262866,-33.6542716,0</coordinates></LineString></Placemark><Placemark><name>Trabajado - Cuartel 1540 - Hilera 1704</name><Style><LineStyle><color>ff00ff00</color><width>3</width></LineStyle></Style><LineString><coordinates>-70.7266333,-33.6542133,0 -70.73043542847965,-33.654443329216114,0</coordinates></LineString></Placemark><Placemark><name>Trabajado - Cuartel 1540 - Hilera 1705</name><Style><LineStyle><color>ff00ff00</color><width>3</width></LineStyle></Style><LineString><coordinates>-70.730435,-33.6544483,0 -70.730715,-33.654585,0</coordinates></LineString></Placemark><Placemark><name>Trabajado - Cuartel 1540 - Hilera 1714</name><Style><LineStyle><color>ff00ff00</color><width>3</width></LineStyle></Style><LineString><coordinates>-70.7305733,-33.6560283,0 -70.72591674722491,-33.65572323535589,0</coordinates></LineString></Placemark><Placemark><name>Trabajado - Cuartel 1540 - Hilera 1716</name><Style><LineStyle><color>ff00ff00</color><width>3</width></LineStyle></Style><LineString><coordinates>-70.7258566,-33.6556266,0 -70.73060405292327,-33.6558256993659,0</coordinates></LineString></Placemark><Placemark><name>Trabajado - Cuartel 1540 - Hilera 1717</name><Style><LineStyle><color>ff00ff00</color><width>3</width></LineStyle></Style><LineString><coordinates>-70.7306033,-33.6558383,0 -70.730495,-33.6557899,0</coordinates></LineString></Placemark><Placemark><name>Trabajado - Cuartel 1540 - Hilera 1718</name><Style><LineStyle><color>ff00ff00</color><width>3</width></LineStyle></Style><LineString><coordinates>-70.730495,-33.6557899,0 -70.7269883,-33.6555416,0</coordinates></LineString></Placemark><Placemark><name>Trabajado - Cuartel 1540 - Hilera 1721</name><Style><LineStyle><color>ff00ff00</color><width>3</width></LineStyle></Style><LineString><coordinates>-70.7259799,-33.65539,0 -70.73047655137313,-33.65560393898434,0</coordinates></LineString></Placemark><Placemark><name>Trabajado - Cuartel 1540 - Hilera 1723</name><Style><LineStyle><color>ff00ff00</color><width>3</width></LineStyle></Style><LineString><coordinates>-70.7305266,-33.6555233,0 -70.7258216,-33.6552516,0</coordinates></LineString></Placemark><Placemark><name>Trabajado - Cuartel 1540 - Hilera 1725</name><Style><LineStyle><color>ff00ff00</color><width>3</width></LineStyle></Style><LineString><coordinates>-70.7258383,-33.6551366,0 -70.73055424957998,-33.6554042791853,0</coordinates></LineString></Placemark><Placemark><name>Trabajado - Cuartel 1540 - Hilera 1726</name><Style><LineStyle><color>ff00ff00</color><width>3</width></LineStyle></Style><LineString><coordinates>-70.7305783,-33.6552966,0 -70.7259616,-33.6550016,0</coordinates></LineString></Placemark><Placemark><name>Trabajado - Cuartel 1540 - Hilera 1728</name><Style><LineStyle><color>ff00ff00</color><width>3</width></LineStyle></Style><LineString><coordinates>-70.7259616,-33.65488,0 -70.7306233,-33.6551249,0</coordinates></LineString></Placemark><Placemark><name>Trabajado - Cuartel 1540 - Hilera 1729</name><Style><LineStyle><color>ff00ff00</color><width>3</width></LineStyle></Style><LineString><coordinates>-70.7306233,-33.6551249,0 -70.7304383,-33.6550266,0</coordinates></LineString></Placemark><Placemark><name>Trabajado - Cuartel 1540 - Hilera 1730</name><Style><LineStyle><color>ff00ff00</color><width>3</width></LineStyle></Style><LineString><coordinates>-70.7304383,-33.6550266,0 -70.7260933,-33.6547266,0</coordinates></LineString></Placemark><Placemark><name>Trabajado - Cuartel 1540 - Hilera 1739</name><Style><LineStyle><color>ff00ff00</color><width>3</width></LineStyle></Style><LineString><coordinates>-70.7306766,-33.6548733,0 -70.7260983,-33.6545916,0</coordinates></LineString></Placemark><Placemark><name>Trabajado - Cuartel 1540 - Hilera 1741</name><Style><LineStyle><color>ff00ff00</color><width>3</width></LineStyle></Style><LineString><coordinates>-70.7264833,-33.6545483,0 -70.7306733,-33.6547533,0</coordinates></LineString></Placemark><Placemark><name>Trabajado - Cuartel 1540 - Hilera 1743</name><Style><LineStyle><color>ff00ff00</color><width>3</width></LineStyle></Style><LineString><coordinates>-70.73071961828316,-33.65456963548599,0 -70.72619824539143,-33.65430831872573,0</coordinates></LineString></Placemark><Placemark><name>Trabajado - Cuartel 1540 - Hilera 1746</name><Style><LineStyle><color>ff00ff00</color><width>3</width></LineStyle></Style><LineString><coordinates>-70.7260483,-33.6548866,0 -70.7306533,-33.6552183,0</coordinates></LineString></Placemark><Placemark><name>Trabajado - Cuartel 1540 - Hilera 1748</name><Style><LineStyle><color>ff00ff00</color><width>3</width></LineStyle></Style><LineString><coordinates>-70.7304333,-33.6554066,0 -70.7260416,-33.65513,0</coordinates></LineString></Placemark><Placemark><name>Trabajado - Cuartel 1540 - Hilera 1750</name><Style><LineStyle><color>ff00ff00</color><width>3</width></LineStyle></Style><LineString><coordinates>-70.7260549,-33.6553033,0 -70.7304566,-33.6556066,0</coordinates></LineString></Placemark><Placemark><name>Trabajado - Cuartel 1540 - Hilera 1751</name><Style><LineStyle><color>ff00ff00</color><width>3</width></LineStyle></Style><LineString><coordinates>-70.7304566,-33.6556066,0 -70.7305883,-33.6557866,0</coordinates></LineString></Placemark><Placemark><name>Trabajado - Cuartel 1540 - Hilera 1752</name><Style><LineStyle><color>ff00ff00</color><width>3</width></LineStyle></Style><LineString><coordinates>-70.7305883,-33.6557866,0 -70.7259149,-33.655505,0</coordinates></LineString></Placemark><Placemark><name>Descartado (grupo chico) - Hilera 1541</name><Style><LineStyle><color>ff00ffff</color><width>3</width></LineStyle></Style><LineString><coordinates>-70.730385,-33.6572383,0 -70.7304866,-33.6571933,0</coordinates></LineString></Placemark><Placemark><name>Descartado (grupo chico) - Hilera 1587</name><Style><LineStyle><color>ff00ffff</color><width>3</width></LineStyle></Style><LineString><coordinates>-70.730515,-33.6572133,0 -70.7304083,-33.6572566,0</coordinates></LineString></Placemark><Placemark><name>Descartado (grupo chico) - Hilera 1543</name><Style><LineStyle><color>ff00ffff</color><width>3</width></LineStyle></Style><LineString><coordinates>-70.7258683,-33.6568583,0 -70.7260566,-33.65695,0</coordinates></LineString></Placemark><Placemark><name>Descartado (grupo chico) - Hilera 1544</name><Style><LineStyle><color>ff00ffff</color><width>3</width></LineStyle></Style><LineString><coordinates>-70.7260566,-33.65695,0 -70.7330966,-33.6575916,0</coordinates></LineString></Placemark><Placemark><name>Descartado (grupo chico) - Hilera 1588</name><Style><LineStyle><color>ff00ffff</color><width>3</width></LineStyle></Style><LineString><coordinates>-70.7304083,-33.6572566,0 -70.72887,-33.6571933,0</coordinates></LineString></Placemark><Placemark><name>Descartado (grupo chico) - Hilera 1607</name><Style><LineStyle><color>ff00ffff</color><width>3</width></LineStyle></Style><LineString><coordinates>-70.7259833,-33.6569633,0 -70.7331433,-33.6575599,0</coordinates></LineString></Placemark><Placemark><name>Descartado (grupo chico) - Hilera 1732</name><Style><LineStyle><color>ff00ffff</color><width>3</width></LineStyle></Style><LineString><coordinates>-70.7259633,-33.6570516,0 -70.7329799,-33.6575633,0</coordinates></LineString></Placemark><Placemark><name>Trabajado - Cuartel 1551 - Hilera 1551</name><Style><LineStyle><color>ff00ff00</color><width>3</width></LineStyle></Style><LineString><coordinates>-70.7330816,-33.6575933,0 -70.7305116,-33.65725,0</coordinates></LineString></Placemark><Placemark><name>Trabajado - Cuartel 1551 - Hilera 1574</name><Style><LineStyle><color>ff00ff00</color><width>3</width></LineStyle></Style><LineString><coordinates>-70.7306283,-33.65697,0 -70.73346,-33.6571216,0</coordinates></LineString></Placemark><Placemark><name>Trabajado - Cuartel 1551 - Hilera 1582</name><Style><LineStyle><color>ff00ff00</color><width>3</width></LineStyle></Style><LineString><coordinates>-70.733085,-33.657505,0 -70.7305166,-33.6571883,0</coordinates></LineString></Placemark><Placemark><name>Trabajado - Cuartel 1551 - Hilera 1647</name><Style><LineStyle><color>ff00ff00</color><width>3</width></LineStyle></Style><LineString><coordinates>-70.73314472757792,-33.65752620569379,0 -70.73054912587767,-33.65733570281671,0</coordinates></LineString></Placemark><Placemark><name>Trabajado - Cuartel 1551 - Hilera 1682</name><Style><LineStyle><color>ff00ff00</color><width>3</width></LineStyle></Style><LineString><coordinates>-70.7330116,-33.6575266,0 -70.7305683,-33.6573183,0</coordinates></LineString></Placemark><Placemark><name>Trabajado - Cuartel 1551 - Hilera 1738</name><Style><LineStyle><color>ff00ff00</color><width>3</width></LineStyle></Style><LineString><coordinates>-70.7332883,-33.6573383,0 -70.7305583,-33.6572833,0</coordinates></LineString></Placemark><Placemark><name>Trabajado - Cuartel 1552 - Hilera 1552</name><Style><LineStyle><color>ff00ff00</color><width>3</width></LineStyle></Style><LineString><coordinates>-70.7305116,-33.65725,0 -70.7304616,-33.6570099,0</coordinates></LineString></Placemark><Placemark><name>Trabajado - Cuartel 1552 - Hilera 1558</name><Style><LineStyle><color>ff00ff00</color><width>3</width></LineStyle></Style><LineString><coordinates>-70.7303533,-33.6568283,0 -70.7305083,-33.6570766,0</coordinates></LineString></Placemark><Placemark><name>Trabajado - Cuartel 1552 - Hilera 1559</name><Style><LineStyle><color>ff00ff00</color><width>3</width></LineStyle></Style><LineString><coordinates>-70.7305083,-33.6570766,0 -70.7304466,-33.65737,0</coordinates></LineString></Placemark><Placemark><name>Trabajado - Cuartel 1552 - Hilera 1560</name><Style><LineStyle><color>ff00ff00</color><width>3</width></LineStyle></Style><LineString><coordinates>-70.7304466,-33.65737,0 -70.7305333,-33.6567166,0</coordinates></LineString></Placemark><Placemark><name>Trabajado - Cuartel 1552 - Hilera 1569</name><Style><LineStyle><color>ff00ff00</color><width>3</width></LineStyle></Style><LineString><coordinates>-70.7304733,-33.6565833,0 -70.7303616,-33.65647,0</coordinates></LineString></Placemark><Placemark><name>Trabajado - Cuartel 1552 - Hilera 1573</name><Style><LineStyle><color>ff00ff00</color><width>3</width></LineStyle></Style><LineString><coordinates>-70.7304633,-33.6566066,0 -70.7306283,-33.65697,0</coordinates></LineString></Placemark><Placemark><name>Trabajado - Cuartel 1552 - Hilera 1583</name><Style><LineStyle><color>ff00ff00</color><width>3</width></LineStyle></Style><LineString><coordinates>-70.73051241468039,-33.657265222051905,0 -70.73057970215831,-33.6560285444866,0</coordinates></LineString></Placemark><Placemark><name>Trabajado - Cuartel 1552 - Hilera 1586</name><Style><LineStyle><color>ff00ff00</color><width>3</width></LineStyle></Style><LineString><coordinates>-70.73056823772308,-33.65616486419153,0 -70.7307033,-33.656,0</coordinates></LineString></Placemark><Placemark><name>Trabajado - Cuartel 1552 - Hilera 1597</name><Style><LineStyle><color>ff00ff00</color><width>3</width></LineStyle></Style><LineString><coordinates>-70.7305083,-33.6568416,0 -70.7304633,-33.6567566,0</coordinates></LineString></Placemark><Placemark><name>Trabajado - Cuartel 1552 - Hilera 1602</name><Style><LineStyle><color>ff00ff00</color><width>3</width></LineStyle></Style><LineString><coordinates>-70.7305616,-33.6566616,0 -70.7305849,-33.6565566,0</coordinates></LineString></Placemark><Placemark><name>Trabajado - Cuartel 1552 - Hilera 1617</name><Style><LineStyle><color>ff00ff00</color><width>3</width></LineStyle></Style><LineString><coordinates>-70.730495,-33.6561233,0 -70.7305216,-33.6563899,0</coordinates></LineString></Placemark><Placemark><name>Trabajado - Cuartel 1552 - Hilera 1623</name><Style><LineStyle><color>ff00ff00</color><width>3</width></LineStyle></Style><LineString><coordinates>-70.7305433,-33.656425,0 -70.7305766,-33.6565133,0</coordinates></LineString></Placemark><Placemark><name>Trabajado - Cuartel 1552 - Hilera 1648</name><Style><LineStyle><color>ff00ff00</color><width>3</width></LineStyle></Style><LineString><coordinates>-70.7309483,-33.657365,0 -70.7305133,-33.6569566,0</coordinates></LineString></Placemark><Placemark><name>Trabajado - Cuartel 1552 - Hilera 1649</name><Style><LineStyle><color>ff00ff00</color><width>3</width></LineStyle></Style><LineString><coordinates>-70.7305133,-33.6569566,0 -70.7305566,-33.6561016,0</coordinates></LineString></Placemark><Placemark><name>Trabajado - Cuartel 1552 - Hilera 1656</name><Style><LineStyle><color>ff00ff00</color><width>3</width></LineStyle></Style><LineString><coordinates>-70.7304916,-33.655975,0 -70.7305766,-33.6559133,0</coordinates></LineString></Placemark><Placemark><name>Trabajado - Cuartel 1552 - Hilera 1666</name><Style><LineStyle><color>ff00ff00</color><width>3</width></LineStyle></Style><LineString><coordinates>-70.7306116,-33.6557566,0 -70.7306616,-33.6556599,0</coordinates></LineString></Placemark><Placemark><name>Trabajado - Cuartel 1552 - Hilera 1672</name><Style><LineStyle><color>ff00ff00</color><width>3</width></LineStyle></Style><LineString><coordinates>-70.7306683,-33.6553683,0 -70.7306616,-33.6551666,0</coordinates></LineString></Placemark><Placemark><name>Trabajado - Cuartel 1552 - Hilera 1673</name><Style><LineStyle><color>ff00ff00</color><width>3</width></LineStyle></Style><LineString><coordinates>-70.7306616,-33.6551666,0 -70.7307183,-33.65508,0</coordinates></LineString></Placemark><Placemark><name>Trabajado - Cuartel 1552 - Hilera 1674</name><Style><LineStyle><color>ff00ff00</color><width>3</width></LineStyle></Style><LineString><coordinates>-70.7307183,-33.65508,0 -70.7306633,-33.65529,0</coordinates></LineString></Placemark><Placemark><name>Trabajado - Cuartel 1552 - Hilera 1679</name><Style><LineStyle><color>ff00ff00</color><width>3</width></LineStyle></Style><LineString><coordinates>-70.730555,-33.6551916,0 -70.7305966,-33.65734,0</coordinates></LineString></Placemark><Placemark><name>Trabajado - Cuartel 1552 - Hilera 1683</name><Style><LineStyle><color>ff00ff00</color><width>3</width></LineStyle></Style><LineString><coordinates>-70.7305683,-33.6573183,0 -70.7304933,-33.6572433,0</coordinates></LineString></Placemark><Placemark><name>Trabajado - Cuartel 1552 - Hilera 1684</name><Style><LineStyle><color>ff00ff00</color><width>3</width></LineStyle></Style><LineString><coordinates>-70.7304933,-33.6572433,0 -70.7306366,-33.6555283,0</coordinates></LineString></Placemark><Placemark><name>Trabajado - Cuartel 1552 - Hilera 1695</name><Style><LineStyle><color>ff00ff00</color><width>3</width></LineStyle></Style><LineString><coordinates>-70.7306249,-33.6548266,0 -70.7307133,-33.6547583,0</coordinates></LineString></Placemark><Placemark><name>Trabajado - Cuartel 1552 - Hilera 1700</name><Style><LineStyle><color>ff00ff00</color><width>3</width></LineStyle></Style><LineString><coordinates>-70.7306383,-33.6546366,0 -70.7307099,-33.6545583,0</coordinates></LineString></Placemark><Placemark><name>Trabajado - Cuartel 1552 - Hilera 1706</name><Style><LineStyle><color>ff00ff00</color><width>3</width></LineStyle></Style><LineString><coordinates>-70.73071624832909,-33.65456483697693,0 -70.7305433,-33.6573583,0</coordinates></LineString></Placemark><Placemark><name>Trabajado - Cuartel 1552 - Hilera 1722</name><Style><LineStyle><color>ff00ff00</color><width>3</width></LineStyle></Style><LineString><coordinates>-70.7304749,-33.6556283,0 -70.7305266,-33.6555233,0</coordinates></LineString></Placemark><Placemark><name>Trabajado - Cuartel 1552 - Hilera 1742</name><Style><LineStyle><color>ff00ff00</color><width>3</width></LineStyle></Style><LineString><coordinates>-70.7306733,-33.6547533,0 -70.730735,-33.6546866,0</coordinates></LineString></Placemark><Placemark><name>Trabajado - Cuartel 1552 - Hilera 1747</name><Style><LineStyle><color>ff00ff00</color><width>3</width></LineStyle></Style><LineString><coordinates>-70.7306533,-33.6552183,0 -70.7304333,-33.6554066,0</coordinates></LineString></Placemark><Placemark><name>Descartado (grupo chico) - Hilera 1554</name><Style><LineStyle><color>ff00ffff</color><width>3</width></LineStyle></Style><LineString><coordinates>-70.7269549,-33.6567383,0 -70.7268116,-33.6568166,0</coordinates></LineString></Placemark><Placemark><name>Trabajado - Cuartel 1555 - Hilera 1555</name><Style><LineStyle><color>ff00ff00</color><width>3</width></LineStyle></Style><LineString><coordinates>-70.7268116,-33.6568166,0 -70.7258583,-33.65669,0</coordinates></LineString></Placemark><Placemark><name>Trabajado - Cuartel 1555 - Hilera 1564</name><Style><LineStyle><color>ff00ff00</color><width>3</width></LineStyle></Style><LineString><coordinates>-70.7257566,-33.6563249,0 -70.7264316,-33.6563266,0</coordinates></LineString></Placemark><Placemark><name>Trabajado - Cuartel 1555 - Hilera 1565</name><Style><LineStyle><color>ff00ff00</color><width>3</width></LineStyle></Style><LineString><coordinates>-70.7264316,-33.6563266,0 -70.7271016,-33.6564216,0</coordinates></LineString></Placemark><Placemark><name>Trabajado - Cuartel 1555 - Hilera 1594</name><Style><LineStyle><color>ff00ff00</color><width>3</width></LineStyle></Style><LineString><coordinates>-70.72776272624341,-33.65684584268427,0 -70.72582,-33.6567366,0</coordinates></LineString></Placemark><Placemark><name>Trabajado - Cuartel 1555 - Hilera 1600</name><Style><LineStyle><color>ff00ff00</color><width>3</width></LineStyle></Style><LineString><coordinates>-70.72596,-33.6563583,0 -70.72736207355773,-33.656470635636246,0</coordinates></LineString></Placemark><Placemark><name>Trabajado - Cuartel 1555 - Hilera 1604</name><Style><LineStyle><color>ff00ff00</color><width>3</width></LineStyle></Style><LineString><coordinates>-70.727745,-33.65633,0 -70.7258733,-33.6562133,0</coordinates></LineString></Placemark><Placemark><name>Trabajado - Cuartel 1555 - Hilera 1620</name><Style><LineStyle><color>ff00ff00</color><width>3</width></LineStyle></Style><LineString><coordinates>-70.7258533,-33.6560249,0 -70.7277416,-33.656065,0</coordinates></LineString></Placemark><Placemark><name>Trabajado - Cuartel 1555 - Hilera 1653</name><Style><LineStyle><color>ff00ff00</color><width>3</width></LineStyle></Style><LineString><coordinates>-70.72582,-33.6556999,0 -70.7262766,-33.6556983,0</coordinates></LineString></Placemark><Placemark><name>Trabajado - Cuartel 1555 - Hilera 1654</name><Style><LineStyle><color>ff00ff00</color><width>3</width></LineStyle></Style><LineString><coordinates>-70.7262766,-33.6556983,0 -70.726775,-33.6557366,0</coordinates></LineString></Placemark><Placemark><name>Trabajado - Cuartel 1555 - Hilera 1661</name><Style><LineStyle><color>ff00ff00</color><width>3</width></LineStyle></Style><LineString><coordinates>-70.7273116,-33.6556583,0 -70.7258966,-33.6555583,0</coordinates></LineString></Placemark><Placemark><name>Trabajado - Cuartel 1555 - Hilera 1677</name><Style><LineStyle><color>ff00ff00</color><width>3</width></LineStyle></Style><LineString><coordinates>-70.7259933,-33.6549433,0 -70.72747673218187,-33.65499387905508,0</coordinates></LineString></Placemark><Placemark><name>Trabajado - Cuartel 1555 - Hilera 1687</name><Style><LineStyle><color>ff00ff00</color><width>3</width></LineStyle></Style><LineString><coordinates>-70.72787,-33.6553,0 -70.7258983,-33.654905,0</coordinates></LineString></Placemark><Placemark><name>Trabajado - Cuartel 1555 - Hilera 1719</name><Style><LineStyle><color>ff00ff00</color><width>3</width></LineStyle></Style><LineString><coordinates>-70.7269616,-33.6555066,0 -70.7258916,-33.655455,0</coordinates></LineString></Placemark><Placemark><name>Descartado (grupo chico) - Hilera 1556</name><Style><LineStyle><color>ff00ffff</color><width>3</width></LineStyle></Style><LineString><coordinates>-70.7258583,-33.65669,0 -70.7258033,-33.6566016,0</coordinates></LineString></Placemark><Placemark><name>Descartado (grupo chico) - Hilera 1595</name><Style><LineStyle><color>ff00ffff</color><width>3</width></LineStyle></Style><LineString><coordinates>-70.72582,-33.6567366,0 -70.7257766,-33.6566433,0</coordinates></LineString></Placemark><Placemark><name>Descartado (grupo chico) - Hilera 1606</name><Style><LineStyle><color>ff00ffff</color><width>3</width></LineStyle></Style><LineString><coordinates>-70.72578,-33.6563049,0 -70.7259833,-33.6569633,0</coordinates></LineString></Placemark><Placemark><name>Descartado (grupo chico) - Hilera 1563</name><Style><LineStyle><color>ff00ffff</color><width>3</width></LineStyle></Style><LineString><coordinates>-70.7259133,-33.656405,0 -70.7257566,-33.6563249,0</coordinates></LineString></Placemark><Placemark><name>Descartado (grupo chico) - Hilera 1619</name><Style><LineStyle><color>ff00ffff</color><width>3</width></LineStyle></Style><LineString><coordinates>-70.7260583,-33.6561133,0 -70.7258533,-33.6560249,0</coordinates></LineString></Placemark><Placemark><name>Descartado (grupo chico) - Hilera 1566</name><Style><LineStyle><color>ff00ffff</color><width>3</width></LineStyle></Style><LineString><coordinates>-70.7271083,-33.6564166,0 -70.727195,-33.6564683,0</coordinates></LineString></Placemark><Placemark><name>Descartado (grupo chico) - Hilera 1568</name><Style><LineStyle><color>ff00ffff</color><width>3</width></LineStyle></Style><LineString><coordinates>-70.7303616,-33.6566166,0 -70.7304733,-33.6565833,0</coordinates></LineString></Placemark><Placemark><name>Trabajado - Cuartel 1571 - Hilera 1571</name><Style><LineStyle><color>ff00ff00</color><width>3</width></LineStyle></Style><LineString><coordinates>-70.7258383,-33.656145,0 -70.725775,-33.6562283,0</coordinates></LineString></Placemark><Placemark><name>Trabajado - Cuartel 1571 - Hilera 1599</name><Style><LineStyle><color>ff00ff00</color><width>3</width></LineStyle></Style><LineString><coordinates>-70.7258016,-33.6564916,0 -70.72596,-33.6563583,0</coordinates></LineString></Placemark><Placemark><name>Trabajado - Cuartel 1571 - Hilera 1605</name><Style><LineStyle><color>ff00ff00</color><width>3</width></LineStyle></Style><LineString><coordinates>-70.7258733,-33.6562133,0 -70.72578,-33.6563049,0</coordinates></LineString></Placemark><Placemark><name>Trabajado - Cuartel 1571 - Hilera 1615</name><Style><LineStyle><color>ff00ff00</color><width>3</width></LineStyle></Style><LineString><coordinates>-70.7257833,-33.6564016,0 -70.7258966,-33.655905,0</coordinates></LineString></Placemark><Placemark><name>Trabajado - Cuartel 1571 - Hilera 1652</name><Style><LineStyle><color>ff00ff00</color><width>3</width></LineStyle></Style><LineString><coordinates>-70.72577,-33.6558016,0 -70.72582,-33.6556999,0</coordinates></LineString></Placemark><Placemark><name>Trabajado - Cuartel 1571 - Hilera 1662</name><Style><LineStyle><color>ff00ff00</color><width>3</width></LineStyle></Style><LineString><coordinates>-70.7258966,-33.6555583,0 -70.7259666,-33.6554833,0</coordinates></LineString></Placemark><Placemark><name>Trabajado - Cuartel 1571 - Hilera 1669</name><Style><LineStyle><color>ff00ff00</color><width>3</width></LineStyle></Style><LineString><coordinates>-70.725965,-33.6552883,0 -70.726125,-33.655205,0</coordinates></LineString></Placemark><Placemark><name>Trabajado - Cuartel 1571 - Hilera 1720</name><Style><LineStyle><color>ff00ff00</color><width>3</width></LineStyle></Style><LineString><coordinates>-70.7258916,-33.655455,0 -70.7259799,-33.65539,0</coordinates></LineString></Placemark><Placemark><name>Trabajado - Cuartel 1571 - Hilera 1731</name><Style><LineStyle><color>ff00ff00</color><width>3</width></LineStyle></Style><LineString><coordinates>-70.72610779857938,-33.654467298484256,0 -70.7259633,-33.6570516,0</coordinates></LineString></Placemark><Placemark><name>Descartado (grupo chico) - Hilera 1590</name><Style><LineStyle><color>ff00ffff</color><width>3</width></LineStyle></Style><LineString><coordinates>-70.7258983,-33.6570316,0 -70.7259466,-33.6568983,0</coordinates></LineString></Placemark><Placemark><name>Descartado (grupo chico) - Hilera 1592</name><Style><LineStyle><color>ff00ffff</color><width>3</width></LineStyle></Style><LineString><coordinates>-70.7304483,-33.6571433,0 -70.7305166,-33.65707,0</coordinates></LineString></Placemark><Placemark><name>Descartado (grupo chico) - Hilera 1664</name><Style><LineStyle><color>ff00ffff</color><width>3</width></LineStyle></Style><LineString><coordinates>-70.728555,-33.655615,0 -70.72866,-33.6555733,0</coordinates></LineString></Placemark><Placemark><name>Trabajado - Cuartel 1676 - Hilera 1676</name><Style><LineStyle><color>ff00ff00</color><width>3</width></LineStyle></Style><LineString><coordinates>-70.726,-33.6550483,0 -70.7259933,-33.6549433,0</coordinates></LineString></Placemark><Placemark><name>Trabajado - Cuartel 1676 - Hilera 1688</name><Style><LineStyle><color>ff00ff00</color><width>3</width></LineStyle></Style><LineString><coordinates>-70.7258983,-33.654905,0 -70.7259483,-33.65483,0</coordinates></LineString></Placemark><Placemark><name>Trabajado - Cuartel 1676 - Hilera 1724</name><Style><LineStyle><color>ff00ff00</color><width>3</width></LineStyle></Style><LineString><coordinates>-70.7258216,-33.6552516,0 -70.7258383,-33.6551366,0</coordinates></LineString></Placemark><Placemark><name>Trabajado - Cuartel 1676 - Hilera 1727</name><Style><LineStyle><color>ff00ff00</color><width>3</width></LineStyle></Style><LineString><coordinates>-70.7259616,-33.6550016,0 -70.7259616,-33.65488,0</coordinates></LineString></Placemark><Placemark><name>Trabajado - Cuartel 1676 - Hilera 1744</name><Style><LineStyle><color>ff00ff00</color><width>3</width></LineStyle></Style><LineString><coordinates>-70.7261783,-33.6543666,0 -70.7260316,-33.6547716,0</coordinates></LineString></Placemark><Placemark><name>Trabajado - Cuartel 1676 - Hilera 1745</name><Style><LineStyle><color>ff00ff00</color><width>3</width></LineStyle></Style><LineString><coordinates>-70.7260316,-33.6547716,0 -70.7260483,-33.6548866,0</coordinates></LineString></Placemark><Placemark><name>Trabajado - Cuartel 1676 - Hilera 1749</name><Style><LineStyle><color>ff00ff00</color><width>3</width></LineStyle></Style><LineString><coordinates>-70.7260416,-33.65513,0 -70.7260549,-33.6553033,0</coordinates></LineString></Placemark><Placemark><name>Descartado (grupo chico) - Hilera 1690</name><Style><LineStyle><color>ff00ffff</color><width>3</width></LineStyle></Style><LineString><coordinates>-70.73063,-33.6550249,0 -70.7305799,-33.6549416,0</coordinates></LineString></Placemark><Placemark><name>Descartado (grupo chico) - Hilera 1692</name><Style><LineStyle><color>ff00ffff</color><width>3</width></LineStyle></Style><LineString><coordinates>-70.72603,-33.65467,0 -70.7259416,-33.6546016,0</coordinates></LineString></Placemark><Placemark><name>Descartado (grupo chico) - Hilera 1702</name><Style><LineStyle><color>ff00ffff</color><width>3</width></LineStyle></Style><LineString><coordinates>-70.7262866,-33.6542716,0 -70.7261433,-33.654175,0</coordinates></LineString></Placemark><Placemark><name>Descartado (grupo chico) - Hilera 1693</name><Style><LineStyle><color>ff00ffff</color><width>3</width></LineStyle></Style><LineString><coordinates>-70.7259416,-33.6546016,0 -70.72605,-33.654555,0</coordinates></LineString></Placemark><Placemark><name>Descartado (grupo chico) - Hilera 1698</name><Style><LineStyle><color>ff00ffff</color><width>3</width></LineStyle></Style><LineString><coordinates>-70.7260849,-33.6544116,0 -70.7261983,-33.6543716,0</coordinates></LineString></Placemark><Placemark><name>Descartado (grupo chico) - Hilera 1703</name><Style><LineStyle><color>ff00ffff</color><width>3</width></LineStyle></Style><LineString><coordinates>-70.7261433,-33.654175,0 -70.7266333,-33.6542133,0</coordinates></LineString></Placemark><Placemark><name>Descartado (grupo chico) - Hilera 1740</name><Style><LineStyle><color>ff00ffff</color><width>3</width></LineStyle></Style><LineString><coordinates>-70.72609,-33.6544666,0 -70.72645,-33.6545616,0</coordinates></LineString></Placemark><Placemark><name>Descartado (grupo chico) - Hilera 1715</name><Style><LineStyle><color>ff00ffff</color><width>3</width></LineStyle></Style><LineString><coordinates>-70.7259183,-33.6557066,0 -70.7258566,-33.6556266,0</coordinates></LineString></Placemark><Placemark><name>Descartado (grupo chico) - Hilera 1753</name><Style><LineStyle><color>ff00ffff</color><width>3</width></LineStyle></Style><LineString><coordinates>-70.7259149,-33.655505,0 -70.7376566,-33.6564099,0</coordinates></LineString></Placemark><Placemark><name>Descartado (grupo chico) - Hilera 1754</name><Style><LineStyle><color>ff00ffff</color><width>3</width></LineStyle></Style><LineString><coordinates>-70.7385033,-33.6578783,0 -70.7436183,-33.6690833,0</coordinates></LineString></Placemark><Placemark><name>Descartado (grupo chico) - Hilera 1755</name><Style><LineStyle><color>ff00ffff</color><width>3</width></LineStyle></Style><LineString><coordinates>-70.7436183,-33.6690833,0 -70.7435449,-33.6692099,0</coordinates></LineString></Placemark><Placemark><name>Descartado (grupo chico) - Hilera 1756</name><Style><LineStyle><color>ff00ffff</color><width>3</width></LineStyle></Style><LineString><coordinates>-71.2654816,-34.65349,0 -71.26578,-34.654455,0</coordinates></LineString></Placemark><Placemark><name>Descartado (grupo chico) - Hilera 1759</name><Style><LineStyle><color>ff00ffff</color><width>3</width></LineStyle></Style><LineString><coordinates>-71.2657316,-34.65402,0 -71.2654733,-34.6535683,0</coordinates></LineString></Placemark><Placemark><name>Descartado (grupo chico) - Hilera 1757</name><Style><LineStyle><color>ff00ffff</color><width>3</width></LineStyle></Style><LineString><coordinates>-71.26578,-34.654455,0 -71.26566,-34.6545516,0</coordinates></LineString></Placemark><Placemark><name>Descartado (grupo chico) - Hilera 1758</name><Style><LineStyle><color>ff00ffff</color><width>3</width></LineStyle></Style><LineString><coordinates>-71.26566,-34.6545516,0 -71.2657316,-34.65402,0</coordinates></LineString></Placemark><Placemark><name>Descartado (grupo chico) - Hilera 1760</name><Style><LineStyle><color>ff00ffff</color><width>3</width></LineStyle></Style><LineString><coordinates>-71.2654733,-34.6535683,0 -71.2655583,-34.65347,0</coordinates></LineString></Placemark><Placemark><name>Descartado (grupo chico) - Hilera 1761</name><Style><LineStyle><color>ff00ffff</color><width>3</width></LineStyle></Style><LineString><coordinates>-71.3884283,-34.5318466,0 -71.3883433,-34.5317816,0</coordinates></LineString></Placemark><Placemark><name>Trabajado - Cuartel 1762 - Hilera 1762</name><Style><LineStyle><color>ff00ff00</color><width>3</width></LineStyle></Style><LineString><coordinates>-71.62408226948162,-33.67950616810184,0 -71.6240333,-33.679055,0</coordinates></LineString></Placemark><Placemark><name>Trabajado - Cuartel 1762 - Hilera 1763</name><Style><LineStyle><color>ff00ff00</color><width>3</width></LineStyle></Style><LineString><coordinates>-71.62411524470534,-33.67902936267527,0 -71.6238949,-33.6790983,0</coordinates></LineString></Placemark><Placemark><name>Trabajado - Cuartel 1762 - Hilera 1764</name><Style><LineStyle><color>ff00ff00</color><width>3</width></LineStyle></Style><LineString><coordinates>-71.6238949,-33.6790983,0 -71.6239783,-33.6792283,0</coordinates></LineString></Placemark><Placemark><name>Trabajado - Cuartel 1762 - Hilera 1765</name><Style><LineStyle><color>ff00ff00</color><width>3</width></LineStyle></Style><LineString><coordinates>-71.62443572783606,-33.67949834162656,0 -71.6238283,-33.6790966,0</coordinates></LineString></Placemark><Placemark><name>Trabajado - Cuartel 1762 - Hilera 1766</name><Style><LineStyle><color>ff00ff00</color><width>3</width></LineStyle></Style><LineString><coordinates>-71.62404759677976,-33.67911438562692,0 -71.623705,-33.6790866,0</coordinates></LineString></Placemark><Placemark><name>Trabajado - Cuartel 1762 - Hilera 1767</name><Style><LineStyle><color>ff00ff00</color><width>3</width></LineStyle></Style><LineString><coordinates>-71.6236766,-33.6791033,0 -71.6240883,-33.6794633,0</coordinates></LineString></Placemark><Placemark><name>Trabajado - Cuartel 1762 - Hilera 1768</name><Style><LineStyle><color>ff00ff00</color><width>3</width></LineStyle></Style><LineString><coordinates>-71.6241576205402,-33.67933304620316,0 -71.62391353363317,-33.679791687268384,0</coordinates></LineString></Placemark><Placemark><name>Trabajado - Cuartel 1762 - Hilera 1864</name><Style><LineStyle><color>ff00ff00</color><width>3</width></LineStyle></Style><LineString><coordinates>-71.62137,-33.6776666,0 -71.6234133,-33.6782083,0</coordinates></LineString></Placemark><Placemark><name>Trabajado - Cuartel 1762 - Hilera 1865</name><Style><LineStyle><color>ff00ff00</color><width>3</width></LineStyle></Style><LineString><coordinates>-71.6234133,-33.6782083,0 -71.6239183,-33.6790116,0</coordinates></LineString></Placemark><Placemark><name>Trabajado - Cuartel 1762 - Hilera 1866</name><Style><LineStyle><color>ff00ff00</color><width>3</width></LineStyle></Style><LineString><coordinates>-71.62402379354003,-33.67904687250302,0 -71.6237316,-33.6790616,0</coordinates></LineString></Placemark><Placemark><name>Trabajado - Cuartel 1762 - Hilera 1867</name><Style><LineStyle><color>ff00ff00</color><width>3</width></LineStyle></Style><LineString><coordinates>-71.6237433,-33.6790766,0 -71.6242316,-33.6793749,0</coordinates></LineString></Placemark><Placemark><name>Trabajado - Cuartel 1762 - Hilera 1868</name><Style><LineStyle><color>ff00ff00</color><width>3</width></LineStyle></Style><LineString><coordinates>-71.6242415075221,-33.67938953068181,0 -71.6240533,-33.6791116,0</coordinates></LineString></Placemark><Placemark><name>Trabajado - Cuartel 1762 - Hilera 1869</name><Style><LineStyle><color>ff00ff00</color><width>3</width></LineStyle></Style><LineString><coordinates>-71.62430084625926,-33.679349122667816,0 -71.622695,-33.6778083,0</coordinates></LineString></Placemark><Placemark><name>Trabajado - Cuartel 1762 - Hilera 1929</name><Style><LineStyle><color>ff00ff00</color><width>3</width></LineStyle></Style><LineString><coordinates>-71.6237466,-33.6787133,0 -71.6238783,-33.6791683,0</coordinates></LineString></Placemark><Placemark><name>Trabajado - Cuartel 1762 - Hilera 1930</name><Style><LineStyle><color>ff00ff00</color><width>3</width></LineStyle></Style><LineString><coordinates>-71.6238783,-33.6791683,0 -71.623775,-33.6791583,0</coordinates></LineString></Placemark><Placemark><name>Trabajado - Cuartel 1762 - Hilera 1931</name><Style><LineStyle><color>ff00ff00</color><width>3</width></LineStyle></Style><LineString><coordinates>-71.6237666,-33.6791633,0 -71.6236766,-33.6790649,0</coordinates></LineString></Placemark><Placemark><name>Trabajado - Cuartel 1762 - Hilera 1932</name><Style><LineStyle><color>ff00ff00</color><width>3</width></LineStyle></Style><LineString><coordinates>-71.62372,-33.6790716,0 -71.6237533,-33.6791666,0</coordinates></LineString></Placemark><Placemark><name>Trabajado - Cuartel 1762 - Hilera 1933</name><Style><LineStyle><color>ff00ff00</color><width>3</width></LineStyle></Style><LineString><coordinates>-71.6237533,-33.6791666,0 -71.6237616,-33.6790749,0</coordinates></LineString></Placemark><Placemark><name>Trabajado - Cuartel 1762 - Hilera 1934</name><Style><LineStyle><color>ff00ff00</color><width>3</width></LineStyle></Style><LineString><coordinates>-71.624155,-33.6793283,0 -71.6228849,-33.6778816,0</coordinates></LineString></Placemark><Placemark><name>Trabajado - Cuartel 1762 - Hilera 2003</name><Style><LineStyle><color>ff00ff00</color><width>3</width></LineStyle></Style><LineString><coordinates>-71.62562108262529,-33.679179145641164,0 -71.624568981446,-33.679451457763875,0</coordinates></LineString></Placemark><Placemark><name>Trabajado - Cuartel 1762 - Hilera 2004</name><Style><LineStyle><color>ff00ff00</color><width>3</width></LineStyle></Style><LineString><coordinates>-71.624575,-33.6794499,0 -71.6237333,-33.6790816,0</coordinates></LineString></Placemark><Placemark><name>Trabajado - Cuartel 1762 - Hilera 2005</name><Style><LineStyle><color>ff00ff00</color><width>3</width></LineStyle></Style><LineString><coordinates>-71.6242149,-33.6793516,0 -71.6242533,-33.6791533,0</coordinates></LineString></Placemark><Placemark><name>Trabajado - Cuartel 1762 - Hilera 2006</name><Style><LineStyle><color>ff00ff00</color><width>3</width></LineStyle></Style><LineString><coordinates>-71.6242533,-33.6791533,0 -71.6241499,-33.6789066,0</coordinates></LineString></Placemark><Placemark><name>Trabajado - Cuartel 1762 - Hilera 2007</name><Style><LineStyle><color>ff00ff00</color><width>3</width></LineStyle></Style><LineString><coordinates>-71.6241499,-33.6789066,0 -71.624045,-33.6788766,0</coordinates></LineString></Placemark><Placemark><name>Trabajado - Cuartel 1762 - Hilera 2008</name><Style><LineStyle><color>ff00ff00</color><width>3</width></LineStyle></Style><LineString><coordinates>-71.624045,-33.6788766,0 -71.6239666,-33.67892,0</coordinates></LineString></Placemark><Placemark><name>Trabajado - Cuartel 1762 - Hilera 2009</name><Style><LineStyle><color>ff00ff00</color><width>3</width></LineStyle></Style><LineString><coordinates>-71.6239499,-33.6789899,0 -71.62415328552133,-33.67936214039388,0</coordinates></LineString></Placemark><Placemark><name>Trabajado - Cuartel 1762 - Hilera 2010</name><Style><LineStyle><color>ff00ff00</color><width>3</width></LineStyle></Style><LineString><coordinates>-71.6241266,-33.6793133,0 -71.6247733,-33.6793666,0</coordinates></LineString></Placemark><Placemark><name>Trabajado - Cuartel 1762 - Hilera 2011</name><Style><LineStyle><color>ff00ff00</color><width>3</width></LineStyle></Style><LineString><coordinates>-71.6247733,-33.6793666,0 -71.6256399,-33.6790566,0</coordinates></LineString></Placemark><Placemark><name>Trabajado - Cuartel 1762 - Hilera 2062</name><Style><LineStyle><color>ff00ff00</color><width>3</width></LineStyle></Style><LineString><coordinates>-71.6245666,-33.679445,0 -71.6241091179653,-33.67929180211578,0</coordinates></LineString></Placemark><Placemark><name>Trabajado - Cuartel 1762 - Hilera 2063</name><Style><LineStyle><color>ff00ff00</color><width>3</width></LineStyle></Style><LineString><coordinates>-71.62414910792391,-33.67933611603733,0 -71.62404898219302,-33.67910672745809,0</coordinates></LineString></Placemark><Placemark><name>Trabajado - Cuartel 1762 - Hilera 2064</name><Style><LineStyle><color>ff00ff00</color><width>3</width></LineStyle></Style><LineString><coordinates>-71.62408,-33.6791399,0 -71.6241283,-33.6790599,0</coordinates></LineString></Placemark><Placemark><name>Trabajado - Cuartel 1762 - Hilera 2065</name><Style><LineStyle><color>ff00ff00</color><width>3</width></LineStyle></Style><LineString><coordinates>-71.6241283,-33.6790599,0 -71.62396187913839,-33.679124804136016,0</coordinates></LineString></Placemark><Placemark><name>Trabajado - Cuartel 1762 - Hilera 2066</name><Style><LineStyle><color>ff00ff00</color><width>3</width></LineStyle></Style><LineString><coordinates>-71.6240866,-33.6792183,0 -71.6245783,-33.6794166,0</coordinates></LineString></Placemark><Placemark><name>Trabajado - Cuartel 1762 - Hilera 2067</name><Style><LineStyle><color>ff00ff00</color><width>3</width></LineStyle></Style><LineString><coordinates>-71.6245783,-33.6794166,0 -71.6256266,-33.6791849,0</coordinates></LineString></Placemark><Placemark><name>Trabajado - Cuartel 1762 - Hilera 2090</name><Style><LineStyle><color>ff00ff00</color><width>3</width></LineStyle></Style><LineString><coordinates>-71.62574202258347,-33.67918618949293,0 -71.62439853364269,-33.679502296951306,0</coordinates></LineString></Placemark><Placemark><name>Trabajado - Cuartel 1762 - Hilera 2091</name><Style><LineStyle><color>ff00ff00</color><width>3</width></LineStyle></Style><LineString><coordinates>-71.6245783,-33.67946,0 -71.6242049,-33.679345,0</coordinates></LineString></Placemark><Placemark><name>Trabajado - Cuartel 1762 - Hilera 2092</name><Style><LineStyle><color>ff00ff00</color><width>3</width></LineStyle></Style><LineString><coordinates>-71.62399321919081,-33.67968871063501,0 -71.62402697301032,-33.67882798823654,0</coordinates></LineString></Placemark><Placemark><name>Trabajado - Cuartel 1762 - Hilera 2093</name><Style><LineStyle><color>ff00ff00</color><width>3</width></LineStyle></Style><LineString><coordinates>-71.624015,-33.6791333,0 -71.6241049,-33.679055,0</coordinates></LineString></Placemark><Placemark><name>Trabajado - Cuartel 1762 - Hilera 2094</name><Style><LineStyle><color>ff00ff00</color><width>3</width></LineStyle></Style><LineString><coordinates>-71.62415023146661,-33.67895458219422,0 -71.6240733,-33.679125,0</coordinates></LineString></Placemark><Placemark><name>Trabajado - Cuartel 1762 - Hilera 2152</name><Style><LineStyle><color>ff00ff00</color><width>3</width></LineStyle></Style><LineString><coordinates>-71.6236183,-33.6799166,0 -71.62427201056353,-33.67932286738068,0</coordinates></LineString></Placemark><Placemark><name>Trabajado - Cuartel 1762 - Hilera 2153</name><Style><LineStyle><color>ff00ff00</color><width>3</width></LineStyle></Style><LineString><coordinates>-71.6240183,-33.6795533,0 -71.6239483,-33.6791083,0</coordinates></LineString></Placemark><Placemark><name>Trabajado - Cuartel 1762 - Hilera 2154</name><Style><LineStyle><color>ff00ff00</color><width>3</width></LineStyle></Style><LineString><coordinates>-71.6239483,-33.6791083,0 -71.6241183,-33.6790416,0</coordinates></LineString></Placemark><Placemark><name>Trabajado - Cuartel 1762 - Hilera 2155</name><Style><LineStyle><color>ff00ff00</color><width>3</width></LineStyle></Style><LineString><coordinates>-71.62423526107669,-33.67916680078103,0 -71.6239983,-33.6788933,0</coordinates></LineString></Placemark><Placemark><name>Trabajado - Cuartel 1762 - Hilera 2156</name><Style><LineStyle><color>ff00ff00</color><width>3</width></LineStyle></Style><LineString><coordinates>-71.6242083,-33.6793466,0 -71.6245583,-33.6794133,0</coordinates></LineString></Placemark><Placemark><name>Trabajado - Cuartel 1762 - Hilera 2157</name><Style><LineStyle><color>ff00ff00</color><width>3</width></LineStyle></Style><LineString><coordinates>-71.6245583,-33.6794133,0 -71.6256,-33.6791533,0</coordinates></LineString></Placemark><Placemark><name>Trabajado - Cuartel 1762 - Hilera 2232</name><Style><LineStyle><color>ff00ff00</color><width>3</width></LineStyle></Style><LineString><coordinates>-71.62367084706312,-33.67985905293683,0 -71.6242092401475,-33.679320659852515,0</coordinates></LineString></Placemark><Placemark><name>Trabajado - Cuartel 1762 - Hilera 2233</name><Style><LineStyle><color>ff00ff00</color><width>3</width></LineStyle></Style><LineString><coordinates>-71.62435606653247,-33.67914892105176,0 -71.62411,-33.6795216,0</coordinates></LineString></Placemark><Placemark><name>Trabajado - Cuartel 1762 - Hilera 2275</name><Style><LineStyle><color>ff00ff00</color><width>3</width></LineStyle></Style><LineString><coordinates>-71.6240948221293,-33.67904945333487,0 -71.62430887574745,-33.67922611036262,0</coordinates></LineString></Placemark><Placemark><name>Trabajado - Cuartel 1762 - Hilera 2276</name><Style><LineStyle><color>ff00ff00</color><width>3</width></LineStyle></Style><LineString><coordinates>-71.6241883,-33.6793616,0 -71.6241883,-33.6789483,0</coordinates></LineString></Placemark><Placemark><name>Trabajado - Cuartel 1762 - Hilera 2277</name><Style><LineStyle><color>ff00ff00</color><width>3</width></LineStyle></Style><LineString><coordinates>-71.6241883,-33.6790283,0 -71.6242716,-33.6789583,0</coordinates></LineString></Placemark><Placemark><name>Trabajado - Cuartel 1762 - Hilera 2278</name><Style><LineStyle><color>ff00ff00</color><width>3</width></LineStyle></Style><LineString><coordinates>-71.6242716,-33.6789583,0 -71.624465,-33.6793399,0</coordinates></LineString></Placemark><Placemark><name>Trabajado - Cuartel 1762 - Hilera 2279</name><Style><LineStyle><color>ff00ff00</color><width>3</width></LineStyle></Style><LineString><coordinates>-71.62412970547159,-33.679387334922474,0 -71.6257133,-33.6791633,0</coordinates></LineString></Placemark><Placemark><name>Trabajado - Cuartel 1762 - Hilera 2318</name><Style><LineStyle><color>ff00ff00</color><width>3</width></LineStyle></Style><LineString><coordinates>-71.6240649,-33.6794616,0 -71.62429490962857,-33.67935475431105,0</coordinates></LineString></Placemark><Placemark><name>Trabajado - Cuartel 1762 - Hilera 2319</name><Style><LineStyle><color>ff00ff00</color><width>3</width></LineStyle></Style><LineString><coordinates>-71.6241116,-33.6790916,0 -71.623855,-33.6797916,0</coordinates></LineString></Placemark><Placemark><name>Trabajado - Cuartel 1762 - Hilera 2429</name><Style><LineStyle><color>ff00ff00</color><width>3</width></LineStyle></Style><LineString><coordinates>-71.6256816,-33.6792216,0 -71.6244433,-33.6794216,0</coordinates></LineString></Placemark><Placemark><name>Trabajado - Cuartel 1762 - Hilera 2430</name><Style><LineStyle><color>ff00ff00</color><width>3</width></LineStyle></Style><LineString><coordinates>-71.6244433,-33.6794216,0 -71.6241583,-33.6793566,0</coordinates></LineString></Placemark><Placemark><name>Trabajado - Cuartel 1762 - Hilera 2569</name><Style><LineStyle><color>ff00ff00</color><width>3</width></LineStyle></Style><LineString><coordinates>-71.6238949,-33.68004,0 -71.62414350018089,-33.67902118172406,0</coordinates></LineString></Placemark><Placemark><name>Trabajado - Cuartel 1762 - Hilera 2570</name><Style><LineStyle><color>ff00ff00</color><width>3</width></LineStyle></Style><LineString><coordinates>-71.6240466,-33.6794183,0 -71.6241766,-33.6793616,0</coordinates></LineString></Placemark><Placemark><name>Trabajado - Cuartel 1762 - Hilera 2571</name><Style><LineStyle><color>ff00ff00</color><width>3</width></LineStyle></Style><LineString><coordinates>-71.6238383,-33.6790866,0 -71.6239466,-33.6790783,0</coordinates></LineString></Placemark><Placemark><name>Trabajado - Cuartel 1762 - Hilera 2572</name><Style><LineStyle><color>ff00ff00</color><width>3</width></LineStyle></Style><LineString><coordinates>-71.6239466,-33.6790783,0 -71.62405,-33.6791066,0</coordinates></LineString></Placemark><Placemark><name>Trabajado - Cuartel 1762 - Hilera 2584</name><Style><LineStyle><color>ff00ff00</color><width>3</width></LineStyle></Style><LineString><coordinates>-71.6239983,-33.6793016,0 -71.6237883,-33.6791433,0</coordinates></LineString></Placemark><Placemark><name>Trabajado - Cuartel 1762 - Hilera 2585</name><Style><LineStyle><color>ff00ff00</color><width>3</width></LineStyle></Style><LineString><coordinates>-71.623745,-33.6791466,0 -71.62431199332629,-33.67902286499623,0</coordinates></LineString></Placemark><Placemark><name>Trabajado - Cuartel 1762 - Hilera 2586</name><Style><LineStyle><color>ff00ff00</color><width>3</width></LineStyle></Style><LineString><coordinates>-71.62431043078827,-33.67902348731146,0 -71.62412098987643,-33.678941116328275,0</coordinates></LineString></Placemark><Placemark><name>Trabajado - Cuartel 1762 - Hilera 2587</name><Style><LineStyle><color>ff00ff00</color><width>3</width></LineStyle></Style><LineString><coordinates>-71.6241083,-33.6789616,0 -71.622185,-33.6776266,0</coordinates></LineString></Placemark><Placemark><name>Trabajado - Cuartel 1762 - Hilera 2671</name><Style><LineStyle><color>ff00ff00</color><width>3</width></LineStyle></Style><LineString><coordinates>-71.6222966,-33.67772,0 -71.6232666,-33.6781216,0</coordinates></LineString></Placemark><Placemark><name>Trabajado - Cuartel 1762 - Hilera 2672</name><Style><LineStyle><color>ff00ff00</color><width>3</width></LineStyle></Style><LineString><coordinates>-71.6232666,-33.6781216,0 -71.62423978615938,-33.67938011605885,0</coordinates></LineString></Placemark><Placemark><name>Trabajado - Cuartel 1762 - Hilera 2673</name><Style><LineStyle><color>ff00ff00</color><width>3</width></LineStyle></Style><LineString><coordinates>-71.62390361185923,-33.67904461516915,0 -71.62414108571771,-33.67900509273412,0</coordinates></LineString></Placemark><Placemark><name>Trabajado - Cuartel 1762 - Hilera 2674</name><Style><LineStyle><color>ff00ff00</color><width>3</width></LineStyle></Style><LineString><coordinates>-71.6240483,-33.6789366,0 -71.6239733,-33.6789883,0</coordinates></LineString></Placemark><Placemark><name>Trabajado - Cuartel 1762 - Hilera 2675</name><Style><LineStyle><color>ff00ff00</color><width>3</width></LineStyle></Style><LineString><coordinates>-71.6239733,-33.6789883,0 -71.6222983,-33.6776816,0</coordinates></LineString></Placemark><Placemark><name>Trabajado - Cuartel 1762 - Hilera 2693</name><Style><LineStyle><color>ff00ff00</color><width>3</width></LineStyle></Style><LineString><coordinates>-71.6229683,-33.6779183,0 -71.6241783,-33.6793599,0</coordinates></LineString></Placemark><Placemark><name>Trabajado - Cuartel 1762 - Hilera 2694</name><Style><LineStyle><color>ff00ff00</color><width>3</width></LineStyle></Style><LineString><coordinates>-71.6240516,-33.6790766,0 -71.6238499,-33.6790016,0</coordinates></LineString></Placemark><Placemark><name>Trabajado - Cuartel 1762 - Hilera 2777</name><Style><LineStyle><color>ff00ff00</color><width>3</width></LineStyle></Style><LineString><coordinates>-71.62351456192525,-33.67996700475574,0 -71.6242457177817,-33.6793265674977,0</coordinates></LineString></Placemark><Placemark><name>Trabajado - Cuartel 1762 - Hilera 2778</name><Style><LineStyle><color>ff00ff00</color><width>3</width></LineStyle></Style><LineString><coordinates>-71.6242666,-33.6793433,0 -71.6241616,-33.6789416,0</coordinates></LineString></Placemark><Placemark><name>Trabajado - Cuartel 1762 - Hilera 2779</name><Style><LineStyle><color>ff00ff00</color><width>3</width></LineStyle></Style><LineString><coordinates>-71.6241616,-33.6789416,0 -71.6240416,-33.6789716,0</coordinates></LineString></Placemark><Placemark><name>Trabajado - Cuartel 1762 - Hilera 2883</name><Style><LineStyle><color>ff00ff00</color><width>3</width></LineStyle></Style><LineString><coordinates>-71.6240283,-33.6789183,0 -71.6242383,-33.6789616,0</coordinates></LineString></Placemark><Placemark><name>Trabajado - Cuartel 1762 - Hilera 2884</name><Style><LineStyle><color>ff00ff00</color><width>3</width></LineStyle></Style><LineString><coordinates>-71.6243066,-33.6789983,0 -71.6240683,-33.6791533,0</coordinates></LineString></Placemark><Placemark><name>Trabajado - Cuartel 1762 - Hilera 2885</name><Style><LineStyle><color>ff00ff00</color><width>3</width></LineStyle></Style><LineString><coordinates>-71.6240683,-33.6791533,0 -71.6239333,-33.6797416,0</coordinates></LineString></Placemark><Placemark><name>Trabajado - Cuartel 1762 - Hilera 2917</name><Style><LineStyle><color>ff00ff00</color><width>3</width></LineStyle></Style><LineString><coordinates>-71.6242183,-33.67932,0 -71.6240033,-33.679125,0</coordinates></LineString></Placemark><Placemark><name>Trabajado - Cuartel 1762 - Hilera 2918</name><Style><LineStyle><color>ff00ff00</color><width>3</width></LineStyle></Style><LineString><coordinates>-71.6241866,-33.6793633,0 -71.6234133,-33.68,0</coordinates></LineString></Placemark><Placemark><name>Trabajado - Cuartel 1762 - Hilera 2953</name><Style><LineStyle><color>ff00ff00</color><width>3</width></LineStyle></Style><LineString><coordinates>-71.6240033,-33.67966,0 -71.62408462027739,-33.67897931474981,0</coordinates></LineString></Placemark><Placemark><name>Trabajado - Cuartel 1762 - Hilera 3023</name><Style><LineStyle><color>ff00ff00</color><width>3</width></LineStyle></Style><LineString><coordinates>-71.6242683,-33.67932,0 -71.6242016,-33.6789883,0</coordinates></LineString></Placemark><Placemark><name>Trabajado - Cuartel 1762 - Hilera 3024</name><Style><LineStyle><color>ff00ff00</color><width>3</width></LineStyle></Style><LineString><coordinates>-71.6241383,-33.6789599,0 -71.6239897898863,-33.679012928535,0</coordinates></LineString></Placemark><Placemark><name>Trabajado - Cuartel 1762 - Hilera 3025</name><Style><LineStyle><color>ff00ff00</color><width>3</width></LineStyle></Style><LineString><coordinates>-71.624115,-33.6790449,0 -71.6240299,-33.6790166,0</coordinates></LineString></Placemark><Placemark><name>Trabajado - Cuartel 1762 - Hilera 3126</name><Style><LineStyle><color>ff00ff00</color><width>3</width></LineStyle></Style><LineString><coordinates>-71.6243366,-33.6791399,0 -71.6241716,-33.6790983,0</coordinates></LineString></Placemark><Placemark><name>Trabajado - Cuartel 1762 - Hilera 3127</name><Style><LineStyle><color>ff00ff00</color><width>3</width></LineStyle></Style><LineString><coordinates>-71.6242766,-33.6791499,0 -71.62431,-33.6793466,0</coordinates></LineString></Placemark><Placemark><name>Trabajado - Cuartel 1762 - Hilera 3161</name><Style><LineStyle><color>ff00ff00</color><width>3</width></LineStyle></Style><LineString><coordinates>-71.624125,-33.6790416,0 -71.6241833,-33.6793333,0</coordinates></LineString></Placemark><Placemark><name>Trabajado - Cuartel 1762 - Hilera 3250</name><Style><LineStyle><color>ff00ff00</color><width>3</width></LineStyle></Style><LineString><coordinates>-71.62420322868316,-33.67908473052218,0 -71.6240349,-33.6789216,0</coordinates></LineString></Placemark><Placemark><name>Trabajado - Cuartel 1762 - Hilera 3251</name><Style><LineStyle><color>ff00ff00</color><width>3</width></LineStyle></Style><LineString><coordinates>-71.624125,-33.679025,0 -71.6242166,-33.6793333,0</coordinates></LineString></Placemark><Placemark><name>Trabajado - Cuartel 1762 - Hilera 3252</name><Style><LineStyle><color>ff00ff00</color><width>3</width></LineStyle></Style><LineString><coordinates>-71.6243216,-33.6793716,0 -71.62418087453013,-33.67939726621976,0</coordinates></LineString></Placemark><Placemark><name>Trabajado - Cuartel 1762 - Hilera 3267</name><Style><LineStyle><color>ff00ff00</color><width>3</width></LineStyle></Style><LineString><coordinates>-71.6241983,-33.6790883,0 -71.6239383,-33.6790983,0</coordinates></LineString></Placemark><Placemark><name>Trabajado - Cuartel 1762 - Hilera 3268</name><Style><LineStyle><color>ff00ff00</color><width>3</width></LineStyle></Style><LineString><coordinates>-71.62413580799875,-33.67896627809948,0 -71.6239583,-33.6791066,0</coordinates></LineString></Placemark><Placemark><name>Trabajado - Cuartel 1762 - Hilera 3269</name><Style><LineStyle><color>ff00ff00</color><width>3</width></LineStyle></Style><LineString><coordinates>-71.6240133,-33.6790833,0 -71.6241983,-33.6793749,0</coordinates></LineString></Placemark><Placemark><name>Trabajado - Cuartel 1762 - Hilera 3270</name><Style><LineStyle><color>ff00ff00</color><width>3</width></LineStyle></Style><LineString><coordinates>-71.62421194196381,-33.67929550039504,0 -71.6237783,-33.679845,0</coordinates></LineString></Placemark><Placemark><name>Trabajado - Cuartel 1762 - Hilera 3296</name><Style><LineStyle><color>ff00ff00</color><width>3</width></LineStyle></Style><LineString><coordinates>-71.6238,-33.67986,0 -71.623995,-33.6796966,0</coordinates></LineString></Placemark><Placemark><name>Trabajado - Cuartel 1762 - Hilera 3297</name><Style><LineStyle><color>ff00ff00</color><width>3</width></LineStyle></Style><LineString><coordinates>-71.62398856050648,-33.67973287827634,0 -71.62411556354837,-33.67901737923283,0</coordinates></LineString></Placemark><Placemark><name>Trabajado - Cuartel 1762 - Hilera 3298</name><Style><LineStyle><color>ff00ff00</color><width>3</width></LineStyle></Style><LineString><coordinates>-71.62407949946278,-33.679030935027136,0 -71.6241499,-33.6793516,0</coordinates></LineString></Placemark><Placemark><name>Trabajado - Cuartel 1762 - Hilera 3359</name><Style><LineStyle><color>ff00ff00</color><width>3</width></LineStyle></Style><LineString><coordinates>-71.624020908771,-33.679066580814855,0 -71.6242016,-33.6789483,0</coordinates></LineString></Placemark><Placemark><name>Trabajado - Cuartel 1762 - Hilera 3360</name><Style><LineStyle><color>ff00ff00</color><width>3</width></LineStyle></Style><LineString><coordinates>-71.6241883,-33.6790533,0 -71.6238883,-33.6798,0</coordinates></LineString></Placemark><Placemark><name>Trabajado - Cuartel 1762 - Hilera 3395</name><Style><LineStyle><color>ff00ff00</color><width>3</width></LineStyle></Style><LineString><coordinates>-71.6239416,-33.67973,0 -71.6239883,-33.6790816,0</coordinates></LineString></Placemark><Placemark><name>Trabajado - Cuartel 1762 - Hilera 3433</name><Style><LineStyle><color>ff00ff00</color><width>3</width></LineStyle></Style><LineString><coordinates>-71.6240733,-33.6790866,0 -71.6234566,-33.6782399,0</coordinates></LineString></Placemark><Placemark><name>Trabajado - Cuartel 1762 - Hilera 3434</name><Style><LineStyle><color>ff00ff00</color><width>3</width></LineStyle></Style><LineString><coordinates>-71.6234566,-33.6782399,0 -71.6225099,-33.6777933,0</coordinates></LineString></Placemark><Placemark><name>Trabajado - Cuartel 1762 - Hilera 3503</name><Style><LineStyle><color>ff00ff00</color><width>3</width></LineStyle></Style><LineString><coordinates>-71.6233183,-33.6781666,0 -71.62427214588708,-33.67936730689726,0</coordinates></LineString></Placemark><Placemark><name>Trabajado - Cuartel 1762 - Hilera 3592</name><Style><LineStyle><color>ff00ff00</color><width>3</width></LineStyle></Style><LineString><coordinates>-71.62369,-33.6798783,0 -71.6239866,-33.67962,0</coordinates></LineString></Placemark><Placemark><name>Trabajado - Cuartel 1762 - Hilera 3593</name><Style><LineStyle><color>ff00ff00</color><width>3</width></LineStyle></Style><LineString><coordinates>-71.6239866,-33.67962,0 -71.62406794570352,-33.67897779707751,0</coordinates></LineString></Placemark><Placemark><name>Trabajado - Cuartel 1769 - Hilera 1769</name><Style><LineStyle><color>ff00ff00</color><width>3</width></LineStyle></Style><LineString><coordinates>-71.6239916,-33.679645,0 -71.6205333,-33.6805266,0</coordinates></LineString></Placemark><Placemark><name>Trabajado - Cuartel 1769 - Hilera 1771</name><Style><LineStyle><color>ff00ff00</color><width>3</width></LineStyle></Style><LineString><coordinates>-71.62385711443058,-33.67979697852389,0 -71.61947223534794,-33.68100684888251,0</coordinates></LineString></Placemark><Placemark><name>Trabajado - Cuartel 1769 - Hilera 2317</name><Style><LineStyle><color>ff00ff00</color><width>3</width></LineStyle></Style><LineString><coordinates>-71.6205333,-33.6805383,0 -71.6240299,-33.6795066,0</coordinates></LineString></Placemark><Placemark><name>Trabajado - Cuartel 1769 - Hilera 2886</name><Style><LineStyle><color>ff00ff00</color><width>3</width></LineStyle></Style><LineString><coordinates>-71.6239333,-33.6797416,0 -71.6205983,-33.68078,0</coordinates></LineString></Placemark><Placemark><name>Trabajado - Cuartel 1769 - Hilera 3026</name><Style><LineStyle><color>ff00ff00</color><width>3</width></LineStyle></Style><LineString><coordinates>-71.6240066,-33.6795849,0 -71.6205066,-33.6805766,0</coordinates></LineString></Placemark><Placemark><name>Trabajado - Cuartel 1769 - Hilera 3504</name><Style><LineStyle><color>ff00ff00</color><width>3</width></LineStyle></Style><LineString><coordinates>-71.62426536695935,-33.67934086529386,0 -71.6195133,-33.68103,0</coordinates></LineString></Placemark><Placemark><name>Trabajado - Cuartel 1769 - Hilera 3591</name><Style><LineStyle><color>ff00ff00</color><width>3</width></LineStyle></Style><LineString><coordinates>-71.6194933,-33.681065,0 -71.62369,-33.6798783,0</coordinates></LineString></Placemark><Placemark><name>Descartado (grupo chico) - Hilera 1770</name><Style><LineStyle><color>ff00ffff</color><width>3</width></LineStyle></Style><LineString><coordinates>-71.6205333,-33.6805266,0 -71.620385,-33.680755,0</coordinates></LineString></Placemark><Placemark><name>Descartado (grupo chico) - Hilera 2316</name><Style><LineStyle><color>ff00ffff</color><width>3</width></LineStyle></Style><LineString><coordinates>-71.6204866,-33.680695,0 -71.6205333,-33.6805383,0</coordinates></LineString></Placemark><Placemark><name>Descartado (grupo chico) - Hilera 3027</name><Style><LineStyle><color>ff00ffff</color><width>3</width></LineStyle></Style><LineString><coordinates>-71.6205066,-33.6805766,0 -71.6204433,-33.680755,0</coordinates></LineString></Placemark><Placemark><name>Descartado (grupo chico) - Hilera 1772</name><Style><LineStyle><color>ff00ffff</color><width>3</width></LineStyle></Style><LineString><coordinates>-71.6195333,-33.68099,0 -71.6193533,-33.6919433,0</coordinates></LineString></Placemark><Placemark><name>Descartado (grupo chico) - Hilera 2314</name><Style><LineStyle><color>ff00ffff</color><width>3</width></LineStyle></Style><LineString><coordinates>-71.6193983,-33.6915133,0 -71.6195083,-33.6810199,0</coordinates></LineString></Placemark><Placemark><name>Descartado (grupo chico) - Hilera 1773</name><Style><LineStyle><color>ff00ffff</color><width>3</width></LineStyle></Style><LineString><coordinates>-71.6193533,-33.6919433,0 -71.616505,-33.6919916,0</coordinates></LineString></Placemark><Placemark><name>Descartado (grupo chico) - Hilera 1774</name><Style><LineStyle><color>ff00ffff</color><width>3</width></LineStyle></Style><LineString><coordinates>-71.616505,-33.6919916,0 -71.6165366,-33.6938116,0</coordinates></LineString></Placemark><Placemark><name>Trabajado - Cuartel 1775 - Hilera 1775</name><Style><LineStyle><color>ff00ff00</color><width>3</width></LineStyle></Style><LineString><coordinates>-71.6165366,-33.6938116,0 -71.6166116,-33.693885,0</coordinates></LineString></Placemark><Placemark><name>Trabajado - Cuartel 1775 - Hilera 1777</name><Style><LineStyle><color>ff00ff00</color><width>3</width></LineStyle></Style><LineString><coordinates>-71.616775,-33.6938899,0 -71.6168899,-33.6940449,0</coordinates></LineString></Placemark><Placemark><name>Trabajado - Cuartel 1775 - Hilera 1779</name><Style><LineStyle><color>ff00ff00</color><width>3</width></LineStyle></Style><LineString><coordinates>-71.61685,-33.6942216,0 -71.6169649,-33.6944399,0</coordinates></LineString></Placemark><Placemark><name>Trabajado - Cuartel 1775 - Hilera 2329</name><Style><LineStyle><color>ff00ff00</color><width>3</width></LineStyle></Style><LineString><coordinates>-71.6175333,-33.6951633,0 -71.6174433,-33.6949783,0</coordinates></LineString></Placemark><Placemark><name>Trabajado - Cuartel 1775 - Hilera 2331</name><Style><LineStyle><color>ff00ff00</color><width>3</width></LineStyle></Style><LineString><coordinates>-71.6174766,-33.6947333,0 -71.6173433,-33.6945416,0</coordinates></LineString></Placemark><Placemark><name>Descartado (grupo chico) - Hilera 1776</name><Style><LineStyle><color>ff00ffff</color><width>3</width></LineStyle></Style><LineString><coordinates>-71.6166116,-33.693885,0 -71.616775,-33.6938899,0</coordinates></LineString></Placemark><Placemark><name>Descartado (grupo chico) - Hilera 1778</name><Style><LineStyle><color>ff00ffff</color><width>3</width></LineStyle></Style><LineString><coordinates>-71.6168899,-33.6940449,0 -71.61685,-33.6942216,0</coordinates></LineString></Placemark><Placemark><name>Descartado (grupo chico) - Hilera 1780</name><Style><LineStyle><color>ff00ffff</color><width>3</width></LineStyle></Style><LineString><coordinates>-71.6169649,-33.6944399,0 -71.617275,-33.6945949,0</coordinates></LineString></Placemark><Placemark><name>Descartado (grupo chico) - Hilera 1781</name><Style><LineStyle><color>ff00ffff</color><width>3</width></LineStyle></Style><LineString><coordinates>-71.617275,-33.6945949,0 -71.6170966,-33.6948633,0</coordinates></LineString></Placemark><Placemark><name>Descartado (grupo chico) - Hilera 1782</name><Style><LineStyle><color>ff00ffff</color><width>3</width></LineStyle></Style><LineString><coordinates>-71.6170966,-33.6948633,0 -71.6163466,-33.6952783,0</coordinates></LineString></Placemark><Placemark><name>Descartado (grupo chico) - Hilera 1783</name><Style><LineStyle><color>ff00ffff</color><width>3</width></LineStyle></Style><LineString><coordinates>-71.6163466,-33.6952783,0 -71.6163866,-33.701595,0</coordinates></LineString></Placemark><Placemark><name>Descartado (grupo chico) - Hilera 1784</name><Style><LineStyle><color>ff00ffff</color><width>3</width></LineStyle></Style><LineString><coordinates>-71.6163866,-33.701595,0 -71.6134816,-33.7016716,0</coordinates></LineString></Placemark><Placemark><name>Trabajado - Cuartel 1785 - Hilera 1785</name><Style><LineStyle><color>ff00ff00</color><width>3</width></LineStyle></Style><LineString><coordinates>-71.6134816,-33.7016716,0 -71.6134533,-33.70176,0</coordinates></LineString></Placemark><Placemark><name>Trabajado - Cuartel 1785 - Hilera 1787</name><Style><LineStyle><color>ff00ff00</color><width>3</width></LineStyle></Style><LineString><coordinates>-71.6133866,-33.7018333,0 -71.61337699559239,-33.702508269994844,0</coordinates></LineString></Placemark><Placemark><name>Trabajado - Cuartel 1785 - Hilera 1788</name><Style><LineStyle><color>ff00ff00</color><width>3</width></LineStyle></Style><LineString><coordinates>-71.61338,-33.7025083,0 -71.6133033,-33.70244,0</coordinates></LineString></Placemark><Placemark><name>Trabajado - Cuartel 1785 - Hilera 1789</name><Style><LineStyle><color>ff00ff00</color><width>3</width></LineStyle></Style><LineString><coordinates>-71.6133033,-33.70244,0 -71.6133416,-33.7018549,0</coordinates></LineString></Placemark><Placemark><name>Trabajado - Cuartel 1785 - Hilera 1790</name><Style><LineStyle><color>ff00ff00</color><width>3</width></LineStyle></Style><LineString><coordinates>-71.6133416,-33.7018549,0 -71.6132066,-33.701725,0</coordinates></LineString></Placemark><Placemark><name>Trabajado - Cuartel 1785 - Hilera 1791</name><Style><LineStyle><color>ff00ff00</color><width>3</width></LineStyle></Style><LineString><coordinates>-71.6132066,-33.701725,0 -71.613165,-33.7019216,0</coordinates></LineString></Placemark><Placemark><name>Trabajado - Cuartel 1785 - Hilera 1792</name><Style><LineStyle><color>ff00ff00</color><width>3</width></LineStyle></Style><LineString><coordinates>-71.613165,-33.7019216,0 -71.61316097135187,-33.70248845448944,0</coordinates></LineString></Placemark><Placemark><name>Trabajado - Cuartel 1785 - Hilera 1793</name><Style><LineStyle><color>ff00ff00</color><width>3</width></LineStyle></Style><LineString><coordinates>-71.61313,-33.7024883,0 -71.61245437868861,-33.70232221806504,0</coordinates></LineString></Placemark><Placemark><name>Trabajado - Cuartel 1785 - Hilera 1794</name><Style><LineStyle><color>ff00ff00</color><width>3</width></LineStyle></Style><LineString><coordinates>-71.6130283,-33.7024633,0 -71.61314754230054,-33.701843873182156,0</coordinates></LineString></Placemark><Placemark><name>Trabajado - Cuartel 1785 - Hilera 1795</name><Style><LineStyle><color>ff00ff00</color><width>3</width></LineStyle></Style><LineString><coordinates>-71.6131433,-33.7018433,0 -71.6130716,-33.701755,0</coordinates></LineString></Placemark><Placemark><name>Trabajado - Cuartel 1785 - Hilera 1797</name><Style><LineStyle><color>ff00ff00</color><width>3</width></LineStyle></Style><LineString><coordinates>-71.6129666,-33.701785,0 -71.6129366,-33.7023616,0</coordinates></LineString></Placemark><Placemark><name>Trabajado - Cuartel 1785 - Hilera 1798</name><Style><LineStyle><color>ff00ff00</color><width>3</width></LineStyle></Style><LineString><coordinates>-71.6129366,-33.7023616,0 -71.6128616,-33.7022883,0</coordinates></LineString></Placemark><Placemark><name>Trabajado - Cuartel 1785 - Hilera 1799</name><Style><LineStyle><color>ff00ff00</color><width>3</width></LineStyle></Style><LineString><coordinates>-71.6128616,-33.7022883,0 -71.6128866,-33.701815,0</coordinates></LineString></Placemark><Placemark><name>Trabajado - Cuartel 1785 - Hilera 1800</name><Style><LineStyle><color>ff00ff00</color><width>3</width></LineStyle></Style><LineString><coordinates>-71.6128866,-33.701815,0 -71.6128166,-33.7017416,0</coordinates></LineString></Placemark><Placemark><name>Trabajado - Cuartel 1785 - Hilera 1801</name><Style><LineStyle><color>ff00ff00</color><width>3</width></LineStyle></Style><LineString><coordinates>-71.6128166,-33.7017416,0 -71.61274559347392,-33.702015874135164,0</coordinates></LineString></Placemark><Placemark><name>Trabajado - Cuartel 1785 - Hilera 1802</name><Style><LineStyle><color>ff00ff00</color><width>3</width></LineStyle></Style><LineString><coordinates>-71.61278705758653,-33.70183116479146,0 -71.61274,-33.7023049,0</coordinates></LineString></Placemark><Placemark><name>Trabajado - Cuartel 1785 - Hilera 1803</name><Style><LineStyle><color>ff00ff00</color><width>3</width></LineStyle></Style><LineString><coordinates>-71.61274,-33.7023049,0 -71.6126533,-33.7022516,0</coordinates></LineString></Placemark><Placemark><name>Trabajado - Cuartel 1785 - Hilera 1804</name><Style><LineStyle><color>ff00ff00</color><width>3</width></LineStyle></Style><LineString><coordinates>-71.6126533,-33.7022516,0 -71.6126649,-33.7017433,0</coordinates></LineString></Placemark><Placemark><name>Trabajado - Cuartel 1785 - Hilera 1806</name><Style><LineStyle><color>ff00ff00</color><width>3</width></LineStyle></Style><LineString><coordinates>-71.61257,-33.7017866,0 -71.6125516,-33.7018783,0</coordinates></LineString></Placemark><Placemark><name>Trabajado - Cuartel 1785 - Hilera 1807</name><Style><LineStyle><color>ff00ff00</color><width>3</width></LineStyle></Style><LineString><coordinates>-71.6125516,-33.7018783,0 -71.61253,-33.7021683,0</coordinates></LineString></Placemark><Placemark><name>Trabajado - Cuartel 1785 - Hilera 1808</name><Style><LineStyle><color>ff00ff00</color><width>3</width></LineStyle></Style><LineString><coordinates>-71.61253,-33.7021683,0 -71.6125533,-33.70235,0</coordinates></LineString></Placemark><Placemark><name>Trabajado - Cuartel 1785 - Hilera 1809</name><Style><LineStyle><color>ff00ff00</color><width>3</width></LineStyle></Style><LineString><coordinates>-71.6124616,-33.7023016,0 -71.6124517252151,-33.70162142957532,0</coordinates></LineString></Placemark><Placemark><name>Trabajado - Cuartel 1785 - Hilera 1810</name><Style><LineStyle><color>ff00ff00</color><width>3</width></LineStyle></Style><LineString><coordinates>-71.6124533,-33.7017299,0 -71.612375,-33.7016566,0</coordinates></LineString></Placemark><Placemark><name>Trabajado - Cuartel 1785 - Hilera 1811</name><Style><LineStyle><color>ff00ff00</color><width>3</width></LineStyle></Style><LineString><coordinates>-71.612375,-33.7016566,0 -71.6123366,-33.702275,0</coordinates></LineString></Placemark><Placemark><name>Trabajado - Cuartel 1785 - Hilera 1813</name><Style><LineStyle><color>ff00ff00</color><width>3</width></LineStyle></Style><LineString><coordinates>-71.6120066,-33.7023883,0 -71.6117816,-33.70236,0</coordinates></LineString></Placemark><Placemark><name>Trabajado - Cuartel 1785 - Hilera 1814</name><Style><LineStyle><color>ff00ff00</color><width>3</width></LineStyle></Style><LineString><coordinates>-71.61177498273611,-33.70255184409524,0 -71.611805,-33.7016816,0</coordinates></LineString></Placemark><Placemark><name>Trabajado - Cuartel 1785 - Hilera 1816</name><Style><LineStyle><color>ff00ff00</color><width>3</width></LineStyle></Style><LineString><coordinates>-71.6124399,-33.7018666,0 -71.6123816,-33.70178,0</coordinates></LineString></Placemark><Placemark><name>Trabajado - Cuartel 1785 - Hilera 1817</name><Style><LineStyle><color>ff00ff00</color><width>3</width></LineStyle></Style><LineString><coordinates>-71.6123816,-33.70178,0 -71.612285,-33.7017133,0</coordinates></LineString></Placemark><Placemark><name>Trabajado - Cuartel 1785 - Hilera 1819</name><Style><LineStyle><color>ff00ff00</color><width>3</width></LineStyle></Style><LineString><coordinates>-71.6122166,-33.7017916,0 -71.6121899,-33.7025083,0</coordinates></LineString></Placemark><Placemark><name>Trabajado - Cuartel 1785 - Hilera 1820</name><Style><LineStyle><color>ff00ff00</color><width>3</width></LineStyle></Style><LineString><coordinates>-71.6121899,-33.7025083,0 -71.6120883,-33.7024666,0</coordinates></LineString></Placemark><Placemark><name>Trabajado - Cuartel 1785 - Hilera 1821</name><Style><LineStyle><color>ff00ff00</color><width>3</width></LineStyle></Style><LineString><coordinates>-71.6120883,-33.7024666,0 -71.6121066,-33.701845,0</coordinates></LineString></Placemark><Placemark><name>Trabajado - Cuartel 1785 - Hilera 1822</name><Style><LineStyle><color>ff00ff00</color><width>3</width></LineStyle></Style><LineString><coordinates>-71.6121066,-33.701845,0 -71.6120683,-33.7017533,0</coordinates></LineString></Placemark><Placemark><name>Trabajado - Cuartel 1785 - Hilera 1823</name><Style><LineStyle><color>ff00ff00</color><width>3</width></LineStyle></Style><LineString><coordinates>-71.6120683,-33.7017533,0 -71.6119433,-33.7023383,0</coordinates></LineString></Placemark><Placemark><name>Trabajado - Cuartel 1785 - Hilera 1824</name><Style><LineStyle><color>ff00ff00</color><width>3</width></LineStyle></Style><LineString><coordinates>-71.61189513428234,-33.70188072568242,0 -71.6119633,-33.7025283,0</coordinates></LineString></Placemark><Placemark><name>Trabajado - Cuartel 1785 - Hilera 1826</name><Style><LineStyle><color>ff00ff00</color><width>3</width></LineStyle></Style><LineString><coordinates>-71.6117649,-33.7025516,0 -71.611835,-33.7016833,0</coordinates></LineString></Placemark><Placemark><name>Trabajado - Cuartel 1785 - Hilera 1827</name><Style><LineStyle><color>ff00ff00</color><width>3</width></LineStyle></Style><LineString><coordinates>-71.61181441374545,-33.70169037135486,0 -71.6118966,-33.7018583,0</coordinates></LineString></Placemark><Placemark><name>Trabajado - Cuartel 1785 - Hilera 3211</name><Style><LineStyle><color>ff00ff00</color><width>3</width></LineStyle></Style><LineString><coordinates>-71.6114383,-33.7017116,0 -71.6114683,-33.7019033,0</coordinates></LineString></Placemark><Placemark><name>Descartado (grupo chico) - Hilera 1786</name><Style><LineStyle><color>ff00ffff</color><width>3</width></LineStyle></Style><LineString><coordinates>-71.6134533,-33.70176,0 -71.6133866,-33.7018333,0</coordinates></LineString></Placemark><Placemark><name>Descartado (grupo chico) - Hilera 1796</name><Style><LineStyle><color>ff00ffff</color><width>3</width></LineStyle></Style><LineString><coordinates>-71.6130716,-33.701755,0 -71.6129666,-33.701785,0</coordinates></LineString></Placemark><Placemark><name>Descartado (grupo chico) - Hilera 1805</name><Style><LineStyle><color>ff00ffff</color><width>3</width></LineStyle></Style><LineString><coordinates>-71.6126649,-33.7017433,0 -71.61257,-33.7017866,0</coordinates></LineString></Placemark><Placemark><name>Descartado (grupo chico) - Hilera 1815</name><Style><LineStyle><color>ff00ffff</color><width>3</width></LineStyle></Style><LineString><coordinates>-71.6114389596059,-33.701716460989914,0 -71.612435,-33.7016216,0</coordinates></LineString></Placemark><Placemark><name>Descartado (grupo chico) - Hilera 1828</name><Style><LineStyle><color>ff00ffff</color><width>3</width></LineStyle></Style><LineString><coordinates>-71.6118966,-33.7018583,0 -71.6126816,-33.7016133,0</coordinates></LineString></Placemark><Placemark><name>Descartado (grupo chico) - Hilera 1812</name><Style><LineStyle><color>ff00ffff</color><width>3</width></LineStyle></Style><LineString><coordinates>-71.6123366,-33.702275,0 -71.6120066,-33.7023883,0</coordinates></LineString></Placemark><Placemark><name>Descartado (grupo chico) - Hilera 1818</name><Style><LineStyle><color>ff00ffff</color><width>3</width></LineStyle></Style><LineString><coordinates>-71.612285,-33.7017133,0 -71.6122166,-33.7017916,0</coordinates></LineString></Placemark><Placemark><name>Descartado (grupo chico) - Hilera 1825</name><Style><LineStyle><color>ff00ffff</color><width>3</width></LineStyle></Style><LineString><coordinates>-71.6118833,-33.7018816,0 -71.6117983,-33.70195,0</coordinates></LineString></Placemark><Placemark><name>Descartado (grupo chico) - Hilera 3214</name><Style><LineStyle><color>ff00ffff</color><width>3</width></LineStyle></Style><LineString><coordinates>-71.61138,-33.7017049,0 -71.6111749,-33.7018083,0</coordinates></LineString></Placemark><Placemark><name>Descartado (grupo chico) - Hilera 1829</name><Style><LineStyle><color>ff00ffff</color><width>3</width></LineStyle></Style><LineString><coordinates>-71.6126816,-33.7016133,0 -71.612775,-33.691995,0</coordinates></LineString></Placemark><Placemark><name>Descartado (grupo chico) - Hilera 1830</name><Style><LineStyle><color>ff00ffff</color><width>3</width></LineStyle></Style><LineString><coordinates>-71.612775,-33.691995,0 -71.6146033,-33.6919349,0</coordinates></LineString></Placemark><Placemark><name>Descartado (grupo chico) - Hilera 1831</name><Style><LineStyle><color>ff00ffff</color><width>3</width></LineStyle></Style><LineString><coordinates>-71.6146033,-33.6919349,0 -71.6147133,-33.6880366,0</coordinates></LineString></Placemark><Placemark><name>Descartado (grupo chico) - Hilera 3202</name><Style><LineStyle><color>ff00ffff</color><width>3</width></LineStyle></Style><LineString><coordinates>-71.6145366,-33.6902583,0 -71.6145466,-33.6894716,0</coordinates></LineString></Placemark><Placemark><name>Trabajado - Cuartel 1832 - Hilera 1832</name><Style><LineStyle><color>ff00ff00</color><width>3</width></LineStyle></Style><LineString><coordinates>-71.6147133,-33.6880366,0 -71.6155233,-33.6879916,0</coordinates></LineString></Placemark><Placemark><name>Trabajado - Cuartel 1832 - Hilera 3007</name><Style><LineStyle><color>ff00ff00</color><width>3</width></LineStyle></Style><LineString><coordinates>-71.6136316,-33.6880116,0 -71.61421,-33.6879716,0</coordinates></LineString></Placemark><Placemark><name>Trabajado - Cuartel 1832 - Hilera 3008</name><Style><LineStyle><color>ff00ff00</color><width>3</width></LineStyle></Style><LineString><coordinates>-71.6142583,-33.68799,0 -71.6154416,-33.6879799,0</coordinates></LineString></Placemark><Placemark><name>Trabajado - Cuartel 1832 - Hilera 3122</name><Style><LineStyle><color>ff00ff00</color><width>3</width></LineStyle></Style><LineString><coordinates>-71.61384,-33.6880116,0 -71.6155283,-33.687935,0</coordinates></LineString></Placemark><Placemark><name>Trabajado - Cuartel 1832 - Hilera 3204</name><Style><LineStyle><color>ff00ff00</color><width>3</width></LineStyle></Style><LineString><coordinates>-71.6144516,-33.688045,0 -71.6137183,-33.6880233,0</coordinates></LineString></Placemark><Placemark><name>Trabajado - Cuartel 1833 - Hilera 1833</name><Style><LineStyle><color>ff00ff00</color><width>3</width></LineStyle></Style><LineString><coordinates>-71.6155233,-33.6879916,0 -71.6156233,-33.6857066,0</coordinates></LineString></Placemark><Placemark><name>Trabajado - Cuartel 1833 - Hilera 2921</name><Style><LineStyle><color>ff00ff00</color><width>3</width></LineStyle></Style><LineString><coordinates>-71.6147183,-33.682585,0 -71.6147416,-33.6832616,0</coordinates></LineString></Placemark><Placemark><name>Trabajado - Cuartel 1833 - Hilera 2922</name><Style><LineStyle><color>ff00ff00</color><width>3</width></LineStyle></Style><LineString><coordinates>-71.6147416,-33.6832616,0 -71.6146716,-33.6833216,0</coordinates></LineString></Placemark><Placemark><name>Trabajado - Cuartel 1833 - Hilera 2925</name><Style><LineStyle><color>ff00ff00</color><width>3</width></LineStyle></Style><LineString><coordinates>-71.612635,-33.68342,0 -71.6117616,-33.6867133,0</coordinates></LineString></Placemark><Placemark><name>Trabajado - Cuartel 1833 - Hilera 2926</name><Style><LineStyle><color>ff00ff00</color><width>3</width></LineStyle></Style><LineString><coordinates>-71.61181,-33.6865266,0 -71.6117649,-33.6871216,0</coordinates></LineString></Placemark><Placemark><name>Trabajado - Cuartel 1833 - Hilera 2927</name><Style><LineStyle><color>ff00ff00</color><width>3</width></LineStyle></Style><LineString><coordinates>-71.6117966,-33.6871416,0 -71.6117366,-33.6875533,0</coordinates></LineString></Placemark><Placemark><name>Trabajado - Cuartel 1833 - Hilera 2928</name><Style><LineStyle><color>ff00ff00</color><width>3</width></LineStyle></Style><LineString><coordinates>-71.6117366,-33.6875533,0 -71.611775,-33.6879533,0</coordinates></LineString></Placemark><Placemark><name>Trabajado - Cuartel 1833 - Hilera 2930</name><Style><LineStyle><color>ff00ff00</color><width>3</width></LineStyle></Style><LineString><coordinates>-71.6119033,-33.687905,0 -71.6119766,-33.687215,0</coordinates></LineString></Placemark><Placemark><name>Trabajado - Cuartel 1833 - Hilera 2931</name><Style><LineStyle><color>ff00ff00</color><width>3</width></LineStyle></Style><LineString><coordinates>-71.6119766,-33.687215,0 -71.6120283,-33.6857483,0</coordinates></LineString></Placemark><Placemark><name>Trabajado - Cuartel 1833 - Hilera 2932</name><Style><LineStyle><color>ff00ff00</color><width>3</width></LineStyle></Style><LineString><coordinates>-71.6119733,-33.6859266,0 -71.61223132785109,-33.687092372486894,0</coordinates></LineString></Placemark><Placemark><name>Trabajado - Cuartel 1833 - Hilera 2933</name><Style><LineStyle><color>ff00ff00</color><width>3</width></LineStyle></Style><LineString><coordinates>-71.6120316,-33.68619,0 -71.61191053153014,-33.68653746650847,0</coordinates></LineString></Placemark><Placemark><name>Trabajado - Cuartel 1833 - Hilera 2934</name><Style><LineStyle><color>ff00ff00</color><width>3</width></LineStyle></Style><LineString><coordinates>-71.61188,-33.68653,0 -71.6120666,-33.6868866,0</coordinates></LineString></Placemark><Placemark><name>Trabajado - Cuartel 1833 - Hilera 2935</name><Style><LineStyle><color>ff00ff00</color><width>3</width></LineStyle></Style><LineString><coordinates>-71.61211992646365,-33.68625078447203,0 -71.61198471170107,-33.68786296048718,0</coordinates></LineString></Placemark><Placemark><name>Trabajado - Cuartel 1833 - Hilera 2937</name><Style><LineStyle><color>ff00ff00</color><width>3</width></LineStyle></Style><LineString><coordinates>-71.6120566,-33.6879116,0 -71.6121299,-33.6869333,0</coordinates></LineString></Placemark><Placemark><name>Trabajado - Cuartel 1833 - Hilera 2938</name><Style><LineStyle><color>ff00ff00</color><width>3</width></LineStyle></Style><LineString><coordinates>-71.6121299,-33.6869333,0 -71.6120716,-33.6868566,0</coordinates></LineString></Placemark><Placemark><name>Trabajado - Cuartel 1833 - Hilera 2939</name><Style><LineStyle><color>ff00ff00</color><width>3</width></LineStyle></Style><LineString><coordinates>-71.6120733,-33.6861949,0 -71.61211,-33.6860016,0</coordinates></LineString></Placemark><Placemark><name>Trabajado - Cuartel 1833 - Hilera 2940</name><Style><LineStyle><color>ff00ff00</color><width>3</width></LineStyle></Style><LineString><coordinates>-71.61211,-33.6860016,0 -71.6120666,-33.685905,0</coordinates></LineString></Placemark><Placemark><name>Trabajado - Cuartel 1833 - Hilera 2941</name><Style><LineStyle><color>ff00ff00</color><width>3</width></LineStyle></Style><LineString><coordinates>-71.6120666,-33.685905,0 -71.61212,-33.6857116,0</coordinates></LineString></Placemark><Placemark><name>Trabajado - Cuartel 1833 - Hilera 2942</name><Style><LineStyle><color>ff00ff00</color><width>3</width></LineStyle></Style><LineString><coordinates>-71.61212,-33.6857116,0 -71.6122333,-33.6856449,0</coordinates></LineString></Placemark><Placemark><name>Trabajado - Cuartel 1833 - Hilera 2943</name><Style><LineStyle><color>ff00ff00</color><width>3</width></LineStyle></Style><LineString><coordinates>-71.6122333,-33.6856449,0 -71.612185,-33.6858166,0</coordinates></LineString></Placemark><Placemark><name>Trabajado - Cuartel 1833 - Hilera 2944</name><Style><LineStyle><color>ff00ff00</color><width>3</width></LineStyle></Style><LineString><coordinates>-71.612185,-33.6858166,0 -71.6121633,-33.6865483,0</coordinates></LineString></Placemark><Placemark><name>Trabajado - Cuartel 1833 - Hilera 2945</name><Style><LineStyle><color>ff00ff00</color><width>3</width></LineStyle></Style><LineString><coordinates>-71.6121899,-33.6865733,0 -71.6121866,-33.6868983,0</coordinates></LineString></Placemark><Placemark><name>Trabajado - Cuartel 1833 - Hilera 2946</name><Style><LineStyle><color>ff00ff00</color><width>3</width></LineStyle></Style><LineString><coordinates>-71.6122466,-33.68709,0 -71.6122170615959,-33.68792640323157,0</coordinates></LineString></Placemark><Placemark><name>Trabajado - Cuartel 1833 - Hilera 2948</name><Style><LineStyle><color>ff00ff00</color><width>3</width></LineStyle></Style><LineString><coordinates>-71.612155,-33.6878616,0 -71.612165,-33.68568,0</coordinates></LineString></Placemark><Placemark><name>Trabajado - Cuartel 1833 - Hilera 2951</name><Style><LineStyle><color>ff00ff00</color><width>3</width></LineStyle></Style><LineString><coordinates>-71.612095,-33.6855916,0 -71.6128316,-33.683015,0</coordinates></LineString></Placemark><Placemark><name>Trabajado - Cuartel 1833 - Hilera 2956</name><Style><LineStyle><color>ff00ff00</color><width>3</width></LineStyle></Style><LineString><coordinates>-71.6125916,-33.6832949,0 -71.6121266,-33.6856033,0</coordinates></LineString></Placemark><Placemark><name>Trabajado - Cuartel 1833 - Hilera 2958</name><Style><LineStyle><color>ff00ff00</color><width>3</width></LineStyle></Style><LineString><coordinates>-71.6125033,-33.6856766,0 -71.6124566,-33.6871516,0</coordinates></LineString></Placemark><Placemark><name>Trabajado - Cuartel 1833 - Hilera 2959</name><Style><LineStyle><color>ff00ff00</color><width>3</width></LineStyle></Style><LineString><coordinates>-71.6124783,-33.687125,0 -71.6125033,-33.6879633,0</coordinates></LineString></Placemark><Placemark><name>Trabajado - Cuartel 1833 - Hilera 2960</name><Style><LineStyle><color>ff00ff00</color><width>3</width></LineStyle></Style><LineString><coordinates>-71.612555,-33.6879433,0 -71.6125883,-33.6873183,0</coordinates></LineString></Placemark><Placemark><name>Trabajado - Cuartel 1833 - Hilera 2962</name><Style><LineStyle><color>ff00ff00</color><width>3</width></LineStyle></Style><LineString><coordinates>-71.6125,-33.6873016,0 -71.6125033,-33.6861566,0</coordinates></LineString></Placemark><Placemark><name>Trabajado - Cuartel 1833 - Hilera 2964</name><Style><LineStyle><color>ff00ff00</color><width>3</width></LineStyle></Style><LineString><coordinates>-71.6126016,-33.68621,0 -71.612625,-33.6858866,0</coordinates></LineString></Placemark><Placemark><name>Trabajado - Cuartel 1833 - Hilera 2965</name><Style><LineStyle><color>ff00ff00</color><width>3</width></LineStyle></Style><LineString><coordinates>-71.61270341214926,-33.68606273377954,0 -71.6125649,-33.6857516,0</coordinates></LineString></Placemark><Placemark><name>Trabajado - Cuartel 1833 - Hilera 2966</name><Style><LineStyle><color>ff00ff00</color><width>3</width></LineStyle></Style><LineString><coordinates>-71.6125649,-33.6857516,0 -71.61302791588686,-33.6855906909168,0</coordinates></LineString></Placemark><Placemark><name>Trabajado - Cuartel 1833 - Hilera 2967</name><Style><LineStyle><color>ff00ff00</color><width>3</width></LineStyle></Style><LineString><coordinates>-71.61268,-33.6857116,0 -71.61274,-33.6859383,0</coordinates></LineString></Placemark><Placemark><name>Trabajado - Cuartel 1833 - Hilera 2968</name><Style><LineStyle><color>ff00ff00</color><width>3</width></LineStyle></Style><LineString><coordinates>-71.61274,-33.6859383,0 -71.61265,-33.6859983,0</coordinates></LineString></Placemark><Placemark><name>Trabajado - Cuartel 1833 - Hilera 2969</name><Style><LineStyle><color>ff00ff00</color><width>3</width></LineStyle></Style><LineString><coordinates>-71.6127016,-33.6860633,0 -71.6126616,-33.6862983,0</coordinates></LineString></Placemark><Placemark><name>Trabajado - Cuartel 1833 - Hilera 2970</name><Style><LineStyle><color>ff00ff00</color><width>3</width></LineStyle></Style><LineString><coordinates>-71.6126616,-33.6862983,0 -71.612575,-33.68635,0</coordinates></LineString></Placemark><Placemark><name>Trabajado - Cuartel 1833 - Hilera 2971</name><Style><LineStyle><color>ff00ff00</color><width>3</width></LineStyle></Style><LineString><coordinates>-71.6126416,-33.6863633,0 -71.61268,-33.6865566,0</coordinates></LineString></Placemark><Placemark><name>Trabajado - Cuartel 1833 - Hilera 2972</name><Style><LineStyle><color>ff00ff00</color><width>3</width></LineStyle></Style><LineString><coordinates>-71.61268,-33.6865566,0 -71.6127033,-33.6864283,0</coordinates></LineString></Placemark><Placemark><name>Trabajado - Cuartel 1833 - Hilera 2973</name><Style><LineStyle><color>ff00ff00</color><width>3</width></LineStyle></Style><LineString><coordinates>-71.6127033,-33.6864283,0 -71.6126816,-33.6867299,0</coordinates></LineString></Placemark><Placemark><name>Trabajado - Cuartel 1833 - Hilera 2974</name><Style><LineStyle><color>ff00ff00</color><width>3</width></LineStyle></Style><LineString><coordinates>-71.6126816,-33.6867299,0 -71.6127033,-33.6870083,0</coordinates></LineString></Placemark><Placemark><name>Trabajado - Cuartel 1833 - Hilera 2975</name><Style><LineStyle><color>ff00ff00</color><width>3</width></LineStyle></Style><LineString><coordinates>-71.6127083,-33.686965,0 -71.6126583,-33.687725,0</coordinates></LineString></Placemark><Placemark><name>Trabajado - Cuartel 1833 - Hilera 2976</name><Style><LineStyle><color>ff00ff00</color><width>3</width></LineStyle></Style><LineString><coordinates>-71.61263894410816,-33.68650695530578,0 -71.6126883,-33.6879066,0</coordinates></LineString></Placemark><Placemark><name>Trabajado - Cuartel 1833 - Hilera 2977</name><Style><LineStyle><color>ff00ff00</color><width>3</width></LineStyle></Style><LineString><coordinates>-71.61339074002997,-33.68734381574104,0 -71.612555,-33.686395,0</coordinates></LineString></Placemark><Placemark><name>Trabajado - Cuartel 1833 - Hilera 2979</name><Style><LineStyle><color>ff00ff00</color><width>3</width></LineStyle></Style><LineString><coordinates>-71.612785,-33.6864333,0 -71.6129483,-33.6879383,0</coordinates></LineString></Placemark><Placemark><name>Trabajado - Cuartel 1833 - Hilera 2981</name><Style><LineStyle><color>ff00ff00</color><width>3</width></LineStyle></Style><LineString><coordinates>-71.6128666,-33.6878716,0 -71.6128066,-33.6870316,0</coordinates></LineString></Placemark><Placemark><name>Trabajado - Cuartel 1833 - Hilera 2982</name><Style><LineStyle><color>ff00ff00</color><width>3</width></LineStyle></Style><LineString><coordinates>-71.6128066,-33.6870316,0 -71.6128316,-33.6869616,0</coordinates></LineString></Placemark><Placemark><name>Trabajado - Cuartel 1833 - Hilera 2984</name><Style><LineStyle><color>ff00ff00</color><width>3</width></LineStyle></Style><LineString><coordinates>-71.6129133,-33.6869133,0 -71.6128816,-33.6857616,0</coordinates></LineString></Placemark><Placemark><name>Trabajado - Cuartel 1833 - Hilera 2985</name><Style><LineStyle><color>ff00ff00</color><width>3</width></LineStyle></Style><LineString><coordinates>-71.6128816,-33.6857616,0 -71.6130066,-33.685675,0</coordinates></LineString></Placemark><Placemark><name>Trabajado - Cuartel 1833 - Hilera 2986</name><Style><LineStyle><color>ff00ff00</color><width>3</width></LineStyle></Style><LineString><coordinates>-71.6130066,-33.685675,0 -71.6130733,-33.6857683,0</coordinates></LineString></Placemark><Placemark><name>Trabajado - Cuartel 1833 - Hilera 2987</name><Style><LineStyle><color>ff00ff00</color><width>3</width></LineStyle></Style><LineString><coordinates>-71.6130733,-33.6857683,0 -71.6130283,-33.686475,0</coordinates></LineString></Placemark><Placemark><name>Trabajado - Cuartel 1833 - Hilera 2988</name><Style><LineStyle><color>ff00ff00</color><width>3</width></LineStyle></Style><LineString><coordinates>-71.6130466,-33.6864383,0 -71.6130383,-33.6871483,0</coordinates></LineString></Placemark><Placemark><name>Trabajado - Cuartel 1833 - Hilera 2989</name><Style><LineStyle><color>ff00ff00</color><width>3</width></LineStyle></Style><LineString><coordinates>-71.6130383,-33.6871483,0 -71.6129483,-33.687335,0</coordinates></LineString></Placemark><Placemark><name>Trabajado - Cuartel 1833 - Hilera 2990</name><Style><LineStyle><color>ff00ff00</color><width>3</width></LineStyle></Style><LineString><coordinates>-71.61302,-33.6871733,0 -71.6129733,-33.68795,0</coordinates></LineString></Placemark><Placemark><name>Trabajado - Cuartel 1833 - Hilera 2992</name><Style><LineStyle><color>ff00ff00</color><width>3</width></LineStyle></Style><LineString><coordinates>-71.61294,-33.68781,0 -71.6130166,-33.6876433,0</coordinates></LineString></Placemark><Placemark><name>Trabajado - Cuartel 1833 - Hilera 2993</name><Style><LineStyle><color>ff00ff00</color><width>3</width></LineStyle></Style><LineString><coordinates>-71.6130166,-33.6876433,0 -71.6130699,-33.687975,0</coordinates></LineString></Placemark><Placemark><name>Trabajado - Cuartel 1833 - Hilera 2995</name><Style><LineStyle><color>ff00ff00</color><width>3</width></LineStyle></Style><LineString><coordinates>-71.6132033,-33.687945,0 -71.6131683,-33.6878516,0</coordinates></LineString></Placemark><Placemark><name>Trabajado - Cuartel 1833 - Hilera 2996</name><Style><LineStyle><color>ff00ff00</color><width>3</width></LineStyle></Style><LineString><coordinates>-71.6131516,-33.6879133,0 -71.6132416,-33.6872016,0</coordinates></LineString></Placemark><Placemark><name>Trabajado - Cuartel 1833 - Hilera 2997</name><Style><LineStyle><color>ff00ff00</color><width>3</width></LineStyle></Style><LineString><coordinates>-71.6132416,-33.6872016,0 -71.6131999,-33.6856883,0</coordinates></LineString></Placemark><Placemark><name>Trabajado - Cuartel 1833 - Hilera 2998</name><Style><LineStyle><color>ff00ff00</color><width>3</width></LineStyle></Style><LineString><coordinates>-71.6131999,-33.6856883,0 -71.6133116,-33.6856833,0</coordinates></LineString></Placemark><Placemark><name>Trabajado - Cuartel 1833 - Hilera 2999</name><Style><LineStyle><color>ff00ff00</color><width>3</width></LineStyle></Style><LineString><coordinates>-71.6133116,-33.6856833,0 -71.613365,-33.6864666,0</coordinates></LineString></Placemark><Placemark><name>Trabajado - Cuartel 1833 - Hilera 3001</name><Style><LineStyle><color>ff00ff00</color><width>3</width></LineStyle></Style><LineString><coordinates>-71.6131983,-33.687035,0 -71.6133116,-33.6872616,0</coordinates></LineString></Placemark><Placemark><name>Trabajado - Cuartel 1833 - Hilera 3003</name><Style><LineStyle><color>ff00ff00</color><width>3</width></LineStyle></Style><LineString><coordinates>-71.6131733,-33.6872533,0 -71.61311,-33.6873299,0</coordinates></LineString></Placemark><Placemark><name>Trabajado - Cuartel 1833 - Hilera 3004</name><Style><LineStyle><color>ff00ff00</color><width>3</width></LineStyle></Style><LineString><coordinates>-71.6130033,-33.6873533,0 -71.6131449,-33.6877183,0</coordinates></LineString></Placemark><Placemark><name>Trabajado - Cuartel 1833 - Hilera 3005</name><Style><LineStyle><color>ff00ff00</color><width>3</width></LineStyle></Style><LineString><coordinates>-71.6131449,-33.6877183,0 -71.613135,-33.6878183,0</coordinates></LineString></Placemark><Placemark><name>Trabajado - Cuartel 1833 - Hilera 3010</name><Style><LineStyle><color>ff00ff00</color><width>3</width></LineStyle></Style><LineString><coordinates>-71.61555,-33.6878633,0 -71.6155133,-33.6872683,0</coordinates></LineString></Placemark><Placemark><name>Trabajado - Cuartel 1833 - Hilera 3012</name><Style><LineStyle><color>ff00ff00</color><width>3</width></LineStyle></Style><LineString><coordinates>-71.6153533,-33.6871633,0 -71.6153899,-33.686895,0</coordinates></LineString></Placemark><Placemark><name>Trabajado - Cuartel 1833 - Hilera 3013</name><Style><LineStyle><color>ff00ff00</color><width>3</width></LineStyle></Style><LineString><coordinates>-71.6153899,-33.686895,0 -71.61537401946106,-33.68746520727061,0</coordinates></LineString></Placemark><Placemark><name>Trabajado - Cuartel 1833 - Hilera 3014</name><Style><LineStyle><color>ff00ff00</color><width>3</width></LineStyle></Style><LineString><coordinates>-71.6153083,-33.6873416,0 -71.6152666,-33.6869866,0</coordinates></LineString></Placemark><Placemark><name>Trabajado - Cuartel 1833 - Hilera 3015</name><Style><LineStyle><color>ff00ff00</color><width>3</width></LineStyle></Style><LineString><coordinates>-71.6153116,-33.686935,0 -71.6152316,-33.6873866,0</coordinates></LineString></Placemark><Placemark><name>Trabajado - Cuartel 1833 - Hilera 3016</name><Style><LineStyle><color>ff00ff00</color><width>3</width></LineStyle></Style><LineString><coordinates>-71.6152533,-33.6873983,0 -71.6152,-33.6871933,0</coordinates></LineString></Placemark><Placemark><name>Trabajado - Cuartel 1833 - Hilera 3017</name><Style><LineStyle><color>ff00ff00</color><width>3</width></LineStyle></Style><LineString><coordinates>-71.6152,-33.6871933,0 -71.6152283,-33.6875083,0</coordinates></LineString></Placemark><Placemark><name>Trabajado - Cuartel 1833 - Hilera 3019</name><Style><LineStyle><color>ff00ff00</color><width>3</width></LineStyle></Style><LineString><coordinates>-71.6151649,-33.6874483,0 -71.615225,-33.6872683,0</coordinates></LineString></Placemark><Placemark><name>Trabajado - Cuartel 1833 - Hilera 3020</name><Style><LineStyle><color>ff00ff00</color><width>3</width></LineStyle></Style><LineString><coordinates>-71.615225,-33.6872683,0 -71.6155099,-33.6871116,0</coordinates></LineString></Placemark><Placemark><name>Trabajado - Cuartel 1833 - Hilera 3021</name><Style><LineStyle><color>ff00ff00</color><width>3</width></LineStyle></Style><LineString><coordinates>-71.6155099,-33.6871116,0 -71.61562635004648,-33.68195996906358,0</coordinates></LineString></Placemark><Placemark><name>Trabajado - Cuartel 1833 - Hilera 3029</name><Style><LineStyle><color>ff00ff00</color><width>3</width></LineStyle></Style><LineString><coordinates>-71.61269994143248,-33.68307577436486,0 -71.61091013305085,-33.69100082854252,0</coordinates></LineString></Placemark><Placemark><name>Trabajado - Cuartel 1833 - Hilera 3030</name><Style><LineStyle><color>ff00ff00</color><width>3</width></LineStyle></Style><LineString><coordinates>-71.6121216,-33.6856366,0 -71.61393672115935,-33.68564772247281,0</coordinates></LineString></Placemark><Placemark><name>Trabajado - Cuartel 1833 - Hilera 3031</name><Style><LineStyle><color>ff00ff00</color><width>3</width></LineStyle></Style><LineString><coordinates>-71.6132699,-33.6856816,0 -71.6132916,-33.6861649,0</coordinates></LineString></Placemark><Placemark><name>Trabajado - Cuartel 1833 - Hilera 3032</name><Style><LineStyle><color>ff00ff00</color><width>3</width></LineStyle></Style><LineString><coordinates>-71.6132916,-33.6859533,0 -71.6135366,-33.68565,0</coordinates></LineString></Placemark><Placemark><name>Trabajado - Cuartel 1833 - Hilera 3033</name><Style><LineStyle><color>ff00ff00</color><width>3</width></LineStyle></Style><LineString><coordinates>-71.6135366,-33.68565,0 -71.6135666,-33.68576,0</coordinates></LineString></Placemark><Placemark><name>Trabajado - Cuartel 1833 - Hilera 3034</name><Style><LineStyle><color>ff00ff00</color><width>3</width></LineStyle></Style><LineString><coordinates>-71.6135666,-33.68576,0 -71.6135816,-33.686365,0</coordinates></LineString></Placemark><Placemark><name>Trabajado - Cuartel 1833 - Hilera 3035</name><Style><LineStyle><color>ff00ff00</color><width>3</width></LineStyle></Style><LineString><coordinates>-71.6135816,-33.686365,0 -71.6136716,-33.6863266,0</coordinates></LineString></Placemark><Placemark><name>Trabajado - Cuartel 1833 - Hilera 3036</name><Style><LineStyle><color>ff00ff00</color><width>3</width></LineStyle></Style><LineString><coordinates>-71.61368861947092,-33.68726984778533,0 -71.6136633,-33.6858666,0</coordinates></LineString></Placemark><Placemark><name>Trabajado - Cuartel 1833 - Hilera 3037</name><Style><LineStyle><color>ff00ff00</color><width>3</width></LineStyle></Style><LineString><coordinates>-71.6136633,-33.6858666,0 -71.6137199,-33.6857733,0</coordinates></LineString></Placemark><Placemark><name>Trabajado - Cuartel 1833 - Hilera 3038</name><Style><LineStyle><color>ff00ff00</color><width>3</width></LineStyle></Style><LineString><coordinates>-71.6137199,-33.6857733,0 -71.6136716,-33.68569,0</coordinates></LineString></Placemark><Placemark><name>Trabajado - Cuartel 1833 - Hilera 3039</name><Style><LineStyle><color>ff00ff00</color><width>3</width></LineStyle></Style><LineString><coordinates>-71.6137366,-33.6857033,0 -71.6138416,-33.6863449,0</coordinates></LineString></Placemark><Placemark><name>Trabajado - Cuartel 1833 - Hilera 3040</name><Style><LineStyle><color>ff00ff00</color><width>3</width></LineStyle></Style><LineString><coordinates>-71.6138183,-33.6861849,0 -71.6138666,-33.6861083,0</coordinates></LineString></Placemark><Placemark><name>Trabajado - Cuartel 1833 - Hilera 3041</name><Style><LineStyle><color>ff00ff00</color><width>3</width></LineStyle></Style><LineString><coordinates>-71.6138666,-33.6861083,0 -71.6138683,-33.6857033,0</coordinates></LineString></Placemark><Placemark><name>Trabajado - Cuartel 1833 - Hilera 3042</name><Style><LineStyle><color>ff00ff00</color><width>3</width></LineStyle></Style><LineString><coordinates>-71.6139316,-33.6857,0 -71.61402307744098,-33.687206110724965,0</coordinates></LineString></Placemark><Placemark><name>Trabajado - Cuartel 1833 - Hilera 3043</name><Style><LineStyle><color>ff00ff00</color><width>3</width></LineStyle></Style><LineString><coordinates>-71.6139366,-33.68593,0 -71.6139583,-33.68565,0</coordinates></LineString></Placemark><Placemark><name>Trabajado - Cuartel 1833 - Hilera 3045</name><Style><LineStyle><color>ff00ff00</color><width>3</width></LineStyle></Style><LineString><coordinates>-71.6140716,-33.6856766,0 -71.6140933,-33.6859449,0</coordinates></LineString></Placemark><Placemark><name>Trabajado - Cuartel 1833 - Hilera 3046</name><Style><LineStyle><color>ff00ff00</color><width>3</width></LineStyle></Style><LineString><coordinates>-71.6140933,-33.6859449,0 -71.6141683,-33.685695,0</coordinates></LineString></Placemark><Placemark><name>Trabajado - Cuartel 1833 - Hilera 3048</name><Style><LineStyle><color>ff00ff00</color><width>3</width></LineStyle></Style><LineString><coordinates>-71.6142983,-33.685695,0 -71.614455,-33.6859133,0</coordinates></LineString></Placemark><Placemark><name>Trabajado - Cuartel 1833 - Hilera 3049</name><Style><LineStyle><color>ff00ff00</color><width>3</width></LineStyle></Style><LineString><coordinates>-71.614455,-33.6859133,0 -71.6144666,-33.68574,0</coordinates></LineString></Placemark><Placemark><name>Trabajado - Cuartel 1833 - Hilera 3051</name><Style><LineStyle><color>ff00ff00</color><width>3</width></LineStyle></Style><LineString><coordinates>-71.6145649,-33.6856683,0 -71.6146466,-33.6858116,0</coordinates></LineString></Placemark><Placemark><name>Trabajado - Cuartel 1833 - Hilera 3052</name><Style><LineStyle><color>ff00ff00</color><width>3</width></LineStyle></Style><LineString><coordinates>-71.61478363203568,-33.686308874031724,0 -71.6146016,-33.6856483,0</coordinates></LineString></Placemark><Placemark><name>Trabajado - Cuartel 1833 - Hilera 3055</name><Style><LineStyle><color>ff00ff00</color><width>3</width></LineStyle></Style><LineString><coordinates>-71.6147916,-33.6856516,0 -71.61483400108321,-33.6867425061296,0</coordinates></LineString></Placemark><Placemark><name>Trabajado - Cuartel 1833 - Hilera 3056</name><Style><LineStyle><color>ff00ff00</color><width>3</width></LineStyle></Style><LineString><coordinates>-71.61481,-33.686125,0 -71.6147699,-33.6862266,0</coordinates></LineString></Placemark><Placemark><name>Trabajado - Cuartel 1833 - Hilera 3058</name><Style><LineStyle><color>ff00ff00</color><width>3</width></LineStyle></Style><LineString><coordinates>-71.6148966,-33.6863216,0 -71.6149449,-33.6856699,0</coordinates></LineString></Placemark><Placemark><name>Trabajado - Cuartel 1833 - Hilera 3059</name><Style><LineStyle><color>ff00ff00</color><width>3</width></LineStyle></Style><LineString><coordinates>-71.6149449,-33.6856699,0 -71.61557409736025,-33.68675240798043,0</coordinates></LineString></Placemark><Placemark><name>Trabajado - Cuartel 1833 - Hilera 3060</name><Style><LineStyle><color>ff00ff00</color><width>3</width></LineStyle></Style><LineString><coordinates>-71.6150583,-33.685865,0 -71.6150533,-33.6861066,0</coordinates></LineString></Placemark><Placemark><name>Trabajado - Cuartel 1833 - Hilera 3061</name><Style><LineStyle><color>ff00ff00</color><width>3</width></LineStyle></Style><LineString><coordinates>-71.6150149,-33.6861583,0 -71.61503793234172,-33.68637882607778,0</coordinates></LineString></Placemark><Placemark><name>Trabajado - Cuartel 1833 - Hilera 3062</name><Style><LineStyle><color>ff00ff00</color><width>3</width></LineStyle></Style><LineString><coordinates>-71.6150683,-33.6863766,0 -71.61535732942683,-33.685577545502355,0</coordinates></LineString></Placemark><Placemark><name>Trabajado - Cuartel 1833 - Hilera 3063</name><Style><LineStyle><color>ff00ff00</color><width>3</width></LineStyle></Style><LineString><coordinates>-71.615105,-33.6861649,0 -71.6151216,-33.6857566,0</coordinates></LineString></Placemark><Placemark><name>Trabajado - Cuartel 1833 - Hilera 3064</name><Style><LineStyle><color>ff00ff00</color><width>3</width></LineStyle></Style><LineString><coordinates>-71.6151516,-33.6857833,0 -71.6151483,-33.6863083,0</coordinates></LineString></Placemark><Placemark><name>Trabajado - Cuartel 1833 - Hilera 3065</name><Style><LineStyle><color>ff00ff00</color><width>3</width></LineStyle></Style><LineString><coordinates>-71.6151483,-33.6863083,0 -71.6152366,-33.6864066,0</coordinates></LineString></Placemark><Placemark><name>Trabajado - Cuartel 1833 - Hilera 3066</name><Style><LineStyle><color>ff00ff00</color><width>3</width></LineStyle></Style><LineString><coordinates>-71.6152366,-33.6864066,0 -71.6154033,-33.6860266,0</coordinates></LineString></Placemark><Placemark><name>Trabajado - Cuartel 1833 - Hilera 3067</name><Style><LineStyle><color>ff00ff00</color><width>3</width></LineStyle></Style><LineString><coordinates>-71.6154033,-33.6860266,0 -71.61496252763246,-33.685412716718396,0</coordinates></LineString></Placemark><Placemark><name>Trabajado - Cuartel 1833 - Hilera 3068</name><Style><LineStyle><color>ff00ff00</color><width>3</width></LineStyle></Style><LineString><coordinates>-71.6153399,-33.6859383,0 -71.61526426889063,-33.68527522380808,0</coordinates></LineString></Placemark><Placemark><name>Trabajado - Cuartel 1833 - Hilera 3069</name><Style><LineStyle><color>ff00ff00</color><width>3</width></LineStyle></Style><LineString><coordinates>-71.6153283,-33.6858366,0 -71.6154633,-33.6856783,0</coordinates></LineString></Placemark><Placemark><name>Trabajado - Cuartel 1833 - Hilera 3071</name><Style><LineStyle><color>ff00ff00</color><width>3</width></LineStyle></Style><LineString><coordinates>-71.6155649,-33.6857416,0 -71.6156133,-33.6859216,0</coordinates></LineString></Placemark><Placemark><name>Trabajado - Cuartel 1833 - Hilera 3072</name><Style><LineStyle><color>ff00ff00</color><width>3</width></LineStyle></Style><LineString><coordinates>-71.6156133,-33.6859216,0 -71.61556,-33.6860016,0</coordinates></LineString></Placemark><Placemark><name>Trabajado - Cuartel 1833 - Hilera 3073</name><Style><LineStyle><color>ff00ff00</color><width>3</width></LineStyle></Style><LineString><coordinates>-71.6155533,-33.6859816,0 -71.6156966,-33.686665,0</coordinates></LineString></Placemark><Placemark><name>Trabajado - Cuartel 1833 - Hilera 3074</name><Style><LineStyle><color>ff00ff00</color><width>3</width></LineStyle></Style><LineString><coordinates>-71.6156833,-33.686735,0 -71.6155066,-33.686675,0</coordinates></LineString></Placemark><Placemark><name>Trabajado - Cuartel 1833 - Hilera 3075</name><Style><LineStyle><color>ff00ff00</color><width>3</width></LineStyle></Style><LineString><coordinates>-71.61558,-33.68675,0 -71.6152,-33.6864683,0</coordinates></LineString></Placemark><Placemark><name>Trabajado - Cuartel 1833 - Hilera 3076</name><Style><LineStyle><color>ff00ff00</color><width>3</width></LineStyle></Style><LineString><coordinates>-71.6152,-33.6864683,0 -71.6145692558042,-33.68715982095725,0</coordinates></LineString></Placemark><Placemark><name>Trabajado - Cuartel 1833 - Hilera 3077</name><Style><LineStyle><color>ff00ff00</color><width>3</width></LineStyle></Style><LineString><coordinates>-71.6151149,-33.6865616,0 -71.6150933,-33.6869933,0</coordinates></LineString></Placemark><Placemark><name>Trabajado - Cuartel 1833 - Hilera 3078</name><Style><LineStyle><color>ff00ff00</color><width>3</width></LineStyle></Style><LineString><coordinates>-71.6150933,-33.6869933,0 -71.6151616,-33.6871416,0</coordinates></LineString></Placemark><Placemark><name>Trabajado - Cuartel 1833 - Hilera 3079</name><Style><LineStyle><color>ff00ff00</color><width>3</width></LineStyle></Style><LineString><coordinates>-71.6151616,-33.6871416,0 -71.6150733,-33.6872199,0</coordinates></LineString></Placemark><Placemark><name>Trabajado - Cuartel 1833 - Hilera 3081</name><Style><LineStyle><color>ff00ff00</color><width>3</width></LineStyle></Style><LineString><coordinates>-71.6149816,-33.6871633,0 -71.614965,-33.6865533,0</coordinates></LineString></Placemark><Placemark><name>Trabajado - Cuartel 1833 - Hilera 3082</name><Style><LineStyle><color>ff00ff00</color><width>3</width></LineStyle></Style><LineString><coordinates>-71.614965,-33.6865533,0 -71.6148899,-33.6864883,0</coordinates></LineString></Placemark><Placemark><name>Trabajado - Cuartel 1833 - Hilera 3083</name><Style><LineStyle><color>ff00ff00</color><width>3</width></LineStyle></Style><LineString><coordinates>-71.6148899,-33.6864883,0 -71.6148333,-33.6865666,0</coordinates></LineString></Placemark><Placemark><name>Trabajado - Cuartel 1833 - Hilera 3084</name><Style><LineStyle><color>ff00ff00</color><width>3</width></LineStyle></Style><LineString><coordinates>-71.61484011392236,-33.686561653894,0 -71.6147483,-33.6866283,0</coordinates></LineString></Placemark><Placemark><name>Trabajado - Cuartel 1833 - Hilera 3085</name><Style><LineStyle><color>ff00ff00</color><width>3</width></LineStyle></Style><LineString><coordinates>-71.6148049,-33.6867433,0 -71.6148983,-33.6872316,0</coordinates></LineString></Placemark><Placemark><name>Trabajado - Cuartel 1833 - Hilera 3087</name><Style><LineStyle><color>ff00ff00</color><width>3</width></LineStyle></Style><LineString><coordinates>-71.61471,-33.6872066,0 -71.61474062896602,-33.68622541691581,0</coordinates></LineString></Placemark><Placemark><name>Trabajado - Cuartel 1833 - Hilera 3088</name><Style><LineStyle><color>ff00ff00</color><width>3</width></LineStyle></Style><LineString><coordinates>-71.61470371527753,-33.68657484711768,0 -71.6146633,-33.6866733,0</coordinates></LineString></Placemark><Placemark><name>Trabajado - Cuartel 1833 - Hilera 3089</name><Style><LineStyle><color>ff00ff00</color><width>3</width></LineStyle></Style><LineString><coordinates>-71.6147593348346,-33.68520979655689,0 -71.6147084175298,-33.686579656096136,0</coordinates></LineString></Placemark><Placemark><name>Trabajado - Cuartel 1833 - Hilera 3090</name><Style><LineStyle><color>ff00ff00</color><width>3</width></LineStyle></Style><LineString><coordinates>-71.6147133,-33.6864483,0 -71.614625,-33.6865233,0</coordinates></LineString></Placemark><Placemark><name>Trabajado - Cuartel 1833 - Hilera 3091</name><Style><LineStyle><color>ff00ff00</color><width>3</width></LineStyle></Style><LineString><coordinates>-71.614625,-33.6865233,0 -71.6146383,-33.68709,0</coordinates></LineString></Placemark><Placemark><name>Trabajado - Cuartel 1833 - Hilera 3092</name><Style><LineStyle><color>ff00ff00</color><width>3</width></LineStyle></Style><LineString><coordinates>-71.614585,-33.6871699,0 -71.6144949,-33.6872133,0</coordinates></LineString></Placemark><Placemark><name>Trabajado - Cuartel 1833 - Hilera 3093</name><Style><LineStyle><color>ff00ff00</color><width>3</width></LineStyle></Style><LineString><coordinates>-71.61449218464388,-33.68723970400969,0 -71.6145333,-33.6868399,0</coordinates></LineString></Placemark><Placemark><name>Trabajado - Cuartel 1833 - Hilera 3094</name><Style><LineStyle><color>ff00ff00</color><width>3</width></LineStyle></Style><LineString><coordinates>-71.6144949,-33.6872399,0 -71.6144866,-33.6868399,0</coordinates></LineString></Placemark><Placemark><name>Trabajado - Cuartel 1833 - Hilera 3095</name><Style><LineStyle><color>ff00ff00</color><width>3</width></LineStyle></Style><LineString><coordinates>-71.6144583,-33.6868916,0 -71.6144949,-33.68704,0</coordinates></LineString></Placemark><Placemark><name>Trabajado - Cuartel 1833 - Hilera 3096</name><Style><LineStyle><color>ff00ff00</color><width>3</width></LineStyle></Style><LineString><coordinates>-71.6144949,-33.68704,0 -71.6144233,-33.6872033,0</coordinates></LineString></Placemark><Placemark><name>Trabajado - Cuartel 1833 - Hilera 3097</name><Style><LineStyle><color>ff00ff00</color><width>3</width></LineStyle></Style><LineString><coordinates>-71.6144233,-33.6872033,0 -71.6143933,-33.6869366,0</coordinates></LineString></Placemark><Placemark><name>Trabajado - Cuartel 1833 - Hilera 3098</name><Style><LineStyle><color>ff00ff00</color><width>3</width></LineStyle></Style><LineString><coordinates>-71.6143933,-33.6869366,0 -71.6143683,-33.6871816,0</coordinates></LineString></Placemark><Placemark><name>Trabajado - Cuartel 1833 - Hilera 3099</name><Style><LineStyle><color>ff00ff00</color><width>3</width></LineStyle></Style><LineString><coordinates>-71.6143483,-33.6872033,0 -71.6143116,-33.6870066,0</coordinates></LineString></Placemark><Placemark><name>Trabajado - Cuartel 1833 - Hilera 3100</name><Style><LineStyle><color>ff00ff00</color><width>3</width></LineStyle></Style><LineString><coordinates>-71.6143116,-33.6870066,0 -71.614295,-33.68712,0</coordinates></LineString></Placemark><Placemark><name>Trabajado - Cuartel 1833 - Hilera 3101</name><Style><LineStyle><color>ff00ff00</color><width>3</width></LineStyle></Style><LineString><coordinates>-71.614295,-33.68712,0 -71.6142016,-33.6872416,0</coordinates></LineString></Placemark><Placemark><name>Trabajado - Cuartel 1833 - Hilera 3103</name><Style><LineStyle><color>ff00ff00</color><width>3</width></LineStyle></Style><LineString><coordinates>-71.6140083,-33.6867299,0 -71.61392,-33.6867916,0</coordinates></LineString></Placemark><Placemark><name>Trabajado - Cuartel 1833 - Hilera 3104</name><Style><LineStyle><color>ff00ff00</color><width>3</width></LineStyle></Style><LineString><coordinates>-71.61392,-33.6867916,0 -71.61392,-33.6874583,0</coordinates></LineString></Placemark><Placemark><name>Trabajado - Cuartel 1833 - Hilera 3106</name><Style><LineStyle><color>ff00ff00</color><width>3</width></LineStyle></Style><LineString><coordinates>-71.6136733,-33.6871533,0 -71.61364,-33.6872583,0</coordinates></LineString></Placemark><Placemark><name>Trabajado - Cuartel 1833 - Hilera 3107</name><Style><LineStyle><color>ff00ff00</color><width>3</width></LineStyle></Style><LineString><coordinates>-71.61364,-33.6872583,0 -71.6136,-33.6871649,0</coordinates></LineString></Placemark><Placemark><name>Trabajado - Cuartel 1833 - Hilera 3109</name><Style><LineStyle><color>ff00ff00</color><width>3</width></LineStyle></Style><LineString><coordinates>-71.6135133,-33.6870799,0 -71.613505,-33.6877416,0</coordinates></LineString></Placemark><Placemark><name>Trabajado - Cuartel 1833 - Hilera 3110</name><Style><LineStyle><color>ff00ff00</color><width>3</width></LineStyle></Style><LineString><coordinates>-71.613555,-33.687745,0 -71.613545,-33.6874183,0</coordinates></LineString></Placemark><Placemark><name>Trabajado - Cuartel 1833 - Hilera 3112</name><Style><LineStyle><color>ff00ff00</color><width>3</width></LineStyle></Style><LineString><coordinates>-71.6133149,-33.6873133,0 -71.6132849,-33.6872383,0</coordinates></LineString></Placemark><Placemark><name>Trabajado - Cuartel 1833 - Hilera 3114</name><Style><LineStyle><color>ff00ff00</color><width>3</width></LineStyle></Style><LineString><coordinates>-71.61356,-33.6872533,0 -71.6135833,-33.6879366,0</coordinates></LineString></Placemark><Placemark><name>Trabajado - Cuartel 1833 - Hilera 3115</name><Style><LineStyle><color>ff00ff00</color><width>3</width></LineStyle></Style><LineString><coordinates>-71.6135833,-33.6879366,0 -71.6135283,-33.6874166,0</coordinates></LineString></Placemark><Placemark><name>Trabajado - Cuartel 1833 - Hilera 3117</name><Style><LineStyle><color>ff00ff00</color><width>3</width></LineStyle></Style><LineString><coordinates>-71.6137216,-33.68736,0 -71.6137033,-33.6879183,0</coordinates></LineString></Placemark><Placemark><name>Trabajado - Cuartel 1833 - Hilera 3118</name><Style><LineStyle><color>ff00ff00</color><width>3</width></LineStyle></Style><LineString><coordinates>-71.613725,-33.6879166,0 -71.6136766,-33.688085,0</coordinates></LineString></Placemark><Placemark><name>Trabajado - Cuartel 1833 - Hilera 3119</name><Style><LineStyle><color>ff00ff00</color><width>3</width></LineStyle></Style><LineString><coordinates>-71.6136766,-33.688085,0 -71.6137533,-33.6880083,0</coordinates></LineString></Placemark><Placemark><name>Trabajado - Cuartel 1833 - Hilera 3120</name><Style><LineStyle><color>ff00ff00</color><width>3</width></LineStyle></Style><LineString><coordinates>-71.6137533,-33.6880083,0 -71.6137,-33.6881083,0</coordinates></LineString></Placemark><Placemark><name>Trabajado - Cuartel 1833 - Hilera 3121</name><Style><LineStyle><color>ff00ff00</color><width>3</width></LineStyle></Style><LineString><coordinates>-71.6137516,-33.68811,0 -71.61381,-33.6879616,0</coordinates></LineString></Placemark><Placemark><name>Trabajado - Cuartel 1833 - Hilera 3123</name><Style><LineStyle><color>ff00ff00</color><width>3</width></LineStyle></Style><LineString><coordinates>-71.6155283,-33.687935,0 -71.615475,-33.6845333,0</coordinates></LineString></Placemark><Placemark><name>Trabajado - Cuartel 1833 - Hilera 3124</name><Style><LineStyle><color>ff00ff00</color><width>3</width></LineStyle></Style><LineString><coordinates>-71.6156,-33.684375,0 -71.6156683,-33.6820116,0</coordinates></LineString></Placemark><Placemark><name>Trabajado - Cuartel 1833 - Hilera 3129</name><Style><LineStyle><color>ff00ff00</color><width>3</width></LineStyle></Style><LineString><coordinates>-71.61268,-33.6831266,0 -71.61105,-33.6892633,0</coordinates></LineString></Placemark><Placemark><name>Trabajado - Cuartel 1833 - Hilera 3159</name><Style><LineStyle><color>ff00ff00</color><width>3</width></LineStyle></Style><LineString><coordinates>-71.6108483,-33.6902333,0 -71.6126783,-33.6831449,0</coordinates></LineString></Placemark><Placemark><name>Trabajado - Cuartel 1833 - Hilera 3248</name><Style><LineStyle><color>ff00ff00</color><width>3</width></LineStyle></Style><LineString><coordinates>-71.6155783,-33.6840783,0 -71.615695,-33.6821133,0</coordinates></LineString></Placemark><Placemark><name>Trabajado - Cuartel 1833 - Hilera 3253</name><Style><LineStyle><color>ff00ff00</color><width>3</width></LineStyle></Style><LineString><coordinates>-71.6156583,-33.6820633,0 -71.615585,-33.6825499,0</coordinates></LineString></Placemark><Placemark><name>Trabajado - Cuartel 1833 - Hilera 3272</name><Style><LineStyle><color>ff00ff00</color><width>3</width></LineStyle></Style><LineString><coordinates>-71.6164666,-33.681825,0 -71.6164866,-33.6832716,0</coordinates></LineString></Placemark><Placemark><name>Trabajado - Cuartel 1833 - Hilera 3274</name><Style><LineStyle><color>ff00ff00</color><width>3</width></LineStyle></Style><LineString><coordinates>-71.6163733,-33.683315,0 -71.6164099,-33.681985,0</coordinates></LineString></Placemark><Placemark><name>Trabajado - Cuartel 1833 - Hilera 3276</name><Style><LineStyle><color>ff00ff00</color><width>3</width></LineStyle></Style><LineString><coordinates>-71.6162916,-33.6819483,0 -71.6162566,-33.683245,0</coordinates></LineString></Placemark><Placemark><name>Trabajado - Cuartel 1833 - Hilera 3278</name><Style><LineStyle><color>ff00ff00</color><width>3</width></LineStyle></Style><LineString><coordinates>-71.616145,-33.6832316,0 -71.61618,-33.6820966,0</coordinates></LineString></Placemark><Placemark><name>Trabajado - Cuartel 1833 - Hilera 3280</name><Style><LineStyle><color>ff00ff00</color><width>3</width></LineStyle></Style><LineString><coordinates>-71.6160666,-33.6819633,0 -71.6160216,-33.6833066,0</coordinates></LineString></Placemark><Placemark><name>Trabajado - Cuartel 1833 - Hilera 3282</name><Style><LineStyle><color>ff00ff00</color><width>3</width></LineStyle></Style><LineString><coordinates>-71.6159333,-33.6832416,0 -71.61592,-33.6820666,0</coordinates></LineString></Placemark><Placemark><name>Trabajado - Cuartel 1833 - Hilera 3283</name><Style><LineStyle><color>ff00ff00</color><width>3</width></LineStyle></Style><LineString><coordinates>-71.6157899,-33.6820949,0 -71.6157966,-33.68329,0</coordinates></LineString></Placemark><Placemark><name>Trabajado - Cuartel 1833 - Hilera 3284</name><Style><LineStyle><color>ff00ff00</color><width>3</width></LineStyle></Style><LineString><coordinates>-71.615725,-33.6832799,0 -71.6157216,-33.6825966,0</coordinates></LineString></Placemark><Placemark><name>Trabajado - Cuartel 1833 - Hilera 3285</name><Style><LineStyle><color>ff00ff00</color><width>3</width></LineStyle></Style><LineString><coordinates>-71.6156633,-33.6826049,0 -71.6157266,-33.6820916,0</coordinates></LineString></Placemark><Placemark><name>Trabajado - Cuartel 1833 - Hilera 3286</name><Style><LineStyle><color>ff00ff00</color><width>3</width></LineStyle></Style><LineString><coordinates>-71.6157266,-33.6820916,0 -71.61561,-33.682255,0</coordinates></LineString></Placemark><Placemark><name>Trabajado - Cuartel 1833 - Hilera 3287</name><Style><LineStyle><color>ff00ff00</color><width>3</width></LineStyle></Style><LineString><coordinates>-71.61561,-33.682255,0 -71.6156899,-33.6831166,0</coordinates></LineString></Placemark><Placemark><name>Trabajado - Cuartel 1833 - Hilera 3288</name><Style><LineStyle><color>ff00ff00</color><width>3</width></LineStyle></Style><LineString><coordinates>-71.6156483,-33.6832516,0 -71.61561203478699,-33.68196032061265,0</coordinates></LineString></Placemark><Placemark><name>Trabajado - Cuartel 1833 - Hilera 3289</name><Style><LineStyle><color>ff00ff00</color><width>3</width></LineStyle></Style><LineString><coordinates>-71.615625,-33.6825716,0 -71.61548239336268,-33.68271743905442,0</coordinates></LineString></Placemark><Placemark><name>Trabajado - Cuartel 1833 - Hilera 3290</name><Style><LineStyle><color>ff00ff00</color><width>3</width></LineStyle></Style><LineString><coordinates>-71.6156633,-33.6824466,0 -71.6156166,-33.6825349,0</coordinates></LineString></Placemark><Placemark><name>Trabajado - Cuartel 1833 - Hilera 3292</name><Style><LineStyle><color>ff00ff00</color><width>3</width></LineStyle></Style><LineString><coordinates>-71.6155399,-33.6826966,0 -71.6156149,-33.6826316,0</coordinates></LineString></Placemark><Placemark><name>Trabajado - Cuartel 1833 - Hilera 3294</name><Style><LineStyle><color>ff00ff00</color><width>3</width></LineStyle></Style><LineString><coordinates>-71.61544,-33.682515,0 -71.61558,-33.6820883,0</coordinates></LineString></Placemark><Placemark><name>Trabajado - Cuartel 1833 - Hilera 3300</name><Style><LineStyle><color>ff00ff00</color><width>3</width></LineStyle></Style><LineString><coordinates>-71.615585,-33.6820466,0 -71.6155866,-33.68249,0</coordinates></LineString></Placemark><Placemark><name>Trabajado - Cuartel 1833 - Hilera 3301</name><Style><LineStyle><color>ff00ff00</color><width>3</width></LineStyle></Style><LineString><coordinates>-71.6155866,-33.68249,0 -71.61543402336383,-33.68432091963418,0</coordinates></LineString></Placemark><Placemark><name>Trabajado - Cuartel 1833 - Hilera 3302</name><Style><LineStyle><color>ff00ff00</color><width>3</width></LineStyle></Style><LineString><coordinates>-71.6154933,-33.6837099,0 -71.6155566,-33.6838566,0</coordinates></LineString></Placemark><Placemark><name>Trabajado - Cuartel 1833 - Hilera 3303</name><Style><LineStyle><color>ff00ff00</color><width>3</width></LineStyle></Style><LineString><coordinates>-71.6155566,-33.6838566,0 -71.6154733,-33.6846166,0</coordinates></LineString></Placemark><Placemark><name>Trabajado - Cuartel 1833 - Hilera 3304</name><Style><LineStyle><color>ff00ff00</color><width>3</width></LineStyle></Style><LineString><coordinates>-71.61531068049197,-33.68362837375873,0 -71.6155383,-33.6850116,0</coordinates></LineString></Placemark><Placemark><name>Trabajado - Cuartel 1833 - Hilera 3306</name><Style><LineStyle><color>ff00ff00</color><width>3</width></LineStyle></Style><LineString><coordinates>-71.615525,-33.6851349,0 -71.6154666,-33.6855966,0</coordinates></LineString></Placemark><Placemark><name>Trabajado - Cuartel 1833 - Hilera 3307</name><Style><LineStyle><color>ff00ff00</color><width>3</width></LineStyle></Style><LineString><coordinates>-71.6154666,-33.6855966,0 -71.61542722341468,-33.684306623065105,0</coordinates></LineString></Placemark><Placemark><name>Trabajado - Cuartel 1833 - Hilera 3308</name><Style><LineStyle><color>ff00ff00</color><width>3</width></LineStyle></Style><LineString><coordinates>-71.6155083,-33.683735,0 -71.6154183,-33.683415,0</coordinates></LineString></Placemark><Placemark><name>Trabajado - Cuartel 1833 - Hilera 3309</name><Style><LineStyle><color>ff00ff00</color><width>3</width></LineStyle></Style><LineString><coordinates>-71.6154183,-33.683415,0 -71.6153399,-33.68529,0</coordinates></LineString></Placemark><Placemark><name>Trabajado - Cuartel 1833 - Hilera 3310</name><Style><LineStyle><color>ff00ff00</color><width>3</width></LineStyle></Style><LineString><coordinates>-71.6153399,-33.68529,0 -71.6153733,-33.6855816,0</coordinates></LineString></Placemark><Placemark><name>Trabajado - Cuartel 1833 - Hilera 3311</name><Style><LineStyle><color>ff00ff00</color><width>3</width></LineStyle></Style><LineString><coordinates>-71.615345,-33.6852433,0 -71.61537911229405,-33.682576741972966,0</coordinates></LineString></Placemark><Placemark><name>Trabajado - Cuartel 1833 - Hilera 3312</name><Style><LineStyle><color>ff00ff00</color><width>3</width></LineStyle></Style><LineString><coordinates>-71.615365,-33.6836799,0 -71.6154366,-33.6836033,0</coordinates></LineString></Placemark><Placemark><name>Trabajado - Cuartel 1833 - Hilera 3314</name><Style><LineStyle><color>ff00ff00</color><width>3</width></LineStyle></Style><LineString><coordinates>-71.615365,-33.6835483,0 -71.6153233,-33.6834216,0</coordinates></LineString></Placemark><Placemark><name>Trabajado - Cuartel 1833 - Hilera 3315</name><Style><LineStyle><color>ff00ff00</color><width>3</width></LineStyle></Style><LineString><coordinates>-71.6153233,-33.6834216,0 -71.615365,-33.6833416,0</coordinates></LineString></Placemark><Placemark><name>Trabajado - Cuartel 1833 - Hilera 3316</name><Style><LineStyle><color>ff00ff00</color><width>3</width></LineStyle></Style><LineString><coordinates>-71.6153116,-33.6830816,0 -71.6153333,-33.6827333,0</coordinates></LineString></Placemark><Placemark><name>Trabajado - Cuartel 1833 - Hilera 3317</name><Style><LineStyle><color>ff00ff00</color><width>3</width></LineStyle></Style><LineString><coordinates>-71.6153333,-33.6827333,0 -71.6154,-33.6826749,0</coordinates></LineString></Placemark><Placemark><name>Trabajado - Cuartel 1833 - Hilera 3318</name><Style><LineStyle><color>ff00ff00</color><width>3</width></LineStyle></Style><LineString><coordinates>-71.6153633,-33.6825766,0 -71.6152966,-33.68363,0</coordinates></LineString></Placemark><Placemark><name>Trabajado - Cuartel 1833 - Hilera 3319</name><Style><LineStyle><color>ff00ff00</color><width>3</width></LineStyle></Style><LineString><coordinates>-71.61535,-33.683795,0 -71.6152849,-33.683875,0</coordinates></LineString></Placemark><Placemark><name>Trabajado - Cuartel 1833 - Hilera 3320</name><Style><LineStyle><color>ff00ff00</color><width>3</width></LineStyle></Style><LineString><coordinates>-71.6152849,-33.683875,0 -71.61533,-33.68425,0</coordinates></LineString></Placemark><Placemark><name>Trabajado - Cuartel 1833 - Hilera 3321</name><Style><LineStyle><color>ff00ff00</color><width>3</width></LineStyle></Style><LineString><coordinates>-71.61533,-33.68425,0 -71.6152649,-33.684765,0</coordinates></LineString></Placemark><Placemark><name>Trabajado - Cuartel 1833 - Hilera 3322</name><Style><LineStyle><color>ff00ff00</color><width>3</width></LineStyle></Style><LineString><coordinates>-71.6152649,-33.684765,0 -71.6153149,-33.6848849,0</coordinates></LineString></Placemark><Placemark><name>Trabajado - Cuartel 1833 - Hilera 3323</name><Style><LineStyle><color>ff00ff00</color><width>3</width></LineStyle></Style><LineString><coordinates>-71.6153149,-33.6848849,0 -71.6152633,-33.6856833,0</coordinates></LineString></Placemark><Placemark><name>Trabajado - Cuartel 1833 - Hilera 3324</name><Style><LineStyle><color>ff00ff00</color><width>3</width></LineStyle></Style><LineString><coordinates>-71.615245,-33.6856133,0 -71.6151816,-33.6856933,0</coordinates></LineString></Placemark><Placemark><name>Trabajado - Cuartel 1833 - Hilera 3325</name><Style><LineStyle><color>ff00ff00</color><width>3</width></LineStyle></Style><LineString><coordinates>-71.6151816,-33.6856933,0 -71.6151783,-33.6856066,0</coordinates></LineString></Placemark><Placemark><name>Trabajado - Cuartel 1833 - Hilera 3326</name><Style><LineStyle><color>ff00ff00</color><width>3</width></LineStyle></Style><LineString><coordinates>-71.6151783,-33.6856066,0 -71.61523,-33.68554,0</coordinates></LineString></Placemark><Placemark><name>Trabajado - Cuartel 1833 - Hilera 3327</name><Style><LineStyle><color>ff00ff00</color><width>3</width></LineStyle></Style><LineString><coordinates>-71.61523,-33.68554,0 -71.61515,-33.6851483,0</coordinates></LineString></Placemark><Placemark><name>Trabajado - Cuartel 1833 - Hilera 3328</name><Style><LineStyle><color>ff00ff00</color><width>3</width></LineStyle></Style><LineString><coordinates>-71.61515,-33.6851483,0 -71.6152216,-33.68409,0</coordinates></LineString></Placemark><Placemark><name>Trabajado - Cuartel 1833 - Hilera 3329</name><Style><LineStyle><color>ff00ff00</color><width>3</width></LineStyle></Style><LineString><coordinates>-71.6152583,-33.6840549,0 -71.6151833,-33.683425,0</coordinates></LineString></Placemark><Placemark><name>Trabajado - Cuartel 1833 - Hilera 3330</name><Style><LineStyle><color>ff00ff00</color><width>3</width></LineStyle></Style><LineString><coordinates>-71.6151833,-33.683425,0 -71.6151699,-33.6836383,0</coordinates></LineString></Placemark><Placemark><name>Trabajado - Cuartel 1833 - Hilera 3331</name><Style><LineStyle><color>ff00ff00</color><width>3</width></LineStyle></Style><LineString><coordinates>-71.6152016,-33.6836466,0 -71.6151966,-33.6844316,0</coordinates></LineString></Placemark><Placemark><name>Trabajado - Cuartel 1833 - Hilera 3332</name><Style><LineStyle><color>ff00ff00</color><width>3</width></LineStyle></Style><LineString><coordinates>-71.6151966,-33.6844316,0 -71.6151216,-33.6845883,0</coordinates></LineString></Placemark><Placemark><name>Trabajado - Cuartel 1833 - Hilera 3333</name><Style><LineStyle><color>ff00ff00</color><width>3</width></LineStyle></Style><LineString><coordinates>-71.6151216,-33.6845883,0 -71.6150795323689,-33.68566938743661,0</coordinates></LineString></Placemark><Placemark><name>Trabajado - Cuartel 1833 - Hilera 3334</name><Style><LineStyle><color>ff00ff00</color><width>3</width></LineStyle></Style><LineString><coordinates>-71.6151583,-33.684965,0 -71.6150933,-33.68535,0</coordinates></LineString></Placemark><Placemark><name>Trabajado - Cuartel 1833 - Hilera 3335</name><Style><LineStyle><color>ff00ff00</color><width>3</width></LineStyle></Style><LineString><coordinates>-71.6150983,-33.6856699,0 -71.6151716,-33.6853416,0</coordinates></LineString></Placemark><Placemark><name>Trabajado - Cuartel 1833 - Hilera 3336</name><Style><LineStyle><color>ff00ff00</color><width>3</width></LineStyle></Style><LineString><coordinates>-71.6151616,-33.685325,0 -71.6150483,-33.6849733,0</coordinates></LineString></Placemark><Placemark><name>Trabajado - Cuartel 1833 - Hilera 3337</name><Style><LineStyle><color>ff00ff00</color><width>3</width></LineStyle></Style><LineString><coordinates>-71.6150916,-33.6849549,0 -71.6150699,-33.6845049,0</coordinates></LineString></Placemark><Placemark><name>Trabajado - Cuartel 1833 - Hilera 3338</name><Style><LineStyle><color>ff00ff00</color><width>3</width></LineStyle></Style><LineString><coordinates>-71.6150699,-33.6845049,0 -71.6150133,-33.6844166,0</coordinates></LineString></Placemark><Placemark><name>Trabajado - Cuartel 1833 - Hilera 3339</name><Style><LineStyle><color>ff00ff00</color><width>3</width></LineStyle></Style><LineString><coordinates>-71.61495628976307,-33.685422053269534,0 -71.6150683,-33.6834466,0</coordinates></LineString></Placemark><Placemark><name>Trabajado - Cuartel 1833 - Hilera 3341</name><Style><LineStyle><color>ff00ff00</color><width>3</width></LineStyle></Style><LineString><coordinates>-71.6149816,-33.6833833,0 -71.6150133,-33.683725,0</coordinates></LineString></Placemark><Placemark><name>Trabajado - Cuartel 1833 - Hilera 3342</name><Style><LineStyle><color>ff00ff00</color><width>3</width></LineStyle></Style><LineString><coordinates>-71.6150133,-33.683725,0 -71.6150016,-33.6849549,0</coordinates></LineString></Placemark><Placemark><name>Trabajado - Cuartel 1833 - Hilera 3344</name><Style><LineStyle><color>ff00ff00</color><width>3</width></LineStyle></Style><LineString><coordinates>-71.6148783,-33.6855633,0 -71.614855,-33.6845616,0</coordinates></LineString></Placemark><Placemark><name>Trabajado - Cuartel 1833 - Hilera 3345</name><Style><LineStyle><color>ff00ff00</color><width>3</width></LineStyle></Style><LineString><coordinates>-71.6148449,-33.6846633,0 -71.6148966,-33.6841883,0</coordinates></LineString></Placemark><Placemark><name>Trabajado - Cuartel 1833 - Hilera 3346</name><Style><LineStyle><color>ff00ff00</color><width>3</width></LineStyle></Style><LineString><coordinates>-71.6148966,-33.6841883,0 -71.6148216,-33.6840616,0</coordinates></LineString></Placemark><Placemark><name>Trabajado - Cuartel 1833 - Hilera 3347</name><Style><LineStyle><color>ff00ff00</color><width>3</width></LineStyle></Style><LineString><coordinates>-71.6148216,-33.6840616,0 -71.6148933,-33.6837416,0</coordinates></LineString></Placemark><Placemark><name>Trabajado - Cuartel 1833 - Hilera 3348</name><Style><LineStyle><color>ff00ff00</color><width>3</width></LineStyle></Style><LineString><coordinates>-71.6148933,-33.6837416,0 -71.6147883,-33.6833483,0</coordinates></LineString></Placemark><Placemark><name>Trabajado - Cuartel 1833 - Hilera 3349</name><Style><LineStyle><color>ff00ff00</color><width>3</width></LineStyle></Style><LineString><coordinates>-71.6147883,-33.6833483,0 -71.6147016,-33.6850249,0</coordinates></LineString></Placemark><Placemark><name>Trabajado - Cuartel 1833 - Hilera 3350</name><Style><LineStyle><color>ff00ff00</color><width>3</width></LineStyle></Style><LineString><coordinates>-71.6147016,-33.6850249,0 -71.6147633,-33.6852099,0</coordinates></LineString></Placemark><Placemark><name>Trabajado - Cuartel 1833 - Hilera 3352</name><Style><LineStyle><color>ff00ff00</color><width>3</width></LineStyle></Style><LineString><coordinates>-71.61467,-33.685545,0 -71.61474354054725,-33.68237462458117,0</coordinates></LineString></Placemark><Placemark><name>Trabajado - Cuartel 1833 - Hilera 3353</name><Style><LineStyle><color>ff00ff00</color><width>3</width></LineStyle></Style><LineString><coordinates>-71.614655,-33.6837883,0 -71.6147333,-33.6837016,0</coordinates></LineString></Placemark><Placemark><name>Trabajado - Cuartel 1833 - Hilera 3354</name><Style><LineStyle><color>ff00ff00</color><width>3</width></LineStyle></Style><LineString><coordinates>-71.6147333,-33.6837016,0 -71.6146616,-33.68357,0</coordinates></LineString></Placemark><Placemark><name>Trabajado - Cuartel 1833 - Hilera 3355</name><Style><LineStyle><color>ff00ff00</color><width>3</width></LineStyle></Style><LineString><coordinates>-71.6146616,-33.68357,0 -71.6146616,-33.6833099,0</coordinates></LineString></Placemark><Placemark><name>Trabajado - Cuartel 1833 - Hilera 3356</name><Style><LineStyle><color>ff00ff00</color><width>3</width></LineStyle></Style><LineString><coordinates>-71.6146616,-33.6833099,0 -71.6147716,-33.6830833,0</coordinates></LineString></Placemark><Placemark><name>Trabajado - Cuartel 1833 - Hilera 3357</name><Style><LineStyle><color>ff00ff00</color><width>3</width></LineStyle></Style><LineString><coordinates>-71.6147716,-33.6830833,0 -71.614685,-33.6823766,0</coordinates></LineString></Placemark><Placemark><name>Trabajado - Cuartel 1833 - Hilera 3362</name><Style><LineStyle><color>ff00ff00</color><width>3</width></LineStyle></Style><LineString><coordinates>-71.6147316,-33.6832816,0 -71.6144149,-33.6833216,0</coordinates></LineString></Placemark><Placemark><name>Trabajado - Cuartel 1833 - Hilera 3363</name><Style><LineStyle><color>ff00ff00</color><width>3</width></LineStyle></Style><LineString><coordinates>-71.6144149,-33.6833216,0 -71.6143333,-33.684245,0</coordinates></LineString></Placemark><Placemark><name>Trabajado - Cuartel 1833 - Hilera 3364</name><Style><LineStyle><color>ff00ff00</color><width>3</width></LineStyle></Style><LineString><coordinates>-71.6142666,-33.6842099,0 -71.61424524598225,-33.68554992893353,0</coordinates></LineString></Placemark><Placemark><name>Trabajado - Cuartel 1833 - Hilera 3366</name><Style><LineStyle><color>ff00ff00</color><width>3</width></LineStyle></Style><LineString><coordinates>-71.6141483,-33.6854949,0 -71.6141399,-33.6851516,0</coordinates></LineString></Placemark><Placemark><name>Trabajado - Cuartel 1833 - Hilera 3367</name><Style><LineStyle><color>ff00ff00</color><width>3</width></LineStyle></Style><LineString><coordinates>-71.6141399,-33.6851516,0 -71.6140833,-33.6850816,0</coordinates></LineString></Placemark><Placemark><name>Trabajado - Cuartel 1833 - Hilera 3368</name><Style><LineStyle><color>ff00ff00</color><width>3</width></LineStyle></Style><LineString><coordinates>-71.6140833,-33.6850816,0 -71.6141516,-33.68394,0</coordinates></LineString></Placemark><Placemark><name>Trabajado - Cuartel 1833 - Hilera 3370</name><Style><LineStyle><color>ff00ff00</color><width>3</width></LineStyle></Style><LineString><coordinates>-71.6140583,-33.683895,0 -71.61408,-33.683515,0</coordinates></LineString></Placemark><Placemark><name>Trabajado - Cuartel 1833 - Hilera 3373</name><Style><LineStyle><color>ff00ff00</color><width>3</width></LineStyle></Style><LineString><coordinates>-71.6139433,-33.6834166,0 -71.61393579898942,-33.68592999832217,0</coordinates></LineString></Placemark><Placemark><name>Trabajado - Cuartel 1833 - Hilera 3374</name><Style><LineStyle><color>ff00ff00</color><width>3</width></LineStyle></Style><LineString><coordinates>-71.613665,-33.6856083,0 -71.6137933,-33.6846033,0</coordinates></LineString></Placemark><Placemark><name>Trabajado - Cuartel 1833 - Hilera 3375</name><Style><LineStyle><color>ff00ff00</color><width>3</width></LineStyle></Style><LineString><coordinates>-71.6137933,-33.6846033,0 -71.6137516,-33.6845083,0</coordinates></LineString></Placemark><Placemark><name>Trabajado - Cuartel 1833 - Hilera 3376</name><Style><LineStyle><color>ff00ff00</color><width>3</width></LineStyle></Style><LineString><coordinates>-71.6137516,-33.6845083,0 -71.6138616,-33.683445,0</coordinates></LineString></Placemark><Placemark><name>Trabajado - Cuartel 1833 - Hilera 3378</name><Style><LineStyle><color>ff00ff00</color><width>3</width></LineStyle></Style><LineString><coordinates>-71.61373,-33.683325,0 -71.6135316,-33.6856316,0</coordinates></LineString></Placemark><Placemark><name>Trabajado - Cuartel 1833 - Hilera 3379</name><Style><LineStyle><color>ff00ff00</color><width>3</width></LineStyle></Style><LineString><coordinates>-71.6135316,-33.6856316,0 -71.6135,-33.6833866,0</coordinates></LineString></Placemark><Placemark><name>Trabajado - Cuartel 1833 - Hilera 3381</name><Style><LineStyle><color>ff00ff00</color><width>3</width></LineStyle></Style><LineString><coordinates>-71.6133066,-33.6833683,0 -71.6133083,-33.684995,0</coordinates></LineString></Placemark><Placemark><name>Trabajado - Cuartel 1833 - Hilera 3382</name><Style><LineStyle><color>ff00ff00</color><width>3</width></LineStyle></Style><LineString><coordinates>-71.6133083,-33.684995,0 -71.6133566,-33.685075,0</coordinates></LineString></Placemark><Placemark><name>Trabajado - Cuartel 1833 - Hilera 3383</name><Style><LineStyle><color>ff00ff00</color><width>3</width></LineStyle></Style><LineString><coordinates>-71.6133566,-33.685075,0 -71.6133133,-33.6851783,0</coordinates></LineString></Placemark><Placemark><name>Trabajado - Cuartel 1833 - Hilera 3384</name><Style><LineStyle><color>ff00ff00</color><width>3</width></LineStyle></Style><LineString><coordinates>-71.6133133,-33.6851783,0 -71.6133533,-33.6856549,0</coordinates></LineString></Placemark><Placemark><name>Trabajado - Cuartel 1833 - Hilera 3385</name><Style><LineStyle><color>ff00ff00</color><width>3</width></LineStyle></Style><LineString><coordinates>-71.6133533,-33.6856549,0 -71.61319,-33.685675,0</coordinates></LineString></Placemark><Placemark><name>Trabajado - Cuartel 1833 - Hilera 3386</name><Style><LineStyle><color>ff00ff00</color><width>3</width></LineStyle></Style><LineString><coordinates>-71.61319,-33.685675,0 -71.6131283,-33.6842566,0</coordinates></LineString></Placemark><Placemark><name>Trabajado - Cuartel 1833 - Hilera 3387</name><Style><LineStyle><color>ff00ff00</color><width>3</width></LineStyle></Style><LineString><coordinates>-71.6131283,-33.6842566,0 -71.6131816,-33.68417,0</coordinates></LineString></Placemark><Placemark><name>Trabajado - Cuartel 1833 - Hilera 3388</name><Style><LineStyle><color>ff00ff00</color><width>3</width></LineStyle></Style><LineString><coordinates>-71.6131816,-33.68417,0 -71.6131966,-33.6840783,0</coordinates></LineString></Placemark><Placemark><name>Trabajado - Cuartel 1833 - Hilera 3389</name><Style><LineStyle><color>ff00ff00</color><width>3</width></LineStyle></Style><LineString><coordinates>-71.6131816,-33.6841033,0 -71.6131816,-33.6839816,0</coordinates></LineString></Placemark><Placemark><name>Trabajado - Cuartel 1833 - Hilera 3390</name><Style><LineStyle><color>ff00ff00</color><width>3</width></LineStyle></Style><LineString><coordinates>-71.6131816,-33.6840333,0 -71.61322,-33.68357,0</coordinates></LineString></Placemark><Placemark><name>Trabajado - Cuartel 1833 - Hilera 3391</name><Style><LineStyle><color>ff00ff00</color><width>3</width></LineStyle></Style><LineString><coordinates>-71.61322,-33.68357,0 -71.6131816,-33.6834433,0</coordinates></LineString></Placemark><Placemark><name>Trabajado - Cuartel 1833 - Hilera 3393</name><Style><LineStyle><color>ff00ff00</color><width>3</width></LineStyle></Style><LineString><coordinates>-71.613375,-33.68319,0 -71.6133866,-33.6829283,0</coordinates></LineString></Placemark><Placemark><name>Trabajado - Cuartel 1833 - Hilera 3397</name><Style><LineStyle><color>ff00ff00</color><width>3</width></LineStyle></Style><LineString><coordinates>-71.615675,-33.6818533,0 -71.6153116,-33.6821666,0</coordinates></LineString></Placemark><Placemark><name>Trabajado - Cuartel 1833 - Hilera 3398</name><Style><LineStyle><color>ff00ff00</color><width>3</width></LineStyle></Style><LineString><coordinates>-71.6147149,-33.68235,0 -71.6146833,-33.683255,0</coordinates></LineString></Placemark><Placemark><name>Trabajado - Cuartel 1833 - Hilera 3399</name><Style><LineStyle><color>ff00ff00</color><width>3</width></LineStyle></Style><LineString><coordinates>-71.6146833,-33.683255,0 -71.6145883,-33.6832933,0</coordinates></LineString></Placemark><Placemark><name>Trabajado - Cuartel 1833 - Hilera 3401</name><Style><LineStyle><color>ff00ff00</color><width>3</width></LineStyle></Style><LineString><coordinates>-71.613005,-33.6833699,0 -71.613025,-33.6834533,0</coordinates></LineString></Placemark><Placemark><name>Trabajado - Cuartel 1833 - Hilera 3402</name><Style><LineStyle><color>ff00ff00</color><width>3</width></LineStyle></Style><LineString><coordinates>-71.613025,-33.6834533,0 -71.6130683,-33.6850666,0</coordinates></LineString></Placemark><Placemark><name>Trabajado - Cuartel 1833 - Hilera 3403</name><Style><LineStyle><color>ff00ff00</color><width>3</width></LineStyle></Style><LineString><coordinates>-71.613025,-33.6850866,0 -71.61303,-33.6855949,0</coordinates></LineString></Placemark><Placemark><name>Trabajado - Cuartel 1833 - Hilera 3404</name><Style><LineStyle><color>ff00ff00</color><width>3</width></LineStyle></Style><LineString><coordinates>-71.6129116,-33.6856133,0 -71.6128633,-33.6855049,0</coordinates></LineString></Placemark><Placemark><name>Trabajado - Cuartel 1833 - Hilera 3405</name><Style><LineStyle><color>ff00ff00</color><width>3</width></LineStyle></Style><LineString><coordinates>-71.6128933,-33.685455,0 -71.6129033,-33.6841533,0</coordinates></LineString></Placemark><Placemark><name>Trabajado - Cuartel 1833 - Hilera 3406</name><Style><LineStyle><color>ff00ff00</color><width>3</width></LineStyle></Style><LineString><coordinates>-71.6128733,-33.6841566,0 -71.6129333,-33.683395,0</coordinates></LineString></Placemark><Placemark><name>Trabajado - Cuartel 1833 - Hilera 3407</name><Style><LineStyle><color>ff00ff00</color><width>3</width></LineStyle></Style><LineString><coordinates>-71.6129333,-33.683395,0 -71.6128766,-33.683315,0</coordinates></LineString></Placemark><Placemark><name>Trabajado - Cuartel 1833 - Hilera 3408</name><Style><LineStyle><color>ff00ff00</color><width>3</width></LineStyle></Style><LineString><coordinates>-71.6128766,-33.683315,0 -71.6128416,-33.6835533,0</coordinates></LineString></Placemark><Placemark><name>Trabajado - Cuartel 1833 - Hilera 3410</name><Style><LineStyle><color>ff00ff00</color><width>3</width></LineStyle></Style><LineString><coordinates>-71.612705,-33.6837066,0 -71.6128449,-33.6838366,0</coordinates></LineString></Placemark><Placemark><name>Trabajado - Cuartel 1833 - Hilera 3411</name><Style><LineStyle><color>ff00ff00</color><width>3</width></LineStyle></Style><LineString><coordinates>-71.6128449,-33.6838366,0 -71.6127383,-33.6847166,0</coordinates></LineString></Placemark><Placemark><name>Trabajado - Cuartel 1833 - Hilera 3412</name><Style><LineStyle><color>ff00ff00</color><width>3</width></LineStyle></Style><LineString><coordinates>-71.6127383,-33.6847166,0 -71.6128449,-33.6849433,0</coordinates></LineString></Placemark><Placemark><name>Trabajado - Cuartel 1833 - Hilera 3413</name><Style><LineStyle><color>ff00ff00</color><width>3</width></LineStyle></Style><LineString><coordinates>-71.6128449,-33.6849433,0 -71.6127583,-33.6853583,0</coordinates></LineString></Placemark><Placemark><name>Trabajado - Cuartel 1833 - Hilera 3414</name><Style><LineStyle><color>ff00ff00</color><width>3</width></LineStyle></Style><LineString><coordinates>-71.6127583,-33.6853583,0 -71.61281,-33.68548,0</coordinates></LineString></Placemark><Placemark><name>Trabajado - Cuartel 1833 - Hilera 3415</name><Style><LineStyle><color>ff00ff00</color><width>3</width></LineStyle></Style><LineString><coordinates>-71.61281,-33.68548,0 -71.6127116,-33.6856083,0</coordinates></LineString></Placemark><Placemark><name>Trabajado - Cuartel 1833 - Hilera 3416</name><Style><LineStyle><color>ff00ff00</color><width>3</width></LineStyle></Style><LineString><coordinates>-71.6127116,-33.6856083,0 -71.6127,-33.6843433,0</coordinates></LineString></Placemark><Placemark><name>Trabajado - Cuartel 1833 - Hilera 3417</name><Style><LineStyle><color>ff00ff00</color><width>3</width></LineStyle></Style><LineString><coordinates>-71.6127,-33.6843433,0 -71.6126416,-33.6842633,0</coordinates></LineString></Placemark><Placemark><name>Trabajado - Cuartel 1833 - Hilera 3418</name><Style><LineStyle><color>ff00ff00</color><width>3</width></LineStyle></Style><LineString><coordinates>-71.6126416,-33.6842633,0 -71.6126366,-33.6834783,0</coordinates></LineString></Placemark><Placemark><name>Trabajado - Cuartel 1833 - Hilera 3419</name><Style><LineStyle><color>ff00ff00</color><width>3</width></LineStyle></Style><LineString><coordinates>-71.6126366,-33.6834783,0 -71.6125866,-33.6856016,0</coordinates></LineString></Placemark><Placemark><name>Trabajado - Cuartel 1833 - Hilera 3420</name><Style><LineStyle><color>ff00ff00</color><width>3</width></LineStyle></Style><LineString><coordinates>-71.6125866,-33.6856016,0 -71.6124583,-33.68546,0</coordinates></LineString></Placemark><Placemark><name>Trabajado - Cuartel 1833 - Hilera 3421</name><Style><LineStyle><color>ff00ff00</color><width>3</width></LineStyle></Style><LineString><coordinates>-71.6124583,-33.68546,0 -71.61246864099154,-33.68429146795698,0</coordinates></LineString></Placemark><Placemark><name>Trabajado - Cuartel 1833 - Hilera 3423</name><Style><LineStyle><color>ff00ff00</color><width>3</width></LineStyle></Style><LineString><coordinates>-71.6123966,-33.684275,0 -71.6124,-33.6848016,0</coordinates></LineString></Placemark><Placemark><name>Trabajado - Cuartel 1833 - Hilera 3427</name><Style><LineStyle><color>ff00ff00</color><width>3</width></LineStyle></Style><LineString><coordinates>-71.612275,-33.6847983,0 -71.6126516,-33.6831633,0</coordinates></LineString></Placemark><Placemark><name>Trabajado - Cuartel 1833 - Hilera 3430</name><Style><LineStyle><color>ff00ff00</color><width>3</width></LineStyle></Style><LineString><coordinates>-71.61556340219973,-33.68254390571262,0 -71.6156633,-33.6819533,0</coordinates></LineString></Placemark><Placemark><name>Trabajado - Cuartel 1833 - Hilera 3431</name><Style><LineStyle><color>ff00ff00</color><width>3</width></LineStyle></Style><LineString><coordinates>-71.6156633,-33.6819533,0 -71.6158683,-33.68177,0</coordinates></LineString></Placemark><Placemark><name>Trabajado - Cuartel 1833 - Hilera 3507</name><Style><LineStyle><color>ff00ff00</color><width>3</width></LineStyle></Style><LineString><coordinates>-71.6193566,-33.6849533,0 -71.6192516,-33.6856533,0</coordinates></LineString></Placemark><Placemark><name>Trabajado - Cuartel 1833 - Hilera 3508</name><Style><LineStyle><color>ff00ff00</color><width>3</width></LineStyle></Style><LineString><coordinates>-71.6192516,-33.6856533,0 -71.6192316,-33.6851466,0</coordinates></LineString></Placemark><Placemark><name>Trabajado - Cuartel 1833 - Hilera 3509</name><Style><LineStyle><color>ff00ff00</color><width>3</width></LineStyle></Style><LineString><coordinates>-71.6192316,-33.6851466,0 -71.6191683,-33.6849666,0</coordinates></LineString></Placemark><Placemark><name>Trabajado - Cuartel 1833 - Hilera 3511</name><Style><LineStyle><color>ff00ff00</color><width>3</width></LineStyle></Style><LineString><coordinates>-71.6190616,-33.685065,0 -71.6190566,-33.6854733,0</coordinates></LineString></Placemark><Placemark><name>Trabajado - Cuartel 1833 - Hilera 3513</name><Style><LineStyle><color>ff00ff00</color><width>3</width></LineStyle></Style><LineString><coordinates>-71.6188866,-33.6856216,0 -71.6188933,-33.6849916,0</coordinates></LineString></Placemark><Placemark><name>Trabajado - Cuartel 1833 - Hilera 3515</name><Style><LineStyle><color>ff00ff00</color><width>3</width></LineStyle></Style><LineString><coordinates>-71.61868,-33.6850783,0 -71.6186866,-33.6855983,0</coordinates></LineString></Placemark><Placemark><name>Trabajado - Cuartel 1833 - Hilera 3517</name><Style><LineStyle><color>ff00ff00</color><width>3</width></LineStyle></Style><LineString><coordinates>-71.6185133,-33.6856699,0 -71.61848883050637,-33.684338508577056,0</coordinates></LineString></Placemark><Placemark><name>Trabajado - Cuartel 1833 - Hilera 3518</name><Style><LineStyle><color>ff00ff00</color><width>3</width></LineStyle></Style><LineString><coordinates>-71.6185016,-33.6850333,0 -71.6183433,-33.6849233,0</coordinates></LineString></Placemark><Placemark><name>Trabajado - Cuartel 1833 - Hilera 3519</name><Style><LineStyle><color>ff00ff00</color><width>3</width></LineStyle></Style><LineString><coordinates>-71.61835820911756,-33.684303776468866,0 -71.6183283,-33.6855466,0</coordinates></LineString></Placemark><Placemark><name>Trabajado - Cuartel 1833 - Hilera 3521</name><Style><LineStyle><color>ff00ff00</color><width>3</width></LineStyle></Style><LineString><coordinates>-71.6181,-33.6856233,0 -71.6181183,-33.6851883,0</coordinates></LineString></Placemark><Placemark><name>Trabajado - Cuartel 1833 - Hilera 3522</name><Style><LineStyle><color>ff00ff00</color><width>3</width></LineStyle></Style><LineString><coordinates>-71.6181183,-33.6851883,0 -71.6179083,-33.684945,0</coordinates></LineString></Placemark><Placemark><name>Trabajado - Cuartel 1833 - Hilera 3523</name><Style><LineStyle><color>ff00ff00</color><width>3</width></LineStyle></Style><LineString><coordinates>-71.6179083,-33.684945,0 -71.6178433,-33.6851716,0</coordinates></LineString></Placemark><Placemark><name>Trabajado - Cuartel 1833 - Hilera 3524</name><Style><LineStyle><color>ff00ff00</color><width>3</width></LineStyle></Style><LineString><coordinates>-71.6178433,-33.6851716,0 -71.6179233,-33.6855983,0</coordinates></LineString></Placemark><Placemark><name>Trabajado - Cuartel 1833 - Hilera 3526</name><Style><LineStyle><color>ff00ff00</color><width>3</width></LineStyle></Style><LineString><coordinates>-71.6176983,-33.6856233,0 -71.6177066,-33.685185,0</coordinates></LineString></Placemark><Placemark><name>Trabajado - Cuartel 1833 - Hilera 3527</name><Style><LineStyle><color>ff00ff00</color><width>3</width></LineStyle></Style><LineString><coordinates>-71.6177066,-33.685185,0 -71.61753,-33.684915,0</coordinates></LineString></Placemark><Placemark><name>Trabajado - Cuartel 1833 - Hilera 3528</name><Style><LineStyle><color>ff00ff00</color><width>3</width></LineStyle></Style><LineString><coordinates>-71.61753,-33.684915,0 -71.6174966,-33.6855266,0</coordinates></LineString></Placemark><Placemark><name>Trabajado - Cuartel 1833 - Hilera 3530</name><Style><LineStyle><color>ff00ff00</color><width>3</width></LineStyle></Style><LineString><coordinates>-71.6173183,-33.6855983,0 -71.61728386181754,-33.684168599885375,0</coordinates></LineString></Placemark><Placemark><name>Trabajado - Cuartel 1833 - Hilera 3532</name><Style><LineStyle><color>ff00ff00</color><width>3</width></LineStyle></Style><LineString><coordinates>-71.6171069345572,-33.684300594418616,0 -71.6171583,-33.6854933,0</coordinates></LineString></Placemark><Placemark><name>Trabajado - Cuartel 1833 - Hilera 3534</name><Style><LineStyle><color>ff00ff00</color><width>3</width></LineStyle></Style><LineString><coordinates>-71.6169633,-33.68568,0 -71.61692,-33.6850116,0</coordinates></LineString></Placemark><Placemark><name>Trabajado - Cuartel 1833 - Hilera 3536</name><Style><LineStyle><color>ff00ff00</color><width>3</width></LineStyle></Style><LineString><coordinates>-71.6167716,-33.68502,0 -71.6166616,-33.6856283,0</coordinates></LineString></Placemark><Placemark><name>Trabajado - Cuartel 1833 - Hilera 3537</name><Style><LineStyle><color>ff00ff00</color><width>3</width></LineStyle></Style><LineString><coordinates>-71.6166616,-33.6856283,0 -71.6164983,-33.6849133,0</coordinates></LineString></Placemark><Placemark><name>Trabajado - Cuartel 1833 - Hilera 3538</name><Style><LineStyle><color>ff00ff00</color><width>3</width></LineStyle></Style><LineString><coordinates>-71.6164983,-33.6849133,0 -71.6165066,-33.6855849,0</coordinates></LineString></Placemark><Placemark><name>Trabajado - Cuartel 1833 - Hilera 3540</name><Style><LineStyle><color>ff00ff00</color><width>3</width></LineStyle></Style><LineString><coordinates>-71.6164399,-33.6856633,0 -71.6163233,-33.6849283,0</coordinates></LineString></Placemark><Placemark><name>Trabajado - Cuartel 1833 - Hilera 3541</name><Style><LineStyle><color>ff00ff00</color><width>3</width></LineStyle></Style><LineString><coordinates>-71.616245,-33.6849083,0 -71.61618,-33.6850949,0</coordinates></LineString></Placemark><Placemark><name>Trabajado - Cuartel 1833 - Hilera 3542</name><Style><LineStyle><color>ff00ff00</color><width>3</width></LineStyle></Style><LineString><coordinates>-71.61618,-33.6850949,0 -71.6160466,-33.6849033,0</coordinates></LineString></Placemark><Placemark><name>Trabajado - Cuartel 1833 - Hilera 3543</name><Style><LineStyle><color>ff00ff00</color><width>3</width></LineStyle></Style><LineString><coordinates>-71.6160466,-33.6849033,0 -71.6159483,-33.6856549,0</coordinates></LineString></Placemark><Placemark><name>Trabajado - Cuartel 1833 - Hilera 3544</name><Style><LineStyle><color>ff00ff00</color><width>3</width></LineStyle></Style><LineString><coordinates>-71.6159483,-33.6856549,0 -71.6158666,-33.6850249,0</coordinates></LineString></Placemark><Placemark><name>Trabajado - Cuartel 1833 - Hilera 3546</name><Style><LineStyle><color>ff00ff00</color><width>3</width></LineStyle></Style><LineString><coordinates>-71.6157,-33.6850449,0 -71.6157183,-33.6853466,0</coordinates></LineString></Placemark><Placemark><name>Trabajado - Cuartel 1833 - Hilera 3547</name><Style><LineStyle><color>ff00ff00</color><width>3</width></LineStyle></Style><LineString><coordinates>-71.6157183,-33.6853466,0 -71.6157349,-33.6850333,0</coordinates></LineString></Placemark><Placemark><name>Trabajado - Cuartel 1833 - Hilera 3548</name><Style><LineStyle><color>ff00ff00</color><width>3</width></LineStyle></Style><LineString><coordinates>-71.6157533,-33.6850066,0 -71.6156633,-33.6848383,0</coordinates></LineString></Placemark><Placemark><name>Trabajado - Cuartel 1833 - Hilera 3549</name><Style><LineStyle><color>ff00ff00</color><width>3</width></LineStyle></Style><LineString><coordinates>-71.6157449,-33.6848516,0 -71.6156616,-33.6847933,0</coordinates></LineString></Placemark><Placemark><name>Trabajado - Cuartel 1833 - Hilera 3550</name><Style><LineStyle><color>ff00ff00</color><width>3</width></LineStyle></Style><LineString><coordinates>-71.6156616,-33.6847933,0 -71.6156716,-33.6842383,0</coordinates></LineString></Placemark><Placemark><name>Trabajado - Cuartel 1833 - Hilera 3551</name><Style><LineStyle><color>ff00ff00</color><width>3</width></LineStyle></Style><LineString><coordinates>-71.6156716,-33.6842383,0 -71.6158133,-33.6841366,0</coordinates></LineString></Placemark><Placemark><name>Trabajado - Cuartel 1833 - Hilera 3552</name><Style><LineStyle><color>ff00ff00</color><width>3</width></LineStyle></Style><LineString><coordinates>-71.6158133,-33.6841366,0 -71.6158683,-33.6841983,0</coordinates></LineString></Placemark><Placemark><name>Trabajado - Cuartel 1833 - Hilera 3553</name><Style><LineStyle><color>ff00ff00</color><width>3</width></LineStyle></Style><LineString><coordinates>-71.6158683,-33.6841983,0 -71.6158633,-33.6847633,0</coordinates></LineString></Placemark><Placemark><name>Trabajado - Cuartel 1833 - Hilera 3555</name><Style><LineStyle><color>ff00ff00</color><width>3</width></LineStyle></Style><LineString><coordinates>-71.615975,-33.6847666,0 -71.6160466,-33.6841316,0</coordinates></LineString></Placemark><Placemark><name>Trabajado - Cuartel 1833 - Hilera 3556</name><Style><LineStyle><color>ff00ff00</color><width>3</width></LineStyle></Style><LineString><coordinates>-71.6160466,-33.6841316,0 -71.6161483,-33.6843083,0</coordinates></LineString></Placemark><Placemark><name>Trabajado - Cuartel 1833 - Hilera 3557</name><Style><LineStyle><color>ff00ff00</color><width>3</width></LineStyle></Style><LineString><coordinates>-71.6161483,-33.6843083,0 -71.6161583,-33.6848066,0</coordinates></LineString></Placemark><Placemark><name>Trabajado - Cuartel 1833 - Hilera 3558</name><Style><LineStyle><color>ff00ff00</color><width>3</width></LineStyle></Style><LineString><coordinates>-71.6161583,-33.6848066,0 -71.6162266,-33.6848716,0</coordinates></LineString></Placemark><Placemark><name>Trabajado - Cuartel 1833 - Hilera 3559</name><Style><LineStyle><color>ff00ff00</color><width>3</width></LineStyle></Style><LineString><coordinates>-71.6161949,-33.6848883,0 -71.61608,-33.68448,0</coordinates></LineString></Placemark><Placemark><name>Trabajado - Cuartel 1833 - Hilera 3560</name><Style><LineStyle><color>ff00ff00</color><width>3</width></LineStyle></Style><LineString><coordinates>-71.61608,-33.68448,0 -71.6164116,-33.6841466,0</coordinates></LineString></Placemark><Placemark><name>Trabajado - Cuartel 1833 - Hilera 3561</name><Style><LineStyle><color>ff00ff00</color><width>3</width></LineStyle></Style><LineString><coordinates>-71.6164116,-33.6841466,0 -71.6164566,-33.6847516,0</coordinates></LineString></Placemark><Placemark><name>Trabajado - Cuartel 1833 - Hilera 3562</name><Style><LineStyle><color>ff00ff00</color><width>3</width></LineStyle></Style><LineString><coordinates>-71.61651,-33.6847449,0 -71.616535,-33.6842516,0</coordinates></LineString></Placemark><Placemark><name>Trabajado - Cuartel 1833 - Hilera 3563</name><Style><LineStyle><color>ff00ff00</color><width>3</width></LineStyle></Style><LineString><coordinates>-71.616535,-33.6842516,0 -71.6166983,-33.6843283,0</coordinates></LineString></Placemark><Placemark><name>Trabajado - Cuartel 1833 - Hilera 3564</name><Style><LineStyle><color>ff00ff00</color><width>3</width></LineStyle></Style><LineString><coordinates>-71.6166983,-33.6843283,0 -71.6167166,-33.684665,0</coordinates></LineString></Placemark><Placemark><name>Trabajado - Cuartel 1833 - Hilera 3565</name><Style><LineStyle><color>ff00ff00</color><width>3</width></LineStyle></Style><LineString><coordinates>-71.6167866,-33.6846266,0 -71.6168183,-33.6841383,0</coordinates></LineString></Placemark><Placemark><name>Trabajado - Cuartel 1833 - Hilera 3566</name><Style><LineStyle><color>ff00ff00</color><width>3</width></LineStyle></Style><LineString><coordinates>-71.6168183,-33.6841383,0 -71.6169283,-33.684165,0</coordinates></LineString></Placemark><Placemark><name>Trabajado - Cuartel 1833 - Hilera 3567</name><Style><LineStyle><color>ff00ff00</color><width>3</width></LineStyle></Style><LineString><coordinates>-71.6169283,-33.684165,0 -71.61699,-33.68488,0</coordinates></LineString></Placemark><Placemark><name>Trabajado - Cuartel 1833 - Hilera 3568</name><Style><LineStyle><color>ff00ff00</color><width>3</width></LineStyle></Style><LineString><coordinates>-71.61699,-33.68488,0 -71.6169916,-33.6842266,0</coordinates></LineString></Placemark><Placemark><name>Trabajado - Cuartel 1833 - Hilera 3569</name><Style><LineStyle><color>ff00ff00</color><width>3</width></LineStyle></Style><LineString><coordinates>-71.6169916,-33.6842266,0 -71.6171266,-33.6843,0</coordinates></LineString></Placemark><Placemark><name>Trabajado - Cuartel 1833 - Hilera 3570</name><Style><LineStyle><color>ff00ff00</color><width>3</width></LineStyle></Style><LineString><coordinates>-71.6171116,-33.684655,0 -71.6173,-33.68486,0</coordinates></LineString></Placemark><Placemark><name>Trabajado - Cuartel 1833 - Hilera 3571</name><Style><LineStyle><color>ff00ff00</color><width>3</width></LineStyle></Style><LineString><coordinates>-71.6173016,-33.6841683,0 -71.617475,-33.6843549,0</coordinates></LineString></Placemark><Placemark><name>Trabajado - Cuartel 1833 - Hilera 3572</name><Style><LineStyle><color>ff00ff00</color><width>3</width></LineStyle></Style><LineString><coordinates>-71.617475,-33.6843549,0 -71.6174799,-33.6848716,0</coordinates></LineString></Placemark><Placemark><name>Trabajado - Cuartel 1833 - Hilera 3574</name><Style><LineStyle><color>ff00ff00</color><width>3</width></LineStyle></Style><LineString><coordinates>-71.6175833,-33.6848183,0 -71.617645,-33.6841333,0</coordinates></LineString></Placemark><Placemark><name>Trabajado - Cuartel 1833 - Hilera 3575</name><Style><LineStyle><color>ff00ff00</color><width>3</width></LineStyle></Style><LineString><coordinates>-71.617645,-33.6841333,0 -71.617795,-33.6843699,0</coordinates></LineString></Placemark><Placemark><name>Trabajado - Cuartel 1833 - Hilera 3576</name><Style><LineStyle><color>ff00ff00</color><width>3</width></LineStyle></Style><LineString><coordinates>-71.617795,-33.6843699,0 -71.6177599,-33.6847033,0</coordinates></LineString></Placemark><Placemark><name>Trabajado - Cuartel 1833 - Hilera 3577</name><Style><LineStyle><color>ff00ff00</color><width>3</width></LineStyle></Style><LineString><coordinates>-71.6177599,-33.6847033,0 -71.6178883,-33.6848166,0</coordinates></LineString></Placemark><Placemark><name>Trabajado - Cuartel 1833 - Hilera 3578</name><Style><LineStyle><color>ff00ff00</color><width>3</width></LineStyle></Style><LineString><coordinates>-71.6178883,-33.6848166,0 -71.6179033,-33.684155,0</coordinates></LineString></Placemark><Placemark><name>Trabajado - Cuartel 1833 - Hilera 3580</name><Style><LineStyle><color>ff00ff00</color><width>3</width></LineStyle></Style><LineString><coordinates>-71.6180283,-33.6842016,0 -71.61803,-33.68486,0</coordinates></LineString></Placemark><Placemark><name>Trabajado - Cuartel 1833 - Hilera 3582</name><Style><LineStyle><color>ff00ff00</color><width>3</width></LineStyle></Style><LineString><coordinates>-71.6181783,-33.68477,0 -71.6181716,-33.6845049,0</coordinates></LineString></Placemark><Placemark><name>Trabajado - Cuartel 1833 - Hilera 3583</name><Style><LineStyle><color>ff00ff00</color><width>3</width></LineStyle></Style><LineString><coordinates>-71.618225,-33.6845016,0 -71.6181966,-33.6843166,0</coordinates></LineString></Placemark><Placemark><name>Trabajado - Cuartel 1833 - Hilera 3585</name><Style><LineStyle><color>ff00ff00</color><width>3</width></LineStyle></Style><LineString><coordinates>-71.6183499,-33.6846383,0 -71.6182683,-33.6847783,0</coordinates></LineString></Placemark><Placemark><name>Trabajado - Cuartel 1833 - Hilera 3586</name><Style><LineStyle><color>ff00ff00</color><width>3</width></LineStyle></Style><LineString><coordinates>-71.6182683,-33.6847783,0 -71.6182149,-33.6846833,0</coordinates></LineString></Placemark><Placemark><name>Trabajado - Cuartel 1833 - Hilera 3587</name><Style><LineStyle><color>ff00ff00</color><width>3</width></LineStyle></Style><LineString><coordinates>-71.6182149,-33.6846833,0 -71.618285,-33.6841616,0</coordinates></LineString></Placemark><Placemark><name>Trabajado - Cuartel 1834 - Hilera 1834</name><Style><LineStyle><color>ff00ff00</color><width>3</width></LineStyle></Style><LineString><coordinates>-71.6156233,-33.6857066,0 -71.6194199,-33.6856966,0</coordinates></LineString></Placemark><Placemark><name>Trabajado - Cuartel 1834 - Hilera 3512</name><Style><LineStyle><color>ff00ff00</color><width>3</width></LineStyle></Style><LineString><coordinates>-71.6190566,-33.6854733,0 -71.6188866,-33.6856216,0</coordinates></LineString></Placemark><Placemark><name>Trabajado - Cuartel 1834 - Hilera 3516</name><Style><LineStyle><color>ff00ff00</color><width>3</width></LineStyle></Style><LineString><coordinates>-71.6186866,-33.6855983,0 -71.6185133,-33.6856699,0</coordinates></LineString></Placemark><Placemark><name>Trabajado - Cuartel 1834 - Hilera 3520</name><Style><LineStyle><color>ff00ff00</color><width>3</width></LineStyle></Style><LineString><coordinates>-71.6183283,-33.6855466,0 -71.6181,-33.6856233,0</coordinates></LineString></Placemark><Placemark><name>Trabajado - Cuartel 1834 - Hilera 3525</name><Style><LineStyle><color>ff00ff00</color><width>3</width></LineStyle></Style><LineString><coordinates>-71.6179233,-33.6855983,0 -71.6176983,-33.6856233,0</coordinates></LineString></Placemark><Placemark><name>Trabajado - Cuartel 1834 - Hilera 3529</name><Style><LineStyle><color>ff00ff00</color><width>3</width></LineStyle></Style><LineString><coordinates>-71.6174966,-33.6855266,0 -71.6173183,-33.6855983,0</coordinates></LineString></Placemark><Placemark><name>Descartado (grupo chico) - Hilera 1835</name><Style><LineStyle><color>ff00ffff</color><width>3</width></LineStyle></Style><LineString><coordinates>-71.6194199,-33.6856966,0 -71.6195216,-33.6696716,0</coordinates></LineString></Placemark><Placemark><name>Trabajado - Cuartel 1836 - Hilera 1836</name><Style><LineStyle><color>ff00ff00</color><width>3</width></LineStyle></Style><LineString><coordinates>-71.6194583,-33.6696783,0 -71.61954,-33.6697483,0</coordinates></LineString></Placemark><Placemark><name>Trabajado - Cuartel 1836 - Hilera 1837</name><Style><LineStyle><color>ff00ff00</color><width>3</width></LineStyle></Style><LineString><coordinates>-71.61954,-33.6697483,0 -71.61940171154515,-33.67008975297491,0</coordinates></LineString></Placemark><Placemark><name>Trabajado - Cuartel 1836 - Hilera 1838</name><Style><LineStyle><color>ff00ff00</color><width>3</width></LineStyle></Style><LineString><coordinates>-71.61940462233716,-33.66957868882671,0 -71.61952930397972,-33.67006933417948,0</coordinates></LineString></Placemark><Placemark><name>Trabajado - Cuartel 1836 - Hilera 1840</name><Style><LineStyle><color>ff00ff00</color><width>3</width></LineStyle></Style><LineString><coordinates>-71.6193433,-33.6701016,0 -71.619385,-33.6696066,0</coordinates></LineString></Placemark><Placemark><name>Trabajado - Cuartel 1836 - Hilera 1841</name><Style><LineStyle><color>ff00ff00</color><width>3</width></LineStyle></Style><LineString><coordinates>-71.61905414589702,-33.66942720504897,0 -71.6194833,-33.6696599,0</coordinates></LineString></Placemark><Placemark><name>Trabajado - Cuartel 1836 - Hilera 1842</name><Style><LineStyle><color>ff00ff00</color><width>3</width></LineStyle></Style><LineString><coordinates>-71.6194733,-33.6697383,0 -71.619485,-33.6699783,0</coordinates></LineString></Placemark><Placemark><name>Trabajado - Cuartel 1836 - Hilera 1843</name><Style><LineStyle><color>ff00ff00</color><width>3</width></LineStyle></Style><LineString><coordinates>-71.619485,-33.6699783,0 -71.6194566,-33.6700733,0</coordinates></LineString></Placemark><Placemark><name>Trabajado - Cuartel 1836 - Hilera 1845</name><Style><LineStyle><color>ff00ff00</color><width>3</width></LineStyle></Style><LineString><coordinates>-71.6193399,-33.6701,0 -71.6192966,-33.6700183,0</coordinates></LineString></Placemark><Placemark><name>Trabajado - Cuartel 1836 - Hilera 1846</name><Style><LineStyle><color>ff00ff00</color><width>3</width></LineStyle></Style><LineString><coordinates>-71.6192966,-33.6700183,0 -71.61933,-33.6697133,0</coordinates></LineString></Placemark><Placemark><name>Trabajado - Cuartel 1836 - Hilera 1847</name><Style><LineStyle><color>ff00ff00</color><width>3</width></LineStyle></Style><LineString><coordinates>-71.61933,-33.6697133,0 -71.619285,-33.6696266,0</coordinates></LineString></Placemark><Placemark><name>Trabajado - Cuartel 1836 - Hilera 1849</name><Style><LineStyle><color>ff00ff00</color><width>3</width></LineStyle></Style><LineString><coordinates>-71.6194233,-33.6696849,0 -71.6195016,-33.66981,0</coordinates></LineString></Placemark><Placemark><name>Trabajado - Cuartel 1836 - Hilera 1850</name><Style><LineStyle><color>ff00ff00</color><width>3</width></LineStyle></Style><LineString><coordinates>-71.6191133,-33.6700733,0 -71.6190583,-33.669495,0</coordinates></LineString></Placemark><Placemark><name>Trabajado - Cuartel 1836 - Hilera 1851</name><Style><LineStyle><color>ff00ff00</color><width>3</width></LineStyle></Style><LineString><coordinates>-71.6190583,-33.669495,0 -71.619165,-33.6695,0</coordinates></LineString></Placemark><Placemark><name>Trabajado - Cuartel 1836 - Hilera 1852</name><Style><LineStyle><color>ff00ff00</color><width>3</width></LineStyle></Style><LineString><coordinates>-71.619165,-33.6695,0 -71.6192083,-33.6699833,0</coordinates></LineString></Placemark><Placemark><name>Trabajado - Cuartel 1836 - Hilera 1854</name><Style><LineStyle><color>ff00ff00</color><width>3</width></LineStyle></Style><LineString><coordinates>-71.619015,-33.670115,0 -71.6190533,-33.6694283,0</coordinates></LineString></Placemark><Placemark><name>Trabajado - Cuartel 1836 - Hilera 1855</name><Style><LineStyle><color>ff00ff00</color><width>3</width></LineStyle></Style><LineString><coordinates>-71.619135,-33.6694783,0 -71.61914773619324,-33.66985768418021,0</coordinates></LineString></Placemark><Placemark><name>Trabajado - Cuartel 1836 - Hilera 1856</name><Style><LineStyle><color>ff00ff00</color><width>3</width></LineStyle></Style><LineString><coordinates>-71.6191216,-33.6698583,0 -71.619165,-33.6700449,0</coordinates></LineString></Placemark><Placemark><name>Trabajado - Cuartel 1836 - Hilera 1857</name><Style><LineStyle><color>ff00ff00</color><width>3</width></LineStyle></Style><LineString><coordinates>-71.619165,-33.6700449,0 -71.61918,-33.6693666,0</coordinates></LineString></Placemark><Placemark><name>Trabajado - Cuartel 1836 - Hilera 1858</name><Style><LineStyle><color>ff00ff00</color><width>3</width></LineStyle></Style><LineString><coordinates>-71.61918,-33.6693666,0 -71.61907,-33.6693333,0</coordinates></LineString></Placemark><Placemark><name>Trabajado - Cuartel 1836 - Hilera 1860</name><Style><LineStyle><color>ff00ff00</color><width>3</width></LineStyle></Style><LineString><coordinates>-71.6189699,-33.6693816,0 -71.6189516,-33.6700866,0</coordinates></LineString></Placemark><Placemark><name>Trabajado - Cuartel 1836 - Hilera 1861</name><Style><LineStyle><color>ff00ff00</color><width>3</width></LineStyle></Style><LineString><coordinates>-71.6189516,-33.6700866,0 -71.6195349,-33.670555,0</coordinates></LineString></Placemark><Placemark><name>Trabajado - Cuartel 1836 - Hilera 1873</name><Style><LineStyle><color>ff00ff00</color><width>3</width></LineStyle></Style><LineString><coordinates>-71.6188683,-33.6701633,0 -71.6188483,-33.6692766,0</coordinates></LineString></Placemark><Placemark><name>Trabajado - Cuartel 1836 - Hilera 1874</name><Style><LineStyle><color>ff00ff00</color><width>3</width></LineStyle></Style><LineString><coordinates>-71.6188483,-33.6692766,0 -71.6188033,-33.6701583,0</coordinates></LineString></Placemark><Placemark><name>Trabajado - Cuartel 1836 - Hilera 1875</name><Style><LineStyle><color>ff00ff00</color><width>3</width></LineStyle></Style><LineString><coordinates>-71.6188033,-33.6701583,0 -71.618765,-33.66927,0</coordinates></LineString></Placemark><Placemark><name>Trabajado - Cuartel 1836 - Hilera 1876</name><Style><LineStyle><color>ff00ff00</color><width>3</width></LineStyle></Style><LineString><coordinates>-71.618765,-33.66927,0 -71.6187374539702,-33.67015820975424,0</coordinates></LineString></Placemark><Placemark><name>Trabajado - Cuartel 1836 - Hilera 1877</name><Style><LineStyle><color>ff00ff00</color><width>3</width></LineStyle></Style><LineString><coordinates>-71.6187416,-33.6701583,0 -71.6186783,-33.670075,0</coordinates></LineString></Placemark><Placemark><name>Trabajado - Cuartel 1836 - Hilera 1878</name><Style><LineStyle><color>ff00ff00</color><width>3</width></LineStyle></Style><LineString><coordinates>-71.6186783,-33.670075,0 -71.6187183,-33.6692849,0</coordinates></LineString></Placemark><Placemark><name>Trabajado - Cuartel 1836 - Hilera 1879</name><Style><LineStyle><color>ff00ff00</color><width>3</width></LineStyle></Style><LineString><coordinates>-71.6187183,-33.6692849,0 -71.61864,-33.670155,0</coordinates></LineString></Placemark><Placemark><name>Trabajado - Cuartel 1836 - Hilera 1880</name><Style><LineStyle><color>ff00ff00</color><width>3</width></LineStyle></Style><LineString><coordinates>-71.61864,-33.670155,0 -71.6185633,-33.6700816,0</coordinates></LineString></Placemark><Placemark><name>Trabajado - Cuartel 1836 - Hilera 1881</name><Style><LineStyle><color>ff00ff00</color><width>3</width></LineStyle></Style><LineString><coordinates>-71.6185633,-33.6700816,0 -71.6185433,-33.6690433,0</coordinates></LineString></Placemark><Placemark><name>Trabajado - Cuartel 1836 - Hilera 1882</name><Style><LineStyle><color>ff00ff00</color><width>3</width></LineStyle></Style><LineString><coordinates>-71.61852044837168,-33.66904358594043,0 -71.6185416,-33.67023,0</coordinates></LineString></Placemark><Placemark><name>Trabajado - Cuartel 1836 - Hilera 1883</name><Style><LineStyle><color>ff00ff00</color><width>3</width></LineStyle></Style><LineString><coordinates>-71.6185416,-33.67023,0 -71.6184733,-33.6701566,0</coordinates></LineString></Placemark><Placemark><name>Trabajado - Cuartel 1836 - Hilera 1884</name><Style><LineStyle><color>ff00ff00</color><width>3</width></LineStyle></Style><LineString><coordinates>-71.6184733,-33.6701566,0 -71.6184933,-33.6690733,0</coordinates></LineString></Placemark><Placemark><name>Trabajado - Cuartel 1836 - Hilera 1885</name><Style><LineStyle><color>ff00ff00</color><width>3</width></LineStyle></Style><LineString><coordinates>-71.6184933,-33.6690733,0 -71.6183983,-33.6701566,0</coordinates></LineString></Placemark><Placemark><name>Trabajado - Cuartel 1836 - Hilera 1886</name><Style><LineStyle><color>ff00ff00</color><width>3</width></LineStyle></Style><LineString><coordinates>-71.6183983,-33.6701566,0 -71.6183383,-33.67007,0</coordinates></LineString></Placemark><Placemark><name>Trabajado - Cuartel 1836 - Hilera 1887</name><Style><LineStyle><color>ff00ff00</color><width>3</width></LineStyle></Style><LineString><coordinates>-71.6183383,-33.67007,0 -71.6184399,-33.6694983,0</coordinates></LineString></Placemark><Placemark><name>Trabajado - Cuartel 1836 - Hilera 1888</name><Style><LineStyle><color>ff00ff00</color><width>3</width></LineStyle></Style><LineString><coordinates>-71.6184399,-33.6694983,0 -71.61839645581058,-33.66898991268422,0</coordinates></LineString></Placemark><Placemark><name>Trabajado - Cuartel 1836 - Hilera 1890</name><Style><LineStyle><color>ff00ff00</color><width>3</width></LineStyle></Style><LineString><coordinates>-71.618325,-33.6694983,0 -71.618275,-33.6700866,0</coordinates></LineString></Placemark><Placemark><name>Trabajado - Cuartel 1836 - Hilera 1891</name><Style><LineStyle><color>ff00ff00</color><width>3</width></LineStyle></Style><LineString><coordinates>-71.618275,-33.6700866,0 -71.6182916,-33.6690066,0</coordinates></LineString></Placemark><Placemark><name>Trabajado - Cuartel 1836 - Hilera 1893</name><Style><LineStyle><color>ff00ff00</color><width>3</width></LineStyle></Style><LineString><coordinates>-71.6182783,-33.66894,0 -71.61825,-33.6690316,0</coordinates></LineString></Placemark><Placemark><name>Trabajado - Cuartel 1836 - Hilera 1894</name><Style><LineStyle><color>ff00ff00</color><width>3</width></LineStyle></Style><LineString><coordinates>-71.61825,-33.6690316,0 -71.61819976883305,-33.66981862192347,0</coordinates></LineString></Placemark><Placemark><name>Trabajado - Cuartel 1836 - Hilera 1895</name><Style><LineStyle><color>ff00ff00</color><width>3</width></LineStyle></Style><LineString><coordinates>-71.61825222293757,-33.6694244558867,0 -71.6182166,-33.6700133,0</coordinates></LineString></Placemark><Placemark><name>Trabajado - Cuartel 1836 - Hilera 1896</name><Style><LineStyle><color>ff00ff00</color><width>3</width></LineStyle></Style><LineString><coordinates>-71.6182166,-33.6700133,0 -71.6181549,-33.669935,0</coordinates></LineString></Placemark><Placemark><name>Trabajado - Cuartel 1836 - Hilera 1897</name><Style><LineStyle><color>ff00ff00</color><width>3</width></LineStyle></Style><LineString><coordinates>-71.6181549,-33.669935,0 -71.6181833,-33.6692783,0</coordinates></LineString></Placemark><Placemark><name>Trabajado - Cuartel 1836 - Hilera 1898</name><Style><LineStyle><color>ff00ff00</color><width>3</width></LineStyle></Style><LineString><coordinates>-71.6181849,-33.66928,0 -71.6181633,-33.6688866,0</coordinates></LineString></Placemark><Placemark><name>Trabajado - Cuartel 1836 - Hilera 1899</name><Style><LineStyle><color>ff00ff00</color><width>3</width></LineStyle></Style><LineString><coordinates>-71.6181633,-33.6688866,0 -71.618135,-33.66898,0</coordinates></LineString></Placemark><Placemark><name>Trabajado - Cuartel 1836 - Hilera 1900</name><Style><LineStyle><color>ff00ff00</color><width>3</width></LineStyle></Style><LineString><coordinates>-71.618135,-33.66898,0 -71.61808432881136,-33.66993700984938,0</coordinates></LineString></Placemark><Placemark><name>Trabajado - Cuartel 1836 - Hilera 1901</name><Style><LineStyle><color>ff00ff00</color><width>3</width></LineStyle></Style><LineString><coordinates>-71.6180233,-33.6699549,0 -71.6180649,-33.6691816,0</coordinates></LineString></Placemark><Placemark><name>Trabajado - Cuartel 1836 - Hilera 1902</name><Style><LineStyle><color>ff00ff00</color><width>3</width></LineStyle></Style><LineString><coordinates>-71.61805391597905,-33.66945943512795,0 -71.6181166,-33.6687883,0</coordinates></LineString></Placemark><Placemark><name>Trabajado - Cuartel 1836 - Hilera 1903</name><Style><LineStyle><color>ff00ff00</color><width>3</width></LineStyle></Style><LineString><coordinates>-71.6180333,-33.669935,0 -71.6179433,-33.66988,0</coordinates></LineString></Placemark><Placemark><name>Trabajado - Cuartel 1836 - Hilera 1904</name><Style><LineStyle><color>ff00ff00</color><width>3</width></LineStyle></Style><LineString><coordinates>-71.6179433,-33.66988,0 -71.617975,-33.6687983,0</coordinates></LineString></Placemark><Placemark><name>Trabajado - Cuartel 1836 - Hilera 1905</name><Style><LineStyle><color>ff00ff00</color><width>3</width></LineStyle></Style><LineString><coordinates>-71.617975,-33.6687983,0 -71.6179399,-33.6687116,0</coordinates></LineString></Placemark><Placemark><name>Trabajado - Cuartel 1836 - Hilera 1906</name><Style><LineStyle><color>ff00ff00</color><width>3</width></LineStyle></Style><LineString><coordinates>-71.6179399,-33.6687116,0 -71.61787586369852,-33.66987618565663,0</coordinates></LineString></Placemark><Placemark><name>Trabajado - Cuartel 1836 - Hilera 1907</name><Style><LineStyle><color>ff00ff00</color><width>3</width></LineStyle></Style><LineString><coordinates>-71.6178866,-33.6698766,0 -71.6178016,-33.6686333,0</coordinates></LineString></Placemark><Placemark><name>Trabajado - Cuartel 1839 - Hilera 1839</name><Style><LineStyle><color>ff00ff00</color><width>3</width></LineStyle></Style><LineString><coordinates>-71.61947,-33.6701249,0 -71.6193433,-33.6701016,0</coordinates></LineString></Placemark><Placemark><name>Trabajado - Cuartel 1839 - Hilera 1844</name><Style><LineStyle><color>ff00ff00</color><width>3</width></LineStyle></Style><LineString><coordinates>-71.6194566,-33.6700733,0 -71.61911330884423,-33.670151842192446,0</coordinates></LineString></Placemark><Placemark><name>Trabajado - Cuartel 1839 - Hilera 1848</name><Style><LineStyle><color>ff00ff00</color><width>3</width></LineStyle></Style><LineString><coordinates>-71.619285,-33.6696266,0 -71.6193883,-33.6695816,0</coordinates></LineString></Placemark><Placemark><name>Trabajado - Cuartel 1839 - Hilera 1853</name><Style><LineStyle><color>ff00ff00</color><width>3</width></LineStyle></Style><LineString><coordinates>-71.6192083,-33.6699833,0 -71.619015,-33.670115,0</coordinates></LineString></Placemark><Placemark><name>Trabajado - Cuartel 1839 - Hilera 1859</name><Style><LineStyle><color>ff00ff00</color><width>3</width></LineStyle></Style><LineString><coordinates>-71.61907,-33.6693333,0 -71.6189699,-33.6693816,0</coordinates></LineString></Placemark><Placemark><name>Trabajado - Cuartel 1839 - Hilera 1872</name><Style><LineStyle><color>ff00ff00</color><width>3</width></LineStyle></Style><LineString><coordinates>-71.61947,-33.6701333,0 -71.6188683,-33.6701633,0</coordinates></LineString></Placemark><Placemark><name>Descartado (grupo chico) - Hilera 1862</name><Style><LineStyle><color>ff00ffff</color><width>3</width></LineStyle></Style><LineString><coordinates>-71.6195349,-33.670555,0 -71.6195666,-33.6776516,0</coordinates></LineString></Placemark><Placemark><name>Descartado (grupo chico) - Hilera 1871</name><Style><LineStyle><color>ff00ffff</color><width>3</width></LineStyle></Style><LineString><coordinates>-71.6195433,-33.6776399,0 -71.61947,-33.6701333,0</coordinates></LineString></Placemark><Placemark><name>Descartado (grupo chico) - Hilera 1936</name><Style><LineStyle><color>ff00ffff</color><width>3</width></LineStyle></Style><LineString><coordinates>-71.6195899,-33.6776516,0 -71.61958,-33.6696766,0</coordinates></LineString></Placemark><Placemark><name>Trabajado - Cuartel 1863 - Hilera 1863</name><Style><LineStyle><color>ff00ff00</color><width>3</width></LineStyle></Style><LineString><coordinates>-71.6195666,-33.6776516,0 -71.62137,-33.6776666,0</coordinates></LineString></Placemark><Placemark><name>Trabajado - Cuartel 1863 - Hilera 1870</name><Style><LineStyle><color>ff00ff00</color><width>3</width></LineStyle></Style><LineString><coordinates>-71.622695,-33.6778083,0 -71.6195433,-33.6776399,0</coordinates></LineString></Placemark><Placemark><name>Trabajado - Cuartel 1863 - Hilera 1928</name><Style><LineStyle><color>ff00ff00</color><width>3</width></LineStyle></Style><LineString><coordinates>-71.6197366,-33.6777833,0 -71.62304,-33.6780283,0</coordinates></LineString></Placemark><Placemark><name>Trabajado - Cuartel 1863 - Hilera 1935</name><Style><LineStyle><color>ff00ff00</color><width>3</width></LineStyle></Style><LineString><coordinates>-71.6228849,-33.6778816,0 -71.6195899,-33.6776516,0</coordinates></LineString></Placemark><Placemark><name>Trabajado - Cuartel 1863 - Hilera 2599</name><Style><LineStyle><color>ff00ff00</color><width>3</width></LineStyle></Style><LineString><coordinates>-71.6211916,-33.677545,0 -71.62105,-33.6775216,0</coordinates></LineString></Placemark><Placemark><name>Trabajado - Cuartel 1863 - Hilera 2692</name><Style><LineStyle><color>ff00ff00</color><width>3</width></LineStyle></Style><LineString><coordinates>-71.6196566,-33.6776933,0 -71.6229683,-33.6779183,0</coordinates></LineString></Placemark><Placemark><name>Trabajado - Cuartel 1863 - Hilera 3435</name><Style><LineStyle><color>ff00ff00</color><width>3</width></LineStyle></Style><LineString><coordinates>-71.6225099,-33.6777933,0 -71.619545,-33.6776683,0</coordinates></LineString></Placemark><Placemark><name>Trabajado - Cuartel 1863 - Hilera 3502</name><Style><LineStyle><color>ff00ff00</color><width>3</width></LineStyle></Style><LineString><coordinates>-71.619555,-33.6777916,0 -71.6233183,-33.6781666,0</coordinates></LineString></Placemark><Placemark><name>Descartado (grupo chico) - Hilera 1889</name><Style><LineStyle><color>ff00ffff</color><width>3</width></LineStyle></Style><LineString><coordinates>-71.6184333,-33.6694516,0 -71.618325,-33.6694983,0</coordinates></LineString></Placemark><Placemark><name>Descartado (grupo chico) - Hilera 1892</name><Style><LineStyle><color>ff00ffff</color><width>3</width></LineStyle></Style><LineString><coordinates>-71.6183683,-33.6690083,0 -71.6182783,-33.66894,0</coordinates></LineString></Placemark><Placemark><name>Descartado (grupo chico) - Hilera 1908</name><Style><LineStyle><color>ff00ffff</color><width>3</width></LineStyle></Style><LineString><coordinates>-71.6178016,-33.6686333,0 -71.6118766,-33.66453,0</coordinates></LineString></Placemark><Placemark><name>Descartado (grupo chico) - Hilera 1909</name><Style><LineStyle><color>ff00ffff</color><width>3</width></LineStyle></Style><LineString><coordinates>-71.6118766,-33.66453,0 -71.6119816,-33.6645616,0</coordinates></LineString></Placemark><Placemark><name>Trabajado - Cuartel 1910 - Hilera 1910</name><Style><LineStyle><color>ff00ff00</color><width>3</width></LineStyle></Style><LineString><coordinates>-71.6119816,-33.6645616,0 -71.612015,-33.6646466,0</coordinates></LineString></Placemark><Placemark><name>Trabajado - Cuartel 1910 - Hilera 1911</name><Style><LineStyle><color>ff00ff00</color><width>3</width></LineStyle></Style><LineString><coordinates>-71.612015,-33.6646466,0 -71.612005,-33.6651416,0</coordinates></LineString></Placemark><Placemark><name>Trabajado - Cuartel 1910 - Hilera 1913</name><Style><LineStyle><color>ff00ff00</color><width>3</width></LineStyle></Style><LineString><coordinates>-71.6120883,-33.6652133,0 -71.6121416,-33.6651249,0</coordinates></LineString></Placemark><Placemark><name>Trabajado - Cuartel 1910 - Hilera 1914</name><Style><LineStyle><color>ff00ff00</color><width>3</width></LineStyle></Style><LineString><coordinates>-71.6121416,-33.6651249,0 -71.6122266,-33.6647466,0</coordinates></LineString></Placemark><Placemark><name>Trabajado - Cuartel 1910 - Hilera 1915</name><Style><LineStyle><color>ff00ff00</color><width>3</width></LineStyle></Style><LineString><coordinates>-71.612235,-33.66484,0 -71.61218963814845,-33.665700973950514,0</coordinates></LineString></Placemark><Placemark><name>Trabajado - Cuartel 1910 - Hilera 1916</name><Style><LineStyle><color>ff00ff00</color><width>3</width></LineStyle></Style><LineString><coordinates>-71.61222846314907,-33.66479369808401,0 -71.6121516,-33.6658933,0</coordinates></LineString></Placemark><Placemark><name>Trabajado - Cuartel 1910 - Hilera 1917</name><Style><LineStyle><color>ff00ff00</color><width>3</width></LineStyle></Style><LineString><coordinates>-71.612255,-33.664795,0 -71.61224,-33.6650816,0</coordinates></LineString></Placemark><Placemark><name>Trabajado - Cuartel 1910 - Hilera 1918</name><Style><LineStyle><color>ff00ff00</color><width>3</width></LineStyle></Style><LineString><coordinates>-71.61223137154022,-33.664746513764484,0 -71.61226,-33.6658583,0</coordinates></LineString></Placemark><Placemark><name>Trabajado - Cuartel 1910 - Hilera 1919</name><Style><LineStyle><color>ff00ff00</color><width>3</width></LineStyle></Style><LineString><coordinates>-71.61226,-33.6658583,0 -71.61223,-33.6659566,0</coordinates></LineString></Placemark><Placemark><name>Trabajado - Cuartel 1910 - Hilera 1921</name><Style><LineStyle><color>ff00ff00</color><width>3</width></LineStyle></Style><LineString><coordinates>-71.6123183,-33.6660183,0 -71.61232,-33.6649466,0</coordinates></LineString></Placemark><Placemark><name>Trabajado - Cuartel 1910 - Hilera 1922</name><Style><LineStyle><color>ff00ff00</color><width>3</width></LineStyle></Style><LineString><coordinates>-71.61232,-33.6649466,0 -71.61238132450414,-33.66599593040427,0</coordinates></LineString></Placemark><Placemark><name>Trabajado - Cuartel 1910 - Hilera 1924</name><Style><LineStyle><color>ff00ff00</color><width>3</width></LineStyle></Style><LineString><coordinates>-71.6124333,-33.6659233,0 -71.6124766,-33.6655116,0</coordinates></LineString></Placemark><Placemark><name>Trabajado - Cuartel 1910 - Hilera 1938</name><Style><LineStyle><color>ff00ff00</color><width>3</width></LineStyle></Style><LineString><coordinates>-71.6123433,-33.6649166,0 -71.6123716,-33.66525,0</coordinates></LineString></Placemark><Placemark><name>Trabajado - Cuartel 1910 - Hilera 1940</name><Style><LineStyle><color>ff00ff00</color><width>3</width></LineStyle></Style><LineString><coordinates>-71.612485,-33.6652433,0 -71.6125066,-33.664955,0</coordinates></LineString></Placemark><Placemark><name>Trabajado - Cuartel 1910 - Hilera 1942</name><Style><LineStyle><color>ff00ff00</color><width>3</width></LineStyle></Style><LineString><coordinates>-71.6125616,-33.6650316,0 -71.61257,-33.6651283,0</coordinates></LineString></Placemark><Placemark><name>Descartado (grupo chico) - Hilera 1912</name><Style><LineStyle><color>ff00ffff</color><width>3</width></LineStyle></Style><LineString><coordinates>-71.612005,-33.6651416,0 -71.6120883,-33.6652133,0</coordinates></LineString></Placemark><Placemark><name>Descartado (grupo chico) - Hilera 1941</name><Style><LineStyle><color>ff00ffff</color><width>3</width></LineStyle></Style><LineString><coordinates>-71.6125066,-33.664955,0 -71.6125616,-33.6650316,0</coordinates></LineString></Placemark><Placemark><name>Descartado (grupo chico) - Hilera 1943</name><Style><LineStyle><color>ff00ffff</color><width>3</width></LineStyle></Style><LineString><coordinates>-71.61257,-33.6651283,0 -71.6126949,-33.6652466,0</coordinates></LineString></Placemark><Placemark><name>Descartado (grupo chico) - Hilera 1920</name><Style><LineStyle><color>ff00ffff</color><width>3</width></LineStyle></Style><LineString><coordinates>-71.61223,-33.6659566,0 -71.6123183,-33.6660183,0</coordinates></LineString></Placemark><Placemark><name>Descartado (grupo chico) - Hilera 1923</name><Style><LineStyle><color>ff00ffff</color><width>3</width></LineStyle></Style><LineString><coordinates>-71.612365,-33.6659966,0 -71.6124333,-33.6659233,0</coordinates></LineString></Placemark><Placemark><name>Descartado (grupo chico) - Hilera 1925</name><Style><LineStyle><color>ff00ffff</color><width>3</width></LineStyle></Style><LineString><coordinates>-71.6124766,-33.6655116,0 -71.6127133,-33.6653983,0</coordinates></LineString></Placemark><Placemark><name>Descartado (grupo chico) - Hilera 1926</name><Style><LineStyle><color>ff00ffff</color><width>3</width></LineStyle></Style><LineString><coordinates>-71.6127133,-33.6653983,0 -71.6131133,-33.66538,0</coordinates></LineString></Placemark><Placemark><name>Descartado (grupo chico) - Hilera 1939</name><Style><LineStyle><color>ff00ffff</color><width>3</width></LineStyle></Style><LineString><coordinates>-71.6123716,-33.66525,0 -71.612485,-33.6652433,0</coordinates></LineString></Placemark><Placemark><name>Descartado (grupo chico) - Hilera 1944</name><Style><LineStyle><color>ff00ffff</color><width>3</width></LineStyle></Style><LineString><coordinates>-71.6126949,-33.6652466,0 -71.61312571864471,-33.665236134769756,0</coordinates></LineString></Placemark><Placemark><name>Descartado (grupo chico) - Hilera 1927</name><Style><LineStyle><color>ff00ffff</color><width>3</width></LineStyle></Style><LineString><coordinates>-71.6131133,-33.66538,0 -71.6195649,-33.6697566,0</coordinates></LineString></Placemark><Placemark><name>Descartado (grupo chico) - Hilera 1937</name><Style><LineStyle><color>ff00ffff</color><width>3</width></LineStyle></Style><LineString><coordinates>-71.61958,-33.6696766,0 -71.6123433,-33.6649166,0</coordinates></LineString></Placemark><Placemark><name>Descartado (grupo chico) - Hilera 1945</name><Style><LineStyle><color>ff00ffff</color><width>3</width></LineStyle></Style><LineString><coordinates>-71.6131266,-33.6652616,0 -71.6196066,-33.6696983,0</coordinates></LineString></Placemark><Placemark><name>Descartado (grupo chico) - Hilera 1946</name><Style><LineStyle><color>ff00ffff</color><width>3</width></LineStyle></Style><LineString><coordinates>-71.6196066,-33.6696983,0 -71.619545,-33.68879,0</coordinates></LineString></Placemark><Placemark><name>Trabajado - Cuartel 1947 - Hilera 1947</name><Style><LineStyle><color>ff00ff00</color><width>3</width></LineStyle></Style><LineString><coordinates>-71.619545,-33.68879,0 -71.62329005481901,-33.688813994879084,0</coordinates></LineString></Placemark><Placemark><name>Trabajado - Cuartel 1947 - Hilera 1948</name><Style><LineStyle><color>ff00ff00</color><width>3</width></LineStyle></Style><LineString><coordinates>-71.6231814570075,-33.68881607638113,0 -71.6239816,-33.688845,0</coordinates></LineString></Placemark><Placemark><name>Trabajado - Cuartel 1947 - Hilera 1949</name><Style><LineStyle><color>ff00ff00</color><width>3</width></LineStyle></Style><LineString><coordinates>-71.6239816,-33.688845,0 -71.62489768014483,-33.68882738054551,0</coordinates></LineString></Placemark><Placemark><name>Trabajado - Cuartel 1947 - Hilera 1950</name><Style><LineStyle><color>ff00ff00</color><width>3</width></LineStyle></Style><LineString><coordinates>-71.6248983,-33.68885,0 -71.6239,-33.6886749,0</coordinates></LineString></Placemark><Placemark><name>Trabajado - Cuartel 1947 - Hilera 1951</name><Style><LineStyle><color>ff00ff00</color><width>3</width></LineStyle></Style><LineString><coordinates>-71.6239,-33.6886749,0 -71.62227043116894,-33.68864506889876,0</coordinates></LineString></Placemark><Placemark><name>Trabajado - Cuartel 1947 - Hilera 1952</name><Style><LineStyle><color>ff00ff00</color><width>3</width></LineStyle></Style><LineString><coordinates>-71.6234466,-33.6886666,0 -71.6232283,-33.68887,0</coordinates></LineString></Placemark><Placemark><name>Trabajado - Cuartel 1947 - Hilera 1953</name><Style><LineStyle><color>ff00ff00</color><width>3</width></LineStyle></Style><LineString><coordinates>-71.6232116,-33.688925,0 -71.62497014089104,-33.688936569347966,0</coordinates></LineString></Placemark><Placemark><name>Trabajado - Cuartel 1947 - Hilera 1955</name><Style><LineStyle><color>ff00ff00</color><width>3</width></LineStyle></Style><LineString><coordinates>-71.6249283,-33.6888633,0 -71.6248116,-33.6888566,0</coordinates></LineString></Placemark><Placemark><name>Trabajado - Cuartel 1947 - Hilera 1956</name><Style><LineStyle><color>ff00ff00</color><width>3</width></LineStyle></Style><LineString><coordinates>-71.6249283,-33.6888466,0 -71.6231649,-33.68896,0</coordinates></LineString></Placemark><Placemark><name>Trabajado - Cuartel 1947 - Hilera 1957</name><Style><LineStyle><color>ff00ff00</color><width>3</width></LineStyle></Style><LineString><coordinates>-71.6231649,-33.68896,0 -71.6232683,-33.6890066,0</coordinates></LineString></Placemark><Placemark><name>Trabajado - Cuartel 1947 - Hilera 1958</name><Style><LineStyle><color>ff00ff00</color><width>3</width></LineStyle></Style><LineString><coordinates>-71.6232683,-33.6890066,0 -71.6249299,-33.6890366,0</coordinates></LineString></Placemark><Placemark><name>Trabajado - Cuartel 1947 - Hilera 1960</name><Style><LineStyle><color>ff00ff00</color><width>3</width></LineStyle></Style><LineString><coordinates>-71.6249416,-33.6890483,0 -71.6232233,-33.6890649,0</coordinates></LineString></Placemark><Placemark><name>Trabajado - Cuartel 1947 - Hilera 1961</name><Style><LineStyle><color>ff00ff00</color><width>3</width></LineStyle></Style><LineString><coordinates>-71.62127594131074,-33.688981224431316,0 -71.62496800199578,-33.68913986766388,0</coordinates></LineString></Placemark><Placemark><name>Trabajado - Cuartel 1947 - Hilera 1962</name><Style><LineStyle><color>ff00ff00</color><width>3</width></LineStyle></Style><LineString><coordinates>-71.6249683,-33.689135,0 -71.6248583,-33.6891733,0</coordinates></LineString></Placemark><Placemark><name>Trabajado - Cuartel 1947 - Hilera 1963</name><Style><LineStyle><color>ff00ff00</color><width>3</width></LineStyle></Style><LineString><coordinates>-71.6248583,-33.6891733,0 -71.6245166,-33.6891283,0</coordinates></LineString></Placemark><Placemark><name>Trabajado - Cuartel 1947 - Hilera 1964</name><Style><LineStyle><color>ff00ff00</color><width>3</width></LineStyle></Style><LineString><coordinates>-71.6245166,-33.6891283,0 -71.6233123871732,-33.68918362540783,0</coordinates></LineString></Placemark><Placemark><name>Trabajado - Cuartel 1947 - Hilera 1965</name><Style><LineStyle><color>ff00ff00</color><width>3</width></LineStyle></Style><LineString><coordinates>-71.6233116,-33.6891716,0 -71.6240133,-33.6892183,0</coordinates></LineString></Placemark><Placemark><name>Trabajado - Cuartel 1947 - Hilera 1966</name><Style><LineStyle><color>ff00ff00</color><width>3</width></LineStyle></Style><LineString><coordinates>-71.6240133,-33.6892183,0 -71.6241216,-33.68918,0</coordinates></LineString></Placemark><Placemark><name>Trabajado - Cuartel 1947 - Hilera 1967</name><Style><LineStyle><color>ff00ff00</color><width>3</width></LineStyle></Style><LineString><coordinates>-71.6241216,-33.68918,0 -71.6247983,-33.689285,0</coordinates></LineString></Placemark><Placemark><name>Trabajado - Cuartel 1947 - Hilera 1968</name><Style><LineStyle><color>ff00ff00</color><width>3</width></LineStyle></Style><LineString><coordinates>-71.6247983,-33.689285,0 -71.6239916,-33.6891916,0</coordinates></LineString></Placemark><Placemark><name>Trabajado - Cuartel 1947 - Hilera 1969</name><Style><LineStyle><color>ff00ff00</color><width>3</width></LineStyle></Style><LineString><coordinates>-71.6239916,-33.6891916,0 -71.6238866,-33.6892216,0</coordinates></LineString></Placemark><Placemark><name>Trabajado - Cuartel 1947 - Hilera 1970</name><Style><LineStyle><color>ff00ff00</color><width>3</width></LineStyle></Style><LineString><coordinates>-71.6238866,-33.6892216,0 -71.62232328831534,-33.68927465836561,0</coordinates></LineString></Placemark><Placemark><name>Trabajado - Cuartel 1947 - Hilera 1971</name><Style><LineStyle><color>ff00ff00</color><width>3</width></LineStyle></Style><LineString><coordinates>-71.6231666,-33.6892366,0 -71.6244016,-33.6893449,0</coordinates></LineString></Placemark><Placemark><name>Trabajado - Cuartel 1947 - Hilera 1972</name><Style><LineStyle><color>ff00ff00</color><width>3</width></LineStyle></Style><LineString><coordinates>-71.6244016,-33.6893449,0 -71.6248716,-33.6893166,0</coordinates></LineString></Placemark><Placemark><name>Trabajado - Cuartel 1947 - Hilera 1973</name><Style><LineStyle><color>ff00ff00</color><width>3</width></LineStyle></Style><LineString><coordinates>-71.6248683,-33.6893433,0 -71.6249516,-33.68941,0</coordinates></LineString></Placemark><Placemark><name>Trabajado - Cuartel 1947 - Hilera 1974</name><Style><LineStyle><color>ff00ff00</color><width>3</width></LineStyle></Style><LineString><coordinates>-71.6249516,-33.68941,0 -71.6239233,-33.6893516,0</coordinates></LineString></Placemark><Placemark><name>Trabajado - Cuartel 1947 - Hilera 1975</name><Style><LineStyle><color>ff00ff00</color><width>3</width></LineStyle></Style><LineString><coordinates>-71.6239233,-33.6893516,0 -71.62382,-33.6893049,0</coordinates></LineString></Placemark><Placemark><name>Trabajado - Cuartel 1947 - Hilera 1976</name><Style><LineStyle><color>ff00ff00</color><width>3</width></LineStyle></Style><LineString><coordinates>-71.62382,-33.6893049,0 -71.623195,-33.689335,0</coordinates></LineString></Placemark><Placemark><name>Trabajado - Cuartel 1947 - Hilera 1977</name><Style><LineStyle><color>ff00ff00</color><width>3</width></LineStyle></Style><LineString><coordinates>-71.62278547284858,-33.68934243887723,0 -71.62491083964488,-33.68949756421722,0</coordinates></LineString></Placemark><Placemark><name>Trabajado - Cuartel 1947 - Hilera 1978</name><Style><LineStyle><color>ff00ff00</color><width>3</width></LineStyle></Style><LineString><coordinates>-71.6247233,-33.6894616,0 -71.6248366,-33.6894733,0</coordinates></LineString></Placemark><Placemark><name>Trabajado - Cuartel 1947 - Hilera 1979</name><Style><LineStyle><color>ff00ff00</color><width>3</width></LineStyle></Style><LineString><coordinates>-71.6249099,-33.6895066,0 -71.62313948151562,-33.68959063324908,0</coordinates></LineString></Placemark><Placemark><name>Trabajado - Cuartel 1947 - Hilera 1980</name><Style><LineStyle><color>ff00ff00</color><width>3</width></LineStyle></Style><LineString><coordinates>-71.62314,-33.6895983,0 -71.6235916,-33.6894999,0</coordinates></LineString></Placemark><Placemark><name>Trabajado - Cuartel 1947 - Hilera 1981</name><Style><LineStyle><color>ff00ff00</color><width>3</width></LineStyle></Style><LineString><coordinates>-71.6235916,-33.6894999,0 -71.623695,-33.6895416,0</coordinates></LineString></Placemark><Placemark><name>Trabajado - Cuartel 1947 - Hilera 1982</name><Style><LineStyle><color>ff00ff00</color><width>3</width></LineStyle></Style><LineString><coordinates>-71.623695,-33.6895416,0 -71.62427816828067,-33.68950775088458,0</coordinates></LineString></Placemark><Placemark><name>Trabajado - Cuartel 1947 - Hilera 1983</name><Style><LineStyle><color>ff00ff00</color><width>3</width></LineStyle></Style><LineString><coordinates>-71.62428,-33.6895299,0 -71.6243566,-33.6896033,0</coordinates></LineString></Placemark><Placemark><name>Trabajado - Cuartel 1947 - Hilera 1984</name><Style><LineStyle><color>ff00ff00</color><width>3</width></LineStyle></Style><LineString><coordinates>-71.6243566,-33.6896033,0 -71.6240133,-33.6895016,0</coordinates></LineString></Placemark><Placemark><name>Trabajado - Cuartel 1947 - Hilera 1985</name><Style><LineStyle><color>ff00ff00</color><width>3</width></LineStyle></Style><LineString><coordinates>-71.6240133,-33.6895016,0 -71.6242794450064,-33.68953318254076,0</coordinates></LineString></Placemark><Placemark><name>Trabajado - Cuartel 1947 - Hilera 1986</name><Style><LineStyle><color>ff00ff00</color><width>3</width></LineStyle></Style><LineString><coordinates>-71.62407520592262,-33.68947809983867,0 -71.624455,-33.689595,0</coordinates></LineString></Placemark><Placemark><name>Trabajado - Cuartel 1947 - Hilera 1987</name><Style><LineStyle><color>ff00ff00</color><width>3</width></LineStyle></Style><LineString><coordinates>-71.6240649,-33.6895016,0 -71.6239783,-33.6895616,0</coordinates></LineString></Placemark><Placemark><name>Trabajado - Cuartel 1947 - Hilera 1988</name><Style><LineStyle><color>ff00ff00</color><width>3</width></LineStyle></Style><LineString><coordinates>-71.6240466,-33.6894933,0 -71.6231283,-33.6895633,0</coordinates></LineString></Placemark><Placemark><name>Trabajado - Cuartel 1947 - Hilera 1989</name><Style><LineStyle><color>ff00ff00</color><width>3</width></LineStyle></Style><LineString><coordinates>-71.6231283,-33.6895633,0 -71.6232033,-33.6896333,0</coordinates></LineString></Placemark><Placemark><name>Trabajado - Cuartel 1947 - Hilera 1990</name><Style><LineStyle><color>ff00ff00</color><width>3</width></LineStyle></Style><LineString><coordinates>-71.6232033,-33.6896333,0 -71.62397789637238,-33.68969932559165,0</coordinates></LineString></Placemark><Placemark><name>Trabajado - Cuartel 1947 - Hilera 1991</name><Style><LineStyle><color>ff00ff00</color><width>3</width></LineStyle></Style><LineString><coordinates>-71.6239766,-33.68971,0 -71.6238799,-33.6897716,0</coordinates></LineString></Placemark><Placemark><name>Trabajado - Cuartel 1947 - Hilera 1992</name><Style><LineStyle><color>ff00ff00</color><width>3</width></LineStyle></Style><LineString><coordinates>-71.6238799,-33.6897716,0 -71.6237633,-33.6897566,0</coordinates></LineString></Placemark><Placemark><name>Trabajado - Cuartel 1947 - Hilera 1993</name><Style><LineStyle><color>ff00ff00</color><width>3</width></LineStyle></Style><LineString><coordinates>-71.6237633,-33.6897566,0 -71.623195,-33.6897833,0</coordinates></LineString></Placemark><Placemark><name>Trabajado - Cuartel 1947 - Hilera 1994</name><Style><LineStyle><color>ff00ff00</color><width>3</width></LineStyle></Style><LineString><coordinates>-71.623195,-33.6897833,0 -71.62313,-33.6898583,0</coordinates></LineString></Placemark><Placemark><name>Trabajado - Cuartel 1947 - Hilera 1995</name><Style><LineStyle><color>ff00ff00</color><width>3</width></LineStyle></Style><LineString><coordinates>-71.62313,-33.6898583,0 -71.6241433,-33.6899466,0</coordinates></LineString></Placemark><Placemark><name>Trabajado - Cuartel 1947 - Hilera 1996</name><Style><LineStyle><color>ff00ff00</color><width>3</width></LineStyle></Style><LineString><coordinates>-71.6241433,-33.6899466,0 -71.6242416,-33.6900016,0</coordinates></LineString></Placemark><Placemark><name>Trabajado - Cuartel 1947 - Hilera 1997</name><Style><LineStyle><color>ff00ff00</color><width>3</width></LineStyle></Style><LineString><coordinates>-71.6242416,-33.6900016,0 -71.6246966,-33.6900033,0</coordinates></LineString></Placemark><Placemark><name>Trabajado - Cuartel 1947 - Hilera 1998</name><Style><LineStyle><color>ff00ff00</color><width>3</width></LineStyle></Style><LineString><coordinates>-71.6246833,-33.6900083,0 -71.6249233,-33.6899783,0</coordinates></LineString></Placemark><Placemark><name>Trabajado - Cuartel 1947 - Hilera 2016</name><Style><LineStyle><color>ff00ff00</color><width>3</width></LineStyle></Style><LineString><coordinates>-71.6249083,-33.6899483,0 -71.61977718560097,-33.68983755652378,0</coordinates></LineString></Placemark><Placemark><name>Trabajado - Cuartel 1947 - Hilera 2017</name><Style><LineStyle><color>ff00ff00</color><width>3</width></LineStyle></Style><LineString><coordinates>-71.6242133,-33.6899333,0 -71.623195,-33.6899833,0</coordinates></LineString></Placemark><Placemark><name>Trabajado - Cuartel 1947 - Hilera 2018</name><Style><LineStyle><color>ff00ff00</color><width>3</width></LineStyle></Style><LineString><coordinates>-71.623195,-33.6899833,0 -71.6232583,-33.6899066,0</coordinates></LineString></Placemark><Placemark><name>Trabajado - Cuartel 1947 - Hilera 2019</name><Style><LineStyle><color>ff00ff00</color><width>3</width></LineStyle></Style><LineString><coordinates>-71.62227610694033,-33.690841845280474,0 -71.6239583,-33.689865,0</coordinates></LineString></Placemark><Placemark><name>Trabajado - Cuartel 1947 - Hilera 2020</name><Style><LineStyle><color>ff00ff00</color><width>3</width></LineStyle></Style><LineString><coordinates>-71.6239583,-33.689865,0 -71.6233066,-33.6898616,0</coordinates></LineString></Placemark><Placemark><name>Trabajado - Cuartel 1947 - Hilera 2021</name><Style><LineStyle><color>ff00ff00</color><width>3</width></LineStyle></Style><LineString><coordinates>-71.6233066,-33.6898616,0 -71.6231816,-33.6901249,0</coordinates></LineString></Placemark><Placemark><name>Trabajado - Cuartel 1947 - Hilera 2022</name><Style><LineStyle><color>ff00ff00</color><width>3</width></LineStyle></Style><LineString><coordinates>-71.6231816,-33.6901249,0 -71.6243516,-33.6901566,0</coordinates></LineString></Placemark><Placemark><name>Trabajado - Cuartel 1947 - Hilera 2023</name><Style><LineStyle><color>ff00ff00</color><width>3</width></LineStyle></Style><LineString><coordinates>-71.62407421638366,-33.69018328549746,0 -71.6249233,-33.6901016,0</coordinates></LineString></Placemark><Placemark><name>Trabajado - Cuartel 1947 - Hilera 2025</name><Style><LineStyle><color>ff00ff00</color><width>3</width></LineStyle></Style><LineString><coordinates>-71.6247533,-33.6901983,0 -71.6239566337072,-33.69016109344059,0</coordinates></LineString></Placemark><Placemark><name>Trabajado - Cuartel 1947 - Hilera 2026</name><Style><LineStyle><color>ff00ff00</color><width>3</width></LineStyle></Style><LineString><coordinates>-71.6239566,-33.6901616,0 -71.6232949512059,-33.69024026685864,0</coordinates></LineString></Placemark><Placemark><name>Trabajado - Cuartel 1947 - Hilera 2027</name><Style><LineStyle><color>ff00ff00</color><width>3</width></LineStyle></Style><LineString><coordinates>-71.6231916,-33.6902833,0 -71.6233583,-33.6904066,0</coordinates></LineString></Placemark><Placemark><name>Trabajado - Cuartel 1947 - Hilera 2028</name><Style><LineStyle><color>ff00ff00</color><width>3</width></LineStyle></Style><LineString><coordinates>-71.6233583,-33.6904066,0 -71.62448419235164,-33.690374291784664,0</coordinates></LineString></Placemark><Placemark><name>Trabajado - Cuartel 1947 - Hilera 2029</name><Style><LineStyle><color>ff00ff00</color><width>3</width></LineStyle></Style><LineString><coordinates>-71.6235766,-33.6904116,0 -71.6236833,-33.6903783,0</coordinates></LineString></Placemark><Placemark><name>Trabajado - Cuartel 1947 - Hilera 2030</name><Style><LineStyle><color>ff00ff00</color><width>3</width></LineStyle></Style><LineString><coordinates>-71.6244849,-33.6903916,0 -71.624715,-33.6904383,0</coordinates></LineString></Placemark><Placemark><name>Trabajado - Cuartel 1947 - Hilera 2031</name><Style><LineStyle><color>ff00ff00</color><width>3</width></LineStyle></Style><LineString><coordinates>-71.624715,-33.6904383,0 -71.6240349,-33.6903616,0</coordinates></LineString></Placemark><Placemark><name>Trabajado - Cuartel 1947 - Hilera 2032</name><Style><LineStyle><color>ff00ff00</color><width>3</width></LineStyle></Style><LineString><coordinates>-71.62437894108126,-33.6904459148634,0 -71.623695,-33.6902783,0</coordinates></LineString></Placemark><Placemark><name>Trabajado - Cuartel 1947 - Hilera 2033</name><Style><LineStyle><color>ff00ff00</color><width>3</width></LineStyle></Style><LineString><coordinates>-71.623695,-33.6902783,0 -71.6235833,-33.690305,0</coordinates></LineString></Placemark><Placemark><name>Trabajado - Cuartel 1947 - Hilera 2034</name><Style><LineStyle><color>ff00ff00</color><width>3</width></LineStyle></Style><LineString><coordinates>-71.6235833,-33.690305,0 -71.6231316,-33.6903,0</coordinates></LineString></Placemark><Placemark><name>Trabajado - Cuartel 1947 - Hilera 2035</name><Style><LineStyle><color>ff00ff00</color><width>3</width></LineStyle></Style><LineString><coordinates>-71.6231316,-33.6903,0 -71.62321399393274,-33.69077660202999,0</coordinates></LineString></Placemark><Placemark><name>Trabajado - Cuartel 1947 - Hilera 2036</name><Style><LineStyle><color>ff00ff00</color><width>3</width></LineStyle></Style><LineString><coordinates>-71.62227697645265,-33.68987399590941,0 -71.62324,-33.6904516,0</coordinates></LineString></Placemark><Placemark><name>Trabajado - Cuartel 1947 - Hilera 2037</name><Style><LineStyle><color>ff00ff00</color><width>3</width></LineStyle></Style><LineString><coordinates>-71.62324,-33.6904516,0 -71.6244583,-33.6904516,0</coordinates></LineString></Placemark><Placemark><name>Trabajado - Cuartel 1947 - Hilera 2038</name><Style><LineStyle><color>ff00ff00</color><width>3</width></LineStyle></Style><LineString><coordinates>-71.62357323552551,-33.690456263654966,0 -71.62472146535588,-33.690430747436544,0</coordinates></LineString></Placemark><Placemark><name>Trabajado - Cuartel 1947 - Hilera 2040</name><Style><LineStyle><color>ff00ff00</color><width>3</width></LineStyle></Style><LineString><coordinates>-71.6247983,-33.6904999,0 -71.6244583,-33.6904566,0</coordinates></LineString></Placemark><Placemark><name>Trabajado - Cuartel 1947 - Hilera 2041</name><Style><LineStyle><color>ff00ff00</color><width>3</width></LineStyle></Style><LineString><coordinates>-71.62445843151868,-33.6904653725357,0 -71.62144520657264,-33.690497078773376,0</coordinates></LineString></Placemark><Placemark><name>Trabajado - Cuartel 1947 - Hilera 2042</name><Style><LineStyle><color>ff00ff00</color><width>3</width></LineStyle></Style><LineString><coordinates>-71.6230683,-33.69048,0 -71.62316,-33.6905433,0</coordinates></LineString></Placemark><Placemark><name>Trabajado - Cuartel 1947 - Hilera 2043</name><Style><LineStyle><color>ff00ff00</color><width>3</width></LineStyle></Style><LineString><coordinates>-71.62316,-33.6905433,0 -71.62349903279994,-33.690610181925074,0</coordinates></LineString></Placemark><Placemark><name>Trabajado - Cuartel 1947 - Hilera 2044</name><Style><LineStyle><color>ff00ff00</color><width>3</width></LineStyle></Style><LineString><coordinates>-71.6235033,-33.690595,0 -71.6248533,-33.6906533,0</coordinates></LineString></Placemark><Placemark><name>Trabajado - Cuartel 1947 - Hilera 2045</name><Style><LineStyle><color>ff00ff00</color><width>3</width></LineStyle></Style><LineString><coordinates>-71.6248533,-33.6906533,0 -71.62391463553806,-33.690662667458255,0</coordinates></LineString></Placemark><Placemark><name>Trabajado - Cuartel 1947 - Hilera 2046</name><Style><LineStyle><color>ff00ff00</color><width>3</width></LineStyle></Style><LineString><coordinates>-71.623915,-33.6906883,0 -71.6232216,-33.690675,0</coordinates></LineString></Placemark><Placemark><name>Trabajado - Cuartel 1947 - Hilera 2047</name><Style><LineStyle><color>ff00ff00</color><width>3</width></LineStyle></Style><LineString><coordinates>-71.6232,-33.6907783,0 -71.6238049,-33.6907566,0</coordinates></LineString></Placemark><Placemark><name>Trabajado - Cuartel 1947 - Hilera 2048</name><Style><LineStyle><color>ff00ff00</color><width>3</width></LineStyle></Style><LineString><coordinates>-71.6238049,-33.6907566,0 -71.6246533,-33.6907833,0</coordinates></LineString></Placemark><Placemark><name>Trabajado - Cuartel 1947 - Hilera 2050</name><Style><LineStyle><color>ff00ff00</color><width>3</width></LineStyle></Style><LineString><coordinates>-71.6247983,-33.6908916,0 -71.6239533,-33.690915,0</coordinates></LineString></Placemark><Placemark><name>Trabajado - Cuartel 1947 - Hilera 2051</name><Style><LineStyle><color>ff00ff00</color><width>3</width></LineStyle></Style><LineString><coordinates>-71.6239533,-33.690915,0 -71.62173647790962,-33.69086370316073,0</coordinates></LineString></Placemark><Placemark><name>Trabajado - Cuartel 1947 - Hilera 2052</name><Style><LineStyle><color>ff00ff00</color><width>3</width></LineStyle></Style><LineString><coordinates>-71.6232316,-33.6908983,0 -71.6231566,-33.6909783,0</coordinates></LineString></Placemark><Placemark><name>Trabajado - Cuartel 1947 - Hilera 2053</name><Style><LineStyle><color>ff00ff00</color><width>3</width></LineStyle></Style><LineString><coordinates>-71.6231566,-33.6909783,0 -71.6247816,-33.6909083,0</coordinates></LineString></Placemark><Placemark><name>Trabajado - Cuartel 1947 - Hilera 2055</name><Style><LineStyle><color>ff00ff00</color><width>3</width></LineStyle></Style><LineString><coordinates>-71.62480994932491,-33.691043002884214,0 -71.62322816395435,-33.69105864294915,0</coordinates></LineString></Placemark><Placemark><name>Trabajado - Cuartel 1947 - Hilera 2069</name><Style><LineStyle><color>ff00ff00</color><width>3</width></LineStyle></Style><LineString><coordinates>-71.6249383,-33.6911749,0 -71.6232749,-33.6912033,0</coordinates></LineString></Placemark><Placemark><name>Trabajado - Cuartel 1947 - Hilera 2070</name><Style><LineStyle><color>ff00ff00</color><width>3</width></LineStyle></Style><LineString><coordinates>-71.6232749,-33.6912033,0 -71.6231816,-33.691255,0</coordinates></LineString></Placemark><Placemark><name>Trabajado - Cuartel 1947 - Hilera 2071</name><Style><LineStyle><color>ff00ff00</color><width>3</width></LineStyle></Style><LineString><coordinates>-71.6231816,-33.691255,0 -71.6249533,-33.6913216,0</coordinates></LineString></Placemark><Placemark><name>Trabajado - Cuartel 1947 - Hilera 2072</name><Style><LineStyle><color>ff00ff00</color><width>3</width></LineStyle></Style><LineString><coordinates>-71.6249533,-33.6913216,0 -71.6242866,-33.6913633,0</coordinates></LineString></Placemark><Placemark><name>Trabajado - Cuartel 1947 - Hilera 2073</name><Style><LineStyle><color>ff00ff00</color><width>3</width></LineStyle></Style><LineString><coordinates>-71.6242866,-33.6913633,0 -71.6231,-33.6913666,0</coordinates></LineString></Placemark><Placemark><name>Trabajado - Cuartel 1947 - Hilera 2075</name><Style><LineStyle><color>ff00ff00</color><width>3</width></LineStyle></Style><LineString><coordinates>-71.6231483,-33.691455,0 -71.6233716,-33.6915233,0</coordinates></LineString></Placemark><Placemark><name>Trabajado - Cuartel 1947 - Hilera 2076</name><Style><LineStyle><color>ff00ff00</color><width>3</width></LineStyle></Style><LineString><coordinates>-71.6233716,-33.6915233,0 -71.6249083,-33.6914849,0</coordinates></LineString></Placemark><Placemark><name>Trabajado - Cuartel 1947 - Hilera 2078</name><Style><LineStyle><color>ff00ff00</color><width>3</width></LineStyle></Style><LineString><coordinates>-71.62499,-33.6915549,0 -71.6232083,-33.6915599,0</coordinates></LineString></Placemark><Placemark><name>Trabajado - Cuartel 1947 - Hilera 2079</name><Style><LineStyle><color>ff00ff00</color><width>3</width></LineStyle></Style><LineString><coordinates>-71.62324,-33.6916483,0 -71.6235866,-33.6917016,0</coordinates></LineString></Placemark><Placemark><name>Trabajado - Cuartel 1947 - Hilera 2080</name><Style><LineStyle><color>ff00ff00</color><width>3</width></LineStyle></Style><LineString><coordinates>-71.6235866,-33.6917016,0 -71.6249566,-33.691705,0</coordinates></LineString></Placemark><Placemark><name>Trabajado - Cuartel 1947 - Hilera 2082</name><Style><LineStyle><color>ff00ff00</color><width>3</width></LineStyle></Style><LineString><coordinates>-71.6248966,-33.6917583,0 -71.6242999,-33.6917249,0</coordinates></LineString></Placemark><Placemark><name>Trabajado - Cuartel 1947 - Hilera 2083</name><Style><LineStyle><color>ff00ff00</color><width>3</width></LineStyle></Style><LineString><coordinates>-71.6242999,-33.6917249,0 -71.6233066,-33.69175,0</coordinates></LineString></Placemark><Placemark><name>Trabajado - Cuartel 1947 - Hilera 2086</name><Style><LineStyle><color>ff00ff00</color><width>3</width></LineStyle></Style><LineString><coordinates>-71.62317,-33.691905,0 -71.62494,-33.6918666,0</coordinates></LineString></Placemark><Placemark><name>Trabajado - Cuartel 1947 - Hilera 2098</name><Style><LineStyle><color>ff00ff00</color><width>3</width></LineStyle></Style><LineString><coordinates>-71.624925,-33.69187,0 -71.6226550664895,-33.69186537857848,0</coordinates></LineString></Placemark><Placemark><name>Trabajado - Cuartel 1947 - Hilera 2099</name><Style><LineStyle><color>ff00ff00</color><width>3</width></LineStyle></Style><LineString><coordinates>-71.622655,-33.6918883,0 -71.6229166,-33.6919066,0</coordinates></LineString></Placemark><Placemark><name>Trabajado - Cuartel 1947 - Hilera 2100</name><Style><LineStyle><color>ff00ff00</color><width>3</width></LineStyle></Style><LineString><coordinates>-71.6229166,-33.6919066,0 -71.6229783,-33.691845,0</coordinates></LineString></Placemark><Placemark><name>Trabajado - Cuartel 1947 - Hilera 2101</name><Style><LineStyle><color>ff00ff00</color><width>3</width></LineStyle></Style><LineString><coordinates>-71.6229783,-33.691845,0 -71.62049978507078,-33.6918596929927,0</coordinates></LineString></Placemark><Placemark><name>Trabajado - Cuartel 1947 - Hilera 2103</name><Style><LineStyle><color>ff00ff00</color><width>3</width></LineStyle></Style><LineString><coordinates>-71.6213016,-33.69176,0 -71.6230716,-33.691735,0</coordinates></LineString></Placemark><Placemark><name>Trabajado - Cuartel 1947 - Hilera 2104</name><Style><LineStyle><color>ff00ff00</color><width>3</width></LineStyle></Style><LineString><coordinates>-71.6230733,-33.6917333,0 -71.6221499,-33.6916183,0</coordinates></LineString></Placemark><Placemark><name>Trabajado - Cuartel 1947 - Hilera 2105</name><Style><LineStyle><color>ff00ff00</color><width>3</width></LineStyle></Style><LineString><coordinates>-71.6221499,-33.6916183,0 -71.6217966,-33.6916716,0</coordinates></LineString></Placemark><Placemark><name>Trabajado - Cuartel 1947 - Hilera 2106</name><Style><LineStyle><color>ff00ff00</color><width>3</width></LineStyle></Style><LineString><coordinates>-71.62207201141014,-33.69170703028432,0 -71.6212933845463,-33.69160686387818,0</coordinates></LineString></Placemark><Placemark><name>Trabajado - Cuartel 1947 - Hilera 2108</name><Style><LineStyle><color>ff00ff00</color><width>3</width></LineStyle></Style><LineString><coordinates>-71.62209093236683,-33.69163800587177,0 -71.6217983,-33.6916166,0</coordinates></LineString></Placemark><Placemark><name>Trabajado - Cuartel 1947 - Hilera 2111</name><Style><LineStyle><color>ff00ff00</color><width>3</width></LineStyle></Style><LineString><coordinates>-71.622225,-33.6916433,0 -71.622455,-33.6916883,0</coordinates></LineString></Placemark><Placemark><name>Trabajado - Cuartel 1947 - Hilera 2112</name><Style><LineStyle><color>ff00ff00</color><width>3</width></LineStyle></Style><LineString><coordinates>-71.622455,-33.6916883,0 -71.6230366,-33.6916433,0</coordinates></LineString></Placemark><Placemark><name>Trabajado - Cuartel 1947 - Hilera 2114</name><Style><LineStyle><color>ff00ff00</color><width>3</width></LineStyle></Style><LineString><coordinates>-71.6230499,-33.6915283,0 -71.62083690538111,-33.69130113556544,0</coordinates></LineString></Placemark><Placemark><name>Trabajado - Cuartel 1947 - Hilera 2115</name><Style><LineStyle><color>ff00ff00</color><width>3</width></LineStyle></Style><LineString><coordinates>-71.6221016,-33.691445,0 -71.62127662067928,-33.69109065173935,0</coordinates></LineString></Placemark><Placemark><name>Trabajado - Cuartel 1947 - Hilera 2116</name><Style><LineStyle><color>ff00ff00</color><width>3</width></LineStyle></Style><LineString><coordinates>-71.62211649635708,-33.69139694676341,0 -71.6215216,-33.6914116,0</coordinates></LineString></Placemark><Placemark><name>Trabajado - Cuartel 1947 - Hilera 2117</name><Style><LineStyle><color>ff00ff00</color><width>3</width></LineStyle></Style><LineString><coordinates>-71.6215216,-33.6914116,0 -71.6213266,-33.6915399,0</coordinates></LineString></Placemark><Placemark><name>Trabajado - Cuartel 1947 - Hilera 2120</name><Style><LineStyle><color>ff00ff00</color><width>3</width></LineStyle></Style><LineString><coordinates>-71.6214816,-33.691445,0 -71.6216,-33.691445,0</coordinates></LineString></Placemark><Placemark><name>Trabajado - Cuartel 1947 - Hilera 2121</name><Style><LineStyle><color>ff00ff00</color><width>3</width></LineStyle></Style><LineString><coordinates>-71.6221166,-33.6913999,0 -71.6229633,-33.6914049,0</coordinates></LineString></Placemark><Placemark><name>Trabajado - Cuartel 1947 - Hilera 2122</name><Style><LineStyle><color>ff00ff00</color><width>3</width></LineStyle></Style><LineString><coordinates>-71.6229633,-33.6914049,0 -71.6230283,-33.6913266,0</coordinates></LineString></Placemark><Placemark><name>Trabajado - Cuartel 1947 - Hilera 2123</name><Style><LineStyle><color>ff00ff00</color><width>3</width></LineStyle></Style><LineString><coordinates>-71.6230283,-33.6913266,0 -71.62292,-33.691295,0</coordinates></LineString></Placemark><Placemark><name>Trabajado - Cuartel 1947 - Hilera 2124</name><Style><LineStyle><color>ff00ff00</color><width>3</width></LineStyle></Style><LineString><coordinates>-71.62292,-33.691295,0 -71.62137,-33.6912666,0</coordinates></LineString></Placemark><Placemark><name>Trabajado - Cuartel 1947 - Hilera 2125</name><Style><LineStyle><color>ff00ff00</color><width>3</width></LineStyle></Style><LineString><coordinates>-71.62137,-33.6912666,0 -71.6215466,-33.6911733,0</coordinates></LineString></Placemark><Placemark><name>Trabajado - Cuartel 1947 - Hilera 2126</name><Style><LineStyle><color>ff00ff00</color><width>3</width></LineStyle></Style><LineString><coordinates>-71.6215466,-33.6911733,0 -71.6231083,-33.6912333,0</coordinates></LineString></Placemark><Placemark><name>Trabajado - Cuartel 1947 - Hilera 2128</name><Style><LineStyle><color>ff00ff00</color><width>3</width></LineStyle></Style><LineString><coordinates>-71.6230266,-33.6911583,0 -71.6214616,-33.6911716,0</coordinates></LineString></Placemark><Placemark><name>Trabajado - Cuartel 1947 - Hilera 2129</name><Style><LineStyle><color>ff00ff00</color><width>3</width></LineStyle></Style><LineString><coordinates>-71.621275,-33.6910933,0 -71.6213716,-33.6910483,0</coordinates></LineString></Placemark><Placemark><name>Trabajado - Cuartel 1947 - Hilera 2130</name><Style><LineStyle><color>ff00ff00</color><width>3</width></LineStyle></Style><LineString><coordinates>-71.6213716,-33.6910483,0 -71.6229516,-33.6910416,0</coordinates></LineString></Placemark><Placemark><name>Trabajado - Cuartel 1947 - Hilera 2131</name><Style><LineStyle><color>ff00ff00</color><width>3</width></LineStyle></Style><LineString><coordinates>-71.6229516,-33.6910416,0 -71.6230033,-33.690945,0</coordinates></LineString></Placemark><Placemark><name>Trabajado - Cuartel 1947 - Hilera 2132</name><Style><LineStyle><color>ff00ff00</color><width>3</width></LineStyle></Style><LineString><coordinates>-71.6230033,-33.690945,0 -71.621285,-33.6909083,0</coordinates></LineString></Placemark><Placemark><name>Trabajado - Cuartel 1947 - Hilera 2133</name><Style><LineStyle><color>ff00ff00</color><width>3</width></LineStyle></Style><LineString><coordinates>-71.621285,-33.6909083,0 -71.6217366,-33.69086,0</coordinates></LineString></Placemark><Placemark><name>Trabajado - Cuartel 1947 - Hilera 2134</name><Style><LineStyle><color>ff00ff00</color><width>3</width></LineStyle></Style><LineString><coordinates>-71.62304878932127,-33.69087665577289,0 -71.6229116,-33.690855,0</coordinates></LineString></Placemark><Placemark><name>Trabajado - Cuartel 1947 - Hilera 2135</name><Style><LineStyle><color>ff00ff00</color><width>3</width></LineStyle></Style><LineString><coordinates>-71.6230533,-33.6908566,0 -71.6214083,-33.6907766,0</coordinates></LineString></Placemark><Placemark><name>Trabajado - Cuartel 1947 - Hilera 2136</name><Style><LineStyle><color>ff00ff00</color><width>3</width></LineStyle></Style><LineString><coordinates>-71.6214083,-33.6907766,0 -71.62107353104835,-33.69088818965056,0</coordinates></LineString></Placemark><Placemark><name>Trabajado - Cuartel 1947 - Hilera 2137</name><Style><LineStyle><color>ff00ff00</color><width>3</width></LineStyle></Style><LineString><coordinates>-71.6213033,-33.6908116,0 -71.6222649,-33.6908283,0</coordinates></LineString></Placemark><Placemark><name>Trabajado - Cuartel 1947 - Hilera 2138</name><Style><LineStyle><color>ff00ff00</color><width>3</width></LineStyle></Style><LineString><coordinates>-71.6224366,-33.69075,0 -71.62402267439991,-33.69067827520048,0</coordinates></LineString></Placemark><Placemark><name>Trabajado - Cuartel 1947 - Hilera 2139</name><Style><LineStyle><color>ff00ff00</color><width>3</width></LineStyle></Style><LineString><coordinates>-71.6231,-33.69072,0 -71.6228933,-33.6906533,0</coordinates></LineString></Placemark><Placemark><name>Trabajado - Cuartel 1947 - Hilera 2140</name><Style><LineStyle><color>ff00ff00</color><width>3</width></LineStyle></Style><LineString><coordinates>-71.6228933,-33.6906533,0 -71.6230916,-33.690535,0</coordinates></LineString></Placemark><Placemark><name>Trabajado - Cuartel 1947 - Hilera 2141</name><Style><LineStyle><color>ff00ff00</color><width>3</width></LineStyle></Style><LineString><coordinates>-71.6230916,-33.690535,0 -71.6223933,-33.69048,0</coordinates></LineString></Placemark><Placemark><name>Trabajado - Cuartel 1947 - Hilera 2142</name><Style><LineStyle><color>ff00ff00</color><width>3</width></LineStyle></Style><LineString><coordinates>-71.621445,-33.6904833,0 -71.623,-33.6904466,0</coordinates></LineString></Placemark><Placemark><name>Trabajado - Cuartel 1947 - Hilera 2145</name><Style><LineStyle><color>ff00ff00</color><width>3</width></LineStyle></Style><LineString><coordinates>-71.6230516,-33.6860433,0 -71.6231633,-33.68341,0</coordinates></LineString></Placemark><Placemark><name>Trabajado - Cuartel 1947 - Hilera 2164</name><Style><LineStyle><color>ff00ff00</color><width>3</width></LineStyle></Style><LineString><coordinates>-71.6240066,-33.6892016,0 -71.6231116,-33.6892766,0</coordinates></LineString></Placemark><Placemark><name>Trabajado - Cuartel 1947 - Hilera 2165</name><Style><LineStyle><color>ff00ff00</color><width>3</width></LineStyle></Style><LineString><coordinates>-71.6231116,-33.6892766,0 -71.6230783,-33.690305,0</coordinates></LineString></Placemark><Placemark><name>Trabajado - Cuartel 1947 - Hilera 2166</name><Style><LineStyle><color>ff00ff00</color><width>3</width></LineStyle></Style><LineString><coordinates>-71.6230783,-33.690305,0 -71.6230466,-33.6901566,0</coordinates></LineString></Placemark><Placemark><name>Trabajado - Cuartel 1947 - Hilera 2167</name><Style><LineStyle><color>ff00ff00</color><width>3</width></LineStyle></Style><LineString><coordinates>-71.6230466,-33.6901566,0 -71.61978657598016,-33.690162963944225,0</coordinates></LineString></Placemark><Placemark><name>Trabajado - Cuartel 1947 - Hilera 2169</name><Style><LineStyle><color>ff00ff00</color><width>3</width></LineStyle></Style><LineString><coordinates>-71.6213349,-33.6900633,0 -71.62215645711119,-33.690067881947726,0</coordinates></LineString></Placemark><Placemark><name>Trabajado - Cuartel 1947 - Hilera 2172</name><Style><LineStyle><color>ff00ff00</color><width>3</width></LineStyle></Style><LineString><coordinates>-71.6221483,-33.69001,0 -71.623055,-33.6899083,0</coordinates></LineString></Placemark><Placemark><name>Trabajado - Cuartel 1947 - Hilera 2173</name><Style><LineStyle><color>ff00ff00</color><width>3</width></LineStyle></Style><LineString><coordinates>-71.623055,-33.6899083,0 -71.6230783,-33.6897883,0</coordinates></LineString></Placemark><Placemark><name>Trabajado - Cuartel 1947 - Hilera 2174</name><Style><LineStyle><color>ff00ff00</color><width>3</width></LineStyle></Style><LineString><coordinates>-71.6230766,-33.689835,0 -71.6223766,-33.689835,0</coordinates></LineString></Placemark><Placemark><name>Trabajado - Cuartel 1947 - Hilera 2175</name><Style><LineStyle><color>ff00ff00</color><width>3</width></LineStyle></Style><LineString><coordinates>-71.62293004389267,-33.689903787305774,0 -71.62096974457097,-33.68966014253775,0</coordinates></LineString></Placemark><Placemark><name>Trabajado - Cuartel 1947 - Hilera 2176</name><Style><LineStyle><color>ff00ff00</color><width>3</width></LineStyle></Style><LineString><coordinates>-71.6213033,-33.6897016,0 -71.6219733,-33.6897066,0</coordinates></LineString></Placemark><Placemark><name>Trabajado - Cuartel 1947 - Hilera 2177</name><Style><LineStyle><color>ff00ff00</color><width>3</width></LineStyle></Style><LineString><coordinates>-71.621975,-33.6897233,0 -71.6229866,-33.6897416,0</coordinates></LineString></Placemark><Placemark><name>Trabajado - Cuartel 1947 - Hilera 2178</name><Style><LineStyle><color>ff00ff00</color><width>3</width></LineStyle></Style><LineString><coordinates>-71.6229866,-33.6897416,0 -71.6229316,-33.689895,0</coordinates></LineString></Placemark><Placemark><name>Trabajado - Cuartel 1947 - Hilera 2179</name><Style><LineStyle><color>ff00ff00</color><width>3</width></LineStyle></Style><LineString><coordinates>-71.6224833,-33.689895,0 -71.62237,-33.6899383,0</coordinates></LineString></Placemark><Placemark><name>Trabajado - Cuartel 1947 - Hilera 2180</name><Style><LineStyle><color>ff00ff00</color><width>3</width></LineStyle></Style><LineString><coordinates>-71.6215599,-33.6898666,0 -71.6214283,-33.6899049,0</coordinates></LineString></Placemark><Placemark><name>Trabajado - Cuartel 1947 - Hilera 2181</name><Style><LineStyle><color>ff00ff00</color><width>3</width></LineStyle></Style><LineString><coordinates>-71.6214283,-33.6899049,0 -71.6212316,-33.68981,0</coordinates></LineString></Placemark><Placemark><name>Trabajado - Cuartel 1947 - Hilera 2182</name><Style><LineStyle><color>ff00ff00</color><width>3</width></LineStyle></Style><LineString><coordinates>-71.6212316,-33.68981,0 -71.6212616,-33.68958,0</coordinates></LineString></Placemark><Placemark><name>Trabajado - Cuartel 1947 - Hilera 2183</name><Style><LineStyle><color>ff00ff00</color><width>3</width></LineStyle></Style><LineString><coordinates>-71.6212616,-33.68958,0 -71.621315,-33.6894933,0</coordinates></LineString></Placemark><Placemark><name>Trabajado - Cuartel 1947 - Hilera 2184</name><Style><LineStyle><color>ff00ff00</color><width>3</width></LineStyle></Style><LineString><coordinates>-71.621315,-33.6894933,0 -71.623055,-33.6895233,0</coordinates></LineString></Placemark><Placemark><name>Trabajado - Cuartel 1947 - Hilera 2185</name><Style><LineStyle><color>ff00ff00</color><width>3</width></LineStyle></Style><LineString><coordinates>-71.623055,-33.6895233,0 -71.62299,-33.6894466,0</coordinates></LineString></Placemark><Placemark><name>Trabajado - Cuartel 1947 - Hilera 2186</name><Style><LineStyle><color>ff00ff00</color><width>3</width></LineStyle></Style><LineString><coordinates>-71.62299,-33.6894466,0 -71.6221149,-33.68936,0</coordinates></LineString></Placemark><Placemark><name>Trabajado - Cuartel 1947 - Hilera 2187</name><Style><LineStyle><color>ff00ff00</color><width>3</width></LineStyle></Style><LineString><coordinates>-71.62209,-33.68934,0 -71.6219916,-33.6894283,0</coordinates></LineString></Placemark><Placemark><name>Trabajado - Cuartel 1947 - Hilera 2188</name><Style><LineStyle><color>ff00ff00</color><width>3</width></LineStyle></Style><LineString><coordinates>-71.6219916,-33.6894283,0 -71.6213216,-33.6894216,0</coordinates></LineString></Placemark><Placemark><name>Trabajado - Cuartel 1947 - Hilera 2189</name><Style><LineStyle><color>ff00ff00</color><width>3</width></LineStyle></Style><LineString><coordinates>-71.6213216,-33.6894216,0 -71.6215299,-33.68932,0</coordinates></LineString></Placemark><Placemark><name>Trabajado - Cuartel 1947 - Hilera 2190</name><Style><LineStyle><color>ff00ff00</color><width>3</width></LineStyle></Style><LineString><coordinates>-71.62095301859759,-33.68930720439434,0 -71.6222783,-33.6893366,0</coordinates></LineString></Placemark><Placemark><name>Trabajado - Cuartel 1947 - Hilera 2191</name><Style><LineStyle><color>ff00ff00</color><width>3</width></LineStyle></Style><LineString><coordinates>-71.6230116,-33.6892883,0 -71.6229133,-33.6893366,0</coordinates></LineString></Placemark><Placemark><name>Trabajado - Cuartel 1947 - Hilera 2192</name><Style><LineStyle><color>ff00ff00</color><width>3</width></LineStyle></Style><LineString><coordinates>-71.6227866,-33.6893316,0 -71.6230783,-33.689255,0</coordinates></LineString></Placemark><Placemark><name>Trabajado - Cuartel 1947 - Hilera 2193</name><Style><LineStyle><color>ff00ff00</color><width>3</width></LineStyle></Style><LineString><coordinates>-71.6230783,-33.689255,0 -71.6229816,-33.6892066,0</coordinates></LineString></Placemark><Placemark><name>Trabajado - Cuartel 1947 - Hilera 2194</name><Style><LineStyle><color>ff00ff00</color><width>3</width></LineStyle></Style><LineString><coordinates>-71.6229816,-33.6892066,0 -71.6222466,-33.6892049,0</coordinates></LineString></Placemark><Placemark><name>Trabajado - Cuartel 1947 - Hilera 2195</name><Style><LineStyle><color>ff00ff00</color><width>3</width></LineStyle></Style><LineString><coordinates>-71.6222466,-33.6892049,0 -71.6221366,-33.689235,0</coordinates></LineString></Placemark><Placemark><name>Trabajado - Cuartel 1947 - Hilera 2196</name><Style><LineStyle><color>ff00ff00</color><width>3</width></LineStyle></Style><LineString><coordinates>-71.62291279946065,-33.68933921653071,0 -71.6214283,-33.6891399,0</coordinates></LineString></Placemark><Placemark><name>Trabajado - Cuartel 1947 - Hilera 2197</name><Style><LineStyle><color>ff00ff00</color><width>3</width></LineStyle></Style><LineString><coordinates>-71.6214283,-33.6891399,0 -71.62120651708283,-33.689218011044304,0</coordinates></LineString></Placemark><Placemark><name>Trabajado - Cuartel 1947 - Hilera 2198</name><Style><LineStyle><color>ff00ff00</color><width>3</width></LineStyle></Style><LineString><coordinates>-71.6212033,-33.6892116,0 -71.6212533,-33.689135,0</coordinates></LineString></Placemark><Placemark><name>Trabajado - Cuartel 1947 - Hilera 2199</name><Style><LineStyle><color>ff00ff00</color><width>3</width></LineStyle></Style><LineString><coordinates>-71.6212533,-33.689135,0 -71.6214066,-33.6892116,0</coordinates></LineString></Placemark><Placemark><name>Trabajado - Cuartel 1947 - Hilera 2200</name><Style><LineStyle><color>ff00ff00</color><width>3</width></LineStyle></Style><LineString><coordinates>-71.6214066,-33.6892116,0 -71.6229166,-33.689105,0</coordinates></LineString></Placemark><Placemark><name>Trabajado - Cuartel 1947 - Hilera 2201</name><Style><LineStyle><color>ff00ff00</color><width>3</width></LineStyle></Style><LineString><coordinates>-71.6229166,-33.689105,0 -71.6230333,-33.6891433,0</coordinates></LineString></Placemark><Placemark><name>Trabajado - Cuartel 1947 - Hilera 2203</name><Style><LineStyle><color>ff00ff00</color><width>3</width></LineStyle></Style><LineString><coordinates>-71.62302,-33.6890116,0 -71.6225816,-33.68897,0</coordinates></LineString></Placemark><Placemark><name>Trabajado - Cuartel 1947 - Hilera 2204</name><Style><LineStyle><color>ff00ff00</color><width>3</width></LineStyle></Style><LineString><coordinates>-71.6225816,-33.68897,0 -71.6223666,-33.6890366,0</coordinates></LineString></Placemark><Placemark><name>Trabajado - Cuartel 1947 - Hilera 2205</name><Style><LineStyle><color>ff00ff00</color><width>3</width></LineStyle></Style><LineString><coordinates>-71.6223666,-33.6890366,0 -71.6216533,-33.6890516,0</coordinates></LineString></Placemark><Placemark><name>Trabajado - Cuartel 1947 - Hilera 2206</name><Style><LineStyle><color>ff00ff00</color><width>3</width></LineStyle></Style><LineString><coordinates>-71.6216533,-33.6890516,0 -71.6215016,-33.6889933,0</coordinates></LineString></Placemark><Placemark><name>Trabajado - Cuartel 1947 - Hilera 2207</name><Style><LineStyle><color>ff00ff00</color><width>3</width></LineStyle></Style><LineString><coordinates>-71.6215016,-33.6889933,0 -71.6213883,-33.689045,0</coordinates></LineString></Placemark><Placemark><name>Trabajado - Cuartel 1947 - Hilera 2208</name><Style><LineStyle><color>ff00ff00</color><width>3</width></LineStyle></Style><LineString><coordinates>-71.6213883,-33.689045,0 -71.621275,-33.6889966,0</coordinates></LineString></Placemark><Placemark><name>Trabajado - Cuartel 1947 - Hilera 2209</name><Style><LineStyle><color>ff00ff00</color><width>3</width></LineStyle></Style><LineString><coordinates>-71.6228883,-33.6890433,0 -71.6229683,-33.6889833,0</coordinates></LineString></Placemark><Placemark><name>Trabajado - Cuartel 1947 - Hilera 2211</name><Style><LineStyle><color>ff00ff00</color><width>3</width></LineStyle></Style><LineString><coordinates>-71.62401407634873,-33.688797490687726,0 -71.62251223919087,-33.68893641062485,0</coordinates></LineString></Placemark><Placemark><name>Trabajado - Cuartel 1947 - Hilera 2212</name><Style><LineStyle><color>ff00ff00</color><width>3</width></LineStyle></Style><LineString><coordinates>-71.62261975730206,-33.68893074875378,0 -71.6224066,-33.6889833,0</coordinates></LineString></Placemark><Placemark><name>Trabajado - Cuartel 1947 - Hilera 2213</name><Style><LineStyle><color>ff00ff00</color><width>3</width></LineStyle></Style><LineString><coordinates>-71.6224066,-33.6889833,0 -71.6223033,-33.68895,0</coordinates></LineString></Placemark><Placemark><name>Trabajado - Cuartel 1947 - Hilera 2214</name><Style><LineStyle><color>ff00ff00</color><width>3</width></LineStyle></Style><LineString><coordinates>-71.6223033,-33.68895,0 -71.6213816,-33.6889283,0</coordinates></LineString></Placemark><Placemark><name>Trabajado - Cuartel 1947 - Hilera 2215</name><Style><LineStyle><color>ff00ff00</color><width>3</width></LineStyle></Style><LineString><coordinates>-71.6213816,-33.6889283,0 -71.6212599,-33.6901416,0</coordinates></LineString></Placemark><Placemark><name>Trabajado - Cuartel 1947 - Hilera 2216</name><Style><LineStyle><color>ff00ff00</color><width>3</width></LineStyle></Style><LineString><coordinates>-71.6212599,-33.6901416,0 -71.62118,-33.689315,0</coordinates></LineString></Placemark><Placemark><name>Trabajado - Cuartel 1947 - Hilera 2217</name><Style><LineStyle><color>ff00ff00</color><width>3</width></LineStyle></Style><LineString><coordinates>-71.6209533,-33.6892983,0 -71.6195049,-33.6893,0</coordinates></LineString></Placemark><Placemark><name>Trabajado - Cuartel 1947 - Hilera 2219</name><Style><LineStyle><color>ff00ff00</color><width>3</width></LineStyle></Style><LineString><coordinates>-71.6194149,-33.6893583,0 -71.6210133,-33.6894566,0</coordinates></LineString></Placemark><Placemark><name>Trabajado - Cuartel 1947 - Hilera 2220</name><Style><LineStyle><color>ff00ff00</color><width>3</width></LineStyle></Style><LineString><coordinates>-71.6210133,-33.6894566,0 -71.6210466,-33.689565,0</coordinates></LineString></Placemark><Placemark><name>Trabajado - Cuartel 1947 - Hilera 2221</name><Style><LineStyle><color>ff00ff00</color><width>3</width></LineStyle></Style><LineString><coordinates>-71.6210466,-33.689565,0 -71.620945,-33.6894966,0</coordinates></LineString></Placemark><Placemark><name>Trabajado - Cuartel 1947 - Hilera 2222</name><Style><LineStyle><color>ff00ff00</color><width>3</width></LineStyle></Style><LineString><coordinates>-71.620945,-33.6894966,0 -71.619425,-33.6894366,0</coordinates></LineString></Placemark><Placemark><name>Trabajado - Cuartel 1947 - Hilera 2224</name><Style><LineStyle><color>ff00ff00</color><width>3</width></LineStyle></Style><LineString><coordinates>-71.619355,-33.68952,0 -71.6196966,-33.689525,0</coordinates></LineString></Placemark><Placemark><name>Trabajado - Cuartel 1947 - Hilera 2225</name><Style><LineStyle><color>ff00ff00</color><width>3</width></LineStyle></Style><LineString><coordinates>-71.6197933,-33.68955,0 -71.6201033,-33.6895266,0</coordinates></LineString></Placemark><Placemark><name>Trabajado - Cuartel 1947 - Hilera 2226</name><Style><LineStyle><color>ff00ff00</color><width>3</width></LineStyle></Style><LineString><coordinates>-71.6201033,-33.6895266,0 -71.6208599,-33.6895683,0</coordinates></LineString></Placemark><Placemark><name>Trabajado - Cuartel 1947 - Hilera 2227</name><Style><LineStyle><color>ff00ff00</color><width>3</width></LineStyle></Style><LineString><coordinates>-71.6208916,-33.6895433,0 -71.6210733,-33.6895533,0</coordinates></LineString></Placemark><Placemark><name>Trabajado - Cuartel 1947 - Hilera 2228</name><Style><LineStyle><color>ff00ff00</color><width>3</width></LineStyle></Style><LineString><coordinates>-71.6210733,-33.6895533,0 -71.6211366,-33.6896366,0</coordinates></LineString></Placemark><Placemark><name>Trabajado - Cuartel 1947 - Hilera 2229</name><Style><LineStyle><color>ff00ff00</color><width>3</width></LineStyle></Style><LineString><coordinates>-71.6211366,-33.6896366,0 -71.6213833,-33.6888066,0</coordinates></LineString></Placemark><Placemark><name>Trabajado - Cuartel 1947 - Hilera 2230</name><Style><LineStyle><color>ff00ff00</color><width>3</width></LineStyle></Style><LineString><coordinates>-71.6214466,-33.6887866,0 -71.6240033,-33.6886883,0</coordinates></LineString></Placemark><Placemark><name>Trabajado - Cuartel 1947 - Hilera 2231</name><Style><LineStyle><color>ff00ff00</color><width>3</width></LineStyle></Style><LineString><coordinates>-71.6240033,-33.6886883,0 -71.62403900831322,-33.6788283018004,0</coordinates></LineString></Placemark><Placemark><name>Trabajado - Cuartel 1947 - Hilera 2235</name><Style><LineStyle><color>ff00ff00</color><width>3</width></LineStyle></Style><LineString><coordinates>-71.62411,-33.6820583,0 -71.62396,-33.6887466,0</coordinates></LineString></Placemark><Placemark><name>Trabajado - Cuartel 1947 - Hilera 2236</name><Style><LineStyle><color>ff00ff00</color><width>3</width></LineStyle></Style><LineString><coordinates>-71.62396,-33.6887466,0 -71.6212366,-33.6888066,0</coordinates></LineString></Placemark><Placemark><name>Trabajado - Cuartel 1947 - Hilera 2237</name><Style><LineStyle><color>ff00ff00</color><width>3</width></LineStyle></Style><LineString><coordinates>-71.6212366,-33.6888066,0 -71.6211783,-33.689645,0</coordinates></LineString></Placemark><Placemark><name>Trabajado - Cuartel 1947 - Hilera 2238</name><Style><LineStyle><color>ff00ff00</color><width>3</width></LineStyle></Style><LineString><coordinates>-71.6209683,-33.6896683,0 -71.6193916,-33.6896933,0</coordinates></LineString></Placemark><Placemark><name>Trabajado - Cuartel 1947 - Hilera 2239</name><Style><LineStyle><color>ff00ff00</color><width>3</width></LineStyle></Style><LineString><coordinates>-71.6193916,-33.6896933,0 -71.6205228258647,-33.690290021643655,0</coordinates></LineString></Placemark><Placemark><name>Trabajado - Cuartel 1947 - Hilera 2240</name><Style><LineStyle><color>ff00ff00</color><width>3</width></LineStyle></Style><LineString><coordinates>-71.6195116,-33.6897566,0 -71.6210283,-33.6897883,0</coordinates></LineString></Placemark><Placemark><name>Trabajado - Cuartel 1947 - Hilera 2241</name><Style><LineStyle><color>ff00ff00</color><width>3</width></LineStyle></Style><LineString><coordinates>-71.6210283,-33.6897883,0 -71.621075,-33.6898666,0</coordinates></LineString></Placemark><Placemark><name>Trabajado - Cuartel 1947 - Hilera 2242</name><Style><LineStyle><color>ff00ff00</color><width>3</width></LineStyle></Style><LineString><coordinates>-71.6197766,-33.6898566,0 -71.6194183,-33.68987,0</coordinates></LineString></Placemark><Placemark><name>Trabajado - Cuartel 1947 - Hilera 2243</name><Style><LineStyle><color>ff00ff00</color><width>3</width></LineStyle></Style><LineString><coordinates>-71.6194183,-33.68987,0 -71.619495,-33.68996,0</coordinates></LineString></Placemark><Placemark><name>Trabajado - Cuartel 1947 - Hilera 2244</name><Style><LineStyle><color>ff00ff00</color><width>3</width></LineStyle></Style><LineString><coordinates>-71.619495,-33.68996,0 -71.6210099,-33.6900649,0</coordinates></LineString></Placemark><Placemark><name>Trabajado - Cuartel 1947 - Hilera 2245</name><Style><LineStyle><color>ff00ff00</color><width>3</width></LineStyle></Style><LineString><coordinates>-71.6210099,-33.6900649,0 -71.6209049,-33.69011,0</coordinates></LineString></Placemark><Placemark><name>Trabajado - Cuartel 1947 - Hilera 2246</name><Style><LineStyle><color>ff00ff00</color><width>3</width></LineStyle></Style><LineString><coordinates>-71.6209049,-33.69011,0 -71.61984,-33.69008,0</coordinates></LineString></Placemark><Placemark><name>Trabajado - Cuartel 1947 - Hilera 2247</name><Style><LineStyle><color>ff00ff00</color><width>3</width></LineStyle></Style><LineString><coordinates>-71.61984,-33.69008,0 -71.6194016,-33.690145,0</coordinates></LineString></Placemark><Placemark><name>Trabajado - Cuartel 1947 - Hilera 2248</name><Style><LineStyle><color>ff00ff00</color><width>3</width></LineStyle></Style><LineString><coordinates>-71.6194016,-33.690145,0 -71.6195183,-33.6901666,0</coordinates></LineString></Placemark><Placemark><name>Trabajado - Cuartel 1947 - Hilera 2249</name><Style><LineStyle><color>ff00ff00</color><width>3</width></LineStyle></Style><LineString><coordinates>-71.6195183,-33.6901666,0 -71.6197866,-33.6901716,0</coordinates></LineString></Placemark><Placemark><name>Trabajado - Cuartel 1947 - Hilera 2250</name><Style><LineStyle><color>ff00ff00</color><width>3</width></LineStyle></Style><LineString><coordinates>-71.6209083,-33.69016,0 -71.6211466,-33.6902533,0</coordinates></LineString></Placemark><Placemark><name>Trabajado - Cuartel 1947 - Hilera 2251</name><Style><LineStyle><color>ff00ff00</color><width>3</width></LineStyle></Style><LineString><coordinates>-71.6211466,-33.6902533,0 -71.6208033,-33.6902316,0</coordinates></LineString></Placemark><Placemark><name>Trabajado - Cuartel 1947 - Hilera 2252</name><Style><LineStyle><color>ff00ff00</color><width>3</width></LineStyle></Style><LineString><coordinates>-71.6208033,-33.6902316,0 -71.6206966,-33.6902683,0</coordinates></LineString></Placemark><Placemark><name>Trabajado - Cuartel 1947 - Hilera 2253</name><Style><LineStyle><color>ff00ff00</color><width>3</width></LineStyle></Style><LineString><coordinates>-71.6206966,-33.6902683,0 -71.619395,-33.6902116,0</coordinates></LineString></Placemark><Placemark><name>Trabajado - Cuartel 1947 - Hilera 2254</name><Style><LineStyle><color>ff00ff00</color><width>3</width></LineStyle></Style><LineString><coordinates>-71.619395,-33.6902116,0 -71.61955,-33.69032,0</coordinates></LineString></Placemark><Placemark><name>Trabajado - Cuartel 1947 - Hilera 2255</name><Style><LineStyle><color>ff00ff00</color><width>3</width></LineStyle></Style><LineString><coordinates>-71.61955,-33.69032,0 -71.62105156271853,-33.690395520264055,0</coordinates></LineString></Placemark><Placemark><name>Trabajado - Cuartel 1947 - Hilera 2256</name><Style><LineStyle><color>ff00ff00</color><width>3</width></LineStyle></Style><LineString><coordinates>-71.6201783,-33.6903516,0 -71.6202433,-33.690425,0</coordinates></LineString></Placemark><Placemark><name>Trabajado - Cuartel 1947 - Hilera 2260</name><Style><LineStyle><color>ff00ff00</color><width>3</width></LineStyle></Style><LineString><coordinates>-71.6205266,-33.690285,0 -71.6211216,-33.6903216,0</coordinates></LineString></Placemark><Placemark><name>Trabajado - Cuartel 1947 - Hilera 2262</name><Style><LineStyle><color>ff00ff00</color><width>3</width></LineStyle></Style><LineString><coordinates>-71.6209266,-33.6903816,0 -71.6211866,-33.6904466,0</coordinates></LineString></Placemark><Placemark><name>Trabajado - Cuartel 1947 - Hilera 2263</name><Style><LineStyle><color>ff00ff00</color><width>3</width></LineStyle></Style><LineString><coordinates>-71.6211866,-33.6904466,0 -71.61956793447474,-33.690347489938446,0</coordinates></LineString></Placemark><Placemark><name>Trabajado - Cuartel 1947 - Hilera 2264</name><Style><LineStyle><color>ff00ff00</color><width>3</width></LineStyle></Style><LineString><coordinates>-71.6195683,-33.6903433,0 -71.619455,-33.6903833,0</coordinates></LineString></Placemark><Placemark><name>Trabajado - Cuartel 1947 - Hilera 2265</name><Style><LineStyle><color>ff00ff00</color><width>3</width></LineStyle></Style><LineString><coordinates>-71.619455,-33.6903833,0 -71.62001737350212,-33.69047078032255,0</coordinates></LineString></Placemark><Placemark><name>Trabajado - Cuartel 1947 - Hilera 2266</name><Style><LineStyle><color>ff00ff00</color><width>3</width></LineStyle></Style><LineString><coordinates>-71.6200183,-33.6904666,0 -71.62025,-33.6904333,0</coordinates></LineString></Placemark><Placemark><name>Trabajado - Cuartel 1947 - Hilera 2267</name><Style><LineStyle><color>ff00ff00</color><width>3</width></LineStyle></Style><LineString><coordinates>-71.6202216,-33.69045,0 -71.6194216,-33.6904833,0</coordinates></LineString></Placemark><Placemark><name>Trabajado - Cuartel 1947 - Hilera 2268</name><Style><LineStyle><color>ff00ff00</color><width>3</width></LineStyle></Style><LineString><coordinates>-71.6193966,-33.6905183,0 -71.6211716,-33.690545,0</coordinates></LineString></Placemark><Placemark><name>Trabajado - Cuartel 1947 - Hilera 2269</name><Style><LineStyle><color>ff00ff00</color><width>3</width></LineStyle></Style><LineString><coordinates>-71.62115,-33.6906399,0 -71.6210333,-33.6906066,0</coordinates></LineString></Placemark><Placemark><name>Trabajado - Cuartel 1947 - Hilera 2270</name><Style><LineStyle><color>ff00ff00</color><width>3</width></LineStyle></Style><LineString><coordinates>-71.6210333,-33.6906066,0 -71.6204416,-33.6906283,0</coordinates></LineString></Placemark><Placemark><name>Trabajado - Cuartel 1947 - Hilera 2271</name><Style><LineStyle><color>ff00ff00</color><width>3</width></LineStyle></Style><LineString><coordinates>-71.6204416,-33.6906283,0 -71.6203866,-33.6905416,0</coordinates></LineString></Placemark><Placemark><name>Trabajado - Cuartel 1947 - Hilera 2273</name><Style><LineStyle><color>ff00ff00</color><width>3</width></LineStyle></Style><LineString><coordinates>-71.6203766,-33.6887833,0 -71.6230733,-33.688865,0</coordinates></LineString></Placemark><Placemark><name>Trabajado - Cuartel 1947 - Hilera 2274</name><Style><LineStyle><color>ff00ff00</color><width>3</width></LineStyle></Style><LineString><coordinates>-71.6240133,-33.6887916,0 -71.62406194857819,-33.67901827187121,0</coordinates></LineString></Placemark><Placemark><name>Trabajado - Cuartel 1947 - Hilera 2287</name><Style><LineStyle><color>ff00ff00</color><width>3</width></LineStyle></Style><LineString><coordinates>-71.624045,-33.6887799,0 -71.6203933,-33.68876,0</coordinates></LineString></Placemark><Placemark><name>Trabajado - Cuartel 1947 - Hilera 2289</name><Style><LineStyle><color>ff00ff00</color><width>3</width></LineStyle></Style><LineString><coordinates>-71.62029,-33.6907266,0 -71.61951,-33.6907466,0</coordinates></LineString></Placemark><Placemark><name>Trabajado - Cuartel 1947 - Hilera 2290</name><Style><LineStyle><color>ff00ff00</color><width>3</width></LineStyle></Style><LineString><coordinates>-71.6195149,-33.690795,0 -71.620292858589,-33.69112622523996,0</coordinates></LineString></Placemark><Placemark><name>Trabajado - Cuartel 1947 - Hilera 2291</name><Style><LineStyle><color>ff00ff00</color><width>3</width></LineStyle></Style><LineString><coordinates>-71.6196166,-33.6908383,0 -71.6212583,-33.6908316,0</coordinates></LineString></Placemark><Placemark><name>Trabajado - Cuartel 1947 - Hilera 2292</name><Style><LineStyle><color>ff00ff00</color><width>3</width></LineStyle></Style><LineString><coordinates>-71.6210799,-33.6909016,0 -71.6195633,-33.6908466,0</coordinates></LineString></Placemark><Placemark><name>Trabajado - Cuartel 1947 - Hilera 2294</name><Style><LineStyle><color>ff00ff00</color><width>3</width></LineStyle></Style><LineString><coordinates>-71.619495,-33.6909499,0 -71.6202033,-33.69107,0</coordinates></LineString></Placemark><Placemark><name>Trabajado - Cuartel 1947 - Hilera 2295</name><Style><LineStyle><color>ff00ff00</color><width>3</width></LineStyle></Style><LineString><coordinates>-71.6202916,-33.6911283,0 -71.6201216,-33.6909966,0</coordinates></LineString></Placemark><Placemark><name>Trabajado - Cuartel 1947 - Hilera 2296</name><Style><LineStyle><color>ff00ff00</color><width>3</width></LineStyle></Style><LineString><coordinates>-71.6201216,-33.6909966,0 -71.6200116,-33.690985,0</coordinates></LineString></Placemark><Placemark><name>Trabajado - Cuartel 1947 - Hilera 2297</name><Style><LineStyle><color>ff00ff00</color><width>3</width></LineStyle></Style><LineString><coordinates>-71.6200116,-33.690985,0 -71.62109545516601,-33.69104867677226,0</coordinates></LineString></Placemark><Placemark><name>Trabajado - Cuartel 1947 - Hilera 2298</name><Style><LineStyle><color>ff00ff00</color><width>3</width></LineStyle></Style><LineString><coordinates>-71.6210966,-33.691035,0 -71.6212316,-33.6911233,0</coordinates></LineString></Placemark><Placemark><name>Trabajado - Cuartel 1947 - Hilera 2299</name><Style><LineStyle><color>ff00ff00</color><width>3</width></LineStyle></Style><LineString><coordinates>-71.6212316,-33.6911233,0 -71.6195433,-33.6911016,0</coordinates></LineString></Placemark><Placemark><name>Trabajado - Cuartel 1947 - Hilera 2301</name><Style><LineStyle><color>ff00ff00</color><width>3</width></LineStyle></Style><LineString><coordinates>-71.6195116,-33.691185,0 -71.621255,-33.6912066,0</coordinates></LineString></Placemark><Placemark><name>Trabajado - Cuartel 1947 - Hilera 2302</name><Style><LineStyle><color>ff00ff00</color><width>3</width></LineStyle></Style><LineString><coordinates>-71.621255,-33.6912066,0 -71.6214383,-33.691325,0</coordinates></LineString></Placemark><Placemark><name>Trabajado - Cuartel 1947 - Hilera 2303</name><Style><LineStyle><color>ff00ff00</color><width>3</width></LineStyle></Style><LineString><coordinates>-71.6214383,-33.691325,0 -71.6212083,-33.6913483,0</coordinates></LineString></Placemark><Placemark><name>Trabajado - Cuartel 1947 - Hilera 2304</name><Style><LineStyle><color>ff00ff00</color><width>3</width></LineStyle></Style><LineString><coordinates>-71.6208383,-33.6912916,0 -71.6195083,-33.6912666,0</coordinates></LineString></Placemark><Placemark><name>Trabajado - Cuartel 1947 - Hilera 2306</name><Style><LineStyle><color>ff00ff00</color><width>3</width></LineStyle></Style><LineString><coordinates>-71.6194783,-33.6913533,0 -71.6195833,-33.6913966,0</coordinates></LineString></Placemark><Placemark><name>Trabajado - Cuartel 1947 - Hilera 2307</name><Style><LineStyle><color>ff00ff00</color><width>3</width></LineStyle></Style><LineString><coordinates>-71.6195833,-33.6913966,0 -71.6207616,-33.6914016,0</coordinates></LineString></Placemark><Placemark><name>Trabajado - Cuartel 1947 - Hilera 2308</name><Style><LineStyle><color>ff00ff00</color><width>3</width></LineStyle></Style><LineString><coordinates>-71.620645,-33.6914016,0 -71.6207533,-33.69136,0</coordinates></LineString></Placemark><Placemark><name>Trabajado - Cuartel 1947 - Hilera 2309</name><Style><LineStyle><color>ff00ff00</color><width>3</width></LineStyle></Style><LineString><coordinates>-71.6207533,-33.69136,0 -71.6212983,-33.691565,0</coordinates></LineString></Placemark><Placemark><name>Trabajado - Cuartel 1947 - Hilera 2310</name><Style><LineStyle><color>ff00ff00</color><width>3</width></LineStyle></Style><LineString><coordinates>-71.6212983,-33.691565,0 -71.6205633,-33.6915716,0</coordinates></LineString></Placemark><Placemark><name>Trabajado - Cuartel 1947 - Hilera 2311</name><Style><LineStyle><color>ff00ff00</color><width>3</width></LineStyle></Style><LineString><coordinates>-71.6205633,-33.6915716,0 -71.620325,-33.69151,0</coordinates></LineString></Placemark><Placemark><name>Trabajado - Cuartel 1947 - Hilera 2312</name><Style><LineStyle><color>ff00ff00</color><width>3</width></LineStyle></Style><LineString><coordinates>-71.6203816,-33.6915016,0 -71.6202666,-33.6915083,0</coordinates></LineString></Placemark><Placemark><name>Trabajado - Cuartel 1947 - Hilera 2313</name><Style><LineStyle><color>ff00ff00</color><width>3</width></LineStyle></Style><LineString><coordinates>-71.6202666,-33.6915083,0 -71.6193983,-33.6915133,0</coordinates></LineString></Placemark><Placemark><name>Trabajado - Cuartel 1947 - Hilera 2335</name><Style><LineStyle><color>ff00ff00</color><width>3</width></LineStyle></Style><LineString><coordinates>-71.6194516,-33.69169,0 -71.6206333,-33.6916116,0</coordinates></LineString></Placemark><Placemark><name>Trabajado - Cuartel 1947 - Hilera 2336</name><Style><LineStyle><color>ff00ff00</color><width>3</width></LineStyle></Style><LineString><coordinates>-71.6206333,-33.6916116,0 -71.6210799,-33.691685,0</coordinates></LineString></Placemark><Placemark><name>Trabajado - Cuartel 1947 - Hilera 2337</name><Style><LineStyle><color>ff00ff00</color><width>3</width></LineStyle></Style><LineString><coordinates>-71.6210799,-33.691685,0 -71.6207066,-33.6917,0</coordinates></LineString></Placemark><Placemark><name>Trabajado - Cuartel 1947 - Hilera 2338</name><Style><LineStyle><color>ff00ff00</color><width>3</width></LineStyle></Style><LineString><coordinates>-71.6210783,-33.6917,0 -71.6212216,-33.6917883,0</coordinates></LineString></Placemark><Placemark><name>Trabajado - Cuartel 1947 - Hilera 2339</name><Style><LineStyle><color>ff00ff00</color><width>3</width></LineStyle></Style><LineString><coordinates>-71.6212216,-33.6917883,0 -71.6193616,-33.6917616,0</coordinates></LineString></Placemark><Placemark><name>Trabajado - Cuartel 1947 - Hilera 2340</name><Style><LineStyle><color>ff00ff00</color><width>3</width></LineStyle></Style><LineString><coordinates>-71.6193616,-33.6917616,0 -71.6204999,-33.6918733,0</coordinates></LineString></Placemark><Placemark><name>Trabajado - Cuartel 1947 - Hilera 2342</name><Style><LineStyle><color>ff00ff00</color><width>3</width></LineStyle></Style><LineString><coordinates>-71.62112,-33.6919333,0 -71.62028,-33.6919116,0</coordinates></LineString></Placemark><Placemark><name>Trabajado - Cuartel 1947 - Hilera 2344</name><Style><LineStyle><color>ff00ff00</color><width>3</width></LineStyle></Style><LineString><coordinates>-71.6202649,-33.6920016,0 -71.6239916,-33.69205,0</coordinates></LineString></Placemark><Placemark><name>Trabajado - Cuartel 1947 - Hilera 2433</name><Style><LineStyle><color>ff00ff00</color><width>3</width></LineStyle></Style><LineString><coordinates>-71.62055,-33.6807733,0 -71.62591,-33.6848333,0</coordinates></LineString></Placemark><Placemark><name>Trabajado - Cuartel 1947 - Hilera 2437</name><Style><LineStyle><color>ff00ff00</color><width>3</width></LineStyle></Style><LineString><coordinates>-71.62408,-33.6887466,0 -71.62324,-33.6886666,0</coordinates></LineString></Placemark><Placemark><name>Trabajado - Cuartel 1947 - Hilera 2438</name><Style><LineStyle><color>ff00ff00</color><width>3</width></LineStyle></Style><LineString><coordinates>-71.62324,-33.6886666,0 -71.623325,-33.6885983,0</coordinates></LineString></Placemark><Placemark><name>Trabajado - Cuartel 1947 - Hilera 2439</name><Style><LineStyle><color>ff00ff00</color><width>3</width></LineStyle></Style><LineString><coordinates>-71.623325,-33.6885983,0 -71.6239816,-33.6885183,0</coordinates></LineString></Placemark><Placemark><name>Trabajado - Cuartel 1947 - Hilera 2440</name><Style><LineStyle><color>ff00ff00</color><width>3</width></LineStyle></Style><LineString><coordinates>-71.6239816,-33.6885183,0 -71.62229332992506,-33.68849507334391,0</coordinates></LineString></Placemark><Placemark><name>Trabajado - Cuartel 1947 - Hilera 2441</name><Style><LineStyle><color>ff00ff00</color><width>3</width></LineStyle></Style><LineString><coordinates>-71.6233783,-33.68851,0 -71.62328,-33.6884533,0</coordinates></LineString></Placemark><Placemark><name>Trabajado - Cuartel 1947 - Hilera 2442</name><Style><LineStyle><color>ff00ff00</color><width>3</width></LineStyle></Style><LineString><coordinates>-71.62328,-33.6884533,0 -71.6239816,-33.6883966,0</coordinates></LineString></Placemark><Placemark><name>Trabajado - Cuartel 1947 - Hilera 2443</name><Style><LineStyle><color>ff00ff00</color><width>3</width></LineStyle></Style><LineString><coordinates>-71.6239816,-33.6883966,0 -71.6239,-33.6883316,0</coordinates></LineString></Placemark><Placemark><name>Trabajado - Cuartel 1947 - Hilera 2444</name><Style><LineStyle><color>ff00ff00</color><width>3</width></LineStyle></Style><LineString><coordinates>-71.6239,-33.6883316,0 -71.6240366,-33.68832,0</coordinates></LineString></Placemark><Placemark><name>Trabajado - Cuartel 1947 - Hilera 2445</name><Style><LineStyle><color>ff00ff00</color><width>3</width></LineStyle></Style><LineString><coordinates>-71.6240366,-33.68832,0 -71.623985,-33.68826,0</coordinates></LineString></Placemark><Placemark><name>Trabajado - Cuartel 1947 - Hilera 2446</name><Style><LineStyle><color>ff00ff00</color><width>3</width></LineStyle></Style><LineString><coordinates>-71.623985,-33.68826,0 -71.62328,-33.6882483,0</coordinates></LineString></Placemark><Placemark><name>Trabajado - Cuartel 1947 - Hilera 2447</name><Style><LineStyle><color>ff00ff00</color><width>3</width></LineStyle></Style><LineString><coordinates>-71.62328,-33.6882483,0 -71.62360205505838,-33.688065462578386,0</coordinates></LineString></Placemark><Placemark><name>Trabajado - Cuartel 1947 - Hilera 2448</name><Style><LineStyle><color>ff00ff00</color><width>3</width></LineStyle></Style><LineString><coordinates>-71.6234033,-33.6881783,0 -71.623235,-33.6881566,0</coordinates></LineString></Placemark><Placemark><name>Trabajado - Cuartel 1947 - Hilera 2449</name><Style><LineStyle><color>ff00ff00</color><width>3</width></LineStyle></Style><LineString><coordinates>-71.6232383,-33.6881666,0 -71.62392,-33.6881733,0</coordinates></LineString></Placemark><Placemark><name>Trabajado - Cuartel 1947 - Hilera 2450</name><Style><LineStyle><color>ff00ff00</color><width>3</width></LineStyle></Style><LineString><coordinates>-71.62392,-33.6881733,0 -71.6240383,-33.6880766,0</coordinates></LineString></Placemark><Placemark><name>Trabajado - Cuartel 1947 - Hilera 2451</name><Style><LineStyle><color>ff00ff00</color><width>3</width></LineStyle></Style><LineString><coordinates>-71.6240383,-33.6880766,0 -71.6236016,-33.6880649,0</coordinates></LineString></Placemark><Placemark><name>Trabajado - Cuartel 1947 - Hilera 2452</name><Style><LineStyle><color>ff00ff00</color><width>3</width></LineStyle></Style><LineString><coordinates>-71.62230155826703,-33.688227137086,0 -71.6239866,-33.68824,0</coordinates></LineString></Placemark><Placemark><name>Trabajado - Cuartel 1947 - Hilera 2453</name><Style><LineStyle><color>ff00ff00</color><width>3</width></LineStyle></Style><LineString><coordinates>-71.623995,-33.68797,0 -71.6222783,-33.68801,0</coordinates></LineString></Placemark><Placemark><name>Trabajado - Cuartel 1947 - Hilera 2455</name><Style><LineStyle><color>ff00ff00</color><width>3</width></LineStyle></Style><LineString><coordinates>-71.6224666,-33.6880833,0 -71.6222366,-33.6881133,0</coordinates></LineString></Placemark><Placemark><name>Trabajado - Cuartel 1947 - Hilera 2458</name><Style><LineStyle><color>ff00ff00</color><width>3</width></LineStyle></Style><LineString><coordinates>-71.622275,-33.6883133,0 -71.622615,-33.6883066,0</coordinates></LineString></Placemark><Placemark><name>Trabajado - Cuartel 1947 - Hilera 2460</name><Style><LineStyle><color>ff00ff00</color><width>3</width></LineStyle></Style><LineString><coordinates>-71.622665,-33.6883916,0 -71.6223133,-33.6884233,0</coordinates></LineString></Placemark><Placemark><name>Trabajado - Cuartel 1947 - Hilera 2462</name><Style><LineStyle><color>ff00ff00</color><width>3</width></LineStyle></Style><LineString><coordinates>-71.62276,-33.68849,0 -71.6226733,-33.6885633,0</coordinates></LineString></Placemark><Placemark><name>Trabajado - Cuartel 1947 - Hilera 2463</name><Style><LineStyle><color>ff00ff00</color><width>3</width></LineStyle></Style><LineString><coordinates>-71.6226733,-33.6885633,0 -71.622315,-33.688575,0</coordinates></LineString></Placemark><Placemark><name>Trabajado - Cuartel 1947 - Hilera 2465</name><Style><LineStyle><color>ff00ff00</color><width>3</width></LineStyle></Style><LineString><coordinates>-71.6229183,-33.6886616,0 -71.6225233,-33.6887866,0</coordinates></LineString></Placemark><Placemark><name>Trabajado - Cuartel 1947 - Hilera 2468</name><Style><LineStyle><color>ff00ff00</color><width>3</width></LineStyle></Style><LineString><coordinates>-71.6222183,-33.6878983,0 -71.6223283,-33.68786,0</coordinates></LineString></Placemark><Placemark><name>Trabajado - Cuartel 1947 - Hilera 2469</name><Style><LineStyle><color>ff00ff00</color><width>3</width></LineStyle></Style><LineString><coordinates>-71.6223283,-33.68786,0 -71.62401491108676,-33.68785590394451,0</coordinates></LineString></Placemark><Placemark><name>Trabajado - Cuartel 1947 - Hilera 2470</name><Style><LineStyle><color>ff00ff00</color><width>3</width></LineStyle></Style><LineString><coordinates>-71.624015,-33.6878816,0 -71.6238433,-33.687785,0</coordinates></LineString></Placemark><Placemark><name>Trabajado - Cuartel 1947 - Hilera 2471</name><Style><LineStyle><color>ff00ff00</color><width>3</width></LineStyle></Style><LineString><coordinates>-71.6238433,-33.687785,0 -71.62312,-33.6878033,0</coordinates></LineString></Placemark><Placemark><name>Trabajado - Cuartel 1947 - Hilera 2472</name><Style><LineStyle><color>ff00ff00</color><width>3</width></LineStyle></Style><LineString><coordinates>-71.62312,-33.6877516,0 -71.6222333,-33.6877733,0</coordinates></LineString></Placemark><Placemark><name>Trabajado - Cuartel 1947 - Hilera 2473</name><Style><LineStyle><color>ff00ff00</color><width>3</width></LineStyle></Style><LineString><coordinates>-71.6222333,-33.6877733,0 -71.622475,-33.6876849,0</coordinates></LineString></Placemark><Placemark><name>Trabajado - Cuartel 1947 - Hilera 2474</name><Style><LineStyle><color>ff00ff00</color><width>3</width></LineStyle></Style><LineString><coordinates>-71.622475,-33.6876849,0 -71.6240766,-33.68779,0</coordinates></LineString></Placemark><Placemark><name>Trabajado - Cuartel 1947 - Hilera 2475</name><Style><LineStyle><color>ff00ff00</color><width>3</width></LineStyle></Style><LineString><coordinates>-71.6240766,-33.68779,0 -71.6238733,-33.6877,0</coordinates></LineString></Placemark><Placemark><name>Trabajado - Cuartel 1947 - Hilera 2476</name><Style><LineStyle><color>ff00ff00</color><width>3</width></LineStyle></Style><LineString><coordinates>-71.62408832535307,-33.6877009747816,0 -71.6234983,-33.6876983,0</coordinates></LineString></Placemark><Placemark><name>Trabajado - Cuartel 1947 - Hilera 2477</name><Style><LineStyle><color>ff00ff00</color><width>3</width></LineStyle></Style><LineString><coordinates>-71.6240883,-33.6877049,0 -71.6237616,-33.6875633,0</coordinates></LineString></Placemark><Placemark><name>Trabajado - Cuartel 1947 - Hilera 2478</name><Style><LineStyle><color>ff00ff00</color><width>3</width></LineStyle></Style><LineString><coordinates>-71.6237616,-33.6875633,0 -71.6222416,-33.6875349,0</coordinates></LineString></Placemark><Placemark><name>Trabajado - Cuartel 1947 - Hilera 2479</name><Style><LineStyle><color>ff00ff00</color><width>3</width></LineStyle></Style><LineString><coordinates>-71.6222416,-33.6875349,0 -71.6237366,-33.6874733,0</coordinates></LineString></Placemark><Placemark><name>Trabajado - Cuartel 1947 - Hilera 2480</name><Style><LineStyle><color>ff00ff00</color><width>3</width></LineStyle></Style><LineString><coordinates>-71.6237366,-33.6874733,0 -71.6239349,-33.6875,0</coordinates></LineString></Placemark><Placemark><name>Trabajado - Cuartel 1947 - Hilera 2482</name><Style><LineStyle><color>ff00ff00</color><width>3</width></LineStyle></Style><LineString><coordinates>-71.6239566,-33.6874083,0 -71.6222166,-33.6873099,0</coordinates></LineString></Placemark><Placemark><name>Trabajado - Cuartel 1947 - Hilera 2483</name><Style><LineStyle><color>ff00ff00</color><width>3</width></LineStyle></Style><LineString><coordinates>-71.6222899,-33.6872883,0 -71.622505,-33.6872783,0</coordinates></LineString></Placemark><Placemark><name>Trabajado - Cuartel 1947 - Hilera 2484</name><Style><LineStyle><color>ff00ff00</color><width>3</width></LineStyle></Style><LineString><coordinates>-71.622495,-33.6873433,0 -71.6226333,-33.687295,0</coordinates></LineString></Placemark><Placemark><name>Trabajado - Cuartel 1947 - Hilera 2485</name><Style><LineStyle><color>ff00ff00</color><width>3</width></LineStyle></Style><LineString><coordinates>-71.6226333,-33.687295,0 -71.6229266,-33.687325,0</coordinates></LineString></Placemark><Placemark><name>Trabajado - Cuartel 1947 - Hilera 2486</name><Style><LineStyle><color>ff00ff00</color><width>3</width></LineStyle></Style><LineString><coordinates>-71.6229666,-33.6872916,0 -71.6233416,-33.6872816,0</coordinates></LineString></Placemark><Placemark><name>Trabajado - Cuartel 1947 - Hilera 2487</name><Style><LineStyle><color>ff00ff00</color><width>3</width></LineStyle></Style><LineString><coordinates>-71.6233416,-33.6872816,0 -71.6239783,-33.6872333,0</coordinates></LineString></Placemark><Placemark><name>Trabajado - Cuartel 1947 - Hilera 2488</name><Style><LineStyle><color>ff00ff00</color><width>3</width></LineStyle></Style><LineString><coordinates>-71.6239783,-33.6872333,0 -71.6230266,-33.687155,0</coordinates></LineString></Placemark><Placemark><name>Trabajado - Cuartel 1947 - Hilera 2489</name><Style><LineStyle><color>ff00ff00</color><width>3</width></LineStyle></Style><LineString><coordinates>-71.6230266,-33.687155,0 -71.6228283,-33.6871866,0</coordinates></LineString></Placemark><Placemark><name>Trabajado - Cuartel 1947 - Hilera 2490</name><Style><LineStyle><color>ff00ff00</color><width>3</width></LineStyle></Style><LineString><coordinates>-71.62279,-33.6872383,0 -71.6224466,-33.68716,0</coordinates></LineString></Placemark><Placemark><name>Trabajado - Cuartel 1947 - Hilera 2491</name><Style><LineStyle><color>ff00ff00</color><width>3</width></LineStyle></Style><LineString><coordinates>-71.6224466,-33.68716,0 -71.6223383,-33.6872199,0</coordinates></LineString></Placemark><Placemark><name>Trabajado - Cuartel 1947 - Hilera 2492</name><Style><LineStyle><color>ff00ff00</color><width>3</width></LineStyle></Style><LineString><coordinates>-71.6223383,-33.6872199,0 -71.6222733,-33.687115,0</coordinates></LineString></Placemark><Placemark><name>Trabajado - Cuartel 1947 - Hilera 2493</name><Style><LineStyle><color>ff00ff00</color><width>3</width></LineStyle></Style><LineString><coordinates>-71.6222733,-33.687115,0 -71.6224483,-33.6870816,0</coordinates></LineString></Placemark><Placemark><name>Trabajado - Cuartel 1947 - Hilera 2494</name><Style><LineStyle><color>ff00ff00</color><width>3</width></LineStyle></Style><LineString><coordinates>-71.6224483,-33.6870816,0 -71.62401161542898,-33.68708495687284,0</coordinates></LineString></Placemark><Placemark><name>Trabajado - Cuartel 1947 - Hilera 2495</name><Style><LineStyle><color>ff00ff00</color><width>3</width></LineStyle></Style><LineString><coordinates>-71.6240116,-33.687025,0 -71.62314698204459,-33.68704104730925,0</coordinates></LineString></Placemark><Placemark><name>Trabajado - Cuartel 1947 - Hilera 2496</name><Style><LineStyle><color>ff00ff00</color><width>3</width></LineStyle></Style><LineString><coordinates>-71.623365,-33.68709,0 -71.6231466,-33.6870266,0</coordinates></LineString></Placemark><Placemark><name>Trabajado - Cuartel 1947 - Hilera 2497</name><Style><LineStyle><color>ff00ff00</color><width>3</width></LineStyle></Style><LineString><coordinates>-71.623225,-33.6870133,0 -71.6227233,-33.6870533,0</coordinates></LineString></Placemark><Placemark><name>Trabajado - Cuartel 1947 - Hilera 2498</name><Style><LineStyle><color>ff00ff00</color><width>3</width></LineStyle></Style><LineString><coordinates>-71.6227233,-33.6870533,0 -71.6223316,-33.6870066,0</coordinates></LineString></Placemark><Placemark><name>Trabajado - Cuartel 1947 - Hilera 2499</name><Style><LineStyle><color>ff00ff00</color><width>3</width></LineStyle></Style><LineString><coordinates>-71.6223316,-33.6870066,0 -71.62223886257553,-33.68606438776644,0</coordinates></LineString></Placemark><Placemark><name>Trabajado - Cuartel 1947 - Hilera 2500</name><Style><LineStyle><color>ff00ff00</color><width>3</width></LineStyle></Style><LineString><coordinates>-71.6223216,-33.686905,0 -71.6240583,-33.68692,0</coordinates></LineString></Placemark><Placemark><name>Trabajado - Cuartel 1947 - Hilera 2501</name><Style><LineStyle><color>ff00ff00</color><width>3</width></LineStyle></Style><LineString><coordinates>-71.6240583,-33.68692,0 -71.62221738454971,-33.68681832964006,0</coordinates></LineString></Placemark><Placemark><name>Trabajado - Cuartel 1947 - Hilera 2502</name><Style><LineStyle><color>ff00ff00</color><width>3</width></LineStyle></Style><LineString><coordinates>-71.6222766,-33.6868216,0 -71.6222366,-33.686755,0</coordinates></LineString></Placemark><Placemark><name>Trabajado - Cuartel 1947 - Hilera 2503</name><Style><LineStyle><color>ff00ff00</color><width>3</width></LineStyle></Style><LineString><coordinates>-71.6222366,-33.686755,0 -71.62267,-33.6868383,0</coordinates></LineString></Placemark><Placemark><name>Trabajado - Cuartel 1947 - Hilera 2504</name><Style><LineStyle><color>ff00ff00</color><width>3</width></LineStyle></Style><LineString><coordinates>-71.62267,-33.6868383,0 -71.62306,-33.6867699,0</coordinates></LineString></Placemark><Placemark><name>Trabajado - Cuartel 1947 - Hilera 2505</name><Style><LineStyle><color>ff00ff00</color><width>3</width></LineStyle></Style><LineString><coordinates>-71.62306,-33.6867699,0 -71.623285,-33.6868216,0</coordinates></LineString></Placemark><Placemark><name>Trabajado - Cuartel 1947 - Hilera 2506</name><Style><LineStyle><color>ff00ff00</color><width>3</width></LineStyle></Style><LineString><coordinates>-71.623285,-33.6868216,0 -71.6234116,-33.6867699,0</coordinates></LineString></Placemark><Placemark><name>Trabajado - Cuartel 1947 - Hilera 2507</name><Style><LineStyle><color>ff00ff00</color><width>3</width></LineStyle></Style><LineString><coordinates>-71.6234116,-33.6867699,0 -71.6238833,-33.6868366,0</coordinates></LineString></Placemark><Placemark><name>Trabajado - Cuartel 1947 - Hilera 2510</name><Style><LineStyle><color>ff00ff00</color><width>3</width></LineStyle></Style><LineString><coordinates>-71.623995,-33.6867866,0 -71.6230049,-33.6868166,0</coordinates></LineString></Placemark><Placemark><name>Trabajado - Cuartel 1947 - Hilera 2511</name><Style><LineStyle><color>ff00ff00</color><width>3</width></LineStyle></Style><LineString><coordinates>-71.6229866,-33.686815,0 -71.622915,-33.6867683,0</coordinates></LineString></Placemark><Placemark><name>Trabajado - Cuartel 1947 - Hilera 2512</name><Style><LineStyle><color>ff00ff00</color><width>3</width></LineStyle></Style><LineString><coordinates>-71.622915,-33.6867683,0 -71.6222166,-33.6868283,0</coordinates></LineString></Placemark><Placemark><name>Trabajado - Cuartel 1947 - Hilera 2513</name><Style><LineStyle><color>ff00ff00</color><width>3</width></LineStyle></Style><LineString><coordinates>-71.62405336247119,-33.68694099913837,0 -71.62216263004346,-33.6870164229211,0</coordinates></LineString></Placemark><Placemark><name>Trabajado - Cuartel 1947 - Hilera 2514</name><Style><LineStyle><color>ff00ff00</color><width>3</width></LineStyle></Style><LineString><coordinates>-71.6230583,-33.6869566,0 -71.622225,-33.6869766,0</coordinates></LineString></Placemark><Placemark><name>Trabajado - Cuartel 1947 - Hilera 2515</name><Style><LineStyle><color>ff00ff00</color><width>3</width></LineStyle></Style><LineString><coordinates>-71.62215999615297,-33.6870223506937,0 -71.6230349,-33.6870633,0</coordinates></LineString></Placemark><Placemark><name>Trabajado - Cuartel 1947 - Hilera 2516</name><Style><LineStyle><color>ff00ff00</color><width>3</width></LineStyle></Style><LineString><coordinates>-71.622655,-33.6869016,0 -71.6222133,-33.686775,0</coordinates></LineString></Placemark><Placemark><name>Trabajado - Cuartel 1947 - Hilera 2517</name><Style><LineStyle><color>ff00ff00</color><width>3</width></LineStyle></Style><LineString><coordinates>-71.6222133,-33.686775,0 -71.6240349,-33.6867816,0</coordinates></LineString></Placemark><Placemark><name>Trabajado - Cuartel 1947 - Hilera 2518</name><Style><LineStyle><color>ff00ff00</color><width>3</width></LineStyle></Style><LineString><coordinates>-71.6240283,-33.686605,0 -71.623915,-33.6865783,0</coordinates></LineString></Placemark><Placemark><name>Trabajado - Cuartel 1947 - Hilera 2520</name><Style><LineStyle><color>ff00ff00</color><width>3</width></LineStyle></Style><LineString><coordinates>-71.6239233,-33.6866716,0 -71.622705,-33.6865699,0</coordinates></LineString></Placemark><Placemark><name>Trabajado - Cuartel 1947 - Hilera 2521</name><Style><LineStyle><color>ff00ff00</color><width>3</width></LineStyle></Style><LineString><coordinates>-71.622705,-33.6865699,0 -71.6225516,-33.686505,0</coordinates></LineString></Placemark><Placemark><name>Trabajado - Cuartel 1947 - Hilera 2522</name><Style><LineStyle><color>ff00ff00</color><width>3</width></LineStyle></Style><LineString><coordinates>-71.6225516,-33.686505,0 -71.6224366,-33.6865866,0</coordinates></LineString></Placemark><Placemark><name>Trabajado - Cuartel 1947 - Hilera 2523</name><Style><LineStyle><color>ff00ff00</color><width>3</width></LineStyle></Style><LineString><coordinates>-71.6224366,-33.6865866,0 -71.6222216,-33.6865183,0</coordinates></LineString></Placemark><Placemark><name>Trabajado - Cuartel 1947 - Hilera 2524</name><Style><LineStyle><color>ff00ff00</color><width>3</width></LineStyle></Style><LineString><coordinates>-71.6222216,-33.6865183,0 -71.6222233,-33.686365,0</coordinates></LineString></Placemark><Placemark><name>Trabajado - Cuartel 1947 - Hilera 2525</name><Style><LineStyle><color>ff00ff00</color><width>3</width></LineStyle></Style><LineString><coordinates>-71.6222233,-33.686365,0 -71.6221183,-33.6863516,0</coordinates></LineString></Placemark><Placemark><name>Trabajado - Cuartel 1947 - Hilera 2526</name><Style><LineStyle><color>ff00ff00</color><width>3</width></LineStyle></Style><LineString><coordinates>-71.6221183,-33.6863516,0 -71.6223266,-33.686625,0</coordinates></LineString></Placemark><Placemark><name>Trabajado - Cuartel 1947 - Hilera 2527</name><Style><LineStyle><color>ff00ff00</color><width>3</width></LineStyle></Style><LineString><coordinates>-71.6223266,-33.686625,0 -71.6238949,-33.6865216,0</coordinates></LineString></Placemark><Placemark><name>Trabajado - Cuartel 1947 - Hilera 2529</name><Style><LineStyle><color>ff00ff00</color><width>3</width></LineStyle></Style><LineString><coordinates>-71.6239883,-33.6864633,0 -71.6239033,-33.686395,0</coordinates></LineString></Placemark><Placemark><name>Trabajado - Cuartel 1947 - Hilera 2530</name><Style><LineStyle><color>ff00ff00</color><width>3</width></LineStyle></Style><LineString><coordinates>-71.6239033,-33.686395,0 -71.62226,-33.68636,0</coordinates></LineString></Placemark><Placemark><name>Trabajado - Cuartel 1947 - Hilera 2531</name><Style><LineStyle><color>ff00ff00</color><width>3</width></LineStyle></Style><LineString><coordinates>-71.62226,-33.68636,0 -71.62332620053552,-33.68586599375191,0</coordinates></LineString></Placemark><Placemark><name>Trabajado - Cuartel 1947 - Hilera 2532</name><Style><LineStyle><color>ff00ff00</color><width>3</width></LineStyle></Style><LineString><coordinates>-71.6223416,-33.6863233,0 -71.6238399,-33.6862699,0</coordinates></LineString></Placemark><Placemark><name>Trabajado - Cuartel 1947 - Hilera 2533</name><Style><LineStyle><color>ff00ff00</color><width>3</width></LineStyle></Style><LineString><coordinates>-71.62158565462119,-33.685768748029886,0 -71.62396,-33.6862966,0</coordinates></LineString></Placemark><Placemark><name>Trabajado - Cuartel 1947 - Hilera 2534</name><Style><LineStyle><color>ff00ff00</color><width>3</width></LineStyle></Style><LineString><coordinates>-71.62396,-33.6862966,0 -71.623835,-33.6861816,0</coordinates></LineString></Placemark><Placemark><name>Trabajado - Cuartel 1947 - Hilera 2535</name><Style><LineStyle><color>ff00ff00</color><width>3</width></LineStyle></Style><LineString><coordinates>-71.62369,-33.68624,0 -71.6235733,-33.6861816,0</coordinates></LineString></Placemark><Placemark><name>Trabajado - Cuartel 1947 - Hilera 2536</name><Style><LineStyle><color>ff00ff00</color><width>3</width></LineStyle></Style><LineString><coordinates>-71.6235733,-33.6861816,0 -71.6233016,-33.6862066,0</coordinates></LineString></Placemark><Placemark><name>Trabajado - Cuartel 1947 - Hilera 2537</name><Style><LineStyle><color>ff00ff00</color><width>3</width></LineStyle></Style><LineString><coordinates>-71.62327,-33.6861933,0 -71.6228099,-33.6863116,0</coordinates></LineString></Placemark><Placemark><name>Trabajado - Cuartel 1947 - Hilera 2538</name><Style><LineStyle><color>ff00ff00</color><width>3</width></LineStyle></Style><LineString><coordinates>-71.6228099,-33.6863116,0 -71.6226166,-33.68621,0</coordinates></LineString></Placemark><Placemark><name>Trabajado - Cuartel 1947 - Hilera 2539</name><Style><LineStyle><color>ff00ff00</color><width>3</width></LineStyle></Style><LineString><coordinates>-71.62343877719076,-33.68609374953657,0 -71.622275,-33.6862583,0</coordinates></LineString></Placemark><Placemark><name>Trabajado - Cuartel 1947 - Hilera 2540</name><Style><LineStyle><color>ff00ff00</color><width>3</width></LineStyle></Style><LineString><coordinates>-71.62227899200855,-33.68625952385562,0 -71.6221716,-33.6862266,0</coordinates></LineString></Placemark><Placemark><name>Trabajado - Cuartel 1947 - Hilera 2541</name><Style><LineStyle><color>ff00ff00</color><width>3</width></LineStyle></Style><LineString><coordinates>-71.6222766,-33.686265,0 -71.62354645094416,-33.68622800868988,0</coordinates></LineString></Placemark><Placemark><name>Trabajado - Cuartel 1947 - Hilera 2542</name><Style><LineStyle><color>ff00ff00</color><width>3</width></LineStyle></Style><LineString><coordinates>-71.623225,-33.686225,0 -71.6234666,-33.6862783,0</coordinates></LineString></Placemark><Placemark><name>Trabajado - Cuartel 1947 - Hilera 2543</name><Style><LineStyle><color>ff00ff00</color><width>3</width></LineStyle></Style><LineString><coordinates>-71.6235466,-33.6862316,0 -71.6236549,-33.6862933,0</coordinates></LineString></Placemark><Placemark><name>Trabajado - Cuartel 1947 - Hilera 2544</name><Style><LineStyle><color>ff00ff00</color><width>3</width></LineStyle></Style><LineString><coordinates>-71.6236549,-33.6862933,0 -71.6240383,-33.68629,0</coordinates></LineString></Placemark><Placemark><name>Trabajado - Cuartel 1947 - Hilera 2545</name><Style><LineStyle><color>ff00ff00</color><width>3</width></LineStyle></Style><LineString><coordinates>-71.6240383,-33.68629,0 -71.623965,-33.6861799,0</coordinates></LineString></Placemark><Placemark><name>Trabajado - Cuartel 1947 - Hilera 2546</name><Style><LineStyle><color>ff00ff00</color><width>3</width></LineStyle></Style><LineString><coordinates>-71.623965,-33.6861799,0 -71.6237166,-33.68614,0</coordinates></LineString></Placemark><Placemark><name>Trabajado - Cuartel 1947 - Hilera 2547</name><Style><LineStyle><color>ff00ff00</color><width>3</width></LineStyle></Style><LineString><coordinates>-71.6237166,-33.68614,0 -71.6234333,-33.686175,0</coordinates></LineString></Placemark><Placemark><name>Trabajado - Cuartel 1947 - Hilera 2548</name><Style><LineStyle><color>ff00ff00</color><width>3</width></LineStyle></Style><LineString><coordinates>-71.6232933,-33.6861333,0 -71.6226766,-33.686155,0</coordinates></LineString></Placemark><Placemark><name>Trabajado - Cuartel 1947 - Hilera 2549</name><Style><LineStyle><color>ff00ff00</color><width>3</width></LineStyle></Style><LineString><coordinates>-71.6226683,-33.6861933,0 -71.62226,-33.6861916,0</coordinates></LineString></Placemark><Placemark><name>Trabajado - Cuartel 1947 - Hilera 2550</name><Style><LineStyle><color>ff00ff00</color><width>3</width></LineStyle></Style><LineString><coordinates>-71.62223,-33.686065,0 -71.6233366,-33.6861366,0</coordinates></LineString></Placemark><Placemark><name>Trabajado - Cuartel 1947 - Hilera 2551</name><Style><LineStyle><color>ff00ff00</color><width>3</width></LineStyle></Style><LineString><coordinates>-71.623435,-33.686075,0 -71.6239516,-33.68607,0</coordinates></LineString></Placemark><Placemark><name>Trabajado - Cuartel 1947 - Hilera 2553</name><Style><LineStyle><color>ff00ff00</color><width>3</width></LineStyle></Style><LineString><coordinates>-71.6239816,-33.6859783,0 -71.6233633,-33.6859616,0</coordinates></LineString></Placemark><Placemark><name>Trabajado - Cuartel 1947 - Hilera 2554</name><Style><LineStyle><color>ff00ff00</color><width>3</width></LineStyle></Style><LineString><coordinates>-71.6233633,-33.6859616,0 -71.62222,-33.685985,0</coordinates></LineString></Placemark><Placemark><name>Trabajado - Cuartel 1947 - Hilera 2555</name><Style><LineStyle><color>ff00ff00</color><width>3</width></LineStyle></Style><LineString><coordinates>-71.62222,-33.685985,0 -71.6221766,-33.6859116,0</coordinates></LineString></Placemark><Placemark><name>Trabajado - Cuartel 1947 - Hilera 2556</name><Style><LineStyle><color>ff00ff00</color><width>3</width></LineStyle></Style><LineString><coordinates>-71.6222833,-33.685965,0 -71.622565,-33.6858433,0</coordinates></LineString></Placemark><Placemark><name>Trabajado - Cuartel 1947 - Hilera 2557</name><Style><LineStyle><color>ff00ff00</color><width>3</width></LineStyle></Style><LineString><coordinates>-71.62233009152979,-33.68513655531895,0 -71.6225999,-33.6859483,0</coordinates></LineString></Placemark><Placemark><name>Trabajado - Cuartel 1947 - Hilera 2558</name><Style><LineStyle><color>ff00ff00</color><width>3</width></LineStyle></Style><LineString><coordinates>-71.62256,-33.6859733,0 -71.622635,-33.6858516,0</coordinates></LineString></Placemark><Placemark><name>Trabajado - Cuartel 1947 - Hilera 2559</name><Style><LineStyle><color>ff00ff00</color><width>3</width></LineStyle></Style><LineString><coordinates>-71.622635,-33.6858516,0 -71.6232466,-33.6859016,0</coordinates></LineString></Placemark><Placemark><name>Trabajado - Cuartel 1947 - Hilera 2560</name><Style><LineStyle><color>ff00ff00</color><width>3</width></LineStyle></Style><LineString><coordinates>-71.6233233,-33.6858616,0 -71.62387809556432,-33.685854834200434,0</coordinates></LineString></Placemark><Placemark><name>Trabajado - Cuartel 1947 - Hilera 2562</name><Style><LineStyle><color>ff00ff00</color><width>3</width></LineStyle></Style><LineString><coordinates>-71.624005,-33.6856816,0 -71.6240616,-33.6855266,0</coordinates></LineString></Placemark><Placemark><name>Trabajado - Cuartel 1947 - Hilera 2563</name><Style><LineStyle><color>ff00ff00</color><width>3</width></LineStyle></Style><LineString><coordinates>-71.6240616,-33.6855266,0 -71.624015,-33.68583,0</coordinates></LineString></Placemark><Placemark><name>Trabajado - Cuartel 1947 - Hilera 2564</name><Style><LineStyle><color>ff00ff00</color><width>3</width></LineStyle></Style><LineString><coordinates>-71.624015,-33.68583,0 -71.6241283,-33.6858,0</coordinates></LineString></Placemark><Placemark><name>Trabajado - Cuartel 1947 - Hilera 2565</name><Style><LineStyle><color>ff00ff00</color><width>3</width></LineStyle></Style><LineString><coordinates>-71.6241283,-33.6858,0 -71.62396,-33.6855599,0</coordinates></LineString></Placemark><Placemark><name>Trabajado - Cuartel 1947 - Hilera 2566</name><Style><LineStyle><color>ff00ff00</color><width>3</width></LineStyle></Style><LineString><coordinates>-71.62396,-33.6855599,0 -71.62393,-33.681975,0</coordinates></LineString></Placemark><Placemark><name>Trabajado - Cuartel 1947 - Hilera 2573</name><Style><LineStyle><color>ff00ff00</color><width>3</width></LineStyle></Style><LineString><coordinates>-71.6240883,-33.6858316,0 -71.62386612043105,-33.68576198240901,0</coordinates></LineString></Placemark><Placemark><name>Trabajado - Cuartel 1947 - Hilera 2574</name><Style><LineStyle><color>ff00ff00</color><width>3</width></LineStyle></Style><LineString><coordinates>-71.6238633,-33.6857683,0 -71.6239549,-33.6861416,0</coordinates></LineString></Placemark><Placemark><name>Trabajado - Cuartel 1947 - Hilera 2575</name><Style><LineStyle><color>ff00ff00</color><width>3</width></LineStyle></Style><LineString><coordinates>-71.6239549,-33.6861416,0 -71.6222133,-33.6860133,0</coordinates></LineString></Placemark><Placemark><name>Trabajado - Cuartel 1947 - Hilera 2576</name><Style><LineStyle><color>ff00ff00</color><width>3</width></LineStyle></Style><LineString><coordinates>-71.6222133,-33.6860133,0 -71.6222,-33.6858583,0</coordinates></LineString></Placemark><Placemark><name>Trabajado - Cuartel 1947 - Hilera 2577</name><Style><LineStyle><color>ff00ff00</color><width>3</width></LineStyle></Style><LineString><coordinates>-71.6222,-33.6858583,0 -71.62163299793139,-33.68588139496231,0</coordinates></LineString></Placemark><Placemark><name>Trabajado - Cuartel 1947 - Hilera 2579</name><Style><LineStyle><color>ff00ff00</color><width>3</width></LineStyle></Style><LineString><coordinates>-71.62158,-33.6857866,0 -71.6215366,-33.6858583,0</coordinates></LineString></Placemark><Placemark><name>Trabajado - Cuartel 1947 - Hilera 2581</name><Style><LineStyle><color>ff00ff00</color><width>3</width></LineStyle></Style><LineString><coordinates>-71.62163314511295,-33.68588515286463,0 -71.6240766,-33.6857016,0</coordinates></LineString></Placemark><Placemark><name>Trabajado - Cuartel 1947 - Hilera 2697</name><Style><LineStyle><color>ff00ff00</color><width>3</width></LineStyle></Style><LineString><coordinates>-71.62391276769455,-33.683703499317154,0 -71.6238233,-33.6856466,0</coordinates></LineString></Placemark><Placemark><name>Trabajado - Cuartel 1947 - Hilera 2698</name><Style><LineStyle><color>ff00ff00</color><width>3</width></LineStyle></Style><LineString><coordinates>-71.6238233,-33.6856466,0 -71.6236999,-33.6856633,0</coordinates></LineString></Placemark><Placemark><name>Trabajado - Cuartel 1947 - Hilera 2699</name><Style><LineStyle><color>ff00ff00</color><width>3</width></LineStyle></Style><LineString><coordinates>-71.6236999,-33.6856633,0 -71.6236816,-33.6842983,0</coordinates></LineString></Placemark><Placemark><name>Trabajado - Cuartel 1947 - Hilera 2700</name><Style><LineStyle><color>ff00ff00</color><width>3</width></LineStyle></Style><LineString><coordinates>-71.6236816,-33.6842983,0 -71.623545,-33.6841983,0</coordinates></LineString></Placemark><Placemark><name>Trabajado - Cuartel 1947 - Hilera 2701</name><Style><LineStyle><color>ff00ff00</color><width>3</width></LineStyle></Style><LineString><coordinates>-71.623545,-33.6841983,0 -71.6234616,-33.68569,0</coordinates></LineString></Placemark><Placemark><name>Trabajado - Cuartel 1947 - Hilera 2702</name><Style><LineStyle><color>ff00ff00</color><width>3</width></LineStyle></Style><LineString><coordinates>-71.6234616,-33.68569,0 -71.62332,-33.6856133,0</coordinates></LineString></Placemark><Placemark><name>Trabajado - Cuartel 1947 - Hilera 2703</name><Style><LineStyle><color>ff00ff00</color><width>3</width></LineStyle></Style><LineString><coordinates>-71.62332,-33.6856133,0 -71.6234016,-33.68538,0</coordinates></LineString></Placemark><Placemark><name>Trabajado - Cuartel 1947 - Hilera 2704</name><Style><LineStyle><color>ff00ff00</color><width>3</width></LineStyle></Style><LineString><coordinates>-71.6234016,-33.68538,0 -71.6233433,-33.6851666,0</coordinates></LineString></Placemark><Placemark><name>Trabajado - Cuartel 1947 - Hilera 2705</name><Style><LineStyle><color>ff00ff00</color><width>3</width></LineStyle></Style><LineString><coordinates>-71.6233599,-33.6851533,0 -71.623415,-33.6845749,0</coordinates></LineString></Placemark><Placemark><name>Trabajado - Cuartel 1947 - Hilera 2706</name><Style><LineStyle><color>ff00ff00</color><width>3</width></LineStyle></Style><LineString><coordinates>-71.623415,-33.6845749,0 -71.6233383,-33.6843466,0</coordinates></LineString></Placemark><Placemark><name>Trabajado - Cuartel 1947 - Hilera 2707</name><Style><LineStyle><color>ff00ff00</color><width>3</width></LineStyle></Style><LineString><coordinates>-71.6233383,-33.6843466,0 -71.6232266,-33.6842016,0</coordinates></LineString></Placemark><Placemark><name>Trabajado - Cuartel 1947 - Hilera 2708</name><Style><LineStyle><color>ff00ff00</color><width>3</width></LineStyle></Style><LineString><coordinates>-71.6232266,-33.6842016,0 -71.6231933,-33.6846833,0</coordinates></LineString></Placemark><Placemark><name>Trabajado - Cuartel 1947 - Hilera 2709</name><Style><LineStyle><color>ff00ff00</color><width>3</width></LineStyle></Style><LineString><coordinates>-71.6231933,-33.6846833,0 -71.623215,-33.6853349,0</coordinates></LineString></Placemark><Placemark><name>Trabajado - Cuartel 1947 - Hilera 2710</name><Style><LineStyle><color>ff00ff00</color><width>3</width></LineStyle></Style><LineString><coordinates>-71.623215,-33.6853349,0 -71.6231383,-33.6855466,0</coordinates></LineString></Placemark><Placemark><name>Trabajado - Cuartel 1947 - Hilera 2711</name><Style><LineStyle><color>ff00ff00</color><width>3</width></LineStyle></Style><LineString><coordinates>-71.6231383,-33.6855466,0 -71.6229666,-33.6857083,0</coordinates></LineString></Placemark><Placemark><name>Trabajado - Cuartel 1947 - Hilera 2712</name><Style><LineStyle><color>ff00ff00</color><width>3</width></LineStyle></Style><LineString><coordinates>-71.6229666,-33.6857083,0 -71.622985,-33.6853833,0</coordinates></LineString></Placemark><Placemark><name>Trabajado - Cuartel 1947 - Hilera 2713</name><Style><LineStyle><color>ff00ff00</color><width>3</width></LineStyle></Style><LineString><coordinates>-71.6229649,-33.6853549,0 -71.622995,-33.6846416,0</coordinates></LineString></Placemark><Placemark><name>Trabajado - Cuartel 1947 - Hilera 2714</name><Style><LineStyle><color>ff00ff00</color><width>3</width></LineStyle></Style><LineString><coordinates>-71.622995,-33.6846416,0 -71.6229483,-33.6845533,0</coordinates></LineString></Placemark><Placemark><name>Trabajado - Cuartel 1947 - Hilera 2715</name><Style><LineStyle><color>ff00ff00</color><width>3</width></LineStyle></Style><LineString><coordinates>-71.6229483,-33.6845533,0 -71.6230366,-33.684485,0</coordinates></LineString></Placemark><Placemark><name>Trabajado - Cuartel 1947 - Hilera 2716</name><Style><LineStyle><color>ff00ff00</color><width>3</width></LineStyle></Style><LineString><coordinates>-71.6230366,-33.684485,0 -71.62297,-33.6842316,0</coordinates></LineString></Placemark><Placemark><name>Trabajado - Cuartel 1947 - Hilera 2717</name><Style><LineStyle><color>ff00ff00</color><width>3</width></LineStyle></Style><LineString><coordinates>-71.62297,-33.6842316,0 -71.6229099,-33.6841483,0</coordinates></LineString></Placemark><Placemark><name>Trabajado - Cuartel 1947 - Hilera 2718</name><Style><LineStyle><color>ff00ff00</color><width>3</width></LineStyle></Style><LineString><coordinates>-71.6229099,-33.6841483,0 -71.62240837130994,-33.68504595527664,0</coordinates></LineString></Placemark><Placemark><name>Trabajado - Cuartel 1947 - Hilera 2719</name><Style><LineStyle><color>ff00ff00</color><width>3</width></LineStyle></Style><LineString><coordinates>-71.6228233,-33.6843033,0 -71.6228083,-33.6854666,0</coordinates></LineString></Placemark><Placemark><name>Trabajado - Cuartel 1947 - Hilera 2720</name><Style><LineStyle><color>ff00ff00</color><width>3</width></LineStyle></Style><LineString><coordinates>-71.6228083,-33.6854666,0 -71.6228483,-33.6855916,0</coordinates></LineString></Placemark><Placemark><name>Trabajado - Cuartel 1947 - Hilera 2721</name><Style><LineStyle><color>ff00ff00</color><width>3</width></LineStyle></Style><LineString><coordinates>-71.6228483,-33.6855916,0 -71.6227766,-33.68568,0</coordinates></LineString></Placemark><Placemark><name>Trabajado - Cuartel 1947 - Hilera 2722</name><Style><LineStyle><color>ff00ff00</color><width>3</width></LineStyle></Style><LineString><coordinates>-71.6227766,-33.68568,0 -71.6226966,-33.6855566,0</coordinates></LineString></Placemark><Placemark><name>Trabajado - Cuartel 1947 - Hilera 2723</name><Style><LineStyle><color>ff00ff00</color><width>3</width></LineStyle></Style><LineString><coordinates>-71.6226966,-33.6855566,0 -71.62260337321503,-33.68418150492173,0</coordinates></LineString></Placemark><Placemark><name>Trabajado - Cuartel 1947 - Hilera 2724</name><Style><LineStyle><color>ff00ff00</color><width>3</width></LineStyle></Style><LineString><coordinates>-71.6226566,-33.6849666,0 -71.6227366,-33.6849283,0</coordinates></LineString></Placemark><Placemark><name>Trabajado - Cuartel 1947 - Hilera 2725</name><Style><LineStyle><color>ff00ff00</color><width>3</width></LineStyle></Style><LineString><coordinates>-71.6227366,-33.6849283,0 -71.6226849,-33.6841566,0</coordinates></LineString></Placemark><Placemark><name>Trabajado - Cuartel 1947 - Hilera 2726</name><Style><LineStyle><color>ff00ff00</color><width>3</width></LineStyle></Style><LineString><coordinates>-71.6226849,-33.6841566,0 -71.62254053188143,-33.68422145460096,0</coordinates></LineString></Placemark><Placemark><name>Trabajado - Cuartel 1947 - Hilera 2727</name><Style><LineStyle><color>ff00ff00</color><width>3</width></LineStyle></Style><LineString><coordinates>-71.62255568671519,-33.68420671112335,0 -71.6225133,-33.6846533,0</coordinates></LineString></Placemark><Placemark><name>Trabajado - Cuartel 1947 - Hilera 2728</name><Style><LineStyle><color>ff00ff00</color><width>3</width></LineStyle></Style><LineString><coordinates>-71.62262722265864,-33.68417947775434,0 -71.6225516,-33.6849699,0</coordinates></LineString></Placemark><Placemark><name>Trabajado - Cuartel 1947 - Hilera 2729</name><Style><LineStyle><color>ff00ff00</color><width>3</width></LineStyle></Style><LineString><coordinates>-71.6225883,-33.6848766,0 -71.6225549,-33.6856233,0</coordinates></LineString></Placemark><Placemark><name>Trabajado - Cuartel 1947 - Hilera 2730</name><Style><LineStyle><color>ff00ff00</color><width>3</width></LineStyle></Style><LineString><coordinates>-71.6225549,-33.6856233,0 -71.6224083,-33.6857133,0</coordinates></LineString></Placemark><Placemark><name>Trabajado - Cuartel 1947 - Hilera 2731</name><Style><LineStyle><color>ff00ff00</color><width>3</width></LineStyle></Style><LineString><coordinates>-71.6224083,-33.6857133,0 -71.6222933,-33.6842283,0</coordinates></LineString></Placemark><Placemark><name>Trabajado - Cuartel 1947 - Hilera 2732</name><Style><LineStyle><color>ff00ff00</color><width>3</width></LineStyle></Style><LineString><coordinates>-71.62231,-33.684365,0 -71.6223133,-33.6856033,0</coordinates></LineString></Placemark><Placemark><name>Trabajado - Cuartel 1947 - Hilera 2734</name><Style><LineStyle><color>ff00ff00</color><width>3</width></LineStyle></Style><LineString><coordinates>-71.6222238950613,-33.68566704179082,0 -71.6222833,-33.6852133,0</coordinates></LineString></Placemark><Placemark><name>Trabajado - Cuartel 1947 - Hilera 2735</name><Style><LineStyle><color>ff00ff00</color><width>3</width></LineStyle></Style><LineString><coordinates>-71.622255,-33.6856699,0 -71.6220266,-33.6856966,0</coordinates></LineString></Placemark><Placemark><name>Trabajado - Cuartel 1947 - Hilera 2736</name><Style><LineStyle><color>ff00ff00</color><width>3</width></LineStyle></Style><LineString><coordinates>-71.6220266,-33.6856966,0 -71.62197145710296,-33.683381351642645,0</coordinates></LineString></Placemark><Placemark><name>Trabajado - Cuartel 1947 - Hilera 2737</name><Style><LineStyle><color>ff00ff00</color><width>3</width></LineStyle></Style><LineString><coordinates>-71.62199,-33.6841599,0 -71.621885,-33.6842716,0</coordinates></LineString></Placemark><Placemark><name>Trabajado - Cuartel 1947 - Hilera 2738</name><Style><LineStyle><color>ff00ff00</color><width>3</width></LineStyle></Style><LineString><coordinates>-71.621885,-33.6842716,0 -71.62180358443288,-33.68557052721895,0</coordinates></LineString></Placemark><Placemark><name>Trabajado - Cuartel 1947 - Hilera 2739</name><Style><LineStyle><color>ff00ff00</color><width>3</width></LineStyle></Style><LineString><coordinates>-71.62185,-33.68483,0 -71.6219116,-33.6849,0</coordinates></LineString></Placemark><Placemark><name>Trabajado - Cuartel 1947 - Hilera 2740</name><Style><LineStyle><color>ff00ff00</color><width>3</width></LineStyle></Style><LineString><coordinates>-71.6219116,-33.6849,0 -71.6218616,-33.685685,0</coordinates></LineString></Placemark><Placemark><name>Trabajado - Cuartel 1947 - Hilera 2741</name><Style><LineStyle><color>ff00ff00</color><width>3</width></LineStyle></Style><LineString><coordinates>-71.6218616,-33.685685,0 -71.6217916,-33.68557,0</coordinates></LineString></Placemark><Placemark><name>Trabajado - Cuartel 1947 - Hilera 2742</name><Style><LineStyle><color>ff00ff00</color><width>3</width></LineStyle></Style><LineString><coordinates>-71.6218149,-33.68541,0 -71.62144712891293,-33.68488899096004,0</coordinates></LineString></Placemark><Placemark><name>Trabajado - Cuartel 1947 - Hilera 2743</name><Style><LineStyle><color>ff00ff00</color><width>3</width></LineStyle></Style><LineString><coordinates>-71.6217549,-33.685325,0 -71.62182,-33.6846216,0</coordinates></LineString></Placemark><Placemark><name>Trabajado - Cuartel 1947 - Hilera 2744</name><Style><LineStyle><color>ff00ff00</color><width>3</width></LineStyle></Style><LineString><coordinates>-71.62182,-33.6846216,0 -71.6217366,-33.6845916,0</coordinates></LineString></Placemark><Placemark><name>Trabajado - Cuartel 1947 - Hilera 2745</name><Style><LineStyle><color>ff00ff00</color><width>3</width></LineStyle></Style><LineString><coordinates>-71.62168297967439,-33.685695387993555,0 -71.6217583,-33.6841449,0</coordinates></LineString></Placemark><Placemark><name>Trabajado - Cuartel 1947 - Hilera 2746</name><Style><LineStyle><color>ff00ff00</color><width>3</width></LineStyle></Style><LineString><coordinates>-71.6217040243562,-33.683564853089344,0 -71.62172,-33.6851466,0</coordinates></LineString></Placemark><Placemark><name>Trabajado - Cuartel 1947 - Hilera 2747</name><Style><LineStyle><color>ff00ff00</color><width>3</width></LineStyle></Style><LineString><coordinates>-71.6216716,-33.685695,0 -71.6215466,-33.6855733,0</coordinates></LineString></Placemark><Placemark><name>Trabajado - Cuartel 1947 - Hilera 2748</name><Style><LineStyle><color>ff00ff00</color><width>3</width></LineStyle></Style><LineString><coordinates>-71.6215466,-33.6855733,0 -71.6215116,-33.6851783,0</coordinates></LineString></Placemark><Placemark><name>Trabajado - Cuartel 1947 - Hilera 2749</name><Style><LineStyle><color>ff00ff00</color><width>3</width></LineStyle></Style><LineString><coordinates>-71.6214833,-33.6852616,0 -71.6215816,-33.685175,0</coordinates></LineString></Placemark><Placemark><name>Trabajado - Cuartel 1947 - Hilera 2750</name><Style><LineStyle><color>ff00ff00</color><width>3</width></LineStyle></Style><LineString><coordinates>-71.6215816,-33.685175,0 -71.6215033,-33.6850783,0</coordinates></LineString></Placemark><Placemark><name>Trabajado - Cuartel 1947 - Hilera 2751</name><Style><LineStyle><color>ff00ff00</color><width>3</width></LineStyle></Style><LineString><coordinates>-71.62149590963885,-33.68525157933449,0 -71.62156903760402,-33.68353697231154,0</coordinates></LineString></Placemark><Placemark><name>Trabajado - Cuartel 1947 - Hilera 2752</name><Style><LineStyle><color>ff00ff00</color><width>3</width></LineStyle></Style><LineString><coordinates>-71.6215283,-33.6847616,0 -71.6215016,-33.684275,0</coordinates></LineString></Placemark><Placemark><name>Trabajado - Cuartel 1947 - Hilera 2753</name><Style><LineStyle><color>ff00ff00</color><width>3</width></LineStyle></Style><LineString><coordinates>-71.6214216,-33.6842683,0 -71.6214833,-33.6845633,0</coordinates></LineString></Placemark><Placemark><name>Trabajado - Cuartel 1947 - Hilera 2754</name><Style><LineStyle><color>ff00ff00</color><width>3</width></LineStyle></Style><LineString><coordinates>-71.6214833,-33.6845633,0 -71.621435,-33.684895,0</coordinates></LineString></Placemark><Placemark><name>Trabajado - Cuartel 1947 - Hilera 2755</name><Style><LineStyle><color>ff00ff00</color><width>3</width></LineStyle></Style><LineString><coordinates>-71.6214299,-33.6849716,0 -71.6214016,-33.68486,0</coordinates></LineString></Placemark><Placemark><name>Trabajado - Cuartel 1947 - Hilera 2756</name><Style><LineStyle><color>ff00ff00</color><width>3</width></LineStyle></Style><LineString><coordinates>-71.6214883,-33.6849233,0 -71.62141,-33.6853166,0</coordinates></LineString></Placemark><Placemark><name>Trabajado - Cuartel 1947 - Hilera 2757</name><Style><LineStyle><color>ff00ff00</color><width>3</width></LineStyle></Style><LineString><coordinates>-71.62141,-33.6853166,0 -71.6214433,-33.6855916,0</coordinates></LineString></Placemark><Placemark><name>Trabajado - Cuartel 1947 - Hilera 2758</name><Style><LineStyle><color>ff00ff00</color><width>3</width></LineStyle></Style><LineString><coordinates>-71.6214433,-33.6855916,0 -71.6213683,-33.6856916,0</coordinates></LineString></Placemark><Placemark><name>Trabajado - Cuartel 1947 - Hilera 2759</name><Style><LineStyle><color>ff00ff00</color><width>3</width></LineStyle></Style><LineString><coordinates>-71.6213683,-33.6856916,0 -71.6212883,-33.6843616,0</coordinates></LineString></Placemark><Placemark><name>Trabajado - Cuartel 1947 - Hilera 2760</name><Style><LineStyle><color>ff00ff00</color><width>3</width></LineStyle></Style><LineString><coordinates>-71.6212599,-33.6843733,0 -71.62182390788244,-33.683324152552494,0</coordinates></LineString></Placemark><Placemark><name>Trabajado - Cuartel 1947 - Hilera 2762</name><Style><LineStyle><color>ff00ff00</color><width>3</width></LineStyle></Style><LineString><coordinates>-71.6212716,-33.68429,0 -71.6212316,-33.68501,0</coordinates></LineString></Placemark><Placemark><name>Trabajado - Cuartel 1947 - Hilera 2763</name><Style><LineStyle><color>ff00ff00</color><width>3</width></LineStyle></Style><LineString><coordinates>-71.6211933,-33.685035,0 -71.6212283,-33.6855333,0</coordinates></LineString></Placemark><Placemark><name>Trabajado - Cuartel 1947 - Hilera 2764</name><Style><LineStyle><color>ff00ff00</color><width>3</width></LineStyle></Style><LineString><coordinates>-71.6212283,-33.6855333,0 -71.6211016,-33.6856916,0</coordinates></LineString></Placemark><Placemark><name>Trabajado - Cuartel 1947 - Hilera 2765</name><Style><LineStyle><color>ff00ff00</color><width>3</width></LineStyle></Style><LineString><coordinates>-71.6211016,-33.6856916,0 -71.62102644124435,-33.68418842488753,0</coordinates></LineString></Placemark><Placemark><name>Trabajado - Cuartel 1947 - Hilera 2766</name><Style><LineStyle><color>ff00ff00</color><width>3</width></LineStyle></Style><LineString><coordinates>-71.6210866,-33.6853916,0 -71.6210266,-33.6856933,0</coordinates></LineString></Placemark><Placemark><name>Trabajado - Cuartel 1947 - Hilera 2767</name><Style><LineStyle><color>ff00ff00</color><width>3</width></LineStyle></Style><LineString><coordinates>-71.62093,-33.6856716,0 -71.6208933,-33.685145,0</coordinates></LineString></Placemark><Placemark><name>Trabajado - Cuartel 1947 - Hilera 2768</name><Style><LineStyle><color>ff00ff00</color><width>3</width></LineStyle></Style><LineString><coordinates>-71.6208933,-33.685145,0 -71.6209333,-33.6849283,0</coordinates></LineString></Placemark><Placemark><name>Trabajado - Cuartel 1947 - Hilera 2769</name><Style><LineStyle><color>ff00ff00</color><width>3</width></LineStyle></Style><LineString><coordinates>-71.62097,-33.6849766,0 -71.62099102058545,-33.68523861416627,0</coordinates></LineString></Placemark><Placemark><name>Trabajado - Cuartel 1947 - Hilera 2770</name><Style><LineStyle><color>ff00ff00</color><width>3</width></LineStyle></Style><LineString><coordinates>-71.6209966,-33.6852383,0 -71.6211016,-33.6849216,0</coordinates></LineString></Placemark><Placemark><name>Trabajado - Cuartel 1947 - Hilera 2771</name><Style><LineStyle><color>ff00ff00</color><width>3</width></LineStyle></Style><LineString><coordinates>-71.6211016,-33.6849216,0 -71.62112,-33.685375,0</coordinates></LineString></Placemark><Placemark><name>Trabajado - Cuartel 1947 - Hilera 2772</name><Style><LineStyle><color>ff00ff00</color><width>3</width></LineStyle></Style><LineString><coordinates>-71.62112,-33.685375,0 -71.6211616,-33.6843116,0</coordinates></LineString></Placemark><Placemark><name>Trabajado - Cuartel 1947 - Hilera 2773</name><Style><LineStyle><color>ff00ff00</color><width>3</width></LineStyle></Style><LineString><coordinates>-71.6211616,-33.6843116,0 -71.62103,-33.6841883,0</coordinates></LineString></Placemark><Placemark><name>Trabajado - Cuartel 1947 - Hilera 2775</name><Style><LineStyle><color>ff00ff00</color><width>3</width></LineStyle></Style><LineString><coordinates>-71.6208549,-33.6847766,0 -71.62088961883589,-33.68349672030508,0</coordinates></LineString></Placemark><Placemark><name>Trabajado - Cuartel 1947 - Hilera 2776</name><Style><LineStyle><color>ff00ff00</color><width>3</width></LineStyle></Style><LineString><coordinates>-71.6208733,-33.6840983,0 -71.6240916,-33.6840566,0</coordinates></LineString></Placemark><Placemark><name>Trabajado - Cuartel 1947 - Hilera 2781</name><Style><LineStyle><color>ff00ff00</color><width>3</width></LineStyle></Style><LineString><coordinates>-71.62409,-33.6840983,0 -71.6208083,-33.6841233,0</coordinates></LineString></Placemark><Placemark><name>Trabajado - Cuartel 1947 - Hilera 2782</name><Style><LineStyle><color>ff00ff00</color><width>3</width></LineStyle></Style><LineString><coordinates>-71.6208083,-33.6841233,0 -71.6208116,-33.684695,0</coordinates></LineString></Placemark><Placemark><name>Trabajado - Cuartel 1947 - Hilera 2783</name><Style><LineStyle><color>ff00ff00</color><width>3</width></LineStyle></Style><LineString><coordinates>-71.6208116,-33.684695,0 -71.6207583,-33.6847683,0</coordinates></LineString></Placemark><Placemark><name>Trabajado - Cuartel 1947 - Hilera 2784</name><Style><LineStyle><color>ff00ff00</color><width>3</width></LineStyle></Style><LineString><coordinates>-71.6207583,-33.6847683,0 -71.62075,-33.6855466,0</coordinates></LineString></Placemark><Placemark><name>Trabajado - Cuartel 1947 - Hilera 2786</name><Style><LineStyle><color>ff00ff00</color><width>3</width></LineStyle></Style><LineString><coordinates>-71.62065,-33.6855816,0 -71.62067907994836,-33.68451209197441,0</coordinates></LineString></Placemark><Placemark><name>Trabajado - Cuartel 1947 - Hilera 2787</name><Style><LineStyle><color>ff00ff00</color><width>3</width></LineStyle></Style><LineString><coordinates>-71.6206533,-33.6845116,0 -71.6206766,-33.6842066,0</coordinates></LineString></Placemark><Placemark><name>Trabajado - Cuartel 1947 - Hilera 2789</name><Style><LineStyle><color>ff00ff00</color><width>3</width></LineStyle></Style><LineString><coordinates>-71.62056540590928,-33.68342160891004,0 -71.620515,-33.6850333,0</coordinates></LineString></Placemark><Placemark><name>Trabajado - Cuartel 1947 - Hilera 2790</name><Style><LineStyle><color>ff00ff00</color><width>3</width></LineStyle></Style><LineString><coordinates>-71.6205599,-33.6850866,0 -71.6205366,-33.68557,0</coordinates></LineString></Placemark><Placemark><name>Trabajado - Cuartel 1947 - Hilera 2792</name><Style><LineStyle><color>ff00ff00</color><width>3</width></LineStyle></Style><LineString><coordinates>-71.6204566,-33.6856216,0 -71.620475,-33.6853716,0</coordinates></LineString></Placemark><Placemark><name>Trabajado - Cuartel 1947 - Hilera 2793</name><Style><LineStyle><color>ff00ff00</color><width>3</width></LineStyle></Style><LineString><coordinates>-71.620475,-33.6853716,0 -71.6204466,-33.6841266,0</coordinates></LineString></Placemark><Placemark><name>Trabajado - Cuartel 1947 - Hilera 2794</name><Style><LineStyle><color>ff00ff00</color><width>3</width></LineStyle></Style><LineString><coordinates>-71.6204333,-33.6841,0 -71.62047,-33.6834066,0</coordinates></LineString></Placemark><Placemark><name>Trabajado - Cuartel 1947 - Hilera 2796</name><Style><LineStyle><color>ff00ff00</color><width>3</width></LineStyle></Style><LineString><coordinates>-71.6205216,-33.683575,0 -71.62059,-33.6837266,0</coordinates></LineString></Placemark><Placemark><name>Trabajado - Cuartel 1947 - Hilera 2797</name><Style><LineStyle><color>ff00ff00</color><width>3</width></LineStyle></Style><LineString><coordinates>-71.62059,-33.6837266,0 -71.6205283,-33.683825,0</coordinates></LineString></Placemark><Placemark><name>Trabajado - Cuartel 1947 - Hilera 2798</name><Style><LineStyle><color>ff00ff00</color><width>3</width></LineStyle></Style><LineString><coordinates>-71.6205566,-33.6839683,0 -71.62062,-33.6840483,0</coordinates></LineString></Placemark><Placemark><name>Trabajado - Cuartel 1947 - Hilera 2799</name><Style><LineStyle><color>ff00ff00</color><width>3</width></LineStyle></Style><LineString><coordinates>-71.62062,-33.6840483,0 -71.6207249,-33.6834566,0</coordinates></LineString></Placemark><Placemark><name>Trabajado - Cuartel 1947 - Hilera 2800</name><Style><LineStyle><color>ff00ff00</color><width>3</width></LineStyle></Style><LineString><coordinates>-71.6207683,-33.68342,0 -71.6208183,-33.6835666,0</coordinates></LineString></Placemark><Placemark><name>Trabajado - Cuartel 1947 - Hilera 2801</name><Style><LineStyle><color>ff00ff00</color><width>3</width></LineStyle></Style><LineString><coordinates>-71.6208616,-33.6836,0 -71.6208399,-33.68402,0</coordinates></LineString></Placemark><Placemark><name>Trabajado - Cuartel 1947 - Hilera 2803</name><Style><LineStyle><color>ff00ff00</color><width>3</width></LineStyle></Style><LineString><coordinates>-71.6209949,-33.6834266,0 -71.6209816,-33.684,0</coordinates></LineString></Placemark><Placemark><name>Trabajado - Cuartel 1947 - Hilera 2805</name><Style><LineStyle><color>ff00ff00</color><width>3</width></LineStyle></Style><LineString><coordinates>-71.6210933,-33.6840333,0 -71.6210916,-33.68342,0</coordinates></LineString></Placemark><Placemark><name>Trabajado - Cuartel 1947 - Hilera 2807</name><Style><LineStyle><color>ff00ff00</color><width>3</width></LineStyle></Style><LineString><coordinates>-71.6212566,-33.6834883,0 -71.6212466,-33.6841133,0</coordinates></LineString></Placemark><Placemark><name>Trabajado - Cuartel 1947 - Hilera 2808</name><Style><LineStyle><color>ff00ff00</color><width>3</width></LineStyle></Style><LineString><coordinates>-71.62132,-33.6841099,0 -71.62134,-33.68398,0</coordinates></LineString></Placemark><Placemark><name>Trabajado - Cuartel 1947 - Hilera 2809</name><Style><LineStyle><color>ff00ff00</color><width>3</width></LineStyle></Style><LineString><coordinates>-71.62134,-33.68398,0 -71.6213516,-33.6835566,0</coordinates></LineString></Placemark><Placemark><name>Trabajado - Cuartel 1947 - Hilera 2810</name><Style><LineStyle><color>ff00ff00</color><width>3</width></LineStyle></Style><LineString><coordinates>-71.6213116,-33.6834966,0 -71.6213616,-33.6833433,0</coordinates></LineString></Placemark><Placemark><name>Trabajado - Cuartel 1947 - Hilera 2811</name><Style><LineStyle><color>ff00ff00</color><width>3</width></LineStyle></Style><LineString><coordinates>-71.6213616,-33.6833433,0 -71.6214116,-33.6841416,0</coordinates></LineString></Placemark><Placemark><name>Trabajado - Cuartel 1947 - Hilera 2812</name><Style><LineStyle><color>ff00ff00</color><width>3</width></LineStyle></Style><LineString><coordinates>-71.6214116,-33.6841416,0 -71.6215333,-33.6840399,0</coordinates></LineString></Placemark><Placemark><name>Trabajado - Cuartel 1947 - Hilera 2813</name><Style><LineStyle><color>ff00ff00</color><width>3</width></LineStyle></Style><LineString><coordinates>-71.6215566,-33.6835366,0 -71.6214599,-33.68342,0</coordinates></LineString></Placemark><Placemark><name>Trabajado - Cuartel 1947 - Hilera 2814</name><Style><LineStyle><color>ff00ff00</color><width>3</width></LineStyle></Style><LineString><coordinates>-71.6215333,-33.6834,0 -71.62157,-33.6832983,0</coordinates></LineString></Placemark><Placemark><name>Trabajado - Cuartel 1947 - Hilera 2815</name><Style><LineStyle><color>ff00ff00</color><width>3</width></LineStyle></Style><LineString><coordinates>-71.62157,-33.6832983,0 -71.6215966,-33.68379,0</coordinates></LineString></Placemark><Placemark><name>Trabajado - Cuartel 1947 - Hilera 2816</name><Style><LineStyle><color>ff00ff00</color><width>3</width></LineStyle></Style><LineString><coordinates>-71.6215966,-33.68379,0 -71.6216883,-33.6841249,0</coordinates></LineString></Placemark><Placemark><name>Trabajado - Cuartel 1947 - Hilera 2817</name><Style><LineStyle><color>ff00ff00</color><width>3</width></LineStyle></Style><LineString><coordinates>-71.6216883,-33.6841249,0 -71.6218266,-33.6840283,0</coordinates></LineString></Placemark><Placemark><name>Trabajado - Cuartel 1947 - Hilera 2818</name><Style><LineStyle><color>ff00ff00</color><width>3</width></LineStyle></Style><LineString><coordinates>-71.6218266,-33.6840283,0 -71.621705,-33.683915,0</coordinates></LineString></Placemark><Placemark><name>Trabajado - Cuartel 1947 - Hilera 2819</name><Style><LineStyle><color>ff00ff00</color><width>3</width></LineStyle></Style><LineString><coordinates>-71.6217533,-33.6835766,0 -71.6217883,-33.6834933,0</coordinates></LineString></Placemark><Placemark><name>Trabajado - Cuartel 1947 - Hilera 2820</name><Style><LineStyle><color>ff00ff00</color><width>3</width></LineStyle></Style><LineString><coordinates>-71.6218799,-33.683335,0 -71.62185,-33.6835116,0</coordinates></LineString></Placemark><Placemark><name>Trabajado - Cuartel 1947 - Hilera 2821</name><Style><LineStyle><color>ff00ff00</color><width>3</width></LineStyle></Style><LineString><coordinates>-71.6218916,-33.6834783,0 -71.6219333,-33.6836599,0</coordinates></LineString></Placemark><Placemark><name>Trabajado - Cuartel 1947 - Hilera 2822</name><Style><LineStyle><color>ff00ff00</color><width>3</width></LineStyle></Style><LineString><coordinates>-71.6219333,-33.6836599,0 -71.6218483,-33.6840633,0</coordinates></LineString></Placemark><Placemark><name>Trabajado - Cuartel 1947 - Hilera 2823</name><Style><LineStyle><color>ff00ff00</color><width>3</width></LineStyle></Style><LineString><coordinates>-71.6218483,-33.6840633,0 -71.6219566,-33.6840783,0</coordinates></LineString></Placemark><Placemark><name>Trabajado - Cuartel 1947 - Hilera 2824</name><Style><LineStyle><color>ff00ff00</color><width>3</width></LineStyle></Style><LineString><coordinates>-71.6219566,-33.6833816,0 -71.62209,-33.683405,0</coordinates></LineString></Placemark><Placemark><name>Trabajado - Cuartel 1947 - Hilera 2825</name><Style><LineStyle><color>ff00ff00</color><width>3</width></LineStyle></Style><LineString><coordinates>-71.62229494549847,-33.682586010832054,0 -71.6220383,-33.6836116,0</coordinates></LineString></Placemark><Placemark><name>Trabajado - Cuartel 1947 - Hilera 2826</name><Style><LineStyle><color>ff00ff00</color><width>3</width></LineStyle></Style><LineString><coordinates>-71.6220783,-33.6836716,0 -71.62222,-33.6836683,0</coordinates></LineString></Placemark><Placemark><name>Trabajado - Cuartel 1947 - Hilera 2827</name><Style><LineStyle><color>ff00ff00</color><width>3</width></LineStyle></Style><LineString><coordinates>-71.62222,-33.6836683,0 -71.6220466,-33.6838449,0</coordinates></LineString></Placemark><Placemark><name>Trabajado - Cuartel 1947 - Hilera 2828</name><Style><LineStyle><color>ff00ff00</color><width>3</width></LineStyle></Style><LineString><coordinates>-71.6220466,-33.6838449,0 -71.6220683,-33.6840833,0</coordinates></LineString></Placemark><Placemark><name>Trabajado - Cuartel 1947 - Hilera 2829</name><Style><LineStyle><color>ff00ff00</color><width>3</width></LineStyle></Style><LineString><coordinates>-71.6220683,-33.6840833,0 -71.6221833,-33.684135,0</coordinates></LineString></Placemark><Placemark><name>Trabajado - Cuartel 1947 - Hilera 2830</name><Style><LineStyle><color>ff00ff00</color><width>3</width></LineStyle></Style><LineString><coordinates>-71.62228090848494,-33.683813325815194,0 -71.6221383,-33.6842833,0</coordinates></LineString></Placemark><Placemark><name>Trabajado - Cuartel 1947 - Hilera 2831</name><Style><LineStyle><color>ff00ff00</color><width>3</width></LineStyle></Style><LineString><coordinates>-71.6221383,-33.6842833,0 -71.6222099,-33.6843733,0</coordinates></LineString></Placemark><Placemark><name>Trabajado - Cuartel 1947 - Hilera 2832</name><Style><LineStyle><color>ff00ff00</color><width>3</width></LineStyle></Style><LineString><coordinates>-71.6222099,-33.6843733,0 -71.6221499,-33.6844433,0</coordinates></LineString></Placemark><Placemark><name>Trabajado - Cuartel 1947 - Hilera 2833</name><Style><LineStyle><color>ff00ff00</color><width>3</width></LineStyle></Style><LineString><coordinates>-71.6221499,-33.6844433,0 -71.6222416,-33.6844866,0</coordinates></LineString></Placemark><Placemark><name>Trabajado - Cuartel 1947 - Hilera 2834</name><Style><LineStyle><color>ff00ff00</color><width>3</width></LineStyle></Style><LineString><coordinates>-71.6222416,-33.6844866,0 -71.622175,-33.6846933,0</coordinates></LineString></Placemark><Placemark><name>Trabajado - Cuartel 1947 - Hilera 2835</name><Style><LineStyle><color>ff00ff00</color><width>3</width></LineStyle></Style><LineString><coordinates>-71.6222566,-33.68468,0 -71.622245,-33.68456,0</coordinates></LineString></Placemark><Placemark><name>Trabajado - Cuartel 1947 - Hilera 2836</name><Style><LineStyle><color>ff00ff00</color><width>3</width></LineStyle></Style><LineString><coordinates>-71.6222116,-33.684545,0 -71.6222233,-33.6843166,0</coordinates></LineString></Placemark><Placemark><name>Trabajado - Cuartel 1947 - Hilera 2837</name><Style><LineStyle><color>ff00ff00</color><width>3</width></LineStyle></Style><LineString><coordinates>-71.62242605062481,-33.685136063597795,0 -71.6220966,-33.6840333,0</coordinates></LineString></Placemark><Placemark><name>Trabajado - Cuartel 1947 - Hilera 2838</name><Style><LineStyle><color>ff00ff00</color><width>3</width></LineStyle></Style><LineString><coordinates>-71.6224316,-33.6851349,0 -71.6223299,-33.6851366,0</coordinates></LineString></Placemark><Placemark><name>Trabajado - Cuartel 1947 - Hilera 2839</name><Style><LineStyle><color>ff00ff00</color><width>3</width></LineStyle></Style><LineString><coordinates>-71.6223166,-33.68548,0 -71.62248,-33.685685,0</coordinates></LineString></Placemark><Placemark><name>Trabajado - Cuartel 1947 - Hilera 2840</name><Style><LineStyle><color>ff00ff00</color><width>3</width></LineStyle></Style><LineString><coordinates>-71.62248,-33.685685,0 -71.6225666,-33.6856816,0</coordinates></LineString></Placemark><Placemark><name>Trabajado - Cuartel 1947 - Hilera 2841</name><Style><LineStyle><color>ff00ff00</color><width>3</width></LineStyle></Style><LineString><coordinates>-71.6225733,-33.6856416,0 -71.6223216,-33.6849733,0</coordinates></LineString></Placemark><Placemark><name>Trabajado - Cuartel 1947 - Hilera 2842</name><Style><LineStyle><color>ff00ff00</color><width>3</width></LineStyle></Style><LineString><coordinates>-71.62252,-33.6849466,0 -71.6223816,-33.6850233,0</coordinates></LineString></Placemark><Placemark><name>Trabajado - Cuartel 1947 - Hilera 2843</name><Style><LineStyle><color>ff00ff00</color><width>3</width></LineStyle></Style><LineString><coordinates>-71.6223816,-33.6850233,0 -71.6219833,-33.6849099,0</coordinates></LineString></Placemark><Placemark><name>Trabajado - Cuartel 1947 - Hilera 2844</name><Style><LineStyle><color>ff00ff00</color><width>3</width></LineStyle></Style><LineString><coordinates>-71.6219833,-33.6849099,0 -71.621845,-33.684945,0</coordinates></LineString></Placemark><Placemark><name>Trabajado - Cuartel 1947 - Hilera 2845</name><Style><LineStyle><color>ff00ff00</color><width>3</width></LineStyle></Style><LineString><coordinates>-71.6218616,-33.684845,0 -71.6223733,-33.6848816,0</coordinates></LineString></Placemark><Placemark><name>Trabajado - Cuartel 1947 - Hilera 2846</name><Style><LineStyle><color>ff00ff00</color><width>3</width></LineStyle></Style><LineString><coordinates>-71.6223733,-33.6848816,0 -71.6224235743448,-33.68437703940657,0</coordinates></LineString></Placemark><Placemark><name>Trabajado - Cuartel 1947 - Hilera 2847</name><Style><LineStyle><color>ff00ff00</color><width>3</width></LineStyle></Style><LineString><coordinates>-71.6221966,-33.6848933,0 -71.62244,-33.6846216,0</coordinates></LineString></Placemark><Placemark><name>Trabajado - Cuartel 1947 - Hilera 2848</name><Style><LineStyle><color>ff00ff00</color><width>3</width></LineStyle></Style><LineString><coordinates>-71.62244,-33.6846216,0 -71.6224066,-33.684495,0</coordinates></LineString></Placemark><Placemark><name>Trabajado - Cuartel 1947 - Hilera 2849</name><Style><LineStyle><color>ff00ff00</color><width>3</width></LineStyle></Style><LineString><coordinates>-71.6224416,-33.6843783,0 -71.6223883,-33.6842433,0</coordinates></LineString></Placemark><Placemark><name>Trabajado - Cuartel 1947 - Hilera 2850</name><Style><LineStyle><color>ff00ff00</color><width>3</width></LineStyle></Style><LineString><coordinates>-71.6224983,-33.68412,0 -71.6221366,-33.6840766,0</coordinates></LineString></Placemark><Placemark><name>Trabajado - Cuartel 1947 - Hilera 2851</name><Style><LineStyle><color>ff00ff00</color><width>3</width></LineStyle></Style><LineString><coordinates>-71.6221366,-33.6840766,0 -71.622085,-33.684205,0</coordinates></LineString></Placemark><Placemark><name>Trabajado - Cuartel 1947 - Hilera 2852</name><Style><LineStyle><color>ff00ff00</color><width>3</width></LineStyle></Style><LineString><coordinates>-71.62207865255557,-33.684143361650015,0 -71.6220666,-33.684425,0</coordinates></LineString></Placemark><Placemark><name>Trabajado - Cuartel 1947 - Hilera 2853</name><Style><LineStyle><color>ff00ff00</color><width>3</width></LineStyle></Style><LineString><coordinates>-71.6220766,-33.6841433,0 -71.6221833,-33.6840366,0</coordinates></LineString></Placemark><Placemark><name>Trabajado - Cuartel 1947 - Hilera 2854</name><Style><LineStyle><color>ff00ff00</color><width>3</width></LineStyle></Style><LineString><coordinates>-71.6221833,-33.6840366,0 -71.6222966,-33.6841116,0</coordinates></LineString></Placemark><Placemark><name>Trabajado - Cuartel 1947 - Hilera 2855</name><Style><LineStyle><color>ff00ff00</color><width>3</width></LineStyle></Style><LineString><coordinates>-71.6222966,-33.6841116,0 -71.62238,-33.6840816,0</coordinates></LineString></Placemark><Placemark><name>Trabajado - Cuartel 1947 - Hilera 2856</name><Style><LineStyle><color>ff00ff00</color><width>3</width></LineStyle></Style><LineString><coordinates>-71.62238,-33.6840816,0 -71.6222316,-33.6840316,0</coordinates></LineString></Placemark><Placemark><name>Trabajado - Cuartel 1947 - Hilera 2857</name><Style><LineStyle><color>ff00ff00</color><width>3</width></LineStyle></Style><LineString><coordinates>-71.6222316,-33.6840316,0 -71.6222833,-33.6839333,0</coordinates></LineString></Placemark><Placemark><name>Trabajado - Cuartel 1947 - Hilera 2858</name><Style><LineStyle><color>ff00ff00</color><width>3</width></LineStyle></Style><LineString><coordinates>-71.6222883,-33.6838149,0 -71.6222033,-33.6837216,0</coordinates></LineString></Placemark><Placemark><name>Trabajado - Cuartel 1947 - Hilera 2859</name><Style><LineStyle><color>ff00ff00</color><width>3</width></LineStyle></Style><LineString><coordinates>-71.6222033,-33.6837216,0 -71.622275,-33.6835833,0</coordinates></LineString></Placemark><Placemark><name>Trabajado - Cuartel 1947 - Hilera 2860</name><Style><LineStyle><color>ff00ff00</color><width>3</width></LineStyle></Style><LineString><coordinates>-71.622275,-33.6835833,0 -71.6222099,-33.6834783,0</coordinates></LineString></Placemark><Placemark><name>Trabajado - Cuartel 1947 - Hilera 2861</name><Style><LineStyle><color>ff00ff00</color><width>3</width></LineStyle></Style><LineString><coordinates>-71.6222099,-33.6834783,0 -71.62238061785966,-33.68267215817216,0</coordinates></LineString></Placemark><Placemark><name>Trabajado - Cuartel 1947 - Hilera 2862</name><Style><LineStyle><color>ff00ff00</color><width>3</width></LineStyle></Style><LineString><coordinates>-71.6222058811106,-33.683148388886956,0 -71.62227,-33.683395,0</coordinates></LineString></Placemark><Placemark><name>Trabajado - Cuartel 1947 - Hilera 2863</name><Style><LineStyle><color>ff00ff00</color><width>3</width></LineStyle></Style><LineString><coordinates>-71.6222633,-33.6833699,0 -71.6223483,-33.6832833,0</coordinates></LineString></Placemark><Placemark><name>Trabajado - Cuartel 1947 - Hilera 2864</name><Style><LineStyle><color>ff00ff00</color><width>3</width></LineStyle></Style><LineString><coordinates>-71.622335,-33.6832833,0 -71.6222183,-33.683195,0</coordinates></LineString></Placemark><Placemark><name>Trabajado - Cuartel 1947 - Hilera 2865</name><Style><LineStyle><color>ff00ff00</color><width>3</width></LineStyle></Style><LineString><coordinates>-71.6222483,-33.6831533,0 -71.62224175735429,-33.68286465386571,0</coordinates></LineString></Placemark><Placemark><name>Trabajado - Cuartel 1947 - Hilera 2866</name><Style><LineStyle><color>ff00ff00</color><width>3</width></LineStyle></Style><LineString><coordinates>-71.6221983,-33.6830433,0 -71.62248296237286,-33.68263212101697,0</coordinates></LineString></Placemark><Placemark><name>Trabajado - Cuartel 1947 - Hilera 2867</name><Style><LineStyle><color>ff00ff00</color><width>3</width></LineStyle></Style><LineString><coordinates>-71.6222133,-33.682815,0 -71.622345,-33.682745,0</coordinates></LineString></Placemark><Placemark><name>Trabajado - Cuartel 1947 - Hilera 2868</name><Style><LineStyle><color>ff00ff00</color><width>3</width></LineStyle></Style><LineString><coordinates>-71.62238043027696,-33.682670667278906,0 -71.622295,-33.6828499,0</coordinates></LineString></Placemark><Placemark><name>Trabajado - Cuartel 1947 - Hilera 2869</name><Style><LineStyle><color>ff00ff00</color><width>3</width></LineStyle></Style><LineString><coordinates>-71.622295,-33.6828499,0 -71.6222966,-33.6826116,0</coordinates></LineString></Placemark><Placemark><name>Trabajado - Cuartel 1947 - Hilera 2870</name><Style><LineStyle><color>ff00ff00</color><width>3</width></LineStyle></Style><LineString><coordinates>-71.6222966,-33.6826116,0 -71.6221416,-33.68272,0</coordinates></LineString></Placemark><Placemark><name>Trabajado - Cuartel 1947 - Hilera 2871</name><Style><LineStyle><color>ff00ff00</color><width>3</width></LineStyle></Style><LineString><coordinates>-71.6221416,-33.68272,0 -71.6221866,-33.6828133,0</coordinates></LineString></Placemark><Placemark><name>Trabajado - Cuartel 1947 - Hilera 2872</name><Style><LineStyle><color>ff00ff00</color><width>3</width></LineStyle></Style><LineString><coordinates>-71.6222033,-33.6828166,0 -71.6222483,-33.68317,0</coordinates></LineString></Placemark><Placemark><name>Trabajado - Cuartel 1947 - Hilera 2873</name><Style><LineStyle><color>ff00ff00</color><width>3</width></LineStyle></Style><LineString><coordinates>-71.6222516,-33.6832766,0 -71.6221083,-33.683325,0</coordinates></LineString></Placemark><Placemark><name>Trabajado - Cuartel 1947 - Hilera 2874</name><Style><LineStyle><color>ff00ff00</color><width>3</width></LineStyle></Style><LineString><coordinates>-71.6222983,-33.6825866,0 -71.62288163823618,-33.683536082378296,0</coordinates></LineString></Placemark><Placemark><name>Trabajado - Cuartel 1947 - Hilera 2875</name><Style><LineStyle><color>ff00ff00</color><width>3</width></LineStyle></Style><LineString><coordinates>-71.6223916,-33.6826833,0 -71.6224049,-33.682765,0</coordinates></LineString></Placemark><Placemark><name>Trabajado - Cuartel 1947 - Hilera 2880</name><Style><LineStyle><color>ff00ff00</color><width>3</width></LineStyle></Style><LineString><coordinates>-71.6217666,-33.6824316,0 -71.6217316,-33.6823066,0</coordinates></LineString></Placemark><Placemark><name>Trabajado - Cuartel 1947 - Hilera 2881</name><Style><LineStyle><color>ff00ff00</color><width>3</width></LineStyle></Style><LineString><coordinates>-71.6218566,-33.682235,0 -71.62187,-33.6821416,0</coordinates></LineString></Placemark><Placemark><name>Trabajado - Cuartel 1947 - Hilera 2888</name><Style><LineStyle><color>ff00ff00</color><width>3</width></LineStyle></Style><LineString><coordinates>-71.6222649,-33.6823249,0 -71.6223083,-33.6826349,0</coordinates></LineString></Placemark><Placemark><name>Trabajado - Cuartel 1947 - Hilera 2890</name><Style><LineStyle><color>ff00ff00</color><width>3</width></LineStyle></Style><LineString><coordinates>-71.62267,-33.6827966,0 -71.6226516,-33.6840116,0</coordinates></LineString></Placemark><Placemark><name>Trabajado - Cuartel 1947 - Hilera 2891</name><Style><LineStyle><color>ff00ff00</color><width>3</width></LineStyle></Style><LineString><coordinates>-71.6226516,-33.6840116,0 -71.6227783,-33.68402,0</coordinates></LineString></Placemark><Placemark><name>Trabajado - Cuartel 1947 - Hilera 2892</name><Style><LineStyle><color>ff00ff00</color><width>3</width></LineStyle></Style><LineString><coordinates>-71.6227783,-33.68402,0 -71.6228083,-33.683735,0</coordinates></LineString></Placemark><Placemark><name>Trabajado - Cuartel 1947 - Hilera 2893</name><Style><LineStyle><color>ff00ff00</color><width>3</width></LineStyle></Style><LineString><coordinates>-71.6228083,-33.683735,0 -71.6227616,-33.6836349,0</coordinates></LineString></Placemark><Placemark><name>Trabajado - Cuartel 1947 - Hilera 2894</name><Style><LineStyle><color>ff00ff00</color><width>3</width></LineStyle></Style><LineString><coordinates>-71.6227616,-33.6836349,0 -71.6228649,-33.6835433,0</coordinates></LineString></Placemark><Placemark><name>Trabajado - Cuartel 1947 - Hilera 2895</name><Style><LineStyle><color>ff00ff00</color><width>3</width></LineStyle></Style><LineString><coordinates>-71.62284,-33.6833366,0 -71.622795,-33.68299,0</coordinates></LineString></Placemark><Placemark><name>Trabajado - Cuartel 1947 - Hilera 2896</name><Style><LineStyle><color>ff00ff00</color><width>3</width></LineStyle></Style><LineString><coordinates>-71.622795,-33.68299,0 -71.62293,-33.6828533,0</coordinates></LineString></Placemark><Placemark><name>Trabajado - Cuartel 1947 - Hilera 2897</name><Style><LineStyle><color>ff00ff00</color><width>3</width></LineStyle></Style><LineString><coordinates>-71.62293,-33.6828533,0 -71.6229616,-33.6839483,0</coordinates></LineString></Placemark><Placemark><name>Trabajado - Cuartel 1947 - Hilera 2898</name><Style><LineStyle><color>ff00ff00</color><width>3</width></LineStyle></Style><LineString><coordinates>-71.6229616,-33.6839483,0 -71.6232116,-33.684095,0</coordinates></LineString></Placemark><Placemark><name>Trabajado - Cuartel 1947 - Hilera 2899</name><Style><LineStyle><color>ff00ff00</color><width>3</width></LineStyle></Style><LineString><coordinates>-71.6232,-33.68408,0 -71.6232016,-33.6830466,0</coordinates></LineString></Placemark><Placemark><name>Trabajado - Cuartel 1947 - Hilera 2901</name><Style><LineStyle><color>ff00ff00</color><width>3</width></LineStyle></Style><LineString><coordinates>-71.6233733,-33.683035,0 -71.6233316,-33.6832483,0</coordinates></LineString></Placemark><Placemark><name>Trabajado - Cuartel 1947 - Hilera 2902</name><Style><LineStyle><color>ff00ff00</color><width>3</width></LineStyle></Style><LineString><coordinates>-71.6233316,-33.6832483,0 -71.6233716,-33.68333,0</coordinates></LineString></Placemark><Placemark><name>Trabajado - Cuartel 1947 - Hilera 2903</name><Style><LineStyle><color>ff00ff00</color><width>3</width></LineStyle></Style><LineString><coordinates>-71.6233716,-33.68333,0 -71.6233766,-33.6841366,0</coordinates></LineString></Placemark><Placemark><name>Trabajado - Cuartel 1947 - Hilera 2905</name><Style><LineStyle><color>ff00ff00</color><width>3</width></LineStyle></Style><LineString><coordinates>-71.62357,-33.6840633,0 -71.623575,-33.6839433,0</coordinates></LineString></Placemark><Placemark><name>Trabajado - Cuartel 1947 - Hilera 2906</name><Style><LineStyle><color>ff00ff00</color><width>3</width></LineStyle></Style><LineString><coordinates>-71.6235366,-33.68391,0 -71.6235333,-33.683135,0</coordinates></LineString></Placemark><Placemark><name>Trabajado - Cuartel 1947 - Hilera 2907</name><Style><LineStyle><color>ff00ff00</color><width>3</width></LineStyle></Style><LineString><coordinates>-71.6235633,-33.6831166,0 -71.62375,-33.6832933,0</coordinates></LineString></Placemark><Placemark><name>Trabajado - Cuartel 1947 - Hilera 2908</name><Style><LineStyle><color>ff00ff00</color><width>3</width></LineStyle></Style><LineString><coordinates>-71.62375,-33.6832933,0 -71.623735,-33.6835033,0</coordinates></LineString></Placemark><Placemark><name>Trabajado - Cuartel 1947 - Hilera 2910</name><Style><LineStyle><color>ff00ff00</color><width>3</width></LineStyle></Style><LineString><coordinates>-71.6237849,-33.6835783,0 -71.6237816,-33.6841249,0</coordinates></LineString></Placemark><Placemark><name>Trabajado - Cuartel 1947 - Hilera 2912</name><Style><LineStyle><color>ff00ff00</color><width>3</width></LineStyle></Style><LineString><coordinates>-71.6238333,-33.68403,0 -71.6238433,-33.6832716,0</coordinates></LineString></Placemark><Placemark><name>Trabajado - Cuartel 1947 - Hilera 2913</name><Style><LineStyle><color>ff00ff00</color><width>3</width></LineStyle></Style><LineString><coordinates>-71.6238433,-33.6832716,0 -71.623885,-33.6831983,0</coordinates></LineString></Placemark><Placemark><name>Trabajado - Cuartel 1947 - Hilera 2914</name><Style><LineStyle><color>ff00ff00</color><width>3</width></LineStyle></Style><LineString><coordinates>-71.623885,-33.6831983,0 -71.6238783,-33.6835199,0</coordinates></LineString></Placemark><Placemark><name>Trabajado - Cuartel 1947 - Hilera 2915</name><Style><LineStyle><color>ff00ff00</color><width>3</width></LineStyle></Style><LineString><coordinates>-71.6238783,-33.6835199,0 -71.6239433,-33.6836316,0</coordinates></LineString></Placemark><Placemark><name>Trabajado - Cuartel 1947 - Hilera 2916</name><Style><LineStyle><color>ff00ff00</color><width>3</width></LineStyle></Style><LineString><coordinates>-71.62408,-33.6838916,0 -71.624125,-33.683305,0</coordinates></LineString></Placemark><Placemark><name>Descartado (grupo chico) - Hilera 1954</name><Style><LineStyle><color>ff00ffff</color><width>3</width></LineStyle></Style><LineString><coordinates>-71.62497,-33.6889516,0 -71.6249283,-33.6888633,0</coordinates></LineString></Placemark><Placemark><name>Descartado (grupo chico) - Hilera 1959</name><Style><LineStyle><color>ff00ffff</color><width>3</width></LineStyle></Style><LineString><coordinates>-71.62492735430803,-33.68904541132116,0 -71.6249583,-33.6889383,0</coordinates></LineString></Placemark><Placemark><name>Trabajado - Cuartel 1999 - Hilera 1999</name><Style><LineStyle><color>ff00ff00</color><width>3</width></LineStyle></Style><LineString><coordinates>-71.6249233,-33.6899783,0 -71.62492,-33.6900916,0</coordinates></LineString></Placemark><Placemark><name>Trabajado - Cuartel 1999 - Hilera 2000</name><Style><LineStyle><color>ff00ff00</color><width>3</width></LineStyle></Style><LineString><coordinates>-71.62492,-33.6900916,0 -71.6251899,-33.689615,0</coordinates></LineString></Placemark><Placemark><name>Trabajado - Cuartel 1999 - Hilera 2015</name><Style><LineStyle><color>ff00ff00</color><width>3</width></LineStyle></Style><LineString><coordinates>-71.6250633,-33.6895716,0 -71.6249083,-33.6899483,0</coordinates></LineString></Placemark><Placemark><name>Trabajado - Cuartel 1999 - Hilera 2039</name><Style><LineStyle><color>ff00ff00</color><width>3</width></LineStyle></Style><LineString><coordinates>-71.6247216,-33.690435,0 -71.6247983,-33.6904999,0</coordinates></LineString></Placemark><Placemark><name>Trabajado - Cuartel 1999 - Hilera 2049</name><Style><LineStyle><color>ff00ff00</color><width>3</width></LineStyle></Style><LineString><coordinates>-71.6246533,-33.6907833,0 -71.6247983,-33.6908916,0</coordinates></LineString></Placemark><Placemark><name>Trabajado - Cuartel 1999 - Hilera 2054</name><Style><LineStyle><color>ff00ff00</color><width>3</width></LineStyle></Style><LineString><coordinates>-71.6247816,-33.6909083,0 -71.6248249,-33.6909783,0</coordinates></LineString></Placemark><Placemark><name>Trabajado - Cuartel 1999 - Hilera 2057</name><Style><LineStyle><color>ff00ff00</color><width>3</width></LineStyle></Style><LineString><coordinates>-71.624915,-33.6910049,0 -71.62494,-33.6911283,0</coordinates></LineString></Placemark><Placemark><name>Trabajado - Cuartel 1999 - Hilera 2058</name><Style><LineStyle><color>ff00ff00</color><width>3</width></LineStyle></Style><LineString><coordinates>-71.62493618728669,-33.69117477836045,0 -71.62506912789507,-33.68955418404051,0</coordinates></LineString></Placemark><Placemark><name>Trabajado - Cuartel 1999 - Hilera 2087</name><Style><LineStyle><color>ff00ff00</color><width>3</width></LineStyle></Style><LineString><coordinates>-71.62494,-33.6918666,0 -71.6250766,-33.6896083,0</coordinates></LineString></Placemark><Placemark><name>Trabajado - Cuartel 1999 - Hilera 2097</name><Style><LineStyle><color>ff00ff00</color><width>3</width></LineStyle></Style><LineString><coordinates>-71.6251216,-33.6895416,0 -71.62484298042065,-33.69284138549624,0</coordinates></LineString></Placemark><Placemark><name>Trabajado - Cuartel 2001 - Hilera 2001</name><Style><LineStyle><color>ff00ff00</color><width>3</width></LineStyle></Style><LineString><coordinates>-71.6251899,-33.689615,0 -71.6276049,-33.6893933,0</coordinates></LineString></Placemark><Placemark><name>Trabajado - Cuartel 2001 - Hilera 2014</name><Style><LineStyle><color>ff00ff00</color><width>3</width></LineStyle></Style><LineString><coordinates>-71.62755819825482,-33.689495945057566,0 -71.6250633,-33.6895716,0</coordinates></LineString></Placemark><Placemark><name>Trabajado - Cuartel 2001 - Hilera 2059</name><Style><LineStyle><color>ff00ff00</color><width>3</width></LineStyle></Style><LineString><coordinates>-71.6250666,-33.689585,0 -71.6275733,-33.6895166,0</coordinates></LineString></Placemark><Placemark><name>Trabajado - Cuartel 2001 - Hilera 2088</name><Style><LineStyle><color>ff00ff00</color><width>3</width></LineStyle></Style><LineString><coordinates>-71.6250766,-33.6896083,0 -71.6275783,-33.6895033,0</coordinates></LineString></Placemark><Placemark><name>Trabajado - Cuartel 2001 - Hilera 2096</name><Style><LineStyle><color>ff00ff00</color><width>3</width></LineStyle></Style><LineString><coordinates>-71.6276233,-33.68946,0 -71.6251216,-33.6895416,0</coordinates></LineString></Placemark><Placemark><name>Trabajado - Cuartel 2002 - Hilera 2002</name><Style><LineStyle><color>ff00ff00</color><width>3</width></LineStyle></Style><LineString><coordinates>-71.6276049,-33.6893933,0 -71.6256116,-33.6791816,0</coordinates></LineString></Placemark><Placemark><name>Trabajado - Cuartel 2002 - Hilera 2013</name><Style><LineStyle><color>ff00ff00</color><width>3</width></LineStyle></Style><LineString><coordinates>-71.625645,-33.6786666,0 -71.62760295671646,-33.68950017235446,0</coordinates></LineString></Placemark><Placemark><name>Trabajado - Cuartel 2002 - Hilera 2061</name><Style><LineStyle><color>ff00ff00</color><width>3</width></LineStyle></Style><LineString><coordinates>-71.62760596524707,-33.68945095575755,0 -71.6257,-33.6791849,0</coordinates></LineString></Placemark><Placemark><name>Trabajado - Cuartel 2002 - Hilera 2159</name><Style><LineStyle><color>ff00ff00</color><width>3</width></LineStyle></Style><LineString><coordinates>-71.62571,-33.6791683,0 -71.6270066,-33.687905,0</coordinates></LineString></Placemark><Placemark><name>Trabajado - Cuartel 2002 - Hilera 2281</name><Style><LineStyle><color>ff00ff00</color><width>3</width></LineStyle></Style><LineString><coordinates>-71.6258416,-33.679345,0 -71.6270499,-33.6879316,0</coordinates></LineString></Placemark><Placemark><name>Descartado (grupo chico) - Hilera 2012</name><Style><LineStyle><color>ff00ffff</color><width>3</width></LineStyle></Style><LineString><coordinates>-71.6256399,-33.6790566,0 -71.625645,-33.6786666,0</coordinates></LineString></Placemark><Placemark><name>Descartado (grupo chico) - Hilera 2024</name><Style><LineStyle><color>ff00ffff</color><width>3</width></LineStyle></Style><LineString><coordinates>-71.6249233,-33.6901016,0 -71.6247533,-33.6901983,0</coordinates></LineString></Placemark><Placemark><name>Descartado (grupo chico) - Hilera 2056</name><Style><LineStyle><color>ff00ffff</color><width>3</width></LineStyle></Style><LineString><coordinates>-71.62481,-33.6910466,0 -71.624915,-33.6910049,0</coordinates></LineString></Placemark><Placemark><name>Descartado (grupo chico) - Hilera 2060</name><Style><LineStyle><color>ff00ffff</color><width>3</width></LineStyle></Style><LineString><coordinates>-71.6275733,-33.6895166,0 -71.6276033,-33.6894366,0</coordinates></LineString></Placemark><Placemark><name>Descartado (grupo chico) - Hilera 2068</name><Style><LineStyle><color>ff00ffff</color><width>3</width></LineStyle></Style><LineString><coordinates>-71.6256266,-33.6791849,0 -71.625715,-33.6792066,0</coordinates></LineString></Placemark><Placemark><name>Descartado (grupo chico) - Hilera 2158</name><Style><LineStyle><color>ff00ffff</color><width>3</width></LineStyle></Style><LineString><coordinates>-71.6256,-33.6791533,0 -71.62571,-33.6791683,0</coordinates></LineString></Placemark><Placemark><name>Descartado (grupo chico) - Hilera 2074</name><Style><LineStyle><color>ff00ffff</color><width>3</width></LineStyle></Style><LineString><coordinates>-71.6231,-33.6913666,0 -71.62325150471881,-33.69164388813959,0</coordinates></LineString></Placemark><Placemark><name>Descartado (grupo chico) - Hilera 2085</name><Style><LineStyle><color>ff00ffff</color><width>3</width></LineStyle></Style><LineString><coordinates>-71.62312,-33.691825,0 -71.62317,-33.691905,0</coordinates></LineString></Placemark><Placemark><name>Descartado (grupo chico) - Hilera 2127</name><Style><LineStyle><color>ff00ffff</color><width>3</width></LineStyle></Style><LineString><coordinates>-71.6231083,-33.6912333,0 -71.6230266,-33.6911583,0</coordinates></LineString></Placemark><Placemark><name>Descartado (grupo chico) - Hilera 2077</name><Style><LineStyle><color>ff00ffff</color><width>3</width></LineStyle></Style><LineString><coordinates>-71.6249083,-33.6914849,0 -71.62499,-33.6915549,0</coordinates></LineString></Placemark><Placemark><name>Descartado (grupo chico) - Hilera 2081</name><Style><LineStyle><color>ff00ffff</color><width>3</width></LineStyle></Style><LineString><coordinates>-71.6249566,-33.691705,0 -71.6248966,-33.6917583,0</coordinates></LineString></Placemark><Placemark><name>Descartado (grupo chico) - Hilera 2084</name><Style><LineStyle><color>ff00ffff</color><width>3</width></LineStyle></Style><LineString><coordinates>-71.6233066,-33.69175,0 -71.62312,-33.691825,0</coordinates></LineString></Placemark><Placemark><name>Descartado (grupo chico) - Hilera 2089</name><Style><LineStyle><color>ff00ffff</color><width>3</width></LineStyle></Style><LineString><coordinates>-71.6257933,-33.6794783,0 -71.62562,-33.6792149,0</coordinates></LineString></Placemark><Placemark><name>Descartado (grupo chico) - Hilera 2280</name><Style><LineStyle><color>ff00ffff</color><width>3</width></LineStyle></Style><LineString><coordinates>-71.6257133,-33.6791633,0 -71.6258416,-33.679345,0</coordinates></LineString></Placemark><Placemark><name>Trabajado - Cuartel 2095 - Hilera 2095</name><Style><LineStyle><color>ff00ff00</color><width>3</width></LineStyle></Style><LineString><coordinates>-71.62407065930903,-33.678913249590245,0 -71.62412517711324,-33.68328489604267,0</coordinates></LineString></Placemark><Placemark><name>Trabajado - Cuartel 2095 - Hilera 2150</name><Style><LineStyle><color>ff00ff00</color><width>3</width></LineStyle></Style><LineString><coordinates>-71.6235933,-33.6802766,0 -71.6235616,-33.6801783,0</coordinates></LineString></Placemark><Placemark><name>Trabajado - Cuartel 2095 - Hilera 2234</name><Style><LineStyle><color>ff00ff00</color><width>3</width></LineStyle></Style><LineString><coordinates>-71.6239033,-33.6790433,0 -71.6240783,-33.682015,0</coordinates></LineString></Placemark><Placemark><name>Trabajado - Cuartel 2095 - Hilera 2568</name><Style><LineStyle><color>ff00ff00</color><width>3</width></LineStyle></Style><LineString><coordinates>-71.6240433,-33.6817983,0 -71.6238949,-33.68004,0</coordinates></LineString></Placemark><Placemark><name>Trabajado - Cuartel 2095 - Hilera 2583</name><Style><LineStyle><color>ff00ff00</color><width>3</width></LineStyle></Style><LineString><coordinates>-71.6241166,-33.68177,0 -71.6239983,-33.6793016,0</coordinates></LineString></Placemark><Placemark><name>Trabajado - Cuartel 2095 - Hilera 2695</name><Style><LineStyle><color>ff00ff00</color><width>3</width></LineStyle></Style><LineString><coordinates>-71.6238566,-33.67901,0 -71.6240766,-33.6838999,0</coordinates></LineString></Placemark><Placemark><name>Trabajado - Cuartel 2095 - Hilera 2780</name><Style><LineStyle><color>ff00ff00</color><width>3</width></LineStyle></Style><LineString><coordinates>-71.6240233,-33.6790449,0 -71.62409,-33.6840983,0</coordinates></LineString></Placemark><Placemark><name>Descartado (grupo chico) - Hilera 2102</name><Style><LineStyle><color>ff00ffff</color><width>3</width></LineStyle></Style><LineString><coordinates>-71.6213083,-33.6918549,0 -71.6213016,-33.69176,0</coordinates></LineString></Placemark><Placemark><name>Descartado (grupo chico) - Hilera 2118</name><Style><LineStyle><color>ff00ffff</color><width>3</width></LineStyle></Style><LineString><coordinates>-71.6213266,-33.6915399,0 -71.6213716,-33.6916233,0</coordinates></LineString></Placemark><Placemark><name>Descartado (grupo chico) - Hilera 2341</name><Style><LineStyle><color>ff00ffff</color><width>3</width></LineStyle></Style><LineString><coordinates>-71.6210866,-33.6918566,0 -71.62112,-33.6919333,0</coordinates></LineString></Placemark><Placemark><name>Descartado (grupo chico) - Hilera 2107</name><Style><LineStyle><color>ff00ffff</color><width>3</width></LineStyle></Style><LineString><coordinates>-71.6220733,-33.6917,0 -71.6220266,-33.6916333,0</coordinates></LineString></Placemark><Placemark><name>Descartado (grupo chico) - Hilera 2109</name><Style><LineStyle><color>ff00ffff</color><width>3</width></LineStyle></Style><LineString><coordinates>-71.6220916,-33.6916316,0 -71.622175,-33.6917249,0</coordinates></LineString></Placemark><Placemark><name>Descartado (grupo chico) - Hilera 2110</name><Style><LineStyle><color>ff00ffff</color><width>3</width></LineStyle></Style><LineString><coordinates>-71.622175,-33.6917249,0 -71.622225,-33.6916433,0</coordinates></LineString></Placemark><Placemark><name>Descartado (grupo chico) - Hilera 2113</name><Style><LineStyle><color>ff00ffff</color><width>3</width></LineStyle></Style><LineString><coordinates>-71.6230366,-33.6916433,0 -71.6230499,-33.6915283,0</coordinates></LineString></Placemark><Placemark><name>Descartado (grupo chico) - Hilera 2119</name><Style><LineStyle><color>ff00ffff</color><width>3</width></LineStyle></Style><LineString><coordinates>-71.621405,-33.691635,0 -71.6214816,-33.691445,0</coordinates></LineString></Placemark><Placemark><name>Descartado (grupo chico) - Hilera 2143</name><Style><LineStyle><color>ff00ffff</color><width>3</width></LineStyle></Style><LineString><coordinates>-71.623,-33.6904466,0 -71.6231683,-33.6863833,0</coordinates></LineString></Placemark><Placemark><name>Descartado (grupo chico) - Hilera 2202</name><Style><LineStyle><color>ff00ffff</color><width>3</width></LineStyle></Style><LineString><coordinates>-71.6230333,-33.6891433,0 -71.62302,-33.6890116,0</coordinates></LineString></Placemark><Placemark><name>Descartado (grupo chico) - Hilera 2210</name><Style><LineStyle><color>ff00ffff</color><width>3</width></LineStyle></Style><LineString><coordinates>-71.6229683,-33.6889833,0 -71.6229783,-33.6888933,0</coordinates></LineString></Placemark><Placemark><name>Descartado (grupo chico) - Hilera 2144</name><Style><LineStyle><color>ff00ffff</color><width>3</width></LineStyle></Style><LineString><coordinates>-71.623215,-33.6863366,0 -71.6230516,-33.6860433,0</coordinates></LineString></Placemark><Placemark><name>Descartado (grupo chico) - Hilera 2146</name><Style><LineStyle><color>ff00ffff</color><width>3</width></LineStyle></Style><LineString><coordinates>-71.6231633,-33.68341,0 -71.6237933,-33.6833933,0</coordinates></LineString></Placemark><Placemark><name>Descartado (grupo chico) - Hilera 2900</name><Style><LineStyle><color>ff00ffff</color><width>3</width></LineStyle></Style><LineString><coordinates>-71.6232016,-33.6830466,0 -71.6233733,-33.683035,0</coordinates></LineString></Placemark><Placemark><name>Descartado (grupo chico) - Hilera 2909</name><Style><LineStyle><color>ff00ffff</color><width>3</width></LineStyle></Style><LineString><coordinates>-71.6237116,-33.6835383,0 -71.6238066,-33.6835633,0</coordinates></LineString></Placemark><Placemark><name>Descartado (grupo chico) - Hilera 2147</name><Style><LineStyle><color>ff00ffff</color><width>3</width></LineStyle></Style><LineString><coordinates>-71.6237933,-33.6833933,0 -71.62407,-33.6832766,0</coordinates></LineString></Placemark><Placemark><name>Descartado (grupo chico) - Hilera 2148</name><Style><LineStyle><color>ff00ffff</color><width>3</width></LineStyle></Style><LineString><coordinates>-71.62407443972275,-33.68583161690382,0 -71.62406275397638,-33.67910658444541,0</coordinates></LineString></Placemark><Placemark><name>Descartado (grupo chico) - Hilera 2149</name><Style><LineStyle><color>ff00ffff</color><width>3</width></LineStyle></Style><LineString><coordinates>-71.6240099,-33.6803166,0 -71.6235933,-33.6802766,0</coordinates></LineString></Placemark><Placemark><name>Descartado (grupo chico) - Hilera 2151</name><Style><LineStyle><color>ff00ffff</color><width>3</width></LineStyle></Style><LineString><coordinates>-71.6235616,-33.6801783,0 -71.6236183,-33.6799166,0</coordinates></LineString></Placemark><Placemark><name>Descartado (grupo chico) - Hilera 2160</name><Style><LineStyle><color>ff00ffff</color><width>3</width></LineStyle></Style><LineString><coordinates>-71.6270066,-33.687905,0 -71.6250666,-33.6881566,0</coordinates></LineString></Placemark><Placemark><name>Descartado (grupo chico) - Hilera 2283</name><Style><LineStyle><color>ff00ffff</color><width>3</width></LineStyle></Style><LineString><coordinates>-71.6269566,-33.6879716,0 -71.6250666,-33.6881183,0</coordinates></LineString></Placemark><Placemark><name>Descartado (grupo chico) - Hilera 2161</name><Style><LineStyle><color>ff00ffff</color><width>3</width></LineStyle></Style><LineString><coordinates>-71.6250666,-33.6881566,0 -71.6249416,-33.68803,0</coordinates></LineString></Placemark><Placemark><name>Descartado (grupo chico) - Hilera 2284</name><Style><LineStyle><color>ff00ffff</color><width>3</width></LineStyle></Style><LineString><coordinates>-71.6250666,-33.6881183,0 -71.6249316,-33.68801,0</coordinates></LineString></Placemark><Placemark><name>Descartado (grupo chico) - Hilera 2162</name><Style><LineStyle><color>ff00ffff</color><width>3</width></LineStyle></Style><LineString><coordinates>-71.6249416,-33.68803,0 -71.6241383,-33.6880183,0</coordinates></LineString></Placemark><Placemark><name>Descartado (grupo chico) - Hilera 2285</name><Style><LineStyle><color>ff00ffff</color><width>3</width></LineStyle></Style><LineString><coordinates>-71.6249316,-33.68801,0 -71.6241583,-33.6879983,0</coordinates></LineString></Placemark><Placemark><name>Descartado (grupo chico) - Hilera 2163</name><Style><LineStyle><color>ff00ffff</color><width>3</width></LineStyle></Style><LineString><coordinates>-71.62409,-33.6880566,0 -71.6240066,-33.6892016,0</coordinates></LineString></Placemark><Placemark><name>Descartado (grupo chico) - Hilera 2286</name><Style><LineStyle><color>ff00ffff</color><width>3</width></LineStyle></Style><LineString><coordinates>-71.6241583,-33.6879983,0 -71.624045,-33.6887799,0</coordinates></LineString></Placemark><Placemark><name>Descartado (grupo chico) - Hilera 2168</name><Style><LineStyle><color>ff00ffff</color><width>3</width></LineStyle></Style><LineString><coordinates>-71.62115563612294,-33.690641127230464,0 -71.6213349,-33.6900633,0</coordinates></LineString></Placemark><Placemark><name>Descartado (grupo chico) - Hilera 2170</name><Style><LineStyle><color>ff00ffff</color><width>3</width></LineStyle></Style><LineString><coordinates>-71.6221566,-33.6900499,0 -71.6221733,-33.689945,0</coordinates></LineString></Placemark><Placemark><name>Descartado (grupo chico) - Hilera 2171</name><Style><LineStyle><color>ff00ffff</color><width>3</width></LineStyle></Style><LineString><coordinates>-71.622145,-33.6899866,0 -71.6221599,-33.688975,0</coordinates></LineString></Placemark><Placemark><name>Descartado (grupo chico) - Hilera 2218</name><Style><LineStyle><color>ff00ffff</color><width>3</width></LineStyle></Style><LineString><coordinates>-71.6195049,-33.6893,0 -71.6194149,-33.6893583,0</coordinates></LineString></Placemark><Placemark><name>Descartado (grupo chico) - Hilera 2223</name><Style><LineStyle><color>ff00ffff</color><width>3</width></LineStyle></Style><LineString><coordinates>-71.619425,-33.6894366,0 -71.619355,-33.68952,0</coordinates></LineString></Placemark><Placemark><name>Descartado (grupo chico) - Hilera 2257</name><Style><LineStyle><color>ff00ffff</color><width>3</width></LineStyle></Style><LineString><coordinates>-71.6202433,-33.690425,0 -71.62023,-33.6905166,0</coordinates></LineString></Placemark><Placemark><name>Descartado (grupo chico) - Hilera 2259</name><Style><LineStyle><color>ff00ffff</color><width>3</width></LineStyle></Style><LineString><coordinates>-71.6203616,-33.6903649,0 -71.62037165994808,-33.69018382093454,0</coordinates></LineString></Placemark><Placemark><name>Descartado (grupo chico) - Hilera 2272</name><Style><LineStyle><color>ff00ffff</color><width>3</width></LineStyle></Style><LineString><coordinates>-71.6203866,-33.6905416,0 -71.6203766,-33.6887833,0</coordinates></LineString></Placemark><Placemark><name>Descartado (grupo chico) - Hilera 2288</name><Style><LineStyle><color>ff00ffff</color><width>3</width></LineStyle></Style><LineString><coordinates>-71.6203933,-33.68876,0 -71.6203366,-33.690755,0</coordinates></LineString></Placemark><Placemark><name>Descartado (grupo chico) - Hilera 2258</name><Style><LineStyle><color>ff00ffff</color><width>3</width></LineStyle></Style><LineString><coordinates>-71.62023,-33.6905166,0 -71.62036781300195,-33.69036897070881,0</coordinates></LineString></Placemark><Placemark><name>Descartado (grupo chico) - Hilera 2261</name><Style><LineStyle><color>ff00ffff</color><width>3</width></LineStyle></Style><LineString><coordinates>-71.6211216,-33.6903216,0 -71.6210516,-33.690395,0</coordinates></LineString></Placemark><Placemark><name>Descartado (grupo chico) - Hilera 2282</name><Style><LineStyle><color>ff00ffff</color><width>3</width></LineStyle></Style><LineString><coordinates>-71.6270499,-33.6879316,0 -71.6269566,-33.6879716,0</coordinates></LineString></Placemark><Placemark><name>Descartado (grupo chico) - Hilera 2293</name><Style><LineStyle><color>ff00ffff</color><width>3</width></LineStyle></Style><LineString><coordinates>-71.6195633,-33.6908466,0 -71.619495,-33.6909499,0</coordinates></LineString></Placemark><Placemark><name>Descartado (grupo chico) - Hilera 2300</name><Style><LineStyle><color>ff00ffff</color><width>3</width></LineStyle></Style><LineString><coordinates>-71.6195433,-33.6911016,0 -71.6195116,-33.691185,0</coordinates></LineString></Placemark><Placemark><name>Descartado (grupo chico) - Hilera 2305</name><Style><LineStyle><color>ff00ffff</color><width>3</width></LineStyle></Style><LineString><coordinates>-71.6195083,-33.6912666,0 -71.6194783,-33.6913533,0</coordinates></LineString></Placemark><Placemark><name>Trabajado - Cuartel 2315 - Hilera 2315</name><Style><LineStyle><color>ff00ff00</color><width>3</width></LineStyle></Style><LineString><coordinates>-71.6195083,-33.6810199,0 -71.6204866,-33.680695,0</coordinates></LineString></Placemark><Placemark><name>Trabajado - Cuartel 2315 - Hilera 2431</name><Style><LineStyle><color>ff00ff00</color><width>3</width></LineStyle></Style><LineString><coordinates>-71.62402,-33.679595,0 -71.614715617721,-33.68235170021778,0</coordinates></LineString></Placemark><Placemark><name>Trabajado - Cuartel 2315 - Hilera 2432</name><Style><LineStyle><color>ff00ff00</color><width>3</width></LineStyle></Style><LineString><coordinates>-71.6156581163591,-33.6820628110422,0 -71.62352542524737,-33.67998897150951,0</coordinates></LineString></Placemark><Placemark><name>Trabajado - Cuartel 2315 - Hilera 2919</name><Style><LineStyle><color>ff00ff00</color><width>3</width></LineStyle></Style><LineString><coordinates>-71.6234133,-33.68,0 -71.6146233,-33.68248,0</coordinates></LineString></Placemark><Placemark><name>Trabajado - Cuartel 2315 - Hilera 2952</name><Style><LineStyle><color>ff00ff00</color><width>3</width></LineStyle></Style><LineString><coordinates>-71.6128316,-33.683015,0 -71.6240033,-33.67966,0</coordinates></LineString></Placemark><Placemark><name>Trabajado - Cuartel 2315 - Hilera 2954</name><Style><LineStyle><color>ff00ff00</color><width>3</width></LineStyle></Style><LineString><coordinates>-71.6239133,-33.6797916,0 -71.612815,-33.6830516,0</coordinates></LineString></Placemark><Placemark><name>Trabajado - Cuartel 2315 - Hilera 3022</name><Style><LineStyle><color>ff00ff00</color><width>3</width></LineStyle></Style><LineString><coordinates>-71.6156233,-33.6820949,0 -71.6239183,-33.6797833,0</coordinates></LineString></Placemark><Placemark><name>Trabajado - Cuartel 2315 - Hilera 3125</name><Style><LineStyle><color>ff00ff00</color><width>3</width></LineStyle></Style><LineString><coordinates>-71.6156683,-33.6820116,0 -71.6239783,-33.6796883,0</coordinates></LineString></Placemark><Placemark><name>Trabajado - Cuartel 2315 - Hilera 3128</name><Style><LineStyle><color>ff00ff00</color><width>3</width></LineStyle></Style><LineString><coordinates>-71.6236816,-33.6798666,0 -71.61268,-33.6831266,0</coordinates></LineString></Placemark><Placemark><name>Trabajado - Cuartel 2315 - Hilera 3160</name><Style><LineStyle><color>ff00ff00</color><width>3</width></LineStyle></Style><LineString><coordinates>-71.6126783,-33.6831449,0 -71.624045,-33.67957,0</coordinates></LineString></Placemark><Placemark><name>Trabajado - Cuartel 2315 - Hilera 3162</name><Style><LineStyle><color>ff00ff00</color><width>3</width></LineStyle></Style><LineString><coordinates>-71.6244483,-33.679485,0 -71.6127266,-33.68308,0</coordinates></LineString></Placemark><Placemark><name>Trabajado - Cuartel 2315 - Hilera 3249</name><Style><LineStyle><color>ff00ff00</color><width>3</width></LineStyle></Style><LineString><coordinates>-71.615695,-33.6821133,0 -71.6240216,-33.6797333,0</coordinates></LineString></Placemark><Placemark><name>Trabajado - Cuartel 2315 - Hilera 3266</name><Style><LineStyle><color>ff00ff00</color><width>3</width></LineStyle></Style><LineString><coordinates>-71.6127566,-33.68308,0 -71.6239916,-33.6797266,0</coordinates></LineString></Placemark><Placemark><name>Trabajado - Cuartel 2315 - Hilera 3271</name><Style><LineStyle><color>ff00ff00</color><width>3</width></LineStyle></Style><LineString><coordinates>-71.6237783,-33.679845,0 -71.6164966,-33.68178,0</coordinates></LineString></Placemark><Placemark><name>Trabajado - Cuartel 2315 - Hilera 3295</name><Style><LineStyle><color>ff00ff00</color><width>3</width></LineStyle></Style><LineString><coordinates>-71.61558,-33.6820883,0 -71.6238,-33.67986,0</coordinates></LineString></Placemark><Placemark><name>Trabajado - Cuartel 2315 - Hilera 3299</name><Style><LineStyle><color>ff00ff00</color><width>3</width></LineStyle></Style><LineString><coordinates>-71.624435,-33.6794666,0 -71.615585,-33.6820466,0</coordinates></LineString></Placemark><Placemark><name>Trabajado - Cuartel 2315 - Hilera 3358</name><Style><LineStyle><color>ff00ff00</color><width>3</width></LineStyle></Style><LineString><coordinates>-71.614685,-33.6823766,0 -71.6239783,-33.6797316,0</coordinates></LineString></Placemark><Placemark><name>Trabajado - Cuartel 2315 - Hilera 3361</name><Style><LineStyle><color>ff00ff00</color><width>3</width></LineStyle></Style><LineString><coordinates>-71.6238883,-33.6798,0 -71.6147666,-33.682375,0</coordinates></LineString></Placemark><Placemark><name>Trabajado - Cuartel 2315 - Hilera 3394</name><Style><LineStyle><color>ff00ff00</color><width>3</width></LineStyle></Style><LineString><coordinates>-71.6133866,-33.6829283,0 -71.6239416,-33.67973,0</coordinates></LineString></Placemark><Placemark><name>Trabajado - Cuartel 2315 - Hilera 3396</name><Style><LineStyle><color>ff00ff00</color><width>3</width></LineStyle></Style><LineString><coordinates>-71.6240116,-33.6795333,0 -71.615675,-33.6818533,0</coordinates></LineString></Placemark><Placemark><name>Trabajado - Cuartel 2315 - Hilera 3432</name><Style><LineStyle><color>ff00ff00</color><width>3</width></LineStyle></Style><LineString><coordinates>-71.6158683,-33.68177,0 -71.6240366,-33.6795166,0</coordinates></LineString></Placemark><Placemark><name>Descartado (grupo chico) - Hilera 2320</name><Style><LineStyle><color>ff00ffff</color><width>3</width></LineStyle></Style><LineString><coordinates>-71.61948,-33.6810266,0 -71.61927533246643,-33.69837140978505,0</coordinates></LineString></Placemark><Placemark><name>Descartado (grupo chico) - Hilera 2321</name><Style><LineStyle><color>ff00ffff</color><width>3</width></LineStyle></Style><LineString><coordinates>-71.6192983,-33.6983716,0 -71.6184166,-33.6984183,0</coordinates></LineString></Placemark><Placemark><name>Descartado (grupo chico) - Hilera 2322</name><Style><LineStyle><color>ff00ffff</color><width>3</width></LineStyle></Style><LineString><coordinates>-71.6184166,-33.6984183,0 -71.618325,-33.7000866,0</coordinates></LineString></Placemark><Placemark><name>Descartado (grupo chico) - Hilera 2323</name><Style><LineStyle><color>ff00ffff</color><width>3</width></LineStyle></Style><LineString><coordinates>-71.618325,-33.7000866,0 -71.6137366,-33.7001016,0</coordinates></LineString></Placemark><Placemark><name>Descartado (grupo chico) - Hilera 2325</name><Style><LineStyle><color>ff00ffff</color><width>3</width></LineStyle></Style><LineString><coordinates>-71.6137583,-33.7002266,0 -71.6191433,-33.700525,0</coordinates></LineString></Placemark><Placemark><name>Descartado (grupo chico) - Hilera 2324</name><Style><LineStyle><color>ff00ffff</color><width>3</width></LineStyle></Style><LineString><coordinates>-71.6137366,-33.7001016,0 -71.6137583,-33.7002266,0</coordinates></LineString></Placemark><Placemark><name>Descartado (grupo chico) - Hilera 2326</name><Style><LineStyle><color>ff00ffff</color><width>3</width></LineStyle></Style><LineString><coordinates>-71.6191433,-33.700525,0 -71.6193183,-33.7004283,0</coordinates></LineString></Placemark><Placemark><name>Descartado (grupo chico) - Hilera 2327</name><Style><LineStyle><color>ff00ffff</color><width>3</width></LineStyle></Style><LineString><coordinates>-71.6193183,-33.7004283,0 -71.61932,-33.6952283,0</coordinates></LineString></Placemark><Placemark><name>Descartado (grupo chico) - Hilera 2328</name><Style><LineStyle><color>ff00ffff</color><width>3</width></LineStyle></Style><LineString><coordinates>-71.61932,-33.6952283,0 -71.6175333,-33.6951633,0</coordinates></LineString></Placemark><Placemark><name>Descartado (grupo chico) - Hilera 2330</name><Style><LineStyle><color>ff00ffff</color><width>3</width></LineStyle></Style><LineString><coordinates>-71.6174433,-33.6949783,0 -71.6174766,-33.6947333,0</coordinates></LineString></Placemark><Placemark><name>Descartado (grupo chico) - Hilera 2332</name><Style><LineStyle><color>ff00ffff</color><width>3</width></LineStyle></Style><LineString><coordinates>-71.61738,-33.694505,0 -71.6174649,-33.692685,0</coordinates></LineString></Placemark><Placemark><name>Descartado (grupo chico) - Hilera 2333</name><Style><LineStyle><color>ff00ffff</color><width>3</width></LineStyle></Style><LineString><coordinates>-71.6174649,-33.692685,0 -71.61938,-33.69255,0</coordinates></LineString></Placemark><Placemark><name>Descartado (grupo chico) - Hilera 2334</name><Style><LineStyle><color>ff00ffff</color><width>3</width></LineStyle></Style><LineString><coordinates>-71.61938,-33.69255,0 -71.6194516,-33.69169,0</coordinates></LineString></Placemark><Placemark><name>Descartado (grupo chico) - Hilera 2343</name><Style><LineStyle><color>ff00ffff</color><width>3</width></LineStyle></Style><LineString><coordinates>-71.62028,-33.6919116,0 -71.6202649,-33.6920016,0</coordinates></LineString></Placemark><Placemark><name>Descartado (grupo chico) - Hilera 2345</name><Style><LineStyle><color>ff00ffff</color><width>3</width></LineStyle></Style><LineString><coordinates>-71.6239916,-33.69205,0 -71.6240433,-33.6924149,0</coordinates></LineString></Placemark><Placemark><name>Trabajado - Cuartel 2346 - Hilera 2346</name><Style><LineStyle><color>ff00ff00</color><width>3</width></LineStyle></Style><LineString><coordinates>-71.6240433,-33.6924149,0 -71.6231516,-33.6924533,0</coordinates></LineString></Placemark><Placemark><name>Trabajado - Cuartel 2346 - Hilera 2347</name><Style><LineStyle><color>ff00ff00</color><width>3</width></LineStyle></Style><LineString><coordinates>-71.6231516,-33.6924533,0 -71.6233149,-33.6925883,0</coordinates></LineString></Placemark><Placemark><name>Trabajado - Cuartel 2346 - Hilera 2348</name><Style><LineStyle><color>ff00ff00</color><width>3</width></LineStyle></Style><LineString><coordinates>-71.6233149,-33.6925883,0 -71.6239983,-33.6926233,0</coordinates></LineString></Placemark><Placemark><name>Trabajado - Cuartel 2346 - Hilera 2349</name><Style><LineStyle><color>ff00ff00</color><width>3</width></LineStyle></Style><LineString><coordinates>-71.6239983,-33.6926233,0 -71.6248166,-33.692585,0</coordinates></LineString></Placemark><Placemark><name>Trabajado - Cuartel 2346 - Hilera 2351</name><Style><LineStyle><color>ff00ff00</color><width>3</width></LineStyle></Style><LineString><coordinates>-71.6249033,-33.6926616,0 -71.62318629750902,-33.69264096956315,0</coordinates></LineString></Placemark><Placemark><name>Trabajado - Cuartel 2346 - Hilera 2352</name><Style><LineStyle><color>ff00ff00</color><width>3</width></LineStyle></Style><LineString><coordinates>-71.6231866,-33.6926233,0 -71.6230866,-33.69267,0</coordinates></LineString></Placemark><Placemark><name>Trabajado - Cuartel 2346 - Hilera 2354</name><Style><LineStyle><color>ff00ff00</color><width>3</width></LineStyle></Style><LineString><coordinates>-71.6230983,-33.6927666,0 -71.6232,-33.6928333,0</coordinates></LineString></Placemark><Placemark><name>Trabajado - Cuartel 2346 - Hilera 2355</name><Style><LineStyle><color>ff00ff00</color><width>3</width></LineStyle></Style><LineString><coordinates>-71.6232,-33.6928333,0 -71.62437308202064,-33.692721691951505,0</coordinates></LineString></Placemark><Placemark><name>Trabajado - Cuartel 2346 - Hilera 2357</name><Style><LineStyle><color>ff00ff00</color><width>3</width></LineStyle></Style><LineString><coordinates>-71.6235733,-33.6927333,0 -71.62365943827847,-33.69283337417848,0</coordinates></LineString></Placemark><Placemark><name>Trabajado - Cuartel 2346 - Hilera 2358</name><Style><LineStyle><color>ff00ff00</color><width>3</width></LineStyle></Style><LineString><coordinates>-71.6236733,-33.692825,0 -71.6238416,-33.6928499,0</coordinates></LineString></Placemark><Placemark><name>Trabajado - Cuartel 2346 - Hilera 2359</name><Style><LineStyle><color>ff00ff00</color><width>3</width></LineStyle></Style><LineString><coordinates>-71.6238416,-33.6928499,0 -71.6241599,-33.692735,0</coordinates></LineString></Placemark><Placemark><name>Trabajado - Cuartel 2346 - Hilera 2360</name><Style><LineStyle><color>ff00ff00</color><width>3</width></LineStyle></Style><LineString><coordinates>-71.624145,-33.6927116,0 -71.6242349,-33.6927383,0</coordinates></LineString></Placemark><Placemark><name>Trabajado - Cuartel 2346 - Hilera 2361</name><Style><LineStyle><color>ff00ff00</color><width>3</width></LineStyle></Style><LineString><coordinates>-71.6243633,-33.6927616,0 -71.6248333,-33.6927383,0</coordinates></LineString></Placemark><Placemark><name>Trabajado - Cuartel 2346 - Hilera 2362</name><Style><LineStyle><color>ff00ff00</color><width>3</width></LineStyle></Style><LineString><coordinates>-71.6248466,-33.6928416,0 -71.62348466868795,-33.69282857283092,0</coordinates></LineString></Placemark><Placemark><name>Trabajado - Cuartel 2346 - Hilera 2363</name><Style><LineStyle><color>ff00ff00</color><width>3</width></LineStyle></Style><LineString><coordinates>-71.6240316,-33.6929049,0 -71.6237866,-33.6928333,0</coordinates></LineString></Placemark><Placemark><name>Trabajado - Cuartel 2346 - Hilera 2364</name><Style><LineStyle><color>ff00ff00</color><width>3</width></LineStyle></Style><LineString><coordinates>-71.623415,-33.6928399,0 -71.6230183,-33.6928433,0</coordinates></LineString></Placemark><Placemark><name>Trabajado - Cuartel 2346 - Hilera 2365</name><Style><LineStyle><color>ff00ff00</color><width>3</width></LineStyle></Style><LineString><coordinates>-71.6230183,-33.6928433,0 -71.6231333,-33.6929366,0</coordinates></LineString></Placemark><Placemark><name>Trabajado - Cuartel 2346 - Hilera 2366</name><Style><LineStyle><color>ff00ff00</color><width>3</width></LineStyle></Style><LineString><coordinates>-71.6231283,-33.6928983,0 -71.6233599,-33.6929483,0</coordinates></LineString></Placemark><Placemark><name>Trabajado - Cuartel 2346 - Hilera 2367</name><Style><LineStyle><color>ff00ff00</color><width>3</width></LineStyle></Style><LineString><coordinates>-71.6233599,-33.6929483,0 -71.6236516,-33.6928633,0</coordinates></LineString></Placemark><Placemark><name>Trabajado - Cuartel 2346 - Hilera 2368</name><Style><LineStyle><color>ff00ff00</color><width>3</width></LineStyle></Style><LineString><coordinates>-71.62372,-33.69288,0 -71.6238766,-33.6928883,0</coordinates></LineString></Placemark><Placemark><name>Trabajado - Cuartel 2346 - Hilera 2370</name><Style><LineStyle><color>ff00ff00</color><width>3</width></LineStyle></Style><LineString><coordinates>-71.6239383,-33.6929666,0 -71.62405,-33.6929483,0</coordinates></LineString></Placemark><Placemark><name>Trabajado - Cuartel 2346 - Hilera 2371</name><Style><LineStyle><color>ff00ff00</color><width>3</width></LineStyle></Style><LineString><coordinates>-71.6240566,-33.6929316,0 -71.6242516,-33.6929483,0</coordinates></LineString></Placemark><Placemark><name>Trabajado - Cuartel 2346 - Hilera 2372</name><Style><LineStyle><color>ff00ff00</color><width>3</width></LineStyle></Style><LineString><coordinates>-71.6242433,-33.6929866,0 -71.6243366,-33.69293,0</coordinates></LineString></Placemark><Placemark><name>Trabajado - Cuartel 2346 - Hilera 2373</name><Style><LineStyle><color>ff00ff00</color><width>3</width></LineStyle></Style><LineString><coordinates>-71.6243366,-33.69293,0 -71.624765,-33.6929516,0</coordinates></LineString></Placemark><Placemark><name>Trabajado - Cuartel 2346 - Hilera 2374</name><Style><LineStyle><color>ff00ff00</color><width>3</width></LineStyle></Style><LineString><coordinates>-71.624765,-33.6929516,0 -71.6249166,-33.6929033,0</coordinates></LineString></Placemark><Placemark><name>Trabajado - Cuartel 2346 - Hilera 2377</name><Style><LineStyle><color>ff00ff00</color><width>3</width></LineStyle></Style><LineString><coordinates>-71.6247583,-33.69303,0 -71.62466,-33.69304,0</coordinates></LineString></Placemark><Placemark><name>Trabajado - Cuartel 2346 - Hilera 2378</name><Style><LineStyle><color>ff00ff00</color><width>3</width></LineStyle></Style><LineString><coordinates>-71.6246099,-33.6929933,0 -71.624535,-33.69305,0</coordinates></LineString></Placemark><Placemark><name>Trabajado - Cuartel 2346 - Hilera 2379</name><Style><LineStyle><color>ff00ff00</color><width>3</width></LineStyle></Style><LineString><coordinates>-71.624535,-33.69305,0 -71.62316659967887,-33.69304003093831,0</coordinates></LineString></Placemark><Placemark><name>Trabajado - Cuartel 2346 - Hilera 2380</name><Style><LineStyle><color>ff00ff00</color><width>3</width></LineStyle></Style><LineString><coordinates>-71.6240649,-33.693065,0 -71.62351895440793,-33.69303222369653,0</coordinates></LineString></Placemark><Placemark><name>Trabajado - Cuartel 2346 - Hilera 2382</name><Style><LineStyle><color>ff00ff00</color><width>3</width></LineStyle></Style><LineString><coordinates>-71.623235,-33.69308,0 -71.6248716,-33.6931583,0</coordinates></LineString></Placemark><Placemark><name>Trabajado - Cuartel 2346 - Hilera 2384</name><Style><LineStyle><color>ff00ff00</color><width>3</width></LineStyle></Style><LineString><coordinates>-71.6249,-33.6932483,0 -71.6233049,-33.6931833,0</coordinates></LineString></Placemark><Placemark><name>Trabajado - Cuartel 2346 - Hilera 2386</name><Style><LineStyle><color>ff00ff00</color><width>3</width></LineStyle></Style><LineString><coordinates>-71.6232333,-33.6932833,0 -71.6233349,-33.6933366,0</coordinates></LineString></Placemark><Placemark><name>Trabajado - Cuartel 2346 - Hilera 2387</name><Style><LineStyle><color>ff00ff00</color><width>3</width></LineStyle></Style><LineString><coordinates>-71.6233349,-33.6933366,0 -71.6249033,-33.69333,0</coordinates></LineString></Placemark><Placemark><name>Trabajado - Cuartel 2346 - Hilera 2388</name><Style><LineStyle><color>ff00ff00</color><width>3</width></LineStyle></Style><LineString><coordinates>-71.6249033,-33.69333,0 -71.6231733,-33.6933833,0</coordinates></LineString></Placemark><Placemark><name>Trabajado - Cuartel 2346 - Hilera 2390</name><Style><LineStyle><color>ff00ff00</color><width>3</width></LineStyle></Style><LineString><coordinates>-71.6231633,-33.6934816,0 -71.6233916,-33.69352,0</coordinates></LineString></Placemark><Placemark><name>Trabajado - Cuartel 2346 - Hilera 2391</name><Style><LineStyle><color>ff00ff00</color><width>3</width></LineStyle></Style><LineString><coordinates>-71.6233916,-33.69352,0 -71.6234983,-33.693495,0</coordinates></LineString></Placemark><Placemark><name>Trabajado - Cuartel 2346 - Hilera 2392</name><Style><LineStyle><color>ff00ff00</color><width>3</width></LineStyle></Style><LineString><coordinates>-71.6234983,-33.693495,0 -71.6249266,-33.6935266,0</coordinates></LineString></Placemark><Placemark><name>Trabajado - Cuartel 2346 - Hilera 2393</name><Style><LineStyle><color>ff00ff00</color><width>3</width></LineStyle></Style><LineString><coordinates>-71.6249266,-33.6935266,0 -71.6247266,-33.6935933,0</coordinates></LineString></Placemark><Placemark><name>Trabajado - Cuartel 2346 - Hilera 2394</name><Style><LineStyle><color>ff00ff00</color><width>3</width></LineStyle></Style><LineString><coordinates>-71.6247266,-33.6935933,0 -71.6232666,-33.6935499,0</coordinates></LineString></Placemark><Placemark><name>Trabajado - Cuartel 2346 - Hilera 2396</name><Style><LineStyle><color>ff00ff00</color><width>3</width></LineStyle></Style><LineString><coordinates>-71.6231116,-33.6936533,0 -71.6238133,-33.6937333,0</coordinates></LineString></Placemark><Placemark><name>Trabajado - Cuartel 2346 - Hilera 2397</name><Style><LineStyle><color>ff00ff00</color><width>3</width></LineStyle></Style><LineString><coordinates>-71.6238133,-33.6937333,0 -71.6248916,-33.69368,0</coordinates></LineString></Placemark><Placemark><name>Trabajado - Cuartel 2346 - Hilera 2398</name><Style><LineStyle><color>ff00ff00</color><width>3</width></LineStyle></Style><LineString><coordinates>-71.6248916,-33.69368,0 -71.6247316,-33.693755,0</coordinates></LineString></Placemark><Placemark><name>Trabajado - Cuartel 2346 - Hilera 2399</name><Style><LineStyle><color>ff00ff00</color><width>3</width></LineStyle></Style><LineString><coordinates>-71.6247316,-33.693755,0 -71.624605,-33.6937483,0</coordinates></LineString></Placemark><Placemark><name>Trabajado - Cuartel 2346 - Hilera 2400</name><Style><LineStyle><color>ff00ff00</color><width>3</width></LineStyle></Style><LineString><coordinates>-71.624605,-33.6937483,0 -71.6231649,-33.6937083,0</coordinates></LineString></Placemark><Placemark><name>Trabajado - Cuartel 2346 - Hilera 2402</name><Style><LineStyle><color>ff00ff00</color><width>3</width></LineStyle></Style><LineString><coordinates>-71.623095,-33.6937833,0 -71.6246083,-33.693955,0</coordinates></LineString></Placemark><Placemark><name>Trabajado - Cuartel 2346 - Hilera 2403</name><Style><LineStyle><color>ff00ff00</color><width>3</width></LineStyle></Style><LineString><coordinates>-71.6246083,-33.693955,0 -71.6248133,-33.69386,0</coordinates></LineString></Placemark><Placemark><name>Trabajado - Cuartel 2346 - Hilera 2404</name><Style><LineStyle><color>ff00ff00</color><width>3</width></LineStyle></Style><LineString><coordinates>-71.6248133,-33.69386,0 -71.6244483,-33.6938349,0</coordinates></LineString></Placemark><Placemark><name>Trabajado - Cuartel 2346 - Hilera 2405</name><Style><LineStyle><color>ff00ff00</color><width>3</width></LineStyle></Style><LineString><coordinates>-71.6244483,-33.6938349,0 -71.6248883,-33.6937883,0</coordinates></LineString></Placemark><Placemark><name>Trabajado - Cuartel 2346 - Hilera 2407</name><Style><LineStyle><color>ff00ff00</color><width>3</width></LineStyle></Style><LineString><coordinates>-71.6247666,-33.6939283,0 -71.6231183,-33.6939583,0</coordinates></LineString></Placemark><Placemark><name>Trabajado - Cuartel 2346 - Hilera 2409</name><Style><LineStyle><color>ff00ff00</color><width>3</width></LineStyle></Style><LineString><coordinates>-71.6230766,-33.6940466,0 -71.6242583,-33.69411,0</coordinates></LineString></Placemark><Placemark><name>Trabajado - Cuartel 2346 - Hilera 2411</name><Style><LineStyle><color>ff00ff00</color><width>3</width></LineStyle></Style><LineString><coordinates>-71.624295,-33.69419,0 -71.623225,-33.6941999,0</coordinates></LineString></Placemark><Placemark><name>Trabajado - Cuartel 2346 - Hilera 2413</name><Style><LineStyle><color>ff00ff00</color><width>3</width></LineStyle></Style><LineString><coordinates>-71.6231516,-33.6942699,0 -71.6242149,-33.69433,0</coordinates></LineString></Placemark><Placemark><name>Trabajado - Cuartel 2346 - Hilera 2414</name><Style><LineStyle><color>ff00ff00</color><width>3</width></LineStyle></Style><LineString><coordinates>-71.6242149,-33.69433,0 -71.6232033,-33.6943033,0</coordinates></LineString></Placemark><Placemark><name>Trabajado - Cuartel 2346 - Hilera 2416</name><Style><LineStyle><color>ff00ff00</color><width>3</width></LineStyle></Style><LineString><coordinates>-71.62313,-33.6941016,0 -71.6239533,-33.694155,0</coordinates></LineString></Placemark><Placemark><name>Trabajado - Cuartel 2346 - Hilera 2418</name><Style><LineStyle><color>ff00ff00</color><width>3</width></LineStyle></Style><LineString><coordinates>-71.623965,-33.6943749,0 -71.62374,-33.6944249,0</coordinates></LineString></Placemark><Placemark><name>Trabajado - Cuartel 2346 - Hilera 2419</name><Style><LineStyle><color>ff00ff00</color><width>3</width></LineStyle></Style><LineString><coordinates>-71.62374,-33.6944249,0 -71.6239349,-33.69446,0</coordinates></LineString></Placemark><Placemark><name>Trabajado - Cuartel 2346 - Hilera 2420</name><Style><LineStyle><color>ff00ff00</color><width>3</width></LineStyle></Style><LineString><coordinates>-71.6239349,-33.69446,0 -71.6230666,-33.6944733,0</coordinates></LineString></Placemark><Placemark><name>Trabajado - Cuartel 2346 - Hilera 2421</name><Style><LineStyle><color>ff00ff00</color><width>3</width></LineStyle></Style><LineString><coordinates>-71.6230666,-33.6944733,0 -71.62335,-33.6945849,0</coordinates></LineString></Placemark><Placemark><name>Trabajado - Cuartel 2346 - Hilera 2423</name><Style><LineStyle><color>ff00ff00</color><width>3</width></LineStyle></Style><LineString><coordinates>-71.6230833,-33.694615,0 -71.6234449,-33.6946683,0</coordinates></LineString></Placemark><Placemark><name>Trabajado - Cuartel 2346 - Hilera 2424</name><Style><LineStyle><color>ff00ff00</color><width>3</width></LineStyle></Style><LineString><coordinates>-71.6234449,-33.6946683,0 -71.6235433,-33.6947116,0</coordinates></LineString></Placemark><Placemark><name>Trabajado - Cuartel 2346 - Hilera 2425</name><Style><LineStyle><color>ff00ff00</color><width>3</width></LineStyle></Style><LineString><coordinates>-71.6235466,-33.6947183,0 -71.6230899,-33.694715,0</coordinates></LineString></Placemark><Placemark><name>Descartado (grupo chico) - Hilera 2350</name><Style><LineStyle><color>ff00ffff</color><width>3</width></LineStyle></Style><LineString><coordinates>-71.6248166,-33.692585,0 -71.6249033,-33.6926616,0</coordinates></LineString></Placemark><Placemark><name>Trabajado - Cuartel 2353 - Hilera 2353</name><Style><LineStyle><color>ff00ff00</color><width>3</width></LineStyle></Style><LineString><coordinates>-71.62313,-33.692665,0 -71.6230983,-33.6927666,0</coordinates></LineString></Placemark><Placemark><name>Trabajado - Cuartel 2353 - Hilera 2356</name><Style><LineStyle><color>ff00ff00</color><width>3</width></LineStyle></Style><LineString><coordinates>-71.6234449,-33.69281,0 -71.6234933,-33.6927383,0</coordinates></LineString></Placemark><Placemark><name>Trabajado - Cuartel 2353 - Hilera 2381</name><Style><LineStyle><color>ff00ff00</color><width>3</width></LineStyle></Style><LineString><coordinates>-71.623195,-33.6931516,0 -71.623235,-33.69308,0</coordinates></LineString></Placemark><Placemark><name>Trabajado - Cuartel 2353 - Hilera 2385</name><Style><LineStyle><color>ff00ff00</color><width>3</width></LineStyle></Style><LineString><coordinates>-71.6233049,-33.6931833,0 -71.6232333,-33.6932833,0</coordinates></LineString></Placemark><Placemark><name>Trabajado - Cuartel 2353 - Hilera 2395</name><Style><LineStyle><color>ff00ff00</color><width>3</width></LineStyle></Style><LineString><coordinates>-71.6232666,-33.6935499,0 -71.6231116,-33.6936533,0</coordinates></LineString></Placemark><Placemark><name>Trabajado - Cuartel 2353 - Hilera 2401</name><Style><LineStyle><color>ff00ff00</color><width>3</width></LineStyle></Style><LineString><coordinates>-71.6231649,-33.6937083,0 -71.623095,-33.6937833,0</coordinates></LineString></Placemark><Placemark><name>Trabajado - Cuartel 2353 - Hilera 2408</name><Style><LineStyle><color>ff00ff00</color><width>3</width></LineStyle></Style><LineString><coordinates>-71.6231183,-33.6939583,0 -71.6230766,-33.6940466,0</coordinates></LineString></Placemark><Placemark><name>Trabajado - Cuartel 2353 - Hilera 2412</name><Style><LineStyle><color>ff00ff00</color><width>3</width></LineStyle></Style><LineString><coordinates>-71.623225,-33.6941999,0 -71.6231516,-33.6942699,0</coordinates></LineString></Placemark><Placemark><name>Trabajado - Cuartel 2353 - Hilera 2422</name><Style><LineStyle><color>ff00ff00</color><width>3</width></LineStyle></Style><LineString><coordinates>-71.6231533,-33.6945249,0 -71.6230499,-33.6945783,0</coordinates></LineString></Placemark><Placemark><name>Trabajado - Cuartel 2353 - Hilera 2426</name><Style><LineStyle><color>ff00ff00</color><width>3</width></LineStyle></Style><LineString><coordinates>-71.6230899,-33.694715,0 -71.6230483,-33.6947833,0</coordinates></LineString></Placemark><Placemark><name>Descartado (grupo chico) - Hilera 2369</name><Style><LineStyle><color>ff00ffff</color><width>3</width></LineStyle></Style><LineString><coordinates>-71.6238666,-33.6928466,0 -71.6238933,-33.692955,0</coordinates></LineString></Placemark><Placemark><name>Descartado (grupo chico) - Hilera 2375</name><Style><LineStyle><color>ff00ffff</color><width>3</width></LineStyle></Style><LineString><coordinates>-71.624945,-33.6929216,0 -71.6249016,-33.6930883,0</coordinates></LineString></Placemark><Placemark><name>Descartado (grupo chico) - Hilera 2376</name><Style><LineStyle><color>ff00ffff</color><width>3</width></LineStyle></Style><LineString><coordinates>-71.6249016,-33.6930883,0 -71.6247583,-33.69303,0</coordinates></LineString></Placemark><Placemark><name>Descartado (grupo chico) - Hilera 2383</name><Style><LineStyle><color>ff00ffff</color><width>3</width></LineStyle></Style><LineString><coordinates>-71.6248716,-33.6931583,0 -71.6249,-33.6932483,0</coordinates></LineString></Placemark><Placemark><name>Descartado (grupo chico) - Hilera 2389</name><Style><LineStyle><color>ff00ffff</color><width>3</width></LineStyle></Style><LineString><coordinates>-71.6231733,-33.6933833,0 -71.6231633,-33.6934816,0</coordinates></LineString></Placemark><Placemark><name>Descartado (grupo chico) - Hilera 2406</name><Style><LineStyle><color>ff00ffff</color><width>3</width></LineStyle></Style><LineString><coordinates>-71.6248883,-33.6937883,0 -71.6247666,-33.6939283,0</coordinates></LineString></Placemark><Placemark><name>Descartado (grupo chico) - Hilera 2410</name><Style><LineStyle><color>ff00ffff</color><width>3</width></LineStyle></Style><LineString><coordinates>-71.6242583,-33.69411,0 -71.624295,-33.69419,0</coordinates></LineString></Placemark><Placemark><name>Descartado (grupo chico) - Hilera 2417</name><Style><LineStyle><color>ff00ffff</color><width>3</width></LineStyle></Style><LineString><coordinates>-71.6239533,-33.694155,0 -71.623965,-33.6943749,0</coordinates></LineString></Placemark><Placemark><name>Descartado (grupo chico) - Hilera 2415</name><Style><LineStyle><color>ff00ffff</color><width>3</width></LineStyle></Style><LineString><coordinates>-71.6232033,-33.6943033,0 -71.62313,-33.6941016,0</coordinates></LineString></Placemark><Placemark><name>Descartado (grupo chico) - Hilera 2427</name><Style><LineStyle><color>ff00ffff</color><width>3</width></LineStyle></Style><LineString><coordinates>-71.6230483,-33.6947833,0 -71.62329,-33.69508,0</coordinates></LineString></Placemark><Placemark><name>Descartado (grupo chico) - Hilera 2428</name><Style><LineStyle><color>ff00ffff</color><width>3</width></LineStyle></Style><LineString><coordinates>-71.62329,-33.69508,0 -71.6286049,-33.691975,0</coordinates></LineString></Placemark><Placemark><name>Descartado (grupo chico) - Hilera 2434</name><Style><LineStyle><color>ff00ffff</color><width>3</width></LineStyle></Style><LineString><coordinates>-71.62591,-33.6848333,0 -71.6258366,-33.684905,0</coordinates></LineString></Placemark><Placemark><name>Descartado (grupo chico) - Hilera 2435</name><Style><LineStyle><color>ff00ffff</color><width>3</width></LineStyle></Style><LineString><coordinates>-71.6258366,-33.684905,0 -71.6241333,-33.684975,0</coordinates></LineString></Placemark><Placemark><name>Descartado (grupo chico) - Hilera 2436</name><Style><LineStyle><color>ff00ffff</color><width>3</width></LineStyle></Style><LineString><coordinates>-71.6241333,-33.684975,0 -71.62408,-33.6887466,0</coordinates></LineString></Placemark><Placemark><name>Descartado (grupo chico) - Hilera 2519</name><Style><LineStyle><color>ff00ffff</color><width>3</width></LineStyle></Style><LineString><coordinates>-71.623915,-33.6865783,0 -71.6239233,-33.6866716,0</coordinates></LineString></Placemark><Placemark><name>Descartado (grupo chico) - Hilera 2454</name><Style><LineStyle><color>ff00ffff</color><width>3</width></LineStyle></Style><LineString><coordinates>-71.6222783,-33.68801,0 -71.6224666,-33.6880833,0</coordinates></LineString></Placemark><Placemark><name>Descartado (grupo chico) - Hilera 2456</name><Style><LineStyle><color>ff00ffff</color><width>3</width></LineStyle></Style><LineString><coordinates>-71.6224383,-33.688105,0 -71.6224216,-33.6882066,0</coordinates></LineString></Placemark><Placemark><name>Descartado (grupo chico) - Hilera 2457</name><Style><LineStyle><color>ff00ffff</color><width>3</width></LineStyle></Style><LineString><coordinates>-71.6223016,-33.6882233,0 -71.622275,-33.6883133,0</coordinates></LineString></Placemark><Placemark><name>Descartado (grupo chico) - Hilera 2461</name><Style><LineStyle><color>ff00ffff</color><width>3</width></LineStyle></Style><LineString><coordinates>-71.6223133,-33.6884233,0 -71.6222933,-33.6884966,0</coordinates></LineString></Placemark><Placemark><name>Descartado (grupo chico) - Hilera 2464</name><Style><LineStyle><color>ff00ffff</color><width>3</width></LineStyle></Style><LineString><coordinates>-71.622315,-33.688575,0 -71.62227,-33.6886616,0</coordinates></LineString></Placemark><Placemark><name>Descartado (grupo chico) - Hilera 2467</name><Style><LineStyle><color>ff00ffff</color><width>3</width></LineStyle></Style><LineString><coordinates>-71.6221833,-33.6884583,0 -71.6222183,-33.6878983,0</coordinates></LineString></Placemark><Placemark><name>Descartado (grupo chico) - Hilera 2459</name><Style><LineStyle><color>ff00ffff</color><width>3</width></LineStyle></Style><LineString><coordinates>-71.622615,-33.6883066,0 -71.622665,-33.6883916,0</coordinates></LineString></Placemark><Placemark><name>Descartado (grupo chico) - Hilera 2466</name><Style><LineStyle><color>ff00ffff</color><width>3</width></LineStyle></Style><LineString><coordinates>-71.6225233,-33.6887866,0 -71.6221833,-33.6884583,0</coordinates></LineString></Placemark><Placemark><name>Descartado (grupo chico) - Hilera 2481</name><Style><LineStyle><color>ff00ffff</color><width>3</width></LineStyle></Style><LineString><coordinates>-71.6239349,-33.6875,0 -71.6239566,-33.6874083,0</coordinates></LineString></Placemark><Placemark><name>Trabajado - Cuartel 2508 - Hilera 2508</name><Style><LineStyle><color>ff00ff00</color><width>3</width></LineStyle></Style><LineString><coordinates>-71.6238833,-33.6868366,0 -71.6241333,-33.6866616,0</coordinates></LineString></Placemark><Placemark><name>Trabajado - Cuartel 2508 - Hilera 2509</name><Style><LineStyle><color>ff00ff00</color><width>3</width></LineStyle></Style><LineString><coordinates>-71.624155,-33.6867133,0 -71.623995,-33.6867866,0</coordinates></LineString></Placemark><Placemark><name>Trabajado - Cuartel 2508 - Hilera 2528</name><Style><LineStyle><color>ff00ff00</color><width>3</width></LineStyle></Style><LineString><coordinates>-71.6238949,-33.6865216,0 -71.6239883,-33.6864633,0</coordinates></LineString></Placemark><Placemark><name>Trabajado - Cuartel 2508 - Hilera 2552</name><Style><LineStyle><color>ff00ff00</color><width>3</width></LineStyle></Style><LineString><coordinates>-71.6239516,-33.68607,0 -71.624025,-33.6860166,0</coordinates></LineString></Placemark><Placemark><name>Trabajado - Cuartel 2508 - Hilera 2561</name><Style><LineStyle><color>ff00ff00</color><width>3</width></LineStyle></Style><LineString><coordinates>-71.6238783,-33.6858666,0 -71.6240366,-33.68575,0</coordinates></LineString></Placemark><Placemark><name>Descartado (grupo chico) - Hilera 2567</name><Style><LineStyle><color>ff00ffff</color><width>3</width></LineStyle></Style><LineString><coordinates>-71.62393,-33.681975,0 -71.6240433,-33.6817983,0</coordinates></LineString></Placemark><Placemark><name>Descartado (grupo chico) - Hilera 2582</name><Style><LineStyle><color>ff00ffff</color><width>3</width></LineStyle></Style><LineString><coordinates>-71.6240666,-33.68185,0 -71.6241166,-33.68177,0</coordinates></LineString></Placemark><Placemark><name>Descartado (grupo chico) - Hilera 2578</name><Style><LineStyle><color>ff00ffff</color><width>3</width></LineStyle></Style><LineString><coordinates>-71.62179,-33.685875,0 -71.6216866,-33.68583,0</coordinates></LineString></Placemark><Placemark><name>Descartado (grupo chico) - Hilera 2580</name><Style><LineStyle><color>ff00ffff</color><width>3</width></LineStyle></Style><LineString><coordinates>-71.62092659077754,-33.68567977610137,0 -71.6216333,-33.6858866,0</coordinates></LineString></Placemark><Placemark><name>Descartado (grupo chico) - Hilera 2733</name><Style><LineStyle><color>ff00ffff</color><width>3</width></LineStyle></Style><LineString><coordinates>-71.6223133,-33.6856033,0 -71.6222366,-33.68557,0</coordinates></LineString></Placemark><Placemark><name>Descartado (grupo chico) - Hilera 2588</name><Style><LineStyle><color>ff00ffff</color><width>3</width></LineStyle></Style><LineString><coordinates>-71.622185,-33.6776266,0 -71.6221783,-33.67705,0</coordinates></LineString></Placemark><Placemark><name>Descartado (grupo chico) - Hilera 2589</name><Style><LineStyle><color>ff00ffff</color><width>3</width></LineStyle></Style><LineString><coordinates>-71.6221783,-33.67705,0 -71.6219033,-33.6769283,0</coordinates></LineString></Placemark><Placemark><name>Descartado (grupo chico) - Hilera 2590</name><Style><LineStyle><color>ff00ffff</color><width>3</width></LineStyle></Style><LineString><coordinates>-71.6219033,-33.6769283,0 -71.6212783,-33.6769283,0</coordinates></LineString></Placemark><Placemark><name>Trabajado - Cuartel 2591 - Hilera 2591</name><Style><LineStyle><color>ff00ff00</color><width>3</width></LineStyle></Style><LineString><coordinates>-71.6212783,-33.6769283,0 -71.6213733,-33.676255,0</coordinates></LineString></Placemark><Placemark><name>Trabajado - Cuartel 2591 - Hilera 2592</name><Style><LineStyle><color>ff00ff00</color><width>3</width></LineStyle></Style><LineString><coordinates>-71.6213733,-33.676255,0 -71.62119525255262,-33.67587872639457,0</coordinates></LineString></Placemark><Placemark><name>Trabajado - Cuartel 2591 - Hilera 2594</name><Style><LineStyle><color>ff00ff00</color><width>3</width></LineStyle></Style><LineString><coordinates>-71.621145,-33.6762233,0 -71.621195,-33.6765,0</coordinates></LineString></Placemark><Placemark><name>Trabajado - Cuartel 2591 - Hilera 2595</name><Style><LineStyle><color>ff00ff00</color><width>3</width></LineStyle></Style><LineString><coordinates>-71.621195,-33.6765,0 -71.6211316,-33.6765616,0</coordinates></LineString></Placemark><Placemark><name>Trabajado - Cuartel 2591 - Hilera 2596</name><Style><LineStyle><color>ff00ff00</color><width>3</width></LineStyle></Style><LineString><coordinates>-71.6211316,-33.6765616,0 -71.6211599,-33.67674,0</coordinates></LineString></Placemark><Placemark><name>Trabajado - Cuartel 2591 - Hilera 2597</name><Style><LineStyle><color>ff00ff00</color><width>3</width></LineStyle></Style><LineString><coordinates>-71.6211599,-33.67674,0 -71.62109,-33.67686,0</coordinates></LineString></Placemark><Placemark><name>Trabajado - Cuartel 2591 - Hilera 2598</name><Style><LineStyle><color>ff00ff00</color><width>3</width></LineStyle></Style><LineString><coordinates>-71.62109,-33.67686,0 -71.6211916,-33.677545,0</coordinates></LineString></Placemark><Placemark><name>Trabajado - Cuartel 2591 - Hilera 2600</name><Style><LineStyle><color>ff00ff00</color><width>3</width></LineStyle></Style><LineString><coordinates>-71.62105,-33.6775216,0 -71.621115,-33.6762933,0</coordinates></LineString></Placemark><Placemark><name>Trabajado - Cuartel 2591 - Hilera 2601</name><Style><LineStyle><color>ff00ff00</color><width>3</width></LineStyle></Style><LineString><coordinates>-71.6211333,-33.6763216,0 -71.6210783,-33.6762166,0</coordinates></LineString></Placemark><Placemark><name>Trabajado - Cuartel 2591 - Hilera 2602</name><Style><LineStyle><color>ff00ff00</color><width>3</width></LineStyle></Style><LineString><coordinates>-71.6210783,-33.6762166,0 -71.6211233,-33.6761216,0</coordinates></LineString></Placemark><Placemark><name>Trabajado - Cuartel 2591 - Hilera 2605</name><Style><LineStyle><color>ff00ff00</color><width>3</width></LineStyle></Style><LineString><coordinates>-71.62222,-33.6761566,0 -71.6222633,-33.67579,0</coordinates></LineString></Placemark><Placemark><name>Trabajado - Cuartel 2591 - Hilera 2606</name><Style><LineStyle><color>ff00ff00</color><width>3</width></LineStyle></Style><LineString><coordinates>-71.62224748508463,-33.67535255944099,0 -71.6222783,-33.6762049,0</coordinates></LineString></Placemark><Placemark><name>Trabajado - Cuartel 2591 - Hilera 2607</name><Style><LineStyle><color>ff00ff00</color><width>3</width></LineStyle></Style><LineString><coordinates>-71.6222183,-33.6753533,0 -71.62228,-33.67548,0</coordinates></LineString></Placemark><Placemark><name>Trabajado - Cuartel 2591 - Hilera 2608</name><Style><LineStyle><color>ff00ff00</color><width>3</width></LineStyle></Style><LineString><coordinates>-71.62228,-33.67548,0 -71.6221599,-33.675785,0</coordinates></LineString></Placemark><Placemark><name>Trabajado - Cuartel 2591 - Hilera 2609</name><Style><LineStyle><color>ff00ff00</color><width>3</width></LineStyle></Style><LineString><coordinates>-71.6221599,-33.675785,0 -71.6221566,-33.67463,0</coordinates></LineString></Placemark><Placemark><name>Trabajado - Cuartel 2591 - Hilera 2610</name><Style><LineStyle><color>ff00ff00</color><width>3</width></LineStyle></Style><LineString><coordinates>-71.62213866075392,-33.67466162612316,0 -71.6221116,-33.6761599,0</coordinates></LineString></Placemark><Placemark><name>Trabajado - Cuartel 2591 - Hilera 2612</name><Style><LineStyle><color>ff00ff00</color><width>3</width></LineStyle></Style><LineString><coordinates>-71.6222633,-33.675835,0 -71.622075,-33.6761266,0</coordinates></LineString></Placemark><Placemark><name>Trabajado - Cuartel 2591 - Hilera 2613</name><Style><LineStyle><color>ff00ff00</color><width>3</width></LineStyle></Style><LineString><coordinates>-71.6221283,-33.6760716,0 -71.6221016,-33.6751933,0</coordinates></LineString></Placemark><Placemark><name>Trabajado - Cuartel 2591 - Hilera 2614</name><Style><LineStyle><color>ff00ff00</color><width>3</width></LineStyle></Style><LineString><coordinates>-71.6221016,-33.6751933,0 -71.6221866,-33.6749833,0</coordinates></LineString></Placemark><Placemark><name>Trabajado - Cuartel 2591 - Hilera 2617</name><Style><LineStyle><color>ff00ff00</color><width>3</width></LineStyle></Style><LineString><coordinates>-71.6220433,-33.6747399,0 -71.6220316,-33.6750966,0</coordinates></LineString></Placemark><Placemark><name>Trabajado - Cuartel 2591 - Hilera 2618</name><Style><LineStyle><color>ff00ff00</color><width>3</width></LineStyle></Style><LineString><coordinates>-71.622005,-33.6751266,0 -71.6219583,-33.67608,0</coordinates></LineString></Placemark><Placemark><name>Trabajado - Cuartel 2591 - Hilera 2619</name><Style><LineStyle><color>ff00ff00</color><width>3</width></LineStyle></Style><LineString><coordinates>-71.6219583,-33.67608,0 -71.6218966,-33.675945,0</coordinates></LineString></Placemark><Placemark><name>Trabajado - Cuartel 2591 - Hilera 2620</name><Style><LineStyle><color>ff00ff00</color><width>3</width></LineStyle></Style><LineString><coordinates>-71.6218966,-33.675945,0 -71.6219533,-33.6758016,0</coordinates></LineString></Placemark><Placemark><name>Trabajado - Cuartel 2591 - Hilera 2621</name><Style><LineStyle><color>ff00ff00</color><width>3</width></LineStyle></Style><LineString><coordinates>-71.6219533,-33.6758016,0 -71.6219033,-33.6756783,0</coordinates></LineString></Placemark><Placemark><name>Trabajado - Cuartel 2591 - Hilera 2622</name><Style><LineStyle><color>ff00ff00</color><width>3</width></LineStyle></Style><LineString><coordinates>-71.6219033,-33.6756783,0 -71.6220266,-33.6754966,0</coordinates></LineString></Placemark><Placemark><name>Trabajado - Cuartel 2591 - Hilera 2623</name><Style><LineStyle><color>ff00ff00</color><width>3</width></LineStyle></Style><LineString><coordinates>-71.6220266,-33.6754966,0 -71.62194,-33.6746383,0</coordinates></LineString></Placemark><Placemark><name>Trabajado - Cuartel 2591 - Hilera 2624</name><Style><LineStyle><color>ff00ff00</color><width>3</width></LineStyle></Style><LineString><coordinates>-71.6219516,-33.6746516,0 -71.6219583,-33.6761183,0</coordinates></LineString></Placemark><Placemark><name>Trabajado - Cuartel 2591 - Hilera 2626</name><Style><LineStyle><color>ff00ff00</color><width>3</width></LineStyle></Style><LineString><coordinates>-71.62183,-33.6761233,0 -71.6219649,-33.6746483,0</coordinates></LineString></Placemark><Placemark><name>Trabajado - Cuartel 2591 - Hilera 2630</name><Style><LineStyle><color>ff00ff00</color><width>3</width></LineStyle></Style><LineString><coordinates>-71.6213649,-33.674625,0 -71.62127,-33.6760199,0</coordinates></LineString></Placemark><Placemark><name>Trabajado - Cuartel 2591 - Hilera 2631</name><Style><LineStyle><color>ff00ff00</color><width>3</width></LineStyle></Style><LineString><coordinates>-71.6211866,-33.6758816,0 -71.6211933,-33.6746166,0</coordinates></LineString></Placemark><Placemark><name>Trabajado - Cuartel 2591 - Hilera 2632</name><Style><LineStyle><color>ff00ff00</color><width>3</width></LineStyle></Style><LineString><coordinates>-71.6212116,-33.6746466,0 -71.6211166,-33.6747533,0</coordinates></LineString></Placemark><Placemark><name>Trabajado - Cuartel 2591 - Hilera 2633</name><Style><LineStyle><color>ff00ff00</color><width>3</width></LineStyle></Style><LineString><coordinates>-71.6211166,-33.6747533,0 -71.6211083,-33.6760916,0</coordinates></LineString></Placemark><Placemark><name>Trabajado - Cuartel 2591 - Hilera 2635</name><Style><LineStyle><color>ff00ff00</color><width>3</width></LineStyle></Style><LineString><coordinates>-71.6210166,-33.6761,0 -71.6210233,-33.6747083,0</coordinates></LineString></Placemark><Placemark><name>Trabajado - Cuartel 2591 - Hilera 2637</name><Style><LineStyle><color>ff00ff00</color><width>3</width></LineStyle></Style><LineString><coordinates>-71.6208933,-33.6746833,0 -71.6209366,-33.6747933,0</coordinates></LineString></Placemark><Placemark><name>Trabajado - Cuartel 2591 - Hilera 2638</name><Style><LineStyle><color>ff00ff00</color><width>3</width></LineStyle></Style><LineString><coordinates>-71.6209366,-33.6747933,0 -71.6209366,-33.6752366,0</coordinates></LineString></Placemark><Placemark><name>Trabajado - Cuartel 2591 - Hilera 2639</name><Style><LineStyle><color>ff00ff00</color><width>3</width></LineStyle></Style><LineString><coordinates>-71.6209366,-33.6752366,0 -71.6208983,-33.6754149,0</coordinates></LineString></Placemark><Placemark><name>Trabajado - Cuartel 2591 - Hilera 2640</name><Style><LineStyle><color>ff00ff00</color><width>3</width></LineStyle></Style><LineString><coordinates>-71.62096,-33.675445,0 -71.6208383,-33.67563,0</coordinates></LineString></Placemark><Placemark><name>Trabajado - Cuartel 2591 - Hilera 2641</name><Style><LineStyle><color>ff00ff00</color><width>3</width></LineStyle></Style><LineString><coordinates>-71.6208383,-33.67563,0 -71.6208666,-33.6757666,0</coordinates></LineString></Placemark><Placemark><name>Trabajado - Cuartel 2591 - Hilera 2642</name><Style><LineStyle><color>ff00ff00</color><width>3</width></LineStyle></Style><LineString><coordinates>-71.6208733,-33.6757816,0 -71.62089,-33.6761299,0</coordinates></LineString></Placemark><Placemark><name>Trabajado - Cuartel 2591 - Hilera 2644</name><Style><LineStyle><color>ff00ff00</color><width>3</width></LineStyle></Style><LineString><coordinates>-71.6207849,-33.6760983,0 -71.62076566313065,-33.67482516901109,0</coordinates></LineString></Placemark><Placemark><name>Trabajado - Cuartel 2591 - Hilera 2645</name><Style><LineStyle><color>ff00ff00</color><width>3</width></LineStyle></Style><LineString><coordinates>-71.6207816,-33.6758799,0 -71.6208416,-33.6757783,0</coordinates></LineString></Placemark><Placemark><name>Trabajado - Cuartel 2591 - Hilera 2646</name><Style><LineStyle><color>ff00ff00</color><width>3</width></LineStyle></Style><LineString><coordinates>-71.6207566,-33.6754733,0 -71.6208233,-33.6752783,0</coordinates></LineString></Placemark><Placemark><name>Trabajado - Cuartel 2591 - Hilera 2647</name><Style><LineStyle><color>ff00ff00</color><width>3</width></LineStyle></Style><LineString><coordinates>-71.6208233,-33.6752783,0 -71.6207666,-33.6751949,0</coordinates></LineString></Placemark><Placemark><name>Trabajado - Cuartel 2591 - Hilera 2648</name><Style><LineStyle><color>ff00ff00</color><width>3</width></LineStyle></Style><LineString><coordinates>-71.6207683,-33.6748316,0 -71.6207133,-33.6747533,0</coordinates></LineString></Placemark><Placemark><name>Trabajado - Cuartel 2591 - Hilera 2649</name><Style><LineStyle><color>ff00ff00</color><width>3</width></LineStyle></Style><LineString><coordinates>-71.6207133,-33.6747533,0 -71.6207649,-33.6746166,0</coordinates></LineString></Placemark><Placemark><name>Trabajado - Cuartel 2591 - Hilera 2650</name><Style><LineStyle><color>ff00ff00</color><width>3</width></LineStyle></Style><LineString><coordinates>-71.6207649,-33.6746166,0 -71.6206899,-33.674715,0</coordinates></LineString></Placemark><Placemark><name>Trabajado - Cuartel 2591 - Hilera 2651</name><Style><LineStyle><color>ff00ff00</color><width>3</width></LineStyle></Style><LineString><coordinates>-71.6206899,-33.674715,0 -71.62074,-33.6754683,0</coordinates></LineString></Placemark><Placemark><name>Trabajado - Cuartel 2591 - Hilera 2652</name><Style><LineStyle><color>ff00ff00</color><width>3</width></LineStyle></Style><LineString><coordinates>-71.62074,-33.6754683,0 -71.62067,-33.6761416,0</coordinates></LineString></Placemark><Placemark><name>Trabajado - Cuartel 2591 - Hilera 2654</name><Style><LineStyle><color>ff00ff00</color><width>3</width></LineStyle></Style><LineString><coordinates>-71.6205449,-33.6761116,0 -71.6206016,-33.6755133,0</coordinates></LineString></Placemark><Placemark><name>Trabajado - Cuartel 2591 - Hilera 2655</name><Style><LineStyle><color>ff00ff00</color><width>3</width></LineStyle></Style><LineString><coordinates>-71.6205666,-33.6754683,0 -71.620565,-33.67471,0</coordinates></LineString></Placemark><Placemark><name>Trabajado - Cuartel 2591 - Hilera 2656</name><Style><LineStyle><color>ff00ff00</color><width>3</width></LineStyle></Style><LineString><coordinates>-71.6206083,-33.674685,0 -71.620565,-33.6746133,0</coordinates></LineString></Placemark><Placemark><name>Trabajado - Cuartel 2591 - Hilera 2657</name><Style><LineStyle><color>ff00ff00</color><width>3</width></LineStyle></Style><LineString><coordinates>-71.6204833,-33.674615,0 -71.6204283,-33.6746733,0</coordinates></LineString></Placemark><Placemark><name>Trabajado - Cuartel 2591 - Hilera 2658</name><Style><LineStyle><color>ff00ff00</color><width>3</width></LineStyle></Style><LineString><coordinates>-71.62047,-33.6747299,0 -71.62047,-33.6749783,0</coordinates></LineString></Placemark><Placemark><name>Trabajado - Cuartel 2591 - Hilera 2659</name><Style><LineStyle><color>ff00ff00</color><width>3</width></LineStyle></Style><LineString><coordinates>-71.6204383,-33.6750199,0 -71.6205183,-33.6755183,0</coordinates></LineString></Placemark><Placemark><name>Trabajado - Cuartel 2591 - Hilera 2660</name><Style><LineStyle><color>ff00ff00</color><width>3</width></LineStyle></Style><LineString><coordinates>-71.6205183,-33.6755183,0 -71.6204433,-33.6756333,0</coordinates></LineString></Placemark><Placemark><name>Trabajado - Cuartel 2591 - Hilera 2661</name><Style><LineStyle><color>ff00ff00</color><width>3</width></LineStyle></Style><LineString><coordinates>-71.6204433,-33.6756333,0 -71.6204899,-33.6757616,0</coordinates></LineString></Placemark><Placemark><name>Trabajado - Cuartel 2591 - Hilera 2663</name><Style><LineStyle><color>ff00ff00</color><width>3</width></LineStyle></Style><LineString><coordinates>-71.6203633,-33.6757783,0 -71.6204849,-33.6761216,0</coordinates></LineString></Placemark><Placemark><name>Trabajado - Cuartel 2591 - Hilera 2665</name><Style><LineStyle><color>ff00ff00</color><width>3</width></LineStyle></Style><LineString><coordinates>-71.6203566,-33.6760399,0 -71.6203833,-33.6753933,0</coordinates></LineString></Placemark><Placemark><name>Trabajado - Cuartel 2591 - Hilera 2666</name><Style><LineStyle><color>ff00ff00</color><width>3</width></LineStyle></Style><LineString><coordinates>-71.62044,-33.6753683,0 -71.6204166,-33.6746583,0</coordinates></LineString></Placemark><Placemark><name>Trabajado - Cuartel 2591 - Hilera 2667</name><Style><LineStyle><color>ff00ff00</color><width>3</width></LineStyle></Style><LineString><coordinates>-71.6204166,-33.6746583,0 -71.6203349,-33.675235,0</coordinates></LineString></Placemark><Placemark><name>Trabajado - Cuartel 2591 - Hilera 2668</name><Style><LineStyle><color>ff00ff00</color><width>3</width></LineStyle></Style><LineString><coordinates>-71.6203349,-33.675235,0 -71.6203666,-33.674635,0</coordinates></LineString></Placemark><Placemark><name>Trabajado - Cuartel 2591 - Hilera 2670</name><Style><LineStyle><color>ff00ff00</color><width>3</width></LineStyle></Style><LineString><coordinates>-71.6222366,-33.6746666,0 -71.6222966,-33.67772,0</coordinates></LineString></Placemark><Placemark><name>Trabajado - Cuartel 2591 - Hilera 2676</name><Style><LineStyle><color>ff00ff00</color><width>3</width></LineStyle></Style><LineString><coordinates>-71.6222983,-33.6776816,0 -71.6222916,-33.6753766,0</coordinates></LineString></Placemark><Placemark><name>Trabajado - Cuartel 2591 - Hilera 2678</name><Style><LineStyle><color>ff00ff00</color><width>3</width></LineStyle></Style><LineString><coordinates>-71.6195616,-33.6754133,0 -71.6196883,-33.6761333,0</coordinates></LineString></Placemark><Placemark><name>Trabajado - Cuartel 2591 - Hilera 2680</name><Style><LineStyle><color>ff00ff00</color><width>3</width></LineStyle></Style><LineString><coordinates>-71.6203233,-33.6760733,0 -71.620255,-33.6746799,0</coordinates></LineString></Placemark><Placemark><name>Trabajado - Cuartel 2591 - Hilera 2682</name><Style><LineStyle><color>ff00ff00</color><width>3</width></LineStyle></Style><LineString><coordinates>-71.6201516,-33.6747133,0 -71.6201133,-33.675335,0</coordinates></LineString></Placemark><Placemark><name>Trabajado - Cuartel 2591 - Hilera 2683</name><Style><LineStyle><color>ff00ff00</color><width>3</width></LineStyle></Style><LineString><coordinates>-71.6201133,-33.675335,0 -71.62016,-33.6760866,0</coordinates></LineString></Placemark><Placemark><name>Trabajado - Cuartel 2591 - Hilera 2684</name><Style><LineStyle><color>ff00ff00</color><width>3</width></LineStyle></Style><LineString><coordinates>-71.6201066,-33.6761116,0 -71.6200833,-33.67479,0</coordinates></LineString></Placemark><Placemark><name>Trabajado - Cuartel 2591 - Hilera 2685</name><Style><LineStyle><color>ff00ff00</color><width>3</width></LineStyle></Style><LineString><coordinates>-71.6200833,-33.67479,0 -71.61995,-33.674675,0</coordinates></LineString></Placemark><Placemark><name>Trabajado - Cuartel 2591 - Hilera 2686</name><Style><LineStyle><color>ff00ff00</color><width>3</width></LineStyle></Style><LineString><coordinates>-71.61995,-33.674675,0 -71.6199183,-33.6761299,0</coordinates></LineString></Placemark><Placemark><name>Trabajado - Cuartel 2591 - Hilera 2688</name><Style><LineStyle><color>ff00ff00</color><width>3</width></LineStyle></Style><LineString><coordinates>-71.61982,-33.6760033,0 -71.61978,-33.6746133,0</coordinates></LineString></Placemark><Placemark><name>Trabajado - Cuartel 2591 - Hilera 2689</name><Style><LineStyle><color>ff00ff00</color><width>3</width></LineStyle></Style><LineString><coordinates>-71.61971,-33.6751733,0 -71.6197083,-33.6775666,0</coordinates></LineString></Placemark><Placemark><name>Trabajado - Cuartel 2591 - Hilera 2691</name><Style><LineStyle><color>ff00ff00</color><width>3</width></LineStyle></Style><LineString><coordinates>-71.619545,-33.6746333,0 -71.6196566,-33.6776933,0</coordinates></LineString></Placemark><Placemark><name>Trabajado - Cuartel 2591 - Hilera 3436</name><Style><LineStyle><color>ff00ff00</color><width>3</width></LineStyle></Style><LineString><coordinates>-71.619545,-33.6776683,0 -71.6194066,-33.6751066,0</coordinates></LineString></Placemark><Placemark><name>Trabajado - Cuartel 2591 - Hilera 3438</name><Style><LineStyle><color>ff00ff00</color><width>3</width></LineStyle></Style><LineString><coordinates>-71.6194766,-33.6750516,0 -71.6194016,-33.6747533,0</coordinates></LineString></Placemark><Placemark><name>Trabajado - Cuartel 2591 - Hilera 3439</name><Style><LineStyle><color>ff00ff00</color><width>3</width></LineStyle></Style><LineString><coordinates>-71.6194016,-33.6747533,0 -71.6192933,-33.674665,0</coordinates></LineString></Placemark><Placemark><name>Trabajado - Cuartel 2591 - Hilera 3440</name><Style><LineStyle><color>ff00ff00</color><width>3</width></LineStyle></Style><LineString><coordinates>-71.6192933,-33.674665,0 -71.6191916,-33.6753366,0</coordinates></LineString></Placemark><Placemark><name>Trabajado - Cuartel 2591 - Hilera 3441</name><Style><LineStyle><color>ff00ff00</color><width>3</width></LineStyle></Style><LineString><coordinates>-71.61923,-33.6750366,0 -71.61923,-33.6746983,0</coordinates></LineString></Placemark><Placemark><name>Trabajado - Cuartel 2591 - Hilera 3443</name><Style><LineStyle><color>ff00ff00</color><width>3</width></LineStyle></Style><LineString><coordinates>-71.619105,-33.6746933,0 -71.6190249,-33.6749,0</coordinates></LineString></Placemark><Placemark><name>Trabajado - Cuartel 2591 - Hilera 3444</name><Style><LineStyle><color>ff00ff00</color><width>3</width></LineStyle></Style><LineString><coordinates>-71.6190249,-33.6749,0 -71.6190933,-33.6753233,0</coordinates></LineString></Placemark><Placemark><name>Trabajado - Cuartel 2591 - Hilera 3445</name><Style><LineStyle><color>ff00ff00</color><width>3</width></LineStyle></Style><LineString><coordinates>-71.61903,-33.6752983,0 -71.6189799,-33.6751683,0</coordinates></LineString></Placemark><Placemark><name>Trabajado - Cuartel 2591 - Hilera 3446</name><Style><LineStyle><color>ff00ff00</color><width>3</width></LineStyle></Style><LineString><coordinates>-71.6189799,-33.6751683,0 -71.618985,-33.6748416,0</coordinates></LineString></Placemark><Placemark><name>Trabajado - Cuartel 2591 - Hilera 3447</name><Style><LineStyle><color>ff00ff00</color><width>3</width></LineStyle></Style><LineString><coordinates>-71.618985,-33.6748416,0 -71.618835,-33.6747383,0</coordinates></LineString></Placemark><Placemark><name>Trabajado - Cuartel 2591 - Hilera 3448</name><Style><LineStyle><color>ff00ff00</color><width>3</width></LineStyle></Style><LineString><coordinates>-71.618835,-33.6747383,0 -71.6187983,-33.6753216,0</coordinates></LineString></Placemark><Placemark><name>Trabajado - Cuartel 2591 - Hilera 3449</name><Style><LineStyle><color>ff00ff00</color><width>3</width></LineStyle></Style><LineString><coordinates>-71.6187983,-33.6753216,0 -71.6187366,-33.6752449,0</coordinates></LineString></Placemark><Placemark><name>Trabajado - Cuartel 2591 - Hilera 3450</name><Style><LineStyle><color>ff00ff00</color><width>3</width></LineStyle></Style><LineString><coordinates>-71.6187366,-33.6752449,0 -71.6187533,-33.6747516,0</coordinates></LineString></Placemark><Placemark><name>Trabajado - Cuartel 2591 - Hilera 3451</name><Style><LineStyle><color>ff00ff00</color><width>3</width></LineStyle></Style><LineString><coordinates>-71.6187533,-33.6747516,0 -71.61865,-33.6746933,0</coordinates></LineString></Placemark><Placemark><name>Trabajado - Cuartel 2591 - Hilera 3452</name><Style><LineStyle><color>ff00ff00</color><width>3</width></LineStyle></Style><LineString><coordinates>-71.6186416,-33.6747066,0 -71.6185966,-33.675315,0</coordinates></LineString></Placemark><Placemark><name>Trabajado - Cuartel 2591 - Hilera 3453</name><Style><LineStyle><color>ff00ff00</color><width>3</width></LineStyle></Style><LineString><coordinates>-71.6185966,-33.675315,0 -71.618505,-33.6753999,0</coordinates></LineString></Placemark><Placemark><name>Trabajado - Cuartel 2591 - Hilera 3454</name><Style><LineStyle><color>ff00ff00</color><width>3</width></LineStyle></Style><LineString><coordinates>-71.618505,-33.6753999,0 -71.6185683,-33.67525,0</coordinates></LineString></Placemark><Placemark><name>Trabajado - Cuartel 2591 - Hilera 3455</name><Style><LineStyle><color>ff00ff00</color><width>3</width></LineStyle></Style><LineString><coordinates>-71.6185683,-33.67525,0 -71.6184466,-33.6746883,0</coordinates></LineString></Placemark><Placemark><name>Trabajado - Cuartel 2591 - Hilera 3457</name><Style><LineStyle><color>ff00ff00</color><width>3</width></LineStyle></Style><LineString><coordinates>-71.61832,-33.6746733,0 -71.6182899,-33.6751866,0</coordinates></LineString></Placemark><Placemark><name>Trabajado - Cuartel 2591 - Hilera 3458</name><Style><LineStyle><color>ff00ff00</color><width>3</width></LineStyle></Style><LineString><coordinates>-71.6182899,-33.6751866,0 -71.6183233,-33.6752566,0</coordinates></LineString></Placemark><Placemark><name>Trabajado - Cuartel 2591 - Hilera 3460</name><Style><LineStyle><color>ff00ff00</color><width>3</width></LineStyle></Style><LineString><coordinates>-71.6181549,-33.6752833,0 -71.6181516,-33.6747016,0</coordinates></LineString></Placemark><Placemark><name>Trabajado - Cuartel 2591 - Hilera 3462</name><Style><LineStyle><color>ff00ff00</color><width>3</width></LineStyle></Style><LineString><coordinates>-71.618,-33.674695,0 -71.6180083,-33.6751983,0</coordinates></LineString></Placemark><Placemark><name>Trabajado - Cuartel 2591 - Hilera 3463</name><Style><LineStyle><color>ff00ff00</color><width>3</width></LineStyle></Style><LineString><coordinates>-71.6180083,-33.6751983,0 -71.6178166,-33.6754033,0</coordinates></LineString></Placemark><Placemark><name>Trabajado - Cuartel 2591 - Hilera 3464</name><Style><LineStyle><color>ff00ff00</color><width>3</width></LineStyle></Style><LineString><coordinates>-71.6178166,-33.6754033,0 -71.6178333,-33.6747516,0</coordinates></LineString></Placemark><Placemark><name>Trabajado - Cuartel 2591 - Hilera 3466</name><Style><LineStyle><color>ff00ff00</color><width>3</width></LineStyle></Style><LineString><coordinates>-71.6176899,-33.6746683,0 -71.6176749,-33.6752616,0</coordinates></LineString></Placemark><Placemark><name>Trabajado - Cuartel 2591 - Hilera 3467</name><Style><LineStyle><color>ff00ff00</color><width>3</width></LineStyle></Style><LineString><coordinates>-71.6176749,-33.6752616,0 -71.6175783,-33.675375,0</coordinates></LineString></Placemark><Placemark><name>Trabajado - Cuartel 2591 - Hilera 3468</name><Style><LineStyle><color>ff00ff00</color><width>3</width></LineStyle></Style><LineString><coordinates>-71.6174216,-33.675405,0 -71.61752,-33.67527,0</coordinates></LineString></Placemark><Placemark><name>Trabajado - Cuartel 2591 - Hilera 3470</name><Style><LineStyle><color>ff00ff00</color><width>3</width></LineStyle></Style><LineString><coordinates>-71.617445,-33.6751833,0 -71.6175116,-33.6746049,0</coordinates></LineString></Placemark><Placemark><name>Trabajado - Cuartel 2591 - Hilera 3472</name><Style><LineStyle><color>ff00ff00</color><width>3</width></LineStyle></Style><LineString><coordinates>-71.6173133,-33.6747166,0 -71.6172933,-33.6748633,0</coordinates></LineString></Placemark><Placemark><name>Trabajado - Cuartel 2591 - Hilera 3473</name><Style><LineStyle><color>ff00ff00</color><width>3</width></LineStyle></Style><LineString><coordinates>-71.6173633,-33.6748799,0 -71.6172966,-33.6753133,0</coordinates></LineString></Placemark><Placemark><name>Trabajado - Cuartel 2591 - Hilera 3475</name><Style><LineStyle><color>ff00ff00</color><width>3</width></LineStyle></Style><LineString><coordinates>-71.6171616,-33.6752916,0 -71.6171783,-33.6751949,0</coordinates></LineString></Placemark><Placemark><name>Trabajado - Cuartel 2591 - Hilera 3476</name><Style><LineStyle><color>ff00ff00</color><width>3</width></LineStyle></Style><LineString><coordinates>-71.6171783,-33.6751949,0 -71.617205,-33.6747416,0</coordinates></LineString></Placemark><Placemark><name>Trabajado - Cuartel 2591 - Hilera 3477</name><Style><LineStyle><color>ff00ff00</color><width>3</width></LineStyle></Style><LineString><coordinates>-71.617205,-33.6747416,0 -71.6171616,-33.6746549,0</coordinates></LineString></Placemark><Placemark><name>Trabajado - Cuartel 2591 - Hilera 3479</name><Style><LineStyle><color>ff00ff00</color><width>3</width></LineStyle></Style><LineString><coordinates>-71.6169833,-33.67463,0 -71.6169783,-33.6753549,0</coordinates></LineString></Placemark><Placemark><name>Trabajado - Cuartel 2591 - Hilera 3481</name><Style><LineStyle><color>ff00ff00</color><width>3</width></LineStyle></Style><LineString><coordinates>-71.6168466,-33.6753966,0 -71.6168783,-33.67508,0</coordinates></LineString></Placemark><Placemark><name>Trabajado - Cuartel 2591 - Hilera 3482</name><Style><LineStyle><color>ff00ff00</color><width>3</width></LineStyle></Style><LineString><coordinates>-71.616805,-33.67507,0 -71.6168816,-33.674855,0</coordinates></LineString></Placemark><Placemark><name>Trabajado - Cuartel 2591 - Hilera 3483</name><Style><LineStyle><color>ff00ff00</color><width>3</width></LineStyle></Style><LineString><coordinates>-71.6168816,-33.674855,0 -71.6168616,-33.6747549,0</coordinates></LineString></Placemark><Placemark><name>Trabajado - Cuartel 2591 - Hilera 3484</name><Style><LineStyle><color>ff00ff00</color><width>3</width></LineStyle></Style><LineString><coordinates>-71.6168616,-33.6747549,0 -71.616705,-33.6746833,0</coordinates></LineString></Placemark><Placemark><name>Trabajado - Cuartel 2591 - Hilera 3485</name><Style><LineStyle><color>ff00ff00</color><width>3</width></LineStyle></Style><LineString><coordinates>-71.616705,-33.6746833,0 -71.6166766,-33.6748783,0</coordinates></LineString></Placemark><Placemark><name>Trabajado - Cuartel 2591 - Hilera 3486</name><Style><LineStyle><color>ff00ff00</color><width>3</width></LineStyle></Style><LineString><coordinates>-71.6166766,-33.6748783,0 -71.61675,-33.6749499,0</coordinates></LineString></Placemark><Placemark><name>Trabajado - Cuartel 2591 - Hilera 3487</name><Style><LineStyle><color>ff00ff00</color><width>3</width></LineStyle></Style><LineString><coordinates>-71.61675,-33.6749499,0 -71.6166566,-33.6750866,0</coordinates></LineString></Placemark><Placemark><name>Trabajado - Cuartel 2591 - Hilera 3488</name><Style><LineStyle><color>ff00ff00</color><width>3</width></LineStyle></Style><LineString><coordinates>-71.6166566,-33.6750866,0 -71.6166716,-33.6753383,0</coordinates></LineString></Placemark><Placemark><name>Trabajado - Cuartel 2591 - Hilera 3490</name><Style><LineStyle><color>ff00ff00</color><width>3</width></LineStyle></Style><LineString><coordinates>-71.6165233,-33.6753433,0 -71.6165166,-33.67481,0</coordinates></LineString></Placemark><Placemark><name>Trabajado - Cuartel 2591 - Hilera 3491</name><Style><LineStyle><color>ff00ff00</color><width>3</width></LineStyle></Style><LineString><coordinates>-71.6165166,-33.67481,0 -71.6163333,-33.6746983,0</coordinates></LineString></Placemark><Placemark><name>Trabajado - Cuartel 2591 - Hilera 3492</name><Style><LineStyle><color>ff00ff00</color><width>3</width></LineStyle></Style><LineString><coordinates>-71.6163333,-33.6746983,0 -71.6163483,-33.675225,0</coordinates></LineString></Placemark><Placemark><name>Trabajado - Cuartel 2591 - Hilera 3493</name><Style><LineStyle><color>ff00ff00</color><width>3</width></LineStyle></Style><LineString><coordinates>-71.6163483,-33.675225,0 -71.61626,-33.6754066,0</coordinates></LineString></Placemark><Placemark><name>Trabajado - Cuartel 2591 - Hilera 3495</name><Style><LineStyle><color>ff00ff00</color><width>3</width></LineStyle></Style><LineString><coordinates>-71.6161949,-33.6752866,0 -71.6161883,-33.6748783,0</coordinates></LineString></Placemark><Placemark><name>Trabajado - Cuartel 2591 - Hilera 3496</name><Style><LineStyle><color>ff00ff00</color><width>3</width></LineStyle></Style><LineString><coordinates>-71.6161883,-33.6748783,0 -71.6159883,-33.67458,0</coordinates></LineString></Placemark><Placemark><name>Trabajado - Cuartel 2591 - Hilera 3497</name><Style><LineStyle><color>ff00ff00</color><width>3</width></LineStyle></Style><LineString><coordinates>-71.6160149,-33.674665,0 -71.61610960281325,-33.67435068658618,0</coordinates></LineString></Placemark><Placemark><name>Trabajado - Cuartel 2591 - Hilera 3498</name><Style><LineStyle><color>ff00ff00</color><width>3</width></LineStyle></Style><LineString><coordinates>-71.6161066,-33.67441,0 -71.6161216,-33.6745083,0</coordinates></LineString></Placemark><Placemark><name>Trabajado - Cuartel 2591 - Hilera 3499</name><Style><LineStyle><color>ff00ff00</color><width>3</width></LineStyle></Style><LineString><coordinates>-71.6161216,-33.6745083,0 -71.6161816,-33.6745716,0</coordinates></LineString></Placemark><Placemark><name>Trabajado - Cuartel 2591 - Hilera 3501</name><Style><LineStyle><color>ff00ff00</color><width>3</width></LineStyle></Style><LineString><coordinates>-71.61944,-33.6746633,0 -71.619555,-33.6777916,0</coordinates></LineString></Placemark><Placemark><name>Descartado (grupo chico) - Hilera 2593</name><Style><LineStyle><color>ff00ffff</color><width>3</width></LineStyle></Style><LineString><coordinates>-71.6213283,-33.6761599,0 -71.6211883,-33.6761883,0</coordinates></LineString></Placemark><Placemark><name>Descartado (grupo chico) - Hilera 2604</name><Style><LineStyle><color>ff00ffff</color><width>3</width></LineStyle></Style><LineString><coordinates>-71.621255,-33.6761616,0 -71.62222,-33.6761566,0</coordinates></LineString></Placemark><Placemark><name>Descartado (grupo chico) - Hilera 2625</name><Style><LineStyle><color>ff00ffff</color><width>3</width></LineStyle></Style><LineString><coordinates>-71.6219583,-33.6761183,0 -71.62183,-33.6761233,0</coordinates></LineString></Placemark><Placemark><name>Descartado (grupo chico) - Hilera 2634</name><Style><LineStyle><color>ff00ffff</color><width>3</width></LineStyle></Style><LineString><coordinates>-71.6211083,-33.6760916,0 -71.6210166,-33.6761,0</coordinates></LineString></Placemark><Placemark><name>Trabajado - Cuartel 2603 - Hilera 2603</name><Style><LineStyle><color>ff00ff00</color><width>3</width></LineStyle></Style><LineString><coordinates>-71.6211233,-33.6761216,0 -71.621255,-33.6761616,0</coordinates></LineString></Placemark><Placemark><name>Trabajado - Cuartel 2603 - Hilera 2643</name><Style><LineStyle><color>ff00ff00</color><width>3</width></LineStyle></Style><LineString><coordinates>-71.62089,-33.6761299,0 -71.6207849,-33.6760983,0</coordinates></LineString></Placemark><Placemark><name>Trabajado - Cuartel 2603 - Hilera 2653</name><Style><LineStyle><color>ff00ff00</color><width>3</width></LineStyle></Style><LineString><coordinates>-71.62067,-33.6761416,0 -71.6205449,-33.6761116,0</coordinates></LineString></Placemark><Placemark><name>Trabajado - Cuartel 2603 - Hilera 2662</name><Style><LineStyle><color>ff00ff00</color><width>3</width></LineStyle></Style><LineString><coordinates>-71.6204899,-33.6757616,0 -71.6203633,-33.6757783,0</coordinates></LineString></Placemark><Placemark><name>Trabajado - Cuartel 2603 - Hilera 2664</name><Style><LineStyle><color>ff00ff00</color><width>3</width></LineStyle></Style><LineString><coordinates>-71.6204849,-33.6761216,0 -71.6203566,-33.6760399,0</coordinates></LineString></Placemark><Placemark><name>Trabajado - Cuartel 2603 - Hilera 2679</name><Style><LineStyle><color>ff00ff00</color><width>3</width></LineStyle></Style><LineString><coordinates>-71.6196883,-33.6761333,0 -71.62026,-33.6761033,0</coordinates></LineString></Placemark><Placemark><name>Trabajado - Cuartel 2603 - Hilera 2687</name><Style><LineStyle><color>ff00ff00</color><width>3</width></LineStyle></Style><LineString><coordinates>-71.6199183,-33.6761299,0 -71.6197733,-33.6760466,0</coordinates></LineString></Placemark><Placemark><name>Descartado (grupo chico) - Hilera 2611</name><Style><LineStyle><color>ff00ffff</color><width>3</width></LineStyle></Style><LineString><coordinates>-71.6221116,-33.6761599,0 -71.62227,-33.6760733,0</coordinates></LineString></Placemark><Placemark><name>Descartado (grupo chico) - Hilera 2615</name><Style><LineStyle><color>ff00ffff</color><width>3</width></LineStyle></Style><LineString><coordinates>-71.6222116,-33.6749683,0 -71.62211,-33.6748833,0</coordinates></LineString></Placemark><Placemark><name>Descartado (grupo chico) - Hilera 2629</name><Style><LineStyle><color>ff00ffff</color><width>3</width></LineStyle></Style><LineString><coordinates>-71.6218766,-33.674575,0 -71.6219466,-33.674645,0</coordinates></LineString></Placemark><Placemark><name>Descartado (grupo chico) - Hilera 2616</name><Style><LineStyle><color>ff00ffff</color><width>3</width></LineStyle></Style><LineString><coordinates>-71.6221366,-33.6746616,0 -71.6220433,-33.6747399,0</coordinates></LineString></Placemark><Placemark><name>Descartado (grupo chico) - Hilera 2628</name><Style><LineStyle><color>ff00ffff</color><width>3</width></LineStyle></Style><LineString><coordinates>-71.62182,-33.674635,0 -71.6218766,-33.674575,0</coordinates></LineString></Placemark><Placemark><name>Descartado (grupo chico) - Hilera 2627</name><Style><LineStyle><color>ff00ffff</color><width>3</width></LineStyle></Style><LineString><coordinates>-71.62194672171428,-33.67464376491857,0 -71.62136700225088,-33.674603667655695,0</coordinates></LineString></Placemark><Placemark><name>Descartado (grupo chico) - Hilera 2669</name><Style><LineStyle><color>ff00ffff</color><width>3</width></LineStyle></Style><LineString><coordinates>-71.6203666,-33.674635,0 -71.6222366,-33.6746666,0</coordinates></LineString></Placemark><Placemark><name>Descartado (grupo chico) - Hilera 2636</name><Style><LineStyle><color>ff00ffff</color><width>3</width></LineStyle></Style><LineString><coordinates>-71.6210233,-33.6747083,0 -71.62091,-33.6746433,0</coordinates></LineString></Placemark><Placemark><name>Descartado (grupo chico) - Hilera 2677</name><Style><LineStyle><color>ff00ffff</color><width>3</width></LineStyle></Style><LineString><coordinates>-71.6222916,-33.6753766,0 -71.6195783,-33.6753816,0</coordinates></LineString></Placemark><Placemark><name>Descartado (grupo chico) - Hilera 2681</name><Style><LineStyle><color>ff00ffff</color><width>3</width></LineStyle></Style><LineString><coordinates>-71.620255,-33.6746799,0 -71.6201516,-33.6747133,0</coordinates></LineString></Placemark><Placemark><name>Descartado (grupo chico) - Hilera 2690</name><Style><LineStyle><color>ff00ffff</color><width>3</width></LineStyle></Style><LineString><coordinates>-71.6197083,-33.6775666,0 -71.6195599,-33.6776283,0</coordinates></LineString></Placemark><Placemark><name>Descartado (grupo chico) - Hilera 2696</name><Style><LineStyle><color>ff00ffff</color><width>3</width></LineStyle></Style><LineString><coordinates>-71.62408103568175,-33.68389200858529,0 -71.6238883,-33.6842349,0</coordinates></LineString></Placemark><Placemark><name>Descartado (grupo chico) - Hilera 2911</name><Style><LineStyle><color>ff00ffff</color><width>3</width></LineStyle></Style><LineString><coordinates>-71.6237816,-33.6841249,0 -71.6238333,-33.68403,0</coordinates></LineString></Placemark><Placemark><name>Descartado (grupo chico) - Hilera 2761</name><Style><LineStyle><color>ff00ffff</color><width>3</width></LineStyle></Style><LineString><coordinates>-71.621345,-33.684215,0 -71.6212116,-33.6842533,0</coordinates></LineString></Placemark><Placemark><name>Descartado (grupo chico) - Hilera 2774</name><Style><LineStyle><color>ff00ffff</color><width>3</width></LineStyle></Style><LineString><coordinates>-71.6210366,-33.6847349,0 -71.6208549,-33.6847766,0</coordinates></LineString></Placemark><Placemark><name>Descartado (grupo chico) - Hilera 2785</name><Style><LineStyle><color>ff00ffff</color><width>3</width></LineStyle></Style><LineString><coordinates>-71.62075,-33.6855466,0 -71.62065,-33.6855816,0</coordinates></LineString></Placemark><Placemark><name>Descartado (grupo chico) - Hilera 2791</name><Style><LineStyle><color>ff00ffff</color><width>3</width></LineStyle></Style><LineString><coordinates>-71.6205366,-33.68557,0 -71.6204566,-33.6856216,0</coordinates></LineString></Placemark><Placemark><name>Descartado (grupo chico) - Hilera 2788</name><Style><LineStyle><color>ff00ffff</color><width>3</width></LineStyle></Style><LineString><coordinates>-71.6206766,-33.6842066,0 -71.6205383,-33.6842883,0</coordinates></LineString></Placemark><Placemark><name>Descartado (grupo chico) - Hilera 2795</name><Style><LineStyle><color>ff00ffff</color><width>3</width></LineStyle></Style><LineString><coordinates>-71.62047,-33.6834066,0 -71.620565,-33.6834216,0</coordinates></LineString></Placemark><Placemark><name>Descartado (grupo chico) - Hilera 2802</name><Style><LineStyle><color>ff00ffff</color><width>3</width></LineStyle></Style><LineString><coordinates>-71.6208833,-33.6834966,0 -71.6209949,-33.6834266,0</coordinates></LineString></Placemark><Placemark><name>Descartado (grupo chico) - Hilera 2804</name><Style><LineStyle><color>ff00ffff</color><width>3</width></LineStyle></Style><LineString><coordinates>-71.6209816,-33.684,0 -71.6211116,-33.6840566,0</coordinates></LineString></Placemark><Placemark><name>Descartado (grupo chico) - Hilera 2806</name><Style><LineStyle><color>ff00ffff</color><width>3</width></LineStyle></Style><LineString><coordinates>-71.6210916,-33.68342,0 -71.6212566,-33.6834883,0</coordinates></LineString></Placemark><Placemark><name>Descartado (grupo chico) - Hilera 2876</name><Style><LineStyle><color>ff00ffff</color><width>3</width></LineStyle></Style><LineString><coordinates>-71.62245153626512,-33.682760152502915,0 -71.6222933,-33.6827766,0</coordinates></LineString></Placemark><Placemark><name>Descartado (grupo chico) - Hilera 2877</name><Style><LineStyle><color>ff00ffff</color><width>3</width></LineStyle></Style><LineString><coordinates>-71.62241,-33.6827933,0 -71.6223083,-33.6827616,0</coordinates></LineString></Placemark><Placemark><name>Descartado (grupo chico) - Hilera 2878</name><Style><LineStyle><color>ff00ffff</color><width>3</width></LineStyle></Style><LineString><coordinates>-71.6224716,-33.6826266,0 -71.6218866,-33.6824166,0</coordinates></LineString></Placemark><Placemark><name>Descartado (grupo chico) - Hilera 2889</name><Style><LineStyle><color>ff00ffff</color><width>3</width></LineStyle></Style><LineString><coordinates>-71.6223083,-33.6826349,0 -71.6227083,-33.6827566,0</coordinates></LineString></Placemark><Placemark><name>Descartado (grupo chico) - Hilera 2879</name><Style><LineStyle><color>ff00ffff</color><width>3</width></LineStyle></Style><LineString><coordinates>-71.6218866,-33.6824166,0 -71.6217666,-33.6824316,0</coordinates></LineString></Placemark><Placemark><name>Descartado (grupo chico) - Hilera 2882</name><Style><LineStyle><color>ff00ffff</color><width>3</width></LineStyle></Style><LineString><coordinates>-71.62187,-33.6821416,0 -71.6212533,-33.68181,0</coordinates></LineString></Placemark><Placemark><name>Descartado (grupo chico) - Hilera 2887</name><Style><LineStyle><color>ff00ffff</color><width>3</width></LineStyle></Style><LineString><coordinates>-71.6205983,-33.68078,0 -71.6222649,-33.6823249,0</coordinates></LineString></Placemark><Placemark><name>Descartado (grupo chico) - Hilera 2904</name><Style><LineStyle><color>ff00ffff</color><width>3</width></LineStyle></Style><LineString><coordinates>-71.6233766,-33.6841366,0 -71.62357,-33.6840633,0</coordinates></LineString></Placemark><Placemark><name>Descartado (grupo chico) - Hilera 2920</name><Style><LineStyle><color>ff00ffff</color><width>3</width></LineStyle></Style><LineString><coordinates>-71.6146116,-33.6825333,0 -71.6147183,-33.682585,0</coordinates></LineString></Placemark><Placemark><name>Trabajado - Cuartel 2923 - Hilera 2923</name><Style><LineStyle><color>ff00ff00</color><width>3</width></LineStyle></Style><LineString><coordinates>-71.6146716,-33.6833216,0 -71.6127916,-33.6833183,0</coordinates></LineString></Placemark><Placemark><name>Trabajado - Cuartel 2923 - Hilera 3254</name><Style><LineStyle><color>ff00ff00</color><width>3</width></LineStyle></Style><LineString><coordinates>-71.615585,-33.6825499,0 -71.6126983,-33.6832033,0</coordinates></LineString></Placemark><Placemark><name>Trabajado - Cuartel 2923 - Hilera 3372</name><Style><LineStyle><color>ff00ff00</color><width>3</width></LineStyle></Style><LineString><coordinates>-71.6140433,-33.6833683,0 -71.6139433,-33.6834166,0</coordinates></LineString></Placemark><Placemark><name>Trabajado - Cuartel 2923 - Hilera 3380</name><Style><LineStyle><color>ff00ff00</color><width>3</width></LineStyle></Style><LineString><coordinates>-71.6135,-33.6833866,0 -71.6133066,-33.6833683,0</coordinates></LineString></Placemark><Placemark><name>Trabajado - Cuartel 2923 - Hilera 3400</name><Style><LineStyle><color>ff00ff00</color><width>3</width></LineStyle></Style><LineString><coordinates>-71.6145883,-33.6832933,0 -71.61301,-33.6833133,0</coordinates></LineString></Placemark><Placemark><name>Descartado (grupo chico) - Hilera 2924</name><Style><LineStyle><color>ff00ffff</color><width>3</width></LineStyle></Style><LineString><coordinates>-71.6127916,-33.6833183,0 -71.612635,-33.68342,0</coordinates></LineString></Placemark><Placemark><name>Descartado (grupo chico) - Hilera 2955</name><Style><LineStyle><color>ff00ffff</color><width>3</width></LineStyle></Style><LineString><coordinates>-71.612815,-33.6830516,0 -71.6125916,-33.6832949,0</coordinates></LineString></Placemark><Placemark><name>Descartado (grupo chico) - Hilera 3392</name><Style><LineStyle><color>ff00ffff</color><width>3</width></LineStyle></Style><LineString><coordinates>-71.6131816,-33.6834433,0 -71.613375,-33.68319,0</coordinates></LineString></Placemark><Placemark><name>Descartado (grupo chico) - Hilera 3409</name><Style><LineStyle><color>ff00ffff</color><width>3</width></LineStyle></Style><LineString><coordinates>-71.6128416,-33.6835533,0 -71.612705,-33.6837066,0</coordinates></LineString></Placemark><Placemark><name>Descartado (grupo chico) - Hilera 2929</name><Style><LineStyle><color>ff00ffff</color><width>3</width></LineStyle></Style><LineString><coordinates>-71.6117949,-33.6879566,0 -71.6119033,-33.687905,0</coordinates></LineString></Placemark><Placemark><name>Descartado (grupo chico) - Hilera 2936</name><Style><LineStyle><color>ff00ffff</color><width>3</width></LineStyle></Style><LineString><coordinates>-71.6119616,-33.6878616,0 -71.6120566,-33.6879116,0</coordinates></LineString></Placemark><Placemark><name>Descartado (grupo chico) - Hilera 2947</name><Style><LineStyle><color>ff00ffff</color><width>3</width></LineStyle></Style><LineString><coordinates>-71.612225,-33.6879266,0 -71.612155,-33.6878616,0</coordinates></LineString></Placemark><Placemark><name>Descartado (grupo chico) - Hilera 2949</name><Style><LineStyle><color>ff00ffff</color><width>3</width></LineStyle></Style><LineString><coordinates>-71.612165,-33.68568,0 -71.61232,-33.685675,0</coordinates></LineString></Placemark><Placemark><name>Descartado (grupo chico) - Hilera 2950</name><Style><LineStyle><color>ff00ffff</color><width>3</width></LineStyle></Style><LineString><coordinates>-71.61232,-33.685675,0 -71.612095,-33.6855916,0</coordinates></LineString></Placemark><Placemark><name>Descartado (grupo chico) - Hilera 2957</name><Style><LineStyle><color>ff00ffff</color><width>3</width></LineStyle></Style><LineString><coordinates>-71.6121266,-33.6856033,0 -71.61250702323814,-33.68565863428919,0</coordinates></LineString></Placemark><Placemark><name>Descartado (grupo chico) - Hilera 2961</name><Style><LineStyle><color>ff00ffff</color><width>3</width></LineStyle></Style><LineString><coordinates>-71.6125883,-33.6873183,0 -71.6125,-33.6873016,0</coordinates></LineString></Placemark><Placemark><name>Descartado (grupo chico) - Hilera 2963</name><Style><LineStyle><color>ff00ffff</color><width>3</width></LineStyle></Style><LineString><coordinates>-71.6125033,-33.6861566,0 -71.6126016,-33.68621,0</coordinates></LineString></Placemark><Placemark><name>Descartado (grupo chico) - Hilera 2978</name><Style><LineStyle><color>ff00ffff</color><width>3</width></LineStyle></Style><LineString><coordinates>-71.612555,-33.686395,0 -71.612785,-33.6864333,0</coordinates></LineString></Placemark><Placemark><name>Trabajado - Cuartel 2980 - Hilera 2980</name><Style><LineStyle><color>ff00ff00</color><width>3</width></LineStyle></Style><LineString><coordinates>-71.6129483,-33.6879383,0 -71.6128666,-33.6878716,0</coordinates></LineString></Placemark><Placemark><name>Trabajado - Cuartel 2980 - Hilera 2991</name><Style><LineStyle><color>ff00ff00</color><width>3</width></LineStyle></Style><LineString><coordinates>-71.6130449,-33.68792,0 -71.61294,-33.68781,0</coordinates></LineString></Placemark><Placemark><name>Trabajado - Cuartel 2980 - Hilera 3006</name><Style><LineStyle><color>ff00ff00</color><width>3</width></LineStyle></Style><LineString><coordinates>-71.6131066,-33.68776,0 -71.6136316,-33.6880116,0</coordinates></LineString></Placemark><Placemark><name>Trabajado - Cuartel 2980 - Hilera 3108</name><Style><LineStyle><color>ff00ff00</color><width>3</width></LineStyle></Style><LineString><coordinates>-71.6136,-33.6871649,0 -71.6135166,-33.6870966,0</coordinates></LineString></Placemark><Placemark><name>Trabajado - Cuartel 2980 - Hilera 3111</name><Style><LineStyle><color>ff00ff00</color><width>3</width></LineStyle></Style><LineString><coordinates>-71.613545,-33.6874183,0 -71.6133149,-33.6873133,0</coordinates></LineString></Placemark><Placemark><name>Descartado (grupo chico) - Hilera 2983</name><Style><LineStyle><color>ff00ffff</color><width>3</width></LineStyle></Style><LineString><coordinates>-71.6128316,-33.6869616,0 -71.6129133,-33.6869133,0</coordinates></LineString></Placemark><Placemark><name>Descartado (grupo chico) - Hilera 2994</name><Style><LineStyle><color>ff00ffff</color><width>3</width></LineStyle></Style><LineString><coordinates>-71.6130699,-33.687975,0 -71.6132033,-33.687945,0</coordinates></LineString></Placemark><Placemark><name>Descartado (grupo chico) - Hilera 3205</name><Style><LineStyle><color>ff00ffff</color><width>3</width></LineStyle></Style><LineString><coordinates>-71.6137183,-33.6880233,0 -71.61274,-33.6881266,0</coordinates></LineString></Placemark><Placemark><name>Descartado (grupo chico) - Hilera 3000</name><Style><LineStyle><color>ff00ffff</color><width>3</width></LineStyle></Style><LineString><coordinates>-71.613365,-33.6864666,0 -71.61322,-33.686655,0</coordinates></LineString></Placemark><Placemark><name>Descartado (grupo chico) - Hilera 3002</name><Style><LineStyle><color>ff00ffff</color><width>3</width></LineStyle></Style><LineString><coordinates>-71.6132816,-33.6872433,0 -71.6131833,-33.6872533,0</coordinates></LineString></Placemark><Placemark><name>Descartado (grupo chico) - Hilera 3105</name><Style><LineStyle><color>ff00ffff</color><width>3</width></LineStyle></Style><LineString><coordinates>-71.6139033,-33.6872199,0 -71.6136766,-33.68727,0</coordinates></LineString></Placemark><Placemark><name>Descartado (grupo chico) - Hilera 3113</name><Style><LineStyle><color>ff00ffff</color><width>3</width></LineStyle></Style><LineString><coordinates>-71.613405,-33.687335,0 -71.61356,-33.6872533,0</coordinates></LineString></Placemark><Placemark><name>Descartado (grupo chico) - Hilera 3116</name><Style><LineStyle><color>ff00ffff</color><width>3</width></LineStyle></Style><LineString><coordinates>-71.6135283,-33.6874166,0 -71.6137216,-33.68736,0</coordinates></LineString></Placemark><Placemark><name>Descartado (grupo chico) - Hilera 3009</name><Style><LineStyle><color>ff00ffff</color><width>3</width></LineStyle></Style><LineString><coordinates>-71.61541,-33.6879616,0 -71.61555,-33.6878633,0</coordinates></LineString></Placemark><Placemark><name>Descartado (grupo chico) - Hilera 3011</name><Style><LineStyle><color>ff00ffff</color><width>3</width></LineStyle></Style><LineString><coordinates>-71.6155133,-33.6872683,0 -71.6153616,-33.6871316,0</coordinates></LineString></Placemark><Placemark><name>Descartado (grupo chico) - Hilera 3018</name><Style><LineStyle><color>ff00ffff</color><width>3</width></LineStyle></Style><LineString><coordinates>-71.6152283,-33.6875083,0 -71.6151649,-33.6874483,0</coordinates></LineString></Placemark><Placemark><name>Descartado (grupo chico) - Hilera 3080</name><Style><LineStyle><color>ff00ffff</color><width>3</width></LineStyle></Style><LineString><coordinates>-71.6150733,-33.6872199,0 -71.6149816,-33.6871633,0</coordinates></LineString></Placemark><Placemark><name>Descartado (grupo chico) - Hilera 3028</name><Style><LineStyle><color>ff00ffff</color><width>3</width></LineStyle></Style><LineString><coordinates>-71.6204433,-33.680755,0 -71.6126783,-33.6831716,0</coordinates></LineString></Placemark><Placemark><name>Descartado (grupo chico) - Hilera 3044</name><Style><LineStyle><color>ff00ffff</color><width>3</width></LineStyle></Style><LineString><coordinates>-71.6139583,-33.68565,0 -71.6140716,-33.6856766,0</coordinates></LineString></Placemark><Placemark><name>Descartado (grupo chico) - Hilera 3047</name><Style><LineStyle><color>ff00ffff</color><width>3</width></LineStyle></Style><LineString><coordinates>-71.6141683,-33.685695,0 -71.6142983,-33.685695,0</coordinates></LineString></Placemark><Placemark><name>Descartado (grupo chico) - Hilera 3053</name><Style><LineStyle><color>ff00ffff</color><width>3</width></LineStyle></Style><LineString><coordinates>-71.6146016,-33.6856483,0 -71.6147083,-33.6856616,0</coordinates></LineString></Placemark><Placemark><name>Descartado (grupo chico) - Hilera 3054</name><Style><LineStyle><color>ff00ffff</color><width>3</width></LineStyle></Style><LineString><coordinates>-71.6147033,-33.6856299,0 -71.6147916,-33.6856516,0</coordinates></LineString></Placemark><Placemark><name>Descartado (grupo chico) - Hilera 3365</name><Style><LineStyle><color>ff00ffff</color><width>3</width></LineStyle></Style><LineString><coordinates>-71.6142516,-33.68555,0 -71.6141483,-33.6854949,0</coordinates></LineString></Placemark><Placemark><name>Descartado (grupo chico) - Hilera 3050</name><Style><LineStyle><color>ff00ffff</color><width>3</width></LineStyle></Style><LineString><coordinates>-71.6144666,-33.68574,0 -71.6145649,-33.6856683,0</coordinates></LineString></Placemark><Placemark><name>Descartado (grupo chico) - Hilera 3343</name><Style><LineStyle><color>ff00ffff</color><width>3</width></LineStyle></Style><LineString><coordinates>-71.6150083,-33.6854933,0 -71.6148783,-33.6855633,0</coordinates></LineString></Placemark><Placemark><name>Descartado (grupo chico) - Hilera 3351</name><Style><LineStyle><color>ff00ffff</color><width>3</width></LineStyle></Style><LineString><coordinates>-71.61478,-33.6855049,0 -71.6146816,-33.6855366,0</coordinates></LineString></Placemark><Placemark><name>Descartado (grupo chico) - Hilera 3057</name><Style><LineStyle><color>ff00ffff</color><width>3</width></LineStyle></Style><LineString><coordinates>-71.614735,-33.6863366,0 -71.6148966,-33.6863216,0</coordinates></LineString></Placemark><Placemark><name>Descartado (grupo chico) - Hilera 3070</name><Style><LineStyle><color>ff00ffff</color><width>3</width></LineStyle></Style><LineString><coordinates>-71.6154633,-33.6856783,0 -71.6155649,-33.6857416,0</coordinates></LineString></Placemark><Placemark><name>Descartado (grupo chico) - Hilera 3086</name><Style><LineStyle><color>ff00ffff</color><width>3</width></LineStyle></Style><LineString><coordinates>-71.6148983,-33.6872316,0 -71.61471,-33.6872066,0</coordinates></LineString></Placemark><Placemark><name>Descartado (grupo chico) - Hilera 3102</name><Style><LineStyle><color>ff00ffff</color><width>3</width></LineStyle></Style><LineString><coordinates>-71.6142016,-33.6872416,0 -71.6140116,-33.6872066,0</coordinates></LineString></Placemark><Placemark><name>Trabajado - Cuartel 3130 - Hilera 3130</name><Style><LineStyle><color>ff00ff00</color><width>3</width></LineStyle></Style><LineString><coordinates>-71.61105,-33.6892633,0 -71.612735,-33.68934,0</coordinates></LineString></Placemark><Placemark><name>Trabajado - Cuartel 3130 - Hilera 3132</name><Style><LineStyle><color>ff00ff00</color><width>3</width></LineStyle></Style><LineString><coordinates>-71.6127016,-33.6894883,0 -71.6124766,-33.689495,0</coordinates></LineString></Placemark><Placemark><name>Trabajado - Cuartel 3130 - Hilera 3133</name><Style><LineStyle><color>ff00ff00</color><width>3</width></LineStyle></Style><LineString><coordinates>-71.6124766,-33.689495,0 -71.612405,-33.6894533,0</coordinates></LineString></Placemark><Placemark><name>Trabajado - Cuartel 3130 - Hilera 3134</name><Style><LineStyle><color>ff00ff00</color><width>3</width></LineStyle></Style><LineString><coordinates>-71.612405,-33.6894533,0 -71.611725,-33.6894266,0</coordinates></LineString></Placemark><Placemark><name>Trabajado - Cuartel 3130 - Hilera 3135</name><Style><LineStyle><color>ff00ff00</color><width>3</width></LineStyle></Style><LineString><coordinates>-71.611725,-33.6894266,0 -71.6111116,-33.6894933,0</coordinates></LineString></Placemark><Placemark><name>Trabajado - Cuartel 3130 - Hilera 3137</name><Style><LineStyle><color>ff00ff00</color><width>3</width></LineStyle></Style><LineString><coordinates>-71.61101,-33.6895966,0 -71.61223934811916,-33.68953022481776,0</coordinates></LineString></Placemark><Placemark><name>Trabajado - Cuartel 3130 - Hilera 3138</name><Style><LineStyle><color>ff00ff00</color><width>3</width></LineStyle></Style><LineString><coordinates>-71.6122383,-33.6895166,0 -71.61265,-33.68961,0</coordinates></LineString></Placemark><Placemark><name>Trabajado - Cuartel 3130 - Hilera 3140</name><Style><LineStyle><color>ff00ff00</color><width>3</width></LineStyle></Style><LineString><coordinates>-71.6127116,-33.6897383,0 -71.6121666,-33.6897033,0</coordinates></LineString></Placemark><Placemark><name>Trabajado - Cuartel 3130 - Hilera 3141</name><Style><LineStyle><color>ff00ff00</color><width>3</width></LineStyle></Style><LineString><coordinates>-71.6121666,-33.6897033,0 -71.6117316,-33.6897283,0</coordinates></LineString></Placemark><Placemark><name>Trabajado - Cuartel 3130 - Hilera 3142</name><Style><LineStyle><color>ff00ff00</color><width>3</width></LineStyle></Style><LineString><coordinates>-71.6116349,-33.689715,0 -71.6115233,-33.68976,0</coordinates></LineString></Placemark><Placemark><name>Trabajado - Cuartel 3130 - Hilera 3143</name><Style><LineStyle><color>ff00ff00</color><width>3</width></LineStyle></Style><LineString><coordinates>-71.6115233,-33.68976,0 -71.61108,-33.6897549,0</coordinates></LineString></Placemark><Placemark><name>Trabajado - Cuartel 3130 - Hilera 3145</name><Style><LineStyle><color>ff00ff00</color><width>3</width></LineStyle></Style><LineString><coordinates>-71.61093,-33.68989,0 -71.6126866,-33.6898799,0</coordinates></LineString></Placemark><Placemark><name>Trabajado - Cuartel 3130 - Hilera 3147</name><Style><LineStyle><color>ff00ff00</color><width>3</width></LineStyle></Style><LineString><coordinates>-71.61273,-33.6900133,0 -71.6118,-33.6900716,0</coordinates></LineString></Placemark><Placemark><name>Trabajado - Cuartel 3130 - Hilera 3148</name><Style><LineStyle><color>ff00ff00</color><width>3</width></LineStyle></Style><LineString><coordinates>-71.6118,-33.6900716,0 -71.6114383,-33.6899816,0</coordinates></LineString></Placemark><Placemark><name>Trabajado - Cuartel 3130 - Hilera 3149</name><Style><LineStyle><color>ff00ff00</color><width>3</width></LineStyle></Style><LineString><coordinates>-71.6114383,-33.6899816,0 -71.611075,-33.6899799,0</coordinates></LineString></Placemark><Placemark><name>Trabajado - Cuartel 3130 - Hilera 3151</name><Style><LineStyle><color>ff00ff00</color><width>3</width></LineStyle></Style><LineString><coordinates>-71.6108933,-33.6900916,0 -71.6112966,-33.6901333,0</coordinates></LineString></Placemark><Placemark><name>Trabajado - Cuartel 3130 - Hilera 3152</name><Style><LineStyle><color>ff00ff00</color><width>3</width></LineStyle></Style><LineString><coordinates>-71.6109233,-33.6901066,0 -71.6116316,-33.6900966,0</coordinates></LineString></Placemark><Placemark><name>Trabajado - Cuartel 3130 - Hilera 3153</name><Style><LineStyle><color>ff00ff00</color><width>3</width></LineStyle></Style><LineString><coordinates>-71.6116133,-33.6901383,0 -71.61239765872199,-33.69016182958518,0</coordinates></LineString></Placemark><Placemark><name>Trabajado - Cuartel 3130 - Hilera 3154</name><Style><LineStyle><color>ff00ff00</color><width>3</width></LineStyle></Style><LineString><coordinates>-71.6123966,-33.6901866,0 -71.6126433,-33.6901533,0</coordinates></LineString></Placemark><Placemark><name>Trabajado - Cuartel 3130 - Hilera 3156</name><Style><LineStyle><color>ff00ff00</color><width>3</width></LineStyle></Style><LineString><coordinates>-71.6126933,-33.6902683,0 -71.6109583,-33.6902583,0</coordinates></LineString></Placemark><Placemark><name>Trabajado - Cuartel 3130 - Hilera 3199</name><Style><LineStyle><color>ff00ff00</color><width>3</width></LineStyle></Style><LineString><coordinates>-71.61074,-33.6904516,0 -71.6126783,-33.6904266,0</coordinates></LineString></Placemark><Placemark><name>Descartado (grupo chico) - Hilera 3131</name><Style><LineStyle><color>ff00ffff</color><width>3</width></LineStyle></Style><LineString><coordinates>-71.6127733,-33.6893216,0 -71.6127016,-33.6894883,0</coordinates></LineString></Placemark><Placemark><name>Descartado (grupo chico) - Hilera 3136</name><Style><LineStyle><color>ff00ffff</color><width>3</width></LineStyle></Style><LineString><coordinates>-71.6111116,-33.6894933,0 -71.6110033,-33.6896133,0</coordinates></LineString></Placemark><Placemark><name>Descartado (grupo chico) - Hilera 3144</name><Style><LineStyle><color>ff00ffff</color><width>3</width></LineStyle></Style><LineString><coordinates>-71.61108,-33.6897549,0 -71.61093,-33.68989,0</coordinates></LineString></Placemark><Placemark><name>Descartado (grupo chico) - Hilera 3150</name><Style><LineStyle><color>ff00ffff</color><width>3</width></LineStyle></Style><LineString><coordinates>-71.611075,-33.6899799,0 -71.6108933,-33.6900916,0</coordinates></LineString></Placemark><Placemark><name>Trabajado - Cuartel 3139 - Hilera 3139</name><Style><LineStyle><color>ff00ff00</color><width>3</width></LineStyle></Style><LineString><coordinates>-71.61265,-33.68961,0 -71.6127116,-33.6897383,0</coordinates></LineString></Placemark><Placemark><name>Trabajado - Cuartel 3139 - Hilera 3146</name><Style><LineStyle><color>ff00ff00</color><width>3</width></LineStyle></Style><LineString><coordinates>-71.6126866,-33.6898799,0 -71.61273,-33.6900133,0</coordinates></LineString></Placemark><Placemark><name>Trabajado - Cuartel 3139 - Hilera 3155</name><Style><LineStyle><color>ff00ff00</color><width>3</width></LineStyle></Style><LineString><coordinates>-71.6126433,-33.6901533,0 -71.6126933,-33.6902683,0</coordinates></LineString></Placemark><Placemark><name>Trabajado - Cuartel 3139 - Hilera 3200</name><Style><LineStyle><color>ff00ff00</color><width>3</width></LineStyle></Style><LineString><coordinates>-71.6126783,-33.6904266,0 -71.6127266,-33.6902516,0</coordinates></LineString></Placemark><Placemark><name>Trabajado - Cuartel 3139 - Hilera 3206</name><Style><LineStyle><color>ff00ff00</color><width>3</width></LineStyle></Style><LineString><coordinates>-71.61274,-33.6881266,0 -71.6126616,-33.6920166,0</coordinates></LineString></Placemark><Placemark><name>Descartado (grupo chico) - Hilera 3157</name><Style><LineStyle><color>ff00ffff</color><width>3</width></LineStyle></Style><LineString><coordinates>-71.6109583,-33.6902583,0 -71.610965,-33.6903983,0</coordinates></LineString></Placemark><Placemark><name>Descartado (grupo chico) - Hilera 3158</name><Style><LineStyle><color>ff00ffff</color><width>3</width></LineStyle></Style><LineString><coordinates>-71.610925,-33.6904183,0 -71.6108483,-33.6902333,0</coordinates></LineString></Placemark><Placemark><name>Descartado (grupo chico) - Hilera 3195</name><Style><LineStyle><color>ff00ffff</color><width>3</width></LineStyle></Style><LineString><coordinates>-71.6108433,-33.6908833,0 -71.6108366,-33.6908033,0</coordinates></LineString></Placemark><Placemark><name>Descartado (grupo chico) - Hilera 3198</name><Style><LineStyle><color>ff00ffff</color><width>3</width></LineStyle></Style><LineString><coordinates>-71.61087,-33.6906666,0 -71.61074,-33.6904516,0</coordinates></LineString></Placemark><Placemark><name>Trabajado - Cuartel 3163 - Hilera 3163</name><Style><LineStyle><color>ff00ff00</color><width>3</width></LineStyle></Style><LineString><coordinates>-71.610915,-33.6910016,0 -71.611025,-33.6910383,0</coordinates></LineString></Placemark><Placemark><name>Trabajado - Cuartel 3163 - Hilera 3164</name><Style><LineStyle><color>ff00ff00</color><width>3</width></LineStyle></Style><LineString><coordinates>-71.611025,-33.6910383,0 -71.61271,-33.69112,0</coordinates></LineString></Placemark><Placemark><name>Trabajado - Cuartel 3163 - Hilera 3165</name><Style><LineStyle><color>ff00ff00</color><width>3</width></LineStyle></Style><LineString><coordinates>-71.61271,-33.69112,0 -71.6111483,-33.6911899,0</coordinates></LineString></Placemark><Placemark><name>Trabajado - Cuartel 3163 - Hilera 3167</name><Style><LineStyle><color>ff00ff00</color><width>3</width></LineStyle></Style><LineString><coordinates>-71.6109783,-33.6913149,0 -71.6123983,-33.6912883,0</coordinates></LineString></Placemark><Placemark><name>Trabajado - Cuartel 3163 - Hilera 3169</name><Style><LineStyle><color>ff00ff00</color><width>3</width></LineStyle></Style><LineString><coordinates>-71.612685,-33.6914066,0 -71.6112666,-33.6914749,0</coordinates></LineString></Placemark><Placemark><name>Trabajado - Cuartel 3163 - Hilera 3170</name><Style><LineStyle><color>ff00ff00</color><width>3</width></LineStyle></Style><LineString><coordinates>-71.6112666,-33.6914749,0 -71.6110633,-33.6914366,0</coordinates></LineString></Placemark><Placemark><name>Trabajado - Cuartel 3163 - Hilera 3172</name><Style><LineStyle><color>ff00ff00</color><width>3</width></LineStyle></Style><LineString><coordinates>-71.6109366,-33.6915549,0 -71.6126683,-33.691675,0</coordinates></LineString></Placemark><Placemark><name>Trabajado - Cuartel 3163 - Hilera 3173</name><Style><LineStyle><color>ff00ff00</color><width>3</width></LineStyle></Style><LineString><coordinates>-71.612645,-33.691705,0 -71.61041493343932,-33.69170034832742,0</coordinates></LineString></Placemark><Placemark><name>Trabajado - Cuartel 3163 - Hilera 3175</name><Style><LineStyle><color>ff00ff00</color><width>3</width></LineStyle></Style><LineString><coordinates>-71.6109433,-33.6918366,0 -71.61256988971934,-33.69186738912964,0</coordinates></LineString></Placemark><Placemark><name>Trabajado - Cuartel 3163 - Hilera 3176</name><Style><LineStyle><color>ff00ff00</color><width>3</width></LineStyle></Style><LineString><coordinates>-71.6114716,-33.6918466,0 -71.6108983,-33.691895,0</coordinates></LineString></Placemark><Placemark><name>Trabajado - Cuartel 3163 - Hilera 3177</name><Style><LineStyle><color>ff00ff00</color><width>3</width></LineStyle></Style><LineString><coordinates>-71.61056111373253,-33.69188252410811,0 -71.6117983,-33.6919283,0</coordinates></LineString></Placemark><Placemark><name>Trabajado - Cuartel 3163 - Hilera 3179</name><Style><LineStyle><color>ff00ff00</color><width>3</width></LineStyle></Style><LineString><coordinates>-71.6116866,-33.6918149,0 -71.6123016,-33.69188,0</coordinates></LineString></Placemark><Placemark><name>Trabajado - Cuartel 3163 - Hilera 3181</name><Style><LineStyle><color>ff00ff00</color><width>3</width></LineStyle></Style><LineString><coordinates>-71.612345,-33.6919733,0 -71.6110216,-33.6919983,0</coordinates></LineString></Placemark><Placemark><name>Trabajado - Cuartel 3163 - Hilera 3184</name><Style><LineStyle><color>ff00ff00</color><width>3</width></LineStyle></Style><LineString><coordinates>-71.610825,-33.69168,0 -71.6109366,-33.6916516,0</coordinates></LineString></Placemark><Placemark><name>Trabajado - Cuartel 3163 - Hilera 3186</name><Style><LineStyle><color>ff00ff00</color><width>3</width></LineStyle></Style><LineString><coordinates>-71.6108666,-33.6915233,0 -71.610625,-33.6915533,0</coordinates></LineString></Placemark><Placemark><name>Trabajado - Cuartel 3163 - Hilera 3188</name><Style><LineStyle><color>ff00ff00</color><width>3</width></LineStyle></Style><LineString><coordinates>-71.6105333,-33.6914233,0 -71.61079,-33.6914399,0</coordinates></LineString></Placemark><Placemark><name>Trabajado - Cuartel 3163 - Hilera 3190</name><Style><LineStyle><color>ff00ff00</color><width>3</width></LineStyle></Style><LineString><coordinates>-71.6107833,-33.6913299,0 -71.6105199,-33.6911966,0</coordinates></LineString></Placemark><Placemark><name>Trabajado - Cuartel 3163 - Hilera 3191</name><Style><LineStyle><color>ff00ff00</color><width>3</width></LineStyle></Style><LineString><coordinates>-71.6105199,-33.6911966,0 -71.6107,-33.691155,0</coordinates></LineString></Placemark><Placemark><name>Trabajado - Cuartel 3163 - Hilera 3193</name><Style><LineStyle><color>ff00ff00</color><width>3</width></LineStyle></Style><LineString><coordinates>-71.610815,-33.691035,0 -71.6106166,-33.6909033,0</coordinates></LineString></Placemark><Placemark><name>Trabajado - Cuartel 3163 - Hilera 3194</name><Style><LineStyle><color>ff00ff00</color><width>3</width></LineStyle></Style><LineString><coordinates>-71.6106166,-33.6909033,0 -71.6108433,-33.6908833,0</coordinates></LineString></Placemark><Placemark><name>Trabajado - Cuartel 3163 - Hilera 3196</name><Style><LineStyle><color>ff00ff00</color><width>3</width></LineStyle></Style><LineString><coordinates>-71.6108366,-33.6908033,0 -71.610685,-33.690805,0</coordinates></LineString></Placemark><Placemark><name>Trabajado - Cuartel 3163 - Hilera 3207</name><Style><LineStyle><color>ff00ff00</color><width>3</width></LineStyle></Style><LineString><coordinates>-71.6126616,-33.6920166,0 -71.6118,-33.69207,0</coordinates></LineString></Placemark><Placemark><name>Trabajado - Cuartel 3166 - Hilera 3166</name><Style><LineStyle><color>ff00ff00</color><width>3</width></LineStyle></Style><LineString><coordinates>-71.6111483,-33.6911899,0 -71.6109783,-33.6913149,0</coordinates></LineString></Placemark><Placemark><name>Trabajado - Cuartel 3166 - Hilera 3171</name><Style><LineStyle><color>ff00ff00</color><width>3</width></LineStyle></Style><LineString><coordinates>-71.6110633,-33.6914366,0 -71.6109366,-33.6915549,0</coordinates></LineString></Placemark><Placemark><name>Trabajado - Cuartel 3166 - Hilera 3174</name><Style><LineStyle><color>ff00ff00</color><width>3</width></LineStyle></Style><LineString><coordinates>-71.611015,-33.6917016,0 -71.6109433,-33.6918366,0</coordinates></LineString></Placemark><Placemark><name>Trabajado - Cuartel 3166 - Hilera 3192</name><Style><LineStyle><color>ff00ff00</color><width>3</width></LineStyle></Style><LineString><coordinates>-71.6107,-33.691155,0 -71.610815,-33.691035,0</coordinates></LineString></Placemark><Placemark><name>Trabajado - Cuartel 3166 - Hilera 3197</name><Style><LineStyle><color>ff00ff00</color><width>3</width></LineStyle></Style><LineString><coordinates>-71.610685,-33.690805,0 -71.610805,-33.6906783,0</coordinates></LineString></Placemark><Placemark><name>Descartado (grupo chico) - Hilera 3168</name><Style><LineStyle><color>ff00ffff</color><width>3</width></LineStyle></Style><LineString><coordinates>-71.6123983,-33.6912883,0 -71.6126466,-33.6913566,0</coordinates></LineString></Placemark><Placemark><name>Descartado (grupo chico) - Hilera 3178</name><Style><LineStyle><color>ff00ffff</color><width>3</width></LineStyle></Style><LineString><coordinates>-71.6117983,-33.6919283,0 -71.6116866,-33.6918149,0</coordinates></LineString></Placemark><Placemark><name>Descartado (grupo chico) - Hilera 3180</name><Style><LineStyle><color>ff00ffff</color><width>3</width></LineStyle></Style><LineString><coordinates>-71.61257,-33.6918633,0 -71.612345,-33.6919733,0</coordinates></LineString></Placemark><Placemark><name>Descartado (grupo chico) - Hilera 3182</name><Style><LineStyle><color>ff00ffff</color><width>3</width></LineStyle></Style><LineString><coordinates>-71.6110216,-33.6919983,0 -71.6109083,-33.6919083,0</coordinates></LineString></Placemark><Placemark><name>Descartado (grupo chico) - Hilera 3183</name><Style><LineStyle><color>ff00ffff</color><width>3</width></LineStyle></Style><LineString><coordinates>-71.6105616,-33.6918733,0 -71.6104149,-33.6917116,0</coordinates></LineString></Placemark><Placemark><name>Descartado (grupo chico) - Hilera 3187</name><Style><LineStyle><color>ff00ffff</color><width>3</width></LineStyle></Style><LineString><coordinates>-71.610625,-33.6915533,0 -71.6105333,-33.6914233,0</coordinates></LineString></Placemark><Placemark><name>Descartado (grupo chico) - Hilera 3185</name><Style><LineStyle><color>ff00ffff</color><width>3</width></LineStyle></Style><LineString><coordinates>-71.6109366,-33.6916516,0 -71.6109366,-33.6915483,0</coordinates></LineString></Placemark><Placemark><name>Descartado (grupo chico) - Hilera 3189</name><Style><LineStyle><color>ff00ffff</color><width>3</width></LineStyle></Style><LineString><coordinates>-71.61079,-33.6914399,0 -71.6107833,-33.6913299,0</coordinates></LineString></Placemark><Placemark><name>Descartado (grupo chico) - Hilera 3201</name><Style><LineStyle><color>ff00ffff</color><width>3</width></LineStyle></Style><LineString><coordinates>-71.6127266,-33.6902516,0 -71.61453642026554,-33.69023947328552,0</coordinates></LineString></Placemark><Placemark><name>Descartado (grupo chico) - Hilera 3203</name><Style><LineStyle><color>ff00ffff</color><width>3</width></LineStyle></Style><LineString><coordinates>-71.6145466,-33.6894716,0 -71.6144516,-33.688045,0</coordinates></LineString></Placemark><Placemark><name>Descartado (grupo chico) - Hilera 3208</name><Style><LineStyle><color>ff00ffff</color><width>3</width></LineStyle></Style><LineString><coordinates>-71.6118,-33.69207,0 -71.6116116,-33.7045516,0</coordinates></LineString></Placemark><Placemark><name>Descartado (grupo chico) - Hilera 3209</name><Style><LineStyle><color>ff00ffff</color><width>3</width></LineStyle></Style><LineString><coordinates>-71.6116116,-33.7045516,0 -71.61131707048918,-33.70445506621348,0</coordinates></LineString></Placemark><Placemark><name>Trabajado - Cuartel 3210 - Hilera 3210</name><Style><LineStyle><color>ff00ff00</color><width>3</width></LineStyle></Style><LineString><coordinates>-71.61151,-33.7045183,0 -71.6115483,-33.7016883,0</coordinates></LineString></Placemark><Placemark><name>Trabajado - Cuartel 3210 - Hilera 3212</name><Style><LineStyle><color>ff00ff00</color><width>3</width></LineStyle></Style><LineString><coordinates>-71.6114683,-33.7019033,0 -71.611465,-33.7044983,0</coordinates></LineString></Placemark><Placemark><name>Trabajado - Cuartel 3210 - Hilera 3213</name><Style><LineStyle><color>ff00ff00</color><width>3</width></LineStyle></Style><LineString><coordinates>-71.6113,-33.7044583,0 -71.61138,-33.7017049,0</coordinates></LineString></Placemark><Placemark><name>Trabajado - Cuartel 3210 - Hilera 3215</name><Style><LineStyle><color>ff00ff00</color><width>3</width></LineStyle></Style><LineString><coordinates>-71.6111749,-33.7018083,0 -71.6111183,-33.704385,0</coordinates></LineString></Placemark><Placemark><name>Trabajado - Cuartel 3210 - Hilera 3217</name><Style><LineStyle><color>ff00ff00</color><width>3</width></LineStyle></Style><LineString><coordinates>-71.6109766,-33.7044066,0 -71.6109199,-33.7017633,0</coordinates></LineString></Placemark><Placemark><name>Trabajado - Cuartel 3210 - Hilera 3223</name><Style><LineStyle><color>ff00ff00</color><width>3</width></LineStyle></Style><LineString><coordinates>-71.61044153126649,-33.70185490003429,0 -71.6104433,-33.7043433,0</coordinates></LineString></Placemark><Placemark><name>Trabajado - Cuartel 3210 - Hilera 3225</name><Style><LineStyle><color>ff00ff00</color><width>3</width></LineStyle></Style><LineString><coordinates>-71.6105183,-33.7042616,0 -71.610585,-33.7019549,0</coordinates></LineString></Placemark><Placemark><name>Trabajado - Cuartel 3210 - Hilera 3227</name><Style><LineStyle><color>ff00ff00</color><width>3</width></LineStyle></Style><LineString><coordinates>-71.6104116,-33.70243,0 -71.6103916,-33.7042616,0</coordinates></LineString></Placemark><Placemark><name>Trabajado - Cuartel 3210 - Hilera 3229</name><Style><LineStyle><color>ff00ff00</color><width>3</width></LineStyle></Style><LineString><coordinates>-71.6103066,-33.7042983,0 -71.610375,-33.7024566,0</coordinates></LineString></Placemark><Placemark><name>Trabajado - Cuartel 3210 - Hilera 3236</name><Style><LineStyle><color>ff00ff00</color><width>3</width></LineStyle></Style><LineString><coordinates>-71.6101783,-33.7017149,0 -71.6102066,-33.7042466,0</coordinates></LineString></Placemark><Placemark><name>Descartado (grupo chico) - Hilera 3216</name><Style><LineStyle><color>ff00ffff</color><width>3</width></LineStyle></Style><LineString><coordinates>-71.6111183,-33.704385,0 -71.6109766,-33.7044066,0</coordinates></LineString></Placemark><Placemark><name>Descartado (grupo chico) - Hilera 3218</name><Style><LineStyle><color>ff00ffff</color><width>3</width></LineStyle></Style><LineString><coordinates>-71.6109199,-33.7017633,0 -71.6108633,-33.70168,0</coordinates></LineString></Placemark><Placemark><name>Descartado (grupo chico) - Hilera 3220</name><Style><LineStyle><color>ff00ffff</color><width>3</width></LineStyle></Style><LineString><coordinates>-71.6108183,-33.70174,0 -71.6107333,-33.7016366,0</coordinates></LineString></Placemark><Placemark><name>Descartado (grupo chico) - Hilera 3219</name><Style><LineStyle><color>ff00ffff</color><width>3</width></LineStyle></Style><LineString><coordinates>-71.6108633,-33.70168,0 -71.6107966,-33.7017616,0</coordinates></LineString></Placemark><Placemark><name>Descartado (grupo chico) - Hilera 3222</name><Style><LineStyle><color>ff00ffff</color><width>3</width></LineStyle></Style><LineString><coordinates>-71.610505,-33.7016549,0 -71.61041296565926,-33.701945229150596,0</coordinates></LineString></Placemark><Placemark><name>Descartado (grupo chico) - Hilera 3234</name><Style><LineStyle><color>ff00ffff</color><width>3</width></LineStyle></Style><LineString><coordinates>-71.6103516,-33.7016366,0 -71.6102866,-33.7017166,0</coordinates></LineString></Placemark><Placemark><name>Descartado (grupo chico) - Hilera 3221</name><Style><LineStyle><color>ff00ffff</color><width>3</width></LineStyle></Style><LineString><coordinates>-71.6107333,-33.70167,0 -71.6106233,-33.7016316,0</coordinates></LineString></Placemark><Placemark><name>Descartado (grupo chico) - Hilera 3224</name><Style><LineStyle><color>ff00ffff</color><width>3</width></LineStyle></Style><LineString><coordinates>-71.6104433,-33.7043433,0 -71.6105183,-33.7042616,0</coordinates></LineString></Placemark><Placemark><name>Descartado (grupo chico) - Hilera 3226</name><Style><LineStyle><color>ff00ffff</color><width>3</width></LineStyle></Style><LineString><coordinates>-71.6105816,-33.7024033,0 -71.6104116,-33.70243,0</coordinates></LineString></Placemark><Placemark><name>Descartado (grupo chico) - Hilera 3230</name><Style><LineStyle><color>ff00ffff</color><width>3</width></LineStyle></Style><LineString><coordinates>-71.610375,-33.7024566,0 -71.6109033,-33.7023833,0</coordinates></LineString></Placemark><Placemark><name>Descartado (grupo chico) - Hilera 3228</name><Style><LineStyle><color>ff00ffff</color><width>3</width></LineStyle></Style><LineString><coordinates>-71.6103916,-33.7042616,0 -71.6103066,-33.7042983,0</coordinates></LineString></Placemark><Placemark><name>Descartado (grupo chico) - Hilera 3231</name><Style><LineStyle><color>ff00ffff</color><width>3</width></LineStyle></Style><LineString><coordinates>-71.6109033,-33.7023833,0 -71.610795,-33.70168,0</coordinates></LineString></Placemark><Placemark><name>Descartado (grupo chico) - Hilera 3233</name><Style><LineStyle><color>ff00ffff</color><width>3</width></LineStyle></Style><LineString><coordinates>-71.61034900193066,-33.70163692745926,0 -71.61041,-33.7019766,0</coordinates></LineString></Placemark><Placemark><name>Descartado (grupo chico) - Hilera 3232</name><Style><LineStyle><color>ff00ffff</color><width>3</width></LineStyle></Style><LineString><coordinates>-71.610795,-33.70168,0 -71.6103699,-33.7017533,0</coordinates></LineString></Placemark><Placemark><name>Descartado (grupo chico) - Hilera 3235</name><Style><LineStyle><color>ff00ffff</color><width>3</width></LineStyle></Style><LineString><coordinates>-71.6102866,-33.7017166,0 -71.6101783,-33.7017149,0</coordinates></LineString></Placemark><Placemark><name>Descartado (grupo chico) - Hilera 3256</name><Style><LineStyle><color>ff00ffff</color><width>3</width></LineStyle></Style><LineString><coordinates>-71.6098899,-33.70161,0 -71.6093199,-33.7016733,0</coordinates></LineString></Placemark><Placemark><name>Descartado (grupo chico) - Hilera 3237</name><Style><LineStyle><color>ff00ffff</color><width>3</width></LineStyle></Style><LineString><coordinates>-71.6102066,-33.7042466,0 -71.614305,-33.7046916,0</coordinates></LineString></Placemark><Placemark><name>Descartado (grupo chico) - Hilera 3238</name><Style><LineStyle><color>ff00ffff</color><width>3</width></LineStyle></Style><LineString><coordinates>-71.614305,-33.7046916,0 -71.6154666,-33.7039016,0</coordinates></LineString></Placemark><Placemark><name>Descartado (grupo chico) - Hilera 3239</name><Style><LineStyle><color>ff00ffff</color><width>3</width></LineStyle></Style><LineString><coordinates>-71.6154666,-33.7039016,0 -71.6156183,-33.6976133,0</coordinates></LineString></Placemark><Placemark><name>Descartado (grupo chico) - Hilera 3240</name><Style><LineStyle><color>ff00ffff</color><width>3</width></LineStyle></Style><LineString><coordinates>-71.6156183,-33.6976133,0 -71.6158116,-33.6974416,0</coordinates></LineString></Placemark><Placemark><name>Descartado (grupo chico) - Hilera 3241</name><Style><LineStyle><color>ff00ffff</color><width>3</width></LineStyle></Style><LineString><coordinates>-71.6158116,-33.6974416,0 -71.6157916,-33.6970849,0</coordinates></LineString></Placemark><Placemark><name>Descartado (grupo chico) - Hilera 3242</name><Style><LineStyle><color>ff00ffff</color><width>3</width></LineStyle></Style><LineString><coordinates>-71.6157916,-33.6970849,0 -71.6151316,-33.696375,0</coordinates></LineString></Placemark><Placemark><name>Descartado (grupo chico) - Hilera 3243</name><Style><LineStyle><color>ff00ffff</color><width>3</width></LineStyle></Style><LineString><coordinates>-71.6151316,-33.696375,0 -71.6156016,-33.6955483,0</coordinates></LineString></Placemark><Placemark><name>Descartado (grupo chico) - Hilera 3244</name><Style><LineStyle><color>ff00ffff</color><width>3</width></LineStyle></Style><LineString><coordinates>-71.6156016,-33.6955483,0 -71.6154766,-33.69532,0</coordinates></LineString></Placemark><Placemark><name>Descartado (grupo chico) - Hilera 3245</name><Style><LineStyle><color>ff00ffff</color><width>3</width></LineStyle></Style><LineString><coordinates>-71.6154766,-33.69532,0 -71.6153916,-33.694715,0</coordinates></LineString></Placemark><Placemark><name>Descartado (grupo chico) - Hilera 3246</name><Style><LineStyle><color>ff00ffff</color><width>3</width></LineStyle></Style><LineString><coordinates>-71.6153916,-33.694715,0 -71.6157083,-33.694025,0</coordinates></LineString></Placemark><Placemark><name>Descartado (grupo chico) - Hilera 3247</name><Style><LineStyle><color>ff00ffff</color><width>3</width></LineStyle></Style><LineString><coordinates>-71.6157083,-33.694025,0 -71.6155783,-33.6840783,0</coordinates></LineString></Placemark><Placemark><name>Descartado (grupo chico) - Hilera 3255</name><Style><LineStyle><color>ff00ffff</color><width>3</width></LineStyle></Style><LineString><coordinates>-71.6126983,-33.6832033,0 -71.6098899,-33.70161,0</coordinates></LineString></Placemark><Placemark><name>Descartado (grupo chico) - Hilera 3257</name><Style><LineStyle><color>ff00ffff</color><width>3</width></LineStyle></Style><LineString><coordinates>-71.6093199,-33.7016733,0 -71.60927,-33.7018766,0</coordinates></LineString></Placemark><Placemark><name>Descartado (grupo chico) - Hilera 3258</name><Style><LineStyle><color>ff00ffff</color><width>3</width></LineStyle></Style><LineString><coordinates>-71.60927,-33.7018766,0 -71.6092533,-33.7040316,0</coordinates></LineString></Placemark><Placemark><name>Descartado (grupo chico) - Hilera 3261</name><Style><LineStyle><color>ff00ffff</color><width>3</width></LineStyle></Style><LineString><coordinates>-71.60909,-33.70399,0 -71.6091033,-33.7016316,0</coordinates></LineString></Placemark><Placemark><name>Descartado (grupo chico) - Hilera 3259</name><Style><LineStyle><color>ff00ffff</color><width>3</width></LineStyle></Style><LineString><coordinates>-71.6092533,-33.7040316,0 -71.609145,-33.7040716,0</coordinates></LineString></Placemark><Placemark><name>Descartado (grupo chico) - Hilera 3260</name><Style><LineStyle><color>ff00ffff</color><width>3</width></LineStyle></Style><LineString><coordinates>-71.609145,-33.7040716,0 -71.60909,-33.70399,0</coordinates></LineString></Placemark><Placemark><name>Descartado (grupo chico) - Hilera 3262</name><Style><LineStyle><color>ff00ffff</color><width>3</width></LineStyle></Style><LineString><coordinates>-71.6091033,-33.7016316,0 -71.6090533,-33.7015483,0</coordinates></LineString></Placemark><Placemark><name>Descartado (grupo chico) - Hilera 3263</name><Style><LineStyle><color>ff00ffff</color><width>3</width></LineStyle></Style><LineString><coordinates>-71.6091216,-33.7015866,0 -71.608995,-33.7015133,0</coordinates></LineString></Placemark><Placemark><name>Descartado (grupo chico) - Hilera 3264</name><Style><LineStyle><color>ff00ffff</color><width>3</width></LineStyle></Style><LineString><coordinates>-71.608995,-33.7015133,0 -71.6089899,-33.6983716,0</coordinates></LineString></Placemark><Placemark><name>Descartado (grupo chico) - Hilera 3265</name><Style><LineStyle><color>ff00ffff</color><width>3</width></LineStyle></Style><LineString><coordinates>-71.6089899,-33.6983716,0 -71.608695,-33.6983266,0</coordinates></LineString></Placemark><Placemark><name>Descartado (grupo chico) - Hilera 3273</name><Style><LineStyle><color>ff00ffff</color><width>3</width></LineStyle></Style><LineString><coordinates>-71.6164866,-33.6832716,0 -71.6163733,-33.683315,0</coordinates></LineString></Placemark><Placemark><name>Descartado (grupo chico) - Hilera 3275</name><Style><LineStyle><color>ff00ffff</color><width>3</width></LineStyle></Style><LineString><coordinates>-71.6164099,-33.681985,0 -71.6162916,-33.6819483,0</coordinates></LineString></Placemark><Placemark><name>Descartado (grupo chico) - Hilera 3277</name><Style><LineStyle><color>ff00ffff</color><width>3</width></LineStyle></Style><LineString><coordinates>-71.6162566,-33.683245,0 -71.616145,-33.6832316,0</coordinates></LineString></Placemark><Placemark><name>Descartado (grupo chico) - Hilera 3279</name><Style><LineStyle><color>ff00ffff</color><width>3</width></LineStyle></Style><LineString><coordinates>-71.61618,-33.6820966,0 -71.6160666,-33.6819633,0</coordinates></LineString></Placemark><Placemark><name>Descartado (grupo chico) - Hilera 3281</name><Style><LineStyle><color>ff00ffff</color><width>3</width></LineStyle></Style><LineString><coordinates>-71.6160216,-33.6833066,0 -71.6159333,-33.6832416,0</coordinates></LineString></Placemark><Placemark><name>Descartado (grupo chico) - Hilera 3291</name><Style><LineStyle><color>ff00ffff</color><width>3</width></LineStyle></Style><LineString><coordinates>-71.615495,-33.6825349,0 -71.61564765048078,-33.68273666252023,0</coordinates></LineString></Placemark><Placemark><name>Descartado (grupo chico) - Hilera 3293</name><Style><LineStyle><color>ff00ffff</color><width>3</width></LineStyle></Style><LineString><coordinates>-71.6156133,-33.6827483,0 -71.6154666,-33.682505,0</coordinates></LineString></Placemark><Placemark><name>Descartado (grupo chico) - Hilera 3305</name><Style><LineStyle><color>ff00ffff</color><width>3</width></LineStyle></Style><LineString><coordinates>-71.6155383,-33.6850116,0 -71.6154383,-33.6851166,0</coordinates></LineString></Placemark><Placemark><name>Descartado (grupo chico) - Hilera 3313</name><Style><LineStyle><color>ff00ffff</color><width>3</width></LineStyle></Style><LineString><coordinates>-71.6154366,-33.6836033,0 -71.615365,-33.6835483,0</coordinates></LineString></Placemark><Placemark><name>Descartado (grupo chico) - Hilera 3340</name><Style><LineStyle><color>ff00ffff</color><width>3</width></LineStyle></Style><LineString><coordinates>-71.6150683,-33.6834466,0 -71.6149816,-33.6833833,0</coordinates></LineString></Placemark><Placemark><name>Descartado (grupo chico) - Hilera 3369</name><Style><LineStyle><color>ff00ffff</color><width>3</width></LineStyle></Style><LineString><coordinates>-71.6141516,-33.68394,0 -71.6140583,-33.683895,0</coordinates></LineString></Placemark><Placemark><name>Descartado (grupo chico) - Hilera 3371</name><Style><LineStyle><color>ff00ffff</color><width>3</width></LineStyle></Style><LineString><coordinates>-71.6141466,-33.6834783,0 -71.6140433,-33.6833683,0</coordinates></LineString></Placemark><Placemark><name>Descartado (grupo chico) - Hilera 3377</name><Style><LineStyle><color>ff00ffff</color><width>3</width></LineStyle></Style><LineString><coordinates>-71.6138616,-33.683445,0 -71.61373,-33.683325,0</coordinates></LineString></Placemark><Placemark><name>Descartado (grupo chico) - Hilera 3422</name><Style><LineStyle><color>ff00ffff</color><width>3</width></LineStyle></Style><LineString><coordinates>-71.6124899,-33.6842916,0 -71.6123966,-33.684275,0</coordinates></LineString></Placemark><Placemark><name>Descartado (grupo chico) - Hilera 3424</name><Style><LineStyle><color>ff00ffff</color><width>3</width></LineStyle></Style><LineString><coordinates>-71.6124,-33.6848016,0 -71.6122133,-33.6848016,0</coordinates></LineString></Placemark><Placemark><name>Descartado (grupo chico) - Hilera 3425</name><Style><LineStyle><color>ff00ffff</color><width>3</width></LineStyle></Style><LineString><coordinates>-71.6122133,-33.6848016,0 -71.6123433,-33.68485,0</coordinates></LineString></Placemark><Placemark><name>Descartado (grupo chico) - Hilera 3426</name><Style><LineStyle><color>ff00ffff</color><width>3</width></LineStyle></Style><LineString><coordinates>-71.6123466,-33.6848416,0 -71.612275,-33.6847983,0</coordinates></LineString></Placemark><Placemark><name>Descartado (grupo chico) - Hilera 3428</name><Style><LineStyle><color>ff00ffff</color><width>3</width></LineStyle></Style><LineString><coordinates>-71.6126516,-33.6831633,0 -71.6140199,-33.682585,0</coordinates></LineString></Placemark><Placemark><name>Descartado (grupo chico) - Hilera 3429</name><Style><LineStyle><color>ff00ffff</color><width>3</width></LineStyle></Style><LineString><coordinates>-71.61404,-33.68264,0 -71.6155666,-33.682525,0</coordinates></LineString></Placemark><Placemark><name>Descartado (grupo chico) - Hilera 3437</name><Style><LineStyle><color>ff00ffff</color><width>3</width></LineStyle></Style><LineString><coordinates>-71.6194066,-33.6751066,0 -71.6194766,-33.6750516,0</coordinates></LineString></Placemark><Placemark><name>Descartado (grupo chico) - Hilera 3442</name><Style><LineStyle><color>ff00ffff</color><width>3</width></LineStyle></Style><LineString><coordinates>-71.61923,-33.6746983,0 -71.619105,-33.6746933,0</coordinates></LineString></Placemark><Placemark><name>Descartado (grupo chico) - Hilera 3456</name><Style><LineStyle><color>ff00ffff</color><width>3</width></LineStyle></Style><LineString><coordinates>-71.6184466,-33.6746883,0 -71.61832,-33.6746733,0</coordinates></LineString></Placemark><Placemark><name>Descartado (grupo chico) - Hilera 3461</name><Style><LineStyle><color>ff00ffff</color><width>3</width></LineStyle></Style><LineString><coordinates>-71.6181516,-33.6747016,0 -71.618,-33.674695,0</coordinates></LineString></Placemark><Placemark><name>Descartado (grupo chico) - Hilera 3500</name><Style><LineStyle><color>ff00ffff</color><width>3</width></LineStyle></Style><LineString><coordinates>-71.6161816,-33.6745716,0 -71.61944,-33.6746633,0</coordinates></LineString></Placemark><Placemark><name>Descartado (grupo chico) - Hilera 3459</name><Style><LineStyle><color>ff00ffff</color><width>3</width></LineStyle></Style><LineString><coordinates>-71.6183233,-33.6752566,0 -71.61742041479084,-33.67539975341498,0</coordinates></LineString></Placemark><Placemark><name>Descartado (grupo chico) - Hilera 3465</name><Style><LineStyle><color>ff00ffff</color><width>3</width></LineStyle></Style><LineString><coordinates>-71.6178333,-33.6747516,0 -71.6176899,-33.6746683,0</coordinates></LineString></Placemark><Placemark><name>Descartado (grupo chico) - Hilera 3469</name><Style><LineStyle><color>ff00ffff</color><width>3</width></LineStyle></Style><LineString><coordinates>-71.61752,-33.67527,0 -71.617445,-33.6751833,0</coordinates></LineString></Placemark><Placemark><name>Descartado (grupo chico) - Hilera 3471</name><Style><LineStyle><color>ff00ffff</color><width>3</width></LineStyle></Style><LineString><coordinates>-71.6175116,-33.6746049,0 -71.6173133,-33.6747166,0</coordinates></LineString></Placemark><Placemark><name>Descartado (grupo chico) - Hilera 3474</name><Style><LineStyle><color>ff00ffff</color><width>3</width></LineStyle></Style><LineString><coordinates>-71.6172966,-33.6753133,0 -71.6171616,-33.6752916,0</coordinates></LineString></Placemark><Placemark><name>Descartado (grupo chico) - Hilera 3480</name><Style><LineStyle><color>ff00ffff</color><width>3</width></LineStyle></Style><LineString><coordinates>-71.6169783,-33.6753549,0 -71.6168466,-33.6753966,0</coordinates></LineString></Placemark><Placemark><name>Descartado (grupo chico) - Hilera 3489</name><Style><LineStyle><color>ff00ffff</color><width>3</width></LineStyle></Style><LineString><coordinates>-71.6166716,-33.6753383,0 -71.6165233,-33.6753433,0</coordinates></LineString></Placemark><Placemark><name>Descartado (grupo chico) - Hilera 3478</name><Style><LineStyle><color>ff00ffff</color><width>3</width></LineStyle></Style><LineString><coordinates>-71.6171149,-33.6746283,0 -71.6169833,-33.67463,0</coordinates></LineString></Placemark><Placemark><name>Descartado (grupo chico) - Hilera 3494</name><Style><LineStyle><color>ff00ffff</color><width>3</width></LineStyle></Style><LineString><coordinates>-71.61626,-33.6754066,0 -71.6161949,-33.6752866,0</coordinates></LineString></Placemark><Placemark><name>Descartado (grupo chico) - Hilera 3505</name><Style><LineStyle><color>ff00ffff</color><width>3</width></LineStyle></Style><LineString><coordinates>-71.6195133,-33.68103,0 -71.61941,-33.6833883,0</coordinates></LineString></Placemark><Placemark><name>Descartado (grupo chico) - Hilera 3506</name><Style><LineStyle><color>ff00ffff</color><width>3</width></LineStyle></Style><LineString><coordinates>-71.6194516,-33.6834499,0 -71.6193566,-33.6849533,0</coordinates></LineString></Placemark><Placemark><name>Descartado (grupo chico) - Hilera 3510</name><Style><LineStyle><color>ff00ffff</color><width>3</width></LineStyle></Style><LineString><coordinates>-71.6191683,-33.6849666,0 -71.6190616,-33.685065,0</coordinates></LineString></Placemark><Placemark><name>Descartado (grupo chico) - Hilera 3514</name><Style><LineStyle><color>ff00ffff</color><width>3</width></LineStyle></Style><LineString><coordinates>-71.6188933,-33.6849916,0 -71.61868,-33.6850783,0</coordinates></LineString></Placemark><Placemark><name>Descartado (grupo chico) - Hilera 3531</name><Style><LineStyle><color>ff00ffff</color><width>3</width></LineStyle></Style><LineString><coordinates>-71.6173016,-33.684905,0 -71.6171433,-33.685145,0</coordinates></LineString></Placemark><Placemark><name>Descartado (grupo chico) - Hilera 3533</name><Style><LineStyle><color>ff00ffff</color><width>3</width></LineStyle></Style><LineString><coordinates>-71.6171583,-33.6854933,0 -71.6169633,-33.68568,0</coordinates></LineString></Placemark><Placemark><name>Descartado (grupo chico) - Hilera 3539</name><Style><LineStyle><color>ff00ffff</color><width>3</width></LineStyle></Style><LineString><coordinates>-71.6165066,-33.6855849,0 -71.6164399,-33.6856633,0</coordinates></LineString></Placemark><Placemark><name>Descartado (grupo chico) - Hilera 3535</name><Style><LineStyle><color>ff00ffff</color><width>3</width></LineStyle></Style><LineString><coordinates>-71.61692,-33.6850116,0 -71.6167716,-33.68502,0</coordinates></LineString></Placemark><Placemark><name>Descartado (grupo chico) - Hilera 3545</name><Style><LineStyle><color>ff00ffff</color><width>3</width></LineStyle></Style><LineString><coordinates>-71.6158666,-33.6850249,0 -71.6157,-33.6850449,0</coordinates></LineString></Placemark><Placemark><name>Descartado (grupo chico) - Hilera 3554</name><Style><LineStyle><color>ff00ffff</color><width>3</width></LineStyle></Style><LineString><coordinates>-71.6158633,-33.6847633,0 -71.615975,-33.6847666,0</coordinates></LineString></Placemark><Placemark><name>Descartado (grupo chico) - Hilera 3573</name><Style><LineStyle><color>ff00ffff</color><width>3</width></LineStyle></Style><LineString><coordinates>-71.6174799,-33.6848716,0 -71.6175833,-33.6848183,0</coordinates></LineString></Placemark><Placemark><name>Descartado (grupo chico) - Hilera 3581</name><Style><LineStyle><color>ff00ffff</color><width>3</width></LineStyle></Style><LineString><coordinates>-71.61803,-33.68486,0 -71.6181783,-33.68477,0</coordinates></LineString></Placemark><Placemark><name>Descartado (grupo chico) - Hilera 3579</name><Style><LineStyle><color>ff00ffff</color><width>3</width></LineStyle></Style><LineString><coordinates>-71.6179033,-33.684155,0 -71.6180283,-33.6842016,0</coordinates></LineString></Placemark><Placemark><name>Descartado (grupo chico) - Hilera 3588</name><Style><LineStyle><color>ff00ffff</color><width>3</width></LineStyle></Style><LineString><coordinates>-71.618285,-33.6841616,0 -71.618505,-33.6843383,0</coordinates></LineString></Placemark><Placemark><name>Descartado (grupo chico) - Hilera 3584</name><Style><LineStyle><color>ff00ffff</color><width>3</width></LineStyle></Style><LineString><coordinates>-71.6181966,-33.6843166,0 -71.61833,-33.6843033,0</coordinates></LineString></Placemark><Placemark><name>Descartado (grupo chico) - Hilera 3589</name><Style><LineStyle><color>ff00ffff</color><width>3</width></LineStyle></Style><LineString><coordinates>-71.6184933,-33.684875,0 -71.6194,-33.6848366,0</coordinates></LineString></Placemark><Placemark><name>Descartado (grupo chico) - Hilera 3590</name><Style><LineStyle><color>ff00ffff</color><width>3</width></LineStyle></Style><LineString><coordinates>-71.6194,-33.6848366,0 -71.6194933,-33.681065,0</coordinates></LineString></Placemark></Folder></Document></kml>