<?xml version="1.0" encoding="UTF-8"?><kml xmlns="http://www.opengis.net/kml/2.2"><Document><Folder><name>Tractor 15 Deutz Fahr 115</name><Placemark><name>Trabajado - Cuartel 1 - Hilera 1</name><Style><LineStyle><color>ff00ff00</color><width>3</width></LineStyle></Style><LineString><coordinates>-71.26539,-34.655595,0 -71.266005,-34.6558483,0</coordinates></LineString></Placemark><Placemark><name>Trabajado - Cuartel 1 - Hilera 2</name><Style><LineStyle><color>ff00ff00</color><width>3</width></LineStyle></Style><LineString><coordinates>-71.266005,-34.6558483,0 -71.26544,-34.6557466,0</coordinates></LineString></Placemark><Placemark><name>Trabajado - Cuartel 1 - Hilera 3</name><Style><LineStyle><color>ff00ff00</color><width>3</width></LineStyle></Style><LineString><coordinates>-71.26544,-34.6557466,0 -71.26564,-34.6555449,0</coordinates></LineString></Placemark><Placemark><name>Trabajado - Cuartel 1 - Hilera 4</name><Style><LineStyle><color>ff00ff00</color><width>3</width></LineStyle></Style><LineString><coordinates>-71.26564,-34.6555449,0 -71.26581,-34.6554816,0</coordinates></LineString></Placemark><Placemark><name>Trabajado - Cuartel 1 - Hilera 5</name><Style><LineStyle><color>ff00ff00</color><width>3</width></LineStyle></Style><LineString><coordinates>-71.26580824601012,-34.65567519663195,0 -71.26582224614891,-34.65412993131709,0</coordinates></LineString></Placemark><Placemark><name>Trabajado - Cuartel 1 - Hilera 6</name><Style><LineStyle><color>ff00ff00</color><width>3</width></LineStyle></Style><LineString><coordinates>-71.2657766,-34.655675,0 -71.2656733,-34.6554983,0</coordinates></LineString></Placemark><Placemark><name>Trabajado - Cuartel 1 - Hilera 7</name><Style><LineStyle><color>ff00ff00</color><width>3</width></LineStyle></Style><LineString><coordinates>-71.2656749,-34.6554933,0 -71.2658133,-34.6554183,0</coordinates></LineString></Placemark><Placemark><name>Trabajado - Cuartel 1 - Hilera 8</name><Style><LineStyle><color>ff00ff00</color><width>3</width></LineStyle></Style><LineString><coordinates>-71.2658133,-34.6554183,0 -71.26602,-34.6556966,0</coordinates></LineString></Placemark><Placemark><name>Trabajado - Cuartel 1 - Hilera 9</name><Style><LineStyle><color>ff00ff00</color><width>3</width></LineStyle></Style><LineString><coordinates>-71.26602,-34.6556966,0 -71.2661066,-34.65576,0</coordinates></LineString></Placemark><Placemark><name>Trabajado - Cuartel 1 - Hilera 10</name><Style><LineStyle><color>ff00ff00</color><width>3</width></LineStyle></Style><LineString><coordinates>-71.2661066,-34.65576,0 -71.2661633,-34.65554,0</coordinates></LineString></Placemark><Placemark><name>Trabajado - Cuartel 1 - Hilera 11</name><Style><LineStyle><color>ff00ff00</color><width>3</width></LineStyle></Style><LineString><coordinates>-71.2661249,-34.6556366,0 -71.2661916,-34.65574,0</coordinates></LineString></Placemark><Placemark><name>Trabajado - Cuartel 1 - Hilera 12</name><Style><LineStyle><color>ff00ff00</color><width>3</width></LineStyle></Style><LineString><coordinates>-71.2661916,-34.65574,0 -71.2661866,-34.6556383,0</coordinates></LineString></Placemark><Placemark><name>Trabajado - Cuartel 1 - Hilera 13</name><Style><LineStyle><color>ff00ff00</color><width>3</width></LineStyle></Style><LineString><coordinates>-71.26613,-34.6556533,0 -71.26602731813507,-34.655190149870194,0</coordinates></LineString></Placemark><Placemark><name>Trabajado - Cuartel 1 - Hilera 14</name><Style><LineStyle><color>ff00ff00</color><width>3</width></LineStyle></Style><LineString><coordinates>-71.2660383,-34.6552783,0 -71.2659783,-34.655175,0</coordinates></LineString></Placemark><Placemark><name>Trabajado - Cuartel 1 - Hilera 15</name><Style><LineStyle><color>ff00ff00</color><width>3</width></LineStyle></Style><LineString><coordinates>-71.2659966,-34.6552083,0 -71.26614062217126,-34.655067613492115,0</coordinates></LineString></Placemark><Placemark><name>Trabajado - Cuartel 1 - Hilera 16</name><Style><LineStyle><color>ff00ff00</color><width>3</width></LineStyle></Style><LineString><coordinates>-71.2661416,-34.6550683,0 -71.2660333,-34.6551033,0</coordinates></LineString></Placemark><Placemark><name>Trabajado - Cuartel 1 - Hilera 17</name><Style><LineStyle><color>ff00ff00</color><width>3</width></LineStyle></Style><LineString><coordinates>-71.2660333,-34.6551033,0 -71.2662133,-34.6544349,0</coordinates></LineString></Placemark><Placemark><name>Trabajado - Cuartel 1 - Hilera 18</name><Style><LineStyle><color>ff00ff00</color><width>3</width></LineStyle></Style><LineString><coordinates>-71.2662133,-34.6544349,0 -71.26581,-34.6542633,0</coordinates></LineString></Placemark><Placemark><name>Trabajado - Cuartel 1 - Hilera 19</name><Style><LineStyle><color>ff00ff00</color><width>3</width></LineStyle></Style><LineString><coordinates>-71.26576264472556,-34.654570636794844,0 -71.26593335314672,-34.65428436174428,0</coordinates></LineString></Placemark><Placemark><name>Trabajado - Cuartel 1 - Hilera 20</name><Style><LineStyle><color>ff00ff00</color><width>3</width></LineStyle></Style><LineString><coordinates>-71.2659266,-34.6542816,0 -71.2658233,-34.654245,0</coordinates></LineString></Placemark><Placemark><name>Trabajado - Cuartel 1 - Hilera 21</name><Style><LineStyle><color>ff00ff00</color><width>3</width></LineStyle></Style><LineString><coordinates>-71.265815,-34.6543366,0 -71.2657483,-34.6541733,0</coordinates></LineString></Placemark><Placemark><name>Trabajado - Cuartel 1 - Hilera 22</name><Style><LineStyle><color>ff00ff00</color><width>3</width></LineStyle></Style><LineString><coordinates>-71.2657483,-34.6541733,0 -71.2661716,-34.6542716,0</coordinates></LineString></Placemark><Placemark><name>Trabajado - Cuartel 1 - Hilera 23</name><Style><LineStyle><color>ff00ff00</color><width>3</width></LineStyle></Style><LineString><coordinates>-71.2661716,-34.6542716,0 -71.2659999,-34.6548783,0</coordinates></LineString></Placemark><Placemark><name>Trabajado - Cuartel 1 - Hilera 24</name><Style><LineStyle><color>ff00ff00</color><width>3</width></LineStyle></Style><LineString><coordinates>-71.26599888757515,-34.654869278392454,0 -71.26601,-34.6549683,0</coordinates></LineString></Placemark><Placemark><name>Trabajado - Cuartel 1 - Hilera 25</name><Style><LineStyle><color>ff00ff00</color><width>3</width></LineStyle></Style><LineString><coordinates>-71.2660116,-34.6548683,0 -71.26596,-34.6547883,0</coordinates></LineString></Placemark><Placemark><name>Trabajado - Cuartel 1 - Hilera 26</name><Style><LineStyle><color>ff00ff00</color><width>3</width></LineStyle></Style><LineString><coordinates>-71.26596,-34.6547883,0 -71.2659416,-34.6548616,0</coordinates></LineString></Placemark><Placemark><name>Trabajado - Cuartel 1 - Hilera 27</name><Style><LineStyle><color>ff00ff00</color><width>3</width></LineStyle></Style><LineString><coordinates>-71.2659416,-34.6548616,0 -71.2658333,-34.6548816,0</coordinates></LineString></Placemark><Placemark><name>Trabajado - Cuartel 1 - Hilera 28</name><Style><LineStyle><color>ff00ff00</color><width>3</width></LineStyle></Style><LineString><coordinates>-71.26573295188214,-34.654873011316916,0 -71.26597,-34.6548933,0</coordinates></LineString></Placemark><Placemark><name>Trabajado - Cuartel 1 - Hilera 29</name><Style><LineStyle><color>ff00ff00</color><width>3</width></LineStyle></Style><LineString><coordinates>-71.26597,-34.6548933,0 -71.2660316,-34.6549716,0</coordinates></LineString></Placemark><Placemark><name>Trabajado - Cuartel 1 - Hilera 30</name><Style><LineStyle><color>ff00ff00</color><width>3</width></LineStyle></Style><LineString><coordinates>-71.2660316,-34.6549716,0 -71.265965,-34.6550583,0</coordinates></LineString></Placemark><Placemark><name>Trabajado - Cuartel 1 - Hilera 31</name><Style><LineStyle><color>ff00ff00</color><width>3</width></LineStyle></Style><LineString><coordinates>-71.2660983,-34.6549966,0 -71.2661833,-34.6549433,0</coordinates></LineString></Placemark><Placemark><name>Trabajado - Cuartel 1 - Hilera 32</name><Style><LineStyle><color>ff00ff00</color><width>3</width></LineStyle></Style><LineString><coordinates>-71.26601456995556,-34.65504375739174,0 -71.2660483,-34.6549583,0</coordinates></LineString></Placemark><Placemark><name>Trabajado - Cuartel 1 - Hilera 33</name><Style><LineStyle><color>ff00ff00</color><width>3</width></LineStyle></Style><LineString><coordinates>-71.2660066,-34.6550416,0 -71.26611684077484,-34.65463441340926,0</coordinates></LineString></Placemark><Placemark><name>Trabajado - Cuartel 1 - Hilera 34</name><Style><LineStyle><color>ff00ff00</color><width>3</width></LineStyle></Style><LineString><coordinates>-71.26610270941026,-34.654742789931525,0 -71.2660166,-34.6548116,0</coordinates></LineString></Placemark><Placemark><name>Trabajado - Cuartel 1 - Hilera 35</name><Style><LineStyle><color>ff00ff00</color><width>3</width></LineStyle></Style><LineString><coordinates>-71.26616493295268,-34.654642104097235,0 -71.26600005287011,-34.65479972945618,0</coordinates></LineString></Placemark><Placemark><name>Trabajado - Cuartel 1 - Hilera 36</name><Style><LineStyle><color>ff00ff00</color><width>3</width></LineStyle></Style><LineString><coordinates>-71.26612,-34.654635,0 -71.2660299,-34.6546599,0</coordinates></LineString></Placemark><Placemark><name>Trabajado - Cuartel 1 - Hilera 37</name><Style><LineStyle><color>ff00ff00</color><width>3</width></LineStyle></Style><LineString><coordinates>-71.2660299,-34.6546599,0 -71.2661116,-34.6547233,0</coordinates></LineString></Placemark><Placemark><name>Trabajado - Cuartel 1 - Hilera 38</name><Style><LineStyle><color>ff00ff00</color><width>3</width></LineStyle></Style><LineString><coordinates>-71.2661966,-34.6545249,0 -71.266175,-34.6544016,0</coordinates></LineString></Placemark><Placemark><name>Trabajado - Cuartel 1 - Hilera 39</name><Style><LineStyle><color>ff00ff00</color><width>3</width></LineStyle></Style><LineString><coordinates>-71.266175,-34.6544016,0 -71.2659016,-34.65409,0</coordinates></LineString></Placemark><Placemark><name>Trabajado - Cuartel 1 - Hilera 40</name><Style><LineStyle><color>ff00ff00</color><width>3</width></LineStyle></Style><LineString><coordinates>-71.2659016,-34.65409,0 -71.2658299,-34.6544833,0</coordinates></LineString></Placemark><Placemark><name>Trabajado - Cuartel 1 - Hilera 41</name><Style><LineStyle><color>ff00ff00</color><width>3</width></LineStyle></Style><LineString><coordinates>-71.26573303914527,-34.654945611860114,0 -71.2658016,-34.6541433,0</coordinates></LineString></Placemark><Placemark><name>Trabajado - Cuartel 1 - Hilera 42</name><Style><LineStyle><color>ff00ff00</color><width>3</width></LineStyle></Style><LineString><coordinates>-71.2658016,-34.6541433,0 -71.2659366,-34.6540749,0</coordinates></LineString></Placemark><Placemark><name>Trabajado - Cuartel 1 - Hilera 45</name><Style><LineStyle><color>ff00ff00</color><width>3</width></LineStyle></Style><LineString><coordinates>-71.2656983,-34.6541233,0 -71.2654916,-34.653645,0</coordinates></LineString></Placemark><Placemark><name>Trabajado - Cuartel 1 - Hilera 1184</name><Style><LineStyle><color>ff00ff00</color><width>3</width></LineStyle></Style><LineString><coordinates>-71.2654916,-34.6535899,0 -71.2657849,-34.65438,0</coordinates></LineString></Placemark><Placemark><name>Trabajado - Cuartel 1 - Hilera 1185</name><Style><LineStyle><color>ff00ff00</color><width>3</width></LineStyle></Style><LineString><coordinates>-71.2657849,-34.65438,0 -71.2658833,-34.6543283,0</coordinates></LineString></Placemark><Placemark><name>Trabajado - Cuartel 1 - Hilera 1186</name><Style><LineStyle><color>ff00ff00</color><width>3</width></LineStyle></Style><LineString><coordinates>-71.26601,-34.6540933,0 -71.2660833,-34.6541433,0</coordinates></LineString></Placemark><Placemark><name>Trabajado - Cuartel 1 - Hilera 1187</name><Style><LineStyle><color>ff00ff00</color><width>3</width></LineStyle></Style><LineString><coordinates>-71.2660833,-34.6541433,0 -71.2661783,-34.6544833,0</coordinates></LineString></Placemark><Placemark><name>Trabajado - Cuartel 1 - Hilera 1188</name><Style><LineStyle><color>ff00ff00</color><width>3</width></LineStyle></Style><LineString><coordinates>-71.2661783,-34.6544833,0 -71.26592,-34.6547833,0</coordinates></LineString></Placemark><Placemark><name>Trabajado - Cuartel 1 - Hilera 1189</name><Style><LineStyle><color>ff00ff00</color><width>3</width></LineStyle></Style><LineString><coordinates>-71.26592,-34.6547833,0 -71.2657966,-34.6547883,0</coordinates></LineString></Placemark><Placemark><name>Trabajado - Cuartel 1 - Hilera 1190</name><Style><LineStyle><color>ff00ff00</color><width>3</width></LineStyle></Style><LineString><coordinates>-71.265875,-34.6547616,0 -71.2658133,-34.6548366,0</coordinates></LineString></Placemark><Placemark><name>Trabajado - Cuartel 1 - Hilera 1191</name><Style><LineStyle><color>ff00ff00</color><width>3</width></LineStyle></Style><LineString><coordinates>-71.2658133,-34.6548366,0 -71.2657816,-34.654745,0</coordinates></LineString></Placemark><Placemark><name>Trabajado - Cuartel 1 - Hilera 1192</name><Style><LineStyle><color>ff00ff00</color><width>3</width></LineStyle></Style><LineString><coordinates>-71.2657,-34.65476,0 -71.2658299,-34.6547766,0</coordinates></LineString></Placemark><Placemark><name>Trabajado - Cuartel 1 - Hilera 1193</name><Style><LineStyle><color>ff00ff00</color><width>3</width></LineStyle></Style><LineString><coordinates>-71.2658633,-34.6547499,0 -71.2659999,-34.6547816,0</coordinates></LineString></Placemark><Placemark><name>Trabajado - Cuartel 1 - Hilera 1194</name><Style><LineStyle><color>ff00ff00</color><width>3</width></LineStyle></Style><LineString><coordinates>-71.2659999,-34.6547816,0 -71.266115,-34.6547233,0</coordinates></LineString></Placemark><Placemark><name>Trabajado - Cuartel 1 - Hilera 1195</name><Style><LineStyle><color>ff00ff00</color><width>3</width></LineStyle></Style><LineString><coordinates>-71.2661666,-34.6546433,0 -71.265875,-34.6548749,0</coordinates></LineString></Placemark><Placemark><name>Trabajado - Cuartel 1 - Hilera 1196</name><Style><LineStyle><color>ff00ff00</color><width>3</width></LineStyle></Style><LineString><coordinates>-71.2657499,-34.6549466,0 -71.2659816,-34.6548533,0</coordinates></LineString></Placemark><Placemark><name>Trabajado - Cuartel 1 - Hilera 1197</name><Style><LineStyle><color>ff00ff00</color><width>3</width></LineStyle></Style><LineString><coordinates>-71.2659816,-34.6548533,0 -71.2656131790581,-34.6547685900754,0</coordinates></LineString></Placemark><Placemark><name>Trabajado - Cuartel 1 - Hilera 1198</name><Style><LineStyle><color>ff00ff00</color><width>3</width></LineStyle></Style><LineString><coordinates>-71.2656116,-34.6547733,0 -71.26563,-34.6548566,0</coordinates></LineString></Placemark><Placemark><name>Trabajado - Cuartel 1 - Hilera 1199</name><Style><LineStyle><color>ff00ff00</color><width>3</width></LineStyle></Style><LineString><coordinates>-71.265795,-34.6544116,0 -71.2655966,-34.6547433,0</coordinates></LineString></Placemark><Placemark><name>Trabajado - Cuartel 1 - Hilera 1200</name><Style><LineStyle><color>ff00ff00</color><width>3</width></LineStyle></Style><LineString><coordinates>-71.2655283,-34.6547266,0 -71.2654216,-34.6547533,0</coordinates></LineString></Placemark><Placemark><name>Trabajado - Cuartel 1 - Hilera 1201</name><Style><LineStyle><color>ff00ff00</color><width>3</width></LineStyle></Style><LineString><coordinates>-71.2654016,-34.654725,0 -71.2654283,-34.6548233,0</coordinates></LineString></Placemark><Placemark><name>Trabajado - Cuartel 1 - Hilera 1202</name><Style><LineStyle><color>ff00ff00</color><width>3</width></LineStyle></Style><LineString><coordinates>-71.2654283,-34.6548233,0 -71.2654116,-34.654915,0</coordinates></LineString></Placemark><Placemark><name>Trabajado - Cuartel 1 - Hilera 1203</name><Style><LineStyle><color>ff00ff00</color><width>3</width></LineStyle></Style><LineString><coordinates>-71.26534576892978,-34.65493370308396,0 -71.2653349,-34.6548333,0</coordinates></LineString></Placemark><Placemark><name>Trabajado - Cuartel 1 - Hilera 1204</name><Style><LineStyle><color>ff00ff00</color><width>3</width></LineStyle></Style><LineString><coordinates>-71.2653283,-34.654935,0 -71.2654283,-34.6548833,0</coordinates></LineString></Placemark><Placemark><name>Descartado (grupo chico) - Hilera 43</name><Style><LineStyle><color>ff00ffff</color><width>3</width></LineStyle></Style><LineString><coordinates>-71.2659366,-34.6540749,0 -71.2657633,-34.6540883,0</coordinates></LineString></Placemark><Placemark><name>Descartado (grupo chico) - Hilera 44</name><Style><LineStyle><color>ff00ffff</color><width>3</width></LineStyle></Style><LineString><coordinates>-71.2660099970026,-34.65409327865712,0 -71.2656983,-34.6541233,0</coordinates></LineString></Placemark><Placemark><name>Descartado (grupo chico) - Hilera 46</name><Style><LineStyle><color>ff00ffff</color><width>3</width></LineStyle></Style><LineString><coordinates>-71.2654916,-34.653645,0 -71.2653983,-34.6536266,0</coordinates></LineString></Placemark><Placemark><name>Descartado (grupo chico) - Hilera 47</name><Style><LineStyle><color>ff00ffff</color><width>3</width></LineStyle></Style><LineString><coordinates>-70.9758716,-34.5994083,0 -70.9751516,-34.5989066,0</coordinates></LineString></Placemark><Placemark><name>Trabajado - Cuartel 48 - Hilera 48</name><Style><LineStyle><color>ff00ff00</color><width>3</width></LineStyle></Style><LineString><coordinates>-70.6671516,-34.1297499,0 -70.66705,-34.1297933,0</coordinates></LineString></Placemark><Placemark><name>Trabajado - Cuartel 48 - Hilera 49</name><Style><LineStyle><color>ff00ff00</color><width>3</width></LineStyle></Style><LineString><coordinates>-70.66705,-34.1297933,0 -70.6670833,-34.1297033,0</coordinates></LineString></Placemark><Placemark><name>Trabajado - Cuartel 48 - Hilera 50</name><Style><LineStyle><color>ff00ff00</color><width>3</width></LineStyle></Style><LineString><coordinates>-70.6670833,-34.1297033,0 -70.6669866,-34.1297683,0</coordinates></LineString></Placemark><Placemark><name>Trabajado - Cuartel 48 - Hilera 52</name><Style><LineStyle><color>ff00ff00</color><width>3</width></LineStyle></Style><LineString><coordinates>-70.6670666,-34.12985,0 -70.66694,-34.1302516,0</coordinates></LineString></Placemark><Placemark><name>Trabajado - Cuartel 48 - Hilera 53</name><Style><LineStyle><color>ff00ff00</color><width>3</width></LineStyle></Style><LineString><coordinates>-70.66694,-34.1302516,0 -70.6668066,-34.1302616,0</coordinates></LineString></Placemark><Placemark><name>Trabajado - Cuartel 48 - Hilera 54</name><Style><LineStyle><color>ff00ff00</color><width>3</width></LineStyle></Style><LineString><coordinates>-70.6668066,-34.1302616,0 -70.66668,-34.1303049,0</coordinates></LineString></Placemark><Placemark><name>Trabajado - Cuartel 48 - Hilera 55</name><Style><LineStyle><color>ff00ff00</color><width>3</width></LineStyle></Style><LineString><coordinates>-70.66668,-34.1303049,0 -70.6665916,-34.130465,0</coordinates></LineString></Placemark><Placemark><name>Trabajado - Cuartel 48 - Hilera 56</name><Style><LineStyle><color>ff00ff00</color><width>3</width></LineStyle></Style><LineString><coordinates>-70.6665916,-34.130465,0 -70.666665,-34.1311066,0</coordinates></LineString></Placemark><Placemark><name>Trabajado - Cuartel 48 - Hilera 64</name><Style><LineStyle><color>ff00ff00</color><width>3</width></LineStyle></Style><LineString><coordinates>-70.66714,-34.1314799,0 -70.66697816293633,-34.13035161348301,0</coordinates></LineString></Placemark><Placemark><name>Trabajado - Cuartel 48 - Hilera 65</name><Style><LineStyle><color>ff00ff00</color><width>3</width></LineStyle></Style><LineString><coordinates>-70.66693656538641,-34.130388660336855,0 -70.66709794099997,-34.130245358792045,0</coordinates></LineString></Placemark><Placemark><name>Trabajado - Cuartel 48 - Hilera 66</name><Style><LineStyle><color>ff00ff00</color><width>3</width></LineStyle></Style><LineString><coordinates>-70.66704845061135,-34.13039500455344,0 -70.66706785482103,-34.12995483537556,0</coordinates></LineString></Placemark><Placemark><name>Trabajado - Cuartel 48 - Hilera 67</name><Style><LineStyle><color>ff00ff00</color><width>3</width></LineStyle></Style><LineString><coordinates>-70.667045,-34.130085,0 -70.6671216,-34.1303783,0</coordinates></LineString></Placemark><Placemark><name>Trabajado - Cuartel 48 - Hilera 75</name><Style><LineStyle><color>ff00ff00</color><width>3</width></LineStyle></Style><LineString><coordinates>-70.6668683,-34.1303633,0 -70.6669983,-34.1303033,0</coordinates></LineString></Placemark><Placemark><name>Trabajado - Cuartel 48 - Hilera 76</name><Style><LineStyle><color>ff00ff00</color><width>3</width></LineStyle></Style><LineString><coordinates>-70.66699167450209,-34.1302301002218,0 -70.6670066,-34.130395,0</coordinates></LineString></Placemark><Placemark><name>Trabajado - Cuartel 48 - Hilera 78</name><Style><LineStyle><color>ff00ff00</color><width>3</width></LineStyle></Style><LineString><coordinates>-70.6669566,-34.1303066,0 -70.66691986326357,-34.130202512580155,0</coordinates></LineString></Placemark><Placemark><name>Trabajado - Cuartel 48 - Hilera 79</name><Style><LineStyle><color>ff00ff00</color><width>3</width></LineStyle></Style><LineString><coordinates>-70.6669266,-34.1302216,0 -70.6668716,-34.1303116,0</coordinates></LineString></Placemark><Placemark><name>Trabajado - Cuartel 48 - Hilera 80</name><Style><LineStyle><color>ff00ff00</color><width>3</width></LineStyle></Style><LineString><coordinates>-70.6668566,-34.1304083,0 -70.6670099,-34.1302866,0</coordinates></LineString></Placemark><Placemark><name>Trabajado - Cuartel 48 - Hilera 81</name><Style><LineStyle><color>ff00ff00</color><width>3</width></LineStyle></Style><LineString><coordinates>-70.6670099,-34.1302866,0 -70.6670366,-34.1299533,0</coordinates></LineString></Placemark><Placemark><name>Trabajado - Cuartel 48 - Hilera 82</name><Style><LineStyle><color>ff00ff00</color><width>3</width></LineStyle></Style><LineString><coordinates>-70.6670366,-34.1299533,0 -70.6672666,-34.12988,0</coordinates></LineString></Placemark><Placemark><name>Trabajado - Cuartel 48 - Hilera 84</name><Style><LineStyle><color>ff00ff00</color><width>3</width></LineStyle></Style><LineString><coordinates>-70.6673483,-34.1299433,0 -70.6675133,-34.1308283,0</coordinates></LineString></Placemark><Placemark><name>Trabajado - Cuartel 48 - Hilera 116</name><Style><LineStyle><color>ff00ff00</color><width>3</width></LineStyle></Style><LineString><coordinates>-70.666975,-34.1302916,0 -70.6673566,-34.132195,0</coordinates></LineString></Placemark><Placemark><name>Trabajado - Cuartel 48 - Hilera 148</name><Style><LineStyle><color>ff00ff00</color><width>3</width></LineStyle></Style><LineString><coordinates>-70.6670516,-34.1303633,0 -70.66698419307487,-34.13044598987661,0</coordinates></LineString></Placemark><Placemark><name>Trabajado - Cuartel 48 - Hilera 149</name><Style><LineStyle><color>ff00ff00</color><width>3</width></LineStyle></Style><LineString><coordinates>-70.6669733,-34.1304399,0 -70.667045,-34.1302133,0</coordinates></LineString></Placemark><Placemark><name>Trabajado - Cuartel 48 - Hilera 150</name><Style><LineStyle><color>ff00ff00</color><width>3</width></LineStyle></Style><LineString><coordinates>-70.667045,-34.1302133,0 -70.6674333,-34.129885,0</coordinates></LineString></Placemark><Placemark><name>Trabajado - Cuartel 48 - Hilera 153</name><Style><LineStyle><color>ff00ff00</color><width>3</width></LineStyle></Style><LineString><coordinates>-70.667025,-34.13015,0 -70.6671116,-34.1300866,0</coordinates></LineString></Placemark><Placemark><name>Trabajado - Cuartel 48 - Hilera 154</name><Style><LineStyle><color>ff00ff00</color><width>3</width></LineStyle></Style><LineString><coordinates>-70.6671116,-34.1300866,0 -70.66700368844765,-34.130311595586655,0</coordinates></LineString></Placemark><Placemark><name>Trabajado - Cuartel 48 - Hilera 155</name><Style><LineStyle><color>ff00ff00</color><width>3</width></LineStyle></Style><LineString><coordinates>-70.66691,-34.1302049,0 -70.6670283,-34.1301983,0</coordinates></LineString></Placemark><Placemark><name>Trabajado - Cuartel 48 - Hilera 156</name><Style><LineStyle><color>ff00ff00</color><width>3</width></LineStyle></Style><LineString><coordinates>-70.66694682759355,-34.13026868787116,0 -70.6674083,-34.12987,0</coordinates></LineString></Placemark><Placemark><name>Trabajado - Cuartel 48 - Hilera 160</name><Style><LineStyle><color>ff00ff00</color><width>3</width></LineStyle></Style><LineString><coordinates>-70.6670966,-34.1301116,0 -70.6670933,-34.1299333,0</coordinates></LineString></Placemark><Placemark><name>Trabajado - Cuartel 48 - Hilera 206</name><Style><LineStyle><color>ff00ff00</color><width>3</width></LineStyle></Style><LineString><coordinates>-70.66744,-34.12987,0 -70.6670033,-34.1301433,0</coordinates></LineString></Placemark><Placemark><name>Trabajado - Cuartel 48 - Hilera 207</name><Style><LineStyle><color>ff00ff00</color><width>3</width></LineStyle></Style><LineString><coordinates>-70.6670033,-34.1301433,0 -70.6666199,-34.1301783,0</coordinates></LineString></Placemark><Placemark><name>Trabajado - Cuartel 48 - Hilera 209</name><Style><LineStyle><color>ff00ff00</color><width>3</width></LineStyle></Style><LineString><coordinates>-70.666595,-34.1301966,0 -70.6665933,-34.1303066,0</coordinates></LineString></Placemark><Placemark><name>Trabajado - Cuartel 48 - Hilera 210</name><Style><LineStyle><color>ff00ff00</color><width>3</width></LineStyle></Style><LineString><coordinates>-70.6665933,-34.1303066,0 -70.6670933,-34.13018,0</coordinates></LineString></Placemark><Placemark><name>Trabajado - Cuartel 48 - Hilera 211</name><Style><LineStyle><color>ff00ff00</color><width>3</width></LineStyle></Style><LineString><coordinates>-70.6670933,-34.13018,0 -70.667135,-34.129875,0</coordinates></LineString></Placemark><Placemark><name>Trabajado - Cuartel 48 - Hilera 260</name><Style><LineStyle><color>ff00ff00</color><width>3</width></LineStyle></Style><LineString><coordinates>-70.6675516,-34.1321183,0 -70.667215,-34.1302833,0</coordinates></LineString></Placemark><Placemark><name>Trabajado - Cuartel 48 - Hilera 291</name><Style><LineStyle><color>ff00ff00</color><width>3</width></LineStyle></Style><LineString><coordinates>-70.667085,-34.1299166,0 -70.6670316,-34.1299883,0</coordinates></LineString></Placemark><Placemark><name>Trabajado - Cuartel 48 - Hilera 292</name><Style><LineStyle><color>ff00ff00</color><width>3</width></LineStyle></Style><LineString><coordinates>-70.6669316,-34.1302566,0 -70.6670116,-34.13019,0</coordinates></LineString></Placemark><Placemark><name>Trabajado - Cuartel 48 - Hilera 293</name><Style><LineStyle><color>ff00ff00</color><width>3</width></LineStyle></Style><LineString><coordinates>-70.6670166,-34.1300033,0 -70.667175,-34.1298983,0</coordinates></LineString></Placemark><Placemark><name>Trabajado - Cuartel 48 - Hilera 311</name><Style><LineStyle><color>ff00ff00</color><width>3</width></LineStyle></Style><LineString><coordinates>-70.6670866,-34.1302366,0 -70.666935,-34.1298,0</coordinates></LineString></Placemark><Placemark><name>Trabajado - Cuartel 51 - Hilera 51</name><Style><LineStyle><color>ff00ff00</color><width>3</width></LineStyle></Style><LineString><coordinates>-70.6669866,-34.1297683,0 -70.6670666,-34.12985,0</coordinates></LineString></Placemark><Placemark><name>Trabajado - Cuartel 51 - Hilera 77</name><Style><LineStyle><color>ff00ff00</color><width>3</width></LineStyle></Style><LineString><coordinates>-70.6670666,-34.1303566,0 -70.6669566,-34.1303066,0</coordinates></LineString></Placemark><Placemark><name>Trabajado - Cuartel 51 - Hilera 83</name><Style><LineStyle><color>ff00ff00</color><width>3</width></LineStyle></Style><LineString><coordinates>-70.6672666,-34.12988,0 -70.6673483,-34.1299433,0</coordinates></LineString></Placemark><Placemark><name>Trabajado - Cuartel 51 - Hilera 98</name><Style><LineStyle><color>ff00ff00</color><width>3</width></LineStyle></Style><LineString><coordinates>-70.6677649,-34.1298833,0 -70.6676916,-34.129815,0</coordinates></LineString></Placemark><Placemark><name>Trabajado - Cuartel 51 - Hilera 115</name><Style><LineStyle><color>ff00ff00</color><width>3</width></LineStyle></Style><LineString><coordinates>-70.6670683,-34.1303399,0 -70.666975,-34.1302916,0</coordinates></LineString></Placemark><Placemark><name>Trabajado - Cuartel 51 - Hilera 208</name><Style><LineStyle><color>ff00ff00</color><width>3</width></LineStyle></Style><LineString><coordinates>-70.6670418317497,-34.1304411113956,0 -70.6665316,-34.1301233,0</coordinates></LineString></Placemark><Placemark><name>Trabajado - Cuartel 51 - Hilera 261</name><Style><LineStyle><color>ff00ff00</color><width>3</width></LineStyle></Style><LineString><coordinates>-70.667215,-34.1302833,0 -70.6669949,-34.1302299,0</coordinates></LineString></Placemark><Placemark><name>Trabajado - Cuartel 57 - Hilera 57</name><Style><LineStyle><color>ff00ff00</color><width>3</width></LineStyle></Style><LineString><coordinates>-70.6666316,-34.1307916,0 -70.6674383,-34.1354566,0</coordinates></LineString></Placemark><Placemark><name>Trabajado - Cuartel 57 - Hilera 63</name><Style><LineStyle><color>ff00ff00</color><width>3</width></LineStyle></Style><LineString><coordinates>-70.6675849,-34.1340283,0 -70.667115,-34.1313766,0</coordinates></LineString></Placemark><Placemark><name>Trabajado - Cuartel 57 - Hilera 68</name><Style><LineStyle><color>ff00ff00</color><width>3</width></LineStyle></Style><LineString><coordinates>-70.6670590094312,-34.130024307669096,0 -70.6677649,-34.1340166,0</coordinates></LineString></Placemark><Placemark><name>Trabajado - Cuartel 57 - Hilera 74</name><Style><LineStyle><color>ff00ff00</color><width>3</width></LineStyle></Style><LineString><coordinates>-70.667335,-34.1341399,0 -70.66686201150365,-34.13031241263056,0</coordinates></LineString></Placemark><Placemark><name>Trabajado - Cuartel 57 - Hilera 97</name><Style><LineStyle><color>ff00ff00</color><width>3</width></LineStyle></Style><LineString><coordinates>-70.668405,-34.1338316,0 -70.6677649,-34.1298833,0</coordinates></LineString></Placemark><Placemark><name>Trabajado - Cuartel 57 - Hilera 99</name><Style><LineStyle><color>ff00ff00</color><width>3</width></LineStyle></Style><LineString><coordinates>-70.6676916,-34.129815,0 -70.6683733,-34.1339533,0</coordinates></LineString></Placemark><Placemark><name>Trabajado - Cuartel 57 - Hilera 105</name><Style><LineStyle><color>ff00ff00</color><width>3</width></LineStyle></Style><LineString><coordinates>-70.668715,-34.133735,0 -70.6681133,-34.130125,0</coordinates></LineString></Placemark><Placemark><name>Trabajado - Cuartel 57 - Hilera 107</name><Style><LineStyle><color>ff00ff00</color><width>3</width></LineStyle></Style><LineString><coordinates>-70.6680216,-34.1297716,0 -70.66879,-34.1339766,0</coordinates></LineString></Placemark><Placemark><name>Trabajado - Cuartel 57 - Hilera 114</name><Style><LineStyle><color>ff00ff00</color><width>3</width></LineStyle></Style><LineString><coordinates>-70.66763409184954,-34.13390617825304,0 -70.6670533,-34.1303033,0</coordinates></LineString></Placemark><Placemark><name>Trabajado - Cuartel 57 - Hilera 262</name><Style><LineStyle><color>ff00ff00</color><width>3</width></LineStyle></Style><LineString><coordinates>-70.6670016,-34.1303516,0 -70.6674483,-34.1340783,0</coordinates></LineString></Placemark><Placemark><name>Trabajado - Cuartel 57 - Hilera 310</name><Style><LineStyle><color>ff00ff00</color><width>3</width></LineStyle></Style><LineString><coordinates>-70.6675733,-34.13372,0 -70.6670383,-34.130445,0</coordinates></LineString></Placemark><Placemark><name>Descartado (grupo chico) - Hilera 58</name><Style><LineStyle><color>ff00ffff</color><width>3</width></LineStyle></Style><LineString><coordinates>-70.6674383,-34.1354566,0 -70.6675616,-34.1354833,0</coordinates></LineString></Placemark><Placemark><name>Trabajado - Cuartel 59 - Hilera 59</name><Style><LineStyle><color>ff00ff00</color><width>3</width></LineStyle></Style><LineString><coordinates>-70.6675616,-34.1354833,0 -70.6677699,-34.135415,0</coordinates></LineString></Placemark><Placemark><name>Trabajado - Cuartel 59 - Hilera 71</name><Style><LineStyle><color>ff00ff00</color><width>3</width></LineStyle></Style><LineString><coordinates>-70.66749154097951,-34.13547615127826,0 -70.6681883,-34.1354133,0</coordinates></LineString></Placemark><Placemark><name>Trabajado - Cuartel 59 - Hilera 88</name><Style><LineStyle><color>ff00ff00</color><width>3</width></LineStyle></Style><LineString><coordinates>-70.6683016,-34.1353283,0 -70.6681933,-34.1353549,0</coordinates></LineString></Placemark><Placemark><name>Trabajado - Cuartel 59 - Hilera 95</name><Style><LineStyle><color>ff00ff00</color><width>3</width></LineStyle></Style><LineString><coordinates>-70.6687016,-34.1353416,0 -70.6688133,-34.135315,0</coordinates></LineString></Placemark><Placemark><name>Trabajado - Cuartel 59 - Hilera 102</name><Style><LineStyle><color>ff00ff00</color><width>3</width></LineStyle></Style><LineString><coordinates>-70.6687833,-34.1353233,0 -70.6689966,-34.135325,0</coordinates></LineString></Placemark><Placemark><name>Trabajado - Cuartel 59 - Hilera 109</name><Style><LineStyle><color>ff00ff00</color><width>3</width></LineStyle></Style><LineString><coordinates>-70.6691216,-34.13526,0 -70.66944171907116,-34.13523089826625,0</coordinates></LineString></Placemark><Placemark><name>Trabajado - Cuartel 59 - Hilera 121</name><Style><LineStyle><color>ff00ff00</color><width>3</width></LineStyle></Style><LineString><coordinates>-70.669615,-34.1352,0 -70.6697216,-34.1351733,0</coordinates></LineString></Placemark><Placemark><name>Trabajado - Cuartel 59 - Hilera 128</name><Style><LineStyle><color>ff00ff00</color><width>3</width></LineStyle></Style><LineString><coordinates>-70.6696616,-34.1351766,0 -70.66998,-34.1352266,0</coordinates></LineString></Placemark><Placemark><name>Trabajado - Cuartel 59 - Hilera 138</name><Style><LineStyle><color>ff00ff00</color><width>3</width></LineStyle></Style><LineString><coordinates>-70.6701183,-34.1351416,0 -70.6704183,-34.1351183,0</coordinates></LineString></Placemark><Placemark><name>Trabajado - Cuartel 59 - Hilera 170</name><Style><LineStyle><color>ff00ff00</color><width>3</width></LineStyle></Style><LineString><coordinates>-70.6705216,-34.1350283,0 -70.6708616,-34.1350683,0</coordinates></LineString></Placemark><Placemark><name>Trabajado - Cuartel 59 - Hilera 174</name><Style><LineStyle><color>ff00ff00</color><width>3</width></LineStyle></Style><LineString><coordinates>-70.670795,-34.13509,0 -70.67121,-34.1349983,0</coordinates></LineString></Placemark><Placemark><name>Trabajado - Cuartel 59 - Hilera 181</name><Style><LineStyle><color>ff00ff00</color><width>3</width></LineStyle></Style><LineString><coordinates>-70.6712183,-34.134935,0 -70.6708633,-34.1350216,0</coordinates></LineString></Placemark><Placemark><name>Trabajado - Cuartel 59 - Hilera 182</name><Style><LineStyle><color>ff00ff00</color><width>3</width></LineStyle></Style><LineString><coordinates>-70.6708633,-34.1350216,0 -70.6712216,-34.13498,0</coordinates></LineString></Placemark><Placemark><name>Trabajado - Cuartel 59 - Hilera 271</name><Style><LineStyle><color>ff00ff00</color><width>3</width></LineStyle></Style><LineString><coordinates>-70.6674149,-34.13541,0 -70.6711166,-34.135025,0</coordinates></LineString></Placemark><Placemark><name>Trabajado - Cuartel 59 - Hilera 272</name><Style><LineStyle><color>ff00ff00</color><width>3</width></LineStyle></Style><LineString><coordinates>-70.6674366,-34.135485,0 -70.6710333,-34.13494,0</coordinates></LineString></Placemark><Placemark><name>Trabajado - Cuartel 59 - Hilera 303</name><Style><LineStyle><color>ff00ff00</color><width>3</width></LineStyle></Style><LineString><coordinates>-70.671565,-34.1350566,0 -70.6710683,-34.1350266,0</coordinates></LineString></Placemark><Placemark><name>Trabajado - Cuartel 59 - Hilera 304</name><Style><LineStyle><color>ff00ff00</color><width>3</width></LineStyle></Style><LineString><coordinates>-70.6710683,-34.1350266,0 -70.667395,-34.13538,0</coordinates></LineString></Placemark><Placemark><name>Trabajado - Cuartel 59 - Hilera 306</name><Style><LineStyle><color>ff00ff00</color><width>3</width></LineStyle></Style><LineString><coordinates>-70.6674833,-34.1354666,0 -70.6708916,-34.1350716,0</coordinates></LineString></Placemark><Placemark><name>Trabajado - Cuartel 59 - Hilera 308</name><Style><LineStyle><color>ff00ff00</color><width>3</width></LineStyle></Style><LineString><coordinates>-70.6709883,-34.1349783,0 -70.6679316,-34.1354516,0</coordinates></LineString></Placemark><Placemark><name>Descartado (grupo chico) - Hilera 60</name><Style><LineStyle><color>ff00ffff</color><width>3</width></LineStyle></Style><LineString><coordinates>-70.6677699,-34.135415,0 -70.6677116,-34.135325,0</coordinates></LineString></Placemark><Placemark><name>Descartado (grupo chico) - Hilera 305</name><Style><LineStyle><color>ff00ffff</color><width>3</width></LineStyle></Style><LineString><coordinates>-70.667395,-34.13538,0 -70.66749270700605,-34.13547582589721,0</coordinates></LineString></Placemark><Placemark><name>Trabajado - Cuartel 61 - Hilera 61</name><Style><LineStyle><color>ff00ff00</color><width>3</width></LineStyle></Style><LineString><coordinates>-70.6677116,-34.135325,0 -70.667525,-34.1342249,0</coordinates></LineString></Placemark><Placemark><name>Trabajado - Cuartel 61 - Hilera 70</name><Style><LineStyle><color>ff00ff00</color><width>3</width></LineStyle></Style><LineString><coordinates>-70.6676733,-34.1340849,0 -70.66793,-34.1354366,0</coordinates></LineString></Placemark><Placemark><name>Trabajado - Cuartel 61 - Hilera 72</name><Style><LineStyle><color>ff00ff00</color><width>3</width></LineStyle></Style><LineString><coordinates>-70.6674916,-34.1354233,0 -70.6672399,-34.1340383,0</coordinates></LineString></Placemark><Placemark><name>Trabajado - Cuartel 61 - Hilera 89</name><Style><LineStyle><color>ff00ff00</color><width>3</width></LineStyle></Style><LineString><coordinates>-70.6681933,-34.1353549,0 -70.6679566,-34.1341866,0</coordinates></LineString></Placemark><Placemark><name>Trabajado - Cuartel 61 - Hilera 93</name><Style><LineStyle><color>ff00ff00</color><width>3</width></LineStyle></Style><LineString><coordinates>-70.6682866,-34.1340633,0 -70.6685,-34.1352416,0</coordinates></LineString></Placemark><Placemark><name>Trabajado - Cuartel 61 - Hilera 96</name><Style><LineStyle><color>ff00ff00</color><width>3</width></LineStyle></Style><LineString><coordinates>-70.6688133,-34.135315,0 -70.668405,-34.1338316,0</coordinates></LineString></Placemark><Placemark><name>Trabajado - Cuartel 61 - Hilera 101</name><Style><LineStyle><color>ff00ff00</color><width>3</width></LineStyle></Style><LineString><coordinates>-70.66847,-34.1339999,0 -70.6687833,-34.1353233,0</coordinates></LineString></Placemark><Placemark><name>Trabajado - Cuartel 61 - Hilera 103</name><Style><LineStyle><color>ff00ff00</color><width>3</width></LineStyle></Style><LineString><coordinates>-70.6689966,-34.135325,0 -70.668715,-34.1337466,0</coordinates></LineString></Placemark><Placemark><name>Trabajado - Cuartel 61 - Hilera 108</name><Style><LineStyle><color>ff00ff00</color><width>3</width></LineStyle></Style><LineString><coordinates>-70.66879,-34.1339766,0 -70.6691216,-34.13526,0</coordinates></LineString></Placemark><Placemark><name>Trabajado - Cuartel 61 - Hilera 111</name><Style><LineStyle><color>ff00ff00</color><width>3</width></LineStyle></Style><LineString><coordinates>-70.6688966,-34.1331549,0 -70.6693316,-34.1352366,0</coordinates></LineString></Placemark><Placemark><name>Trabajado - Cuartel 61 - Hilera 124</name><Style><LineStyle><color>ff00ff00</color><width>3</width></LineStyle></Style><LineString><coordinates>-70.6697133,-34.1350183,0 -70.6695233,-34.1339016,0</coordinates></LineString></Placemark><Placemark><name>Trabajado - Cuartel 61 - Hilera 129</name><Style><LineStyle><color>ff00ff00</color><width>3</width></LineStyle></Style><LineString><coordinates>-70.66998,-34.1352266,0 -70.6699516,-34.134865,0</coordinates></LineString></Placemark><Placemark><name>Trabajado - Cuartel 61 - Hilera 131</name><Style><LineStyle><color>ff00ff00</color><width>3</width></LineStyle></Style><LineString><coordinates>-70.6698766,-34.1348,0 -70.6699516,-34.1350616,0</coordinates></LineString></Placemark><Placemark><name>Trabajado - Cuartel 61 - Hilera 132</name><Style><LineStyle><color>ff00ff00</color><width>3</width></LineStyle></Style><LineString><coordinates>-70.6699516,-34.1350616,0 -70.6697216,-34.1339816,0</coordinates></LineString></Placemark><Placemark><name>Trabajado - Cuartel 61 - Hilera 270</name><Style><LineStyle><color>ff00ff00</color><width>3</width></LineStyle></Style><LineString><coordinates>-70.6672533,-34.1341216,0 -70.6674633,-34.1354716,0</coordinates></LineString></Placemark><Placemark><name>Descartado (grupo chico) - Hilera 62</name><Style><LineStyle><color>ff00ffff</color><width>3</width></LineStyle></Style><LineString><coordinates>-70.667525,-34.1342249,0 -70.6675849,-34.1340283,0</coordinates></LineString></Placemark><Placemark><name>Descartado (grupo chico) - Hilera 69</name><Style><LineStyle><color>ff00ffff</color><width>3</width></LineStyle></Style><LineString><coordinates>-70.6677649,-34.1340166,0 -70.6676733,-34.1340849,0</coordinates></LineString></Placemark><Placemark><name>Descartado (grupo chico) - Hilera 90</name><Style><LineStyle><color>ff00ffff</color><width>3</width></LineStyle></Style><LineString><coordinates>-70.6679566,-34.1341866,0 -70.6680866,-34.1340416,0</coordinates></LineString></Placemark><Placemark><name>Descartado (grupo chico) - Hilera 91</name><Style><LineStyle><color>ff00ffff</color><width>3</width></LineStyle></Style><LineString><coordinates>-70.6680866,-34.1340416,0 -70.6682016,-34.1339983,0</coordinates></LineString></Placemark><Placemark><name>Descartado (grupo chico) - Hilera 309</name><Style><LineStyle><color>ff00ffff</color><width>3</width></LineStyle></Style><LineString><coordinates>-70.6672083,-34.13415,0 -70.6675733,-34.13372,0</coordinates></LineString></Placemark><Placemark><name>Trabajado - Cuartel 73 - Hilera 73</name><Style><LineStyle><color>ff00ff00</color><width>3</width></LineStyle></Style><LineString><coordinates>-70.6672399,-34.1340383,0 -70.667335,-34.1341399,0</coordinates></LineString></Placemark><Placemark><name>Trabajado - Cuartel 73 - Hilera 92</name><Style><LineStyle><color>ff00ff00</color><width>3</width></LineStyle></Style><LineString><coordinates>-70.6682016,-34.1339983,0 -70.6682866,-34.1340633,0</coordinates></LineString></Placemark><Placemark><name>Trabajado - Cuartel 73 - Hilera 100</name><Style><LineStyle><color>ff00ff00</color><width>3</width></LineStyle></Style><LineString><coordinates>-70.6683733,-34.1339533,0 -70.66847,-34.1339999,0</coordinates></LineString></Placemark><Placemark><name>Trabajado - Cuartel 73 - Hilera 147</name><Style><LineStyle><color>ff00ff00</color><width>3</width></LineStyle></Style><LineString><coordinates>-70.6679099,-34.1340333,0 -70.6676149,-34.1339083,0</coordinates></LineString></Placemark><Placemark><name>Trabajado - Cuartel 73 - Hilera 265</name><Style><LineStyle><color>ff00ff00</color><width>3</width></LineStyle></Style><LineString><coordinates>-70.6681349,-34.1340583,0 -70.6680633,-34.1340166,0</coordinates></LineString></Placemark><Placemark><name>Trabajado - Cuartel 73 - Hilera 267</name><Style><LineStyle><color>ff00ff00</color><width>3</width></LineStyle></Style><LineString><coordinates>-70.6671366,-34.1340633,0 -70.6672083,-34.1341216,0</coordinates></LineString></Placemark><Placemark><name>Descartado (grupo chico) - Hilera 85</name><Style><LineStyle><color>ff00ffff</color><width>3</width></LineStyle></Style><LineString><coordinates>-70.6675166,-34.1308316,0 -70.6674583,-34.1309116,0</coordinates></LineString></Placemark><Placemark><name>Descartado (grupo chico) - Hilera 86</name><Style><LineStyle><color>ff00ffff</color><width>3</width></LineStyle></Style><LineString><coordinates>-70.6674583,-34.1309116,0 -70.6675333,-34.1309866,0</coordinates></LineString></Placemark><Placemark><name>Descartado (grupo chico) - Hilera 87</name><Style><LineStyle><color>ff00ffff</color><width>3</width></LineStyle></Style><LineString><coordinates>-70.6675333,-34.1309866,0 -70.6683016,-34.1353283,0</coordinates></LineString></Placemark><Placemark><name>Descartado (grupo chico) - Hilera 94</name><Style><LineStyle><color>ff00ffff</color><width>3</width></LineStyle></Style><LineString><coordinates>-70.6685,-34.1352416,0 -70.6687016,-34.1353416,0</coordinates></LineString></Placemark><Placemark><name>Descartado (grupo chico) - Hilera 104</name><Style><LineStyle><color>ff00ffff</color><width>3</width></LineStyle></Style><LineString><coordinates>-70.668715,-34.1337466,0 -70.6688233,-34.133735,0</coordinates></LineString></Placemark><Placemark><name>Descartado (grupo chico) - Hilera 146</name><Style><LineStyle><color>ff00ffff</color><width>3</width></LineStyle></Style><LineString><coordinates>-70.6707103163012,-34.133696497640095,0 -70.66724418810655,-34.134113364287806,0</coordinates></LineString></Placemark><Placemark><name>Descartado (grupo chico) - Hilera 263</name><Style><LineStyle><color>ff00ffff</color><width>3</width></LineStyle></Style><LineString><coordinates>-70.6672233,-34.1341316,0 -70.67075,-34.1337099,0</coordinates></LineString></Placemark><Placemark><name>Descartado (grupo chico) - Hilera 264</name><Style><LineStyle><color>ff00ffff</color><width>3</width></LineStyle></Style><LineString><coordinates>-70.67075,-34.1337099,0 -70.6681349,-34.1340583,0</coordinates></LineString></Placemark><Placemark><name>Descartado (grupo chico) - Hilera 106</name><Style><LineStyle><color>ff00ffff</color><width>3</width></LineStyle></Style><LineString><coordinates>-70.6681183,-34.1301233,0 -70.6680216,-34.1297716,0</coordinates></LineString></Placemark><Placemark><name>Trabajado - Cuartel 110 - Hilera 110</name><Style><LineStyle><color>ff00ff00</color><width>3</width></LineStyle></Style><LineString><coordinates>-70.6692316,-34.13525,0 -70.66832,-34.1297666,0</coordinates></LineString></Placemark><Placemark><name>Trabajado - Cuartel 110 - Hilera 119</name><Style><LineStyle><color>ff00ff00</color><width>3</width></LineStyle></Style><LineString><coordinates>-70.6686016,-34.1297533,0 -70.6694233,-34.1349883,0</coordinates></LineString></Placemark><Placemark><name>Trabajado - Cuartel 110 - Hilera 127</name><Style><LineStyle><color>ff00ff00</color><width>3</width></LineStyle></Style><LineString><coordinates>-70.66891,-34.129715,0 -70.6696616,-34.1351766,0</coordinates></LineString></Placemark><Placemark><name>Trabajado - Cuartel 110 - Hilera 137</name><Style><LineStyle><color>ff00ff00</color><width>3</width></LineStyle></Style><LineString><coordinates>-70.6692383,-34.1299466,0 -70.6701183,-34.1351416,0</coordinates></LineString></Placemark><Placemark><name>Trabajado - Cuartel 110 - Hilera 169</name><Style><LineStyle><color>ff00ff00</color><width>3</width></LineStyle></Style><LineString><coordinates>-70.6698133,-34.1297166,0 -70.6705216,-34.1350283,0</coordinates></LineString></Placemark><Placemark><name>Descartado (grupo chico) - Hilera 112</name><Style><LineStyle><color>ff00ffff</color><width>3</width></LineStyle></Style><LineString><coordinates>-70.6694416,-34.13523,0 -70.6690633,-34.1319933,0</coordinates></LineString></Placemark><Placemark><name>Trabajado - Cuartel 113 - Hilera 113</name><Style><LineStyle><color>ff00ff00</color><width>3</width></LineStyle></Style><LineString><coordinates>-70.6690633,-34.1319933,0 -70.6673483,-34.1321333,0</coordinates></LineString></Placemark><Placemark><name>Trabajado - Cuartel 113 - Hilera 117</name><Style><LineStyle><color>ff00ff00</color><width>3</width></LineStyle></Style><LineString><coordinates>-70.6673983,-34.13221,0 -70.6703898041419,-34.131840490105986,0</coordinates></LineString></Placemark><Placemark><name>Trabajado - Cuartel 113 - Hilera 253</name><Style><LineStyle><color>ff00ff00</color><width>3</width></LineStyle></Style><LineString><coordinates>-70.67028,-34.1318583,0 -70.6668983,-34.1323083,0</coordinates></LineString></Placemark><Placemark><name>Trabajado - Cuartel 113 - Hilera 255</name><Style><LineStyle><color>ff00ff00</color><width>3</width></LineStyle></Style><LineString><coordinates>-70.6668866,-34.132295,0 -70.6703933,-34.1318599,0</coordinates></LineString></Placemark><Placemark><name>Trabajado - Cuartel 113 - Hilera 256</name><Style><LineStyle><color>ff00ff00</color><width>3</width></LineStyle></Style><LineString><coordinates>-70.6692266,-34.1320216,0 -70.666885,-34.1322416,0</coordinates></LineString></Placemark><Placemark><name>Trabajado - Cuartel 113 - Hilera 257</name><Style><LineStyle><color>ff00ff00</color><width>3</width></LineStyle></Style><LineString><coordinates>-70.666885,-34.1322416,0 -70.6703933,-34.1318783,0</coordinates></LineString></Placemark><Placemark><name>Trabajado - Cuartel 113 - Hilera 258</name><Style><LineStyle><color>ff00ff00</color><width>3</width></LineStyle></Style><LineString><coordinates>-70.6703933,-34.1318783,0 -70.6669383,-34.13227,0</coordinates></LineString></Placemark><Placemark><name>Descartado (grupo chico) - Hilera 118</name><Style><LineStyle><color>ff00ffff</color><width>3</width></LineStyle></Style><LineString><coordinates>-70.669045,-34.1320066,0 -70.6686016,-34.1297533,0</coordinates></LineString></Placemark><Placemark><name>Descartado (grupo chico) - Hilera 120</name><Style><LineStyle><color>ff00ffff</color><width>3</width></LineStyle></Style><LineString><coordinates>-70.6694233,-34.1349883,0 -70.669615,-34.1352,0</coordinates></LineString></Placemark><Placemark><name>Descartado (grupo chico) - Hilera 123</name><Style><LineStyle><color>ff00ffff</color><width>3</width></LineStyle></Style><LineString><coordinates>-70.6697766,-34.135095,0 -70.6697133,-34.1350183,0</coordinates></LineString></Placemark><Placemark><name>Descartado (grupo chico) - Hilera 130</name><Style><LineStyle><color>ff00ffff</color><width>3</width></LineStyle></Style><LineString><coordinates>-70.6699516,-34.134865,0 -70.6698766,-34.1348,0</coordinates></LineString></Placemark><Placemark><name>Descartado (grupo chico) - Hilera 164</name><Style><LineStyle><color>ff00ffff</color><width>3</width></LineStyle></Style><LineString><coordinates>-70.6702783,-34.134975,0 -70.6705716,-34.13512,0</coordinates></LineString></Placemark><Placemark><name>Descartado (grupo chico) - Hilera 122</name><Style><LineStyle><color>ff00ffff</color><width>3</width></LineStyle></Style><LineString><coordinates>-70.6697216,-34.1351733,0 -70.6697766,-34.135095,0</coordinates></LineString></Placemark><Placemark><name>Trabajado - Cuartel 125 - Hilera 125</name><Style><LineStyle><color>ff00ff00</color><width>3</width></LineStyle></Style><LineString><coordinates>-70.6695233,-34.1339016,0 -70.6696783,-34.1337749,0</coordinates></LineString></Placemark><Placemark><name>Trabajado - Cuartel 125 - Hilera 133</name><Style><LineStyle><color>ff00ff00</color><width>3</width></LineStyle></Style><LineString><coordinates>-70.6697216,-34.1339816,0 -70.66995,-34.1336966,0</coordinates></LineString></Placemark><Placemark><name>Trabajado - Cuartel 125 - Hilera 145</name><Style><LineStyle><color>ff00ff00</color><width>3</width></LineStyle></Style><LineString><coordinates>-70.6702033,-34.1336533,0 -70.6701133,-34.1337683,0</coordinates></LineString></Placemark><Placemark><name>Trabajado - Cuartel 125 - Hilera 166</name><Style><LineStyle><color>ff00ff00</color><width>3</width></LineStyle></Style><LineString><coordinates>-70.670425,-34.1339316,0 -70.670535,-34.1337483,0</coordinates></LineString></Placemark><Placemark><name>Trabajado - Cuartel 125 - Hilera 172</name><Style><LineStyle><color>ff00ff00</color><width>3</width></LineStyle></Style><LineString><coordinates>-70.6706699,-34.1337749,0 -70.670575,-34.1339149,0</coordinates></LineString></Placemark><Placemark><name>Trabajado - Cuartel 125 - Hilera 269</name><Style><LineStyle><color>ff00ff00</color><width>3</width></LineStyle></Style><LineString><coordinates>-70.6700416,-34.1337583,0 -70.6699633,-34.1338283,0</coordinates></LineString></Placemark><Placemark><name>Trabajado - Cuartel 126 - Hilera 126</name><Style><LineStyle><color>ff00ff00</color><width>3</width></LineStyle></Style><LineString><coordinates>-70.6696783,-34.1337749,0 -70.66891,-34.129715,0</coordinates></LineString></Placemark><Placemark><name>Trabajado - Cuartel 126 - Hilera 134</name><Style><LineStyle><color>ff00ff00</color><width>3</width></LineStyle></Style><LineString><coordinates>-70.66995,-34.1336966,0 -70.669255,-34.1297083,0</coordinates></LineString></Placemark><Placemark><name>Trabajado - Cuartel 126 - Hilera 141</name><Style><LineStyle><color>ff00ff00</color><width>3</width></LineStyle></Style><LineString><coordinates>-70.6699533,-34.1319966,0 -70.6695266,-34.1296566,0</coordinates></LineString></Placemark><Placemark><name>Trabajado - Cuartel 126 - Hilera 143</name><Style><LineStyle><color>ff00ff00</color><width>3</width></LineStyle></Style><LineString><coordinates>-70.66947908732125,-34.129631158718325,0 -70.6699866,-34.13275,0</coordinates></LineString></Placemark><Placemark><name>Trabajado - Cuartel 126 - Hilera 167</name><Style><LineStyle><color>ff00ff00</color><width>3</width></LineStyle></Style><LineString><coordinates>-70.670535,-34.1337483,0 -70.6698799,-34.129645,0</coordinates></LineString></Placemark><Placemark><name>Trabajado - Cuartel 126 - Hilera 179</name><Style><LineStyle><color>ff00ff00</color><width>3</width></LineStyle></Style><LineString><coordinates>-70.6709083,-34.132995,0 -70.6703933,-34.1309016,0</coordinates></LineString></Placemark><Placemark><name>Trabajado - Cuartel 126 - Hilera 189</name><Style><LineStyle><color>ff00ff00</color><width>3</width></LineStyle></Style><LineString><coordinates>-70.6706516,-34.1308833,0 -70.6709816,-34.132665,0</coordinates></LineString></Placemark><Placemark><name>Trabajado - Cuartel 126 - Hilera 193</name><Style><LineStyle><color>ff00ff00</color><width>3</width></LineStyle></Style><LineString><coordinates>-70.6708066,-34.1308166,0 -70.671185,-34.1326583,0</coordinates></LineString></Placemark><Placemark><name>Trabajado - Cuartel 126 - Hilera 252</name><Style><LineStyle><color>ff00ff00</color><width>3</width></LineStyle></Style><LineString><coordinates>-70.670235,-34.1311683,0 -70.6703183,-34.131825,0</coordinates></LineString></Placemark><Placemark><name>Trabajado - Cuartel 126 - Hilera 274</name><Style><LineStyle><color>ff00ff00</color><width>3</width></LineStyle></Style><LineString><coordinates>-70.6704516,-34.13196,0 -70.6701916,-34.13094,0</coordinates></LineString></Placemark><Placemark><name>Descartado (grupo chico) - Hilera 135</name><Style><LineStyle><color>ff00ffff</color><width>3</width></LineStyle></Style><LineString><coordinates>-70.669255,-34.1297083,0 -70.6691766,-34.1297733,0</coordinates></LineString></Placemark><Placemark><name>Descartado (grupo chico) - Hilera 157</name><Style><LineStyle><color>ff00ffff</color><width>3</width></LineStyle></Style><LineString><coordinates>-70.6690349,-34.1296783,0 -70.6690833,-34.1295966,0</coordinates></LineString></Placemark><Placemark><name>Descartado (grupo chico) - Hilera 158</name><Style><LineStyle><color>ff00ffff</color><width>3</width></LineStyle></Style><LineString><coordinates>-70.6690833,-34.1295966,0 -70.6689799,-34.1296716,0</coordinates></LineString></Placemark><Placemark><name>Descartado (grupo chico) - Hilera 168</name><Style><LineStyle><color>ff00ffff</color><width>3</width></LineStyle></Style><LineString><coordinates>-70.6698799,-34.129645,0 -70.6698133,-34.1297166,0</coordinates></LineString></Placemark><Placemark><name>Trabajado - Cuartel 136 - Hilera 136</name><Style><LineStyle><color>ff00ff00</color><width>3</width></LineStyle></Style><LineString><coordinates>-70.6691766,-34.1297733,0 -70.6692383,-34.1299466,0</coordinates></LineString></Placemark><Placemark><name>Trabajado - Cuartel 136 - Hilera 142</name><Style><LineStyle><color>ff00ff00</color><width>3</width></LineStyle></Style><LineString><coordinates>-70.6694599,-34.1296533,0 -70.6695,-34.1297366,0</coordinates></LineString></Placemark><Placemark><name>Trabajado - Cuartel 136 - Hilera 162</name><Style><LineStyle><color>ff00ff00</color><width>3</width></LineStyle></Style><LineString><coordinates>-70.6694466,-34.1296966,0 -70.6696083,-34.1304066,0</coordinates></LineString></Placemark><Placemark><name>Trabajado - Cuartel 136 - Hilera 205</name><Style><LineStyle><color>ff00ff00</color><width>3</width></LineStyle></Style><LineString><coordinates>-70.6701133,-34.1306783,0 -70.6697899,-34.1296083,0</coordinates></LineString></Placemark><Placemark><name>Trabajado - Cuartel 136 - Hilera 289</name><Style><LineStyle><color>ff00ff00</color><width>3</width></LineStyle></Style><LineString><coordinates>-70.6702266,-34.1308683,0 -70.6698383,-34.1296233,0</coordinates></LineString></Placemark><Placemark><name>Trabajado - Cuartel 136 - Hilera 294</name><Style><LineStyle><color>ff00ff00</color><width>3</width></LineStyle></Style><LineString><coordinates>-70.6698033,-34.129645,0 -70.6701316,-34.1308683,0</coordinates></LineString></Placemark><Placemark><name>Trabajado - Cuartel 139 - Hilera 139</name><Style><LineStyle><color>ff00ff00</color><width>3</width></LineStyle></Style><LineString><coordinates>-70.6704183,-34.1351183,0 -70.6699733,-34.13197,0</coordinates></LineString></Placemark><Placemark><name>Trabajado - Cuartel 139 - Hilera 144</name><Style><LineStyle><color>ff00ff00</color><width>3</width></LineStyle></Style><LineString><coordinates>-70.6699866,-34.13275,0 -70.6702033,-34.1336533,0</coordinates></LineString></Placemark><Placemark><name>Trabajado - Cuartel 139 - Hilera 163</name><Style><LineStyle><color>ff00ff00</color><width>3</width></LineStyle></Style><LineString><coordinates>-70.6698433,-34.1319283,0 -70.6702783,-34.134975,0</coordinates></LineString></Placemark><Placemark><name>Trabajado - Cuartel 139 - Hilera 180</name><Style><LineStyle><color>ff00ff00</color><width>3</width></LineStyle></Style><LineString><coordinates>-70.6703933,-34.1309016,0 -70.6712183,-34.134935,0</coordinates></LineString></Placemark><Placemark><name>Trabajado - Cuartel 139 - Hilera 188</name><Style><LineStyle><color>ff00ff00</color><width>3</width></LineStyle></Style><LineString><coordinates>-70.6715466,-34.1350066,0 -70.6706516,-34.1308833,0</coordinates></LineString></Placemark><Placemark><name>Trabajado - Cuartel 139 - Hilera 192</name><Style><LineStyle><color>ff00ff00</color><width>3</width></LineStyle></Style><LineString><coordinates>-70.6717666,-34.1350133,0 -70.6708066,-34.1308166,0</coordinates></LineString></Placemark><Placemark><name>Trabajado - Cuartel 139 - Hilera 196</name><Style><LineStyle><color>ff00ff00</color><width>3</width></LineStyle></Style><LineString><coordinates>-70.671465,-34.1331383,0 -70.6715433,-34.1335349,0</coordinates></LineString></Placemark><Placemark><name>Trabajado - Cuartel 139 - Hilera 201</name><Style><LineStyle><color>ff00ff00</color><width>3</width></LineStyle></Style><LineString><coordinates>-70.6719833,-34.1348633,0 -70.6711516,-34.1308916,0</coordinates></LineString></Placemark><Placemark><name>Trabajado - Cuartel 139 - Hilera 215</name><Style><LineStyle><color>ff00ff00</color><width>3</width></LineStyle></Style><LineString><coordinates>-70.6710416,-34.1308233,0 -70.6720016,-34.1349616,0</coordinates></LineString></Placemark><Placemark><name>Trabajado - Cuartel 139 - Hilera 217</name><Style><LineStyle><color>ff00ff00</color><width>3</width></LineStyle></Style><LineString><coordinates>-70.672215,-34.1347833,0 -70.67136,-34.13079,0</coordinates></LineString></Placemark><Placemark><name>Trabajado - Cuartel 139 - Hilera 219</name><Style><LineStyle><color>ff00ff00</color><width>3</width></LineStyle></Style><LineString><coordinates>-70.6713033,-34.1308633,0 -70.6721433,-34.1348366,0</coordinates></LineString></Placemark><Placemark><name>Trabajado - Cuartel 139 - Hilera 221</name><Style><LineStyle><color>ff00ff00</color><width>3</width></LineStyle></Style><LineString><coordinates>-70.67239,-34.134915,0 -70.6715833,-34.1307783,0</coordinates></LineString></Placemark><Placemark><name>Trabajado - Cuartel 139 - Hilera 222</name><Style><LineStyle><color>ff00ff00</color><width>3</width></LineStyle></Style><LineString><coordinates>-70.6715833,-34.1307783,0 -70.6724516,-34.1349366,0</coordinates></LineString></Placemark><Placemark><name>Trabajado - Cuartel 139 - Hilera 224</name><Style><LineStyle><color>ff00ff00</color><width>3</width></LineStyle></Style><LineString><coordinates>-70.6726933,-34.1348416,0 -70.6718083,-34.1307283,0</coordinates></LineString></Placemark><Placemark><name>Trabajado - Cuartel 139 - Hilera 225</name><Style><LineStyle><color>ff00ff00</color><width>3</width></LineStyle></Style><LineString><coordinates>-70.6718083,-34.1307283,0 -70.6726666,-34.1349066,0</coordinates></LineString></Placemark><Placemark><name>Trabajado - Cuartel 139 - Hilera 273</name><Style><LineStyle><color>ff00ff00</color><width>3</width></LineStyle></Style><LineString><coordinates>-70.6710333,-34.13494,0 -70.670205,-34.1308566,0</coordinates></LineString></Placemark><Placemark><name>Descartado (grupo chico) - Hilera 140</name><Style><LineStyle><color>ff00ffff</color><width>3</width></LineStyle></Style><LineString><coordinates>-70.6699733,-34.13197,0 -70.6699366,-34.1320516,0</coordinates></LineString></Placemark><Placemark><name>Trabajado - Cuartel 151 - Hilera 151</name><Style><LineStyle><color>ff00ff00</color><width>3</width></LineStyle></Style><LineString><coordinates>-70.6674333,-34.129885,0 -70.6694699,-34.1297566,0</coordinates></LineString></Placemark><Placemark><name>Trabajado - Cuartel 151 - Hilera 152</name><Style><LineStyle><color>ff00ff00</color><width>3</width></LineStyle></Style><LineString><coordinates>-70.66978717327382,-34.12959308251222,0 -70.6671,-34.1299233,0</coordinates></LineString></Placemark><Placemark><name>Trabajado - Cuartel 151 - Hilera 159</name><Style><LineStyle><color>ff00ff00</color><width>3</width></LineStyle></Style><LineString><coordinates>-70.6689799,-34.1296716,0 -70.6670699,-34.1299666,0</coordinates></LineString></Placemark><Placemark><name>Trabajado - Cuartel 151 - Hilera 161</name><Style><LineStyle><color>ff00ff00</color><width>3</width></LineStyle></Style><LineString><coordinates>-70.6670933,-34.1299333,0 -70.6694466,-34.1296966,0</coordinates></LineString></Placemark><Placemark><name>Trabajado - Cuartel 151 - Hilera 212</name><Style><LineStyle><color>ff00ff00</color><width>3</width></LineStyle></Style><LineString><coordinates>-70.667135,-34.129875,0 -70.669785,-34.1296266,0</coordinates></LineString></Placemark><Placemark><name>Trabajado - Cuartel 151 - Hilera 290</name><Style><LineStyle><color>ff00ff00</color><width>3</width></LineStyle></Style><LineString><coordinates>-70.6698383,-34.1296233,0 -70.667085,-34.1299166,0</coordinates></LineString></Placemark><Placemark><name>Trabajado - Cuartel 165 - Hilera 165</name><Style><LineStyle><color>ff00ff00</color><width>3</width></LineStyle></Style><LineString><coordinates>-70.6705716,-34.13512,0 -70.670425,-34.1339316,0</coordinates></LineString></Placemark><Placemark><name>Trabajado - Cuartel 165 - Hilera 171</name><Style><LineStyle><color>ff00ff00</color><width>3</width></LineStyle></Style><LineString><coordinates>-70.6708616,-34.1350683,0 -70.6706699,-34.1337749,0</coordinates></LineString></Placemark><Placemark><name>Trabajado - Cuartel 165 - Hilera 173</name><Style><LineStyle><color>ff00ff00</color><width>3</width></LineStyle></Style><LineString><coordinates>-70.670575,-34.1339149,0 -70.670795,-34.13509,0</coordinates></LineString></Placemark><Placemark><name>Trabajado - Cuartel 165 - Hilera 178</name><Style><LineStyle><color>ff00ff00</color><width>3</width></LineStyle></Style><LineString><coordinates>-70.67122,-34.1349716,0 -70.6708066,-34.133005,0</coordinates></LineString></Placemark><Placemark><name>Trabajado - Cuartel 165 - Hilera 184</name><Style><LineStyle><color>ff00ff00</color><width>3</width></LineStyle></Style><LineString><coordinates>-70.6713083,-34.134915,0 -70.6708949,-34.13311,0</coordinates></LineString></Placemark><Placemark><name>Trabajado - Cuartel 165 - Hilera 186</name><Style><LineStyle><color>ff00ff00</color><width>3</width></LineStyle></Style><LineString><coordinates>-70.6710566,-34.1331783,0 -70.6714316,-34.1349416,0</coordinates></LineString></Placemark><Placemark><name>Trabajado - Cuartel 165 - Hilera 191</name><Style><LineStyle><color>ff00ff00</color><width>3</width></LineStyle></Style><LineString><coordinates>-70.67128,-34.132985,0 -70.6717666,-34.1350133,0</coordinates></LineString></Placemark><Placemark><name>Trabajado - Cuartel 165 - Hilera 198</name><Style><LineStyle><color>ff00ff00</color><width>3</width></LineStyle></Style><LineString><coordinates>-70.6715733,-34.13378,0 -70.6716516,-34.1343099,0</coordinates></LineString></Placemark><Placemark><name>Descartado (grupo chico) - Hilera 175</name><Style><LineStyle><color>ff00ffff</color><width>3</width></LineStyle></Style><LineString><coordinates>-70.67121,-34.1349983,0 -70.671245,-34.1349116,0</coordinates></LineString></Placemark><Placemark><name>Descartado (grupo chico) - Hilera 176</name><Style><LineStyle><color>ff00ffff</color><width>3</width></LineStyle></Style><LineString><coordinates>-70.671245,-34.1349116,0 -70.6713483,-34.1350616,0</coordinates></LineString></Placemark><Placemark><name>Descartado (grupo chico) - Hilera 177</name><Style><LineStyle><color>ff00ffff</color><width>3</width></LineStyle></Style><LineString><coordinates>-70.6713449,-34.1350666,0 -70.67122,-34.1349716,0</coordinates></LineString></Placemark><Placemark><name>Descartado (grupo chico) - Hilera 187</name><Style><LineStyle><color>ff00ffff</color><width>3</width></LineStyle></Style><LineString><coordinates>-70.6714316,-34.1349416,0 -70.6715466,-34.1350066,0</coordinates></LineString></Placemark><Placemark><name>Descartado (grupo chico) - Hilera 199</name><Style><LineStyle><color>ff00ffff</color><width>3</width></LineStyle></Style><LineString><coordinates>-70.6717033,-34.1343583,0 -70.6718566,-34.1349016,0</coordinates></LineString></Placemark><Placemark><name>Descartado (grupo chico) - Hilera 183</name><Style><LineStyle><color>ff00ffff</color><width>3</width></LineStyle></Style><LineString><coordinates>-70.6712216,-34.13498,0 -70.6713083,-34.134915,0</coordinates></LineString></Placemark><Placemark><name>Descartado (grupo chico) - Hilera 307</name><Style><LineStyle><color>ff00ffff</color><width>3</width></LineStyle></Style><LineString><coordinates>-70.6708916,-34.1350716,0 -70.6709883,-34.1349783,0</coordinates></LineString></Placemark><Placemark><name>Descartado (grupo chico) - Hilera 185</name><Style><LineStyle><color>ff00ffff</color><width>3</width></LineStyle></Style><LineString><coordinates>-70.6708949,-34.13311,0 -70.6710566,-34.1331783,0</coordinates></LineString></Placemark><Placemark><name>Descartado (grupo chico) - Hilera 190</name><Style><LineStyle><color>ff00ffff</color><width>3</width></LineStyle></Style><LineString><coordinates>-70.6709816,-34.132665,0 -70.67128,-34.132985,0</coordinates></LineString></Placemark><Placemark><name>Descartado (grupo chico) - Hilera 194</name><Style><LineStyle><color>ff00ffff</color><width>3</width></LineStyle></Style><LineString><coordinates>-70.6711983,-34.1327616,0 -70.6714733,-34.1329783,0</coordinates></LineString></Placemark><Placemark><name>Descartado (grupo chico) - Hilera 195</name><Style><LineStyle><color>ff00ffff</color><width>3</width></LineStyle></Style><LineString><coordinates>-70.6714733,-34.1329783,0 -70.6714333,-34.1330816,0</coordinates></LineString></Placemark><Placemark><name>Descartado (grupo chico) - Hilera 197</name><Style><LineStyle><color>ff00ffff</color><width>3</width></LineStyle></Style><LineString><coordinates>-70.6715433,-34.1335349,0 -70.6715033,-34.133665,0</coordinates></LineString></Placemark><Placemark><name>Descartado (grupo chico) - Hilera 200</name><Style><LineStyle><color>ff00ffff</color><width>3</width></LineStyle></Style><LineString><coordinates>-70.6718566,-34.1349016,0 -70.6719833,-34.1348633,0</coordinates></LineString></Placemark><Placemark><name>Descartado (grupo chico) - Hilera 216</name><Style><LineStyle><color>ff00ffff</color><width>3</width></LineStyle></Style><LineString><coordinates>-70.6720016,-34.1349616,0 -70.672215,-34.1347833,0</coordinates></LineString></Placemark><Placemark><name>Descartado (grupo chico) - Hilera 223</name><Style><LineStyle><color>ff00ffff</color><width>3</width></LineStyle></Style><LineString><coordinates>-70.6724516,-34.1349366,0 -70.6726933,-34.1348416,0</coordinates></LineString></Placemark><Placemark><name>Descartado (grupo chico) - Hilera 302</name><Style><LineStyle><color>ff00ffff</color><width>3</width></LineStyle></Style><LineString><coordinates>-70.6730149,-34.1348666,0 -70.671565,-34.1350566,0</coordinates></LineString></Placemark><Placemark><name>Descartado (grupo chico) - Hilera 202</name><Style><LineStyle><color>ff00ffff</color><width>3</width></LineStyle></Style><LineString><coordinates>-70.6711516,-34.1308916,0 -70.6709333,-34.1307633,0</coordinates></LineString></Placemark><Placemark><name>Trabajado - Cuartel 203 - Hilera 203</name><Style><LineStyle><color>ff00ff00</color><width>3</width></LineStyle></Style><LineString><coordinates>-70.6709333,-34.1307633,0 -70.6705299,-34.1308466,0</coordinates></LineString></Placemark><Placemark><name>Trabajado - Cuartel 203 - Hilera 214</name><Style><LineStyle><color>ff00ff00</color><width>3</width></LineStyle></Style><LineString><coordinates>-70.670425,-34.1308616,0 -70.6710616,-34.1307633,0</coordinates></LineString></Placemark><Placemark><name>Trabajado - Cuartel 203 - Hilera 250</name><Style><LineStyle><color>ff00ff00</color><width>3</width></LineStyle></Style><LineString><coordinates>-70.672545,-34.130575,0 -70.6703666,-34.13086,0</coordinates></LineString></Placemark><Placemark><name>Trabajado - Cuartel 203 - Hilera 275</name><Style><LineStyle><color>ff00ff00</color><width>3</width></LineStyle></Style><LineString><coordinates>-70.6701916,-34.13094,0 -70.6725416,-34.1306033,0</coordinates></LineString></Placemark><Placemark><name>Trabajado - Cuartel 203 - Hilera 288</name><Style><LineStyle><color>ff00ff00</color><width>3</width></LineStyle></Style><LineString><coordinates>-70.6730666,-34.13055,0 -70.6702266,-34.1308683,0</coordinates></LineString></Placemark><Placemark><name>Trabajado - Cuartel 203 - Hilera 295</name><Style><LineStyle><color>ff00ff00</color><width>3</width></LineStyle></Style><LineString><coordinates>-70.6701316,-34.1308683,0 -70.6729783,-34.1305316,0</coordinates></LineString></Placemark><Placemark><name>Descartado (grupo chico) - Hilera 204</name><Style><LineStyle><color>ff00ffff</color><width>3</width></LineStyle></Style><LineString><coordinates>-70.6705299,-34.1308466,0 -70.6701133,-34.1306783,0</coordinates></LineString></Placemark><Placemark><name>Descartado (grupo chico) - Hilera 213</name><Style><LineStyle><color>ff00ffff</color><width>3</width></LineStyle></Style><LineString><coordinates>-70.67008,-34.13062,0 -70.670425,-34.1308616,0</coordinates></LineString></Placemark><Placemark><name>Descartado (grupo chico) - Hilera 218</name><Style><LineStyle><color>ff00ffff</color><width>3</width></LineStyle></Style><LineString><coordinates>-70.67136,-34.13079,0 -70.6713033,-34.1308633,0</coordinates></LineString></Placemark><Placemark><name>Descartado (grupo chico) - Hilera 220</name><Style><LineStyle><color>ff00ffff</color><width>3</width></LineStyle></Style><LineString><coordinates>-70.6721433,-34.1348366,0 -70.67239,-34.134915,0</coordinates></LineString></Placemark><Placemark><name>Trabajado - Cuartel 226 - Hilera 226</name><Style><LineStyle><color>ff00ff00</color><width>3</width></LineStyle></Style><LineString><coordinates>-70.672315,-34.1330966,0 -70.6719683,-34.1306799,0</coordinates></LineString></Placemark><Placemark><name>Trabajado - Cuartel 226 - Hilera 227</name><Style><LineStyle><color>ff00ff00</color><width>3</width></LineStyle></Style><LineString><coordinates>-70.6719683,-34.1306799,0 -70.6723716,-34.1326266,0</coordinates></LineString></Placemark><Placemark><name>Trabajado - Cuartel 226 - Hilera 229</name><Style><LineStyle><color>ff00ff00</color><width>3</width></LineStyle></Style><LineString><coordinates>-70.67269,-34.1327016,0 -70.6722416,-34.130645,0</coordinates></LineString></Placemark><Placemark><name>Trabajado - Cuartel 226 - Hilera 230</name><Style><LineStyle><color>ff00ff00</color><width>3</width></LineStyle></Style><LineString><coordinates>-70.6722416,-34.130645,0 -70.6726566,-34.1327049,0</coordinates></LineString></Placemark><Placemark><name>Trabajado - Cuartel 226 - Hilera 232</name><Style><LineStyle><color>ff00ff00</color><width>3</width></LineStyle></Style><LineString><coordinates>-70.6729299,-34.1326716,0 -70.6724266,-34.1306183,0</coordinates></LineString></Placemark><Placemark><name>Trabajado - Cuartel 226 - Hilera 233</name><Style><LineStyle><color>ff00ff00</color><width>3</width></LineStyle></Style><LineString><coordinates>-70.6724266,-34.1306183,0 -70.6728366,-34.1326,0</coordinates></LineString></Placemark><Placemark><name>Trabajado - Cuartel 226 - Hilera 235</name><Style><LineStyle><color>ff00ff00</color><width>3</width></LineStyle></Style><LineString><coordinates>-70.6731066,-34.13266,0 -70.6726683,-34.1303983,0</coordinates></LineString></Placemark><Placemark><name>Trabajado - Cuartel 226 - Hilera 237</name><Style><LineStyle><color>ff00ff00</color><width>3</width></LineStyle></Style><LineString><coordinates>-70.6725683,-34.1303183,0 -70.6730166,-34.1324983,0</coordinates></LineString></Placemark><Placemark><name>Trabajado - Cuartel 226 - Hilera 239</name><Style><LineStyle><color>ff00ff00</color><width>3</width></LineStyle></Style><LineString><coordinates>-70.67334,-34.1325966,0 -70.6726616,-34.1293533,0</coordinates></LineString></Placemark><Placemark><name>Trabajado - Cuartel 226 - Hilera 240</name><Style><LineStyle><color>ff00ff00</color><width>3</width></LineStyle></Style><LineString><coordinates>-70.6725849,-34.1293333,0 -70.673215,-34.1322783,0</coordinates></LineString></Placemark><Placemark><name>Trabajado - Cuartel 226 - Hilera 242</name><Style><LineStyle><color>ff00ff00</color><width>3</width></LineStyle></Style><LineString><coordinates>-70.67373595240053,-34.13330581064359,0 -70.6727216,-34.129295,0</coordinates></LineString></Placemark><Placemark><name>Trabajado - Cuartel 226 - Hilera 280</name><Style><LineStyle><color>ff00ff00</color><width>3</width></LineStyle></Style><LineString><coordinates>-70.6731183,-34.1306649,0 -70.673522827726,-34.1323236014513,0</coordinates></LineString></Placemark><Placemark><name>Trabajado - Cuartel 226 - Hilera 287</name><Style><LineStyle><color>ff00ff00</color><width>3</width></LineStyle></Style><LineString><coordinates>-70.6730783,-34.1304533,0 -70.6733366,-34.1317133,0</coordinates></LineString></Placemark><Placemark><name>Descartado (grupo chico) - Hilera 228</name><Style><LineStyle><color>ff00ffff</color><width>3</width></LineStyle></Style><LineString><coordinates>-70.6723716,-34.1326266,0 -70.67269,-34.1327016,0</coordinates></LineString></Placemark><Placemark><name>Descartado (grupo chico) - Hilera 234</name><Style><LineStyle><color>ff00ffff</color><width>3</width></LineStyle></Style><LineString><coordinates>-70.6728366,-34.1326,0 -70.6731066,-34.13266,0</coordinates></LineString></Placemark><Placemark><name>Descartado (grupo chico) - Hilera 238</name><Style><LineStyle><color>ff00ffff</color><width>3</width></LineStyle></Style><LineString><coordinates>-70.6730166,-34.1324983,0 -70.67334,-34.1325966,0</coordinates></LineString></Placemark><Placemark><name>Descartado (grupo chico) - Hilera 241</name><Style><LineStyle><color>ff00ffff</color><width>3</width></LineStyle></Style><LineString><coordinates>-70.673215,-34.1322783,0 -70.67349,-34.1323333,0</coordinates></LineString></Placemark><Placemark><name>Descartado (grupo chico) - Hilera 231</name><Style><LineStyle><color>ff00ffff</color><width>3</width></LineStyle></Style><LineString><coordinates>-70.6726566,-34.1327049,0 -70.6729299,-34.1326716,0</coordinates></LineString></Placemark><Placemark><name>Descartado (grupo chico) - Hilera 236</name><Style><LineStyle><color>ff00ffff</color><width>3</width></LineStyle></Style><LineString><coordinates>-70.6726683,-34.1303983,0 -70.6725683,-34.1303183,0</coordinates></LineString></Placemark><Placemark><name>Trabajado - Cuartel 243 - Hilera 243</name><Style><LineStyle><color>ff00ff00</color><width>3</width></LineStyle></Style><LineString><coordinates>-70.6727216,-34.129295,0 -70.67267,-34.1294533,0</coordinates></LineString></Placemark><Placemark><name>Trabajado - Cuartel 243 - Hilera 246</name><Style><LineStyle><color>ff00ff00</color><width>3</width></LineStyle></Style><LineString><coordinates>-70.6727366,-34.1305399,0 -70.67252,-34.1293666,0</coordinates></LineString></Placemark><Placemark><name>Trabajado - Cuartel 243 - Hilera 248</name><Style><LineStyle><color>ff00ff00</color><width>3</width></LineStyle></Style><LineString><coordinates>-70.6724233,-34.1293983,0 -70.6726716,-34.130435,0</coordinates></LineString></Placemark><Placemark><name>Trabajado - Cuartel 243 - Hilera 276</name><Style><LineStyle><color>ff00ff00</color><width>3</width></LineStyle></Style><LineString><coordinates>-70.6726016,-34.1305249,0 -70.672475,-34.1292716,0</coordinates></LineString></Placemark><Placemark><name>Trabajado - Cuartel 243 - Hilera 279</name><Style><LineStyle><color>ff00ff00</color><width>3</width></LineStyle></Style><LineString><coordinates>-70.6728766,-34.1293683,0 -70.67311152218205,-34.130665741650766,0</coordinates></LineString></Placemark><Placemark><name>Descartado (grupo chico) - Hilera 244</name><Style><LineStyle><color>ff00ffff</color><width>3</width></LineStyle></Style><LineString><coordinates>-70.672875,-34.1304466,0 -70.6727499,-34.13056,0</coordinates></LineString></Placemark><Placemark><name>Descartado (grupo chico) - Hilera 249</name><Style><LineStyle><color>ff00ffff</color><width>3</width></LineStyle></Style><LineString><coordinates>-70.6726716,-34.130435,0 -70.67252738221592,-34.130594482541646,0</coordinates></LineString></Placemark><Placemark><name>Descartado (grupo chico) - Hilera 286</name><Style><LineStyle><color>ff00ffff</color><width>3</width></LineStyle></Style><LineString><coordinates>-70.6730149,-34.1305266,0 -70.6730783,-34.1304533,0</coordinates></LineString></Placemark><Placemark><name>Descartado (grupo chico) - Hilera 245</name><Style><LineStyle><color>ff00ffff</color><width>3</width></LineStyle></Style><LineString><coordinates>-70.6727499,-34.13056,0 -70.6726483,-34.1305933,0</coordinates></LineString></Placemark><Placemark><name>Descartado (grupo chico) - Hilera 247</name><Style><LineStyle><color>ff00ffff</color><width>3</width></LineStyle></Style><LineString><coordinates>-70.67252,-34.1293666,0 -70.6724233,-34.1293983,0</coordinates></LineString></Placemark><Placemark><name>Descartado (grupo chico) - Hilera 251</name><Style><LineStyle><color>ff00ffff</color><width>3</width></LineStyle></Style><LineString><coordinates>-70.6703666,-34.13086,0 -70.670235,-34.1311683,0</coordinates></LineString></Placemark><Placemark><name>Descartado (grupo chico) - Hilera 254</name><Style><LineStyle><color>ff00ffff</color><width>3</width></LineStyle></Style><LineString><coordinates>-70.6670116,-34.1322666,0 -70.6668866,-34.132295,0</coordinates></LineString></Placemark><Placemark><name>Descartado (grupo chico) - Hilera 259</name><Style><LineStyle><color>ff00ffff</color><width>3</width></LineStyle></Style><LineString><coordinates>-70.6675099,-34.1322216,0 -70.6675516,-34.1321183,0</coordinates></LineString></Placemark><Placemark><name>Descartado (grupo chico) - Hilera 266</name><Style><LineStyle><color>ff00ffff</color><width>3</width></LineStyle></Style><LineString><coordinates>-70.6680633,-34.1340166,0 -70.6671366,-34.1340633,0</coordinates></LineString></Placemark><Placemark><name>Descartado (grupo chico) - Hilera 268</name><Style><LineStyle><color>ff00ffff</color><width>3</width></LineStyle></Style><LineString><coordinates>-70.6707083,-34.133685,0 -70.6701733,-34.1338066,0</coordinates></LineString></Placemark><Placemark><name>Descartado (grupo chico) - Hilera 277</name><Style><LineStyle><color>ff00ffff</color><width>3</width></LineStyle></Style><LineString><coordinates>-70.672475,-34.1292716,0 -70.6727833,-34.1292816,0</coordinates></LineString></Placemark><Placemark><name>Descartado (grupo chico) - Hilera 278</name><Style><LineStyle><color>ff00ffff</color><width>3</width></LineStyle></Style><LineString><coordinates>-70.6727833,-34.1292816,0 -70.6728766,-34.1293683,0</coordinates></LineString></Placemark><Placemark><name>Descartado (grupo chico) - Hilera 281</name><Style><LineStyle><color>ff00ffff</color><width>3</width></LineStyle></Style><LineString><coordinates>-70.6737233,-34.1333,0 -70.6738499,-34.134755,0</coordinates></LineString></Placemark><Placemark><name>Descartado (grupo chico) - Hilera 297</name><Style><LineStyle><color>ff00ffff</color><width>3</width></LineStyle></Style><LineString><coordinates>-70.6737566,-34.13377,0 -70.6737833,-34.1336666,0</coordinates></LineString></Placemark><Placemark><name>Descartado (grupo chico) - Hilera 298</name><Style><LineStyle><color>ff00ffff</color><width>3</width></LineStyle></Style><LineString><coordinates>-70.6737833,-34.1336666,0 -70.673945,-34.1347066,0</coordinates></LineString></Placemark><Placemark><name>Descartado (grupo chico) - Hilera 282</name><Style><LineStyle><color>ff00ffff</color><width>3</width></LineStyle></Style><LineString><coordinates>-70.6738499,-34.134755,0 -70.6737383,-34.1347483,0</coordinates></LineString></Placemark><Placemark><name>Descartado (grupo chico) - Hilera 299</name><Style><LineStyle><color>ff00ffff</color><width>3</width></LineStyle></Style><LineString><coordinates>-70.673945,-34.1347066,0 -70.6730283,-34.1348866,0</coordinates></LineString></Placemark><Placemark><name>Descartado (grupo chico) - Hilera 283</name><Style><LineStyle><color>ff00ffff</color><width>3</width></LineStyle></Style><LineString><coordinates>-70.6737383,-34.1347483,0 -70.6738366,-34.1347916,0</coordinates></LineString></Placemark><Placemark><name>Descartado (grupo chico) - Hilera 284</name><Style><LineStyle><color>ff00ffff</color><width>3</width></LineStyle></Style><LineString><coordinates>-70.6738366,-34.1347916,0 -70.6739816,-34.1346516,0</coordinates></LineString></Placemark><Placemark><name>Descartado (grupo chico) - Hilera 285</name><Style><LineStyle><color>ff00ffff</color><width>3</width></LineStyle></Style><LineString><coordinates>-70.6739483,-34.1346333,0 -70.6730066,-34.13052,0</coordinates></LineString></Placemark><Placemark><name>Descartado (grupo chico) - Hilera 296</name><Style><LineStyle><color>ff00ffff</color><width>3</width></LineStyle></Style><LineString><coordinates>-70.673055,-34.1305633,0 -70.6737566,-34.13377,0</coordinates></LineString></Placemark><Placemark><name>Descartado (grupo chico) - Hilera 300</name><Style><LineStyle><color>ff00ffff</color><width>3</width></LineStyle></Style><LineString><coordinates>-70.6730283,-34.1348866,0 -70.6730316,-34.134795,0</coordinates></LineString></Placemark><Placemark><name>Descartado (grupo chico) - Hilera 301</name><Style><LineStyle><color>ff00ffff</color><width>3</width></LineStyle></Style><LineString><coordinates>-70.6730349,-34.1348833,0 -70.6731083,-34.1348133,0</coordinates></LineString></Placemark><Placemark><name>Descartado (grupo chico) - Hilera 312</name><Style><LineStyle><color>ff00ffff</color><width>3</width></LineStyle></Style><LineString><coordinates>-70.666935,-34.1298,0 -70.65939,-34.1305916,0</coordinates></LineString></Placemark><Placemark><name>Trabajado - Cuartel 313 - Hilera 313</name><Style><LineStyle><color>ff00ff00</color><width>3</width></LineStyle></Style><LineString><coordinates>-70.65939,-34.1305916,0 -70.6591933,-34.1308366,0</coordinates></LineString></Placemark><Placemark><name>Trabajado - Cuartel 313 - Hilera 528</name><Style><LineStyle><color>ff00ff00</color><width>3</width></LineStyle></Style><LineString><coordinates>-70.6590783,-34.132735,0 -70.6591533,-34.1326683,0</coordinates></LineString></Placemark><Placemark><name>Trabajado - Cuartel 313 - Hilera 533</name><Style><LineStyle><color>ff00ff00</color><width>3</width></LineStyle></Style><LineString><coordinates>-70.6591083,-34.1325499,0 -70.6590383,-34.1324799,0</coordinates></LineString></Placemark><Placemark><name>Trabajado - Cuartel 313 - Hilera 592</name><Style><LineStyle><color>ff00ff00</color><width>3</width></LineStyle></Style><LineString><coordinates>-70.6590733,-34.132595,0 -70.6591699,-34.1324383,0</coordinates></LineString></Placemark><Placemark><name>Trabajado - Cuartel 313 - Hilera 596</name><Style><LineStyle><color>ff00ff00</color><width>3</width></LineStyle></Style><LineString><coordinates>-70.65911,-34.1325766,0 -70.6591249,-34.1323966,0</coordinates></LineString></Placemark><Placemark><name>Trabajado - Cuartel 313 - Hilera 600</name><Style><LineStyle><color>ff00ff00</color><width>3</width></LineStyle></Style><LineString><coordinates>-70.659025,-34.1323949,0 -70.6591166,-34.13221,0</coordinates></LineString></Placemark><Placemark><name>Trabajado - Cuartel 313 - Hilera 606</name><Style><LineStyle><color>ff00ff00</color><width>3</width></LineStyle></Style><LineString><coordinates>-70.6591433,-34.1321049,0 -70.6591,-34.1320183,0</coordinates></LineString></Placemark><Placemark><name>Trabajado - Cuartel 313 - Hilera 610</name><Style><LineStyle><color>ff00ff00</color><width>3</width></LineStyle></Style><LineString><coordinates>-70.658995,-34.1322133,0 -70.6591133,-34.1320349,0</coordinates></LineString></Placemark><Placemark><name>Trabajado - Cuartel 313 - Hilera 613</name><Style><LineStyle><color>ff00ff00</color><width>3</width></LineStyle></Style><LineString><coordinates>-70.6590316,-34.1320133,0 -70.6591249,-34.1318633,0</coordinates></LineString></Placemark><Placemark><name>Trabajado - Cuartel 313 - Hilera 619</name><Style><LineStyle><color>ff00ff00</color><width>3</width></LineStyle></Style><LineString><coordinates>-70.6589899,-34.1320333,0 -70.6590833,-34.1318433,0</coordinates></LineString></Placemark><Placemark><name>Trabajado - Cuartel 313 - Hilera 622</name><Style><LineStyle><color>ff00ff00</color><width>3</width></LineStyle></Style><LineString><coordinates>-70.65911,-34.1317933,0 -70.6590533,-34.1316283,0</coordinates></LineString></Placemark><Placemark><name>Trabajado - Cuartel 313 - Hilera 625</name><Style><LineStyle><color>ff00ff00</color><width>3</width></LineStyle></Style><LineString><coordinates>-70.65909,-34.13181,0 -70.65914059307408,-34.1312866969384,0</coordinates></LineString></Placemark><Placemark><name>Trabajado - Cuartel 313 - Hilera 629</name><Style><LineStyle><color>ff00ff00</color><width>3</width></LineStyle></Style><LineString><coordinates>-70.6591216,-34.13171,0 -70.65906460843817,-34.13142119285459,0</coordinates></LineString></Placemark><Placemark><name>Trabajado - Cuartel 313 - Hilera 633</name><Style><LineStyle><color>ff00ff00</color><width>3</width></LineStyle></Style><LineString><coordinates>-70.6589749,-34.1316383,0 -70.6591033,-34.1314316,0</coordinates></LineString></Placemark><Placemark><name>Trabajado - Cuartel 313 - Hilera 648</name><Style><LineStyle><color>ff00ff00</color><width>3</width></LineStyle></Style><LineString><coordinates>-70.6590966,-34.1314216,0 -70.6588033,-34.1312466,0</coordinates></LineString></Placemark><Placemark><name>Trabajado - Cuartel 313 - Hilera 652</name><Style><LineStyle><color>ff00ff00</color><width>3</width></LineStyle></Style><LineString><coordinates>-70.6591249,-34.131305,0 -70.65904671582096,-34.13084059642423,0</coordinates></LineString></Placemark><Placemark><name>Trabajado - Cuartel 313 - Hilera 656</name><Style><LineStyle><color>ff00ff00</color><width>3</width></LineStyle></Style><LineString><coordinates>-70.6589583,-34.1312566,0 -70.658935,-34.1310616,0</coordinates></LineString></Placemark><Placemark><name>Trabajado - Cuartel 313 - Hilera 662</name><Style><LineStyle><color>ff00ff00</color><width>3</width></LineStyle></Style><LineString><coordinates>-70.65889,-34.131285,0 -70.6591083,-34.1310483,0</coordinates></LineString></Placemark><Placemark><name>Trabajado - Cuartel 313 - Hilera 665</name><Style><LineStyle><color>ff00ff00</color><width>3</width></LineStyle></Style><LineString><coordinates>-70.6590216,-34.1310933,0 -70.6590266,-34.130865,0</coordinates></LineString></Placemark><Placemark><name>Trabajado - Cuartel 313 - Hilera 667</name><Style><LineStyle><color>ff00ff00</color><width>3</width></LineStyle></Style><LineString><coordinates>-70.6590716,-34.1310866,0 -70.6588766,-34.13086,0</coordinates></LineString></Placemark><Placemark><name>Trabajado - Cuartel 313 - Hilera 668</name><Style><LineStyle><color>ff00ff00</color><width>3</width></LineStyle></Style><LineString><coordinates>-70.659015,-34.131095,0 -70.6588633,-34.1308383,0</coordinates></LineString></Placemark><Placemark><name>Trabajado - Cuartel 313 - Hilera 672</name><Style><LineStyle><color>ff00ff00</color><width>3</width></LineStyle></Style><LineString><coordinates>-70.6590166,-34.1309266,0 -70.6588916,-34.1308366,0</coordinates></LineString></Placemark><Placemark><name>Trabajado - Cuartel 313 - Hilera 677</name><Style><LineStyle><color>ff00ff00</color><width>3</width></LineStyle></Style><LineString><coordinates>-70.6588766,-34.1309333,0 -70.6588633,-34.1308483,0</coordinates></LineString></Placemark><Placemark><name>Descartado (grupo chico) - Hilera 314</name><Style><LineStyle><color>ff00ffff</color><width>3</width></LineStyle></Style><LineString><coordinates>-70.6591933,-34.1308366,0 -70.6594216,-34.1364233,0</coordinates></LineString></Placemark><Placemark><name>Descartado (grupo chico) - Hilera 315</name><Style><LineStyle><color>ff00ffff</color><width>3</width></LineStyle></Style><LineString><coordinates>-70.6594833,-34.1364516,0 -70.6604066,-34.1363983,0</coordinates></LineString></Placemark><Placemark><name>Descartado (grupo chico) - Hilera 786</name><Style><LineStyle><color>ff00ffff</color><width>3</width></LineStyle></Style><LineString><coordinates>-70.6604466,-34.1364016,0 -70.6585616,-34.1365683,0</coordinates></LineString></Placemark><Placemark><name>Descartado (grupo chico) - Hilera 316</name><Style><LineStyle><color>ff00ffff</color><width>3</width></LineStyle></Style><LineString><coordinates>-70.6604066,-34.1363983,0 -70.66047,-34.1364516,0</coordinates></LineString></Placemark><Placemark><name>Descartado (grupo chico) - Hilera 520</name><Style><LineStyle><color>ff00ffff</color><width>3</width></LineStyle></Style><LineString><coordinates>-70.6604799,-34.1366449,0 -70.6603066,-34.1364366,0</coordinates></LineString></Placemark><Placemark><name>Trabajado - Cuartel 317 - Hilera 317</name><Style><LineStyle><color>ff00ff00</color><width>3</width></LineStyle></Style><LineString><coordinates>-70.6604613032332,-34.13640473414474,0 -70.66136475297017,-34.14127331871167,0</coordinates></LineString></Placemark><Placemark><name>Trabajado - Cuartel 317 - Hilera 537</name><Style><LineStyle><color>ff00ff00</color><width>3</width></LineStyle></Style><LineString><coordinates>-70.6604761709839,-34.13643956187395,0 -70.66158241078952,-34.14141105441494,0</coordinates></LineString></Placemark><Placemark><name>Trabajado - Cuartel 317 - Hilera 540</name><Style><LineStyle><color>ff00ff00</color><width>3</width></LineStyle></Style><LineString><coordinates>-70.6614719471956,-34.14136727990689,0 -70.66041625200683,-34.136365542528154,0</coordinates></LineString></Placemark><Placemark><name>Trabajado - Cuartel 317 - Hilera 585</name><Style><LineStyle><color>ff00ff00</color><width>3</width></LineStyle></Style><LineString><coordinates>-70.6604587347161,-34.13636885415111,0 -70.66135916213668,-34.14107619873507,0</coordinates></LineString></Placemark><Placemark><name>Trabajado - Cuartel 317 - Hilera 725</name><Style><LineStyle><color>ff00ff00</color><width>3</width></LineStyle></Style><LineString><coordinates>-70.6615433,-34.1413166,0 -70.6604366,-34.1363816,0</coordinates></LineString></Placemark><Placemark><name>Trabajado - Cuartel 317 - Hilera 806</name><Style><LineStyle><color>ff00ff00</color><width>3</width></LineStyle></Style><LineString><coordinates>-70.66139,-34.1411833,0 -70.6604366,-34.1363983,0</coordinates></LineString></Placemark><Placemark><name>Trabajado - Cuartel 318 - Hilera 318</name><Style><LineStyle><color>ff00ff00</color><width>3</width></LineStyle></Style><LineString><coordinates>-70.6613283,-34.1411266,0 -70.66143617555558,-34.141342455540546,0</coordinates></LineString></Placemark><Placemark><name>Trabajado - Cuartel 318 - Hilera 319</name><Style><LineStyle><color>ff00ff00</color><width>3</width></LineStyle></Style><LineString><coordinates>-70.6614316,-34.1413333,0 -70.66172081415503,-34.141346663688545,0</coordinates></LineString></Placemark><Placemark><name>Trabajado - Cuartel 318 - Hilera 320</name><Style><LineStyle><color>ff00ff00</color><width>3</width></LineStyle></Style><LineString><coordinates>-70.6615766,-34.14134,0 -70.6612033,-34.1404966,0</coordinates></LineString></Placemark><Placemark><name>Trabajado - Cuartel 318 - Hilera 322</name><Style><LineStyle><color>ff00ff00</color><width>3</width></LineStyle></Style><LineString><coordinates>-70.6609416,-34.14042,0 -70.66096890407216,-34.1407502492539,0</coordinates></LineString></Placemark><Placemark><name>Trabajado - Cuartel 318 - Hilera 323</name><Style><LineStyle><color>ff00ff00</color><width>3</width></LineStyle></Style><LineString><coordinates>-70.6609733,-34.14075,0 -70.6611699,-34.14166,0</coordinates></LineString></Placemark><Placemark><name>Trabajado - Cuartel 318 - Hilera 324</name><Style><LineStyle><color>ff00ff00</color><width>3</width></LineStyle></Style><LineString><coordinates>-70.6611699,-34.14166,0 -70.6610933,-34.14075,0</coordinates></LineString></Placemark><Placemark><name>Trabajado - Cuartel 318 - Hilera 325</name><Style><LineStyle><color>ff00ff00</color><width>3</width></LineStyle></Style><LineString><coordinates>-70.6610933,-34.14075,0 -70.6607433,-34.1404916,0</coordinates></LineString></Placemark><Placemark><name>Trabajado - Cuartel 318 - Hilera 326</name><Style><LineStyle><color>ff00ff00</color><width>3</width></LineStyle></Style><LineString><coordinates>-70.66073792018624,-34.140463581781376,0 -70.660975,-34.1416983,0</coordinates></LineString></Placemark><Placemark><name>Trabajado - Cuartel 318 - Hilera 328</name><Style><LineStyle><color>ff00ff00</color><width>3</width></LineStyle></Style><LineString><coordinates>-70.6605166,-34.1407316,0 -70.6606966,-34.1416233,0</coordinates></LineString></Placemark><Placemark><name>Trabajado - Cuartel 318 - Hilera 330</name><Style><LineStyle><color>ff00ff00</color><width>3</width></LineStyle></Style><LineString><coordinates>-70.6608033,-34.1416666,0 -70.6606016,-34.1408183,0</coordinates></LineString></Placemark><Placemark><name>Trabajado - Cuartel 318 - Hilera 331</name><Style><LineStyle><color>ff00ff00</color><width>3</width></LineStyle></Style><LineString><coordinates>-70.6606016,-34.1408183,0 -70.66028,-34.1405149,0</coordinates></LineString></Placemark><Placemark><name>Trabajado - Cuartel 318 - Hilera 332</name><Style><LineStyle><color>ff00ff00</color><width>3</width></LineStyle></Style><LineString><coordinates>-70.66028,-34.1405149,0 -70.66051,-34.141765,0</coordinates></LineString></Placemark><Placemark><name>Trabajado - Cuartel 318 - Hilera 333</name><Style><LineStyle><color>ff00ff00</color><width>3</width></LineStyle></Style><LineString><coordinates>-70.66051,-34.141765,0 -70.6603683,-34.1405633,0</coordinates></LineString></Placemark><Placemark><name>Trabajado - Cuartel 318 - Hilera 335</name><Style><LineStyle><color>ff00ff00</color><width>3</width></LineStyle></Style><LineString><coordinates>-70.6600483,-34.1407633,0 -70.6602233,-34.1416566,0</coordinates></LineString></Placemark><Placemark><name>Trabajado - Cuartel 318 - Hilera 337</name><Style><LineStyle><color>ff00ff00</color><width>3</width></LineStyle></Style><LineString><coordinates>-70.6602883,-34.1415983,0 -70.6601466,-34.1406983,0</coordinates></LineString></Placemark><Placemark><name>Trabajado - Cuartel 318 - Hilera 339</name><Style><LineStyle><color>ff00ff00</color><width>3</width></LineStyle></Style><LineString><coordinates>-70.659835,-34.1405966,0 -70.6598983,-34.1406716,0</coordinates></LineString></Placemark><Placemark><name>Trabajado - Cuartel 318 - Hilera 340</name><Style><LineStyle><color>ff00ff00</color><width>3</width></LineStyle></Style><LineString><coordinates>-70.6598983,-34.1406716,0 -70.6601433,-34.1418233,0</coordinates></LineString></Placemark><Placemark><name>Trabajado - Cuartel 318 - Hilera 341</name><Style><LineStyle><color>ff00ff00</color><width>3</width></LineStyle></Style><LineString><coordinates>-70.6601433,-34.1418233,0 -70.6600033,-34.140835,0</coordinates></LineString></Placemark><Placemark><name>Trabajado - Cuartel 318 - Hilera 343</name><Style><LineStyle><color>ff00ff00</color><width>3</width></LineStyle></Style><LineString><coordinates>-70.6596133,-34.1407266,0 -70.6599083,-34.141835,0</coordinates></LineString></Placemark><Placemark><name>Trabajado - Cuartel 318 - Hilera 344</name><Style><LineStyle><color>ff00ff00</color><width>3</width></LineStyle></Style><LineString><coordinates>-70.6599083,-34.141835,0 -70.6595283,-34.1406016,0</coordinates></LineString></Placemark><Placemark><name>Trabajado - Cuartel 318 - Hilera 347</name><Style><LineStyle><color>ff00ff00</color><width>3</width></LineStyle></Style><LineString><coordinates>-70.6593766,-34.140785,0 -70.6596266,-34.1418816,0</coordinates></LineString></Placemark><Placemark><name>Trabajado - Cuartel 318 - Hilera 348</name><Style><LineStyle><color>ff00ff00</color><width>3</width></LineStyle></Style><LineString><coordinates>-70.6596266,-34.1418816,0 -70.6594466,-34.14069,0</coordinates></LineString></Placemark><Placemark><name>Trabajado - Cuartel 318 - Hilera 350</name><Style><LineStyle><color>ff00ff00</color><width>3</width></LineStyle></Style><LineString><coordinates>-70.65911426986997,-34.140633519739126,0 -70.6593933,-34.1418733,0</coordinates></LineString></Placemark><Placemark><name>Trabajado - Cuartel 318 - Hilera 352</name><Style><LineStyle><color>ff00ff00</color><width>3</width></LineStyle></Style><LineString><coordinates>-70.6589049,-34.1406733,0 -70.6591266,-34.1418933,0</coordinates></LineString></Placemark><Placemark><name>Trabajado - Cuartel 318 - Hilera 353</name><Style><LineStyle><color>ff00ff00</color><width>3</width></LineStyle></Style><LineString><coordinates>-70.6591266,-34.1418933,0 -70.6589833,-34.1407166,0</coordinates></LineString></Placemark><Placemark><name>Trabajado - Cuartel 318 - Hilera 355</name><Style><LineStyle><color>ff00ff00</color><width>3</width></LineStyle></Style><LineString><coordinates>-70.65867381006892,-34.14070394974064,0 -70.6588733,-34.1418516,0</coordinates></LineString></Placemark><Placemark><name>Trabajado - Cuartel 318 - Hilera 357</name><Style><LineStyle><color>ff00ff00</color><width>3</width></LineStyle></Style><LineString><coordinates>-70.6584566,-34.1408066,0 -70.6586983,-34.1419649,0</coordinates></LineString></Placemark><Placemark><name>Trabajado - Cuartel 318 - Hilera 358</name><Style><LineStyle><color>ff00ff00</color><width>3</width></LineStyle></Style><LineString><coordinates>-70.6586983,-34.1419649,0 -70.6585666,-34.1409783,0</coordinates></LineString></Placemark><Placemark><name>Trabajado - Cuartel 318 - Hilera 360</name><Style><LineStyle><color>ff00ff00</color><width>3</width></LineStyle></Style><LineString><coordinates>-70.6582383,-34.1407583,0 -70.6584016,-34.1418266,0</coordinates></LineString></Placemark><Placemark><name>Trabajado - Cuartel 318 - Hilera 362</name><Style><LineStyle><color>ff00ff00</color><width>3</width></LineStyle></Style><LineString><coordinates>-70.6585133,-34.1418716,0 -70.6583416,-34.1407683,0</coordinates></LineString></Placemark><Placemark><name>Trabajado - Cuartel 318 - Hilera 364</name><Style><LineStyle><color>ff00ff00</color><width>3</width></LineStyle></Style><LineString><coordinates>-70.6580233,-34.1410383,0 -70.6581816,-34.1419816,0</coordinates></LineString></Placemark><Placemark><name>Trabajado - Cuartel 318 - Hilera 366</name><Style><LineStyle><color>ff00ff00</color><width>3</width></LineStyle></Style><LineString><coordinates>-70.6582516,-34.14184,0 -70.65808,-34.1409066,0</coordinates></LineString></Placemark><Placemark><name>Trabajado - Cuartel 318 - Hilera 368</name><Style><LineStyle><color>ff00ff00</color><width>3</width></LineStyle></Style><LineString><coordinates>-70.6578216,-34.1410333,0 -70.6579566,-34.1419433,0</coordinates></LineString></Placemark><Placemark><name>Trabajado - Cuartel 318 - Hilera 370</name><Style><LineStyle><color>ff00ff00</color><width>3</width></LineStyle></Style><LineString><coordinates>-70.6580233,-34.1418433,0 -70.657855,-34.140845,0</coordinates></LineString></Placemark><Placemark><name>Trabajado - Cuartel 318 - Hilera 372</name><Style><LineStyle><color>ff00ff00</color><width>3</width></LineStyle></Style><LineString><coordinates>-70.65757451738662,-34.140849299714965,0 -70.65771,-34.1420416,0</coordinates></LineString></Placemark><Placemark><name>Trabajado - Cuartel 318 - Hilera 374</name><Style><LineStyle><color>ff00ff00</color><width>3</width></LineStyle></Style><LineString><coordinates>-70.6573466,-34.14103,0 -70.657565,-34.1420966,0</coordinates></LineString></Placemark><Placemark><name>Trabajado - Cuartel 318 - Hilera 375</name><Style><LineStyle><color>ff00ff00</color><width>3</width></LineStyle></Style><LineString><coordinates>-70.6575283,-34.1421266,0 -70.6574183,-34.1409883,0</coordinates></LineString></Placemark><Placemark><name>Trabajado - Cuartel 318 - Hilera 377</name><Style><LineStyle><color>ff00ff00</color><width>3</width></LineStyle></Style><LineString><coordinates>-70.65710609397271,-34.14089559353973,0 -70.65736,-34.1421283,0</coordinates></LineString></Placemark><Placemark><name>Trabajado - Cuartel 318 - Hilera 380</name><Style><LineStyle><color>ff00ff00</color><width>3</width></LineStyle></Style><LineString><coordinates>-70.6571466,-34.1421433,0 -70.6569933,-34.141065,0</coordinates></LineString></Placemark><Placemark><name>Trabajado - Cuartel 318 - Hilera 383</name><Style><LineStyle><color>ff00ff00</color><width>3</width></LineStyle></Style><LineString><coordinates>-70.6611699,-34.1404783,0 -70.66135,-34.141075,0</coordinates></LineString></Placemark><Placemark><name>Trabajado - Cuartel 318 - Hilera 384</name><Style><LineStyle><color>ff00ff00</color><width>3</width></LineStyle></Style><LineString><coordinates>-70.66135,-34.141075,0 -70.6612816,-34.141145,0</coordinates></LineString></Placemark><Placemark><name>Trabajado - Cuartel 318 - Hilera 385</name><Style><LineStyle><color>ff00ff00</color><width>3</width></LineStyle></Style><LineString><coordinates>-70.6612816,-34.141145,0 -70.6612883,-34.1410533,0</coordinates></LineString></Placemark><Placemark><name>Trabajado - Cuartel 318 - Hilera 386</name><Style><LineStyle><color>ff00ff00</color><width>3</width></LineStyle></Style><LineString><coordinates>-70.6613366,-34.141115,0 -70.6614333,-34.14107,0</coordinates></LineString></Placemark><Placemark><name>Trabajado - Cuartel 318 - Hilera 387</name><Style><LineStyle><color>ff00ff00</color><width>3</width></LineStyle></Style><LineString><coordinates>-70.6614333,-34.14107,0 -70.6613783,-34.14123,0</coordinates></LineString></Placemark><Placemark><name>Trabajado - Cuartel 318 - Hilera 388</name><Style><LineStyle><color>ff00ff00</color><width>3</width></LineStyle></Style><LineString><coordinates>-70.6614483,-34.1413383,0 -70.66193114625058,-34.141398717515834,0</coordinates></LineString></Placemark><Placemark><name>Trabajado - Cuartel 318 - Hilera 389</name><Style><LineStyle><color>ff00ff00</color><width>3</width></LineStyle></Style><LineString><coordinates>-70.661725,-34.1413616,0 -70.661505,-34.1413633,0</coordinates></LineString></Placemark><Placemark><name>Trabajado - Cuartel 318 - Hilera 390</name><Style><LineStyle><color>ff00ff00</color><width>3</width></LineStyle></Style><LineString><coordinates>-70.661505,-34.1413633,0 -70.6612066,-34.1405033,0</coordinates></LineString></Placemark><Placemark><name>Trabajado - Cuartel 318 - Hilera 438</name><Style><LineStyle><color>ff00ff00</color><width>3</width></LineStyle></Style><LineString><coordinates>-70.6611869781028,-34.14041878885611,0 -70.661390194765,-34.14122177262766,0</coordinates></LineString></Placemark><Placemark><name>Trabajado - Cuartel 318 - Hilera 439</name><Style><LineStyle><color>ff00ff00</color><width>3</width></LineStyle></Style><LineString><coordinates>-70.66137719844379,-34.140865871592375,0 -70.66135343789752,-34.14122608147355,0</coordinates></LineString></Placemark><Placemark><name>Trabajado - Cuartel 318 - Hilera 440</name><Style><LineStyle><color>ff00ff00</color><width>3</width></LineStyle></Style><LineString><coordinates>-70.66136,-34.1411266,0 -70.6614816,-34.141305,0</coordinates></LineString></Placemark><Placemark><name>Trabajado - Cuartel 318 - Hilera 441</name><Style><LineStyle><color>ff00ff00</color><width>3</width></LineStyle></Style><LineString><coordinates>-70.6614816,-34.141305,0 -70.661615,-34.1413116,0</coordinates></LineString></Placemark><Placemark><name>Trabajado - Cuartel 318 - Hilera 442</name><Style><LineStyle><color>ff00ff00</color><width>3</width></LineStyle></Style><LineString><coordinates>-70.66181658780067,-34.14138332351495,0 -70.6613716,-34.141225,0</coordinates></LineString></Placemark><Placemark><name>Trabajado - Cuartel 318 - Hilera 484</name><Style><LineStyle><color>ff00ff00</color><width>3</width></LineStyle></Style><LineString><coordinates>-70.6613716,-34.1410816,0 -70.661175,-34.1404449,0</coordinates></LineString></Placemark><Placemark><name>Trabajado - Cuartel 318 - Hilera 538</name><Style><LineStyle><color>ff00ff00</color><width>3</width></LineStyle></Style><LineString><coordinates>-70.6615666,-34.14134,0 -70.6618266,-34.1414399,0</coordinates></LineString></Placemark><Placemark><name>Trabajado - Cuartel 318 - Hilera 539</name><Style><LineStyle><color>ff00ff00</color><width>3</width></LineStyle></Style><LineString><coordinates>-70.6618266,-34.1414399,0 -70.6619283,-34.1413933,0</coordinates></LineString></Placemark><Placemark><name>Trabajado - Cuartel 318 - Hilera 574</name><Style><LineStyle><color>ff00ff00</color><width>3</width></LineStyle></Style><LineString><coordinates>-70.66128,-34.1409799,0 -70.6613749,-34.141025,0</coordinates></LineString></Placemark><Placemark><name>Trabajado - Cuartel 318 - Hilera 575</name><Style><LineStyle><color>ff00ff00</color><width>3</width></LineStyle></Style><LineString><coordinates>-70.6613749,-34.141025,0 -70.661415,-34.1412733,0</coordinates></LineString></Placemark><Placemark><name>Trabajado - Cuartel 318 - Hilera 576</name><Style><LineStyle><color>ff00ff00</color><width>3</width></LineStyle></Style><LineString><coordinates>-70.661415,-34.1412733,0 -70.6617833,-34.1414,0</coordinates></LineString></Placemark><Placemark><name>Trabajado - Cuartel 318 - Hilera 577</name><Style><LineStyle><color>ff00ff00</color><width>3</width></LineStyle></Style><LineString><coordinates>-70.6617833,-34.1414,0 -70.6618249,-34.1414833,0</coordinates></LineString></Placemark><Placemark><name>Trabajado - Cuartel 318 - Hilera 578</name><Style><LineStyle><color>ff00ff00</color><width>3</width></LineStyle></Style><LineString><coordinates>-70.6618249,-34.1414833,0 -70.6616116,-34.1414066,0</coordinates></LineString></Placemark><Placemark><name>Trabajado - Cuartel 318 - Hilera 586</name><Style><LineStyle><color>ff00ff00</color><width>3</width></LineStyle></Style><LineString><coordinates>-70.6616516,-34.1413433,0 -70.6613683,-34.141075,0</coordinates></LineString></Placemark><Placemark><name>Trabajado - Cuartel 318 - Hilera 641</name><Style><LineStyle><color>ff00ff00</color><width>3</width></LineStyle></Style><LineString><coordinates>-70.66132447577687,-34.1410160350506,0 -70.66151614573762,-34.140966393909686,0</coordinates></LineString></Placemark><Placemark><name>Trabajado - Cuartel 318 - Hilera 642</name><Style><LineStyle><color>ff00ff00</color><width>3</width></LineStyle></Style><LineString><coordinates>-70.6613316,-34.1410349,0 -70.6613683,-34.1409216,0</coordinates></LineString></Placemark><Placemark><name>Trabajado - Cuartel 318 - Hilera 724</name><Style><LineStyle><color>ff00ff00</color><width>3</width></LineStyle></Style><LineString><coordinates>-70.6613266,-34.14102,0 -70.661565,-34.1413483,0</coordinates></LineString></Placemark><Placemark><name>Trabajado - Cuartel 318 - Hilera 785</name><Style><LineStyle><color>ff00ff00</color><width>3</width></LineStyle></Style><LineString><coordinates>-70.6613033,-34.1409766,0 -70.6614116,-34.1409683,0</coordinates></LineString></Placemark><Placemark><name>Trabajado - Cuartel 318 - Hilera 797</name><Style><LineStyle><color>ff00ff00</color><width>3</width></LineStyle></Style><LineString><coordinates>-70.66151,-34.1409466,0 -70.6614283,-34.1410066,0</coordinates></LineString></Placemark><Placemark><name>Trabajado - Cuartel 318 - Hilera 798</name><Style><LineStyle><color>ff00ff00</color><width>3</width></LineStyle></Style><LineString><coordinates>-70.6614283,-34.1410066,0 -70.6614316,-34.1408916,0</coordinates></LineString></Placemark><Placemark><name>Trabajado - Cuartel 318 - Hilera 799</name><Style><LineStyle><color>ff00ff00</color><width>3</width></LineStyle></Style><LineString><coordinates>-70.6614316,-34.1408916,0 -70.6613349,-34.1409333,0</coordinates></LineString></Placemark><Placemark><name>Trabajado - Cuartel 318 - Hilera 800</name><Style><LineStyle><color>ff00ff00</color><width>3</width></LineStyle></Style><LineString><coordinates>-70.661315,-34.14091,0 -70.661405,-34.1408583,0</coordinates></LineString></Placemark><Placemark><name>Trabajado - Cuartel 318 - Hilera 801</name><Style><LineStyle><color>ff00ff00</color><width>3</width></LineStyle></Style><LineString><coordinates>-70.661405,-34.1408583,0 -70.661445,-34.1409433,0</coordinates></LineString></Placemark><Placemark><name>Trabajado - Cuartel 318 - Hilera 802</name><Style><LineStyle><color>ff00ff00</color><width>3</width></LineStyle></Style><LineString><coordinates>-70.661445,-34.1409433,0 -70.661345,-34.1409799,0</coordinates></LineString></Placemark><Placemark><name>Trabajado - Cuartel 318 - Hilera 803</name><Style><LineStyle><color>ff00ff00</color><width>3</width></LineStyle></Style><LineString><coordinates>-70.6613633,-34.140865,0 -70.6612933,-34.14082,0</coordinates></LineString></Placemark><Placemark><name>Trabajado - Cuartel 318 - Hilera 804</name><Style><LineStyle><color>ff00ff00</color><width>3</width></LineStyle></Style><LineString><coordinates>-70.6613649,-34.1412733,0 -70.66192892023734,-34.14140809844602,0</coordinates></LineString></Placemark><Placemark><name>Trabajado - Cuartel 318 - Hilera 805</name><Style><LineStyle><color>ff00ff00</color><width>3</width></LineStyle></Style><LineString><coordinates>-70.6616716,-34.1413466,0 -70.66139,-34.1411833,0</coordinates></LineString></Placemark><Placemark><name>Trabajado - Cuartel 318 - Hilera 848</name><Style><LineStyle><color>ff00ff00</color><width>3</width></LineStyle></Style><LineString><coordinates>-70.6613616,-34.1407683,0 -70.6620316,-34.1407866,0</coordinates></LineString></Placemark><Placemark><name>Trabajado - Cuartel 318 - Hilera 849</name><Style><LineStyle><color>ff00ff00</color><width>3</width></LineStyle></Style><LineString><coordinates>-70.66202259848457,-34.14075098837084,0 -70.6622233,-34.141545,0</coordinates></LineString></Placemark><Placemark><name>Trabajado - Cuartel 318 - Hilera 857</name><Style><LineStyle><color>ff00ff00</color><width>3</width></LineStyle></Style><LineString><coordinates>-70.6619949,-34.1407549,0 -70.66142229353783,-34.14083500015621,0</coordinates></LineString></Placemark><Placemark><name>Trabajado - Cuartel 318 - Hilera 858</name><Style><LineStyle><color>ff00ff00</color><width>3</width></LineStyle></Style><LineString><coordinates>-70.6614,-34.1408683,0 -70.6613933,-34.1412916,0</coordinates></LineString></Placemark><Placemark><name>Trabajado - Cuartel 318 - Hilera 859</name><Style><LineStyle><color>ff00ff00</color><width>3</width></LineStyle></Style><LineString><coordinates>-70.6613933,-34.1412916,0 -70.661725,-34.1414166,0</coordinates></LineString></Placemark><Placemark><name>Trabajado - Cuartel 318 - Hilera 860</name><Style><LineStyle><color>ff00ff00</color><width>3</width></LineStyle></Style><LineString><coordinates>-70.661725,-34.1414166,0 -70.66179,-34.1413433,0</coordinates></LineString></Placemark><Placemark><name>Trabajado - Cuartel 318 - Hilera 861</name><Style><LineStyle><color>ff00ff00</color><width>3</width></LineStyle></Style><LineString><coordinates>-70.66179,-34.1413433,0 -70.6613649,-34.1412266,0</coordinates></LineString></Placemark><Placemark><name>Trabajado - Cuartel 318 - Hilera 874</name><Style><LineStyle><color>ff00ff00</color><width>3</width></LineStyle></Style><LineString><coordinates>-70.6622033,-34.1415316,0 -70.66197,-34.1407516,0</coordinates></LineString></Placemark><Placemark><name>Trabajado - Cuartel 318 - Hilera 875</name><Style><LineStyle><color>ff00ff00</color><width>3</width></LineStyle></Style><LineString><coordinates>-70.6613883,-34.1412183,0 -70.6616783,-34.14141,0</coordinates></LineString></Placemark><Placemark><name>Trabajado - Cuartel 318 - Hilera 876</name><Style><LineStyle><color>ff00ff00</color><width>3</width></LineStyle></Style><LineString><coordinates>-70.6616783,-34.14141,0 -70.6614649,-34.1413683,0</coordinates></LineString></Placemark><Placemark><name>Trabajado - Cuartel 318 - Hilera 877</name><Style><LineStyle><color>ff00ff00</color><width>3</width></LineStyle></Style><LineString><coordinates>-70.6613433,-34.1408183,0 -70.661425,-34.14077,0</coordinates></LineString></Placemark><Placemark><name>Trabajado - Cuartel 318 - Hilera 878</name><Style><LineStyle><color>ff00ff00</color><width>3</width></LineStyle></Style><LineString><coordinates>-70.66135673820004,-34.14075277821871,0 -70.6614199,-34.1414533,0</coordinates></LineString></Placemark><Placemark><name>Trabajado - Cuartel 318 - Hilera 879</name><Style><LineStyle><color>ff00ff00</color><width>3</width></LineStyle></Style><LineString><coordinates>-70.6614199,-34.1414533,0 -70.6615383,-34.1416483,0</coordinates></LineString></Placemark><Placemark><name>Descartado (grupo chico) - Hilera 321</name><Style><LineStyle><color>ff00ffff</color><width>3</width></LineStyle></Style><LineString><coordinates>-70.6611433,-34.14045,0 -70.6609416,-34.14042,0</coordinates></LineString></Placemark><Placemark><name>Descartado (grupo chico) - Hilera 327</name><Style><LineStyle><color>ff00ffff</color><width>3</width></LineStyle></Style><LineString><coordinates>-70.660715,-34.1404666,0 -70.6605166,-34.1407316,0</coordinates></LineString></Placemark><Placemark><name>Descartado (grupo chico) - Hilera 329</name><Style><LineStyle><color>ff00ffff</color><width>3</width></LineStyle></Style><LineString><coordinates>-70.6606966,-34.1416233,0 -70.6608033,-34.1416666,0</coordinates></LineString></Placemark><Placemark><name>Descartado (grupo chico) - Hilera 334</name><Style><LineStyle><color>ff00ffff</color><width>3</width></LineStyle></Style><LineString><coordinates>-70.6603683,-34.1405633,0 -70.6600483,-34.1407633,0</coordinates></LineString></Placemark><Placemark><name>Descartado (grupo chico) - Hilera 336</name><Style><LineStyle><color>ff00ffff</color><width>3</width></LineStyle></Style><LineString><coordinates>-70.6602233,-34.1416566,0 -70.6602883,-34.1415983,0</coordinates></LineString></Placemark><Placemark><name>Descartado (grupo chico) - Hilera 338</name><Style><LineStyle><color>ff00ffff</color><width>3</width></LineStyle></Style><LineString><coordinates>-70.6601466,-34.1406983,0 -70.659835,-34.1405966,0</coordinates></LineString></Placemark><Placemark><name>Descartado (grupo chico) - Hilera 342</name><Style><LineStyle><color>ff00ffff</color><width>3</width></LineStyle></Style><LineString><coordinates>-70.6600033,-34.140835,0 -70.6596133,-34.1407266,0</coordinates></LineString></Placemark><Placemark><name>Trabajado - Cuartel 345 - Hilera 345</name><Style><LineStyle><color>ff00ff00</color><width>3</width></LineStyle></Style><LineString><coordinates>-70.6595283,-34.1406016,0 -70.65942,-34.1406066,0</coordinates></LineString></Placemark><Placemark><name>Trabajado - Cuartel 345 - Hilera 351</name><Style><LineStyle><color>ff00ff00</color><width>3</width></LineStyle></Style><LineString><coordinates>-70.6590833,-34.1406383,0 -70.6589666,-34.1406416,0</coordinates></LineString></Placemark><Placemark><name>Trabajado - Cuartel 345 - Hilera 354</name><Style><LineStyle><color>ff00ff00</color><width>3</width></LineStyle></Style><LineString><coordinates>-70.6589833,-34.1407166,0 -70.6586766,-34.14072,0</coordinates></LineString></Placemark><Placemark><name>Trabajado - Cuartel 345 - Hilera 382</name><Style><LineStyle><color>ff00ff00</color><width>3</width></LineStyle></Style><LineString><coordinates>-70.6570716,-34.1409416,0 -70.6611699,-34.1404783,0</coordinates></LineString></Placemark><Placemark><name>Trabajado - Cuartel 345 - Hilera 392</name><Style><LineStyle><color>ff00ff00</color><width>3</width></LineStyle></Style><LineString><coordinates>-70.6611740880585,-34.14043938562026,0 -70.6568633,-34.1409283,0</coordinates></LineString></Placemark><Placemark><name>Trabajado - Cuartel 345 - Hilera 437</name><Style><LineStyle><color>ff00ff00</color><width>3</width></LineStyle></Style><LineString><coordinates>-70.656915,-34.1409233,0 -70.6611783,-34.1404683,0</coordinates></LineString></Placemark><Placemark><name>Trabajado - Cuartel 345 - Hilera 443</name><Style><LineStyle><color>ff00ff00</color><width>3</width></LineStyle></Style><LineString><coordinates>-70.66118,-34.14042,0 -70.6568733,-34.1408783,0</coordinates></LineString></Placemark><Placemark><name>Descartado (grupo chico) - Hilera 346</name><Style><LineStyle><color>ff00ffff</color><width>3</width></LineStyle></Style><LineString><coordinates>-70.65942,-34.1406066,0 -70.6593766,-34.140785,0</coordinates></LineString></Placemark><Placemark><name>Descartado (grupo chico) - Hilera 349</name><Style><LineStyle><color>ff00ffff</color><width>3</width></LineStyle></Style><LineString><coordinates>-70.6594466,-34.14069,0 -70.6591566,-34.1408216,0</coordinates></LineString></Placemark><Placemark><name>Trabajado - Cuartel 356 - Hilera 356</name><Style><LineStyle><color>ff00ff00</color><width>3</width></LineStyle></Style><LineString><coordinates>-70.658665,-34.140705,0 -70.6584566,-34.1408066,0</coordinates></LineString></Placemark><Placemark><name>Trabajado - Cuartel 356 - Hilera 363</name><Style><LineStyle><color>ff00ff00</color><width>3</width></LineStyle></Style><LineString><coordinates>-70.6583416,-34.1407683,0 -70.6580233,-34.1410383,0</coordinates></LineString></Placemark><Placemark><name>Trabajado - Cuartel 356 - Hilera 367</name><Style><LineStyle><color>ff00ff00</color><width>3</width></LineStyle></Style><LineString><coordinates>-70.65808,-34.1409066,0 -70.6578216,-34.1410333,0</coordinates></LineString></Placemark><Placemark><name>Trabajado - Cuartel 356 - Hilera 371</name><Style><LineStyle><color>ff00ff00</color><width>3</width></LineStyle></Style><LineString><coordinates>-70.657855,-34.140845,0 -70.6576083,-34.1411466,0</coordinates></LineString></Placemark><Placemark><name>Trabajado - Cuartel 356 - Hilera 373</name><Style><LineStyle><color>ff00ff00</color><width>3</width></LineStyle></Style><LineString><coordinates>-70.657545,-34.1408516,0 -70.6573466,-34.14103,0</coordinates></LineString></Placemark><Placemark><name>Trabajado - Cuartel 356 - Hilera 381</name><Style><LineStyle><color>ff00ff00</color><width>3</width></LineStyle></Style><LineString><coordinates>-70.6569933,-34.141065,0 -70.6570716,-34.1409416,0</coordinates></LineString></Placemark><Placemark><name>Descartado (grupo chico) - Hilera 359</name><Style><LineStyle><color>ff00ffff</color><width>3</width></LineStyle></Style><LineString><coordinates>-70.6585666,-34.1409783,0 -70.6582383,-34.1407583,0</coordinates></LineString></Placemark><Placemark><name>Descartado (grupo chico) - Hilera 361</name><Style><LineStyle><color>ff00ffff</color><width>3</width></LineStyle></Style><LineString><coordinates>-70.6584016,-34.1418266,0 -70.6585133,-34.1418716,0</coordinates></LineString></Placemark><Placemark><name>Descartado (grupo chico) - Hilera 365</name><Style><LineStyle><color>ff00ffff</color><width>3</width></LineStyle></Style><LineString><coordinates>-70.6581816,-34.1419816,0 -70.6582516,-34.14184,0</coordinates></LineString></Placemark><Placemark><name>Descartado (grupo chico) - Hilera 369</name><Style><LineStyle><color>ff00ffff</color><width>3</width></LineStyle></Style><LineString><coordinates>-70.6579566,-34.1419433,0 -70.6580233,-34.1418433,0</coordinates></LineString></Placemark><Placemark><name>Descartado (grupo chico) - Hilera 376</name><Style><LineStyle><color>ff00ffff</color><width>3</width></LineStyle></Style><LineString><coordinates>-70.6574183,-34.1409883,0 -70.65683701879107,-34.1409079571879,0</coordinates></LineString></Placemark><Placemark><name>Descartado (grupo chico) - Hilera 378</name><Style><LineStyle><color>ff00ffff</color><width>3</width></LineStyle></Style><LineString><coordinates>-70.6570749,-34.1409,0 -70.6568783,-34.140955,0</coordinates></LineString></Placemark><Placemark><name>Trabajado - Cuartel 379 - Hilera 379</name><Style><LineStyle><color>ff00ff00</color><width>3</width></LineStyle></Style><LineString><coordinates>-70.65661898486667,-34.139806493951035,0 -70.6571466,-34.1421433,0</coordinates></LineString></Placemark><Placemark><name>Trabajado - Cuartel 379 - Hilera 399</name><Style><LineStyle><color>ff00ff00</color><width>3</width></LineStyle></Style><LineString><coordinates>-70.6518999,-34.14051,0 -70.6522533,-34.1426933,0</coordinates></LineString></Placemark><Placemark><name>Trabajado - Cuartel 379 - Hilera 401</name><Style><LineStyle><color>ff00ff00</color><width>3</width></LineStyle></Style><LineString><coordinates>-70.6523533,-34.142585,0 -70.6519783,-34.1403433,0</coordinates></LineString></Placemark><Placemark><name>Trabajado - Cuartel 379 - Hilera 403</name><Style><LineStyle><color>ff00ff00</color><width>3</width></LineStyle></Style><LineString><coordinates>-70.6521,-34.1404633,0 -70.6525716,-34.1427283,0</coordinates></LineString></Placemark><Placemark><name>Trabajado - Cuartel 379 - Hilera 404</name><Style><LineStyle><color>ff00ff00</color><width>3</width></LineStyle></Style><LineString><coordinates>-70.6525716,-34.1427283,0 -70.6521716,-34.1403866,0</coordinates></LineString></Placemark><Placemark><name>Trabajado - Cuartel 379 - Hilera 406</name><Style><LineStyle><color>ff00ff00</color><width>3</width></LineStyle></Style><LineString><coordinates>-70.6519183,-34.1404083,0 -70.651945,-34.142295,0</coordinates></LineString></Placemark><Placemark><name>Trabajado - Cuartel 379 - Hilera 407</name><Style><LineStyle><color>ff00ff00</color><width>3</width></LineStyle></Style><LineString><coordinates>-70.651945,-34.142295,0 -70.6521,-34.1428033,0</coordinates></LineString></Placemark><Placemark><name>Trabajado - Cuartel 379 - Hilera 408</name><Style><LineStyle><color>ff00ff00</color><width>3</width></LineStyle></Style><LineString><coordinates>-70.6521,-34.1428033,0 -70.6518333,-34.1412633,0</coordinates></LineString></Placemark><Placemark><name>Trabajado - Cuartel 379 - Hilera 409</name><Style><LineStyle><color>ff00ff00</color><width>3</width></LineStyle></Style><LineString><coordinates>-70.6518333,-34.1412633,0 -70.6517016,-34.1428316,0</coordinates></LineString></Placemark><Placemark><name>Trabajado - Cuartel 379 - Hilera 411</name><Style><LineStyle><color>ff00ff00</color><width>3</width></LineStyle></Style><LineString><coordinates>-70.6518416,-34.1428416,0 -70.6518683,-34.1405116,0</coordinates></LineString></Placemark><Placemark><name>Trabajado - Cuartel 379 - Hilera 413</name><Style><LineStyle><color>ff00ff00</color><width>3</width></LineStyle></Style><LineString><coordinates>-70.6522099,-34.140265,0 -70.6526833,-34.1426083,0</coordinates></LineString></Placemark><Placemark><name>Trabajado - Cuartel 379 - Hilera 415</name><Style><LineStyle><color>ff00ff00</color><width>3</width></LineStyle></Style><LineString><coordinates>-70.6528133,-34.1427266,0 -70.6523916,-34.1403016,0</coordinates></LineString></Placemark><Placemark><name>Trabajado - Cuartel 379 - Hilera 417</name><Style><LineStyle><color>ff00ff00</color><width>3</width></LineStyle></Style><LineString><coordinates>-70.652465,-34.1402333,0 -70.6529183,-34.1426666,0</coordinates></LineString></Placemark><Placemark><name>Trabajado - Cuartel 379 - Hilera 419</name><Style><LineStyle><color>ff00ff00</color><width>3</width></LineStyle></Style><LineString><coordinates>-70.6529866,-34.1425933,0 -70.652595,-34.1402333,0</coordinates></LineString></Placemark><Placemark><name>Trabajado - Cuartel 379 - Hilera 421</name><Style><LineStyle><color>ff00ff00</color><width>3</width></LineStyle></Style><LineString><coordinates>-70.65269,-34.1401883,0 -70.65302504570978,-34.14180564162433,0</coordinates></LineString></Placemark><Placemark><name>Trabajado - Cuartel 379 - Hilera 423</name><Style><LineStyle><color>ff00ff00</color><width>3</width></LineStyle></Style><LineString><coordinates>-70.653145,-34.1426183,0 -70.6528099,-34.1402333,0</coordinates></LineString></Placemark><Placemark><name>Trabajado - Cuartel 379 - Hilera 425</name><Style><LineStyle><color>ff00ff00</color><width>3</width></LineStyle></Style><LineString><coordinates>-70.6528783,-34.1401633,0 -70.65341499443525,-34.14255402975709,0</coordinates></LineString></Placemark><Placemark><name>Trabajado - Cuartel 379 - Hilera 428</name><Style><LineStyle><color>ff00ff00</color><width>3</width></LineStyle></Style><LineString><coordinates>-70.6534716,-34.1426233,0 -70.6530549,-34.140185,0</coordinates></LineString></Placemark><Placemark><name>Trabajado - Cuartel 379 - Hilera 431</name><Style><LineStyle><color>ff00ff00</color><width>3</width></LineStyle></Style><LineString><coordinates>-70.653195,-34.1402633,0 -70.6535983,-34.1425233,0</coordinates></LineString></Placemark><Placemark><name>Trabajado - Cuartel 379 - Hilera 433</name><Style><LineStyle><color>ff00ff00</color><width>3</width></LineStyle></Style><LineString><coordinates>-70.653695,-34.14253,0 -70.6533166,-34.1402766,0</coordinates></LineString></Placemark><Placemark><name>Trabajado - Cuartel 379 - Hilera 449</name><Style><LineStyle><color>ff00ff00</color><width>3</width></LineStyle></Style><LineString><coordinates>-70.6534116,-34.1401266,0 -70.653835,-34.1425066,0</coordinates></LineString></Placemark><Placemark><name>Trabajado - Cuartel 379 - Hilera 451</name><Style><LineStyle><color>ff00ff00</color><width>3</width></LineStyle></Style><LineString><coordinates>-70.6538866,-34.1425216,0 -70.6535466,-34.1402266,0</coordinates></LineString></Placemark><Placemark><name>Trabajado - Cuartel 379 - Hilera 453</name><Style><LineStyle><color>ff00ff00</color><width>3</width></LineStyle></Style><LineString><coordinates>-70.653665,-34.1401666,0 -70.6540433,-34.1424299,0</coordinates></LineString></Placemark><Placemark><name>Trabajado - Cuartel 379 - Hilera 455</name><Style><LineStyle><color>ff00ff00</color><width>3</width></LineStyle></Style><LineString><coordinates>-70.65414,-34.14242,0 -70.6537583,-34.1400616,0</coordinates></LineString></Placemark><Placemark><name>Trabajado - Cuartel 379 - Hilera 456</name><Style><LineStyle><color>ff00ff00</color><width>3</width></LineStyle></Style><LineString><coordinates>-70.6537583,-34.1400616,0 -70.6542983,-34.14244,0</coordinates></LineString></Placemark><Placemark><name>Trabajado - Cuartel 379 - Hilera 458</name><Style><LineStyle><color>ff00ff00</color><width>3</width></LineStyle></Style><LineString><coordinates>-70.6543866,-34.1423783,0 -70.653945,-34.1401133,0</coordinates></LineString></Placemark><Placemark><name>Trabajado - Cuartel 379 - Hilera 460</name><Style><LineStyle><color>ff00ff00</color><width>3</width></LineStyle></Style><LineString><coordinates>-70.6541133,-34.1401733,0 -70.6545249,-34.1424233,0</coordinates></LineString></Placemark><Placemark><name>Trabajado - Cuartel 379 - Hilera 461</name><Style><LineStyle><color>ff00ff00</color><width>3</width></LineStyle></Style><LineString><coordinates>-70.6545249,-34.1424233,0 -70.6542016,-34.140175,0</coordinates></LineString></Placemark><Placemark><name>Trabajado - Cuartel 379 - Hilera 464</name><Style><LineStyle><color>ff00ff00</color><width>3</width></LineStyle></Style><LineString><coordinates>-70.6542916,-34.1400366,0 -70.65454060179869,-34.14130471446895,0</coordinates></LineString></Placemark><Placemark><name>Trabajado - Cuartel 379 - Hilera 465</name><Style><LineStyle><color>ff00ff00</color><width>3</width></LineStyle></Style><LineString><coordinates>-70.65451323418712,-34.14121763714952,0 -70.6546766,-34.142305,0</coordinates></LineString></Placemark><Placemark><name>Trabajado - Cuartel 379 - Hilera 467</name><Style><LineStyle><color>ff00ff00</color><width>3</width></LineStyle></Style><LineString><coordinates>-70.654815,-34.1423116,0 -70.6544383,-34.1399716,0</coordinates></LineString></Placemark><Placemark><name>Trabajado - Cuartel 379 - Hilera 469</name><Style><LineStyle><color>ff00ff00</color><width>3</width></LineStyle></Style><LineString><coordinates>-70.65465,-34.1401933,0 -70.6548283,-34.1410016,0</coordinates></LineString></Placemark><Placemark><name>Trabajado - Cuartel 379 - Hilera 470</name><Style><LineStyle><color>ff00ff00</color><width>3</width></LineStyle></Style><LineString><coordinates>-70.6548283,-34.1410016,0 -70.6550283,-34.1423616,0</coordinates></LineString></Placemark><Placemark><name>Trabajado - Cuartel 379 - Hilera 472</name><Style><LineStyle><color>ff00ff00</color><width>3</width></LineStyle></Style><LineString><coordinates>-70.6551349,-34.14232,0 -70.65472,-34.1400649,0</coordinates></LineString></Placemark><Placemark><name>Trabajado - Cuartel 379 - Hilera 474</name><Style><LineStyle><color>ff00ff00</color><width>3</width></LineStyle></Style><LineString><coordinates>-70.6548233,-34.13997,0 -70.6553583,-34.14237,0</coordinates></LineString></Placemark><Placemark><name>Trabajado - Cuartel 379 - Hilera 475</name><Style><LineStyle><color>ff00ff00</color><width>3</width></LineStyle></Style><LineString><coordinates>-70.6553583,-34.14237,0 -70.6549433,-34.140095,0</coordinates></LineString></Placemark><Placemark><name>Trabajado - Cuartel 379 - Hilera 477</name><Style><LineStyle><color>ff00ff00</color><width>3</width></LineStyle></Style><LineString><coordinates>-70.6550916,-34.1399766,0 -70.6551533,-34.1403416,0</coordinates></LineString></Placemark><Placemark><name>Trabajado - Cuartel 379 - Hilera 478</name><Style><LineStyle><color>ff00ff00</color><width>3</width></LineStyle></Style><LineString><coordinates>-70.6551533,-34.1403416,0 -70.6554533,-34.1423316,0</coordinates></LineString></Placemark><Placemark><name>Trabajado - Cuartel 379 - Hilera 480</name><Style><LineStyle><color>ff00ff00</color><width>3</width></LineStyle></Style><LineString><coordinates>-70.6555466,-34.1421566,0 -70.6551833,-34.1399849,0</coordinates></LineString></Placemark><Placemark><name>Trabajado - Cuartel 379 - Hilera 487</name><Style><LineStyle><color>ff00ff00</color><width>3</width></LineStyle></Style><LineString><coordinates>-70.6550733,-34.1399683,0 -70.6550599,-34.140075,0</coordinates></LineString></Placemark><Placemark><name>Trabajado - Cuartel 379 - Hilera 488</name><Style><LineStyle><color>ff00ff00</color><width>3</width></LineStyle></Style><LineString><coordinates>-70.6550599,-34.140075,0 -70.6550999,-34.1401866,0</coordinates></LineString></Placemark><Placemark><name>Trabajado - Cuartel 379 - Hilera 490</name><Style><LineStyle><color>ff00ff00</color><width>3</width></LineStyle></Style><LineString><coordinates>-70.65534,-34.140075,0 -70.6557316,-34.1422383,0</coordinates></LineString></Placemark><Placemark><name>Trabajado - Cuartel 379 - Hilera 492</name><Style><LineStyle><color>ff00ff00</color><width>3</width></LineStyle></Style><LineString><coordinates>-70.6558283,-34.1421899,0 -70.6554166,-34.1398966,0</coordinates></LineString></Placemark><Placemark><name>Trabajado - Cuartel 379 - Hilera 493</name><Style><LineStyle><color>ff00ff00</color><width>3</width></LineStyle></Style><LineString><coordinates>-70.6555266,-34.1398683,0 -70.6559066,-34.1422066,0</coordinates></LineString></Placemark><Placemark><name>Trabajado - Cuartel 379 - Hilera 495</name><Style><LineStyle><color>ff00ff00</color><width>3</width></LineStyle></Style><LineString><coordinates>-70.65607,-34.1422116,0 -70.6556416,-34.1398983,0</coordinates></LineString></Placemark><Placemark><name>Trabajado - Cuartel 379 - Hilera 498</name><Style><LineStyle><color>ff00ff00</color><width>3</width></LineStyle></Style><LineString><coordinates>-70.6557216,-34.1401516,0 -70.655985,-34.1411833,0</coordinates></LineString></Placemark><Placemark><name>Trabajado - Cuartel 379 - Hilera 499</name><Style><LineStyle><color>ff00ff00</color><width>3</width></LineStyle></Style><LineString><coordinates>-70.6559566,-34.141095,0 -70.6561516,-34.1421749,0</coordinates></LineString></Placemark><Placemark><name>Trabajado - Cuartel 379 - Hilera 500</name><Style><LineStyle><color>ff00ff00</color><width>3</width></LineStyle></Style><LineString><coordinates>-70.6561516,-34.1421749,0 -70.6558616,-34.1400916,0</coordinates></LineString></Placemark><Placemark><name>Trabajado - Cuartel 379 - Hilera 502</name><Style><LineStyle><color>ff00ff00</color><width>3</width></LineStyle></Style><LineString><coordinates>-70.6559933,-34.1399383,0 -70.6564042680991,-34.14220047575282,0</coordinates></LineString></Placemark><Placemark><name>Trabajado - Cuartel 379 - Hilera 507</name><Style><LineStyle><color>ff00ff00</color><width>3</width></LineStyle></Style><LineString><coordinates>-70.6565466,-34.1420783,0 -70.6560916,-34.1400016,0</coordinates></LineString></Placemark><Placemark><name>Trabajado - Cuartel 379 - Hilera 512</name><Style><LineStyle><color>ff00ff00</color><width>3</width></LineStyle></Style><LineString><coordinates>-70.65631,-34.1402299,0 -70.6565816,-34.1421816,0</coordinates></LineString></Placemark><Placemark><name>Trabajado - Cuartel 379 - Hilera 514</name><Style><LineStyle><color>ff00ff00</color><width>3</width></LineStyle></Style><LineString><coordinates>-70.656695,-34.1421716,0 -70.6563066,-34.1400933,0</coordinates></LineString></Placemark><Placemark><name>Trabajado - Cuartel 379 - Hilera 516</name><Style><LineStyle><color>ff00ff00</color><width>3</width></LineStyle></Style><LineString><coordinates>-70.6564266,-34.139815,0 -70.6569783,-34.1422433,0</coordinates></LineString></Placemark><Placemark><name>Trabajado - Cuartel 379 - Hilera 517</name><Style><LineStyle><color>ff00ff00</color><width>3</width></LineStyle></Style><LineString><coordinates>-70.6569783,-34.1422433,0 -70.6564983,-34.139875,0</coordinates></LineString></Placemark><Placemark><name>Descartado (grupo chico) - Hilera 391</name><Style><LineStyle><color>ff00ffff</color><width>3</width></LineStyle></Style><LineString><coordinates>-70.6611283,-34.140475,0 -70.65963,-34.1405883,0</coordinates></LineString></Placemark><Placemark><name>Trabajado - Cuartel 393 - Hilera 393</name><Style><LineStyle><color>ff00ff00</color><width>3</width></LineStyle></Style><LineString><coordinates>-70.65681,-34.1408883,0 -70.6566116,-34.1399883,0</coordinates></LineString></Placemark><Placemark><name>Trabajado - Cuartel 393 - Hilera 444</name><Style><LineStyle><color>ff00ff00</color><width>3</width></LineStyle></Style><LineString><coordinates>-70.6568733,-34.1408783,0 -70.65656,-34.1397116,0</coordinates></LineString></Placemark><Placemark><name>Trabajado - Cuartel 393 - Hilera 483</name><Style><LineStyle><color>ff00ff00</color><width>3</width></LineStyle></Style><LineString><coordinates>-70.6565383,-34.1397283,0 -70.6568383,-34.1409016,0</coordinates></LineString></Placemark><Placemark><name>Trabajado - Cuartel 393 - Hilera 485</name><Style><LineStyle><color>ff00ff00</color><width>3</width></LineStyle></Style><LineString><coordinates>-70.6567966,-34.1408066,0 -70.6566216,-34.139785,0</coordinates></LineString></Placemark><Placemark><name>Trabajado - Cuartel 393 - Hilera 496</name><Style><LineStyle><color>ff00ff00</color><width>3</width></LineStyle></Style><LineString><coordinates>-70.6556983,-34.13985,0 -70.65582486100492,-34.14019411271125,0</coordinates></LineString></Placemark><Placemark><name>Trabajado - Cuartel 393 - Hilera 509</name><Style><LineStyle><color>ff00ff00</color><width>3</width></LineStyle></Style><LineString><coordinates>-70.6562033,-34.1399333,0 -70.6562666,-34.1401533,0</coordinates></LineString></Placemark><Placemark><name>Descartado (grupo chico) - Hilera 394</name><Style><LineStyle><color>ff00ffff</color><width>3</width></LineStyle></Style><LineString><coordinates>-70.6566116,-34.1399883,0 -70.6561066,-34.1398116,0</coordinates></LineString></Placemark><Placemark><name>Descartado (grupo chico) - Hilera 482</name><Style><LineStyle><color>ff00ffff</color><width>3</width></LineStyle></Style><LineString><coordinates>-70.6552766,-34.1399116,0 -70.6565383,-34.1397283,0</coordinates></LineString></Placemark><Placemark><name>Descartado (grupo chico) - Hilera 486</name><Style><LineStyle><color>ff00ffff</color><width>3</width></LineStyle></Style><LineString><coordinates>-70.6565466,-34.1397466,0 -70.6550733,-34.1399683,0</coordinates></LineString></Placemark><Placemark><name>Descartado (grupo chico) - Hilera 511</name><Style><LineStyle><color>ff00ffff</color><width>3</width></LineStyle></Style><LineString><coordinates>-70.6562,-34.140225,0 -70.65631,-34.1402299,0</coordinates></LineString></Placemark><Placemark><name>Descartado (grupo chico) - Hilera 395</name><Style><LineStyle><color>ff00ffff</color><width>3</width></LineStyle></Style><LineString><coordinates>-70.65656053783127,-34.13975284996915,0 -70.6519466,-34.14035,0</coordinates></LineString></Placemark><Placemark><name>Descartado (grupo chico) - Hilera 463</name><Style><LineStyle><color>ff00ffff</color><width>3</width></LineStyle></Style><LineString><coordinates>-70.654095,-34.1400283,0 -70.6542916,-34.1400366,0</coordinates></LineString></Placemark><Placemark><name>Trabajado - Cuartel 396 - Hilera 396</name><Style><LineStyle><color>ff00ff00</color><width>3</width></LineStyle></Style><LineString><coordinates>-70.6519466,-34.14035,0 -70.6520333,-34.1402933,0</coordinates></LineString></Placemark><Placemark><name>Trabajado - Cuartel 396 - Hilera 397</name><Style><LineStyle><color>ff00ff00</color><width>3</width></LineStyle></Style><LineString><coordinates>-70.6520333,-34.1402933,0 -70.65187637062081,-34.14060135998223,0</coordinates></LineString></Placemark><Placemark><name>Trabajado - Cuartel 396 - Hilera 398</name><Style><LineStyle><color>ff00ff00</color><width>3</width></LineStyle></Style><LineString><coordinates>-70.6518533,-34.1405933,0 -70.65197647826251,-34.14037311224751,0</coordinates></LineString></Placemark><Placemark><name>Trabajado - Cuartel 396 - Hilera 412</name><Style><LineStyle><color>ff00ff00</color><width>3</width></LineStyle></Style><LineString><coordinates>-70.6518683,-34.1405116,0 -70.6522099,-34.140265,0</coordinates></LineString></Placemark><Placemark><name>Trabajado - Cuartel 396 - Hilera 416</name><Style><LineStyle><color>ff00ff00</color><width>3</width></LineStyle></Style><LineString><coordinates>-70.6523916,-34.1403016,0 -70.652465,-34.1402333,0</coordinates></LineString></Placemark><Placemark><name>Trabajado - Cuartel 396 - Hilera 420</name><Style><LineStyle><color>ff00ff00</color><width>3</width></LineStyle></Style><LineString><coordinates>-70.652595,-34.1402333,0 -70.65269,-34.1401883,0</coordinates></LineString></Placemark><Placemark><name>Trabajado - Cuartel 396 - Hilera 424</name><Style><LineStyle><color>ff00ff00</color><width>3</width></LineStyle></Style><LineString><coordinates>-70.6528099,-34.1402333,0 -70.6528783,-34.1401633,0</coordinates></LineString></Placemark><Placemark><name>Trabajado - Cuartel 396 - Hilera 446</name><Style><LineStyle><color>ff00ff00</color><width>3</width></LineStyle></Style><LineString><coordinates>-70.6532716,-34.1400866,0 -70.6531966,-34.140195,0</coordinates></LineString></Placemark><Placemark><name>Descartado (grupo chico) - Hilera 400</name><Style><LineStyle><color>ff00ffff</color><width>3</width></LineStyle></Style><LineString><coordinates>-70.6522533,-34.1426933,0 -70.6523533,-34.142585,0</coordinates></LineString></Placemark><Placemark><name>Descartado (grupo chico) - Hilera 418</name><Style><LineStyle><color>ff00ffff</color><width>3</width></LineStyle></Style><LineString><coordinates>-70.6529183,-34.1426666,0 -70.6529866,-34.1425933,0</coordinates></LineString></Placemark><Placemark><name>Descartado (grupo chico) - Hilera 402</name><Style><LineStyle><color>ff00ffff</color><width>3</width></LineStyle></Style><LineString><coordinates>-70.6519783,-34.1403433,0 -70.6521,-34.1404633,0</coordinates></LineString></Placemark><Placemark><name>Descartado (grupo chico) - Hilera 405</name><Style><LineStyle><color>ff00ffff</color><width>3</width></LineStyle></Style><LineString><coordinates>-70.6521716,-34.1403866,0 -70.6519183,-34.1404083,0</coordinates></LineString></Placemark><Placemark><name>Descartado (grupo chico) - Hilera 410</name><Style><LineStyle><color>ff00ffff</color><width>3</width></LineStyle></Style><LineString><coordinates>-70.6517016,-34.1428316,0 -70.6518416,-34.1428416,0</coordinates></LineString></Placemark><Placemark><name>Descartado (grupo chico) - Hilera 414</name><Style><LineStyle><color>ff00ffff</color><width>3</width></LineStyle></Style><LineString><coordinates>-70.6526833,-34.1426083,0 -70.6528133,-34.1427266,0</coordinates></LineString></Placemark><Placemark><name>Descartado (grupo chico) - Hilera 422</name><Style><LineStyle><color>ff00ffff</color><width>3</width></LineStyle></Style><LineString><coordinates>-70.65300429030061,-34.14171684725345,0 -70.653145,-34.1426183,0</coordinates></LineString></Placemark><Placemark><name>Descartado (grupo chico) - Hilera 426</name><Style><LineStyle><color>ff00ffff</color><width>3</width></LineStyle></Style><LineString><coordinates>-70.6531349,-34.1414966,0 -70.6532,-34.1415716,0</coordinates></LineString></Placemark><Placemark><name>Descartado (grupo chico) - Hilera 427</name><Style><LineStyle><color>ff00ffff</color><width>3</width></LineStyle></Style><LineString><coordinates>-70.6533983,-34.1425566,0 -70.6534716,-34.1426233,0</coordinates></LineString></Placemark><Placemark><name>Descartado (grupo chico) - Hilera 429</name><Style><LineStyle><color>ff00ffff</color><width>3</width></LineStyle></Style><LineString><coordinates>-70.6530549,-34.140185,0 -70.652945,-34.1401883,0</coordinates></LineString></Placemark><Placemark><name>Descartado (grupo chico) - Hilera 448</name><Style><LineStyle><color>ff00ffff</color><width>3</width></LineStyle></Style><LineString><coordinates>-70.6531916,-34.1401766,0 -70.6534116,-34.1401266,0</coordinates></LineString></Placemark><Placemark><name>Descartado (grupo chico) - Hilera 452</name><Style><LineStyle><color>ff00ffff</color><width>3</width></LineStyle></Style><LineString><coordinates>-70.6535466,-34.1402266,0 -70.653665,-34.1401666,0</coordinates></LineString></Placemark><Placemark><name>Descartado (grupo chico) - Hilera 430</name><Style><LineStyle><color>ff00ffff</color><width>3</width></LineStyle></Style><LineString><coordinates>-70.652945,-34.1401883,0 -70.653195,-34.1402633,0</coordinates></LineString></Placemark><Placemark><name>Descartado (grupo chico) - Hilera 432</name><Style><LineStyle><color>ff00ffff</color><width>3</width></LineStyle></Style><LineString><coordinates>-70.6535983,-34.1425233,0 -70.653695,-34.14253,0</coordinates></LineString></Placemark><Placemark><name>Descartado (grupo chico) - Hilera 450</name><Style><LineStyle><color>ff00ffff</color><width>3</width></LineStyle></Style><LineString><coordinates>-70.65388785588675,-34.14251082509086,0 -70.6537099,-34.1424966,0</coordinates></LineString></Placemark><Placemark><name>Descartado (grupo chico) - Hilera 454</name><Style><LineStyle><color>ff00ffff</color><width>3</width></LineStyle></Style><LineString><coordinates>-70.6540433,-34.1424299,0 -70.65414,-34.14242,0</coordinates></LineString></Placemark><Placemark><name>Descartado (grupo chico) - Hilera 434</name><Style><LineStyle><color>ff00ffff</color><width>3</width></LineStyle></Style><LineString><coordinates>-70.6533166,-34.1402766,0 -70.6532049,-34.1401449,0</coordinates></LineString></Placemark><Placemark><name>Descartado (grupo chico) - Hilera 435</name><Style><LineStyle><color>ff00ffff</color><width>3</width></LineStyle></Style><LineString><coordinates>-70.65655232916934,-34.139742552847075,0 -70.6566183,-34.1398066,0</coordinates></LineString></Placemark><Placemark><name>Descartado (grupo chico) - Hilera 436</name><Style><LineStyle><color>ff00ffff</color><width>3</width></LineStyle></Style><LineString><coordinates>-70.65678386221636,-34.140817419621115,0 -70.656915,-34.1409233,0</coordinates></LineString></Placemark><Placemark><name>Descartado (grupo chico) - Hilera 445</name><Style><LineStyle><color>ff00ffff</color><width>3</width></LineStyle></Style><LineString><coordinates>-70.65656,-34.1397116,0 -70.6532716,-34.1400866,0</coordinates></LineString></Placemark><Placemark><name>Descartado (grupo chico) - Hilera 447</name><Style><LineStyle><color>ff00ffff</color><width>3</width></LineStyle></Style><LineString><coordinates>-70.65319257310436,-34.14017645508584,0 -70.653265,-34.14051,0</coordinates></LineString></Placemark><Placemark><name>Descartado (grupo chico) - Hilera 457</name><Style><LineStyle><color>ff00ffff</color><width>3</width></LineStyle></Style><LineString><coordinates>-70.6542983,-34.14244,0 -70.6543866,-34.1423783,0</coordinates></LineString></Placemark><Placemark><name>Descartado (grupo chico) - Hilera 459</name><Style><LineStyle><color>ff00ffff</color><width>3</width></LineStyle></Style><LineString><coordinates>-70.653945,-34.1401133,0 -70.6541133,-34.1401733,0</coordinates></LineString></Placemark><Placemark><name>Descartado (grupo chico) - Hilera 462</name><Style><LineStyle><color>ff00ffff</color><width>3</width></LineStyle></Style><LineString><coordinates>-70.6542016,-34.140175,0 -70.654095,-34.1400283,0</coordinates></LineString></Placemark><Placemark><name>Descartado (grupo chico) - Hilera 468</name><Style><LineStyle><color>ff00ffff</color><width>3</width></LineStyle></Style><LineString><coordinates>-70.6544383,-34.1399716,0 -70.65465,-34.1401933,0</coordinates></LineString></Placemark><Placemark><name>Descartado (grupo chico) - Hilera 466</name><Style><LineStyle><color>ff00ffff</color><width>3</width></LineStyle></Style><LineString><coordinates>-70.6546766,-34.142305,0 -70.654815,-34.1423116,0</coordinates></LineString></Placemark><Placemark><name>Descartado (grupo chico) - Hilera 471</name><Style><LineStyle><color>ff00ffff</color><width>3</width></LineStyle></Style><LineString><coordinates>-70.6550283,-34.1423616,0 -70.6551349,-34.14232,0</coordinates></LineString></Placemark><Placemark><name>Descartado (grupo chico) - Hilera 473</name><Style><LineStyle><color>ff00ffff</color><width>3</width></LineStyle></Style><LineString><coordinates>-70.65472,-34.1400649,0 -70.6548233,-34.13997,0</coordinates></LineString></Placemark><Placemark><name>Descartado (grupo chico) - Hilera 476</name><Style><LineStyle><color>ff00ffff</color><width>3</width></LineStyle></Style><LineString><coordinates>-70.6549433,-34.140095,0 -70.6550916,-34.1399766,0</coordinates></LineString></Placemark><Placemark><name>Descartado (grupo chico) - Hilera 481</name><Style><LineStyle><color>ff00ffff</color><width>3</width></LineStyle></Style><LineString><coordinates>-70.6551833,-34.1399849,0 -70.6552766,-34.1399116,0</coordinates></LineString></Placemark><Placemark><name>Descartado (grupo chico) - Hilera 479</name><Style><LineStyle><color>ff00ffff</color><width>3</width></LineStyle></Style><LineString><coordinates>-70.6554533,-34.1423316,0 -70.6555466,-34.1421566,0</coordinates></LineString></Placemark><Placemark><name>Descartado (grupo chico) - Hilera 489</name><Style><LineStyle><color>ff00ffff</color><width>3</width></LineStyle></Style><LineString><coordinates>-70.65509,-34.1399783,0 -70.6553233,-34.1400549,0</coordinates></LineString></Placemark><Placemark><name>Descartado (grupo chico) - Hilera 497</name><Style><LineStyle><color>ff00ffff</color><width>3</width></LineStyle></Style><LineString><coordinates>-70.655815,-34.1401966,0 -70.6557216,-34.1401516,0</coordinates></LineString></Placemark><Placemark><name>Descartado (grupo chico) - Hilera 491</name><Style><LineStyle><color>ff00ffff</color><width>3</width></LineStyle></Style><LineString><coordinates>-70.6557316,-34.1422383,0 -70.6558283,-34.1421899,0</coordinates></LineString></Placemark><Placemark><name>Descartado (grupo chico) - Hilera 494</name><Style><LineStyle><color>ff00ffff</color><width>3</width></LineStyle></Style><LineString><coordinates>-70.6559066,-34.1422066,0 -70.65607,-34.1422116,0</coordinates></LineString></Placemark><Placemark><name>Descartado (grupo chico) - Hilera 513</name><Style><LineStyle><color>ff00ffff</color><width>3</width></LineStyle></Style><LineString><coordinates>-70.6565816,-34.1421816,0 -70.656695,-34.1421716,0</coordinates></LineString></Placemark><Placemark><name>Descartado (grupo chico) - Hilera 501</name><Style><LineStyle><color>ff00ffff</color><width>3</width></LineStyle></Style><LineString><coordinates>-70.6558616,-34.1400916,0 -70.6559933,-34.1399383,0</coordinates></LineString></Placemark><Placemark><name>Descartado (grupo chico) - Hilera 508</name><Style><LineStyle><color>ff00ffff</color><width>3</width></LineStyle></Style><LineString><coordinates>-70.6560916,-34.1400016,0 -70.6562033,-34.1399333,0</coordinates></LineString></Placemark><Placemark><name>Descartado (grupo chico) - Hilera 510</name><Style><LineStyle><color>ff00ffff</color><width>3</width></LineStyle></Style><LineString><coordinates>-70.6562666,-34.1401533,0 -70.6562,-34.140225,0</coordinates></LineString></Placemark><Placemark><name>Descartado (grupo chico) - Hilera 515</name><Style><LineStyle><color>ff00ffff</color><width>3</width></LineStyle></Style><LineString><coordinates>-70.6563066,-34.1400933,0 -70.6564266,-34.139815,0</coordinates></LineString></Placemark><Placemark><name>Descartado (grupo chico) - Hilera 503</name><Style><LineStyle><color>ff00ffff</color><width>3</width></LineStyle></Style><LineString><coordinates>-70.6563816,-34.1422033,0 -70.6564983,-34.1420783,0</coordinates></LineString></Placemark><Placemark><name>Descartado (grupo chico) - Hilera 504</name><Style><LineStyle><color>ff00ffff</color><width>3</width></LineStyle></Style><LineString><coordinates>-70.6564983,-34.1420783,0 -70.6565516,-34.1421583,0</coordinates></LineString></Placemark><Placemark><name>Descartado (grupo chico) - Hilera 505</name><Style><LineStyle><color>ff00ffff</color><width>3</width></LineStyle></Style><LineString><coordinates>-70.6565516,-34.1421583,0 -70.6564499,-34.1421233,0</coordinates></LineString></Placemark><Placemark><name>Descartado (grupo chico) - Hilera 506</name><Style><LineStyle><color>ff00ffff</color><width>3</width></LineStyle></Style><LineString><coordinates>-70.6564499,-34.1421233,0 -70.6565466,-34.1420783,0</coordinates></LineString></Placemark><Placemark><name>Descartado (grupo chico) - Hilera 518</name><Style><LineStyle><color>ff00ffff</color><width>3</width></LineStyle></Style><LineString><coordinates>-70.6564983,-34.139875,0 -70.66043,-34.1367299,0</coordinates></LineString></Placemark><Placemark><name>Descartado (grupo chico) - Hilera 519</name><Style><LineStyle><color>ff00ffff</color><width>3</width></LineStyle></Style><LineString><coordinates>-70.66043,-34.1367299,0 -70.6604799,-34.1366449,0</coordinates></LineString></Placemark><Placemark><name>Trabajado - Cuartel 521 - Hilera 521</name><Style><LineStyle><color>ff00ff00</color><width>3</width></LineStyle></Style><LineString><coordinates>-70.66043260293212,-34.13642186266843,0 -70.6567866,-34.1368483,0</coordinates></LineString></Placemark><Placemark><name>Trabajado - Cuartel 521 - Hilera 536</name><Style><LineStyle><color>ff00ff00</color><width>3</width></LineStyle></Style><LineString><coordinates>-70.6568,-34.1368683,0 -70.6604833,-34.1364716,0</coordinates></LineString></Placemark><Placemark><name>Trabajado - Cuartel 521 - Hilera 541</name><Style><LineStyle><color>ff00ff00</color><width>3</width></LineStyle></Style><LineString><coordinates>-70.66042,-34.1363833,0 -70.65674496311689,-34.136800057880855,0</coordinates></LineString></Placemark><Placemark><name>Trabajado - Cuartel 521 - Hilera 573</name><Style><LineStyle><color>ff00ff00</color><width>3</width></LineStyle></Style><LineString><coordinates>-70.6567966,-34.1368216,0 -70.66046,-34.1364049,0</coordinates></LineString></Placemark><Placemark><name>Trabajado - Cuartel 521 - Hilera 579</name><Style><LineStyle><color>ff00ff00</color><width>3</width></LineStyle></Style><LineString><coordinates>-70.6604466,-34.1364133,0 -70.656725,-34.1367716,0</coordinates></LineString></Placemark><Placemark><name>Trabajado - Cuartel 521 - Hilera 587</name><Style><LineStyle><color>ff00ff00</color><width>3</width></LineStyle></Style><LineString><coordinates>-70.66045,-34.13637,0 -70.6567133,-34.1367116,0</coordinates></LineString></Placemark><Placemark><name>Trabajado - Cuartel 521 - Hilera 640</name><Style><LineStyle><color>ff00ff00</color><width>3</width></LineStyle></Style><LineString><coordinates>-70.6567783,-34.136825,0 -70.6604566,-34.136445,0</coordinates></LineString></Placemark><Placemark><name>Trabajado - Cuartel 521 - Hilera 643</name><Style><LineStyle><color>ff00ff00</color><width>3</width></LineStyle></Style><LineString><coordinates>-70.6604316,-34.136385,0 -70.6570266,-34.1367999,0</coordinates></LineString></Placemark><Placemark><name>Trabajado - Cuartel 521 - Hilera 723</name><Style><LineStyle><color>ff00ff00</color><width>3</width></LineStyle></Style><LineString><coordinates>-70.65679,-34.1368633,0 -70.6604316,-34.1364383,0</coordinates></LineString></Placemark><Placemark><name>Trabajado - Cuartel 521 - Hilera 726</name><Style><LineStyle><color>ff00ff00</color><width>3</width></LineStyle></Style><LineString><coordinates>-70.6603716,-34.1363566,0 -70.6567316,-34.1367349,0</coordinates></LineString></Placemark><Placemark><name>Trabajado - Cuartel 521 - Hilera 847</name><Style><LineStyle><color>ff00ff00</color><width>3</width></LineStyle></Style><LineString><coordinates>-70.656775,-34.1368066,0 -70.66042,-34.136365,0</coordinates></LineString></Placemark><Placemark><name>Trabajado - Cuartel 522 - Hilera 522</name><Style><LineStyle><color>ff00ff00</color><width>3</width></LineStyle></Style><LineString><coordinates>-70.6567333,-34.1368033,0 -70.65603,-34.1330383,0</coordinates></LineString></Placemark><Placemark><name>Trabajado - Cuartel 522 - Hilera 535</name><Style><LineStyle><color>ff00ff00</color><width>3</width></LineStyle></Style><LineString><coordinates>-70.65608,-34.1328283,0 -70.6568,-34.1368683,0</coordinates></LineString></Placemark><Placemark><name>Trabajado - Cuartel 522 - Hilera 543</name><Style><LineStyle><color>ff00ff00</color><width>3</width></LineStyle></Style><LineString><coordinates>-70.6567312029909,-34.1367349490102,0 -70.65604,-34.132895,0</coordinates></LineString></Placemark><Placemark><name>Trabajado - Cuartel 522 - Hilera 572</name><Style><LineStyle><color>ff00ff00</color><width>3</width></LineStyle></Style><LineString><coordinates>-70.6557616,-34.131525,0 -70.6567966,-34.1368216,0</coordinates></LineString></Placemark><Placemark><name>Trabajado - Cuartel 522 - Hilera 580</name><Style><LineStyle><color>ff00ff00</color><width>3</width></LineStyle></Style><LineString><coordinates>-70.656725,-34.1367716,0 -70.65610371222832,-34.13307962509384,0</coordinates></LineString></Placemark><Placemark><name>Trabajado - Cuartel 522 - Hilera 584</name><Style><LineStyle><color>ff00ff00</color><width>3</width></LineStyle></Style><LineString><coordinates>-70.6561299,-34.13311,0 -70.65684,-34.13685,0</coordinates></LineString></Placemark><Placemark><name>Trabajado - Cuartel 522 - Hilera 638</name><Style><LineStyle><color>ff00ff00</color><width>3</width></LineStyle></Style><LineString><coordinates>-70.65585194479218,-34.13187884041633,0 -70.6566683,-34.1367016,0</coordinates></LineString></Placemark><Placemark><name>Trabajado - Cuartel 522 - Hilera 699</name><Style><LineStyle><color>ff00ff00</color><width>3</width></LineStyle></Style><LineString><coordinates>-70.6566966,-34.1367,0 -70.65585246727676,-34.13187879624644,0</coordinates></LineString></Placemark><Placemark><name>Trabajado - Cuartel 522 - Hilera 715</name><Style><LineStyle><color>ff00ff00</color><width>3</width></LineStyle></Style><LineString><coordinates>-70.655995,-34.1341866,0 -70.6560899,-34.13435,0</coordinates></LineString></Placemark><Placemark><name>Trabajado - Cuartel 522 - Hilera 729</name><Style><LineStyle><color>ff00ff00</color><width>3</width></LineStyle></Style><LineString><coordinates>-70.656255,-34.1345316,0 -70.6563449,-34.1347499,0</coordinates></LineString></Placemark><Placemark><name>Trabajado - Cuartel 522 - Hilera 731</name><Style><LineStyle><color>ff00ff00</color><width>3</width></LineStyle></Style><LineString><coordinates>-70.656065,-34.1348983,0 -70.65614,-34.1350866,0</coordinates></LineString></Placemark><Placemark><name>Trabajado - Cuartel 522 - Hilera 824</name><Style><LineStyle><color>ff00ff00</color><width>3</width></LineStyle></Style><LineString><coordinates>-70.6563583,-34.13442,0 -70.65629,-34.13435,0</coordinates></LineString></Placemark><Placemark><name>Trabajado - Cuartel 523 - Hilera 523</name><Style><LineStyle><color>ff00ff00</color><width>3</width></LineStyle></Style><LineString><coordinates>-70.6560449,-34.1331316,0 -70.656195,-34.1332033,0</coordinates></LineString></Placemark><Placemark><name>Trabajado - Cuartel 523 - Hilera 524</name><Style><LineStyle><color>ff00ff00</color><width>3</width></LineStyle></Style><LineString><coordinates>-70.656195,-34.1332033,0 -70.6587866,-34.1329299,0</coordinates></LineString></Placemark><Placemark><name>Trabajado - Cuartel 523 - Hilera 525</name><Style><LineStyle><color>ff00ff00</color><width>3</width></LineStyle></Style><LineString><coordinates>-70.6587866,-34.1329299,0 -70.6561033,-34.1331783,0</coordinates></LineString></Placemark><Placemark><name>Trabajado - Cuartel 523 - Hilera 526</name><Style><LineStyle><color>ff00ff00</color><width>3</width></LineStyle></Style><LineString><coordinates>-70.6561033,-34.1331783,0 -70.656335,-34.1330516,0</coordinates></LineString></Placemark><Placemark><name>Trabajado - Cuartel 523 - Hilera 527</name><Style><LineStyle><color>ff00ff00</color><width>3</width></LineStyle></Style><LineString><coordinates>-70.656335,-34.1330516,0 -70.6590783,-34.132735,0</coordinates></LineString></Placemark><Placemark><name>Trabajado - Cuartel 523 - Hilera 529</name><Style><LineStyle><color>ff00ff00</color><width>3</width></LineStyle></Style><LineString><coordinates>-70.6591533,-34.1326683,0 -70.658715,-34.1327099,0</coordinates></LineString></Placemark><Placemark><name>Trabajado - Cuartel 523 - Hilera 530</name><Style><LineStyle><color>ff00ff00</color><width>3</width></LineStyle></Style><LineString><coordinates>-70.658715,-34.1327099,0 -70.6560866,-34.1329916,0</coordinates></LineString></Placemark><Placemark><name>Trabajado - Cuartel 523 - Hilera 531</name><Style><LineStyle><color>ff00ff00</color><width>3</width></LineStyle></Style><LineString><coordinates>-70.6560866,-34.1329916,0 -70.6560583,-34.1329033,0</coordinates></LineString></Placemark><Placemark><name>Trabajado - Cuartel 523 - Hilera 532</name><Style><LineStyle><color>ff00ff00</color><width>3</width></LineStyle></Style><LineString><coordinates>-70.6560583,-34.1329033,0 -70.6591083,-34.1325499,0</coordinates></LineString></Placemark><Placemark><name>Trabajado - Cuartel 523 - Hilera 534</name><Style><LineStyle><color>ff00ff00</color><width>3</width></LineStyle></Style><LineString><coordinates>-70.6590383,-34.1324799,0 -70.65608,-34.1328283,0</coordinates></LineString></Placemark><Placemark><name>Trabajado - Cuartel 523 - Hilera 544</name><Style><LineStyle><color>ff00ff00</color><width>3</width></LineStyle></Style><LineString><coordinates>-70.65604,-34.132895,0 -70.6561616,-34.1328716,0</coordinates></LineString></Placemark><Placemark><name>Trabajado - Cuartel 523 - Hilera 545</name><Style><LineStyle><color>ff00ff00</color><width>3</width></LineStyle></Style><LineString><coordinates>-70.6561733,-34.13288,0 -70.6560233,-34.1327583,0</coordinates></LineString></Placemark><Placemark><name>Trabajado - Cuartel 523 - Hilera 546</name><Style><LineStyle><color>ff00ff00</color><width>3</width></LineStyle></Style><LineString><coordinates>-70.6560233,-34.1327583,0 -70.6590866,-34.1323116,0</coordinates></LineString></Placemark><Placemark><name>Trabajado - Cuartel 523 - Hilera 547</name><Style><LineStyle><color>ff00ff00</color><width>3</width></LineStyle></Style><LineString><coordinates>-70.6590866,-34.1323116,0 -70.655985,-34.1325966,0</coordinates></LineString></Placemark><Placemark><name>Trabajado - Cuartel 523 - Hilera 548</name><Style><LineStyle><color>ff00ff00</color><width>3</width></LineStyle></Style><LineString><coordinates>-70.655985,-34.1325966,0 -70.6564716,-34.1324583,0</coordinates></LineString></Placemark><Placemark><name>Trabajado - Cuartel 523 - Hilera 549</name><Style><LineStyle><color>ff00ff00</color><width>3</width></LineStyle></Style><LineString><coordinates>-70.6564716,-34.1324583,0 -70.65916,-34.132065,0</coordinates></LineString></Placemark><Placemark><name>Trabajado - Cuartel 523 - Hilera 550</name><Style><LineStyle><color>ff00ff00</color><width>3</width></LineStyle></Style><LineString><coordinates>-70.65916,-34.132065,0 -70.6559599,-34.1323833,0</coordinates></LineString></Placemark><Placemark><name>Trabajado - Cuartel 523 - Hilera 551</name><Style><LineStyle><color>ff00ff00</color><width>3</width></LineStyle></Style><LineString><coordinates>-70.6559599,-34.1323833,0 -70.65599,-34.132295,0</coordinates></LineString></Placemark><Placemark><name>Trabajado - Cuartel 523 - Hilera 552</name><Style><LineStyle><color>ff00ff00</color><width>3</width></LineStyle></Style><LineString><coordinates>-70.65599,-34.132295,0 -70.659055,-34.13197,0</coordinates></LineString></Placemark><Placemark><name>Trabajado - Cuartel 523 - Hilera 554</name><Style><LineStyle><color>ff00ff00</color><width>3</width></LineStyle></Style><LineString><coordinates>-70.65884,-34.131895,0 -70.6561433,-34.1322133,0</coordinates></LineString></Placemark><Placemark><name>Trabajado - Cuartel 523 - Hilera 556</name><Style><LineStyle><color>ff00ff00</color><width>3</width></LineStyle></Style><LineString><coordinates>-70.6560083,-34.1321183,0 -70.6590733,-34.1317533,0</coordinates></LineString></Placemark><Placemark><name>Trabajado - Cuartel 523 - Hilera 557</name><Style><LineStyle><color>ff00ff00</color><width>3</width></LineStyle></Style><LineString><coordinates>-70.6590733,-34.1317533,0 -70.6561083,-34.1320066,0</coordinates></LineString></Placemark><Placemark><name>Trabajado - Cuartel 523 - Hilera 559</name><Style><LineStyle><color>ff00ff00</color><width>3</width></LineStyle></Style><LineString><coordinates>-70.65591,-34.1319416,0 -70.659085,-34.1315633,0</coordinates></LineString></Placemark><Placemark><name>Trabajado - Cuartel 523 - Hilera 560</name><Style><LineStyle><color>ff00ff00</color><width>3</width></LineStyle></Style><LineString><coordinates>-70.659085,-34.1315633,0 -70.65594,-34.1318516,0</coordinates></LineString></Placemark><Placemark><name>Trabajado - Cuartel 523 - Hilera 561</name><Style><LineStyle><color>ff00ff00</color><width>3</width></LineStyle></Style><LineString><coordinates>-70.65594,-34.1318516,0 -70.6558833,-34.13173,0</coordinates></LineString></Placemark><Placemark><name>Trabajado - Cuartel 523 - Hilera 562</name><Style><LineStyle><color>ff00ff00</color><width>3</width></LineStyle></Style><LineString><coordinates>-70.6558833,-34.13173,0 -70.6590516,-34.1313783,0</coordinates></LineString></Placemark><Placemark><name>Trabajado - Cuartel 523 - Hilera 563</name><Style><LineStyle><color>ff00ff00</color><width>3</width></LineStyle></Style><LineString><coordinates>-70.6590516,-34.1313783,0 -70.656055,-34.1316583,0</coordinates></LineString></Placemark><Placemark><name>Trabajado - Cuartel 523 - Hilera 565</name><Style><LineStyle><color>ff00ff00</color><width>3</width></LineStyle></Style><LineString><coordinates>-70.655945,-34.1315616,0 -70.6590866,-34.131135,0</coordinates></LineString></Placemark><Placemark><name>Trabajado - Cuartel 523 - Hilera 566</name><Style><LineStyle><color>ff00ff00</color><width>3</width></LineStyle></Style><LineString><coordinates>-70.6590866,-34.131135,0 -70.6560283,-34.1314783,0</coordinates></LineString></Placemark><Placemark><name>Trabajado - Cuartel 523 - Hilera 568</name><Style><LineStyle><color>ff00ff00</color><width>3</width></LineStyle></Style><LineString><coordinates>-70.6557833,-34.1313916,0 -70.6590483,-34.1309883,0</coordinates></LineString></Placemark><Placemark><name>Trabajado - Cuartel 523 - Hilera 571</name><Style><LineStyle><color>ff00ff00</color><width>3</width></LineStyle></Style><LineString><coordinates>-70.65580494326468,-34.13123009242705,0 -70.6557616,-34.131525,0</coordinates></LineString></Placemark><Placemark><name>Trabajado - Cuartel 523 - Hilera 581</name><Style><LineStyle><color>ff00ff00</color><width>3</width></LineStyle></Style><LineString><coordinates>-70.6560666,-34.1331549,0 -70.6565716,-34.133105,0</coordinates></LineString></Placemark><Placemark><name>Trabajado - Cuartel 523 - Hilera 582</name><Style><LineStyle><color>ff00ff00</color><width>3</width></LineStyle></Style><LineString><coordinates>-70.6565716,-34.133105,0 -70.6588016,-34.1328283,0</coordinates></LineString></Placemark><Placemark><name>Trabajado - Cuartel 523 - Hilera 583</name><Style><LineStyle><color>ff00ff00</color><width>3</width></LineStyle></Style><LineString><coordinates>-70.6588016,-34.1328283,0 -70.6561299,-34.13311,0</coordinates></LineString></Placemark><Placemark><name>Trabajado - Cuartel 523 - Hilera 588</name><Style><LineStyle><color>ff00ff00</color><width>3</width></LineStyle></Style><LineString><coordinates>-70.6560866,-34.1330816,0 -70.6561733,-34.133105,0</coordinates></LineString></Placemark><Placemark><name>Trabajado - Cuartel 523 - Hilera 589</name><Style><LineStyle><color>ff00ff00</color><width>3</width></LineStyle></Style><LineString><coordinates>-70.657415,-34.132965,0 -70.6591216,-34.1326199,0</coordinates></LineString></Placemark><Placemark><name>Trabajado - Cuartel 523 - Hilera 590</name><Style><LineStyle><color>ff00ff00</color><width>3</width></LineStyle></Style><LineString><coordinates>-70.6591216,-34.1326199,0 -70.6560116,-34.1329183,0</coordinates></LineString></Placemark><Placemark><name>Trabajado - Cuartel 523 - Hilera 591</name><Style><LineStyle><color>ff00ff00</color><width>3</width></LineStyle></Style><LineString><coordinates>-70.6560116,-34.1329183,0 -70.6590733,-34.132595,0</coordinates></LineString></Placemark><Placemark><name>Trabajado - Cuartel 523 - Hilera 593</name><Style><LineStyle><color>ff00ff00</color><width>3</width></LineStyle></Style><LineString><coordinates>-70.6591699,-34.1324383,0 -70.656025,-34.132735,0</coordinates></LineString></Placemark><Placemark><name>Trabajado - Cuartel 523 - Hilera 594</name><Style><LineStyle><color>ff00ff00</color><width>3</width></LineStyle></Style><LineString><coordinates>-70.656025,-34.132735,0 -70.6560233,-34.1329383,0</coordinates></LineString></Placemark><Placemark><name>Trabajado - Cuartel 523 - Hilera 595</name><Style><LineStyle><color>ff00ff00</color><width>3</width></LineStyle></Style><LineString><coordinates>-70.6560233,-34.1329383,0 -70.65911,-34.1325766,0</coordinates></LineString></Placemark><Placemark><name>Trabajado - Cuartel 523 - Hilera 597</name><Style><LineStyle><color>ff00ff00</color><width>3</width></LineStyle></Style><LineString><coordinates>-70.6591249,-34.1323966,0 -70.65605722284106,-34.13273663544609,0</coordinates></LineString></Placemark><Placemark><name>Trabajado - Cuartel 523 - Hilera 598</name><Style><LineStyle><color>ff00ff00</color><width>3</width></LineStyle></Style><LineString><coordinates>-70.6563733,-34.1327016,0 -70.6560266,-34.1329416,0</coordinates></LineString></Placemark><Placemark><name>Trabajado - Cuartel 523 - Hilera 599</name><Style><LineStyle><color>ff00ff00</color><width>3</width></LineStyle></Style><LineString><coordinates>-70.6560266,-34.1329416,0 -70.6560583,-34.1327433,0</coordinates></LineString></Placemark><Placemark><name>Trabajado - Cuartel 523 - Hilera 601</name><Style><LineStyle><color>ff00ff00</color><width>3</width></LineStyle></Style><LineString><coordinates>-70.6591166,-34.13221,0 -70.6563983,-34.1324916,0</coordinates></LineString></Placemark><Placemark><name>Trabajado - Cuartel 523 - Hilera 602</name><Style><LineStyle><color>ff00ff00</color><width>3</width></LineStyle></Style><LineString><coordinates>-70.6563983,-34.1324916,0 -70.65607,-34.1327433,0</coordinates></LineString></Placemark><Placemark><name>Trabajado - Cuartel 523 - Hilera 603</name><Style><LineStyle><color>ff00ff00</color><width>3</width></LineStyle></Style><LineString><coordinates>-70.6580916,-34.1325083,0 -70.659145,-34.13232,0</coordinates></LineString></Placemark><Placemark><name>Trabajado - Cuartel 523 - Hilera 604</name><Style><LineStyle><color>ff00ff00</color><width>3</width></LineStyle></Style><LineString><coordinates>-70.659145,-34.13232,0 -70.6559533,-34.1325266,0</coordinates></LineString></Placemark><Placemark><name>Trabajado - Cuartel 523 - Hilera 605</name><Style><LineStyle><color>ff00ff00</color><width>3</width></LineStyle></Style><LineString><coordinates>-70.6559533,-34.1325266,0 -70.6591433,-34.1321049,0</coordinates></LineString></Placemark><Placemark><name>Trabajado - Cuartel 523 - Hilera 607</name><Style><LineStyle><color>ff00ff00</color><width>3</width></LineStyle></Style><LineString><coordinates>-70.6591,-34.1320183,0 -70.6560833,-34.1323316,0</coordinates></LineString></Placemark><Placemark><name>Trabajado - Cuartel 523 - Hilera 608</name><Style><LineStyle><color>ff00ff00</color><width>3</width></LineStyle></Style><LineString><coordinates>-70.6560833,-34.1323316,0 -70.6560083,-34.1325633,0</coordinates></LineString></Placemark><Placemark><name>Trabajado - Cuartel 523 - Hilera 609</name><Style><LineStyle><color>ff00ff00</color><width>3</width></LineStyle></Style><LineString><coordinates>-70.6560083,-34.1325633,0 -70.658995,-34.1322133,0</coordinates></LineString></Placemark><Placemark><name>Trabajado - Cuartel 523 - Hilera 611</name><Style><LineStyle><color>ff00ff00</color><width>3</width></LineStyle></Style><LineString><coordinates>-70.6591133,-34.1320349,0 -70.6559166,-34.13239,0</coordinates></LineString></Placemark><Placemark><name>Trabajado - Cuartel 523 - Hilera 612</name><Style><LineStyle><color>ff00ff00</color><width>3</width></LineStyle></Style><LineString><coordinates>-70.6559166,-34.13239,0 -70.6590316,-34.1320133,0</coordinates></LineString></Placemark><Placemark><name>Trabajado - Cuartel 523 - Hilera 614</name><Style><LineStyle><color>ff00ff00</color><width>3</width></LineStyle></Style><LineString><coordinates>-70.6591249,-34.1318633,0 -70.6563549,-34.1321166,0</coordinates></LineString></Placemark><Placemark><name>Trabajado - Cuartel 523 - Hilera 615</name><Style><LineStyle><color>ff00ff00</color><width>3</width></LineStyle></Style><LineString><coordinates>-70.6563549,-34.1321166,0 -70.6559183,-34.1323949,0</coordinates></LineString></Placemark><Placemark><name>Trabajado - Cuartel 523 - Hilera 616</name><Style><LineStyle><color>ff00ff00</color><width>3</width></LineStyle></Style><LineString><coordinates>-70.6559183,-34.1323949,0 -70.6591333,-34.131885,0</coordinates></LineString></Placemark><Placemark><name>Trabajado - Cuartel 523 - Hilera 617</name><Style><LineStyle><color>ff00ff00</color><width>3</width></LineStyle></Style><LineString><coordinates>-70.6591333,-34.131885,0 -70.655955,-34.1321699,0</coordinates></LineString></Placemark><Placemark><name>Trabajado - Cuartel 523 - Hilera 618</name><Style><LineStyle><color>ff00ff00</color><width>3</width></LineStyle></Style><LineString><coordinates>-70.655955,-34.1321699,0 -70.655935,-34.1323883,0</coordinates></LineString></Placemark><Placemark><name>Trabajado - Cuartel 523 - Hilera 620</name><Style><LineStyle><color>ff00ff00</color><width>3</width></LineStyle></Style><LineString><coordinates>-70.6590833,-34.1318433,0 -70.65591,-34.13222,0</coordinates></LineString></Placemark><Placemark><name>Trabajado - Cuartel 523 - Hilera 621</name><Style><LineStyle><color>ff00ff00</color><width>3</width></LineStyle></Style><LineString><coordinates>-70.65591,-34.13222,0 -70.65911,-34.1317933,0</coordinates></LineString></Placemark><Placemark><name>Trabajado - Cuartel 523 - Hilera 623</name><Style><LineStyle><color>ff00ff00</color><width>3</width></LineStyle></Style><LineString><coordinates>-70.6590533,-34.1316283,0 -70.6558649,-34.1320416,0</coordinates></LineString></Placemark><Placemark><name>Trabajado - Cuartel 523 - Hilera 624</name><Style><LineStyle><color>ff00ff00</color><width>3</width></LineStyle></Style><LineString><coordinates>-70.65591,-34.1322016,0 -70.65909,-34.13181,0</coordinates></LineString></Placemark><Placemark><name>Trabajado - Cuartel 523 - Hilera 626</name><Style><LineStyle><color>ff00ff00</color><width>3</width></LineStyle></Style><LineString><coordinates>-70.6591066,-34.1316383,0 -70.656285,-34.13194,0</coordinates></LineString></Placemark><Placemark><name>Trabajado - Cuartel 523 - Hilera 627</name><Style><LineStyle><color>ff00ff00</color><width>3</width></LineStyle></Style><LineString><coordinates>-70.656285,-34.13194,0 -70.6559916,-34.1321916,0</coordinates></LineString></Placemark><Placemark><name>Trabajado - Cuartel 523 - Hilera 628</name><Style><LineStyle><color>ff00ff00</color><width>3</width></LineStyle></Style><LineString><coordinates>-70.65603,-34.1321683,0 -70.6591216,-34.13171,0</coordinates></LineString></Placemark><Placemark><name>Trabajado - Cuartel 523 - Hilera 630</name><Style><LineStyle><color>ff00ff00</color><width>3</width></LineStyle></Style><LineString><coordinates>-70.6591040026798,-34.13143561913393,0 -70.65594437841564,-34.13181446823888,0</coordinates></LineString></Placemark><Placemark><name>Trabajado - Cuartel 523 - Hilera 631</name><Style><LineStyle><color>ff00ff00</color><width>3</width></LineStyle></Style><LineString><coordinates>-70.65601,-34.1318066,0 -70.6559083,-34.1320083,0</coordinates></LineString></Placemark><Placemark><name>Trabajado - Cuartel 523 - Hilera 632</name><Style><LineStyle><color>ff00ff00</color><width>3</width></LineStyle></Style><LineString><coordinates>-70.65583623071592,-34.13201699550483,0 -70.65910098206407,-34.13162308759417,0</coordinates></LineString></Placemark><Placemark><name>Trabajado - Cuartel 523 - Hilera 634</name><Style><LineStyle><color>ff00ff00</color><width>3</width></LineStyle></Style><LineString><coordinates>-70.6559433,-34.1318083,0 -70.6559716,-34.1319916,0</coordinates></LineString></Placemark><Placemark><name>Trabajado - Cuartel 523 - Hilera 635</name><Style><LineStyle><color>ff00ff00</color><width>3</width></LineStyle></Style><LineString><coordinates>-70.6559716,-34.1319916,0 -70.6591083,-34.1315916,0</coordinates></LineString></Placemark><Placemark><name>Trabajado - Cuartel 523 - Hilera 636</name><Style><LineStyle><color>ff00ff00</color><width>3</width></LineStyle></Style><LineString><coordinates>-70.6590616,-34.1314216,0 -70.6561499,-34.1318033,0</coordinates></LineString></Placemark><Placemark><name>Trabajado - Cuartel 523 - Hilera 637</name><Style><LineStyle><color>ff00ff00</color><width>3</width></LineStyle></Style><LineString><coordinates>-70.6561499,-34.1318033,0 -70.6558733,-34.132005,0</coordinates></LineString></Placemark><Placemark><name>Trabajado - Cuartel 523 - Hilera 645</name><Style><LineStyle><color>ff00ff00</color><width>3</width></LineStyle></Style><LineString><coordinates>-70.6558566,-34.1318783,0 -70.655835,-34.13201,0</coordinates></LineString></Placemark><Placemark><name>Trabajado - Cuartel 523 - Hilera 646</name><Style><LineStyle><color>ff00ff00</color><width>3</width></LineStyle></Style><LineString><coordinates>-70.659115,-34.131285,0 -70.6558316,-34.1317266,0</coordinates></LineString></Placemark><Placemark><name>Trabajado - Cuartel 523 - Hilera 647</name><Style><LineStyle><color>ff00ff00</color><width>3</width></LineStyle></Style><LineString><coordinates>-70.6558316,-34.1317266,0 -70.6590966,-34.1314216,0</coordinates></LineString></Placemark><Placemark><name>Trabajado - Cuartel 523 - Hilera 649</name><Style><LineStyle><color>ff00ff00</color><width>3</width></LineStyle></Style><LineString><coordinates>-70.6588033,-34.1312466,0 -70.6559166,-34.13162,0</coordinates></LineString></Placemark><Placemark><name>Trabajado - Cuartel 523 - Hilera 650</name><Style><LineStyle><color>ff00ff00</color><width>3</width></LineStyle></Style><LineString><coordinates>-70.6559166,-34.13162,0 -70.6560166,-34.1318216,0</coordinates></LineString></Placemark><Placemark><name>Trabajado - Cuartel 523 - Hilera 651</name><Style><LineStyle><color>ff00ff00</color><width>3</width></LineStyle></Style><LineString><coordinates>-70.6560166,-34.1318216,0 -70.6591249,-34.131305,0</coordinates></LineString></Placemark><Placemark><name>Trabajado - Cuartel 523 - Hilera 653</name><Style><LineStyle><color>ff00ff00</color><width>3</width></LineStyle></Style><LineString><coordinates>-70.65908,-34.1310383,0 -70.65606986405798,-34.131372948415944,0</coordinates></LineString></Placemark><Placemark><name>Trabajado - Cuartel 523 - Hilera 654</name><Style><LineStyle><color>ff00ff00</color><width>3</width></LineStyle></Style><LineString><coordinates>-70.6562466,-34.1313533,0 -70.6559249,-34.1316066,0</coordinates></LineString></Placemark><Placemark><name>Trabajado - Cuartel 523 - Hilera 655</name><Style><LineStyle><color>ff00ff00</color><width>3</width></LineStyle></Style><LineString><coordinates>-70.6559249,-34.1316066,0 -70.6589583,-34.1312566,0</coordinates></LineString></Placemark><Placemark><name>Trabajado - Cuartel 523 - Hilera 657</name><Style><LineStyle><color>ff00ff00</color><width>3</width></LineStyle></Style><LineString><coordinates>-70.6560683,-34.1313633,0 -70.655955,-34.1316333,0</coordinates></LineString></Placemark><Placemark><name>Trabajado - Cuartel 523 - Hilera 658</name><Style><LineStyle><color>ff00ff00</color><width>3</width></LineStyle></Style><LineString><coordinates>-70.655955,-34.1316333,0 -70.65909,-34.131125,0</coordinates></LineString></Placemark><Placemark><name>Trabajado - Cuartel 523 - Hilera 659</name><Style><LineStyle><color>ff00ff00</color><width>3</width></LineStyle></Style><LineString><coordinates>-70.6590233,-34.1308433,0 -70.65580921418645,-34.13123841032678,0</coordinates></LineString></Placemark><Placemark><name>Trabajado - Cuartel 523 - Hilera 660</name><Style><LineStyle><color>ff00ff00</color><width>3</width></LineStyle></Style><LineString><coordinates>-70.65619,-34.1311916,0 -70.6557733,-34.13149,0</coordinates></LineString></Placemark><Placemark><name>Trabajado - Cuartel 523 - Hilera 661</name><Style><LineStyle><color>ff00ff00</color><width>3</width></LineStyle></Style><LineString><coordinates>-70.6557733,-34.13149,0 -70.65889,-34.131285,0</coordinates></LineString></Placemark><Placemark><name>Trabajado - Cuartel 523 - Hilera 663</name><Style><LineStyle><color>ff00ff00</color><width>3</width></LineStyle></Style><LineString><coordinates>-70.6591083,-34.1310483,0 -70.6558016,-34.13124,0</coordinates></LineString></Placemark><Placemark><name>Trabajado - Cuartel 523 - Hilera 664</name><Style><LineStyle><color>ff00ff00</color><width>3</width></LineStyle></Style><LineString><coordinates>-70.65574935059118,-34.131487268130684,0 -70.6590717169334,-34.131087266085075,0</coordinates></LineString></Placemark><Placemark><name>Trabajado - Cuartel 523 - Hilera 666</name><Style><LineStyle><color>ff00ff00</color><width>3</width></LineStyle></Style><LineString><coordinates>-70.655805,-34.1312149,0 -70.6558166,-34.1314733,0</coordinates></LineString></Placemark><Placemark><name>Trabajado - Cuartel 523 - Hilera 669</name><Style><LineStyle><color>ff00ff00</color><width>3</width></LineStyle></Style><LineString><coordinates>-70.6588633,-34.1308383,0 -70.6557933,-34.13118,0</coordinates></LineString></Placemark><Placemark><name>Trabajado - Cuartel 523 - Hilera 670</name><Style><LineStyle><color>ff00ff00</color><width>3</width></LineStyle></Style><LineString><coordinates>-70.6557933,-34.13118,0 -70.6557316,-34.131295,0</coordinates></LineString></Placemark><Placemark><name>Trabajado - Cuartel 523 - Hilera 671</name><Style><LineStyle><color>ff00ff00</color><width>3</width></LineStyle></Style><LineString><coordinates>-70.65569429170837,-34.131299183980104,0 -70.6590166,-34.1309266,0</coordinates></LineString></Placemark><Placemark><name>Trabajado - Cuartel 523 - Hilera 673</name><Style><LineStyle><color>ff00ff00</color><width>3</width></LineStyle></Style><LineString><coordinates>-70.6588916,-34.1308366,0 -70.655845,-34.1312033,0</coordinates></LineString></Placemark><Placemark><name>Trabajado - Cuartel 523 - Hilera 674</name><Style><LineStyle><color>ff00ff00</color><width>3</width></LineStyle></Style><LineString><coordinates>-70.655845,-34.1312033,0 -70.6557799,-34.1312883,0</coordinates></LineString></Placemark><Placemark><name>Trabajado - Cuartel 523 - Hilera 675</name><Style><LineStyle><color>ff00ff00</color><width>3</width></LineStyle></Style><LineString><coordinates>-70.6589566,-34.130925,0 -70.6558633,-34.1312416,0</coordinates></LineString></Placemark><Placemark><name>Trabajado - Cuartel 523 - Hilera 676</name><Style><LineStyle><color>ff00ff00</color><width>3</width></LineStyle></Style><LineString><coordinates>-70.6558633,-34.1312416,0 -70.6558,-34.1312966,0</coordinates></LineString></Placemark><Placemark><name>Trabajado - Cuartel 523 - Hilera 678</name><Style><LineStyle><color>ff00ff00</color><width>3</width></LineStyle></Style><LineString><coordinates>-70.6558066,-34.131295,0 -70.6560749,-34.1331933,0</coordinates></LineString></Placemark><Placemark><name>Trabajado - Cuartel 523 - Hilera 679</name><Style><LineStyle><color>ff00ff00</color><width>3</width></LineStyle></Style><LineString><coordinates>-70.6560749,-34.1331933,0 -70.65603,-34.133275,0</coordinates></LineString></Placemark><Placemark><name>Trabajado - Cuartel 523 - Hilera 680</name><Style><LineStyle><color>ff00ff00</color><width>3</width></LineStyle></Style><LineString><coordinates>-70.65603,-34.133275,0 -70.6561316,-34.1334033,0</coordinates></LineString></Placemark><Placemark><name>Trabajado - Cuartel 523 - Hilera 681</name><Style><LineStyle><color>ff00ff00</color><width>3</width></LineStyle></Style><LineString><coordinates>-70.6561316,-34.1334033,0 -70.6544416,-34.1335733,0</coordinates></LineString></Placemark><Placemark><name>Trabajado - Cuartel 523 - Hilera 684</name><Style><LineStyle><color>ff00ff00</color><width>3</width></LineStyle></Style><LineString><coordinates>-70.6544049,-34.1349833,0 -70.6561333,-34.1347516,0</coordinates></LineString></Placemark><Placemark><name>Trabajado - Cuartel 523 - Hilera 686</name><Style><LineStyle><color>ff00ff00</color><width>3</width></LineStyle></Style><LineString><coordinates>-70.6563449,-34.1348483,0 -70.65444567501008,-34.135083734414906,0</coordinates></LineString></Placemark><Placemark><name>Trabajado - Cuartel 523 - Hilera 691</name><Style><LineStyle><color>ff00ff00</color><width>3</width></LineStyle></Style><LineString><coordinates>-70.6564816,-34.1356566,0 -70.65637,-34.1357266,0</coordinates></LineString></Placemark><Placemark><name>Trabajado - Cuartel 523 - Hilera 692</name><Style><LineStyle><color>ff00ff00</color><width>3</width></LineStyle></Style><LineString><coordinates>-70.65637,-34.1357266,0 -70.6546166,-34.1359466,0</coordinates></LineString></Placemark><Placemark><name>Trabajado - Cuartel 523 - Hilera 694</name><Style><LineStyle><color>ff00ff00</color><width>3</width></LineStyle></Style><LineString><coordinates>-70.6546116,-34.1364883,0 -70.656595,-34.1362583,0</coordinates></LineString></Placemark><Placemark><name>Trabajado - Cuartel 523 - Hilera 695</name><Style><LineStyle><color>ff00ff00</color><width>3</width></LineStyle></Style><LineString><coordinates>-70.6566116,-34.1364483,0 -70.6547,-34.136815,0</coordinates></LineString></Placemark><Placemark><name>Trabajado - Cuartel 523 - Hilera 697</name><Style><LineStyle><color>ff00ff00</color><width>3</width></LineStyle></Style><LineString><coordinates>-70.6548266,-34.1371216,0 -70.656615,-34.1368983,0</coordinates></LineString></Placemark><Placemark><name>Trabajado - Cuartel 523 - Hilera 700</name><Style><LineStyle><color>ff00ff00</color><width>3</width></LineStyle></Style><LineString><coordinates>-70.6561366,-34.1335016,0 -70.6560533,-34.133475,0</coordinates></LineString></Placemark><Placemark><name>Trabajado - Cuartel 523 - Hilera 701</name><Style><LineStyle><color>ff00ff00</color><width>3</width></LineStyle></Style><LineString><coordinates>-70.6560383,-34.1334583,0 -70.6558166,-34.13348,0</coordinates></LineString></Placemark><Placemark><name>Trabajado - Cuartel 523 - Hilera 702</name><Style><LineStyle><color>ff00ff00</color><width>3</width></LineStyle></Style><LineString><coordinates>-70.65591,-34.1334616,0 -70.656115,-34.133075,0</coordinates></LineString></Placemark><Placemark><name>Trabajado - Cuartel 523 - Hilera 703</name><Style><LineStyle><color>ff00ff00</color><width>3</width></LineStyle></Style><LineString><coordinates>-70.6561766,-34.1330766,0 -70.656265,-34.1331333,0</coordinates></LineString></Placemark><Placemark><name>Trabajado - Cuartel 523 - Hilera 704</name><Style><LineStyle><color>ff00ff00</color><width>3</width></LineStyle></Style><LineString><coordinates>-70.656265,-34.1331333,0 -70.6560883,-34.1332733,0</coordinates></LineString></Placemark><Placemark><name>Trabajado - Cuartel 523 - Hilera 705</name><Style><LineStyle><color>ff00ff00</color><width>3</width></LineStyle></Style><LineString><coordinates>-70.6560883,-34.1332733,0 -70.65417,-34.1335916,0</coordinates></LineString></Placemark><Placemark><name>Trabajado - Cuartel 523 - Hilera 706</name><Style><LineStyle><color>ff00ff00</color><width>3</width></LineStyle></Style><LineString><coordinates>-70.65417,-34.1335916,0 -70.6561066,-34.1335216,0</coordinates></LineString></Placemark><Placemark><name>Trabajado - Cuartel 523 - Hilera 707</name><Style><LineStyle><color>ff00ff00</color><width>3</width></LineStyle></Style><LineString><coordinates>-70.6561066,-34.1335216,0 -70.6542733,-34.1337933,0</coordinates></LineString></Placemark><Placemark><name>Trabajado - Cuartel 523 - Hilera 708</name><Style><LineStyle><color>ff00ff00</color><width>3</width></LineStyle></Style><LineString><coordinates>-70.6542733,-34.1337933,0 -70.6561616,-34.1337649,0</coordinates></LineString></Placemark><Placemark><name>Trabajado - Cuartel 523 - Hilera 709</name><Style><LineStyle><color>ff00ff00</color><width>3</width></LineStyle></Style><LineString><coordinates>-70.6561616,-34.1337649,0 -70.6543133,-34.1340933,0</coordinates></LineString></Placemark><Placemark><name>Trabajado - Cuartel 523 - Hilera 710</name><Style><LineStyle><color>ff00ff00</color><width>3</width></LineStyle></Style><LineString><coordinates>-70.6543133,-34.1340933,0 -70.6561833,-34.1338083,0</coordinates></LineString></Placemark><Placemark><name>Trabajado - Cuartel 523 - Hilera 712</name><Style><LineStyle><color>ff00ff00</color><width>3</width></LineStyle></Style><LineString><coordinates>-70.655985,-34.1340833,0 -70.6544133,-34.1342866,0</coordinates></LineString></Placemark><Placemark><name>Trabajado - Cuartel 523 - Hilera 714</name><Style><LineStyle><color>ff00ff00</color><width>3</width></LineStyle></Style><LineString><coordinates>-70.6544216,-34.1343716,0 -70.655995,-34.1341866,0</coordinates></LineString></Placemark><Placemark><name>Trabajado - Cuartel 523 - Hilera 716</name><Style><LineStyle><color>ff00ff00</color><width>3</width></LineStyle></Style><LineString><coordinates>-70.6560899,-34.13435,0 -70.6546683,-34.134495,0</coordinates></LineString></Placemark><Placemark><name>Trabajado - Cuartel 523 - Hilera 719</name><Style><LineStyle><color>ff00ff00</color><width>3</width></LineStyle></Style><LineString><coordinates>-70.6544766,-34.1346033,0 -70.6563016,-34.1344666,0</coordinates></LineString></Placemark><Placemark><name>Trabajado - Cuartel 523 - Hilera 720</name><Style><LineStyle><color>ff00ff00</color><width>3</width></LineStyle></Style><LineString><coordinates>-70.6563016,-34.1344666,0 -70.6543866,-34.134785,0</coordinates></LineString></Placemark><Placemark><name>Trabajado - Cuartel 523 - Hilera 721</name><Style><LineStyle><color>ff00ff00</color><width>3</width></LineStyle></Style><LineString><coordinates>-70.6543866,-34.134785,0 -70.6563416,-34.134705,0</coordinates></LineString></Placemark><Placemark><name>Trabajado - Cuartel 523 - Hilera 728</name><Style><LineStyle><color>ff00ff00</color><width>3</width></LineStyle></Style><LineString><coordinates>-70.6561166,-34.1345516,0 -70.65793700778787,-34.13428853529078,0</coordinates></LineString></Placemark><Placemark><name>Trabajado - Cuartel 523 - Hilera 730</name><Style><LineStyle><color>ff00ff00</color><width>3</width></LineStyle></Style><LineString><coordinates>-70.6563449,-34.1347499,0 -70.654445,-34.13508,0</coordinates></LineString></Placemark><Placemark><name>Trabajado - Cuartel 523 - Hilera 733</name><Style><LineStyle><color>ff00ff00</color><width>3</width></LineStyle></Style><LineString><coordinates>-70.6546183,-34.1353483,0 -70.6562466,-34.1351416,0</coordinates></LineString></Placemark><Placemark><name>Trabajado - Cuartel 523 - Hilera 735</name><Style><LineStyle><color>ff00ff00</color><width>3</width></LineStyle></Style><LineString><coordinates>-70.656135,-34.1353516,0 -70.6545416,-34.1355133,0</coordinates></LineString></Placemark><Placemark><name>Trabajado - Cuartel 523 - Hilera 737</name><Style><LineStyle><color>ff00ff00</color><width>3</width></LineStyle></Style><LineString><coordinates>-70.65462,-34.135605,0 -70.6564766,-34.1354466,0</coordinates></LineString></Placemark><Placemark><name>Trabajado - Cuartel 523 - Hilera 738</name><Style><LineStyle><color>ff00ff00</color><width>3</width></LineStyle></Style><LineString><coordinates>-70.6564766,-34.1354466,0 -70.6561866,-34.1356466,0</coordinates></LineString></Placemark><Placemark><name>Trabajado - Cuartel 523 - Hilera 739</name><Style><LineStyle><color>ff00ff00</color><width>3</width></LineStyle></Style><LineString><coordinates>-70.6561866,-34.1356466,0 -70.65482785577528,-34.13579552033622,0</coordinates></LineString></Placemark><Placemark><name>Trabajado - Cuartel 523 - Hilera 741</name><Style><LineStyle><color>ff00ff00</color><width>3</width></LineStyle></Style><LineString><coordinates>-70.6546883,-34.1359033,0 -70.6565333,-34.1357866,0</coordinates></LineString></Placemark><Placemark><name>Trabajado - Cuartel 523 - Hilera 742</name><Style><LineStyle><color>ff00ff00</color><width>3</width></LineStyle></Style><LineString><coordinates>-70.6565333,-34.1357866,0 -70.65462666475725,-34.136129433466365,0</coordinates></LineString></Placemark><Placemark><name>Trabajado - Cuartel 523 - Hilera 748</name><Style><LineStyle><color>ff00ff00</color><width>3</width></LineStyle></Style><LineString><coordinates>-70.65471,-34.1361733,0 -70.6565466,-34.13593,0</coordinates></LineString></Placemark><Placemark><name>Trabajado - Cuartel 523 - Hilera 749</name><Style><LineStyle><color>ff00ff00</color><width>3</width></LineStyle></Style><LineString><coordinates>-70.65659,-34.1361316,0 -70.6546833,-34.1363783,0</coordinates></LineString></Placemark><Placemark><name>Trabajado - Cuartel 523 - Hilera 750</name><Style><LineStyle><color>ff00ff00</color><width>3</width></LineStyle></Style><LineString><coordinates>-70.6546833,-34.1363783,0 -70.6566183,-34.1362783,0</coordinates></LineString></Placemark><Placemark><name>Trabajado - Cuartel 523 - Hilera 753</name><Style><LineStyle><color>ff00ff00</color><width>3</width></LineStyle></Style><LineString><coordinates>-70.65472,-34.1365833,0 -70.6566466,-34.136515,0</coordinates></LineString></Placemark><Placemark><name>Trabajado - Cuartel 523 - Hilera 754</name><Style><LineStyle><color>ff00ff00</color><width>3</width></LineStyle></Style><LineString><coordinates>-70.6566466,-34.136515,0 -70.6549066,-34.1368266,0</coordinates></LineString></Placemark><Placemark><name>Trabajado - Cuartel 523 - Hilera 756</name><Style><LineStyle><color>ff00ff00</color><width>3</width></LineStyle></Style><LineString><coordinates>-70.6547699,-34.1369216,0 -70.6565216,-34.1367033,0</coordinates></LineString></Placemark><Placemark><name>Trabajado - Cuartel 523 - Hilera 760</name><Style><LineStyle><color>ff00ff00</color><width>3</width></LineStyle></Style><LineString><coordinates>-70.6583216,-34.136525,0 -70.656905,-34.1366983,0</coordinates></LineString></Placemark><Placemark><name>Trabajado - Cuartel 523 - Hilera 762</name><Style><LineStyle><color>ff00ff00</color><width>3</width></LineStyle></Style><LineString><coordinates>-70.6567649,-34.1365833,0 -70.6584116,-34.136395,0</coordinates></LineString></Placemark><Placemark><name>Trabajado - Cuartel 523 - Hilera 764</name><Style><LineStyle><color>ff00ff00</color><width>3</width></LineStyle></Style><LineString><coordinates>-70.6583183,-34.1363466,0 -70.6568583,-34.136505,0</coordinates></LineString></Placemark><Placemark><name>Trabajado - Cuartel 523 - Hilera 766</name><Style><LineStyle><color>ff00ff00</color><width>3</width></LineStyle></Style><LineString><coordinates>-70.6567316,-34.1368049,0 -70.6584066,-34.1365833,0</coordinates></LineString></Placemark><Placemark><name>Trabajado - Cuartel 523 - Hilera 768</name><Style><LineStyle><color>ff00ff00</color><width>3</width></LineStyle></Style><LineString><coordinates>-70.6567533,-34.1364016,0 -70.6583883,-34.1361883,0</coordinates></LineString></Placemark><Placemark><name>Trabajado - Cuartel 523 - Hilera 771</name><Style><LineStyle><color>ff00ff00</color><width>3</width></LineStyle></Style><LineString><coordinates>-70.6583799,-34.1359616,0 -70.6566216,-34.1361566,0</coordinates></LineString></Placemark><Placemark><name>Trabajado - Cuartel 523 - Hilera 773</name><Style><LineStyle><color>ff00ff00</color><width>3</width></LineStyle></Style><LineString><coordinates>-70.6568066,-34.1362183,0 -70.6584116,-34.1359533,0</coordinates></LineString></Placemark><Placemark><name>Trabajado - Cuartel 523 - Hilera 775</name><Style><LineStyle><color>ff00ff00</color><width>3</width></LineStyle></Style><LineString><coordinates>-70.6581366,-34.1357966,0 -70.6565999,-34.1359683,0</coordinates></LineString></Placemark><Placemark><name>Trabajado - Cuartel 523 - Hilera 777</name><Style><LineStyle><color>ff00ff00</color><width>3</width></LineStyle></Style><LineString><coordinates>-70.6567966,-34.1360266,0 -70.658115,-34.1358833,0</coordinates></LineString></Placemark><Placemark><name>Trabajado - Cuartel 523 - Hilera 779</name><Style><LineStyle><color>ff00ff00</color><width>3</width></LineStyle></Style><LineString><coordinates>-70.6582433,-34.1356133,0 -70.6569333,-34.1357449,0</coordinates></LineString></Placemark><Placemark><name>Trabajado - Cuartel 523 - Hilera 780</name><Style><LineStyle><color>ff00ff00</color><width>3</width></LineStyle></Style><LineString><coordinates>-70.6569333,-34.1357449,0 -70.6567033,-34.1358683,0</coordinates></LineString></Placemark><Placemark><name>Trabajado - Cuartel 523 - Hilera 781</name><Style><LineStyle><color>ff00ff00</color><width>3</width></LineStyle></Style><LineString><coordinates>-70.6567033,-34.1358683,0 -70.6582483,-34.1356866,0</coordinates></LineString></Placemark><Placemark><name>Trabajado - Cuartel 523 - Hilera 789</name><Style><LineStyle><color>ff00ff00</color><width>3</width></LineStyle></Style><LineString><coordinates>-70.65829,-34.1354,0 -70.6565483,-34.1356183,0</coordinates></LineString></Placemark><Placemark><name>Trabajado - Cuartel 523 - Hilera 790</name><Style><LineStyle><color>ff00ff00</color><width>3</width></LineStyle></Style><LineString><coordinates>-70.6565483,-34.1356183,0 -70.6582416,-34.1354716,0</coordinates></LineString></Placemark><Placemark><name>Trabajado - Cuartel 523 - Hilera 792</name><Style><LineStyle><color>ff00ff00</color><width>3</width></LineStyle></Style><LineString><coordinates>-70.6582633,-34.13509,0 -70.65648,-34.1354116,0</coordinates></LineString></Placemark><Placemark><name>Trabajado - Cuartel 523 - Hilera 794</name><Style><LineStyle><color>ff00ff00</color><width>3</width></LineStyle></Style><LineString><coordinates>-70.658115,-34.1349633,0 -70.65683,-34.13509,0</coordinates></LineString></Placemark><Placemark><name>Trabajado - Cuartel 523 - Hilera 809</name><Style><LineStyle><color>ff00ff00</color><width>3</width></LineStyle></Style><LineString><coordinates>-70.658125,-34.1349816,0 -70.65752449228606,-34.13504000698208,0</coordinates></LineString></Placemark><Placemark><name>Trabajado - Cuartel 523 - Hilera 810</name><Style><LineStyle><color>ff00ff00</color><width>3</width></LineStyle></Style><LineString><coordinates>-70.6575233,-34.1350316,0 -70.6565083,-34.1351933,0</coordinates></LineString></Placemark><Placemark><name>Trabajado - Cuartel 523 - Hilera 811</name><Style><LineStyle><color>ff00ff00</color><width>3</width></LineStyle></Style><LineString><coordinates>-70.6565083,-34.1351933,0 -70.6582133,-34.134965,0</coordinates></LineString></Placemark><Placemark><name>Trabajado - Cuartel 523 - Hilera 812</name><Style><LineStyle><color>ff00ff00</color><width>3</width></LineStyle></Style><LineString><coordinates>-70.6582133,-34.134965,0 -70.6564416,-34.1350066,0</coordinates></LineString></Placemark><Placemark><name>Trabajado - Cuartel 523 - Hilera 813</name><Style><LineStyle><color>ff00ff00</color><width>3</width></LineStyle></Style><LineString><coordinates>-70.6564416,-34.1350066,0 -70.6563449,-34.1350533,0</coordinates></LineString></Placemark><Placemark><name>Trabajado - Cuartel 523 - Hilera 815</name><Style><LineStyle><color>ff00ff00</color><width>3</width></LineStyle></Style><LineString><coordinates>-70.6582116,-34.1346066,0 -70.6564483,-34.1347633,0</coordinates></LineString></Placemark><Placemark><name>Trabajado - Cuartel 523 - Hilera 819</name><Style><LineStyle><color>ff00ff00</color><width>3</width></LineStyle></Style><LineString><coordinates>-70.6581633,-34.1344349,0 -70.6570883,-34.1345066,0</coordinates></LineString></Placemark><Placemark><name>Trabajado - Cuartel 523 - Hilera 820</name><Style><LineStyle><color>ff00ff00</color><width>3</width></LineStyle></Style><LineString><coordinates>-70.6570883,-34.1345066,0 -70.656415,-34.1346166,0</coordinates></LineString></Placemark><Placemark><name>Trabajado - Cuartel 523 - Hilera 821</name><Style><LineStyle><color>ff00ff00</color><width>3</width></LineStyle></Style><LineString><coordinates>-70.656415,-34.1346166,0 -70.6577033,-34.134545,0</coordinates></LineString></Placemark><Placemark><name>Trabajado - Cuartel 523 - Hilera 823</name><Style><LineStyle><color>ff00ff00</color><width>3</width></LineStyle></Style><LineString><coordinates>-70.6579916,-34.13422,0 -70.6563583,-34.13442,0</coordinates></LineString></Placemark><Placemark><name>Trabajado - Cuartel 523 - Hilera 827</name><Style><LineStyle><color>ff00ff00</color><width>3</width></LineStyle></Style><LineString><coordinates>-70.6578083,-34.1340516,0 -70.6562816,-34.1342283,0</coordinates></LineString></Placemark><Placemark><name>Trabajado - Cuartel 523 - Hilera 828</name><Style><LineStyle><color>ff00ff00</color><width>3</width></LineStyle></Style><LineString><coordinates>-70.6562816,-34.1342283,0 -70.65807,-34.1339916,0</coordinates></LineString></Placemark><Placemark><name>Trabajado - Cuartel 523 - Hilera 830</name><Style><LineStyle><color>ff00ff00</color><width>3</width></LineStyle></Style><LineString><coordinates>-70.6579299,-34.1338633,0 -70.65636,-34.1340416,0</coordinates></LineString></Placemark><Placemark><name>Trabajado - Cuartel 523 - Hilera 831</name><Style><LineStyle><color>ff00ff00</color><width>3</width></LineStyle></Style><LineString><coordinates>-70.65636,-34.1340416,0 -70.6575633,-34.1339499,0</coordinates></LineString></Placemark><Placemark><name>Trabajado - Cuartel 523 - Hilera 833</name><Style><LineStyle><color>ff00ff00</color><width>3</width></LineStyle></Style><LineString><coordinates>-70.6579583,-34.1336683,0 -70.65632,-34.1338383,0</coordinates></LineString></Placemark><Placemark><name>Trabajado - Cuartel 523 - Hilera 834</name><Style><LineStyle><color>ff00ff00</color><width>3</width></LineStyle></Style><LineString><coordinates>-70.65632,-34.1338383,0 -70.65771,-34.13375,0</coordinates></LineString></Placemark><Placemark><name>Trabajado - Cuartel 523 - Hilera 836</name><Style><LineStyle><color>ff00ff00</color><width>3</width></LineStyle></Style><LineString><coordinates>-70.6578333,-34.1334716,0 -70.6563633,-34.1336516,0</coordinates></LineString></Placemark><Placemark><name>Trabajado - Cuartel 523 - Hilera 837</name><Style><LineStyle><color>ff00ff00</color><width>3</width></LineStyle></Style><LineString><coordinates>-70.6563633,-34.1336516,0 -70.6564183,-34.1337099,0</coordinates></LineString></Placemark><Placemark><name>Trabajado - Cuartel 523 - Hilera 838</name><Style><LineStyle><color>ff00ff00</color><width>3</width></LineStyle></Style><LineString><coordinates>-70.6564183,-34.1337099,0 -70.6579699,-34.1333566,0</coordinates></LineString></Placemark><Placemark><name>Trabajado - Cuartel 523 - Hilera 839</name><Style><LineStyle><color>ff00ff00</color><width>3</width></LineStyle></Style><LineString><coordinates>-70.6579699,-34.1333566,0 -70.6563233,-34.1334649,0</coordinates></LineString></Placemark><Placemark><name>Trabajado - Cuartel 523 - Hilera 840</name><Style><LineStyle><color>ff00ff00</color><width>3</width></LineStyle></Style><LineString><coordinates>-70.65617882165809,-34.133261346069396,0 -70.6563683,-34.1335283,0</coordinates></LineString></Placemark><Placemark><name>Trabajado - Cuartel 523 - Hilera 841</name><Style><LineStyle><color>ff00ff00</color><width>3</width></LineStyle></Style><LineString><coordinates>-70.6563683,-34.1335283,0 -70.6579216,-34.1332233,0</coordinates></LineString></Placemark><Placemark><name>Trabajado - Cuartel 523 - Hilera 843</name><Style><LineStyle><color>ff00ff00</color><width>3</width></LineStyle></Style><LineString><coordinates>-70.6576099,-34.1331183,0 -70.6561767744164,-34.133250235096504,0</coordinates></LineString></Placemark><Placemark><name>Trabajado - Cuartel 523 - Hilera 844</name><Style><LineStyle><color>ff00ff00</color><width>3</width></LineStyle></Style><LineString><coordinates>-70.6562466,-34.1333433,0 -70.6576916,-34.1331583,0</coordinates></LineString></Placemark><Placemark><name>Trabajado - Cuartel 523 - Hilera 845</name><Style><LineStyle><color>ff00ff00</color><width>3</width></LineStyle></Style><LineString><coordinates>-70.6567283,-34.133185,0 -70.6572683,-34.133055,0</coordinates></LineString></Placemark><Placemark><name>Trabajado - Cuartel 523 - Hilera 846</name><Style><LineStyle><color>ff00ff00</color><width>3</width></LineStyle></Style><LineString><coordinates>-70.6572683,-34.133055,0 -70.6561133,-34.1332816,0</coordinates></LineString></Placemark><Placemark><name>Descartado (grupo chico) - Hilera 542</name><Style><LineStyle><color>ff00ffff</color><width>3</width></LineStyle></Style><LineString><coordinates>-70.65704,-34.1367666,0 -70.6567216,-34.1366816,0</coordinates></LineString></Placemark><Placemark><name>Descartado (grupo chico) - Hilera 553</name><Style><LineStyle><color>ff00ffff</color><width>3</width></LineStyle></Style><LineString><coordinates>-70.659055,-34.13197,0 -70.65884,-34.131895,0</coordinates></LineString></Placemark><Placemark><name>Descartado (grupo chico) - Hilera 555</name><Style><LineStyle><color>ff00ffff</color><width>3</width></LineStyle></Style><LineString><coordinates>-70.6561433,-34.1322133,0 -70.6560083,-34.1321183,0</coordinates></LineString></Placemark><Placemark><name>Descartado (grupo chico) - Hilera 558</name><Style><LineStyle><color>ff00ffff</color><width>3</width></LineStyle></Style><LineString><coordinates>-70.6561083,-34.1320066,0 -70.65591,-34.1319416,0</coordinates></LineString></Placemark><Placemark><name>Descartado (grupo chico) - Hilera 564</name><Style><LineStyle><color>ff00ffff</color><width>3</width></LineStyle></Style><LineString><coordinates>-70.656055,-34.1316583,0 -70.655945,-34.1315616,0</coordinates></LineString></Placemark><Placemark><name>Descartado (grupo chico) - Hilera 567</name><Style><LineStyle><color>ff00ffff</color><width>3</width></LineStyle></Style><LineString><coordinates>-70.6560283,-34.1314783,0 -70.6557833,-34.1313916,0</coordinates></LineString></Placemark><Placemark><name>Descartado (grupo chico) - Hilera 569</name><Style><LineStyle><color>ff00ffff</color><width>3</width></LineStyle></Style><LineString><coordinates>-70.6590483,-34.1309883,0 -70.6575549,-34.1311083,0</coordinates></LineString></Placemark><Placemark><name>Descartado (grupo chico) - Hilera 570</name><Style><LineStyle><color>ff00ffff</color><width>3</width></LineStyle></Style><LineString><coordinates>-70.6575549,-34.1311083,0 -70.6557866,-34.1313549,0</coordinates></LineString></Placemark><Placemark><name>Trabajado - Cuartel 639 - Hilera 639</name><Style><LineStyle><color>ff00ff00</color><width>3</width></LineStyle></Style><LineString><coordinates>-70.6566683,-34.1367016,0 -70.6567783,-34.136825,0</coordinates></LineString></Placemark><Placemark><name>Trabajado - Cuartel 639 - Hilera 644</name><Style><LineStyle><color>ff00ff00</color><width>3</width></LineStyle></Style><LineString><coordinates>-70.6570266,-34.1367999,0 -70.656665,-34.136555,0</coordinates></LineString></Placemark><Placemark><name>Trabajado - Cuartel 639 - Hilera 758</name><Style><LineStyle><color>ff00ff00</color><width>3</width></LineStyle></Style><LineString><coordinates>-70.6566733,-34.136615,0 -70.6567433,-34.13679,0</coordinates></LineString></Placemark><Placemark><name>Trabajado - Cuartel 639 - Hilera 761</name><Style><LineStyle><color>ff00ff00</color><width>3</width></LineStyle></Style><LineString><coordinates>-70.656905,-34.1366983,0 -70.6567649,-34.1365833,0</coordinates></LineString></Placemark><Placemark><name>Trabajado - Cuartel 639 - Hilera 772</name><Style><LineStyle><color>ff00ff00</color><width>3</width></LineStyle></Style><LineString><coordinates>-70.6566216,-34.1361566,0 -70.6568066,-34.1362183,0</coordinates></LineString></Placemark><Placemark><name>Trabajado - Cuartel 639 - Hilera 776</name><Style><LineStyle><color>ff00ff00</color><width>3</width></LineStyle></Style><LineString><coordinates>-70.6565999,-34.1359683,0 -70.6567966,-34.1360266,0</coordinates></LineString></Placemark><Placemark><name>Descartado (grupo chico) - Hilera 682</name><Style><LineStyle><color>ff00ffff</color><width>3</width></LineStyle></Style><LineString><coordinates>-70.6544416,-34.1335733,0 -70.6542066,-34.133945,0</coordinates></LineString></Placemark><Placemark><name>Descartado (grupo chico) - Hilera 683</name><Style><LineStyle><color>ff00ffff</color><width>3</width></LineStyle></Style><LineString><coordinates>-70.6542066,-34.133945,0 -70.6544049,-34.1349833,0</coordinates></LineString></Placemark><Placemark><name>Descartado (grupo chico) - Hilera 713</name><Style><LineStyle><color>ff00ffff</color><width>3</width></LineStyle></Style><LineString><coordinates>-70.6544133,-34.1342866,0 -70.6544216,-34.1343716,0</coordinates></LineString></Placemark><Placemark><name>Trabajado - Cuartel 685 - Hilera 685</name><Style><LineStyle><color>ff00ff00</color><width>3</width></LineStyle></Style><LineString><coordinates>-70.6561333,-34.1347516,0 -70.6563449,-34.1348483,0</coordinates></LineString></Placemark><Placemark><name>Trabajado - Cuartel 685 - Hilera 689</name><Style><LineStyle><color>ff00ff00</color><width>3</width></LineStyle></Style><LineString><coordinates>-70.65458,-34.1356766,0 -70.65796745605455,-34.13522891761303,0</coordinates></LineString></Placemark><Placemark><name>Trabajado - Cuartel 685 - Hilera 727</name><Style><LineStyle><color>ff00ff00</color><width>3</width></LineStyle></Style><LineString><coordinates>-70.6562966,-34.13458,0 -70.6561433,-34.1345466,0</coordinates></LineString></Placemark><Placemark><name>Trabajado - Cuartel 685 - Hilera 732</name><Style><LineStyle><color>ff00ff00</color><width>3</width></LineStyle></Style><LineString><coordinates>-70.65787590252089,-34.13488253102164,0 -70.6546233,-34.1352649,0</coordinates></LineString></Placemark><Placemark><name>Trabajado - Cuartel 685 - Hilera 795</name><Style><LineStyle><color>ff00ff00</color><width>3</width></LineStyle></Style><LineString><coordinates>-70.65683,-34.13509,0 -70.6564266,-34.1350233,0</coordinates></LineString></Placemark><Placemark><name>Trabajado - Cuartel 685 - Hilera 816</name><Style><LineStyle><color>ff00ff00</color><width>3</width></LineStyle></Style><LineString><coordinates>-70.6564483,-34.1347633,0 -70.6566683,-34.1348483,0</coordinates></LineString></Placemark><Placemark><name>Trabajado - Cuartel 685 - Hilera 817</name><Style><LineStyle><color>ff00ff00</color><width>3</width></LineStyle></Style><LineString><coordinates>-70.65444554364035,-34.13508352313552,0 -70.657755,-34.1347333,0</coordinates></LineString></Placemark><Placemark><name>Trabajado - Cuartel 685 - Hilera 825</name><Style><LineStyle><color>ff00ff00</color><width>3</width></LineStyle></Style><LineString><coordinates>-70.65629,-34.13435,0 -70.656585,-34.13446,0</coordinates></LineString></Placemark><Placemark><name>Descartado (grupo chico) - Hilera 687</name><Style><LineStyle><color>ff00ffff</color><width>3</width></LineStyle></Style><LineString><coordinates>-70.6547049,-34.1350516,0 -70.6544633,-34.1354199,0</coordinates></LineString></Placemark><Placemark><name>Descartado (grupo chico) - Hilera 688</name><Style><LineStyle><color>ff00ffff</color><width>3</width></LineStyle></Style><LineString><coordinates>-70.6544633,-34.1354199,0 -70.65458,-34.1356766,0</coordinates></LineString></Placemark><Placemark><name>Descartado (grupo chico) - Hilera 736</name><Style><LineStyle><color>ff00ffff</color><width>3</width></LineStyle></Style><LineString><coordinates>-70.6545416,-34.1355133,0 -70.65462,-34.135605,0</coordinates></LineString></Placemark><Placemark><name>Descartado (grupo chico) - Hilera 690</name><Style><LineStyle><color>ff00ffff</color><width>3</width></LineStyle></Style><LineString><coordinates>-70.6561183,-34.1354733,0 -70.6564816,-34.1356566,0</coordinates></LineString></Placemark><Placemark><name>Descartado (grupo chico) - Hilera 693</name><Style><LineStyle><color>ff00ffff</color><width>3</width></LineStyle></Style><LineString><coordinates>-70.654622892252,-34.13526489741888,0 -70.6546116,-34.1364883,0</coordinates></LineString></Placemark><Placemark><name>Descartado (grupo chico) - Hilera 747</name><Style><LineStyle><color>ff00ffff</color><width>3</width></LineStyle></Style><LineString><coordinates>-70.6546633,-34.1360466,0 -70.65471,-34.1361733,0</coordinates></LineString></Placemark><Placemark><name>Descartado (grupo chico) - Hilera 696</name><Style><LineStyle><color>ff00ffff</color><width>3</width></LineStyle></Style><LineString><coordinates>-70.6547,-34.136815,0 -70.6547566,-34.13708,0</coordinates></LineString></Placemark><Placemark><name>Descartado (grupo chico) - Hilera 698</name><Style><LineStyle><color>ff00ffff</color><width>3</width></LineStyle></Style><LineString><coordinates>-70.656615,-34.1368983,0 -70.6566966,-34.1367,0</coordinates></LineString></Placemark><Placemark><name>Descartado (grupo chico) - Hilera 765</name><Style><LineStyle><color>ff00ffff</color><width>3</width></LineStyle></Style><LineString><coordinates>-70.6568583,-34.136505,0 -70.6567316,-34.1368049,0</coordinates></LineString></Placemark><Placemark><name>Descartado (grupo chico) - Hilera 711</name><Style><LineStyle><color>ff00ffff</color><width>3</width></LineStyle></Style><LineString><coordinates>-70.6561833,-34.1338083,0 -70.655985,-34.1340833,0</coordinates></LineString></Placemark><Placemark><name>Descartado (grupo chico) - Hilera 717</name><Style><LineStyle><color>ff00ffff</color><width>3</width></LineStyle></Style><LineString><coordinates>-70.6546683,-34.134495,0 -70.65437,-34.1347383,0</coordinates></LineString></Placemark><Placemark><name>Descartado (grupo chico) - Hilera 718</name><Style><LineStyle><color>ff00ffff</color><width>3</width></LineStyle></Style><LineString><coordinates>-70.65437,-34.1347383,0 -70.6544766,-34.1346033,0</coordinates></LineString></Placemark><Placemark><name>Descartado (grupo chico) - Hilera 722</name><Style><LineStyle><color>ff00ffff</color><width>3</width></LineStyle></Style><LineString><coordinates>-70.6563533,-34.1347966,0 -70.65679,-34.1368633,0</coordinates></LineString></Placemark><Placemark><name>Descartado (grupo chico) - Hilera 734</name><Style><LineStyle><color>ff00ffff</color><width>3</width></LineStyle></Style><LineString><coordinates>-70.6562466,-34.1351416,0 -70.656135,-34.1353516,0</coordinates></LineString></Placemark><Placemark><name>Descartado (grupo chico) - Hilera 796</name><Style><LineStyle><color>ff00ffff</color><width>3</width></LineStyle></Style><LineString><coordinates>-70.6564549,-34.1351116,0 -70.6564216,-34.1351966,0</coordinates></LineString></Placemark><Placemark><name>Descartado (grupo chico) - Hilera 740</name><Style><LineStyle><color>ff00ffff</color><width>3</width></LineStyle></Style><LineString><coordinates>-70.6548283,-34.1357983,0 -70.6546883,-34.1359033,0</coordinates></LineString></Placemark><Placemark><name>Descartado (grupo chico) - Hilera 743</name><Style><LineStyle><color>ff00ffff</color><width>3</width></LineStyle></Style><LineString><coordinates>-70.6546233,-34.1361166,0 -70.6546783,-34.1360366,0</coordinates></LineString></Placemark><Placemark><name>Descartado (grupo chico) - Hilera 745</name><Style><LineStyle><color>ff00ffff</color><width>3</width></LineStyle></Style><LineString><coordinates>-70.6547866,-34.13605,0 -70.6548799,-34.136,0</coordinates></LineString></Placemark><Placemark><name>Descartado (grupo chico) - Hilera 744</name><Style><LineStyle><color>ff00ffff</color><width>3</width></LineStyle></Style><LineString><coordinates>-70.6546783,-34.1360366,0 -70.6547866,-34.13605,0</coordinates></LineString></Placemark><Placemark><name>Descartado (grupo chico) - Hilera 746</name><Style><LineStyle><color>ff00ffff</color><width>3</width></LineStyle></Style><LineString><coordinates>-70.6548816,-34.1360449,0 -70.6546633,-34.1360466,0</coordinates></LineString></Placemark><Placemark><name>Descartado (grupo chico) - Hilera 751</name><Style><LineStyle><color>ff00ffff</color><width>3</width></LineStyle></Style><LineString><coordinates>-70.6566183,-34.1362783,0 -70.6564716,-34.13637,0</coordinates></LineString></Placemark><Placemark><name>Descartado (grupo chico) - Hilera 757</name><Style><LineStyle><color>ff00ffff</color><width>3</width></LineStyle></Style><LineString><coordinates>-70.6565216,-34.1367033,0 -70.6566733,-34.136615,0</coordinates></LineString></Placemark><Placemark><name>Descartado (grupo chico) - Hilera 752</name><Style><LineStyle><color>ff00ffff</color><width>3</width></LineStyle></Style><LineString><coordinates>-70.65837687893197,-34.136137985843696,0 -70.65472,-34.1365833,0</coordinates></LineString></Placemark><Placemark><name>Descartado (grupo chico) - Hilera 755</name><Style><LineStyle><color>ff00ffff</color><width>3</width></LineStyle></Style><LineString><coordinates>-70.6549066,-34.1368266,0 -70.6547699,-34.1369216,0</coordinates></LineString></Placemark><Placemark><name>Trabajado - Cuartel 759 - Hilera 759</name><Style><LineStyle><color>ff00ff00</color><width>3</width></LineStyle></Style><LineString><coordinates>-70.6584866,-34.1366083,0 -70.6583216,-34.136525,0</coordinates></LineString></Placemark><Placemark><name>Trabajado - Cuartel 759 - Hilera 763</name><Style><LineStyle><color>ff00ff00</color><width>3</width></LineStyle></Style><LineString><coordinates>-70.6584116,-34.136395,0 -70.6583183,-34.1363466,0</coordinates></LineString></Placemark><Placemark><name>Trabajado - Cuartel 759 - Hilera 770</name><Style><LineStyle><color>ff00ff00</color><width>3</width></LineStyle></Style><LineString><coordinates>-70.6584516,-34.1360316,0 -70.6583799,-34.1359616,0</coordinates></LineString></Placemark><Placemark><name>Trabajado - Cuartel 759 - Hilera 774</name><Style><LineStyle><color>ff00ff00</color><width>3</width></LineStyle></Style><LineString><coordinates>-70.6584116,-34.1359533,0 -70.6581366,-34.1357966,0</coordinates></LineString></Placemark><Placemark><name>Trabajado - Cuartel 759 - Hilera 782</name><Style><LineStyle><color>ff00ff00</color><width>3</width></LineStyle></Style><LineString><coordinates>-70.6582483,-34.1356866,0 -70.65836,-34.13579,0</coordinates></LineString></Placemark><Placemark><name>Trabajado - Cuartel 759 - Hilera 784</name><Style><LineStyle><color>ff00ff00</color><width>3</width></LineStyle></Style><LineString><coordinates>-70.6585533,-34.1365616,0 -70.6586383,-34.1366016,0</coordinates></LineString></Placemark><Placemark><name>Trabajado - Cuartel 759 - Hilera 788</name><Style><LineStyle><color>ff00ff00</color><width>3</width></LineStyle></Style><LineString><coordinates>-70.658405,-34.1355433,0 -70.65829,-34.1354,0</coordinates></LineString></Placemark><Placemark><name>Trabajado - Cuartel 759 - Hilera 808</name><Style><LineStyle><color>ff00ff00</color><width>3</width></LineStyle></Style><LineString><coordinates>-70.6582816,-34.135185,0 -70.658125,-34.1349816,0</coordinates></LineString></Placemark><Placemark><name>Descartado (grupo chico) - Hilera 767</name><Style><LineStyle><color>ff00ffff</color><width>3</width></LineStyle></Style><LineString><coordinates>-70.6584066,-34.1365833,0 -70.6583799,-34.136155,0</coordinates></LineString></Placemark><Placemark><name>Descartado (grupo chico) - Hilera 783</name><Style><LineStyle><color>ff00ffff</color><width>3</width></LineStyle></Style><LineString><coordinates>-70.65836,-34.13579,0 -70.6585533,-34.1365616,0</coordinates></LineString></Placemark><Placemark><name>Descartado (grupo chico) - Hilera 787</name><Style><LineStyle><color>ff00ffff</color><width>3</width></LineStyle></Style><LineString><coordinates>-70.65853,-34.1365266,0 -70.658405,-34.1355433,0</coordinates></LineString></Placemark><Placemark><name>Descartado (grupo chico) - Hilera 807</name><Style><LineStyle><color>ff00ffff</color><width>3</width></LineStyle></Style><LineString><coordinates>-70.6585416,-34.1365433,0 -70.6582816,-34.135185,0</coordinates></LineString></Placemark><Placemark><name>Descartado (grupo chico) - Hilera 769</name><Style><LineStyle><color>ff00ffff</color><width>3</width></LineStyle></Style><LineString><coordinates>-70.6583883,-34.1361883,0 -70.6584516,-34.1360316,0</coordinates></LineString></Placemark><Placemark><name>Descartado (grupo chico) - Hilera 778</name><Style><LineStyle><color>ff00ffff</color><width>3</width></LineStyle></Style><LineString><coordinates>-70.658115,-34.1358833,0 -70.6582433,-34.1356133,0</coordinates></LineString></Placemark><Placemark><name>Descartado (grupo chico) - Hilera 791</name><Style><LineStyle><color>ff00ffff</color><width>3</width></LineStyle></Style><LineString><coordinates>-70.6582416,-34.1354716,0 -70.6582633,-34.13509,0</coordinates></LineString></Placemark><Placemark><name>Descartado (grupo chico) - Hilera 793</name><Style><LineStyle><color>ff00ffff</color><width>3</width></LineStyle></Style><LineString><coordinates>-70.6579699,-34.1352416,0 -70.658115,-34.1349633,0</coordinates></LineString></Placemark><Placemark><name>Descartado (grupo chico) - Hilera 814</name><Style><LineStyle><color>ff00ffff</color><width>3</width></LineStyle></Style><LineString><coordinates>-70.6578766,-34.1348866,0 -70.6582116,-34.1346066,0</coordinates></LineString></Placemark><Placemark><name>Descartado (grupo chico) - Hilera 818</name><Style><LineStyle><color>ff00ffff</color><width>3</width></LineStyle></Style><LineString><coordinates>-70.657755,-34.1347333,0 -70.6581633,-34.1344349,0</coordinates></LineString></Placemark><Placemark><name>Descartado (grupo chico) - Hilera 822</name><Style><LineStyle><color>ff00ffff</color><width>3</width></LineStyle></Style><LineString><coordinates>-70.6577033,-34.134545,0 -70.6579916,-34.13422,0</coordinates></LineString></Placemark><Placemark><name>Descartado (grupo chico) - Hilera 826</name><Style><LineStyle><color>ff00ffff</color><width>3</width></LineStyle></Style><LineString><coordinates>-70.6579366,-34.1342866,0 -70.6578083,-34.1340516,0</coordinates></LineString></Placemark><Placemark><name>Descartado (grupo chico) - Hilera 829</name><Style><LineStyle><color>ff00ffff</color><width>3</width></LineStyle></Style><LineString><coordinates>-70.65807,-34.1339916,0 -70.6579299,-34.1338633,0</coordinates></LineString></Placemark><Placemark><name>Descartado (grupo chico) - Hilera 832</name><Style><LineStyle><color>ff00ffff</color><width>3</width></LineStyle></Style><LineString><coordinates>-70.6575633,-34.1339499,0 -70.6579583,-34.1336683,0</coordinates></LineString></Placemark><Placemark><name>Descartado (grupo chico) - Hilera 835</name><Style><LineStyle><color>ff00ffff</color><width>3</width></LineStyle></Style><LineString><coordinates>-70.65771,-34.13375,0 -70.6578333,-34.1334716,0</coordinates></LineString></Placemark><Placemark><name>Descartado (grupo chico) - Hilera 842</name><Style><LineStyle><color>ff00ffff</color><width>3</width></LineStyle></Style><LineString><coordinates>-70.6579216,-34.1332233,0 -70.65758132764819,-34.13310867504992,0</coordinates></LineString></Placemark><Placemark><name>Descartado (grupo chico) - Hilera 850</name><Style><LineStyle><color>ff00ffff</color><width>3</width></LineStyle></Style><LineString><coordinates>-70.6622233,-34.141545,0 -70.6658883,-34.140935,0</coordinates></LineString></Placemark><Placemark><name>Descartado (grupo chico) - Hilera 856</name><Style><LineStyle><color>ff00ffff</color><width>3</width></LineStyle></Style><LineString><coordinates>-70.66590132997399,-34.14098430680286,0 -70.6621983,-34.1415466,0</coordinates></LineString></Placemark><Placemark><name>Descartado (grupo chico) - Hilera 873</name><Style><LineStyle><color>ff00ffff</color><width>3</width></LineStyle></Style><LineString><coordinates>-70.665965,-34.1409499,0 -70.6622616,-34.1415733,0</coordinates></LineString></Placemark><Placemark><name>Descartado (grupo chico) - Hilera 851</name><Style><LineStyle><color>ff00ffff</color><width>3</width></LineStyle></Style><LineString><coordinates>-70.66585460029198,-34.14099212606396,0 -70.6659316,-34.1408616,0</coordinates></LineString></Placemark><Placemark><name>Descartado (grupo chico) - Hilera 862</name><Style><LineStyle><color>ff00ffff</color><width>3</width></LineStyle></Style><LineString><coordinates>-70.6659,-34.1409783,0 -70.6659333,-34.1408683,0</coordinates></LineString></Placemark><Placemark><name>Trabajado - Cuartel 852 - Hilera 852</name><Style><LineStyle><color>ff00ff00</color><width>3</width></LineStyle></Style><LineString><coordinates>-70.6659316,-34.1408616,0 -70.6634133,-34.1362533,0</coordinates></LineString></Placemark><Placemark><name>Trabajado - Cuartel 852 - Hilera 854</name><Style><LineStyle><color>ff00ff00</color><width>3</width></LineStyle></Style><LineString><coordinates>-70.66362583653425,-34.13649419242042,0 -70.66572315631797,-34.1404164441248,0</coordinates></LineString></Placemark><Placemark><name>Trabajado - Cuartel 852 - Hilera 865</name><Style><LineStyle><color>ff00ff00</color><width>3</width></LineStyle></Style><LineString><coordinates>-70.6645866,-34.1382533,0 -70.664185,-34.1376116,0</coordinates></LineString></Placemark><Placemark><name>Trabajado - Cuartel 852 - Hilera 868</name><Style><LineStyle><color>ff00ff00</color><width>3</width></LineStyle></Style><LineString><coordinates>-70.6659616,-34.140985,0 -70.66353,-34.1363116,0</coordinates></LineString></Placemark><Placemark><name>Trabajado - Cuartel 852 - Hilera 869</name><Style><LineStyle><color>ff00ff00</color><width>3</width></LineStyle></Style><LineString><coordinates>-70.66353,-34.1363116,0 -70.66575589590579,-34.140404400922186,0</coordinates></LineString></Placemark><Placemark><name>Trabajado - Cuartel 852 - Hilera 870</name><Style><LineStyle><color>ff00ff00</color><width>3</width></LineStyle></Style><LineString><coordinates>-70.6655466,-34.1400516,0 -70.66359,-34.1365516,0</coordinates></LineString></Placemark><Placemark><name>Descartado (grupo chico) - Hilera 853</name><Style><LineStyle><color>ff00ffff</color><width>3</width></LineStyle></Style><LineString><coordinates>-70.6634133,-34.1362533,0 -70.6638,-34.1368199,0</coordinates></LineString></Placemark><Placemark><name>Descartado (grupo chico) - Hilera 855</name><Style><LineStyle><color>ff00ffff</color><width>3</width></LineStyle></Style><LineString><coordinates>-70.6646433,-34.138385,0 -70.6659233,-34.1409116,0</coordinates></LineString></Placemark><Placemark><name>Descartado (grupo chico) - Hilera 863</name><Style><LineStyle><color>ff00ffff</color><width>3</width></LineStyle></Style><LineString><coordinates>-70.6659333,-34.1408683,0 -70.6645933,-34.1385016,0</coordinates></LineString></Placemark><Placemark><name>Descartado (grupo chico) - Hilera 864</name><Style><LineStyle><color>ff00ffff</color><width>3</width></LineStyle></Style><LineString><coordinates>-70.6645933,-34.1385016,0 -70.6645866,-34.1382533,0</coordinates></LineString></Placemark><Placemark><name>Descartado (grupo chico) - Hilera 866</name><Style><LineStyle><color>ff00ffff</color><width>3</width></LineStyle></Style><LineString><coordinates>-70.66569173699432,-34.14030833502347,0 -70.6660949,-34.1409883,0</coordinates></LineString></Placemark><Placemark><name>Descartado (grupo chico) - Hilera 871</name><Style><LineStyle><color>ff00ffff</color><width>3</width></LineStyle></Style><LineString><coordinates>-70.6656333,-34.1402299,0 -70.66576,-34.1403799,0</coordinates></LineString></Placemark><Placemark><name>Descartado (grupo chico) - Hilera 872</name><Style><LineStyle><color>ff00ffff</color><width>3</width></LineStyle></Style><LineString><coordinates>-70.6657933,-34.1404816,0 -70.6659883,-34.1409066,0</coordinates></LineString></Placemark><Placemark><name>Descartado (grupo chico) - Hilera 867</name><Style><LineStyle><color>ff00ffff</color><width>3</width></LineStyle></Style><LineString><coordinates>-70.6660949,-34.1409883,0 -70.66601,-34.1410266,0</coordinates></LineString></Placemark><Placemark><name>Descartado (grupo chico) - Hilera 880</name><Style><LineStyle><color>ff00ffff</color><width>3</width></LineStyle></Style><LineString><coordinates>-70.6886583,-34.1359316,0 -70.6887666,-34.13598,0</coordinates></LineString></Placemark><Placemark><name>Descartado (grupo chico) - Hilera 881</name><Style><LineStyle><color>ff00ffff</color><width>3</width></LineStyle></Style><LineString><coordinates>-70.7267866,-34.1562833,0 -70.72849725082787,-34.15612822365702,0</coordinates></LineString></Placemark><Placemark><name>Descartado (grupo chico) - Hilera 882</name><Style><LineStyle><color>ff00ffff</color><width>3</width></LineStyle></Style><LineString><coordinates>-70.7284966,-34.1561233,0 -70.72879,-34.1561283,0</coordinates></LineString></Placemark><Placemark><name>Descartado (grupo chico) - Hilera 883</name><Style><LineStyle><color>ff00ffff</color><width>3</width></LineStyle></Style><LineString><coordinates>-70.72879,-34.1561283,0 -70.7288633,-34.1561899,0</coordinates></LineString></Placemark><Placemark><name>Trabajado - Cuartel 884 - Hilera 884</name><Style><LineStyle><color>ff00ff00</color><width>3</width></LineStyle></Style><LineString><coordinates>-71.5397366,-34.6825266,0 -71.539675,-34.6824516,0</coordinates></LineString></Placemark><Placemark><name>Trabajado - Cuartel 884 - Hilera 885</name><Style><LineStyle><color>ff00ff00</color><width>3</width></LineStyle></Style><LineString><coordinates>-71.539675,-34.6824516,0 -71.53988,-34.6829683,0</coordinates></LineString></Placemark><Placemark><name>Trabajado - Cuartel 884 - Hilera 886</name><Style><LineStyle><color>ff00ff00</color><width>3</width></LineStyle></Style><LineString><coordinates>-71.539755,-34.682925,0 -71.53982,-34.6830016,0</coordinates></LineString></Placemark><Placemark><name>Trabajado - Cuartel 884 - Hilera 985</name><Style><LineStyle><color>ff00ff00</color><width>3</width></LineStyle></Style><LineString><coordinates>-71.5397883,-34.6829483,0 -71.53977,-34.6828566,0</coordinates></LineString></Placemark><Placemark><name>Trabajado - Cuartel 884 - Hilera 986</name><Style><LineStyle><color>ff00ff00</color><width>3</width></LineStyle></Style><LineString><coordinates>-71.53977,-34.6828566,0 -71.53985563398986,-34.68303016778673,0</coordinates></LineString></Placemark><Placemark><name>Trabajado - Cuartel 884 - Hilera 1181</name><Style><LineStyle><color>ff00ff00</color><width>3</width></LineStyle></Style><LineString><coordinates>-71.5398866,-34.6827333,0 -71.5397533,-34.6824483,0</coordinates></LineString></Placemark><Placemark><name>Trabajado - Cuartel 887 - Hilera 887</name><Style><LineStyle><color>ff00ff00</color><width>3</width></LineStyle></Style><LineString><coordinates>-71.53982,-34.6830016,0 -71.5403033,-34.68278,0</coordinates></LineString></Placemark><Placemark><name>Trabajado - Cuartel 887 - Hilera 984</name><Style><LineStyle><color>ff00ff00</color><width>3</width></LineStyle></Style><LineString><coordinates>-71.5401166,-34.6829616,0 -71.5397883,-34.6829483,0</coordinates></LineString></Placemark><Placemark><name>Trabajado - Cuartel 887 - Hilera 987</name><Style><LineStyle><color>ff00ff00</color><width>3</width></LineStyle></Style><LineString><coordinates>-71.5398333,-34.6829849,0 -71.5402116,-34.6828683,0</coordinates></LineString></Placemark><Placemark><name>Trabajado - Cuartel 887 - Hilera 1065</name><Style><LineStyle><color>ff00ff00</color><width>3</width></LineStyle></Style><LineString><coordinates>-71.5402033,-34.6829466,0 -71.5401149,-34.6829933,0</coordinates></LineString></Placemark><Placemark><name>Trabajado - Cuartel 887 - Hilera 1066</name><Style><LineStyle><color>ff00ff00</color><width>3</width></LineStyle></Style><LineString><coordinates>-71.5401149,-34.6829933,0 -71.5397433,-34.6829466,0</coordinates></LineString></Placemark><Placemark><name>Trabajado - Cuartel 887 - Hilera 1067</name><Style><LineStyle><color>ff00ff00</color><width>3</width></LineStyle></Style><LineString><coordinates>-71.5398316,-34.6830383,0 -71.5402216,-34.6828316,0</coordinates></LineString></Placemark><Placemark><name>Trabajado - Cuartel 887 - Hilera 1117</name><Style><LineStyle><color>ff00ff00</color><width>3</width></LineStyle></Style><LineString><coordinates>-71.540155,-34.6829349,0 -71.5398049,-34.6829216,0</coordinates></LineString></Placemark><Placemark><name>Trabajado - Cuartel 887 - Hilera 1118</name><Style><LineStyle><color>ff00ff00</color><width>3</width></LineStyle></Style><LineString><coordinates>-71.5397783,-34.6829833,0 -71.5402183,-34.6829016,0</coordinates></LineString></Placemark><Placemark><name>Trabajado - Cuartel 887 - Hilera 1176</name><Style><LineStyle><color>ff00ff00</color><width>3</width></LineStyle></Style><LineString><coordinates>-71.5402666,-34.6828683,0 -71.5401583,-34.6829566,0</coordinates></LineString></Placemark><Placemark><name>Trabajado - Cuartel 887 - Hilera 1178</name><Style><LineStyle><color>ff00ff00</color><width>3</width></LineStyle></Style><LineString><coordinates>-71.5401033,-34.6829416,0 -71.5397616,-34.6828833,0</coordinates></LineString></Placemark><Placemark><name>Trabajado - Cuartel 887 - Hilera 1180</name><Style><LineStyle><color>ff00ff00</color><width>3</width></LineStyle></Style><LineString><coordinates>-71.5397416,-34.6829033,0 -71.5398866,-34.6827333,0</coordinates></LineString></Placemark><Placemark><name>Trabajado - Cuartel 888 - Hilera 888</name><Style><LineStyle><color>ff00ff00</color><width>3</width></LineStyle></Style><LineString><coordinates>-71.5403033,-34.68278,0 -71.54385524444214,-34.67455035555115,0</coordinates></LineString></Placemark><Placemark><name>Trabajado - Cuartel 888 - Hilera 889</name><Style><LineStyle><color>ff00ff00</color><width>3</width></LineStyle></Style><LineString><coordinates>-71.542475,-34.6777483,0 -71.5426166,-34.6777116,0</coordinates></LineString></Placemark><Placemark><name>Trabajado - Cuartel 888 - Hilera 890</name><Style><LineStyle><color>ff00ff00</color><width>3</width></LineStyle></Style><LineString><coordinates>-71.5426166,-34.6777116,0 -71.5424183,-34.6779716,0</coordinates></LineString></Placemark><Placemark><name>Trabajado - Cuartel 888 - Hilera 891</name><Style><LineStyle><color>ff00ff00</color><width>3</width></LineStyle></Style><LineString><coordinates>-71.5424183,-34.6779716,0 -71.5425283,-34.6779083,0</coordinates></LineString></Placemark><Placemark><name>Trabajado - Cuartel 888 - Hilera 892</name><Style><LineStyle><color>ff00ff00</color><width>3</width></LineStyle></Style><LineString><coordinates>-71.54249794738699,-34.67798668562312,0 -71.54380103917995,-34.67462145106766,0</coordinates></LineString></Placemark><Placemark><name>Trabajado - Cuartel 888 - Hilera 893</name><Style><LineStyle><color>ff00ff00</color><width>3</width></LineStyle></Style><LineString><coordinates>-71.5425683,-34.677805,0 -71.5425016,-34.6776399,0</coordinates></LineString></Placemark><Placemark><name>Trabajado - Cuartel 888 - Hilera 894</name><Style><LineStyle><color>ff00ff00</color><width>3</width></LineStyle></Style><LineString><coordinates>-71.5425016,-34.6776399,0 -71.5423502189968,-34.677715728120695,0</coordinates></LineString></Placemark><Placemark><name>Trabajado - Cuartel 888 - Hilera 895</name><Style><LineStyle><color>ff00ff00</color><width>3</width></LineStyle></Style><LineString><coordinates>-71.54239764094251,-34.677678772565166,0 -71.541845,-34.6791633,0</coordinates></LineString></Placemark><Placemark><name>Trabajado - Cuartel 888 - Hilera 896</name><Style><LineStyle><color>ff00ff00</color><width>3</width></LineStyle></Style><LineString><coordinates>-71.54377720105805,-34.67461930788103,0 -71.5417399,-34.6789883,0</coordinates></LineString></Placemark><Placemark><name>Trabajado - Cuartel 888 - Hilera 898</name><Style><LineStyle><color>ff00ff00</color><width>3</width></LineStyle></Style><LineString><coordinates>-71.5423966,-34.6776966,0 -71.5418266,-34.6791183,0</coordinates></LineString></Placemark><Placemark><name>Trabajado - Cuartel 888 - Hilera 899</name><Style><LineStyle><color>ff00ff00</color><width>3</width></LineStyle></Style><LineString><coordinates>-71.54179,-34.6790716,0 -71.54304323860127,-34.67627579243689,0</coordinates></LineString></Placemark><Placemark><name>Trabajado - Cuartel 888 - Hilera 900</name><Style><LineStyle><color>ff00ff00</color><width>3</width></LineStyle></Style><LineString><coordinates>-71.542425,-34.677655,0 -71.5417399,-34.6790783,0</coordinates></LineString></Placemark><Placemark><name>Trabajado - Cuartel 888 - Hilera 901</name><Style><LineStyle><color>ff00ff00</color><width>3</width></LineStyle></Style><LineString><coordinates>-71.5417399,-34.6790783,0 -71.5423783,-34.6776116,0</coordinates></LineString></Placemark><Placemark><name>Trabajado - Cuartel 888 - Hilera 902</name><Style><LineStyle><color>ff00ff00</color><width>3</width></LineStyle></Style><LineString><coordinates>-71.5423783,-34.6776116,0 -71.54176,-34.67887,0</coordinates></LineString></Placemark><Placemark><name>Trabajado - Cuartel 888 - Hilera 903</name><Style><LineStyle><color>ff00ff00</color><width>3</width></LineStyle></Style><LineString><coordinates>-71.54176,-34.67887,0 -71.542335,-34.6775733,0</coordinates></LineString></Placemark><Placemark><name>Trabajado - Cuartel 888 - Hilera 904</name><Style><LineStyle><color>ff00ff00</color><width>3</width></LineStyle></Style><LineString><coordinates>-71.5422783,-34.6775533,0 -71.5416383,-34.67903,0</coordinates></LineString></Placemark><Placemark><name>Trabajado - Cuartel 888 - Hilera 905</name><Style><LineStyle><color>ff00ff00</color><width>3</width></LineStyle></Style><LineString><coordinates>-71.5422166,-34.6776616,0 -71.5421933,-34.6775583,0</coordinates></LineString></Placemark><Placemark><name>Trabajado - Cuartel 888 - Hilera 906</name><Style><LineStyle><color>ff00ff00</color><width>3</width></LineStyle></Style><LineString><coordinates>-71.54347247234499,-34.6742449022461,0 -71.54162,-34.6790433,0</coordinates></LineString></Placemark><Placemark><name>Trabajado - Cuartel 888 - Hilera 907</name><Style><LineStyle><color>ff00ff00</color><width>3</width></LineStyle></Style><LineString><coordinates>-71.54250114048891,-34.677946840142496,0 -71.5421483,-34.6774766,0</coordinates></LineString></Placemark><Placemark><name>Trabajado - Cuartel 888 - Hilera 908</name><Style><LineStyle><color>ff00ff00</color><width>3</width></LineStyle></Style><LineString><coordinates>-71.54263802431308,-34.67614197237201,0 -71.5415783,-34.67903,0</coordinates></LineString></Placemark><Placemark><name>Trabajado - Cuartel 888 - Hilera 909</name><Style><LineStyle><color>ff00ff00</color><width>3</width></LineStyle></Style><LineString><coordinates>-71.542105,-34.677505,0 -71.5414933,-34.6789716,0</coordinates></LineString></Placemark><Placemark><name>Trabajado - Cuartel 888 - Hilera 910</name><Style><LineStyle><color>ff00ff00</color><width>3</width></LineStyle></Style><LineString><coordinates>-71.5414933,-34.6789716,0 -71.54260322851925,-34.676061528745905,0</coordinates></LineString></Placemark><Placemark><name>Trabajado - Cuartel 888 - Hilera 911</name><Style><LineStyle><color>ff00ff00</color><width>3</width></LineStyle></Style><LineString><coordinates>-71.5420616,-34.6774816,0 -71.5414816,-34.6787649,0</coordinates></LineString></Placemark><Placemark><name>Trabajado - Cuartel 888 - Hilera 914</name><Style><LineStyle><color>ff00ff00</color><width>3</width></LineStyle></Style><LineString><coordinates>-71.541735,-34.679105,0 -71.54293193820655,-34.676189913874836,0</coordinates></LineString></Placemark><Placemark><name>Trabajado - Cuartel 888 - Hilera 915</name><Style><LineStyle><color>ff00ff00</color><width>3</width></LineStyle></Style><LineString><coordinates>-71.54297619660696,-34.67622127445286,0 -71.5416933,-34.6790599,0</coordinates></LineString></Placemark><Placemark><name>Trabajado - Cuartel 888 - Hilera 916</name><Style><LineStyle><color>ff00ff00</color><width>3</width></LineStyle></Style><LineString><coordinates>-71.5416933,-34.6790599,0 -71.54289941352296,-34.676140131082676,0</coordinates></LineString></Placemark><Placemark><name>Trabajado - Cuartel 888 - Hilera 917</name><Style><LineStyle><color>ff00ff00</color><width>3</width></LineStyle></Style><LineString><coordinates>-71.542295,-34.6776033,0 -71.5415883,-34.6790483,0</coordinates></LineString></Placemark><Placemark><name>Trabajado - Cuartel 888 - Hilera 918</name><Style><LineStyle><color>ff00ff00</color><width>3</width></LineStyle></Style><LineString><coordinates>-71.5415883,-34.6790483,0 -71.5422116,-34.6776316,0</coordinates></LineString></Placemark><Placemark><name>Trabajado - Cuartel 888 - Hilera 919</name><Style><LineStyle><color>ff00ff00</color><width>3</width></LineStyle></Style><LineString><coordinates>-71.54362350954747,-34.674267081071285,0 -71.5415566,-34.6790216,0</coordinates></LineString></Placemark><Placemark><name>Trabajado - Cuartel 888 - Hilera 920</name><Style><LineStyle><color>ff00ff00</color><width>3</width></LineStyle></Style><LineString><coordinates>-71.54355255466598,-34.67449030849531,0 -71.5414649,-34.6789749,0</coordinates></LineString></Placemark><Placemark><name>Trabajado - Cuartel 888 - Hilera 921</name><Style><LineStyle><color>ff00ff00</color><width>3</width></LineStyle></Style><LineString><coordinates>-71.5415266,-34.6789616,0 -71.5421133,-34.6775233,0</coordinates></LineString></Placemark><Placemark><name>Trabajado - Cuartel 888 - Hilera 922</name><Style><LineStyle><color>ff00ff00</color><width>3</width></LineStyle></Style><LineString><coordinates>-71.54340231358054,-34.67423773779613,0 -71.54146,-34.6789366,0</coordinates></LineString></Placemark><Placemark><name>Trabajado - Cuartel 888 - Hilera 923</name><Style><LineStyle><color>ff00ff00</color><width>3</width></LineStyle></Style><LineString><coordinates>-71.5420783,-34.6774933,0 -71.5419683,-34.6774833,0</coordinates></LineString></Placemark><Placemark><name>Trabajado - Cuartel 888 - Hilera 924</name><Style><LineStyle><color>ff00ff00</color><width>3</width></LineStyle></Style><LineString><coordinates>-71.54198518788492,-34.67743860641126,0 -71.5414116,-34.6789566,0</coordinates></LineString></Placemark><Placemark><name>Trabajado - Cuartel 888 - Hilera 925</name><Style><LineStyle><color>ff00ff00</color><width>3</width></LineStyle></Style><LineString><coordinates>-71.5414116,-34.6789566,0 -71.5436391747395,-34.67353213819607,0</coordinates></LineString></Placemark><Placemark><name>Trabajado - Cuartel 888 - Hilera 926</name><Style><LineStyle><color>ff00ff00</color><width>3</width></LineStyle></Style><LineString><coordinates>-71.5420399,-34.6774266,0 -71.5413766,-34.6788166,0</coordinates></LineString></Placemark><Placemark><name>Trabajado - Cuartel 888 - Hilera 927</name><Style><LineStyle><color>ff00ff00</color><width>3</width></LineStyle></Style><LineString><coordinates>-71.5413766,-34.6788166,0 -71.5419416,-34.6774166,0</coordinates></LineString></Placemark><Placemark><name>Trabajado - Cuartel 888 - Hilera 928</name><Style><LineStyle><color>ff00ff00</color><width>3</width></LineStyle></Style><LineString><coordinates>-71.54361453408806,-34.67338915789144,0 -71.5412949,-34.67883,0</coordinates></LineString></Placemark><Placemark><name>Trabajado - Cuartel 888 - Hilera 929</name><Style><LineStyle><color>ff00ff00</color><width>3</width></LineStyle></Style><LineString><coordinates>-71.54126765657166,-34.67889019219588,0 -71.5419233,-34.6774416,0</coordinates></LineString></Placemark><Placemark><name>Trabajado - Cuartel 888 - Hilera 930</name><Style><LineStyle><color>ff00ff00</color><width>3</width></LineStyle></Style><LineString><coordinates>-71.54229029364429,-34.677195228753185,0 -71.5418016,-34.6775233,0</coordinates></LineString></Placemark><Placemark><name>Trabajado - Cuartel 888 - Hilera 931</name><Style><LineStyle><color>ff00ff00</color><width>3</width></LineStyle></Style><LineString><coordinates>-71.54186875141623,-34.67737216675513,0 -71.5412099,-34.678855,0</coordinates></LineString></Placemark><Placemark><name>Trabajado - Cuartel 888 - Hilera 932</name><Style><LineStyle><color>ff00ff00</color><width>3</width></LineStyle></Style><LineString><coordinates>-71.5412099,-34.678855,0 -71.5418233,-34.6773333,0</coordinates></LineString></Placemark><Placemark><name>Trabajado - Cuartel 888 - Hilera 933</name><Style><LineStyle><color>ff00ff00</color><width>3</width></LineStyle></Style><LineString><coordinates>-71.5418233,-34.6773333,0 -71.5411533,-34.6787783,0</coordinates></LineString></Placemark><Placemark><name>Trabajado - Cuartel 888 - Hilera 935</name><Style><LineStyle><color>ff00ff00</color><width>3</width></LineStyle></Style><LineString><coordinates>-71.5417849,-34.6774166,0 -71.54168160691572,-34.67727987678957,0</coordinates></LineString></Placemark><Placemark><name>Trabajado - Cuartel 888 - Hilera 936</name><Style><LineStyle><color>ff00ff00</color><width>3</width></LineStyle></Style><LineString><coordinates>-71.54359578531967,-34.67338320545314,0 -71.5410616,-34.6787783,0</coordinates></LineString></Placemark><Placemark><name>Trabajado - Cuartel 888 - Hilera 937</name><Style><LineStyle><color>ff00ff00</color><width>3</width></LineStyle></Style><LineString><coordinates>-71.541675,-34.6772833,0 -71.54102644243227,-34.678776497822895,0</coordinates></LineString></Placemark><Placemark><name>Trabajado - Cuartel 888 - Hilera 938</name><Style><LineStyle><color>ff00ff00</color><width>3</width></LineStyle></Style><LineString><coordinates>-71.54163,-34.6772999,0 -71.5409333,-34.6787483,0</coordinates></LineString></Placemark><Placemark><name>Trabajado - Cuartel 888 - Hilera 939</name><Style><LineStyle><color>ff00ff00</color><width>3</width></LineStyle></Style><LineString><coordinates>-71.54099361636526,-34.67876665336312,0 -71.5416349,-34.67731,0</coordinates></LineString></Placemark><Placemark><name>Trabajado - Cuartel 888 - Hilera 940</name><Style><LineStyle><color>ff00ff00</color><width>3</width></LineStyle></Style><LineString><coordinates>-71.5416349,-34.67731,0 -71.5409283,-34.6787033,0</coordinates></LineString></Placemark><Placemark><name>Trabajado - Cuartel 888 - Hilera 941</name><Style><LineStyle><color>ff00ff00</color><width>3</width></LineStyle></Style><LineString><coordinates>-71.5409283,-34.6787033,0 -71.5415833,-34.677275,0</coordinates></LineString></Placemark><Placemark><name>Trabajado - Cuartel 888 - Hilera 942</name><Style><LineStyle><color>ff00ff00</color><width>3</width></LineStyle></Style><LineString><coordinates>-71.5415833,-34.677275,0 -71.5414733,-34.677285,0</coordinates></LineString></Placemark><Placemark><name>Trabajado - Cuartel 888 - Hilera 943</name><Style><LineStyle><color>ff00ff00</color><width>3</width></LineStyle></Style><LineString><coordinates>-71.54148628634046,-34.67725387117733,0 -71.5408983,-34.6786633,0</coordinates></LineString></Placemark><Placemark><name>Trabajado - Cuartel 888 - Hilera 944</name><Style><LineStyle><color>ff00ff00</color><width>3</width></LineStyle></Style><LineString><coordinates>-71.5415133,-34.6772616,0 -71.54085,-34.6785716,0</coordinates></LineString></Placemark><Placemark><name>Trabajado - Cuartel 888 - Hilera 946</name><Style><LineStyle><color>ff00ff00</color><width>3</width></LineStyle></Style><LineString><coordinates>-71.5408516,-34.6786616,0 -71.5414316,-34.67715,0</coordinates></LineString></Placemark><Placemark><name>Trabajado - Cuartel 888 - Hilera 947</name><Style><LineStyle><color>ff00ff00</color><width>3</width></LineStyle></Style><LineString><coordinates>-71.54142,-34.6771516,0 -71.5407833,-34.67867,0</coordinates></LineString></Placemark><Placemark><name>Trabajado - Cuartel 888 - Hilera 948</name><Style><LineStyle><color>ff00ff00</color><width>3</width></LineStyle></Style><LineString><coordinates>-71.5407833,-34.67867,0 -71.5413583,-34.6771716,0</coordinates></LineString></Placemark><Placemark><name>Trabajado - Cuartel 888 - Hilera 949</name><Style><LineStyle><color>ff00ff00</color><width>3</width></LineStyle></Style><LineString><coordinates>-71.5413583,-34.6771716,0 -71.5407133,-34.6785483,0</coordinates></LineString></Placemark><Placemark><name>Trabajado - Cuartel 888 - Hilera 950</name><Style><LineStyle><color>ff00ff00</color><width>3</width></LineStyle></Style><LineString><coordinates>-71.5413633,-34.6771816,0 -71.54128,-34.6771383,0</coordinates></LineString></Placemark><Placemark><name>Trabajado - Cuartel 888 - Hilera 951</name><Style><LineStyle><color>ff00ff00</color><width>3</width></LineStyle></Style><LineString><coordinates>-71.54129483528672,-34.677104370821034,0 -71.54063725805149,-34.678608288885926,0</coordinates></LineString></Placemark><Placemark><name>Trabajado - Cuartel 888 - Hilera 952</name><Style><LineStyle><color>ff00ff00</color><width>3</width></LineStyle></Style><LineString><coordinates>-71.541285,-34.6771733,0 -71.5407283,-34.6785799,0</coordinates></LineString></Placemark><Placemark><name>Trabajado - Cuartel 888 - Hilera 954</name><Style><LineStyle><color>ff00ff00</color><width>3</width></LineStyle></Style><LineString><coordinates>-71.5420916,-34.6774533,0 -71.5414566,-34.678715,0</coordinates></LineString></Placemark><Placemark><name>Trabajado - Cuartel 888 - Hilera 955</name><Style><LineStyle><color>ff00ff00</color><width>3</width></LineStyle></Style><LineString><coordinates>-71.5420033,-34.6774433,0 -71.5412883,-34.6788966,0</coordinates></LineString></Placemark><Placemark><name>Trabajado - Cuartel 888 - Hilera 956</name><Style><LineStyle><color>ff00ff00</color><width>3</width></LineStyle></Style><LineString><coordinates>-71.5419233,-34.6774616,0 -71.5418833,-34.6773766,0</coordinates></LineString></Placemark><Placemark><name>Trabajado - Cuartel 888 - Hilera 957</name><Style><LineStyle><color>ff00ff00</color><width>3</width></LineStyle></Style><LineString><coordinates>-71.5413266,-34.6787166,0 -71.5418566,-34.6774549,0</coordinates></LineString></Placemark><Placemark><name>Trabajado - Cuartel 888 - Hilera 958</name><Style><LineStyle><color>ff00ff00</color><width>3</width></LineStyle></Style><LineString><coordinates>-71.5418566,-34.6774549,0 -71.5418233,-34.6773666,0</coordinates></LineString></Placemark><Placemark><name>Trabajado - Cuartel 888 - Hilera 959</name><Style><LineStyle><color>ff00ff00</color><width>3</width></LineStyle></Style><LineString><coordinates>-71.5411733,-34.678745,0 -71.5420729107265,-34.67660125971883,0</coordinates></LineString></Placemark><Placemark><name>Trabajado - Cuartel 888 - Hilera 960</name><Style><LineStyle><color>ff00ff00</color><width>3</width></LineStyle></Style><LineString><coordinates>-71.541765,-34.677335,0 -71.5411433,-34.6786649,0</coordinates></LineString></Placemark><Placemark><name>Trabajado - Cuartel 888 - Hilera 961</name><Style><LineStyle><color>ff00ff00</color><width>3</width></LineStyle></Style><LineString><coordinates>-71.5411433,-34.6786649,0 -71.5416883,-34.67736,0</coordinates></LineString></Placemark><Placemark><name>Trabajado - Cuartel 888 - Hilera 962</name><Style><LineStyle><color>ff00ff00</color><width>3</width></LineStyle></Style><LineString><coordinates>-71.5416083,-34.6774383,0 -71.5415883,-34.6772583,0</coordinates></LineString></Placemark><Placemark><name>Trabajado - Cuartel 888 - Hilera 963</name><Style><LineStyle><color>ff00ff00</color><width>3</width></LineStyle></Style><LineString><coordinates>-71.5415883,-34.6772583,0 -71.5410066,-34.6786466,0</coordinates></LineString></Placemark><Placemark><name>Trabajado - Cuartel 888 - Hilera 964</name><Style><LineStyle><color>ff00ff00</color><width>3</width></LineStyle></Style><LineString><coordinates>-71.541575,-34.6773066,0 -71.5408666,-34.6787083,0</coordinates></LineString></Placemark><Placemark><name>Trabajado - Cuartel 888 - Hilera 965</name><Style><LineStyle><color>ff00ff00</color><width>3</width></LineStyle></Style><LineString><coordinates>-71.5408666,-34.6787083,0 -71.54147,-34.6772266,0</coordinates></LineString></Placemark><Placemark><name>Trabajado - Cuartel 888 - Hilera 966</name><Style><LineStyle><color>ff00ff00</color><width>3</width></LineStyle></Style><LineString><coordinates>-71.54147,-34.6772266,0 -71.5409133,-34.6787433,0</coordinates></LineString></Placemark><Placemark><name>Trabajado - Cuartel 888 - Hilera 967</name><Style><LineStyle><color>ff00ff00</color><width>3</width></LineStyle></Style><LineString><coordinates>-71.5414316,-34.67725,0 -71.5413316,-34.6772916,0</coordinates></LineString></Placemark><Placemark><name>Trabajado - Cuartel 888 - Hilera 968</name><Style><LineStyle><color>ff00ff00</color><width>3</width></LineStyle></Style><LineString><coordinates>-71.54137513997084,-34.677185992764095,0 -71.5408066,-34.678565,0</coordinates></LineString></Placemark><Placemark><name>Trabajado - Cuartel 888 - Hilera 969</name><Style><LineStyle><color>ff00ff00</color><width>3</width></LineStyle></Style><LineString><coordinates>-71.5413833,-34.6771883,0 -71.5407133,-34.6785866,0</coordinates></LineString></Placemark><Placemark><name>Trabajado - Cuartel 888 - Hilera 970</name><Style><LineStyle><color>ff00ff00</color><width>3</width></LineStyle></Style><LineString><coordinates>-71.5407133,-34.6785866,0 -71.54135,-34.677135,0</coordinates></LineString></Placemark><Placemark><name>Trabajado - Cuartel 888 - Hilera 971</name><Style><LineStyle><color>ff00ff00</color><width>3</width></LineStyle></Style><LineString><coordinates>-71.54135,-34.677135,0 -71.541255,-34.677185,0</coordinates></LineString></Placemark><Placemark><name>Trabajado - Cuartel 888 - Hilera 973</name><Style><LineStyle><color>ff00ff00</color><width>3</width></LineStyle></Style><LineString><coordinates>-71.5406599,-34.6785966,0 -71.5412366,-34.6771616,0</coordinates></LineString></Placemark><Placemark><name>Trabajado - Cuartel 888 - Hilera 975</name><Style><LineStyle><color>ff00ff00</color><width>3</width></LineStyle></Style><LineString><coordinates>-71.541715,-34.6791633,0 -71.5422833,-34.6776633,0</coordinates></LineString></Placemark><Placemark><name>Trabajado - Cuartel 888 - Hilera 976</name><Style><LineStyle><color>ff00ff00</color><width>3</width></LineStyle></Style><LineString><coordinates>-71.5422666,-34.6775966,0 -71.5424516,-34.6776999,0</coordinates></LineString></Placemark><Placemark><name>Trabajado - Cuartel 888 - Hilera 977</name><Style><LineStyle><color>ff00ff00</color><width>3</width></LineStyle></Style><LineString><coordinates>-71.5423316,-34.6776516,0 -71.5424333,-34.677675,0</coordinates></LineString></Placemark><Placemark><name>Trabajado - Cuartel 888 - Hilera 978</name><Style><LineStyle><color>ff00ff00</color><width>3</width></LineStyle></Style><LineString><coordinates>-71.5424333,-34.677675,0 -71.542495,-34.67795,0</coordinates></LineString></Placemark><Placemark><name>Trabajado - Cuartel 888 - Hilera 979</name><Style><LineStyle><color>ff00ff00</color><width>3</width></LineStyle></Style><LineString><coordinates>-71.542445,-34.6778783,0 -71.5424816,-34.6779733,0</coordinates></LineString></Placemark><Placemark><name>Trabajado - Cuartel 888 - Hilera 980</name><Style><LineStyle><color>ff00ff00</color><width>3</width></LineStyle></Style><LineString><coordinates>-71.5424483,-34.678035,0 -71.5424466,-34.67795,0</coordinates></LineString></Placemark><Placemark><name>Trabajado - Cuartel 888 - Hilera 981</name><Style><LineStyle><color>ff00ff00</color><width>3</width></LineStyle></Style><LineString><coordinates>-71.542425,-34.6779733,0 -71.5425116,-34.6777116,0</coordinates></LineString></Placemark><Placemark><name>Trabajado - Cuartel 888 - Hilera 982</name><Style><LineStyle><color>ff00ff00</color><width>3</width></LineStyle></Style><LineString><coordinates>-71.54247,-34.6778766,0 -71.54388786166504,-34.674561001938976,0</coordinates></LineString></Placemark><Placemark><name>Trabajado - Cuartel 888 - Hilera 990</name><Style><LineStyle><color>ff00ff00</color><width>3</width></LineStyle></Style><LineString><coordinates>-71.54307118115342,-34.67628432205154,0 -71.5425049,-34.6775649,0</coordinates></LineString></Placemark><Placemark><name>Trabajado - Cuartel 888 - Hilera 991</name><Style><LineStyle><color>ff00ff00</color><width>3</width></LineStyle></Style><LineString><coordinates>-71.5425283,-34.677485,0 -71.5425899,-34.6775683,0</coordinates></LineString></Placemark><Placemark><name>Trabajado - Cuartel 888 - Hilera 993</name><Style><LineStyle><color>ff00ff00</color><width>3</width></LineStyle></Style><LineString><coordinates>-71.5418326983304,-34.67915992917384,0 -71.54375048233236,-34.67436001771473,0</coordinates></LineString></Placemark><Placemark><name>Trabajado - Cuartel 888 - Hilera 996</name><Style><LineStyle><color>ff00ff00</color><width>3</width></LineStyle></Style><LineString><coordinates>-71.5429866,-34.6761583,0 -71.5423366,-34.6774616,0</coordinates></LineString></Placemark><Placemark><name>Trabajado - Cuartel 888 - Hilera 997</name><Style><LineStyle><color>ff00ff00</color><width>3</width></LineStyle></Style><LineString><coordinates>-71.5428916,-34.6761566,0 -71.5422383,-34.6774566,0</coordinates></LineString></Placemark><Placemark><name>Trabajado - Cuartel 888 - Hilera 998</name><Style><LineStyle><color>ff00ff00</color><width>3</width></LineStyle></Style><LineString><coordinates>-71.5422383,-34.6774566,0 -71.54368172493693,-34.67435044321075,0</coordinates></LineString></Placemark><Placemark><name>Trabajado - Cuartel 888 - Hilera 1000</name><Style><LineStyle><color>ff00ff00</color><width>3</width></LineStyle></Style><LineString><coordinates>-71.54216,-34.6774149,0 -71.54356519126304,-34.67423300107882,0</coordinates></LineString></Placemark><Placemark><name>Trabajado - Cuartel 888 - Hilera 1001</name><Style><LineStyle><color>ff00ff00</color><width>3</width></LineStyle></Style><LineString><coordinates>-71.5427716,-34.67603,0 -71.542105,-34.6773816,0</coordinates></LineString></Placemark><Placemark><name>Trabajado - Cuartel 888 - Hilera 1003</name><Style><LineStyle><color>ff00ff00</color><width>3</width></LineStyle></Style><LineString><coordinates>-71.542075,-34.67735,0 -71.5425549,-34.6759916,0</coordinates></LineString></Placemark><Placemark><name>Trabajado - Cuartel 888 - Hilera 1004</name><Style><LineStyle><color>ff00ff00</color><width>3</width></LineStyle></Style><LineString><coordinates>-71.5425549,-34.6759916,0 -71.5420316,-34.6772516,0</coordinates></LineString></Placemark><Placemark><name>Trabajado - Cuartel 888 - Hilera 1005</name><Style><LineStyle><color>ff00ff00</color><width>3</width></LineStyle></Style><LineString><coordinates>-71.5425266,-34.675975,0 -71.5419416,-34.677175,0</coordinates></LineString></Placemark><Placemark><name>Trabajado - Cuartel 888 - Hilera 1006</name><Style><LineStyle><color>ff00ff00</color><width>3</width></LineStyle></Style><LineString><coordinates>-71.5419583,-34.6772333,0 -71.5425766,-34.6760183,0</coordinates></LineString></Placemark><Placemark><name>Trabajado - Cuartel 888 - Hilera 1008</name><Style><LineStyle><color>ff00ff00</color><width>3</width></LineStyle></Style><LineString><coordinates>-71.54359850281534,-34.67319957083429,0 -71.54188211512819,-34.67730606847832,0</coordinates></LineString></Placemark><Placemark><name>Trabajado - Cuartel 888 - Hilera 1011</name><Style><LineStyle><color>ff00ff00</color><width>3</width></LineStyle></Style><LineString><coordinates>-71.54317,-34.6764049,0 -71.542205,-34.6783966,0</coordinates></LineString></Placemark><Placemark><name>Trabajado - Cuartel 888 - Hilera 1012</name><Style><LineStyle><color>ff00ff00</color><width>3</width></LineStyle></Style><LineString><coordinates>-71.54359148046763,-34.673179090925174,0 -71.5418233,-34.6772966,0</coordinates></LineString></Placemark><Placemark><name>Trabajado - Cuartel 888 - Hilera 1013</name><Style><LineStyle><color>ff00ff00</color><width>3</width></LineStyle></Style><LineString><coordinates>-71.5418,-34.677205,0 -71.541985,-34.6772716,0</coordinates></LineString></Placemark><Placemark><name>Trabajado - Cuartel 888 - Hilera 1014</name><Style><LineStyle><color>ff00ff00</color><width>3</width></LineStyle></Style><LineString><coordinates>-71.54128347381497,-34.678895169846314,0 -71.542515,-34.676045,0</coordinates></LineString></Placemark><Placemark><name>Trabajado - Cuartel 888 - Hilera 1016</name><Style><LineStyle><color>ff00ff00</color><width>3</width></LineStyle></Style><LineString><coordinates>-71.5418899,-34.6773083,0 -71.54229023754256,-34.67736369726141,0</coordinates></LineString></Placemark><Placemark><name>Trabajado - Cuartel 888 - Hilera 1017</name><Style><LineStyle><color>ff00ff00</color><width>3</width></LineStyle></Style><LineString><coordinates>-71.5419983,-34.6773233,0 -71.5425866,-34.67606,0</coordinates></LineString></Placemark><Placemark><name>Trabajado - Cuartel 888 - Hilera 1019</name><Style><LineStyle><color>ff00ff00</color><width>3</width></LineStyle></Style><LineString><coordinates>-71.5419483,-34.677345,0 -71.5420983,-34.6773183,0</coordinates></LineString></Placemark><Placemark><name>Trabajado - Cuartel 888 - Hilera 1020</name><Style><LineStyle><color>ff00ff00</color><width>3</width></LineStyle></Style><LineString><coordinates>-71.5420851363935,-34.67735266301108,0 -71.5425947402332,-34.676022364785865,0</coordinates></LineString></Placemark><Placemark><name>Trabajado - Cuartel 888 - Hilera 1021</name><Style><LineStyle><color>ff00ff00</color><width>3</width></LineStyle></Style><LineString><coordinates>-71.5425649,-34.6760199,0 -71.5420233,-34.6773299,0</coordinates></LineString></Placemark><Placemark><name>Trabajado - Cuartel 888 - Hilera 1023</name><Style><LineStyle><color>ff00ff00</color><width>3</width></LineStyle></Style><LineString><coordinates>-71.54219015605163,-34.67744019121237,0 -71.54278081069626,-34.67605499925152,0</coordinates></LineString></Placemark><Placemark><name>Trabajado - Cuartel 888 - Hilera 1024</name><Style><LineStyle><color>ff00ff00</color><width>3</width></LineStyle></Style><LineString><coordinates>-71.5422233,-34.67741,0 -71.5423366,-34.677465,0</coordinates></LineString></Placemark><Placemark><name>Trabajado - Cuartel 888 - Hilera 1026</name><Style><LineStyle><color>ff00ff00</color><width>3</width></LineStyle></Style><LineString><coordinates>-71.5428433,-34.6760949,0 -71.5422666,-34.6774383,0</coordinates></LineString></Placemark><Placemark><name>Trabajado - Cuartel 888 - Hilera 1027</name><Style><LineStyle><color>ff00ff00</color><width>3</width></LineStyle></Style><LineString><coordinates>-71.5422666,-34.6774383,0 -71.5423583,-34.6774233,0</coordinates></LineString></Placemark><Placemark><name>Trabajado - Cuartel 888 - Hilera 1028</name><Style><LineStyle><color>ff00ff00</color><width>3</width></LineStyle></Style><LineString><coordinates>-71.54376032019516,-34.674362309875214,0 -71.5423116,-34.6774233,0</coordinates></LineString></Placemark><Placemark><name>Trabajado - Cuartel 888 - Hilera 1029</name><Style><LineStyle><color>ff00ff00</color><width>3</width></LineStyle></Style><LineString><coordinates>-71.542325,-34.6774366,0 -71.5429299,-34.6763266,0</coordinates></LineString></Placemark><Placemark><name>Trabajado - Cuartel 888 - Hilera 1031</name><Style><LineStyle><color>ff00ff00</color><width>3</width></LineStyle></Style><LineString><coordinates>-71.5428466,-34.676295,0 -71.54243,-34.6774733,0</coordinates></LineString></Placemark><Placemark><name>Trabajado - Cuartel 888 - Hilera 1032</name><Style><LineStyle><color>ff00ff00</color><width>3</width></LineStyle></Style><LineString><coordinates>-71.5424533,-34.6774483,0 -71.54253,-34.6774916,0</coordinates></LineString></Placemark><Placemark><name>Trabajado - Cuartel 888 - Hilera 1033</name><Style><LineStyle><color>ff00ff00</color><width>3</width></LineStyle></Style><LineString><coordinates>-71.54253,-34.6774916,0 -71.5426316,-34.6774566,0</coordinates></LineString></Placemark><Placemark><name>Trabajado - Cuartel 888 - Hilera 1034</name><Style><LineStyle><color>ff00ff00</color><width>3</width></LineStyle></Style><LineString><coordinates>-71.5426316,-34.6774566,0 -71.54314,-34.6762216,0</coordinates></LineString></Placemark><Placemark><name>Trabajado - Cuartel 888 - Hilera 1035</name><Style><LineStyle><color>ff00ff00</color><width>3</width></LineStyle></Style><LineString><coordinates>-71.5425349,-34.6775499,0 -71.5426633,-34.67745,0</coordinates></LineString></Placemark><Placemark><name>Trabajado - Cuartel 888 - Hilera 1036</name><Style><LineStyle><color>ff00ff00</color><width>3</width></LineStyle></Style><LineString><coordinates>-71.54257377381485,-34.677648069991335,0 -71.54388661760656,-34.67474350125516,0</coordinates></LineString></Placemark><Placemark><name>Trabajado - Cuartel 888 - Hilera 1037</name><Style><LineStyle><color>ff00ff00</color><width>3</width></LineStyle></Style><LineString><coordinates>-71.5431816,-34.6763033,0 -71.5425666,-34.67747,0</coordinates></LineString></Placemark><Placemark><name>Trabajado - Cuartel 888 - Hilera 1038</name><Style><LineStyle><color>ff00ff00</color><width>3</width></LineStyle></Style><LineString><coordinates>-71.5425666,-34.67747,0 -71.5426016,-34.67758,0</coordinates></LineString></Placemark><Placemark><name>Trabajado - Cuartel 888 - Hilera 1039</name><Style><LineStyle><color>ff00ff00</color><width>3</width></LineStyle></Style><LineString><coordinates>-71.54394879434271,-34.674742393760525,0 -71.5425833,-34.6775216,0</coordinates></LineString></Placemark><Placemark><name>Trabajado - Cuartel 888 - Hilera 1040</name><Style><LineStyle><color>ff00ff00</color><width>3</width></LineStyle></Style><LineString><coordinates>-71.5425833,-34.6775216,0 -71.5427466,-34.677445,0</coordinates></LineString></Placemark><Placemark><name>Trabajado - Cuartel 888 - Hilera 1041</name><Style><LineStyle><color>ff00ff00</color><width>3</width></LineStyle></Style><LineString><coordinates>-71.5427466,-34.677445,0 -71.5434933,-34.675705,0</coordinates></LineString></Placemark><Placemark><name>Trabajado - Cuartel 888 - Hilera 1042</name><Style><LineStyle><color>ff00ff00</color><width>3</width></LineStyle></Style><LineString><coordinates>-71.54330294268249,-34.67621396678725,0 -71.54396,-34.6747066,0</coordinates></LineString></Placemark><Placemark><name>Trabajado - Cuartel 888 - Hilera 1043</name><Style><LineStyle><color>ff00ff00</color><width>3</width></LineStyle></Style><LineString><coordinates>-71.5432783,-34.6762066,0 -71.5438533,-34.674715,0</coordinates></LineString></Placemark><Placemark><name>Trabajado - Cuartel 888 - Hilera 1044</name><Style><LineStyle><color>ff00ff00</color><width>3</width></LineStyle></Style><LineString><coordinates>-71.5438533,-34.674715,0 -71.543225,-34.6761016,0</coordinates></LineString></Placemark><Placemark><name>Trabajado - Cuartel 888 - Hilera 1045</name><Style><LineStyle><color>ff00ff00</color><width>3</width></LineStyle></Style><LineString><coordinates>-71.5438616,-34.6745533,0 -71.5437966,-34.6746283,0</coordinates></LineString></Placemark><Placemark><name>Trabajado - Cuartel 888 - Hilera 1046</name><Style><LineStyle><color>ff00ff00</color><width>3</width></LineStyle></Style><LineString><coordinates>-71.5430887986747,-34.67612125446877,0 -71.5437849,-34.6745316,0</coordinates></LineString></Placemark><Placemark><name>Trabajado - Cuartel 888 - Hilera 1047</name><Style><LineStyle><color>ff00ff00</color><width>3</width></LineStyle></Style><LineString><coordinates>-71.543719426495,-34.67440183772606,0 -71.54302244781077,-34.675995354493985,0</coordinates></LineString></Placemark><Placemark><name>Trabajado - Cuartel 888 - Hilera 1049</name><Style><LineStyle><color>ff00ff00</color><width>3</width></LineStyle></Style><LineString><coordinates>-71.54331,-34.675595,0 -71.5430233,-34.6760766,0</coordinates></LineString></Placemark><Placemark><name>Trabajado - Cuartel 888 - Hilera 1050</name><Style><LineStyle><color>ff00ff00</color><width>3</width></LineStyle></Style><LineString><coordinates>-71.54236895449772,-34.677426400375836,0 -71.543675,-34.6743483,0</coordinates></LineString></Placemark><Placemark><name>Trabajado - Cuartel 888 - Hilera 1051</name><Style><LineStyle><color>ff00ff00</color><width>3</width></LineStyle></Style><LineString><coordinates>-71.5428766,-34.6760533,0 -71.543645,-34.6743483,0</coordinates></LineString></Placemark><Placemark><name>Trabajado - Cuartel 888 - Hilera 1052</name><Style><LineStyle><color>ff00ff00</color><width>3</width></LineStyle></Style><LineString><coordinates>-71.543565,-34.6743616,0 -71.54221384674722,-34.6774471762925,0</coordinates></LineString></Placemark><Placemark><name>Trabajado - Cuartel 888 - Hilera 1053</name><Style><LineStyle><color>ff00ff00</color><width>3</width></LineStyle></Style><LineString><coordinates>-71.54229101966742,-34.677374055534116,0 -71.5435383,-34.6742949,0</coordinates></LineString></Placemark><Placemark><name>Trabajado - Cuartel 888 - Hilera 1054</name><Style><LineStyle><color>ff00ff00</color><width>3</width></LineStyle></Style><LineString><coordinates>-71.542795,-34.6759433,0 -71.5435183,-34.6742049,0</coordinates></LineString></Placemark><Placemark><name>Trabajado - Cuartel 888 - Hilera 1055</name><Style><LineStyle><color>ff00ff00</color><width>3</width></LineStyle></Style><LineString><coordinates>-71.5435183,-34.6742049,0 -71.5427299,-34.6759933,0</coordinates></LineString></Placemark><Placemark><name>Trabajado - Cuartel 888 - Hilera 1056</name><Style><LineStyle><color>ff00ff00</color><width>3</width></LineStyle></Style><LineString><coordinates>-71.5427299,-34.6759933,0 -71.54347212400428,-34.67420408178817,0</coordinates></LineString></Placemark><Placemark><name>Trabajado - Cuartel 888 - Hilera 1057</name><Style><LineStyle><color>ff00ff00</color><width>3</width></LineStyle></Style><LineString><coordinates>-71.5434683,-34.6742133,0 -71.543395,-34.6742633,0</coordinates></LineString></Placemark><Placemark><name>Trabajado - Cuartel 888 - Hilera 1058</name><Style><LineStyle><color>ff00ff00</color><width>3</width></LineStyle></Style><LineString><coordinates>-71.5433966,-34.674255,0 -71.5433233,-34.6741866,0</coordinates></LineString></Placemark><Placemark><name>Trabajado - Cuartel 888 - Hilera 1059</name><Style><LineStyle><color>ff00ff00</color><width>3</width></LineStyle></Style><LineString><coordinates>-71.5433233,-34.6741866,0 -71.5433316,-34.6743049,0</coordinates></LineString></Placemark><Placemark><name>Trabajado - Cuartel 888 - Hilera 1060</name><Style><LineStyle><color>ff00ff00</color><width>3</width></LineStyle></Style><LineString><coordinates>-71.54335484353285,-34.67425176297604,0 -71.5426266,-34.6759166,0</coordinates></LineString></Placemark><Placemark><name>Trabajado - Cuartel 888 - Hilera 1061</name><Style><LineStyle><color>ff00ff00</color><width>3</width></LineStyle></Style><LineString><coordinates>-71.54301936196124,-34.67419700095977,0 -71.5436483,-34.6742966,0</coordinates></LineString></Placemark><Placemark><name>Trabajado - Cuartel 888 - Hilera 1062</name><Style><LineStyle><color>ff00ff00</color><width>3</width></LineStyle></Style><LineString><coordinates>-71.5436483,-34.6742966,0 -71.5439366,-34.6748683,0</coordinates></LineString></Placemark><Placemark><name>Trabajado - Cuartel 888 - Hilera 1063</name><Style><LineStyle><color>ff00ff00</color><width>3</width></LineStyle></Style><LineString><coordinates>-71.5439366,-34.6748683,0 -71.5418666,-34.6793016,0</coordinates></LineString></Placemark><Placemark><name>Trabajado - Cuartel 888 - Hilera 1064</name><Style><LineStyle><color>ff00ff00</color><width>3</width></LineStyle></Style><LineString><coordinates>-71.54396298173025,-34.674707533140925,0 -71.5402033,-34.6829466,0</coordinates></LineString></Placemark><Placemark><name>Trabajado - Cuartel 888 - Hilera 1068</name><Style><LineStyle><color>ff00ff00</color><width>3</width></LineStyle></Style><LineString><coordinates>-71.5402216,-34.6828316,0 -71.54395,-34.6747249,0</coordinates></LineString></Placemark><Placemark><name>Trabajado - Cuartel 888 - Hilera 1069</name><Style><LineStyle><color>ff00ff00</color><width>3</width></LineStyle></Style><LineString><coordinates>-71.54395,-34.6747249,0 -71.5437266,-34.6743116,0</coordinates></LineString></Placemark><Placemark><name>Trabajado - Cuartel 888 - Hilera 1070</name><Style><LineStyle><color>ff00ff00</color><width>3</width></LineStyle></Style><LineString><coordinates>-71.5437266,-34.6743116,0 -71.5433049,-34.6741683,0</coordinates></LineString></Placemark><Placemark><name>Trabajado - Cuartel 888 - Hilera 1071</name><Style><LineStyle><color>ff00ff00</color><width>3</width></LineStyle></Style><LineString><coordinates>-71.5425666,-34.675825,0 -71.54359298251511,-34.67306895365761,0</coordinates></LineString></Placemark><Placemark><name>Trabajado - Cuartel 888 - Hilera 1072</name><Style><LineStyle><color>ff00ff00</color><width>3</width></LineStyle></Style><LineString><coordinates>-71.5432083,-34.6742033,0 -71.5431016,-34.674175,0</coordinates></LineString></Placemark><Placemark><name>Trabajado - Cuartel 888 - Hilera 1073</name><Style><LineStyle><color>ff00ff00</color><width>3</width></LineStyle></Style><LineString><coordinates>-71.54369469715722,-34.67265681098526,0 -71.5424733,-34.6757833,0</coordinates></LineString></Placemark><Placemark><name>Trabajado - Cuartel 888 - Hilera 1074</name><Style><LineStyle><color>ff00ff00</color><width>3</width></LineStyle></Style><LineString><coordinates>-71.54369633225446,-34.672684822879816,0 -71.54201883724946,-34.67667894440694,0</coordinates></LineString></Placemark><Placemark><name>Trabajado - Cuartel 888 - Hilera 1075</name><Style><LineStyle><color>ff00ff00</color><width>3</width></LineStyle></Style><LineString><coordinates>-71.5430316,-34.6742316,0 -71.54235,-34.6757183,0</coordinates></LineString></Placemark><Placemark><name>Trabajado - Cuartel 888 - Hilera 1076</name><Style><LineStyle><color>ff00ff00</color><width>3</width></LineStyle></Style><LineString><coordinates>-71.54235,-34.6757183,0 -71.5429716,-34.6742266,0</coordinates></LineString></Placemark><Placemark><name>Trabajado - Cuartel 888 - Hilera 1077</name><Style><LineStyle><color>ff00ff00</color><width>3</width></LineStyle></Style><LineString><coordinates>-71.54367613722127,-34.67267851326212,0 -71.54227569700181,-34.67575571467246,0</coordinates></LineString></Placemark><Placemark><name>Trabajado - Cuartel 888 - Hilera 1078</name><Style><LineStyle><color>ff00ff00</color><width>3</width></LineStyle></Style><LineString><coordinates>-71.542295,-34.6757133,0 -71.54283,-34.6742683,0</coordinates></LineString></Placemark><Placemark><name>Trabajado - Cuartel 888 - Hilera 1079</name><Style><LineStyle><color>ff00ff00</color><width>3</width></LineStyle></Style><LineString><coordinates>-71.54356247121859,-34.672519761898954,0 -71.5422233,-34.6757166,0</coordinates></LineString></Placemark><Placemark><name>Trabajado - Cuartel 888 - Hilera 1080</name><Style><LineStyle><color>ff00ff00</color><width>3</width></LineStyle></Style><LineString><coordinates>-71.5422233,-34.6757166,0 -71.5427866,-34.6742733,0</coordinates></LineString></Placemark><Placemark><name>Trabajado - Cuartel 888 - Hilera 1081</name><Style><LineStyle><color>ff00ff00</color><width>3</width></LineStyle></Style><LineString><coordinates>-71.5427866,-34.6742733,0 -71.5421933,-34.6756716,0</coordinates></LineString></Placemark><Placemark><name>Trabajado - Cuartel 888 - Hilera 1082</name><Style><LineStyle><color>ff00ff00</color><width>3</width></LineStyle></Style><LineString><coordinates>-71.5421933,-34.6756716,0 -71.54354396798828,-34.67221998119779,0</coordinates></LineString></Placemark><Placemark><name>Trabajado - Cuartel 888 - Hilera 1083</name><Style><LineStyle><color>ff00ff00</color><width>3</width></LineStyle></Style><LineString><coordinates>-71.5427033,-34.6743683,0 -71.5426849,-34.6742933,0</coordinates></LineString></Placemark><Placemark><name>Trabajado - Cuartel 888 - Hilera 1084</name><Style><LineStyle><color>ff00ff00</color><width>3</width></LineStyle></Style><LineString><coordinates>-71.5426849,-34.6742933,0 -71.542075,-34.6756333,0</coordinates></LineString></Placemark><Placemark><name>Trabajado - Cuartel 888 - Hilera 1085</name><Style><LineStyle><color>ff00ff00</color><width>3</width></LineStyle></Style><LineString><coordinates>-71.542655,-34.6743499,0 -71.5426266,-34.6742716,0</coordinates></LineString></Placemark><Placemark><name>Trabajado - Cuartel 888 - Hilera 1086</name><Style><LineStyle><color>ff00ff00</color><width>3</width></LineStyle></Style><LineString><coordinates>-71.54358581559428,-34.672092127817656,0 -71.5420383,-34.6756083,0</coordinates></LineString></Placemark><Placemark><name>Trabajado - Cuartel 888 - Hilera 1087</name><Style><LineStyle><color>ff00ff00</color><width>3</width></LineStyle></Style><LineString><coordinates>-71.54261,-34.6743316,0 -71.5425166,-34.67439,0</coordinates></LineString></Placemark><Placemark><name>Trabajado - Cuartel 888 - Hilera 1088</name><Style><LineStyle><color>ff00ff00</color><width>3</width></LineStyle></Style><LineString><coordinates>-71.54351661478816,-34.67208302570054,0 -71.541995,-34.6755933,0</coordinates></LineString></Placemark><Placemark><name>Trabajado - Cuartel 888 - Hilera 1089</name><Style><LineStyle><color>ff00ff00</color><width>3</width></LineStyle></Style><LineString><coordinates>-71.541995,-34.6755933,0 -71.54342074926451,-34.67205744182404,0</coordinates></LineString></Placemark><Placemark><name>Trabajado - Cuartel 888 - Hilera 1090</name><Style><LineStyle><color>ff00ff00</color><width>3</width></LineStyle></Style><LineString><coordinates>-71.54349853409738,-34.67200185689412,0 -71.5419433,-34.67561,0</coordinates></LineString></Placemark><Placemark><name>Trabajado - Cuartel 888 - Hilera 1091</name><Style><LineStyle><color>ff00ff00</color><width>3</width></LineStyle></Style><LineString><coordinates>-71.5419433,-34.67561,0 -71.54356826563394,-34.672086844421976,0</coordinates></LineString></Placemark><Placemark><name>Trabajado - Cuartel 888 - Hilera 1092</name><Style><LineStyle><color>ff00ff00</color><width>3</width></LineStyle></Style><LineString><coordinates>-71.5425083,-34.674385,0 -71.5424483,-34.67431,0</coordinates></LineString></Placemark><Placemark><name>Trabajado - Cuartel 888 - Hilera 1093</name><Style><LineStyle><color>ff00ff00</color><width>3</width></LineStyle></Style><LineString><coordinates>-71.54253515338685,-34.67435632279059,0 -71.54192,-34.675575,0</coordinates></LineString></Placemark><Placemark><name>Trabajado - Cuartel 888 - Hilera 1094</name><Style><LineStyle><color>ff00ff00</color><width>3</width></LineStyle></Style><LineString><coordinates>-71.5420533,-34.6756216,0 -71.54356581988473,-34.67222643336002,0</coordinates></LineString></Placemark><Placemark><name>Trabajado - Cuartel 888 - Hilera 1096</name><Style><LineStyle><color>ff00ff00</color><width>3</width></LineStyle></Style><LineString><coordinates>-71.5421683,-34.6755583,0 -71.5428333,-34.6742799,0</coordinates></LineString></Placemark><Placemark><name>Trabajado - Cuartel 888 - Hilera 1097</name><Style><LineStyle><color>ff00ff00</color><width>3</width></LineStyle></Style><LineString><coordinates>-71.5428333,-34.6742799,0 -71.5426366,-34.6744116,0</coordinates></LineString></Placemark><Placemark><name>Trabajado - Cuartel 888 - Hilera 1098</name><Style><LineStyle><color>ff00ff00</color><width>3</width></LineStyle></Style><LineString><coordinates>-71.54360803699058,-34.67212751500068,0 -71.5421099,-34.67565,0</coordinates></LineString></Placemark><Placemark><name>Trabajado - Cuartel 888 - Hilera 1100</name><Style><LineStyle><color>ff00ff00</color><width>3</width></LineStyle></Style><LineString><coordinates>-71.5422016,-34.6755966,0 -71.54360166277503,-34.67228736071356,0</coordinates></LineString></Placemark><Placemark><name>Trabajado - Cuartel 888 - Hilera 1101</name><Style><LineStyle><color>ff00ff00</color><width>3</width></LineStyle></Style><LineString><coordinates>-71.5427816,-34.6742716,0 -71.5421516,-34.6756783,0</coordinates></LineString></Placemark><Placemark><name>Trabajado - Cuartel 888 - Hilera 1102</name><Style><LineStyle><color>ff00ff00</color><width>3</width></LineStyle></Style><LineString><coordinates>-71.5421516,-34.6756783,0 -71.5428083,-34.6743866,0</coordinates></LineString></Placemark><Placemark><name>Trabajado - Cuartel 888 - Hilera 1103</name><Style><LineStyle><color>ff00ff00</color><width>3</width></LineStyle></Style><LineString><coordinates>-71.5422983,-34.6757183,0 -71.542875,-34.6743316,0</coordinates></LineString></Placemark><Placemark><name>Trabajado - Cuartel 888 - Hilera 1104</name><Style><LineStyle><color>ff00ff00</color><width>3</width></LineStyle></Style><LineString><coordinates>-71.5436899735465,-34.67249267071017,0 -71.5423033,-34.6756216,0</coordinates></LineString></Placemark><Placemark><name>Trabajado - Cuartel 888 - Hilera 1106</name><Style><LineStyle><color>ff00ff00</color><width>3</width></LineStyle></Style><LineString><coordinates>-71.5424033,-34.6755666,0 -71.5429783,-34.6742799,0</coordinates></LineString></Placemark><Placemark><name>Trabajado - Cuartel 888 - Hilera 1107</name><Style><LineStyle><color>ff00ff00</color><width>3</width></LineStyle></Style><LineString><coordinates>-71.5423,-34.6757633,0 -71.5432566,-34.67418,0</coordinates></LineString></Placemark><Placemark><name>Trabajado - Cuartel 888 - Hilera 1108</name><Style><LineStyle><color>ff00ff00</color><width>3</width></LineStyle></Style><LineString><coordinates>-71.5425333,-34.67537,0 -71.5423766,-34.6757683,0</coordinates></LineString></Placemark><Placemark><name>Trabajado - Cuartel 888 - Hilera 1109</name><Style><LineStyle><color>ff00ff00</color><width>3</width></LineStyle></Style><LineString><coordinates>-71.5423766,-34.6757683,0 -71.5432649,-34.6741766,0</coordinates></LineString></Placemark><Placemark><name>Trabajado - Cuartel 888 - Hilera 1110</name><Style><LineStyle><color>ff00ff00</color><width>3</width></LineStyle></Style><LineString><coordinates>-71.5432649,-34.6741766,0 -71.5424716,-34.6758216,0</coordinates></LineString></Placemark><Placemark><name>Trabajado - Cuartel 888 - Hilera 1111</name><Style><LineStyle><color>ff00ff00</color><width>3</width></LineStyle></Style><LineString><coordinates>-71.5432333,-34.6741866,0 -71.5425433,-34.6758699,0</coordinates></LineString></Placemark><Placemark><name>Trabajado - Cuartel 888 - Hilera 1113</name><Style><LineStyle><color>ff00ff00</color><width>3</width></LineStyle></Style><LineString><coordinates>-71.54355021328169,-34.67384293300443,0 -71.54275,-34.6759166,0</coordinates></LineString></Placemark><Placemark><name>Trabajado - Cuartel 888 - Hilera 1114</name><Style><LineStyle><color>ff00ff00</color><width>3</width></LineStyle></Style><LineString><coordinates>-71.5434366,-34.6741666,0 -71.54346,-34.6742416,0</coordinates></LineString></Placemark><Placemark><name>Trabajado - Cuartel 888 - Hilera 1115</name><Style><LineStyle><color>ff00ff00</color><width>3</width></LineStyle></Style><LineString><coordinates>-71.5435883,-34.67424,0 -71.54286088399262,-34.67602274487106,0</coordinates></LineString></Placemark><Placemark><name>Trabajado - Cuartel 888 - Hilera 1116</name><Style><LineStyle><color>ff00ff00</color><width>3</width></LineStyle></Style><LineString><coordinates>-71.5436766,-34.6742816,0 -71.540155,-34.6829349,0</coordinates></LineString></Placemark><Placemark><name>Trabajado - Cuartel 888 - Hilera 1119</name><Style><LineStyle><color>ff00ff00</color><width>3</width></LineStyle></Style><LineString><coordinates>-71.54021086625768,-34.68292045700855,0 -71.543625,-34.6742599,0</coordinates></LineString></Placemark><Placemark><name>Trabajado - Cuartel 888 - Hilera 1120</name><Style><LineStyle><color>ff00ff00</color><width>3</width></LineStyle></Style><LineString><coordinates>-71.543625,-34.6742599,0 -71.54344,-34.6743,0</coordinates></LineString></Placemark><Placemark><name>Trabajado - Cuartel 888 - Hilera 1121</name><Style><LineStyle><color>ff00ff00</color><width>3</width></LineStyle></Style><LineString><coordinates>-71.543475,-34.6742049,0 -71.5435633,-34.6742833,0</coordinates></LineString></Placemark><Placemark><name>Trabajado - Cuartel 888 - Hilera 1122</name><Style><LineStyle><color>ff00ff00</color><width>3</width></LineStyle></Style><LineString><coordinates>-71.54369762875979,-34.67415884570714,0 -71.5429816,-34.6758483,0</coordinates></LineString></Placemark><Placemark><name>Trabajado - Cuartel 888 - Hilera 1124</name><Style><LineStyle><color>ff00ff00</color><width>3</width></LineStyle></Style><LineString><coordinates>-71.54306255407151,-34.676129507952865,0 -71.5437099,-34.6745899,0</coordinates></LineString></Placemark><Placemark><name>Trabajado - Cuartel 888 - Hilera 1125</name><Style><LineStyle><color>ff00ff00</color><width>3</width></LineStyle></Style><LineString><coordinates>-71.5431833,-34.6761716,0 -71.54385901339484,-34.67455136420098,0</coordinates></LineString></Placemark><Placemark><name>Trabajado - Cuartel 888 - Hilera 1127</name><Style><LineStyle><color>ff00ff00</color><width>3</width></LineStyle></Style><LineString><coordinates>-71.5439316,-34.6747366,0 -71.5437016,-34.6743216,0</coordinates></LineString></Placemark><Placemark><name>Trabajado - Cuartel 888 - Hilera 1128</name><Style><LineStyle><color>ff00ff00</color><width>3</width></LineStyle></Style><LineString><coordinates>-71.5437266,-34.6743716,0 -71.5436166,-34.6740966,0</coordinates></LineString></Placemark><Placemark><name>Trabajado - Cuartel 888 - Hilera 1129</name><Style><LineStyle><color>ff00ff00</color><width>3</width></LineStyle></Style><LineString><coordinates>-71.5436166,-34.6740966,0 -71.5433366,-34.67403,0</coordinates></LineString></Placemark><Placemark><name>Trabajado - Cuartel 888 - Hilera 1130</name><Style><LineStyle><color>ff00ff00</color><width>3</width></LineStyle></Style><LineString><coordinates>-71.5435516,-34.6738433,0 -71.5433916,-34.6740349,0</coordinates></LineString></Placemark><Placemark><name>Trabajado - Cuartel 888 - Hilera 1131</name><Style><LineStyle><color>ff00ff00</color><width>3</width></LineStyle></Style><LineString><coordinates>-71.5433916,-34.6740349,0 -71.5436683,-34.67341,0</coordinates></LineString></Placemark><Placemark><name>Trabajado - Cuartel 888 - Hilera 1132</name><Style><LineStyle><color>ff00ff00</color><width>3</width></LineStyle></Style><LineString><coordinates>-71.5436683,-34.67341,0 -71.5434433,-34.67382,0</coordinates></LineString></Placemark><Placemark><name>Trabajado - Cuartel 888 - Hilera 1133</name><Style><LineStyle><color>ff00ff00</color><width>3</width></LineStyle></Style><LineString><coordinates>-71.5433049,-34.6740333,0 -71.54360600001613,-34.6731830572232,0</coordinates></LineString></Placemark><Placemark><name>Trabajado - Cuartel 888 - Hilera 1134</name><Style><LineStyle><color>ff00ff00</color><width>3</width></LineStyle></Style><LineString><coordinates>-71.54361,-34.6730733,0 -71.5431266,-34.674025,0</coordinates></LineString></Placemark><Placemark><name>Trabajado - Cuartel 888 - Hilera 1135</name><Style><LineStyle><color>ff00ff00</color><width>3</width></LineStyle></Style><LineString><coordinates>-71.5429849,-34.6740716,0 -71.5436066,-34.6723416,0</coordinates></LineString></Placemark><Placemark><name>Trabajado - Cuartel 888 - Hilera 1136</name><Style><LineStyle><color>ff00ff00</color><width>3</width></LineStyle></Style><LineString><coordinates>-71.5430799,-34.673865,0 -71.5428383,-34.6740666,0</coordinates></LineString></Placemark><Placemark><name>Trabajado - Cuartel 888 - Hilera 1137</name><Style><LineStyle><color>ff00ff00</color><width>3</width></LineStyle></Style><LineString><coordinates>-71.5428383,-34.6740666,0 -71.5436599,-34.6723966,0</coordinates></LineString></Placemark><Placemark><name>Trabajado - Cuartel 888 - Hilera 1138</name><Style><LineStyle><color>ff00ff00</color><width>3</width></LineStyle></Style><LineString><coordinates>-71.5436599,-34.6723966,0 -71.54221999904387,-34.67568900993365,0</coordinates></LineString></Placemark><Placemark><name>Trabajado - Cuartel 888 - Hilera 1139</name><Style><LineStyle><color>ff00ff00</color><width>3</width></LineStyle></Style><LineString><coordinates>-71.5429616,-34.6739933,0 -71.5429166,-34.673875,0</coordinates></LineString></Placemark><Placemark><name>Trabajado - Cuartel 888 - Hilera 1140</name><Style><LineStyle><color>ff00ff00</color><width>3</width></LineStyle></Style><LineString><coordinates>-71.5436049,-34.6721266,0 -71.542665,-34.67416,0</coordinates></LineString></Placemark><Placemark><name>Trabajado - Cuartel 888 - Hilera 1141</name><Style><LineStyle><color>ff00ff00</color><width>3</width></LineStyle></Style><LineString><coordinates>-71.543595,-34.6720949,0 -71.54195810337403,-34.675564936388746,0</coordinates></LineString></Placemark><Placemark><name>Trabajado - Cuartel 888 - Hilera 1142</name><Style><LineStyle><color>ff00ff00</color><width>3</width></LineStyle></Style><LineString><coordinates>-71.543495,-34.6720766,0 -71.5425266,-34.6741483,0</coordinates></LineString></Placemark><Placemark><name>Trabajado - Cuartel 888 - Hilera 1143</name><Style><LineStyle><color>ff00ff00</color><width>3</width></LineStyle></Style><LineString><coordinates>-71.54251487678113,-34.6741757313292,0 -71.5434383,-34.672015,0</coordinates></LineString></Placemark><Placemark><name>Trabajado - Cuartel 888 - Hilera 1144</name><Style><LineStyle><color>ff00ff00</color><width>3</width></LineStyle></Style><LineString><coordinates>-71.5425349,-34.6741816,0 -71.5427049,-34.674135,0</coordinates></LineString></Placemark><Placemark><name>Trabajado - Cuartel 888 - Hilera 1145</name><Style><LineStyle><color>ff00ff00</color><width>3</width></LineStyle></Style><LineString><coordinates>-71.5427049,-34.674135,0 -71.5435466,-34.6720683,0</coordinates></LineString></Placemark><Placemark><name>Trabajado - Cuartel 888 - Hilera 1147</name><Style><LineStyle><color>ff00ff00</color><width>3</width></LineStyle></Style><LineString><coordinates>-71.5434433,-34.6719333,0 -71.5425049,-34.6740933,0</coordinates></LineString></Placemark><Placemark><name>Trabajado - Cuartel 888 - Hilera 1148</name><Style><LineStyle><color>ff00ff00</color><width>3</width></LineStyle></Style><LineString><coordinates>-71.5425049,-34.6740933,0 -71.5426866,-34.6741766,0</coordinates></LineString></Placemark><Placemark><name>Trabajado - Cuartel 888 - Hilera 1149</name><Style><LineStyle><color>ff00ff00</color><width>3</width></LineStyle></Style><LineString><coordinates>-71.5426866,-34.6741766,0 -71.543645,-34.674095,0</coordinates></LineString></Placemark><Placemark><name>Trabajado - Cuartel 888 - Hilera 1150</name><Style><LineStyle><color>ff00ff00</color><width>3</width></LineStyle></Style><LineString><coordinates>-71.543645,-34.674095,0 -71.5437016,-34.67416,0</coordinates></LineString></Placemark><Placemark><name>Trabajado - Cuartel 888 - Hilera 1151</name><Style><LineStyle><color>ff00ff00</color><width>3</width></LineStyle></Style><LineString><coordinates>-71.5434899,-34.6746116,0 -71.5436049,-34.6747583,0</coordinates></LineString></Placemark><Placemark><name>Trabajado - Cuartel 888 - Hilera 1152</name><Style><LineStyle><color>ff00ff00</color><width>3</width></LineStyle></Style><LineString><coordinates>-71.5436049,-34.6747583,0 -71.54373,-34.6743183,0</coordinates></LineString></Placemark><Placemark><name>Trabajado - Cuartel 888 - Hilera 1153</name><Style><LineStyle><color>ff00ff00</color><width>3</width></LineStyle></Style><LineString><coordinates>-71.54373,-34.6743183,0 -71.54367231518052,-34.674111998109275,0</coordinates></LineString></Placemark><Placemark><name>Trabajado - Cuartel 888 - Hilera 1154</name><Style><LineStyle><color>ff00ff00</color><width>3</width></LineStyle></Style><LineString><coordinates>-71.543675,-34.6741216,0 -71.543385,-34.674065,0</coordinates></LineString></Placemark><Placemark><name>Trabajado - Cuartel 888 - Hilera 1155</name><Style><LineStyle><color>ff00ff00</color><width>3</width></LineStyle></Style><LineString><coordinates>-71.5433049,-34.6740583,0 -71.5434566,-34.6740516,0</coordinates></LineString></Placemark><Placemark><name>Trabajado - Cuartel 888 - Hilera 1156</name><Style><LineStyle><color>ff00ff00</color><width>3</width></LineStyle></Style><LineString><coordinates>-71.5434566,-34.6740516,0 -71.54365,-34.6734083,0</coordinates></LineString></Placemark><Placemark><name>Trabajado - Cuartel 888 - Hilera 1157</name><Style><LineStyle><color>ff00ff00</color><width>3</width></LineStyle></Style><LineString><coordinates>-71.54365,-34.6734083,0 -71.54258023956885,-34.675829133596366,0</coordinates></LineString></Placemark><Placemark><name>Trabajado - Cuartel 888 - Hilera 1158</name><Style><LineStyle><color>ff00ff00</color><width>3</width></LineStyle></Style><LineString><coordinates>-71.5436433,-34.6735333,0 -71.5434666,-34.67365,0</coordinates></LineString></Placemark><Placemark><name>Trabajado - Cuartel 888 - Hilera 1159</name><Style><LineStyle><color>ff00ff00</color><width>3</width></LineStyle></Style><LineString><coordinates>-71.54358381769357,-34.673194218534846,0 -71.5434066,-34.6738833,0</coordinates></LineString></Placemark><Placemark><name>Trabajado - Cuartel 888 - Hilera 1160</name><Style><LineStyle><color>ff00ff00</color><width>3</width></LineStyle></Style><LineString><coordinates>-71.5435599,-34.67319,0 -71.5433049,-34.6739833,0</coordinates></LineString></Placemark><Placemark><name>Trabajado - Cuartel 888 - Hilera 1161</name><Style><LineStyle><color>ff00ff00</color><width>3</width></LineStyle></Style><LineString><coordinates>-71.5432366,-34.6739916,0 -71.5435666,-34.6729683,0</coordinates></LineString></Placemark><Placemark><name>Trabajado - Cuartel 888 - Hilera 1162</name><Style><LineStyle><color>ff00ff00</color><width>3</width></LineStyle></Style><LineString><coordinates>-71.5431183,-34.6738949,0 -71.54367,-34.6724866,0</coordinates></LineString></Placemark><Placemark><name>Trabajado - Cuartel 888 - Hilera 1163</name><Style><LineStyle><color>ff00ff00</color><width>3</width></LineStyle></Style><LineString><coordinates>-71.5430316,-34.6740583,0 -71.5435633,-34.67252,0</coordinates></LineString></Placemark><Placemark><name>Trabajado - Cuartel 888 - Hilera 1165</name><Style><LineStyle><color>ff00ff00</color><width>3</width></LineStyle></Style><LineString><coordinates>-71.5433149,-34.6729066,0 -71.5428733,-34.6739616,0</coordinates></LineString></Placemark><Placemark><name>Trabajado - Cuartel 888 - Hilera 1166</name><Style><LineStyle><color>ff00ff00</color><width>3</width></LineStyle></Style><LineString><coordinates>-71.5428133,-34.67394,0 -71.5434466,-34.672335,0</coordinates></LineString></Placemark><Placemark><name>Trabajado - Cuartel 888 - Hilera 1167</name><Style><LineStyle><color>ff00ff00</color><width>3</width></LineStyle></Style><LineString><coordinates>-71.54262,-34.67413,0 -71.54343,-34.67206,0</coordinates></LineString></Placemark><Placemark><name>Trabajado - Cuartel 888 - Hilera 1168</name><Style><LineStyle><color>ff00ff00</color><width>3</width></LineStyle></Style><LineString><coordinates>-71.5433983,-34.67199,0 -71.5425083,-34.6742049,0</coordinates></LineString></Placemark><Placemark><name>Trabajado - Cuartel 888 - Hilera 1169</name><Style><LineStyle><color>ff00ff00</color><width>3</width></LineStyle></Style><LineString><coordinates>-71.5425083,-34.6742049,0 -71.5436916,-34.6741083,0</coordinates></LineString></Placemark><Placemark><name>Trabajado - Cuartel 888 - Hilera 1170</name><Style><LineStyle><color>ff00ff00</color><width>3</width></LineStyle></Style><LineString><coordinates>-71.5436883,-34.6742383,0 -71.54337,-34.6741333,0</coordinates></LineString></Placemark><Placemark><name>Trabajado - Cuartel 888 - Hilera 1171</name><Style><LineStyle><color>ff00ff00</color><width>3</width></LineStyle></Style><LineString><coordinates>-71.54337,-34.6741333,0 -71.54283,-34.6742233,0</coordinates></LineString></Placemark><Placemark><name>Trabajado - Cuartel 888 - Hilera 1172</name><Style><LineStyle><color>ff00ff00</color><width>3</width></LineStyle></Style><LineString><coordinates>-71.5428233,-34.67425,0 -71.5433766,-34.6741683,0</coordinates></LineString></Placemark><Placemark><name>Trabajado - Cuartel 888 - Hilera 1173</name><Style><LineStyle><color>ff00ff00</color><width>3</width></LineStyle></Style><LineString><coordinates>-71.5433766,-34.6741683,0 -71.5435983,-34.6742166,0</coordinates></LineString></Placemark><Placemark><name>Trabajado - Cuartel 888 - Hilera 1174</name><Style><LineStyle><color>ff00ff00</color><width>3</width></LineStyle></Style><LineString><coordinates>-71.5435983,-34.6742166,0 -71.5439283,-34.6747833,0</coordinates></LineString></Placemark><Placemark><name>Descartado (grupo chico) - Hilera 897</name><Style><LineStyle><color>ff00ffff</color><width>3</width></LineStyle></Style><LineString><coordinates>-71.5417399,-34.6789883,0 -71.5418933,-34.6791349,0</coordinates></LineString></Placemark><Placemark><name>Descartado (grupo chico) - Hilera 912</name><Style><LineStyle><color>ff00ffff</color><width>3</width></LineStyle></Style><LineString><coordinates>-71.5414816,-34.6787649,0 -71.5417316,-34.6791066,0</coordinates></LineString></Placemark><Placemark><name>Descartado (grupo chico) - Hilera 913</name><Style><LineStyle><color>ff00ffff</color><width>3</width></LineStyle></Style><LineString><coordinates>-71.5417316,-34.6791066,0 -71.5418183,-34.6791666,0</coordinates></LineString></Placemark><Placemark><name>Descartado (grupo chico) - Hilera 934</name><Style><LineStyle><color>ff00ffff</color><width>3</width></LineStyle></Style><LineString><coordinates>-71.5411533,-34.6787783,0 -71.5412466,-34.6787116,0</coordinates></LineString></Placemark><Placemark><name>Descartado (grupo chico) - Hilera 945</name><Style><LineStyle><color>ff00ffff</color><width>3</width></LineStyle></Style><LineString><coordinates>-71.54085,-34.6785716,0 -71.5408516,-34.6786616,0</coordinates></LineString></Placemark><Placemark><name>Descartado (grupo chico) - Hilera 953</name><Style><LineStyle><color>ff00ffff</color><width>3</width></LineStyle></Style><LineString><coordinates>-71.5407283,-34.6785799,0 -71.5414016,-34.6789416,0</coordinates></LineString></Placemark><Placemark><name>Descartado (grupo chico) - Hilera 972</name><Style><LineStyle><color>ff00ffff</color><width>3</width></LineStyle></Style><LineString><coordinates>-71.54065439056943,-34.67861144488278,0 -71.5407599,-34.6786383,0</coordinates></LineString></Placemark><Placemark><name>Descartado (grupo chico) - Hilera 974</name><Style><LineStyle><color>ff00ffff</color><width>3</width></LineStyle></Style><LineString><coordinates>-71.5406483,-34.6786116,0 -71.541715,-34.6791633,0</coordinates></LineString></Placemark><Placemark><name>Descartado (grupo chico) - Hilera 983</name><Style><LineStyle><color>ff00ffff</color><width>3</width></LineStyle></Style><LineString><coordinates>-71.5424916,-34.677985,0 -71.5401166,-34.6829616,0</coordinates></LineString></Placemark><Placemark><name>Descartado (grupo chico) - Hilera 988</name><Style><LineStyle><color>ff00ffff</color><width>3</width></LineStyle></Style><LineString><coordinates>-71.5402116,-34.6828683,0 -71.5431733,-34.6762783,0</coordinates></LineString></Placemark><Placemark><name>Trabajado - Cuartel 989 - Hilera 989</name><Style><LineStyle><color>ff00ff00</color><width>3</width></LineStyle></Style><LineString><coordinates>-71.5431733,-34.6762783,0 -71.543065,-34.6762983,0</coordinates></LineString></Placemark><Placemark><name>Trabajado - Cuartel 989 - Hilera 995</name><Style><LineStyle><color>ff00ff00</color><width>3</width></LineStyle></Style><LineString><coordinates>-71.542875,-34.6761599,0 -71.5429866,-34.6761583,0</coordinates></LineString></Placemark><Placemark><name>Trabajado - Cuartel 989 - Hilera 1015</name><Style><LineStyle><color>ff00ff00</color><width>3</width></LineStyle></Style><LineString><coordinates>-71.542515,-34.676045,0 -71.5424066,-34.676065,0</coordinates></LineString></Placemark><Placemark><name>Trabajado - Cuartel 989 - Hilera 1018</name><Style><LineStyle><color>ff00ff00</color><width>3</width></LineStyle></Style><LineString><coordinates>-71.5425866,-34.67606,0 -71.5424933,-34.67606,0</coordinates></LineString></Placemark><Placemark><name>Trabajado - Cuartel 989 - Hilera 1048</name><Style><LineStyle><color>ff00ff00</color><width>3</width></LineStyle></Style><LineString><coordinates>-71.5431983,-34.6755933,0 -71.54331,-34.675595,0</coordinates></LineString></Placemark><Placemark><name>Trabajado - Cuartel 989 - Hilera 1126</name><Style><LineStyle><color>ff00ff00</color><width>3</width></LineStyle></Style><LineString><coordinates>-71.5432233,-34.6760383,0 -71.5433133,-34.67603,0</coordinates></LineString></Placemark><Placemark><name>Descartado (grupo chico) - Hilera 992</name><Style><LineStyle><color>ff00ffff</color><width>3</width></LineStyle></Style><LineString><coordinates>-71.54315,-34.6762733,0 -71.5430333,-34.6763366,0</coordinates></LineString></Placemark><Placemark><name>Trabajado - Cuartel 994 - Hilera 994</name><Style><LineStyle><color>ff00ff00</color><width>3</width></LineStyle></Style><LineString><coordinates>-71.5429666,-34.6762183,0 -71.542875,-34.6761599,0</coordinates></LineString></Placemark><Placemark><name>Trabajado - Cuartel 994 - Hilera 999</name><Style><LineStyle><color>ff00ff00</color><width>3</width></LineStyle></Style><LineString><coordinates>-71.54283,-34.6761833,0 -71.542775,-34.6760533,0</coordinates></LineString></Placemark><Placemark><name>Trabajado - Cuartel 994 - Hilera 1002</name><Style><LineStyle><color>ff00ff00</color><width>3</width></LineStyle></Style><LineString><coordinates>-71.5426566,-34.6761,0 -71.5425983,-34.6760233,0</coordinates></LineString></Placemark><Placemark><name>Trabajado - Cuartel 994 - Hilera 1007</name><Style><LineStyle><color>ff00ff00</color><width>3</width></LineStyle></Style><LineString><coordinates>-71.5425766,-34.6760183,0 -71.5424566,-34.6759316,0</coordinates></LineString></Placemark><Placemark><name>Trabajado - Cuartel 994 - Hilera 1009</name><Style><LineStyle><color>ff00ff00</color><width>3</width></LineStyle></Style><LineString><coordinates>-71.5424102957102,-34.67592431229402,0 -71.5431583,-34.6762716,0</coordinates></LineString></Placemark><Placemark><name>Trabajado - Cuartel 994 - Hilera 1010</name><Style><LineStyle><color>ff00ff00</color><width>3</width></LineStyle></Style><LineString><coordinates>-71.5431583,-34.6762716,0 -71.54317,-34.6764049,0</coordinates></LineString></Placemark><Placemark><name>Trabajado - Cuartel 994 - Hilera 1022</name><Style><LineStyle><color>ff00ff00</color><width>3</width></LineStyle></Style><LineString><coordinates>-71.5426433,-34.6761433,0 -71.5426283,-34.676045,0</coordinates></LineString></Placemark><Placemark><name>Trabajado - Cuartel 994 - Hilera 1025</name><Style><LineStyle><color>ff00ff00</color><width>3</width></LineStyle></Style><LineString><coordinates>-71.542895,-34.6761666,0 -71.5428433,-34.6760949,0</coordinates></LineString></Placemark><Placemark><name>Trabajado - Cuartel 994 - Hilera 1030</name><Style><LineStyle><color>ff00ff00</color><width>3</width></LineStyle></Style><LineString><coordinates>-71.5429299,-34.6763266,0 -71.5428466,-34.676295,0</coordinates></LineString></Placemark><Placemark><name>Trabajado - Cuartel 994 - Hilera 1123</name><Style><LineStyle><color>ff00ff00</color><width>3</width></LineStyle></Style><LineString><coordinates>-71.5429816,-34.6758483,0 -71.5430266,-34.6759966,0</coordinates></LineString></Placemark><Placemark><name>Descartado (grupo chico) - Hilera 1095</name><Style><LineStyle><color>ff00ffff</color><width>3</width></LineStyle></Style><LineString><coordinates>-71.54212,-34.6754533,0 -71.5421683,-34.6755583,0</coordinates></LineString></Placemark><Placemark><name>Descartado (grupo chico) - Hilera 1099</name><Style><LineStyle><color>ff00ffff</color><width>3</width></LineStyle></Style><LineString><coordinates>-71.5421099,-34.67565,0 -71.5422016,-34.6755966,0</coordinates></LineString></Placemark><Placemark><name>Descartado (grupo chico) - Hilera 1105</name><Style><LineStyle><color>ff00ffff</color><width>3</width></LineStyle></Style><LineString><coordinates>-71.5423033,-34.6756216,0 -71.5424033,-34.6755666,0</coordinates></LineString></Placemark><Placemark><name>Descartado (grupo chico) - Hilera 1112</name><Style><LineStyle><color>ff00ffff</color><width>3</width></LineStyle></Style><LineString><coordinates>-71.5425833,-34.6758216,0 -71.5426783,-34.6757616,0</coordinates></LineString></Placemark><Placemark><name>Descartado (grupo chico) - Hilera 1146</name><Style><LineStyle><color>ff00ffff</color><width>3</width></LineStyle></Style><LineString><coordinates>-71.5435466,-34.6720683,0 -71.5434433,-34.6719333,0</coordinates></LineString></Placemark><Placemark><name>Descartado (grupo chico) - Hilera 1164</name><Style><LineStyle><color>ff00ffff</color><width>3</width></LineStyle></Style><LineString><coordinates>-71.5434283,-34.6728066,0 -71.5433149,-34.6729066,0</coordinates></LineString></Placemark><Placemark><name>Descartado (grupo chico) - Hilera 1175</name><Style><LineStyle><color>ff00ffff</color><width>3</width></LineStyle></Style><LineString><coordinates>-71.5414349,-34.6802983,0 -71.5402666,-34.6828683,0</coordinates></LineString></Placemark><Placemark><name>Descartado (grupo chico) - Hilera 1177</name><Style><LineStyle><color>ff00ffff</color><width>3</width></LineStyle></Style><LineString><coordinates>-71.5401583,-34.6829566,0 -71.5411633,-34.6809616,0</coordinates></LineString></Placemark><Placemark><name>Descartado (grupo chico) - Hilera 1179</name><Style><LineStyle><color>ff00ffff</color><width>3</width></LineStyle></Style><LineString><coordinates>-71.53983,-34.6829533,0 -71.5397416,-34.6829033,0</coordinates></LineString></Placemark><Placemark><name>Descartado (grupo chico) - Hilera 1182</name><Style><LineStyle><color>ff00ffff</color><width>3</width></LineStyle></Style><LineString><coordinates>-71.4207616,-34.6624516,0 -71.4206183,-34.6625483,0</coordinates></LineString></Placemark><Placemark><name>Descartado (grupo chico) - Hilera 1183</name><Style><LineStyle><color>ff00ffff</color><width>3</width></LineStyle></Style><LineString><coordinates>-71.3060383,-34.6645566,0 -71.3069666,-34.6636149,0</coordinates></LineString></Placemark><Placemark><name>Descartado</name><Style><LineStyle><color>ff00ffff</color><width>3</width></LineStyle></Style><LineString><coordinates>-71.2659283,-34.6552216,0 -71.2659283,-34.6552216,0</coordinates></LineString></Placemark><Placemark><name>Descartado</name><Style><LineStyle><color>ff00ffff</color><width>3</width></LineStyle></Style><LineString><coordinates>-71.2659283,-34.6552216,0 -71.2682316,-34.654615,0</coordinates></LineString></Placemark><Placemark><name>Descartado</name><Style><LineStyle><color>ff00ffff</color><width>3</width></LineStyle></Style><LineString><coordinates>-71.2682316,-34.654615,0 -71.2675783,-34.65452,0</coordinates></LineString></Placemark><Placemark><name>Descartado</name><Style><LineStyle><color>ff00ffff</color><width>3</width></LineStyle></Style><LineString><coordinates>-71.2675783,-34.65452,0 -71.2657533,-34.6555816,0</coordinates></LineString></Placemark><Placemark><name>Descartado</name><Style><LineStyle><color>ff00ffff</color><width>3</width></LineStyle></Style><LineString><coordinates>-71.2657533,-34.6555816,0 -71.2657533,-34.6555816,0</coordinates></LineString></Placemark><Placemark><name>Descartado</name><Style><LineStyle><color>ff00ffff</color><width>3</width></LineStyle></Style><LineString><coordinates>-71.2657533,-34.6555816,0 -71.26539,-34.655595,0</coordinates></LineString></Placemark><Placemark><name>Descartado</name><Style><LineStyle><color>ff00ffff</color><width>3</width></LineStyle></Style><LineString><coordinates>-71.2656733,-34.6554983,0 -71.2656749,-34.6554933,0</coordinates></LineString></Placemark><Placemark><name>Descartado</name><Style><LineStyle><color>ff00ffff</color><width>3</width></LineStyle></Style><LineString><coordinates>-71.26602,-34.6556966,0 -71.26602,-34.6556966,0</coordinates></LineString></Placemark><Placemark><name>Descartado</name><Style><LineStyle><color>ff00ffff</color><width>3</width></LineStyle></Style><LineString><coordinates>-71.2661866,-34.6556383,0 -71.26613,-34.6556533,0</coordinates></LineString></Placemark><Placemark><name>Descartado</name><Style><LineStyle><color>ff00ffff</color><width>3</width></LineStyle></Style><LineString><coordinates>-71.2659783,-34.655175,0 -71.2659783,-34.655175,0</coordinates></LineString></Placemark><Placemark><name>Descartado</name><Style><LineStyle><color>ff00ffff</color><width>3</width></LineStyle></Style><LineString><coordinates>-71.2659783,-34.655175,0 -71.2659966,-34.6552083,0</coordinates></LineString></Placemark><Placemark><name>Descartado</name><Style><LineStyle><color>ff00ffff</color><width>3</width></LineStyle></Style><LineString><coordinates>-71.26607,-34.6551366,0 -71.26607,-34.6551366,0</coordinates></LineString></Placemark><Placemark><name>Descartado</name><Style><LineStyle><color>ff00ffff</color><width>3</width></LineStyle></Style><LineString><coordinates>-71.2661416,-34.6550683,0 -71.2661416,-34.6550683,0</coordinates></LineString></Placemark><Placemark><name>Descartado</name><Style><LineStyle><color>ff00ffff</color><width>3</width></LineStyle></Style><LineString><coordinates>-71.26581,-34.6542633,0 -71.26581,-34.6542633,0</coordinates></LineString></Placemark><Placemark><name>Descartado</name><Style><LineStyle><color>ff00ffff</color><width>3</width></LineStyle></Style><LineString><coordinates>-71.2658316,-34.654455,0 -71.2658316,-34.654455,0</coordinates></LineString></Placemark><Placemark><name>Descartado</name><Style><LineStyle><color>ff00ffff</color><width>3</width></LineStyle></Style><LineString><coordinates>-71.2658233,-34.654245,0 -71.2658233,-34.654245,0</coordinates></LineString></Placemark><Placemark><name>Descartado</name><Style><LineStyle><color>ff00ffff</color><width>3</width></LineStyle></Style><LineString><coordinates>-71.2659999,-34.6548783,0 -71.2659999,-34.6548783,0</coordinates></LineString></Placemark><Placemark><name>Descartado</name><Style><LineStyle><color>ff00ffff</color><width>3</width></LineStyle></Style><LineString><coordinates>-71.26596,-34.6547883,0 -71.26596,-34.6547883,0</coordinates></LineString></Placemark><Placemark><name>Descartado</name><Style><LineStyle><color>ff00ffff</color><width>3</width></LineStyle></Style><LineString><coordinates>-71.2659416,-34.6548616,0 -71.2659416,-34.6548616,0</coordinates></LineString></Placemark><Placemark><name>Descartado</name><Style><LineStyle><color>ff00ffff</color><width>3</width></LineStyle></Style><LineString><coordinates>-71.2659416,-34.6548616,0 -71.2659416,-34.6548616,0</coordinates></LineString></Placemark><Placemark><name>Descartado</name><Style><LineStyle><color>ff00ffff</color><width>3</width></LineStyle></Style><LineString><coordinates>-71.2658333,-34.6548816,0 -71.2658333,-34.6548816,0</coordinates></LineString></Placemark><Placemark><name>Descartado</name><Style><LineStyle><color>ff00ffff</color><width>3</width></LineStyle></Style><LineString><coordinates>-71.26597,-34.6548933,0 -71.26597,-34.6548933,0</coordinates></LineString></Placemark><Placemark><name>Descartado</name><Style><LineStyle><color>ff00ffff</color><width>3</width></LineStyle></Style><LineString><coordinates>-71.2660316,-34.6549716,0 -71.2660316,-34.6549716,0</coordinates></LineString></Placemark><Placemark><name>Descartado</name><Style><LineStyle><color>ff00ffff</color><width>3</width></LineStyle></Style><LineString><coordinates>-71.265965,-34.6550583,0 -71.265965,-34.6550583,0</coordinates></LineString></Placemark><Placemark><name>Descartado</name><Style><LineStyle><color>ff00ffff</color><width>3</width></LineStyle></Style><LineString><coordinates>-71.2660433,-34.6549883,0 -71.2660433,-34.6549883,0</coordinates></LineString></Placemark><Placemark><name>Descartado</name><Style><LineStyle><color>ff00ffff</color><width>3</width></LineStyle></Style><LineString><coordinates>-71.2660433,-34.6549883,0 -71.2660849,-34.6550366,0</coordinates></LineString></Placemark><Placemark><name>Descartado</name><Style><LineStyle><color>ff00ffff</color><width>3</width></LineStyle></Style><LineString><coordinates>-71.2660849,-34.6550366,0 -71.2660983,-34.6549966,0</coordinates></LineString></Placemark><Placemark><name>Descartado</name><Style><LineStyle><color>ff00ffff</color><width>3</width></LineStyle></Style><LineString><coordinates>-71.2661833,-34.6549433,0 -71.2661833,-34.6549433,0</coordinates></LineString></Placemark><Placemark><name>Descartado</name><Style><LineStyle><color>ff00ffff</color><width>3</width></LineStyle></Style><LineString><coordinates>-71.2660166,-34.6548116,0 -71.2660166,-34.6548116,0</coordinates></LineString></Placemark><Placemark><name>Descartado</name><Style><LineStyle><color>ff00ffff</color><width>3</width></LineStyle></Style><LineString><coordinates>-71.266005,-34.654795,0 -71.266005,-34.654795,0</coordinates></LineString></Placemark><Placemark><name>Descartado</name><Style><LineStyle><color>ff00ffff</color><width>3</width></LineStyle></Style><LineString><coordinates>-71.2660833,-34.6547283,0 -71.2660833,-34.6547283,0</coordinates></LineString></Placemark><Placemark><name>Descartado</name><Style><LineStyle><color>ff00ffff</color><width>3</width></LineStyle></Style><LineString><coordinates>-71.2660299,-34.6546599,0 -71.2660299,-34.6546599,0</coordinates></LineString></Placemark><Placemark><name>Descartado</name><Style><LineStyle><color>ff00ffff</color><width>3</width></LineStyle></Style><LineString><coordinates>-71.2658299,-34.6544833,0 -71.2658299,-34.6544833,0</coordinates></LineString></Placemark><Placemark><name>Descartado</name><Style><LineStyle><color>ff00ffff</color><width>3</width></LineStyle></Style><LineString><coordinates>-71.2659366,-34.6540749,0 -71.2659366,-34.6540749,0</coordinates></LineString></Placemark><Placemark><name>Descartado</name><Style><LineStyle><color>ff00ffff</color><width>3</width></LineStyle></Style><LineString><coordinates>-71.2658883,-34.654105,0 -71.2658883,-34.654105,0</coordinates></LineString></Placemark><Placemark><name>Descartado</name><Style><LineStyle><color>ff00ffff</color><width>3</width></LineStyle></Style><LineString><coordinates>-71.2653983,-34.6536266,0 -70.9866599,-34.6067683,0</coordinates></LineString></Placemark><Placemark><name>Descartado</name><Style><LineStyle><color>ff00ffff</color><width>3</width></LineStyle></Style><LineString><coordinates>-70.9866599,-34.6067683,0 -70.9864033,-34.6065183,0</coordinates></LineString></Placemark><Placemark><name>Descartado</name><Style><LineStyle><color>ff00ffff</color><width>3</width></LineStyle></Style><LineString><coordinates>-70.9864033,-34.6065183,0 -70.9831149,-34.6072466,0</coordinates></LineString></Placemark><Placemark><name>Descartado</name><Style><LineStyle><color>ff00ffff</color><width>3</width></LineStyle></Style><LineString><coordinates>-70.9831149,-34.6072466,0 -70.9829466,-34.6072483,0</coordinates></LineString></Placemark><Placemark><name>Descartado</name><Style><LineStyle><color>ff00ffff</color><width>3</width></LineStyle></Style><LineString><coordinates>-70.9829466,-34.6072483,0 -70.9827916,-34.60713,0</coordinates></LineString></Placemark><Placemark><name>Descartado</name><Style><LineStyle><color>ff00ffff</color><width>3</width></LineStyle></Style><LineString><coordinates>-70.9827916,-34.60713,0 -70.976575,-34.5991933,0</coordinates></LineString></Placemark><Placemark><name>Descartado</name><Style><LineStyle><color>ff00ffff</color><width>3</width></LineStyle></Style><LineString><coordinates>-70.976575,-34.5991933,0 -70.9758716,-34.5994083,0</coordinates></LineString></Placemark><Placemark><name>Descartado</name><Style><LineStyle><color>ff00ffff</color><width>3</width></LineStyle></Style><LineString><coordinates>-70.9751516,-34.5989066,0 -70.9751516,-34.5989066,0</coordinates></LineString></Placemark><Placemark><name>Descartado</name><Style><LineStyle><color>ff00ffff</color><width>3</width></LineStyle></Style><LineString><coordinates>-70.9751516,-34.5989066,0 -70.9681483,-34.60271,0</coordinates></LineString></Placemark><Placemark><name>Descartado</name><Style><LineStyle><color>ff00ffff</color><width>3</width></LineStyle></Style><LineString><coordinates>-70.9681483,-34.60271,0 -70.9680883,-34.6026966,0</coordinates></LineString></Placemark><Placemark><name>Descartado</name><Style><LineStyle><color>ff00ffff</color><width>3</width></LineStyle></Style><LineString><coordinates>-70.9680883,-34.6026966,0 -70.9672816,-34.6012183,0</coordinates></LineString></Placemark><Placemark><name>Descartado</name><Style><LineStyle><color>ff00ffff</color><width>3</width></LineStyle></Style><LineString><coordinates>-70.9672816,-34.6012183,0 -70.97201,-34.594755,0</coordinates></LineString></Placemark><Placemark><name>Descartado</name><Style><LineStyle><color>ff00ffff</color><width>3</width></LineStyle></Style><LineString><coordinates>-70.97201,-34.594755,0 -70.9724883,-34.5947883,0</coordinates></LineString></Placemark><Placemark><name>Descartado</name><Style><LineStyle><color>ff00ffff</color><width>3</width></LineStyle></Style><LineString><coordinates>-70.9724883,-34.5947883,0 -70.9726083,-34.5946833,0</coordinates></LineString></Placemark><Placemark><name>Descartado</name><Style><LineStyle><color>ff00ffff</color><width>3</width></LineStyle></Style><LineString><coordinates>-70.9726083,-34.5946833,0 -70.97265,-34.5945183,0</coordinates></LineString></Placemark><Placemark><name>Descartado</name><Style><LineStyle><color>ff00ffff</color><width>3</width></LineStyle></Style><LineString><coordinates>-70.97265,-34.5945183,0 -70.7630516,-34.204625,0</coordinates></LineString></Placemark><Placemark><name>Descartado</name><Style><LineStyle><color>ff00ffff</color><width>3</width></LineStyle></Style><LineString><coordinates>-70.7630516,-34.204625,0 -70.7630516,-34.204625,0</coordinates></LineString></Placemark><Placemark><name>Descartado</name><Style><LineStyle><color>ff00ffff</color><width>3</width></LineStyle></Style><LineString><coordinates>-70.7630516,-34.204625,0 -70.7275216,-34.156355,0</coordinates></LineString></Placemark><Placemark><name>Descartado</name><Style><LineStyle><color>ff00ffff</color><width>3</width></LineStyle></Style><LineString><coordinates>-70.7275216,-34.156355,0 -70.7117066,-34.1617183,0</coordinates></LineString></Placemark><Placemark><name>Descartado</name><Style><LineStyle><color>ff00ffff</color><width>3</width></LineStyle></Style><LineString><coordinates>-70.7117066,-34.1617183,0 -70.686305,-34.127545,0</coordinates></LineString></Placemark><Placemark><name>Descartado</name><Style><LineStyle><color>ff00ffff</color><width>3</width></LineStyle></Style><LineString><coordinates>-70.686305,-34.127545,0 -70.6671516,-34.1297499,0</coordinates></LineString></Placemark><Placemark><name>Descartado</name><Style><LineStyle><color>ff00ffff</color><width>3</width></LineStyle></Style><LineString><coordinates>-70.6671516,-34.1297499,0 -70.6671516,-34.1297499,0</coordinates></LineString></Placemark><Placemark><name>Descartado</name><Style><LineStyle><color>ff00ffff</color><width>3</width></LineStyle></Style><LineString><coordinates>-70.6669866,-34.1297683,0 -70.6669866,-34.1297683,0</coordinates></LineString></Placemark><Placemark><name>Descartado</name><Style><LineStyle><color>ff00ffff</color><width>3</width></LineStyle></Style><LineString><coordinates>-70.6670666,-34.12985,0 -70.6670666,-34.12985,0</coordinates></LineString></Placemark><Placemark><name>Descartado</name><Style><LineStyle><color>ff00ffff</color><width>3</width></LineStyle></Style><LineString><coordinates>-70.66694,-34.1302516,0 -70.66694,-34.1302516,0</coordinates></LineString></Placemark><Placemark><name>Descartado</name><Style><LineStyle><color>ff00ffff</color><width>3</width></LineStyle></Style><LineString><coordinates>-70.6668066,-34.1302616,0 -70.6668066,-34.1302616,0</coordinates></LineString></Placemark><Placemark><name>Descartado</name><Style><LineStyle><color>ff00ffff</color><width>3</width></LineStyle></Style><LineString><coordinates>-70.6675616,-34.1354833,0 -70.6675616,-34.1354833,0</coordinates></LineString></Placemark><Placemark><name>Descartado</name><Style><LineStyle><color>ff00ffff</color><width>3</width></LineStyle></Style><LineString><coordinates>-70.6677699,-34.135415,0 -70.6677699,-34.135415,0</coordinates></LineString></Placemark><Placemark><name>Descartado</name><Style><LineStyle><color>ff00ffff</color><width>3</width></LineStyle></Style><LineString><coordinates>-70.6669949,-34.1304683,0 -70.666985,-34.13046,0</coordinates></LineString></Placemark><Placemark><name>Descartado</name><Style><LineStyle><color>ff00ffff</color><width>3</width></LineStyle></Style><LineString><coordinates>-70.6671216,-34.1303783,0 -70.6671216,-34.1303783,0</coordinates></LineString></Placemark><Placemark><name>Descartado</name><Style><LineStyle><color>ff00ffff</color><width>3</width></LineStyle></Style><LineString><coordinates>-70.6676733,-34.1340849,0 -70.6676733,-34.1340849,0</coordinates></LineString></Placemark><Placemark><name>Descartado</name><Style><LineStyle><color>ff00ffff</color><width>3</width></LineStyle></Style><LineString><coordinates>-70.6681883,-34.1354133,0 -70.6681883,-34.1354133,0</coordinates></LineString></Placemark><Placemark><name>Descartado</name><Style><LineStyle><color>ff00ffff</color><width>3</width></LineStyle></Style><LineString><coordinates>-70.6675716,-34.1354483,0 -70.6674916,-34.1354233,0</coordinates></LineString></Placemark><Placemark><name>Descartado</name><Style><LineStyle><color>ff00ffff</color><width>3</width></LineStyle></Style><LineString><coordinates>-70.6669983,-34.1303033,0 -70.6669983,-34.1303033,0</coordinates></LineString></Placemark><Placemark><name>Descartado</name><Style><LineStyle><color>ff00ffff</color><width>3</width></LineStyle></Style><LineString><coordinates>-70.6670066,-34.130395,0 -70.6670066,-34.130395,0</coordinates></LineString></Placemark><Placemark><name>Descartado</name><Style><LineStyle><color>ff00ffff</color><width>3</width></LineStyle></Style><LineString><coordinates>-70.6670066,-34.130395,0 -70.6670066,-34.130395,0</coordinates></LineString></Placemark><Placemark><name>Descartado</name><Style><LineStyle><color>ff00ffff</color><width>3</width></LineStyle></Style><LineString><coordinates>-70.6670066,-34.130395,0 -70.6670666,-34.1303566,0</coordinates></LineString></Placemark><Placemark><name>Descartado</name><Style><LineStyle><color>ff00ffff</color><width>3</width></LineStyle></Style><LineString><coordinates>-70.6670666,-34.1303566,0 -70.6670666,-34.1303566,0</coordinates></LineString></Placemark><Placemark><name>Descartado</name><Style><LineStyle><color>ff00ffff</color><width>3</width></LineStyle></Style><LineString><coordinates>-70.6668716,-34.1303116,0 -70.6668716,-34.1303116,0</coordinates></LineString></Placemark><Placemark><name>Descartado</name><Style><LineStyle><color>ff00ffff</color><width>3</width></LineStyle></Style><LineString><coordinates>-70.6668566,-34.1304083,0 -70.6668566,-34.1304083,0</coordinates></LineString></Placemark><Placemark><name>Descartado</name><Style><LineStyle><color>ff00ffff</color><width>3</width></LineStyle></Style><LineString><coordinates>-70.6672666,-34.12988,0 -70.6672666,-34.12988,0</coordinates></LineString></Placemark><Placemark><name>Descartado</name><Style><LineStyle><color>ff00ffff</color><width>3</width></LineStyle></Style><LineString><coordinates>-70.6675133,-34.1308283,0 -70.6675166,-34.1308316,0</coordinates></LineString></Placemark><Placemark><name>Descartado</name><Style><LineStyle><color>ff00ffff</color><width>3</width></LineStyle></Style><LineString><coordinates>-70.6674583,-34.1309116,0 -70.6674583,-34.1309116,0</coordinates></LineString></Placemark><Placemark><name>Descartado</name><Style><LineStyle><color>ff00ffff</color><width>3</width></LineStyle></Style><LineString><coordinates>-70.6681933,-34.1353549,0 -70.6681933,-34.1353549,0</coordinates></LineString></Placemark><Placemark><name>Descartado</name><Style><LineStyle><color>ff00ffff</color><width>3</width></LineStyle></Style><LineString><coordinates>-70.6682016,-34.1339983,0 -70.6682016,-34.1339983,0</coordinates></LineString></Placemark><Placemark><name>Descartado</name><Style><LineStyle><color>ff00ffff</color><width>3</width></LineStyle></Style><LineString><coordinates>-70.6688233,-34.133735,0 -70.6688233,-34.133735,0</coordinates></LineString></Placemark><Placemark><name>Descartado</name><Style><LineStyle><color>ff00ffff</color><width>3</width></LineStyle></Style><LineString><coordinates>-70.6681133,-34.130125,0 -70.6681183,-34.1301233,0</coordinates></LineString></Placemark><Placemark><name>Descartado</name><Style><LineStyle><color>ff00ffff</color><width>3</width></LineStyle></Style><LineString><coordinates>-70.6680216,-34.1297716,0 -70.6680216,-34.1297716,0</coordinates></LineString></Placemark><Placemark><name>Descartado</name><Style><LineStyle><color>ff00ffff</color><width>3</width></LineStyle></Style><LineString><coordinates>-70.6688533,-34.1331216,0 -70.6688966,-34.1331549,0</coordinates></LineString></Placemark><Placemark><name>Descartado</name><Style><LineStyle><color>ff00ffff</color><width>3</width></LineStyle></Style><LineString><coordinates>-70.6670483,-34.130395,0 -70.6670683,-34.1303399,0</coordinates></LineString></Placemark><Placemark><name>Descartado</name><Style><LineStyle><color>ff00ffff</color><width>3</width></LineStyle></Style><LineString><coordinates>-70.6673566,-34.132195,0 -70.6673983,-34.13221,0</coordinates></LineString></Placemark><Placemark><name>Descartado</name><Style><LineStyle><color>ff00ffff</color><width>3</width></LineStyle></Style><LineString><coordinates>-70.6697216,-34.1351733,0 -70.6697216,-34.1351733,0</coordinates></LineString></Placemark><Placemark><name>Descartado</name><Style><LineStyle><color>ff00ffff</color><width>3</width></LineStyle></Style><LineString><coordinates>-70.6692383,-34.1299466,0 -70.6692383,-34.1299466,0</coordinates></LineString></Placemark><Placemark><name>Descartado</name><Style><LineStyle><color>ff00ffff</color><width>3</width></LineStyle></Style><LineString><coordinates>-70.6699366,-34.1320516,0 -70.6699466,-34.132025,0</coordinates></LineString></Placemark><Placemark><name>Descartado</name><Style><LineStyle><color>ff00ffff</color><width>3</width></LineStyle></Style><LineString><coordinates>-70.6699466,-34.132025,0 -70.6699399,-34.1320116,0</coordinates></LineString></Placemark><Placemark><name>Descartado</name><Style><LineStyle><color>ff00ffff</color><width>3</width></LineStyle></Style><LineString><coordinates>-70.6699399,-34.1320116,0 -70.6699816,-34.1319766,0</coordinates></LineString></Placemark><Placemark><name>Descartado</name><Style><LineStyle><color>ff00ffff</color><width>3</width></LineStyle></Style><LineString><coordinates>-70.6699816,-34.1319766,0 -70.669915,-34.1319583,0</coordinates></LineString></Placemark><Placemark><name>Descartado</name><Style><LineStyle><color>ff00ffff</color><width>3</width></LineStyle></Style><LineString><coordinates>-70.669915,-34.1319583,0 -70.6699166,-34.1319733,0</coordinates></LineString></Placemark><Placemark><name>Descartado</name><Style><LineStyle><color>ff00ffff</color><width>3</width></LineStyle></Style><LineString><coordinates>-70.6699166,-34.1319733,0 -70.669955,-34.1319583,0</coordinates></LineString></Placemark><Placemark><name>Descartado</name><Style><LineStyle><color>ff00ffff</color><width>3</width></LineStyle></Style><LineString><coordinates>-70.669955,-34.1319583,0 -70.6699949,-34.13197,0</coordinates></LineString></Placemark><Placemark><name>Descartado</name><Style><LineStyle><color>ff00ffff</color><width>3</width></LineStyle></Style><LineString><coordinates>-70.6699949,-34.13197,0 -70.6699633,-34.13201,0</coordinates></LineString></Placemark><Placemark><name>Descartado</name><Style><LineStyle><color>ff00ffff</color><width>3</width></LineStyle></Style><LineString><coordinates>-70.6699633,-34.13201,0 -70.6699383,-34.1319933,0</coordinates></LineString></Placemark><Placemark><name>Descartado</name><Style><LineStyle><color>ff00ffff</color><width>3</width></LineStyle></Style><LineString><coordinates>-70.6699383,-34.1319933,0 -70.6699383,-34.1319933,0</coordinates></LineString></Placemark><Placemark><name>Descartado</name><Style><LineStyle><color>ff00ffff</color><width>3</width></LineStyle></Style><LineString><coordinates>-70.6699383,-34.1319933,0 -70.6699833,-34.1319883,0</coordinates></LineString></Placemark><Placemark><name>Descartado</name><Style><LineStyle><color>ff00ffff</color><width>3</width></LineStyle></Style><LineString><coordinates>-70.6699833,-34.1319883,0 -70.6699533,-34.1319966,0</coordinates></LineString></Placemark><Placemark><name>Descartado</name><Style><LineStyle><color>ff00ffff</color><width>3</width></LineStyle></Style><LineString><coordinates>-70.6695266,-34.1296566,0 -70.6695266,-34.1296566,0</coordinates></LineString></Placemark><Placemark><name>Descartado</name><Style><LineStyle><color>ff00ffff</color><width>3</width></LineStyle></Style><LineString><coordinates>-70.6695266,-34.1296566,0 -70.6695016,-34.12971,0</coordinates></LineString></Placemark><Placemark><name>Descartado</name><Style><LineStyle><color>ff00ffff</color><width>3</width></LineStyle></Style><LineString><coordinates>-70.6695016,-34.12971,0 -70.6694599,-34.1296533,0</coordinates></LineString></Placemark><Placemark><name>Descartado</name><Style><LineStyle><color>ff00ffff</color><width>3</width></LineStyle></Style><LineString><coordinates>-70.6694599,-34.1296533,0 -70.6694599,-34.1296533,0</coordinates></LineString></Placemark><Placemark><name>Descartado</name><Style><LineStyle><color>ff00ffff</color><width>3</width></LineStyle></Style><LineString><coordinates>-70.6699866,-34.13275,0 -70.6699866,-34.13275,0</coordinates></LineString></Placemark><Placemark><name>Descartado</name><Style><LineStyle><color>ff00ffff</color><width>3</width></LineStyle></Style><LineString><coordinates>-70.6670516,-34.1303633,0 -70.6670516,-34.1303633,0</coordinates></LineString></Placemark><Placemark><name>Descartado</name><Style><LineStyle><color>ff00ffff</color><width>3</width></LineStyle></Style><LineString><coordinates>-70.6670516,-34.1303633,0 -70.6670516,-34.1303633,0</coordinates></LineString></Placemark><Placemark><name>Descartado</name><Style><LineStyle><color>ff00ffff</color><width>3</width></LineStyle></Style><LineString><coordinates>-70.6671,-34.1299233,0 -70.6670733,-34.129955,0</coordinates></LineString></Placemark><Placemark><name>Descartado</name><Style><LineStyle><color>ff00ffff</color><width>3</width></LineStyle></Style><LineString><coordinates>-70.66709,-34.1301833,0 -70.66709,-34.1301833,0</coordinates></LineString></Placemark><Placemark><name>Descartado</name><Style><LineStyle><color>ff00ffff</color><width>3</width></LineStyle></Style><LineString><coordinates>-70.66709,-34.1301833,0 -70.66709,-34.1301833,0</coordinates></LineString></Placemark><Placemark><name>Descartado</name><Style><LineStyle><color>ff00ffff</color><width>3</width></LineStyle></Style><LineString><coordinates>-70.66709,-34.1301833,0 -70.667025,-34.13015,0</coordinates></LineString></Placemark><Placemark><name>Descartado</name><Style><LineStyle><color>ff00ffff</color><width>3</width></LineStyle></Style><LineString><coordinates>-70.667025,-34.13015,0 -70.667025,-34.13015,0</coordinates></LineString></Placemark><Placemark><name>Descartado</name><Style><LineStyle><color>ff00ffff</color><width>3</width></LineStyle></Style><LineString><coordinates>-70.6671116,-34.1300866,0 -70.6671116,-34.1300866,0</coordinates></LineString></Placemark><Placemark><name>Descartado</name><Style><LineStyle><color>ff00ffff</color><width>3</width></LineStyle></Style><LineString><coordinates>-70.6670716,-34.13017,0 -70.6670716,-34.13017,0</coordinates></LineString></Placemark><Placemark><name>Descartado</name><Style><LineStyle><color>ff00ffff</color><width>3</width></LineStyle></Style><LineString><coordinates>-70.66691,-34.1302049,0 -70.66691,-34.1302049,0</coordinates></LineString></Placemark><Placemark><name>Descartado</name><Style><LineStyle><color>ff00ffff</color><width>3</width></LineStyle></Style><LineString><coordinates>-70.6670283,-34.1301983,0 -70.6670283,-34.1301983,0</coordinates></LineString></Placemark><Placemark><name>Descartado</name><Style><LineStyle><color>ff00ffff</color><width>3</width></LineStyle></Style><LineString><coordinates>-70.6690349,-34.1296783,0 -70.6690349,-34.1296783,0</coordinates></LineString></Placemark><Placemark><name>Descartado</name><Style><LineStyle><color>ff00ffff</color><width>3</width></LineStyle></Style><LineString><coordinates>-70.6690833,-34.1295966,0 -70.6690833,-34.1295966,0</coordinates></LineString></Placemark><Placemark><name>Descartado</name><Style><LineStyle><color>ff00ffff</color><width>3</width></LineStyle></Style><LineString><coordinates>-70.6670699,-34.1299666,0 -70.6670533,-34.130025,0</coordinates></LineString></Placemark><Placemark><name>Descartado</name><Style><LineStyle><color>ff00ffff</color><width>3</width></LineStyle></Style><LineString><coordinates>-70.6696083,-34.1304066,0 -70.6696083,-34.1304066,0</coordinates></LineString></Placemark><Placemark><name>Descartado</name><Style><LineStyle><color>ff00ffff</color><width>3</width></LineStyle></Style><LineString><coordinates>-70.6698433,-34.1319283,0 -70.6698433,-34.1319283,0</coordinates></LineString></Placemark><Placemark><name>Descartado</name><Style><LineStyle><color>ff00ffff</color><width>3</width></LineStyle></Style><LineString><coordinates>-70.6713483,-34.1350616,0 -70.6713483,-34.1350616,0</coordinates></LineString></Placemark><Placemark><name>Descartado</name><Style><LineStyle><color>ff00ffff</color><width>3</width></LineStyle></Style><LineString><coordinates>-70.6713483,-34.1350616,0 -70.6713449,-34.1350666,0</coordinates></LineString></Placemark><Placemark><name>Descartado</name><Style><LineStyle><color>ff00ffff</color><width>3</width></LineStyle></Style><LineString><coordinates>-70.6708066,-34.133005,0 -70.6707883,-34.1330283,0</coordinates></LineString></Placemark><Placemark><name>Descartado</name><Style><LineStyle><color>ff00ffff</color><width>3</width></LineStyle></Style><LineString><coordinates>-70.6707883,-34.1330283,0 -70.6708216,-34.13305,0</coordinates></LineString></Placemark><Placemark><name>Descartado</name><Style><LineStyle><color>ff00ffff</color><width>3</width></LineStyle></Style><LineString><coordinates>-70.6708216,-34.13305,0 -70.67083,-34.1329983,0</coordinates></LineString></Placemark><Placemark><name>Descartado</name><Style><LineStyle><color>ff00ffff</color><width>3</width></LineStyle></Style><LineString><coordinates>-70.67083,-34.1329983,0 -70.6709083,-34.132995,0</coordinates></LineString></Placemark><Placemark><name>Descartado</name><Style><LineStyle><color>ff00ffff</color><width>3</width></LineStyle></Style><LineString><coordinates>-70.671185,-34.1326583,0 -70.6711733,-34.1327,0</coordinates></LineString></Placemark><Placemark><name>Descartado</name><Style><LineStyle><color>ff00ffff</color><width>3</width></LineStyle></Style><LineString><coordinates>-70.6711733,-34.1327,0 -70.6711983,-34.1327616,0</coordinates></LineString></Placemark><Placemark><name>Descartado</name><Style><LineStyle><color>ff00ffff</color><width>3</width></LineStyle></Style><LineString><coordinates>-70.6714333,-34.1330816,0 -70.6714766,-34.13311,0</coordinates></LineString></Placemark><Placemark><name>Descartado</name><Style><LineStyle><color>ff00ffff</color><width>3</width></LineStyle></Style><LineString><coordinates>-70.6714766,-34.13311,0 -70.671465,-34.1331383,0</coordinates></LineString></Placemark><Placemark><name>Descartado</name><Style><LineStyle><color>ff00ffff</color><width>3</width></LineStyle></Style><LineString><coordinates>-70.6715033,-34.133665,0 -70.6715616,-34.133715,0</coordinates></LineString></Placemark><Placemark><name>Descartado</name><Style><LineStyle><color>ff00ffff</color><width>3</width></LineStyle></Style><LineString><coordinates>-70.6715616,-34.133715,0 -70.67156,-34.1337533,0</coordinates></LineString></Placemark><Placemark><name>Descartado</name><Style><LineStyle><color>ff00ffff</color><width>3</width></LineStyle></Style><LineString><coordinates>-70.67156,-34.1337533,0 -70.6715433,-34.1337583,0</coordinates></LineString></Placemark><Placemark><name>Descartado</name><Style><LineStyle><color>ff00ffff</color><width>3</width></LineStyle></Style><LineString><coordinates>-70.6715433,-34.1337583,0 -70.6715733,-34.13378,0</coordinates></LineString></Placemark><Placemark><name>Descartado</name><Style><LineStyle><color>ff00ffff</color><width>3</width></LineStyle></Style><LineString><coordinates>-70.6716516,-34.1343099,0 -70.6717033,-34.1343583,0</coordinates></LineString></Placemark><Placemark><name>Descartado</name><Style><LineStyle><color>ff00ffff</color><width>3</width></LineStyle></Style><LineString><coordinates>-70.6666199,-34.1301783,0 -70.6666199,-34.1301783,0</coordinates></LineString></Placemark><Placemark><name>Descartado</name><Style><LineStyle><color>ff00ffff</color><width>3</width></LineStyle></Style><LineString><coordinates>-70.6665316,-34.1301233,0 -70.6665316,-34.1301233,0</coordinates></LineString></Placemark><Placemark><name>Descartado</name><Style><LineStyle><color>ff00ffff</color><width>3</width></LineStyle></Style><LineString><coordinates>-70.6670933,-34.13018,0 -70.6670933,-34.13018,0</coordinates></LineString></Placemark><Placemark><name>Descartado</name><Style><LineStyle><color>ff00ffff</color><width>3</width></LineStyle></Style><LineString><coordinates>-70.6710616,-34.1307633,0 -70.670985,-34.1307816,0</coordinates></LineString></Placemark><Placemark><name>Descartado</name><Style><LineStyle><color>ff00ffff</color><width>3</width></LineStyle></Style><LineString><coordinates>-70.670985,-34.1307816,0 -70.670985,-34.1307816,0</coordinates></LineString></Placemark><Placemark><name>Descartado</name><Style><LineStyle><color>ff00ffff</color><width>3</width></LineStyle></Style><LineString><coordinates>-70.670985,-34.1307816,0 -70.6710416,-34.1308233,0</coordinates></LineString></Placemark><Placemark><name>Descartado</name><Style><LineStyle><color>ff00ffff</color><width>3</width></LineStyle></Style><LineString><coordinates>-70.6726616,-34.1293533,0 -70.6725849,-34.1293333,0</coordinates></LineString></Placemark><Placemark><name>Descartado</name><Style><LineStyle><color>ff00ffff</color><width>3</width></LineStyle></Style><LineString><coordinates>-70.6726483,-34.1305933,0 -70.6726483,-34.1305933,0</coordinates></LineString></Placemark><Placemark><name>Descartado</name><Style><LineStyle><color>ff00ffff</color><width>3</width></LineStyle></Style><LineString><coordinates>-70.6703183,-34.131825,0 -70.67028,-34.1318583,0</coordinates></LineString></Placemark><Placemark><name>Descartado</name><Style><LineStyle><color>ff00ffff</color><width>3</width></LineStyle></Style><LineString><coordinates>-70.6670116,-34.1322666,0 -70.6670116,-34.1322666,0</coordinates></LineString></Placemark><Placemark><name>Descartado</name><Style><LineStyle><color>ff00ffff</color><width>3</width></LineStyle></Style><LineString><coordinates>-70.6668866,-34.132295,0 -70.6668866,-34.132295,0</coordinates></LineString></Placemark><Placemark><name>Descartado</name><Style><LineStyle><color>ff00ffff</color><width>3</width></LineStyle></Style><LineString><coordinates>-70.6691966,-34.1319866,0 -70.6691966,-34.1319866,0</coordinates></LineString></Placemark><Placemark><name>Descartado</name><Style><LineStyle><color>ff00ffff</color><width>3</width></LineStyle></Style><LineString><coordinates>-70.6691966,-34.1319866,0 -70.6692266,-34.132025,0</coordinates></LineString></Placemark><Placemark><name>Descartado</name><Style><LineStyle><color>ff00ffff</color><width>3</width></LineStyle></Style><LineString><coordinates>-70.6692266,-34.132025,0 -70.6692266,-34.1320216,0</coordinates></LineString></Placemark><Placemark><name>Descartado</name><Style><LineStyle><color>ff00ffff</color><width>3</width></LineStyle></Style><LineString><coordinates>-70.6669933,-34.1303483,0 -70.6669933,-34.1303483,0</coordinates></LineString></Placemark><Placemark><name>Descartado</name><Style><LineStyle><color>ff00ffff</color><width>3</width></LineStyle></Style><LineString><coordinates>-70.6669933,-34.1303483,0 -70.6670016,-34.1303516,0</coordinates></LineString></Placemark><Placemark><name>Descartado</name><Style><LineStyle><color>ff00ffff</color><width>3</width></LineStyle></Style><LineString><coordinates>-70.6670016,-34.1303516,0 -70.6670016,-34.1303516,0</coordinates></LineString></Placemark><Placemark><name>Descartado</name><Style><LineStyle><color>ff00ffff</color><width>3</width></LineStyle></Style><LineString><coordinates>-70.6672433,-34.1341083,0 -70.6672433,-34.1341083,0</coordinates></LineString></Placemark><Placemark><name>Descartado</name><Style><LineStyle><color>ff00ffff</color><width>3</width></LineStyle></Style><LineString><coordinates>-70.6672433,-34.1341083,0 -70.6672233,-34.1341316,0</coordinates></LineString></Placemark><Placemark><name>Descartado</name><Style><LineStyle><color>ff00ffff</color><width>3</width></LineStyle></Style><LineString><coordinates>-70.6672083,-34.1341216,0 -70.667155,-34.1341316,0</coordinates></LineString></Placemark><Placemark><name>Descartado</name><Style><LineStyle><color>ff00ffff</color><width>3</width></LineStyle></Style><LineString><coordinates>-70.667155,-34.1341316,0 -70.6672183,-34.1341433,0</coordinates></LineString></Placemark><Placemark><name>Descartado</name><Style><LineStyle><color>ff00ffff</color><width>3</width></LineStyle></Style><LineString><coordinates>-70.6672183,-34.1341433,0 -70.66725,-34.13412,0</coordinates></LineString></Placemark><Placemark><name>Descartado</name><Style><LineStyle><color>ff00ffff</color><width>3</width></LineStyle></Style><LineString><coordinates>-70.67008,-34.1337933,0 -70.6700416,-34.1337583,0</coordinates></LineString></Placemark><Placemark><name>Descartado</name><Style><LineStyle><color>ff00ffff</color><width>3</width></LineStyle></Style><LineString><coordinates>-70.6699633,-34.1338283,0 -70.6699516,-34.1338116,0</coordinates></LineString></Placemark><Placemark><name>Descartado</name><Style><LineStyle><color>ff00ffff</color><width>3</width></LineStyle></Style><LineString><coordinates>-70.6674633,-34.1354716,0 -70.66745,-34.1354566,0</coordinates></LineString></Placemark><Placemark><name>Descartado</name><Style><LineStyle><color>ff00ffff</color><width>3</width></LineStyle></Style><LineString><coordinates>-70.66745,-34.1354566,0 -70.6674049,-34.1354483,0</coordinates></LineString></Placemark><Placemark><name>Descartado</name><Style><LineStyle><color>ff00ffff</color><width>3</width></LineStyle></Style><LineString><coordinates>-70.6674049,-34.1354483,0 -70.6674149,-34.13541,0</coordinates></LineString></Placemark><Placemark><name>Descartado</name><Style><LineStyle><color>ff00ffff</color><width>3</width></LineStyle></Style><LineString><coordinates>-70.6674649,-34.13543,0 -70.6674366,-34.135485,0</coordinates></LineString></Placemark><Placemark><name>Descartado</name><Style><LineStyle><color>ff00ffff</color><width>3</width></LineStyle></Style><LineString><coordinates>-70.6727833,-34.1292816,0 -70.6727833,-34.1292816,0</coordinates></LineString></Placemark><Placemark><name>Descartado</name><Style><LineStyle><color>ff00ffff</color><width>3</width></LineStyle></Style><LineString><coordinates>-70.6729116,-34.1295616,0 -70.6729116,-34.1295616,0</coordinates></LineString></Placemark><Placemark><name>Descartado</name><Style><LineStyle><color>ff00ffff</color><width>3</width></LineStyle></Style><LineString><coordinates>-70.67295,-34.129745,0 -70.67295,-34.129745,0</coordinates></LineString></Placemark><Placemark><name>Descartado</name><Style><LineStyle><color>ff00ffff</color><width>3</width></LineStyle></Style><LineString><coordinates>-70.67313,-34.1306316,0 -70.67311,-34.1305733,0</coordinates></LineString></Placemark><Placemark><name>Descartado</name><Style><LineStyle><color>ff00ffff</color><width>3</width></LineStyle></Style><LineString><coordinates>-70.6731183,-34.1306649,0 -70.6731183,-34.1306649,0</coordinates></LineString></Placemark><Placemark><name>Descartado</name><Style><LineStyle><color>ff00ffff</color><width>3</width></LineStyle></Style><LineString><coordinates>-70.6735,-34.13223,0 -70.6735,-34.13223,0</coordinates></LineString></Placemark><Placemark><name>Descartado</name><Style><LineStyle><color>ff00ffff</color><width>3</width></LineStyle></Style><LineString><coordinates>-70.6735049,-34.1323266,0 -70.6735049,-34.1323266,0</coordinates></LineString></Placemark><Placemark><name>Descartado</name><Style><LineStyle><color>ff00ffff</color><width>3</width></LineStyle></Style><LineString><coordinates>-70.6737216,-34.1333083,0 -70.6737483,-34.1332733,0</coordinates></LineString></Placemark><Placemark><name>Descartado</name><Style><LineStyle><color>ff00ffff</color><width>3</width></LineStyle></Style><LineString><coordinates>-70.6737483,-34.1332733,0 -70.6737833,-34.1332733,0</coordinates></LineString></Placemark><Placemark><name>Descartado</name><Style><LineStyle><color>ff00ffff</color><width>3</width></LineStyle></Style><LineString><coordinates>-70.6737833,-34.1332733,0 -70.6737316,-34.1333149,0</coordinates></LineString></Placemark><Placemark><name>Descartado</name><Style><LineStyle><color>ff00ffff</color><width>3</width></LineStyle></Style><LineString><coordinates>-70.6737316,-34.1333149,0 -70.6736966,-34.1333233,0</coordinates></LineString></Placemark><Placemark><name>Descartado</name><Style><LineStyle><color>ff00ffff</color><width>3</width></LineStyle></Style><LineString><coordinates>-70.6736966,-34.1333233,0 -70.673705,-34.1333249,0</coordinates></LineString></Placemark><Placemark><name>Descartado</name><Style><LineStyle><color>ff00ffff</color><width>3</width></LineStyle></Style><LineString><coordinates>-70.673705,-34.1333249,0 -70.6737183,-34.1332933,0</coordinates></LineString></Placemark><Placemark><name>Descartado</name><Style><LineStyle><color>ff00ffff</color><width>3</width></LineStyle></Style><LineString><coordinates>-70.6737183,-34.1332933,0 -70.6737816,-34.1333033,0</coordinates></LineString></Placemark><Placemark><name>Descartado</name><Style><LineStyle><color>ff00ffff</color><width>3</width></LineStyle></Style><LineString><coordinates>-70.6737816,-34.1333033,0 -70.6737233,-34.1333,0</coordinates></LineString></Placemark><Placemark><name>Descartado</name><Style><LineStyle><color>ff00ffff</color><width>3</width></LineStyle></Style><LineString><coordinates>-70.6739816,-34.1346516,0 -70.67401,-34.1346416,0</coordinates></LineString></Placemark><Placemark><name>Descartado</name><Style><LineStyle><color>ff00ffff</color><width>3</width></LineStyle></Style><LineString><coordinates>-70.67401,-34.1346416,0 -70.673995,-34.1346533,0</coordinates></LineString></Placemark><Placemark><name>Descartado</name><Style><LineStyle><color>ff00ffff</color><width>3</width></LineStyle></Style><LineString><coordinates>-70.673995,-34.1346533,0 -70.6739483,-34.1346333,0</coordinates></LineString></Placemark><Placemark><name>Descartado</name><Style><LineStyle><color>ff00ffff</color><width>3</width></LineStyle></Style><LineString><coordinates>-70.6730066,-34.13052,0 -70.6730049,-34.1305283,0</coordinates></LineString></Placemark><Placemark><name>Descartado</name><Style><LineStyle><color>ff00ffff</color><width>3</width></LineStyle></Style><LineString><coordinates>-70.6730049,-34.1305283,0 -70.6729749,-34.1305083,0</coordinates></LineString></Placemark><Placemark><name>Descartado</name><Style><LineStyle><color>ff00ffff</color><width>3</width></LineStyle></Style><LineString><coordinates>-70.6729749,-34.1305083,0 -70.672995,-34.1305166,0</coordinates></LineString></Placemark><Placemark><name>Descartado</name><Style><LineStyle><color>ff00ffff</color><width>3</width></LineStyle></Style><LineString><coordinates>-70.672995,-34.1305166,0 -70.6729783,-34.1305166,0</coordinates></LineString></Placemark><Placemark><name>Descartado</name><Style><LineStyle><color>ff00ffff</color><width>3</width></LineStyle></Style><LineString><coordinates>-70.6729783,-34.1305166,0 -70.6730233,-34.1305266,0</coordinates></LineString></Placemark><Placemark><name>Descartado</name><Style><LineStyle><color>ff00ffff</color><width>3</width></LineStyle></Style><LineString><coordinates>-70.6730233,-34.1305266,0 -70.6730149,-34.1305266,0</coordinates></LineString></Placemark><Placemark><name>Descartado</name><Style><LineStyle><color>ff00ffff</color><width>3</width></LineStyle></Style><LineString><coordinates>-70.6730149,-34.1305266,0 -70.6730149,-34.1305266,0</coordinates></LineString></Placemark><Placemark><name>Descartado</name><Style><LineStyle><color>ff00ffff</color><width>3</width></LineStyle></Style><LineString><coordinates>-70.6670116,-34.13019,0 -70.6670116,-34.13019,0</coordinates></LineString></Placemark><Placemark><name>Descartado</name><Style><LineStyle><color>ff00ffff</color><width>3</width></LineStyle></Style><LineString><coordinates>-70.6669216,-34.1302433,0 -70.6669216,-34.1302433,0</coordinates></LineString></Placemark><Placemark><name>Descartado</name><Style><LineStyle><color>ff00ffff</color><width>3</width></LineStyle></Style><LineString><coordinates>-70.6669216,-34.1302433,0 -70.6670066,-34.1302416,0</coordinates></LineString></Placemark><Placemark><name>Descartado</name><Style><LineStyle><color>ff00ffff</color><width>3</width></LineStyle></Style><LineString><coordinates>-70.6729783,-34.1305316,0 -70.673055,-34.1305633,0</coordinates></LineString></Placemark><Placemark><name>Descartado</name><Style><LineStyle><color>ff00ffff</color><width>3</width></LineStyle></Style><LineString><coordinates>-70.6731083,-34.1348133,0 -70.6731083,-34.1348133,0</coordinates></LineString></Placemark><Placemark><name>Descartado</name><Style><LineStyle><color>ff00ffff</color><width>3</width></LineStyle></Style><LineString><coordinates>-70.6710683,-34.1350266,0 -70.6710683,-34.1350266,0</coordinates></LineString></Placemark><Placemark><name>Descartado</name><Style><LineStyle><color>ff00ffff</color><width>3</width></LineStyle></Style><LineString><coordinates>-70.667395,-34.13538,0 -70.667395,-34.13538,0</coordinates></LineString></Placemark><Placemark><name>Descartado</name><Style><LineStyle><color>ff00ffff</color><width>3</width></LineStyle></Style><LineString><coordinates>-70.6670383,-34.130445,0 -70.6670383,-34.130445,0</coordinates></LineString></Placemark><Placemark><name>Descartado</name><Style><LineStyle><color>ff00ffff</color><width>3</width></LineStyle></Style><LineString><coordinates>-70.6669383,-34.13039,0 -70.6669383,-34.13039,0</coordinates></LineString></Placemark><Placemark><name>Descartado</name><Style><LineStyle><color>ff00ffff</color><width>3</width></LineStyle></Style><LineString><coordinates>-70.6594216,-34.1364233,0 -70.6594833,-34.1364516,0</coordinates></LineString></Placemark><Placemark><name>Descartado</name><Style><LineStyle><color>ff00ffff</color><width>3</width></LineStyle></Style><LineString><coordinates>-70.6612033,-34.1404966,0 -70.6611433,-34.14045,0</coordinates></LineString></Placemark><Placemark><name>Descartado</name><Style><LineStyle><color>ff00ffff</color><width>3</width></LineStyle></Style><LineString><coordinates>-70.6609416,-34.14042,0 -70.6609416,-34.14042,0</coordinates></LineString></Placemark><Placemark><name>Descartado</name><Style><LineStyle><color>ff00ffff</color><width>3</width></LineStyle></Style><LineString><coordinates>-70.66095,-34.1405216,0 -70.66095,-34.1405216,0</coordinates></LineString></Placemark><Placemark><name>Descartado</name><Style><LineStyle><color>ff00ffff</color><width>3</width></LineStyle></Style><LineString><coordinates>-70.6609733,-34.14075,0 -70.6609733,-34.14075,0</coordinates></LineString></Placemark><Placemark><name>Descartado</name><Style><LineStyle><color>ff00ffff</color><width>3</width></LineStyle></Style><LineString><coordinates>-70.659835,-34.1405966,0 -70.659835,-34.1405966,0</coordinates></LineString></Placemark><Placemark><name>Descartado</name><Style><LineStyle><color>ff00ffff</color><width>3</width></LineStyle></Style><LineString><coordinates>-70.6598983,-34.1406716,0 -70.6598983,-34.1406716,0</coordinates></LineString></Placemark><Placemark><name>Descartado</name><Style><LineStyle><color>ff00ffff</color><width>3</width></LineStyle></Style><LineString><coordinates>-70.6595283,-34.1406016,0 -70.6595283,-34.1406016,0</coordinates></LineString></Placemark><Placemark><name>Descartado</name><Style><LineStyle><color>ff00ffff</color><width>3</width></LineStyle></Style><LineString><coordinates>-70.65942,-34.1406066,0 -70.65942,-34.1406066,0</coordinates></LineString></Placemark><Placemark><name>Descartado</name><Style><LineStyle><color>ff00ffff</color><width>3</width></LineStyle></Style><LineString><coordinates>-70.6593766,-34.140785,0 -70.6593766,-34.140785,0</coordinates></LineString></Placemark><Placemark><name>Descartado</name><Style><LineStyle><color>ff00ffff</color><width>3</width></LineStyle></Style><LineString><coordinates>-70.6589666,-34.1406416,0 -70.6589049,-34.1406733,0</coordinates></LineString></Placemark><Placemark><name>Descartado</name><Style><LineStyle><color>ff00ffff</color><width>3</width></LineStyle></Style><LineString><coordinates>-70.657565,-34.1420966,0 -70.6575283,-34.1421266,0</coordinates></LineString></Placemark><Placemark><name>Descartado</name><Style><LineStyle><color>ff00ffff</color><width>3</width></LineStyle></Style><LineString><coordinates>-70.6568783,-34.140955,0 -70.6568783,-34.140955,0</coordinates></LineString></Placemark><Placemark><name>Descartado</name><Style><LineStyle><color>ff00ffff</color><width>3</width></LineStyle></Style><LineString><coordinates>-70.66135,-34.141075,0 -70.66135,-34.141075,0</coordinates></LineString></Placemark><Placemark><name>Descartado</name><Style><LineStyle><color>ff00ffff</color><width>3</width></LineStyle></Style><LineString><coordinates>-70.6612883,-34.1410533,0 -70.6613216,-34.1410549,0</coordinates></LineString></Placemark><Placemark><name>Descartado</name><Style><LineStyle><color>ff00ffff</color><width>3</width></LineStyle></Style><LineString><coordinates>-70.6613216,-34.1410549,0 -70.6613216,-34.1410549,0</coordinates></LineString></Placemark><Placemark><name>Descartado</name><Style><LineStyle><color>ff00ffff</color><width>3</width></LineStyle></Style><LineString><coordinates>-70.6613216,-34.1410549,0 -70.6613366,-34.141115,0</coordinates></LineString></Placemark><Placemark><name>Descartado</name><Style><LineStyle><color>ff00ffff</color><width>3</width></LineStyle></Style><LineString><coordinates>-70.6613366,-34.141115,0 -70.6613366,-34.141115,0</coordinates></LineString></Placemark><Placemark><name>Descartado</name><Style><LineStyle><color>ff00ffff</color><width>3</width></LineStyle></Style><LineString><coordinates>-70.6614333,-34.14107,0 -70.6614333,-34.14107,0</coordinates></LineString></Placemark><Placemark><name>Descartado</name><Style><LineStyle><color>ff00ffff</color><width>3</width></LineStyle></Style><LineString><coordinates>-70.6617416,-34.141375,0 -70.6617416,-34.141375,0</coordinates></LineString></Placemark><Placemark><name>Descartado</name><Style><LineStyle><color>ff00ffff</color><width>3</width></LineStyle></Style><LineString><coordinates>-70.6617416,-34.141375,0 -70.661725,-34.1413616,0</coordinates></LineString></Placemark><Placemark><name>Descartado</name><Style><LineStyle><color>ff00ffff</color><width>3</width></LineStyle></Style><LineString><coordinates>-70.661725,-34.1413616,0 -70.661725,-34.1413616,0</coordinates></LineString></Placemark><Placemark><name>Descartado</name><Style><LineStyle><color>ff00ffff</color><width>3</width></LineStyle></Style><LineString><coordinates>-70.6612066,-34.1405033,0 -70.6611283,-34.140475,0</coordinates></LineString></Placemark><Placemark><name>Descartado</name><Style><LineStyle><color>ff00ffff</color><width>3</width></LineStyle></Style><LineString><coordinates>-70.65963,-34.1405883,0 -70.6595816,-34.14062,0</coordinates></LineString></Placemark><Placemark><name>Descartado</name><Style><LineStyle><color>ff00ffff</color><width>3</width></LineStyle></Style><LineString><coordinates>-70.6595816,-34.14062,0 -70.6595816,-34.14062,0</coordinates></LineString></Placemark><Placemark><name>Descartado</name><Style><LineStyle><color>ff00ffff</color><width>3</width></LineStyle></Style><LineString><coordinates>-70.6568633,-34.1409283,0 -70.65681,-34.1408883,0</coordinates></LineString></Placemark><Placemark><name>Descartado</name><Style><LineStyle><color>ff00ffff</color><width>3</width></LineStyle></Style><LineString><coordinates>-70.6519466,-34.14035,0 -70.6519466,-34.14035,0</coordinates></LineString></Placemark><Placemark><name>Descartado</name><Style><LineStyle><color>ff00ffff</color><width>3</width></LineStyle></Style><LineString><coordinates>-70.65199,-34.1403783,0 -70.65199,-34.1403783,0</coordinates></LineString></Placemark><Placemark><name>Descartado</name><Style><LineStyle><color>ff00ffff</color><width>3</width></LineStyle></Style><LineString><coordinates>-70.651945,-34.142295,0 -70.651945,-34.142295,0</coordinates></LineString></Placemark><Placemark><name>Descartado</name><Style><LineStyle><color>ff00ffff</color><width>3</width></LineStyle></Style><LineString><coordinates>-70.6522099,-34.140265,0 -70.6522099,-34.140265,0</coordinates></LineString></Placemark><Placemark><name>Descartado</name><Style><LineStyle><color>ff00ffff</color><width>3</width></LineStyle></Style><LineString><coordinates>-70.652465,-34.1402333,0 -70.652465,-34.1402333,0</coordinates></LineString></Placemark><Placemark><name>Descartado</name><Style><LineStyle><color>ff00ffff</color><width>3</width></LineStyle></Style><LineString><coordinates>-70.6530066,-34.1417166,0 -70.6530066,-34.1417166,0</coordinates></LineString></Placemark><Placemark><name>Descartado</name><Style><LineStyle><color>ff00ffff</color><width>3</width></LineStyle></Style><LineString><coordinates>-70.6530183,-34.1418066,0 -70.6530183,-34.1418066,0</coordinates></LineString></Placemark><Placemark><name>Descartado</name><Style><LineStyle><color>ff00ffff</color><width>3</width></LineStyle></Style><LineString><coordinates>-70.6530983,-34.1411433,0 -70.6530983,-34.1411433,0</coordinates></LineString></Placemark><Placemark><name>Descartado</name><Style><LineStyle><color>ff00ffff</color><width>3</width></LineStyle></Style><LineString><coordinates>-70.6531883,-34.1414966,0 -70.6531883,-34.1414966,0</coordinates></LineString></Placemark><Placemark><name>Descartado</name><Style><LineStyle><color>ff00ffff</color><width>3</width></LineStyle></Style><LineString><coordinates>-70.6531883,-34.1414966,0 -70.6531349,-34.1414966,0</coordinates></LineString></Placemark><Placemark><name>Descartado</name><Style><LineStyle><color>ff00ffff</color><width>3</width></LineStyle></Style><LineString><coordinates>-70.6531349,-34.1414966,0 -70.6531349,-34.1414966,0</coordinates></LineString></Placemark><Placemark><name>Descartado</name><Style><LineStyle><color>ff00ffff</color><width>3</width></LineStyle></Style><LineString><coordinates>-70.652945,-34.1401883,0 -70.652945,-34.1401883,0</coordinates></LineString></Placemark><Placemark><name>Descartado</name><Style><LineStyle><color>ff00ffff</color><width>3</width></LineStyle></Style><LineString><coordinates>-70.6532049,-34.1401449,0 -70.6532749,-34.1401816,0</coordinates></LineString></Placemark><Placemark><name>Descartado</name><Style><LineStyle><color>ff00ffff</color><width>3</width></LineStyle></Style><LineString><coordinates>-70.6611783,-34.1404683,0 -70.661205,-34.14049,0</coordinates></LineString></Placemark><Placemark><name>Descartado</name><Style><LineStyle><color>ff00ffff</color><width>3</width></LineStyle></Style><LineString><coordinates>-70.6613366,-34.14101,0 -70.6613366,-34.14101,0</coordinates></LineString></Placemark><Placemark><name>Descartado</name><Style><LineStyle><color>ff00ffff</color><width>3</width></LineStyle></Style><LineString><coordinates>-70.6613366,-34.14101,0 -70.6613366,-34.14101,0</coordinates></LineString></Placemark><Placemark><name>Descartado</name><Style><LineStyle><color>ff00ffff</color><width>3</width></LineStyle></Style><LineString><coordinates>-70.6613366,-34.14101,0 -70.66137,-34.140975,0</coordinates></LineString></Placemark><Placemark><name>Descartado</name><Style><LineStyle><color>ff00ffff</color><width>3</width></LineStyle></Style><LineString><coordinates>-70.66137,-34.140975,0 -70.66137,-34.140975,0</coordinates></LineString></Placemark><Placemark><name>Descartado</name><Style><LineStyle><color>ff00ffff</color><width>3</width></LineStyle></Style><LineString><coordinates>-70.661615,-34.1413116,0 -70.661615,-34.1413116,0</coordinates></LineString></Placemark><Placemark><name>Descartado</name><Style><LineStyle><color>ff00ffff</color><width>3</width></LineStyle></Style><LineString><coordinates>-70.6531966,-34.140195,0 -70.6531966,-34.140195,0</coordinates></LineString></Placemark><Placemark><name>Descartado</name><Style><LineStyle><color>ff00ffff</color><width>3</width></LineStyle></Style><LineString><coordinates>-70.6534116,-34.1401266,0 -70.6534116,-34.1401266,0</coordinates></LineString></Placemark><Placemark><name>Descartado</name><Style><LineStyle><color>ff00ffff</color><width>3</width></LineStyle></Style><LineString><coordinates>-70.6545233,-34.1412166,0 -70.6545233,-34.1412166,0</coordinates></LineString></Placemark><Placemark><name>Descartado</name><Style><LineStyle><color>ff00ffff</color><width>3</width></LineStyle></Style><LineString><coordinates>-70.6545266,-34.1413066,0 -70.6545266,-34.1413066,0</coordinates></LineString></Placemark><Placemark><name>Descartado</name><Style><LineStyle><color>ff00ffff</color><width>3</width></LineStyle></Style><LineString><coordinates>-70.6548283,-34.1410016,0 -70.6548283,-34.1410016,0</coordinates></LineString></Placemark><Placemark><name>Descartado</name><Style><LineStyle><color>ff00ffff</color><width>3</width></LineStyle></Style><LineString><coordinates>-70.6548233,-34.13997,0 -70.6548233,-34.13997,0</coordinates></LineString></Placemark><Placemark><name>Descartado</name><Style><LineStyle><color>ff00ffff</color><width>3</width></LineStyle></Style><LineString><coordinates>-70.6551533,-34.1403416,0 -70.6551533,-34.1403416,0</coordinates></LineString></Placemark><Placemark><name>Descartado</name><Style><LineStyle><color>ff00ffff</color><width>3</width></LineStyle></Style><LineString><coordinates>-70.6611683,-34.1404633,0 -70.6612133,-34.1405066,0</coordinates></LineString></Placemark><Placemark><name>Descartado</name><Style><LineStyle><color>ff00ffff</color><width>3</width></LineStyle></Style><LineString><coordinates>-70.6613333,-34.1410166,0 -70.6613333,-34.1410166,0</coordinates></LineString></Placemark><Placemark><name>Descartado</name><Style><LineStyle><color>ff00ffff</color><width>3</width></LineStyle></Style><LineString><coordinates>-70.6613333,-34.1410166,0 -70.6613716,-34.1410816,0</coordinates></LineString></Placemark><Placemark><name>Descartado</name><Style><LineStyle><color>ff00ffff</color><width>3</width></LineStyle></Style><LineString><coordinates>-70.6550599,-34.140075,0 -70.6550599,-34.140075,0</coordinates></LineString></Placemark><Placemark><name>Descartado</name><Style><LineStyle><color>ff00ffff</color><width>3</width></LineStyle></Style><LineString><coordinates>-70.6553233,-34.1400549,0 -70.65534,-34.140075,0</coordinates></LineString></Placemark><Placemark><name>Descartado</name><Style><LineStyle><color>ff00ffff</color><width>3</width></LineStyle></Style><LineString><coordinates>-70.6556416,-34.1398983,0 -70.6556983,-34.13985,0</coordinates></LineString></Placemark><Placemark><name>Descartado</name><Style><LineStyle><color>ff00ffff</color><width>3</width></LineStyle></Style><LineString><coordinates>-70.6557933,-34.1401083,0 -70.6557933,-34.1401083,0</coordinates></LineString></Placemark><Placemark><name>Descartado</name><Style><LineStyle><color>ff00ffff</color><width>3</width></LineStyle></Style><LineString><coordinates>-70.655815,-34.1401966,0 -70.655815,-34.1401966,0</coordinates></LineString></Placemark><Placemark><name>Descartado</name><Style><LineStyle><color>ff00ffff</color><width>3</width></LineStyle></Style><LineString><coordinates>-70.6557216,-34.1401516,0 -70.6557216,-34.1401516,0</coordinates></LineString></Placemark><Placemark><name>Descartado</name><Style><LineStyle><color>ff00ffff</color><width>3</width></LineStyle></Style><LineString><coordinates>-70.6560266,-34.1401216,0 -70.6560266,-34.1401216,0</coordinates></LineString></Placemark><Placemark><name>Descartado</name><Style><LineStyle><color>ff00ffff</color><width>3</width></LineStyle></Style><LineString><coordinates>-70.6564983,-34.1420783,0 -70.6564983,-34.1420783,0</coordinates></LineString></Placemark><Placemark><name>Descartado</name><Style><LineStyle><color>ff00ffff</color><width>3</width></LineStyle></Style><LineString><coordinates>-70.6564499,-34.1421233,0 -70.6564499,-34.1421233,0</coordinates></LineString></Placemark><Placemark><name>Descartado</name><Style><LineStyle><color>ff00ffff</color><width>3</width></LineStyle></Style><LineString><coordinates>-70.6562666,-34.1401533,0 -70.6562666,-34.1401533,0</coordinates></LineString></Placemark><Placemark><name>Descartado</name><Style><LineStyle><color>ff00ffff</color><width>3</width></LineStyle></Style><LineString><coordinates>-70.6562,-34.140225,0 -70.6562,-34.140225,0</coordinates></LineString></Placemark><Placemark><name>Descartado</name><Style><LineStyle><color>ff00ffff</color><width>3</width></LineStyle></Style><LineString><coordinates>-70.65631,-34.1402299,0 -70.65631,-34.1402299,0</coordinates></LineString></Placemark><Placemark><name>Descartado</name><Style><LineStyle><color>ff00ffff</color><width>3</width></LineStyle></Style><LineString><coordinates>-70.6567866,-34.1368483,0 -70.6567333,-34.1368033,0</coordinates></LineString></Placemark><Placemark><name>Descartado</name><Style><LineStyle><color>ff00ffff</color><width>3</width></LineStyle></Style><LineString><coordinates>-70.658715,-34.1327099,0 -70.658715,-34.1327099,0</coordinates></LineString></Placemark><Placemark><name>Descartado</name><Style><LineStyle><color>ff00ffff</color><width>3</width></LineStyle></Style><LineString><coordinates>-70.65608,-34.1328283,0 -70.65608,-34.1328283,0</coordinates></LineString></Placemark><Placemark><name>Descartado</name><Style><LineStyle><color>ff00ffff</color><width>3</width></LineStyle></Style><LineString><coordinates>-70.6618266,-34.1414399,0 -70.6618266,-34.1414399,0</coordinates></LineString></Placemark><Placemark><name>Descartado</name><Style><LineStyle><color>ff00ffff</color><width>3</width></LineStyle></Style><LineString><coordinates>-70.6619283,-34.1413933,0 -70.6619216,-34.141395,0</coordinates></LineString></Placemark><Placemark><name>Descartado</name><Style><LineStyle><color>ff00ffff</color><width>3</width></LineStyle></Style><LineString><coordinates>-70.6619216,-34.141395,0 -70.6619216,-34.141395,0</coordinates></LineString></Placemark><Placemark><name>Descartado</name><Style><LineStyle><color>ff00ffff</color><width>3</width></LineStyle></Style><LineString><coordinates>-70.6619216,-34.141395,0 -70.6619216,-34.141395,0</coordinates></LineString></Placemark><Placemark><name>Descartado</name><Style><LineStyle><color>ff00ffff</color><width>3</width></LineStyle></Style><LineString><coordinates>-70.6619216,-34.141395,0 -70.6619216,-34.141395,0</coordinates></LineString></Placemark><Placemark><name>Descartado</name><Style><LineStyle><color>ff00ffff</color><width>3</width></LineStyle></Style><LineString><coordinates>-70.6619216,-34.141395,0 -70.6619216,-34.141395,0</coordinates></LineString></Placemark><Placemark><name>Descartado</name><Style><LineStyle><color>ff00ffff</color><width>3</width></LineStyle></Style><LineString><coordinates>-70.6619216,-34.141395,0 -70.66193,-34.141405,0</coordinates></LineString></Placemark><Placemark><name>Descartado</name><Style><LineStyle><color>ff00ffff</color><width>3</width></LineStyle></Style><LineString><coordinates>-70.66193,-34.141405,0 -70.66193,-34.141405,0</coordinates></LineString></Placemark><Placemark><name>Descartado</name><Style><LineStyle><color>ff00ffff</color><width>3</width></LineStyle></Style><LineString><coordinates>-70.6618166,-34.1413833,0 -70.6618166,-34.1413833,0</coordinates></LineString></Placemark><Placemark><name>Descartado</name><Style><LineStyle><color>ff00ffff</color><width>3</width></LineStyle></Style><LineString><coordinates>-70.6617216,-34.141335,0 -70.6617216,-34.141335,0</coordinates></LineString></Placemark><Placemark><name>Descartado</name><Style><LineStyle><color>ff00ffff</color><width>3</width></LineStyle></Style><LineString><coordinates>-70.6561616,-34.1328716,0 -70.6561616,-34.1328716,0</coordinates></LineString></Placemark><Placemark><name>Descartado</name><Style><LineStyle><color>ff00ffff</color><width>3</width></LineStyle></Style><LineString><coordinates>-70.6561616,-34.1328716,0 -70.6561733,-34.13288,0</coordinates></LineString></Placemark><Placemark><name>Descartado</name><Style><LineStyle><color>ff00ffff</color><width>3</width></LineStyle></Style><LineString><coordinates>-70.6590866,-34.1323116,0 -70.6590866,-34.1323116,0</coordinates></LineString></Placemark><Placemark><name>Descartado</name><Style><LineStyle><color>ff00ffff</color><width>3</width></LineStyle></Style><LineString><coordinates>-70.6564716,-34.1324583,0 -70.6564716,-34.1324583,0</coordinates></LineString></Placemark><Placemark><name>Descartado</name><Style><LineStyle><color>ff00ffff</color><width>3</width></LineStyle></Style><LineString><coordinates>-70.659055,-34.13197,0 -70.659055,-34.13197,0</coordinates></LineString></Placemark><Placemark><name>Descartado</name><Style><LineStyle><color>ff00ffff</color><width>3</width></LineStyle></Style><LineString><coordinates>-70.6575549,-34.1311083,0 -70.6575549,-34.1311083,0</coordinates></LineString></Placemark><Placemark><name>Descartado</name><Style><LineStyle><color>ff00ffff</color><width>3</width></LineStyle></Style><LineString><coordinates>-70.6557616,-34.131525,0 -70.6557616,-34.131525,0</coordinates></LineString></Placemark><Placemark><name>Descartado</name><Style><LineStyle><color>ff00ffff</color><width>3</width></LineStyle></Style><LineString><coordinates>-70.66128,-34.1409799,0 -70.66128,-34.1409799,0</coordinates></LineString></Placemark><Placemark><name>Descartado</name><Style><LineStyle><color>ff00ffff</color><width>3</width></LineStyle></Style><LineString><coordinates>-70.6613749,-34.141025,0 -70.6613749,-34.141025,0</coordinates></LineString></Placemark><Placemark><name>Descartado</name><Style><LineStyle><color>ff00ffff</color><width>3</width></LineStyle></Style><LineString><coordinates>-70.6617833,-34.1414,0 -70.6617833,-34.1414,0</coordinates></LineString></Placemark><Placemark><name>Descartado</name><Style><LineStyle><color>ff00ffff</color><width>3</width></LineStyle></Style><LineString><coordinates>-70.6618249,-34.1414833,0 -70.6618249,-34.1414833,0</coordinates></LineString></Placemark><Placemark><name>Descartado</name><Style><LineStyle><color>ff00ffff</color><width>3</width></LineStyle></Style><LineString><coordinates>-70.6604733,-34.13644,0 -70.6604466,-34.1364133,0</coordinates></LineString></Placemark><Placemark><name>Descartado</name><Style><LineStyle><color>ff00ffff</color><width>3</width></LineStyle></Style><LineString><coordinates>-70.6561133,-34.1331366,0 -70.656115,-34.133135,0</coordinates></LineString></Placemark><Placemark><name>Descartado</name><Style><LineStyle><color>ff00ffff</color><width>3</width></LineStyle></Style><LineString><coordinates>-70.656115,-34.133135,0 -70.656115,-34.133135,0</coordinates></LineString></Placemark><Placemark><name>Descartado</name><Style><LineStyle><color>ff00ffff</color><width>3</width></LineStyle></Style><LineString><coordinates>-70.656115,-34.133135,0 -70.6560666,-34.1331549,0</coordinates></LineString></Placemark><Placemark><name>Descartado</name><Style><LineStyle><color>ff00ffff</color><width>3</width></LineStyle></Style><LineString><coordinates>-70.6560666,-34.1331549,0 -70.6560666,-34.1331549,0</coordinates></LineString></Placemark><Placemark><name>Descartado</name><Style><LineStyle><color>ff00ffff</color><width>3</width></LineStyle></Style><LineString><coordinates>-70.6565716,-34.133105,0 -70.6565716,-34.133105,0</coordinates></LineString></Placemark><Placemark><name>Descartado</name><Style><LineStyle><color>ff00ffff</color><width>3</width></LineStyle></Style><LineString><coordinates>-70.6561299,-34.13311,0 -70.6561299,-34.13311,0</coordinates></LineString></Placemark><Placemark><name>Descartado</name><Style><LineStyle><color>ff00ffff</color><width>3</width></LineStyle></Style><LineString><coordinates>-70.66043,-34.1364066,0 -70.6604733,-34.136445,0</coordinates></LineString></Placemark><Placemark><name>Descartado</name><Style><LineStyle><color>ff00ffff</color><width>3</width></LineStyle></Style><LineString><coordinates>-70.66135,-34.1410283,0 -70.66135,-34.1410283,0</coordinates></LineString></Placemark><Placemark><name>Descartado</name><Style><LineStyle><color>ff00ffff</color><width>3</width></LineStyle></Style><LineString><coordinates>-70.66135,-34.1410283,0 -70.66135,-34.1410283,0</coordinates></LineString></Placemark><Placemark><name>Descartado</name><Style><LineStyle><color>ff00ffff</color><width>3</width></LineStyle></Style><LineString><coordinates>-70.66135,-34.1410283,0 -70.6613916,-34.14105,0</coordinates></LineString></Placemark><Placemark><name>Descartado</name><Style><LineStyle><color>ff00ffff</color><width>3</width></LineStyle></Style><LineString><coordinates>-70.6613916,-34.14105,0 -70.6613916,-34.14105,0</coordinates></LineString></Placemark><Placemark><name>Descartado</name><Style><LineStyle><color>ff00ffff</color><width>3</width></LineStyle></Style><LineString><coordinates>-70.6616516,-34.1413433,0 -70.6616516,-34.1413433,0</coordinates></LineString></Placemark><Placemark><name>Descartado</name><Style><LineStyle><color>ff00ffff</color><width>3</width></LineStyle></Style><LineString><coordinates>-70.6561733,-34.133105,0 -70.6561733,-34.133105,0</coordinates></LineString></Placemark><Placemark><name>Descartado</name><Style><LineStyle><color>ff00ffff</color><width>3</width></LineStyle></Style><LineString><coordinates>-70.6574083,-34.13297,0 -70.657415,-34.132965,0</coordinates></LineString></Placemark><Placemark><name>Descartado</name><Style><LineStyle><color>ff00ffff</color><width>3</width></LineStyle></Style><LineString><coordinates>-70.6591216,-34.1326199,0 -70.6591216,-34.1326199,0</coordinates></LineString></Placemark><Placemark><name>Descartado</name><Style><LineStyle><color>ff00ffff</color><width>3</width></LineStyle></Style><LineString><coordinates>-70.6590733,-34.132595,0 -70.6590733,-34.132595,0</coordinates></LineString></Placemark><Placemark><name>Descartado</name><Style><LineStyle><color>ff00ffff</color><width>3</width></LineStyle></Style><LineString><coordinates>-70.6559166,-34.13239,0 -70.6559166,-34.13239,0</coordinates></LineString></Placemark><Placemark><name>Descartado</name><Style><LineStyle><color>ff00ffff</color><width>3</width></LineStyle></Style><LineString><coordinates>-70.6590316,-34.1320133,0 -70.6590316,-34.1320133,0</coordinates></LineString></Placemark><Placemark><name>Descartado</name><Style><LineStyle><color>ff00ffff</color><width>3</width></LineStyle></Style><LineString><coordinates>-70.6559916,-34.1321916,0 -70.65603,-34.1321683,0</coordinates></LineString></Placemark><Placemark><name>Descartado</name><Style><LineStyle><color>ff00ffff</color><width>3</width></LineStyle></Style><LineString><coordinates>-70.65603,-34.1321683,0 -70.65603,-34.1321683,0</coordinates></LineString></Placemark><Placemark><name>Descartado</name><Style><LineStyle><color>ff00ffff</color><width>3</width></LineStyle></Style><LineString><coordinates>-70.6558733,-34.132005,0 -70.6558733,-34.132005,0</coordinates></LineString></Placemark><Placemark><name>Descartado</name><Style><LineStyle><color>ff00ffff</color><width>3</width></LineStyle></Style><LineString><coordinates>-70.6613416,-34.1410116,0 -70.6613416,-34.1410116,0</coordinates></LineString></Placemark><Placemark><name>Descartado</name><Style><LineStyle><color>ff00ffff</color><width>3</width></LineStyle></Style><LineString><coordinates>-70.661425,-34.14099,0 -70.661425,-34.14099,0</coordinates></LineString></Placemark><Placemark><name>Descartado</name><Style><LineStyle><color>ff00ffff</color><width>3</width></LineStyle></Style><LineString><coordinates>-70.655835,-34.13201,0 -70.655835,-34.13201,0</coordinates></LineString></Placemark><Placemark><name>Descartado</name><Style><LineStyle><color>ff00ffff</color><width>3</width></LineStyle></Style><LineString><coordinates>-70.6590266,-34.130865,0 -70.6589883,-34.13085,0</coordinates></LineString></Placemark><Placemark><name>Descartado</name><Style><LineStyle><color>ff00ffff</color><width>3</width></LineStyle></Style><LineString><coordinates>-70.6558166,-34.1314733,0 -70.6557466,-34.1314716,0</coordinates></LineString></Placemark><Placemark><name>Descartado</name><Style><LineStyle><color>ff00ffff</color><width>3</width></LineStyle></Style><LineString><coordinates>-70.6557916,-34.1314,0 -70.6558199,-34.1314416,0</coordinates></LineString></Placemark><Placemark><name>Descartado</name><Style><LineStyle><color>ff00ffff</color><width>3</width></LineStyle></Style><LineString><coordinates>-70.6558199,-34.1314416,0 -70.655785,-34.1314916,0</coordinates></LineString></Placemark><Placemark><name>Descartado</name><Style><LineStyle><color>ff00ffff</color><width>3</width></LineStyle></Style><LineString><coordinates>-70.655855,-34.1312433,0 -70.6558066,-34.131295,0</coordinates></LineString></Placemark><Placemark><name>Descartado</name><Style><LineStyle><color>ff00ffff</color><width>3</width></LineStyle></Style><LineString><coordinates>-70.6560749,-34.1331933,0 -70.6560749,-34.1331933,0</coordinates></LineString></Placemark><Placemark><name>Descartado</name><Style><LineStyle><color>ff00ffff</color><width>3</width></LineStyle></Style><LineString><coordinates>-70.65603,-34.133275,0 -70.65603,-34.133275,0</coordinates></LineString></Placemark><Placemark><name>Descartado</name><Style><LineStyle><color>ff00ffff</color><width>3</width></LineStyle></Style><LineString><coordinates>-70.6542066,-34.133945,0 -70.6542066,-34.133945,0</coordinates></LineString></Placemark><Placemark><name>Descartado</name><Style><LineStyle><color>ff00ffff</color><width>3</width></LineStyle></Style><LineString><coordinates>-70.6546116,-34.1364883,0 -70.6546116,-34.1364883,0</coordinates></LineString></Placemark><Placemark><name>Descartado</name><Style><LineStyle><color>ff00ffff</color><width>3</width></LineStyle></Style><LineString><coordinates>-70.6547566,-34.13708,0 -70.6548266,-34.1371216,0</coordinates></LineString></Placemark><Placemark><name>Descartado</name><Style><LineStyle><color>ff00ffff</color><width>3</width></LineStyle></Style><LineString><coordinates>-70.6560533,-34.133475,0 -70.6560383,-34.1334583,0</coordinates></LineString></Placemark><Placemark><name>Descartado</name><Style><LineStyle><color>ff00ffff</color><width>3</width></LineStyle></Style><LineString><coordinates>-70.656115,-34.133075,0 -70.6561766,-34.1330766,0</coordinates></LineString></Placemark><Placemark><name>Descartado</name><Style><LineStyle><color>ff00ffff</color><width>3</width></LineStyle></Style><LineString><coordinates>-70.6563533,-34.1347966,0 -70.6563533,-34.1347966,0</coordinates></LineString></Placemark><Placemark><name>Descartado</name><Style><LineStyle><color>ff00ffff</color><width>3</width></LineStyle></Style><LineString><coordinates>-70.6604316,-34.1364383,0 -70.660485,-34.136485,0</coordinates></LineString></Placemark><Placemark><name>Descartado</name><Style><LineStyle><color>ff00ffff</color><width>3</width></LineStyle></Style><LineString><coordinates>-70.6613333,-34.141045,0 -70.6613333,-34.141045,0</coordinates></LineString></Placemark><Placemark><name>Descartado</name><Style><LineStyle><color>ff00ffff</color><width>3</width></LineStyle></Style><LineString><coordinates>-70.6613333,-34.141045,0 -70.6613266,-34.14102,0</coordinates></LineString></Placemark><Placemark><name>Descartado</name><Style><LineStyle><color>ff00ffff</color><width>3</width></LineStyle></Style><LineString><coordinates>-70.661565,-34.1413483,0 -70.661565,-34.1413483,0</coordinates></LineString></Placemark><Placemark><name>Descartado</name><Style><LineStyle><color>ff00ffff</color><width>3</width></LineStyle></Style><LineString><coordinates>-70.6616733,-34.14135,0 -70.6616733,-34.14135,0</coordinates></LineString></Placemark><Placemark><name>Descartado</name><Style><LineStyle><color>ff00ffff</color><width>3</width></LineStyle></Style><LineString><coordinates>-70.6604366,-34.1363816,0 -70.6603716,-34.1363566,0</coordinates></LineString></Placemark><Placemark><name>Descartado</name><Style><LineStyle><color>ff00ffff</color><width>3</width></LineStyle></Style><LineString><coordinates>-70.6563333,-34.134595,0 -70.6562966,-34.13458,0</coordinates></LineString></Placemark><Placemark><name>Descartado</name><Style><LineStyle><color>ff00ffff</color><width>3</width></LineStyle></Style><LineString><coordinates>-70.6562966,-34.13458,0 -70.6562966,-34.13458,0</coordinates></LineString></Placemark><Placemark><name>Descartado</name><Style><LineStyle><color>ff00ffff</color><width>3</width></LineStyle></Style><LineString><coordinates>-70.6561433,-34.1345466,0 -70.6561166,-34.1345516,0</coordinates></LineString></Placemark><Placemark><name>Descartado</name><Style><LineStyle><color>ff00ffff</color><width>3</width></LineStyle></Style><LineString><coordinates>-70.6545416,-34.1355133,0 -70.6545416,-34.1355133,0</coordinates></LineString></Placemark><Placemark><name>Descartado</name><Style><LineStyle><color>ff00ffff</color><width>3</width></LineStyle></Style><LineString><coordinates>-70.655745,-34.135695,0 -70.6557433,-34.1356883,0</coordinates></LineString></Placemark><Placemark><name>Descartado</name><Style><LineStyle><color>ff00ffff</color><width>3</width></LineStyle></Style><LineString><coordinates>-70.6565333,-34.1357866,0 -70.6565333,-34.1357866,0</coordinates></LineString></Placemark><Placemark><name>Descartado</name><Style><LineStyle><color>ff00ffff</color><width>3</width></LineStyle></Style><LineString><coordinates>-70.6549483,-34.1360716,0 -70.6549483,-34.1360716,0</coordinates></LineString></Placemark><Placemark><name>Descartado</name><Style><LineStyle><color>ff00ffff</color><width>3</width></LineStyle></Style><LineString><coordinates>-70.6546783,-34.1360366,0 -70.6546783,-34.1360366,0</coordinates></LineString></Placemark><Placemark><name>Descartado</name><Style><LineStyle><color>ff00ffff</color><width>3</width></LineStyle></Style><LineString><coordinates>-70.6548799,-34.136,0 -70.6548816,-34.1360449,0</coordinates></LineString></Placemark><Placemark><name>Descartado</name><Style><LineStyle><color>ff00ffff</color><width>3</width></LineStyle></Style><LineString><coordinates>-70.6547699,-34.1369216,0 -70.6547699,-34.1369216,0</coordinates></LineString></Placemark><Placemark><name>Descartado</name><Style><LineStyle><color>ff00ffff</color><width>3</width></LineStyle></Style><LineString><coordinates>-70.656735,-34.1363349,0 -70.6567533,-34.1364016,0</coordinates></LineString></Placemark><Placemark><name>Descartado</name><Style><LineStyle><color>ff00ffff</color><width>3</width></LineStyle></Style><LineString><coordinates>-70.6582483,-34.1356866,0 -70.6582483,-34.1356866,0</coordinates></LineString></Placemark><Placemark><name>Descartado</name><Style><LineStyle><color>ff00ffff</color><width>3</width></LineStyle></Style><LineString><coordinates>-70.6604133,-34.1364016,0 -70.6604533,-34.1364349,0</coordinates></LineString></Placemark><Placemark><name>Descartado</name><Style><LineStyle><color>ff00ffff</color><width>3</width></LineStyle></Style><LineString><coordinates>-70.6613033,-34.1409766,0 -70.6613033,-34.1409766,0</coordinates></LineString></Placemark><Placemark><name>Descartado</name><Style><LineStyle><color>ff00ffff</color><width>3</width></LineStyle></Style><LineString><coordinates>-70.6614116,-34.1409683,0 -70.6614116,-34.1409683,0</coordinates></LineString></Placemark><Placemark><name>Descartado</name><Style><LineStyle><color>ff00ffff</color><width>3</width></LineStyle></Style><LineString><coordinates>-70.6585616,-34.1365683,0 -70.65853,-34.1365266,0</coordinates></LineString></Placemark><Placemark><name>Descartado</name><Style><LineStyle><color>ff00ffff</color><width>3</width></LineStyle></Style><LineString><coordinates>-70.65683,-34.13509,0 -70.65683,-34.13509,0</coordinates></LineString></Placemark><Placemark><name>Descartado</name><Style><LineStyle><color>ff00ffff</color><width>3</width></LineStyle></Style><LineString><coordinates>-70.6564549,-34.1351116,0 -70.6564549,-34.1351116,0</coordinates></LineString></Placemark><Placemark><name>Descartado</name><Style><LineStyle><color>ff00ffff</color><width>3</width></LineStyle></Style><LineString><coordinates>-70.6564216,-34.1351966,0 -70.6564216,-34.1351966,0</coordinates></LineString></Placemark><Placemark><name>Descartado</name><Style><LineStyle><color>ff00ffff</color><width>3</width></LineStyle></Style><LineString><coordinates>-70.6567366,-34.1367833,0 -70.6567766,-34.1368083,0</coordinates></LineString></Placemark><Placemark><name>Descartado</name><Style><LineStyle><color>ff00ffff</color><width>3</width></LineStyle></Style><LineString><coordinates>-70.66152,-34.1409766,0 -70.66151,-34.1409466,0</coordinates></LineString></Placemark><Placemark><name>Descartado</name><Style><LineStyle><color>ff00ffff</color><width>3</width></LineStyle></Style><LineString><coordinates>-70.6613349,-34.1409333,0 -70.6613349,-34.1409333,0</coordinates></LineString></Placemark><Placemark><name>Descartado</name><Style><LineStyle><color>ff00ffff</color><width>3</width></LineStyle></Style><LineString><coordinates>-70.6613349,-34.1409333,0 -70.6612983,-34.1409466,0</coordinates></LineString></Placemark><Placemark><name>Descartado</name><Style><LineStyle><color>ff00ffff</color><width>3</width></LineStyle></Style><LineString><coordinates>-70.6612983,-34.1409466,0 -70.661315,-34.14091,0</coordinates></LineString></Placemark><Placemark><name>Descartado</name><Style><LineStyle><color>ff00ffff</color><width>3</width></LineStyle></Style><LineString><coordinates>-70.661405,-34.1408583,0 -70.661405,-34.1408583,0</coordinates></LineString></Placemark><Placemark><name>Descartado</name><Style><LineStyle><color>ff00ffff</color><width>3</width></LineStyle></Style><LineString><coordinates>-70.661445,-34.1409433,0 -70.661445,-34.1409433,0</coordinates></LineString></Placemark><Placemark><name>Descartado</name><Style><LineStyle><color>ff00ffff</color><width>3</width></LineStyle></Style><LineString><coordinates>-70.661345,-34.1409799,0 -70.661345,-34.1409799,0</coordinates></LineString></Placemark><Placemark><name>Descartado</name><Style><LineStyle><color>ff00ffff</color><width>3</width></LineStyle></Style><LineString><coordinates>-70.661345,-34.1409799,0 -70.661345,-34.1409799,0</coordinates></LineString></Placemark><Placemark><name>Descartado</name><Style><LineStyle><color>ff00ffff</color><width>3</width></LineStyle></Style><LineString><coordinates>-70.661345,-34.1409799,0 -70.6613749,-34.1409766,0</coordinates></LineString></Placemark><Placemark><name>Descartado</name><Style><LineStyle><color>ff00ffff</color><width>3</width></LineStyle></Style><LineString><coordinates>-70.6613749,-34.1409766,0 -70.6614,-34.140955,0</coordinates></LineString></Placemark><Placemark><name>Descartado</name><Style><LineStyle><color>ff00ffff</color><width>3</width></LineStyle></Style><LineString><coordinates>-70.6616716,-34.1413466,0 -70.6616716,-34.1413466,0</coordinates></LineString></Placemark><Placemark><name>Descartado</name><Style><LineStyle><color>ff00ffff</color><width>3</width></LineStyle></Style><LineString><coordinates>-70.6604366,-34.1363983,0 -70.6603616,-34.1363766,0</coordinates></LineString></Placemark><Placemark><name>Descartado</name><Style><LineStyle><color>ff00ffff</color><width>3</width></LineStyle></Style><LineString><coordinates>-70.65859,-34.1365883,0 -70.6585416,-34.1365433,0</coordinates></LineString></Placemark><Placemark><name>Descartado</name><Style><LineStyle><color>ff00ffff</color><width>3</width></LineStyle></Style><LineString><coordinates>-70.6577816,-34.135015,0 -70.6577816,-34.135015,0</coordinates></LineString></Placemark><Placemark><name>Descartado</name><Style><LineStyle><color>ff00ffff</color><width>3</width></LineStyle></Style><LineString><coordinates>-70.6575233,-34.1350316,0 -70.6575233,-34.1350316,0</coordinates></LineString></Placemark><Placemark><name>Descartado</name><Style><LineStyle><color>ff00ffff</color><width>3</width></LineStyle></Style><LineString><coordinates>-70.6565083,-34.1351933,0 -70.6565083,-34.1351933,0</coordinates></LineString></Placemark><Placemark><name>Descartado</name><Style><LineStyle><color>ff00ffff</color><width>3</width></LineStyle></Style><LineString><coordinates>-70.6564416,-34.1350066,0 -70.6564416,-34.1350066,0</coordinates></LineString></Placemark><Placemark><name>Descartado</name><Style><LineStyle><color>ff00ffff</color><width>3</width></LineStyle></Style><LineString><coordinates>-70.6563449,-34.1350533,0 -70.6563449,-34.1350533,0</coordinates></LineString></Placemark><Placemark><name>Descartado</name><Style><LineStyle><color>ff00ffff</color><width>3</width></LineStyle></Style><LineString><coordinates>-70.6570883,-34.1345066,0 -70.6570883,-34.1345066,0</coordinates></LineString></Placemark><Placemark><name>Descartado</name><Style><LineStyle><color>ff00ffff</color><width>3</width></LineStyle></Style><LineString><coordinates>-70.6563583,-34.13442,0 -70.6563583,-34.13442,0</coordinates></LineString></Placemark><Placemark><name>Descartado</name><Style><LineStyle><color>ff00ffff</color><width>3</width></LineStyle></Style><LineString><coordinates>-70.65629,-34.13435,0 -70.65629,-34.13435,0</coordinates></LineString></Placemark><Placemark><name>Descartado</name><Style><LineStyle><color>ff00ffff</color><width>3</width></LineStyle></Style><LineString><coordinates>-70.6579299,-34.1338633,0 -70.6579299,-34.1338633,0</coordinates></LineString></Placemark><Placemark><name>Descartado</name><Style><LineStyle><color>ff00ffff</color><width>3</width></LineStyle></Style><LineString><coordinates>-70.6566866,-34.1332033,0 -70.6566866,-34.1332033,0</coordinates></LineString></Placemark><Placemark><name>Descartado</name><Style><LineStyle><color>ff00ffff</color><width>3</width></LineStyle></Style><LineString><coordinates>-70.6567283,-34.1331966,0 -70.6567283,-34.133185,0</coordinates></LineString></Placemark><Placemark><name>Descartado</name><Style><LineStyle><color>ff00ffff</color><width>3</width></LineStyle></Style><LineString><coordinates>-70.6561133,-34.1332816,0 -70.6561133,-34.1332816,0</coordinates></LineString></Placemark><Placemark><name>Descartado</name><Style><LineStyle><color>ff00ffff</color><width>3</width></LineStyle></Style><LineString><coordinates>-70.6634133,-34.1362533,0 -70.6634133,-34.1362533,0</coordinates></LineString></Placemark><Placemark><name>Descartado</name><Style><LineStyle><color>ff00ffff</color><width>3</width></LineStyle></Style><LineString><coordinates>-70.6638,-34.1368199,0 -70.6638,-34.1368199,0</coordinates></LineString></Placemark><Placemark><name>Descartado</name><Style><LineStyle><color>ff00ffff</color><width>3</width></LineStyle></Style><LineString><coordinates>-70.6644283,-34.1379949,0 -70.6644283,-34.1379949,0</coordinates></LineString></Placemark><Placemark><name>Descartado</name><Style><LineStyle><color>ff00ffff</color><width>3</width></LineStyle></Style><LineString><coordinates>-70.6646433,-34.138385,0 -70.6646433,-34.138385,0</coordinates></LineString></Placemark><Placemark><name>Descartado</name><Style><LineStyle><color>ff00ffff</color><width>3</width></LineStyle></Style><LineString><coordinates>-70.662035,-34.1407716,0 -70.6619949,-34.1407549,0</coordinates></LineString></Placemark><Placemark><name>Descartado</name><Style><LineStyle><color>ff00ffff</color><width>3</width></LineStyle></Style><LineString><coordinates>-70.6614466,-34.1408316,0 -70.6614,-34.1408683,0</coordinates></LineString></Placemark><Placemark><name>Descartado</name><Style><LineStyle><color>ff00ffff</color><width>3</width></LineStyle></Style><LineString><coordinates>-70.661725,-34.1414166,0 -70.661725,-34.1414166,0</coordinates></LineString></Placemark><Placemark><name>Descartado</name><Style><LineStyle><color>ff00ffff</color><width>3</width></LineStyle></Style><LineString><coordinates>-70.66179,-34.1413433,0 -70.66179,-34.1413433,0</coordinates></LineString></Placemark><Placemark><name>Descartado</name><Style><LineStyle><color>ff00ffff</color><width>3</width></LineStyle></Style><LineString><coordinates>-70.6613933,-34.1408666,0 -70.6614216,-34.1408316,0</coordinates></LineString></Placemark><Placemark><name>Descartado</name><Style><LineStyle><color>ff00ffff</color><width>3</width></LineStyle></Style><LineString><coordinates>-70.66196,-34.1407366,0 -70.6620283,-34.14075,0</coordinates></LineString></Placemark><Placemark><name>Descartado</name><Style><LineStyle><color>ff00ffff</color><width>3</width></LineStyle></Style><LineString><coordinates>-70.664185,-34.1376116,0 -70.6642016,-34.137575,0</coordinates></LineString></Placemark><Placemark><name>Descartado</name><Style><LineStyle><color>ff00ffff</color><width>3</width></LineStyle></Style><LineString><coordinates>-70.66575,-34.1404066,0 -70.66575,-34.1404066,0</coordinates></LineString></Placemark><Placemark><name>Descartado</name><Style><LineStyle><color>ff00ffff</color><width>3</width></LineStyle></Style><LineString><coordinates>-70.66601,-34.1410266,0 -70.6659616,-34.140985,0</coordinates></LineString></Placemark><Placemark><name>Descartado</name><Style><LineStyle><color>ff00ffff</color><width>3</width></LineStyle></Style><LineString><coordinates>-70.6655749,-34.1400716,0 -70.6655466,-34.1400516,0</coordinates></LineString></Placemark><Placemark><name>Descartado</name><Style><LineStyle><color>ff00ffff</color><width>3</width></LineStyle></Style><LineString><coordinates>-70.66359,-34.1365516,0 -70.66361,-34.1365,0</coordinates></LineString></Placemark><Placemark><name>Descartado</name><Style><LineStyle><color>ff00ffff</color><width>3</width></LineStyle></Style><LineString><coordinates>-70.6643,-34.1377233,0 -70.6643,-34.1377233,0</coordinates></LineString></Placemark><Placemark><name>Descartado</name><Style><LineStyle><color>ff00ffff</color><width>3</width></LineStyle></Style><LineString><coordinates>-70.66568,-34.1403116,0 -70.66568,-34.1403116,0</coordinates></LineString></Placemark><Placemark><name>Descartado</name><Style><LineStyle><color>ff00ffff</color><width>3</width></LineStyle></Style><LineString><coordinates>-70.6656983,-34.1403033,0 -70.6657083,-34.1403016,0</coordinates></LineString></Placemark><Placemark><name>Descartado</name><Style><LineStyle><color>ff00ffff</color><width>3</width></LineStyle></Style><LineString><coordinates>-70.6659883,-34.1409066,0 -70.6659883,-34.1409066,0</coordinates></LineString></Placemark><Placemark><name>Descartado</name><Style><LineStyle><color>ff00ffff</color><width>3</width></LineStyle></Style><LineString><coordinates>-70.6659883,-34.1409066,0 -70.665965,-34.1409499,0</coordinates></LineString></Placemark><Placemark><name>Descartado</name><Style><LineStyle><color>ff00ffff</color><width>3</width></LineStyle></Style><LineString><coordinates>-70.6622616,-34.1415733,0 -70.6622033,-34.1415316,0</coordinates></LineString></Placemark><Placemark><name>Descartado</name><Style><LineStyle><color>ff00ffff</color><width>3</width></LineStyle></Style><LineString><coordinates>-70.6614583,-34.1408433,0 -70.661415,-34.1408733,0</coordinates></LineString></Placemark><Placemark><name>Descartado</name><Style><LineStyle><color>ff00ffff</color><width>3</width></LineStyle></Style><LineString><coordinates>-70.6616783,-34.14141,0 -70.6616783,-34.14141,0</coordinates></LineString></Placemark><Placemark><name>Descartado</name><Style><LineStyle><color>ff00ffff</color><width>3</width></LineStyle></Style><LineString><coordinates>-70.661425,-34.14077,0 -70.661425,-34.14077,0</coordinates></LineString></Placemark><Placemark><name>Descartado</name><Style><LineStyle><color>ff00ffff</color><width>3</width></LineStyle></Style><LineString><coordinates>-70.661425,-34.14077,0 -70.6613483,-34.1407533,0</coordinates></LineString></Placemark><Placemark><name>Descartado</name><Style><LineStyle><color>ff00ffff</color><width>3</width></LineStyle></Style><LineString><coordinates>-70.6613649,-34.1408433,0 -70.6613649,-34.1408433,0</coordinates></LineString></Placemark><Placemark><name>Descartado</name><Style><LineStyle><color>ff00ffff</color><width>3</width></LineStyle></Style><LineString><coordinates>-70.6615383,-34.1416483,0 -70.6615383,-34.1416483,0</coordinates></LineString></Placemark><Placemark><name>Descartado</name><Style><LineStyle><color>ff00ffff</color><width>3</width></LineStyle></Style><LineString><coordinates>-70.6615383,-34.1416483,0 -70.6886583,-34.1359316,0</coordinates></LineString></Placemark><Placemark><name>Descartado</name><Style><LineStyle><color>ff00ffff</color><width>3</width></LineStyle></Style><LineString><coordinates>-70.6887666,-34.13598,0 -70.7117033,-34.16163,0</coordinates></LineString></Placemark><Placemark><name>Descartado</name><Style><LineStyle><color>ff00ffff</color><width>3</width></LineStyle></Style><LineString><coordinates>-70.7117033,-34.16163,0 -70.7267866,-34.1562833,0</coordinates></LineString></Placemark><Placemark><name>Descartado</name><Style><LineStyle><color>ff00ffff</color><width>3</width></LineStyle></Style><LineString><coordinates>-70.7267866,-34.1562833,0 -70.7267866,-34.1562833,0</coordinates></LineString></Placemark><Placemark><name>Descartado</name><Style><LineStyle><color>ff00ffff</color><width>3</width></LineStyle></Style><LineString><coordinates>-70.7278533,-34.1561866,0 -70.7278533,-34.1561866,0</coordinates></LineString></Placemark><Placemark><name>Descartado</name><Style><LineStyle><color>ff00ffff</color><width>3</width></LineStyle></Style><LineString><coordinates>-70.7284966,-34.1561233,0 -70.7284966,-34.1561233,0</coordinates></LineString></Placemark><Placemark><name>Descartado</name><Style><LineStyle><color>ff00ffff</color><width>3</width></LineStyle></Style><LineString><coordinates>-70.7288633,-34.1561899,0 -70.7288783,-34.1562799,0</coordinates></LineString></Placemark><Placemark><name>Descartado</name><Style><LineStyle><color>ff00ffff</color><width>3</width></LineStyle></Style><LineString><coordinates>-70.7288783,-34.1562799,0 -70.9878349,-34.6060916,0</coordinates></LineString></Placemark><Placemark><name>Descartado</name><Style><LineStyle><color>ff00ffff</color><width>3</width></LineStyle></Style><LineString><coordinates>-70.9878349,-34.6060916,0 -70.9878033,-34.6058266,0</coordinates></LineString></Placemark><Placemark><name>Descartado</name><Style><LineStyle><color>ff00ffff</color><width>3</width></LineStyle></Style><LineString><coordinates>-70.9878033,-34.6058266,0 -70.9876566,-34.6057349,0</coordinates></LineString></Placemark><Placemark><name>Descartado</name><Style><LineStyle><color>ff00ffff</color><width>3</width></LineStyle></Style><LineString><coordinates>-70.9876566,-34.6057349,0 -70.9874866,-34.6057166,0</coordinates></LineString></Placemark><Placemark><name>Descartado</name><Style><LineStyle><color>ff00ffff</color><width>3</width></LineStyle></Style><LineString><coordinates>-70.9874866,-34.6057166,0 -70.9872583,-34.6058166,0</coordinates></LineString></Placemark><Placemark><name>Descartado</name><Style><LineStyle><color>ff00ffff</color><width>3</width></LineStyle></Style><LineString><coordinates>-70.9872583,-34.6058166,0 -71.2830966,-34.6498149,0</coordinates></LineString></Placemark><Placemark><name>Descartado</name><Style><LineStyle><color>ff00ffff</color><width>3</width></LineStyle></Style><LineString><coordinates>-71.2830966,-34.6498149,0 -71.2830966,-34.6498149,0</coordinates></LineString></Placemark><Placemark><name>Descartado</name><Style><LineStyle><color>ff00ffff</color><width>3</width></LineStyle></Style><LineString><coordinates>-71.2830966,-34.6498149,0 -71.3426316,-34.6267566,0</coordinates></LineString></Placemark><Placemark><name>Descartado</name><Style><LineStyle><color>ff00ffff</color><width>3</width></LineStyle></Style><LineString><coordinates>-71.3426316,-34.6267566,0 -71.3643566,-34.6409866,0</coordinates></LineString></Placemark><Placemark><name>Descartado</name><Style><LineStyle><color>ff00ffff</color><width>3</width></LineStyle></Style><LineString><coordinates>-71.3643566,-34.6409866,0 -71.3643616,-34.6417683,0</coordinates></LineString></Placemark><Placemark><name>Descartado</name><Style><LineStyle><color>ff00ffff</color><width>3</width></LineStyle></Style><LineString><coordinates>-71.3643616,-34.6417683,0 -71.3708133,-34.6462549,0</coordinates></LineString></Placemark><Placemark><name>Descartado</name><Style><LineStyle><color>ff00ffff</color><width>3</width></LineStyle></Style><LineString><coordinates>-71.3708133,-34.6462549,0 -71.3709433,-34.6462283,0</coordinates></LineString></Placemark><Placemark><name>Descartado</name><Style><LineStyle><color>ff00ffff</color><width>3</width></LineStyle></Style><LineString><coordinates>-71.3709433,-34.6462283,0 -71.3795083,-34.6413166,0</coordinates></LineString></Placemark><Placemark><name>Descartado</name><Style><LineStyle><color>ff00ffff</color><width>3</width></LineStyle></Style><LineString><coordinates>-71.3795083,-34.6413166,0 -71.3797766,-34.6408383,0</coordinates></LineString></Placemark><Placemark><name>Descartado</name><Style><LineStyle><color>ff00ffff</color><width>3</width></LineStyle></Style><LineString><coordinates>-71.3797766,-34.6408383,0 -71.3796733,-34.6399749,0</coordinates></LineString></Placemark><Placemark><name>Descartado</name><Style><LineStyle><color>ff00ffff</color><width>3</width></LineStyle></Style><LineString><coordinates>-71.3796733,-34.6399749,0 -71.3797849,-34.6398833,0</coordinates></LineString></Placemark><Placemark><name>Descartado</name><Style><LineStyle><color>ff00ffff</color><width>3</width></LineStyle></Style><LineString><coordinates>-71.3797849,-34.6398833,0 -71.4117633,-34.6619566,0</coordinates></LineString></Placemark><Placemark><name>Descartado</name><Style><LineStyle><color>ff00ffff</color><width>3</width></LineStyle></Style><LineString><coordinates>-71.4117633,-34.6619566,0 -71.411925,-34.6620149,0</coordinates></LineString></Placemark><Placemark><name>Descartado</name><Style><LineStyle><color>ff00ffff</color><width>3</width></LineStyle></Style><LineString><coordinates>-71.411925,-34.6620149,0 -71.4120866,-34.661985,0</coordinates></LineString></Placemark><Placemark><name>Descartado</name><Style><LineStyle><color>ff00ffff</color><width>3</width></LineStyle></Style><LineString><coordinates>-71.4120866,-34.661985,0 -71.41459,-34.6606483,0</coordinates></LineString></Placemark><Placemark><name>Descartado</name><Style><LineStyle><color>ff00ffff</color><width>3</width></LineStyle></Style><LineString><coordinates>-71.41459,-34.6606483,0 -71.4163866,-34.66294,0</coordinates></LineString></Placemark><Placemark><name>Descartado</name><Style><LineStyle><color>ff00ffff</color><width>3</width></LineStyle></Style><LineString><coordinates>-71.4163866,-34.66294,0 -71.4189266,-34.6624216,0</coordinates></LineString></Placemark><Placemark><name>Descartado</name><Style><LineStyle><color>ff00ffff</color><width>3</width></LineStyle></Style><LineString><coordinates>-71.4189266,-34.6624216,0 -71.420625,-34.6624766,0</coordinates></LineString></Placemark><Placemark><name>Descartado</name><Style><LineStyle><color>ff00ffff</color><width>3</width></LineStyle></Style><LineString><coordinates>-71.420625,-34.6624766,0 -71.4208483,-34.6623283,0</coordinates></LineString></Placemark><Placemark><name>Descartado</name><Style><LineStyle><color>ff00ffff</color><width>3</width></LineStyle></Style><LineString><coordinates>-71.4208483,-34.6623283,0 -71.4212283,-34.6614883,0</coordinates></LineString></Placemark><Placemark><name>Descartado</name><Style><LineStyle><color>ff00ffff</color><width>3</width></LineStyle></Style><LineString><coordinates>-71.4212283,-34.6614883,0 -71.4215466,-34.661395,0</coordinates></LineString></Placemark><Placemark><name>Descartado</name><Style><LineStyle><color>ff00ffff</color><width>3</width></LineStyle></Style><LineString><coordinates>-71.4215466,-34.661395,0 -71.4219166,-34.6614633,0</coordinates></LineString></Placemark><Placemark><name>Descartado</name><Style><LineStyle><color>ff00ffff</color><width>3</width></LineStyle></Style><LineString><coordinates>-71.4219166,-34.6614633,0 -71.42516,-34.6619733,0</coordinates></LineString></Placemark><Placemark><name>Descartado</name><Style><LineStyle><color>ff00ffff</color><width>3</width></LineStyle></Style><LineString><coordinates>-71.42516,-34.6619733,0 -71.4280783,-34.6637033,0</coordinates></LineString></Placemark><Placemark><name>Descartado</name><Style><LineStyle><color>ff00ffff</color><width>3</width></LineStyle></Style><LineString><coordinates>-71.4280783,-34.6637033,0 -71.4320199,-34.6679766,0</coordinates></LineString></Placemark><Placemark><name>Descartado</name><Style><LineStyle><color>ff00ffff</color><width>3</width></LineStyle></Style><LineString><coordinates>-71.4320199,-34.6679766,0 -71.4321666,-34.6682916,0</coordinates></LineString></Placemark><Placemark><name>Descartado</name><Style><LineStyle><color>ff00ffff</color><width>3</width></LineStyle></Style><LineString><coordinates>-71.4321666,-34.6682916,0 -71.4320616,-34.6685983,0</coordinates></LineString></Placemark><Placemark><name>Descartado</name><Style><LineStyle><color>ff00ffff</color><width>3</width></LineStyle></Style><LineString><coordinates>-71.4320616,-34.6685983,0 -71.4317783,-34.6688133,0</coordinates></LineString></Placemark><Placemark><name>Descartado</name><Style><LineStyle><color>ff00ffff</color><width>3</width></LineStyle></Style><LineString><coordinates>-71.4317783,-34.6688133,0 -71.4301233,-34.6688433,0</coordinates></LineString></Placemark><Placemark><name>Descartado</name><Style><LineStyle><color>ff00ffff</color><width>3</width></LineStyle></Style><LineString><coordinates>-71.4301233,-34.6688433,0 -71.429745,-34.6691433,0</coordinates></LineString></Placemark><Placemark><name>Descartado</name><Style><LineStyle><color>ff00ffff</color><width>3</width></LineStyle></Style><LineString><coordinates>-71.429745,-34.6691433,0 -71.4293433,-34.6749,0</coordinates></LineString></Placemark><Placemark><name>Descartado</name><Style><LineStyle><color>ff00ffff</color><width>3</width></LineStyle></Style><LineString><coordinates>-71.4293433,-34.6749,0 -71.4295133,-34.675135,0</coordinates></LineString></Placemark><Placemark><name>Descartado</name><Style><LineStyle><color>ff00ffff</color><width>3</width></LineStyle></Style><LineString><coordinates>-71.4295133,-34.675135,0 -71.4335199,-34.67501,0</coordinates></LineString></Placemark><Placemark><name>Descartado</name><Style><LineStyle><color>ff00ffff</color><width>3</width></LineStyle></Style><LineString><coordinates>-71.4335199,-34.67501,0 -71.4710666,-34.67994,0</coordinates></LineString></Placemark><Placemark><name>Descartado</name><Style><LineStyle><color>ff00ffff</color><width>3</width></LineStyle></Style><LineString><coordinates>-71.4710666,-34.67994,0 -71.5397366,-34.6825266,0</coordinates></LineString></Placemark><Placemark><name>Descartado</name><Style><LineStyle><color>ff00ffff</color><width>3</width></LineStyle></Style><LineString><coordinates>-71.5397366,-34.6825266,0 -71.5397366,-34.6825266,0</coordinates></LineString></Placemark><Placemark><name>Descartado</name><Style><LineStyle><color>ff00ffff</color><width>3</width></LineStyle></Style><LineString><coordinates>-71.539675,-34.6824516,0 -71.539675,-34.6824516,0</coordinates></LineString></Placemark><Placemark><name>Descartado</name><Style><LineStyle><color>ff00ffff</color><width>3</width></LineStyle></Style><LineString><coordinates>-71.53988,-34.6829683,0 -71.5398066,-34.68297,0</coordinates></LineString></Placemark><Placemark><name>Descartado</name><Style><LineStyle><color>ff00ffff</color><width>3</width></LineStyle></Style><LineString><coordinates>-71.5398066,-34.68297,0 -71.5398066,-34.68297,0</coordinates></LineString></Placemark><Placemark><name>Descartado</name><Style><LineStyle><color>ff00ffff</color><width>3</width></LineStyle></Style><LineString><coordinates>-71.5398066,-34.68297,0 -71.5398066,-34.68297,0</coordinates></LineString></Placemark><Placemark><name>Descartado</name><Style><LineStyle><color>ff00ffff</color><width>3</width></LineStyle></Style><LineString><coordinates>-71.5398066,-34.68297,0 -71.539755,-34.682925,0</coordinates></LineString></Placemark><Placemark><name>Descartado</name><Style><LineStyle><color>ff00ffff</color><width>3</width></LineStyle></Style><LineString><coordinates>-71.539755,-34.682925,0 -71.539755,-34.682925,0</coordinates></LineString></Placemark><Placemark><name>Descartado</name><Style><LineStyle><color>ff00ffff</color><width>3</width></LineStyle></Style><LineString><coordinates>-71.5424183,-34.6779716,0 -71.5424183,-34.6779716,0</coordinates></LineString></Placemark><Placemark><name>Descartado</name><Style><LineStyle><color>ff00ffff</color><width>3</width></LineStyle></Style><LineString><coordinates>-71.54247,-34.6777333,0 -71.5423966,-34.6776966,0</coordinates></LineString></Placemark><Placemark><name>Descartado</name><Style><LineStyle><color>ff00ffff</color><width>3</width></LineStyle></Style><LineString><coordinates>-71.5418266,-34.6791183,0 -71.5418266,-34.6791183,0</coordinates></LineString></Placemark><Placemark><name>Descartado</name><Style><LineStyle><color>ff00ffff</color><width>3</width></LineStyle></Style><LineString><coordinates>-71.5418266,-34.6791183,0 -71.54179,-34.6790716,0</coordinates></LineString></Placemark><Placemark><name>Descartado</name><Style><LineStyle><color>ff00ffff</color><width>3</width></LineStyle></Style><LineString><coordinates>-71.542335,-34.6775733,0 -71.5422783,-34.6775533,0</coordinates></LineString></Placemark><Placemark><name>Descartado</name><Style><LineStyle><color>ff00ffff</color><width>3</width></LineStyle></Style><LineString><coordinates>-71.5417316,-34.6791066,0 -71.5417316,-34.6791066,0</coordinates></LineString></Placemark><Placemark><name>Descartado</name><Style><LineStyle><color>ff00ffff</color><width>3</width></LineStyle></Style><LineString><coordinates>-71.5418183,-34.6791666,0 -71.5418183,-34.6791666,0</coordinates></LineString></Placemark><Placemark><name>Descartado</name><Style><LineStyle><color>ff00ffff</color><width>3</width></LineStyle></Style><LineString><coordinates>-71.5422116,-34.6776316,0 -71.54215,-34.6776566,0</coordinates></LineString></Placemark><Placemark><name>Descartado</name><Style><LineStyle><color>ff00ffff</color><width>3</width></LineStyle></Style><LineString><coordinates>-71.5414649,-34.6789749,0 -71.5415266,-34.6789616,0</coordinates></LineString></Placemark><Placemark><name>Descartado</name><Style><LineStyle><color>ff00ffff</color><width>3</width></LineStyle></Style><LineString><coordinates>-71.5421133,-34.6775233,0 -71.5420566,-34.6774933,0</coordinates></LineString></Placemark><Placemark><name>Descartado</name><Style><LineStyle><color>ff00ffff</color><width>3</width></LineStyle></Style><LineString><coordinates>-71.5419683,-34.6774833,0 -71.5419683,-34.6774833,0</coordinates></LineString></Placemark><Placemark><name>Descartado</name><Style><LineStyle><color>ff00ffff</color><width>3</width></LineStyle></Style><LineString><coordinates>-71.5419416,-34.6774166,0 -71.5418783,-34.6774616,0</coordinates></LineString></Placemark><Placemark><name>Descartado</name><Style><LineStyle><color>ff00ffff</color><width>3</width></LineStyle></Style><LineString><coordinates>-71.5416716,-34.6773333,0 -71.54163,-34.6772999,0</coordinates></LineString></Placemark><Placemark><name>Descartado</name><Style><LineStyle><color>ff00ffff</color><width>3</width></LineStyle></Style><LineString><coordinates>-71.5409333,-34.6787483,0 -71.5410083,-34.6787333,0</coordinates></LineString></Placemark><Placemark><name>Descartado</name><Style><LineStyle><color>ff00ffff</color><width>3</width></LineStyle></Style><LineString><coordinates>-71.54085,-34.6785716,0 -71.54085,-34.6785716,0</coordinates></LineString></Placemark><Placemark><name>Descartado</name><Style><LineStyle><color>ff00ffff</color><width>3</width></LineStyle></Style><LineString><coordinates>-71.5414316,-34.67715,0 -71.54142,-34.6771516,0</coordinates></LineString></Placemark><Placemark><name>Descartado</name><Style><LineStyle><color>ff00ffff</color><width>3</width></LineStyle></Style><LineString><coordinates>-71.5414016,-34.6789416,0 -71.5414083,-34.6789533,0</coordinates></LineString></Placemark><Placemark><name>Descartado</name><Style><LineStyle><color>ff00ffff</color><width>3</width></LineStyle></Style><LineString><coordinates>-71.5414083,-34.6789533,0 -71.5414083,-34.6789533,0</coordinates></LineString></Placemark><Placemark><name>Descartado</name><Style><LineStyle><color>ff00ffff</color><width>3</width></LineStyle></Style><LineString><coordinates>-71.5414083,-34.6789533,0 -71.5414833,-34.6789583,0</coordinates></LineString></Placemark><Placemark><name>Descartado</name><Style><LineStyle><color>ff00ffff</color><width>3</width></LineStyle></Style><LineString><coordinates>-71.5414833,-34.6789583,0 -71.5414833,-34.6789583,0</coordinates></LineString></Placemark><Placemark><name>Descartado</name><Style><LineStyle><color>ff00ffff</color><width>3</width></LineStyle></Style><LineString><coordinates>-71.5414833,-34.6789583,0 -71.5414983,-34.6789333,0</coordinates></LineString></Placemark><Placemark><name>Descartado</name><Style><LineStyle><color>ff00ffff</color><width>3</width></LineStyle></Style><LineString><coordinates>-71.5414566,-34.678715,0 -71.5415,-34.6786966,0</coordinates></LineString></Placemark><Placemark><name>Descartado</name><Style><LineStyle><color>ff00ffff</color><width>3</width></LineStyle></Style><LineString><coordinates>-71.5412916,-34.6786766,0 -71.5413266,-34.6787166,0</coordinates></LineString></Placemark><Placemark><name>Descartado</name><Style><LineStyle><color>ff00ffff</color><width>3</width></LineStyle></Style><LineString><coordinates>-71.5416883,-34.67736,0 -71.541625,-34.6773283,0</coordinates></LineString></Placemark><Placemark><name>Descartado</name><Style><LineStyle><color>ff00ffff</color><width>3</width></LineStyle></Style><LineString><coordinates>-71.5407599,-34.6786383,0 -71.5407599,-34.6786383,0</coordinates></LineString></Placemark><Placemark><name>Descartado</name><Style><LineStyle><color>ff00ffff</color><width>3</width></LineStyle></Style><LineString><coordinates>-71.5417916,-34.67885,0 -71.5417366,-34.6788516,0</coordinates></LineString></Placemark><Placemark><name>Descartado</name><Style><LineStyle><color>ff00ffff</color><width>3</width></LineStyle></Style><LineString><coordinates>-71.5424816,-34.6779733,0 -71.5424483,-34.678035,0</coordinates></LineString></Placemark><Placemark><name>Descartado</name><Style><LineStyle><color>ff00ffff</color><width>3</width></LineStyle></Style><LineString><coordinates>-71.5424316,-34.6780266,0 -71.542425,-34.6779733,0</coordinates></LineString></Placemark><Placemark><name>Descartado</name><Style><LineStyle><color>ff00ffff</color><width>3</width></LineStyle></Style><LineString><coordinates>-71.5424916,-34.677985,0 -71.5424916,-34.677985,0</coordinates></LineString></Placemark><Placemark><name>Descartado</name><Style><LineStyle><color>ff00ffff</color><width>3</width></LineStyle></Style><LineString><coordinates>-71.5397883,-34.6829483,0 -71.5397883,-34.6829483,0</coordinates></LineString></Placemark><Placemark><name>Descartado</name><Style><LineStyle><color>ff00ffff</color><width>3</width></LineStyle></Style><LineString><coordinates>-71.543065,-34.6762983,0 -71.543065,-34.6762983,0</coordinates></LineString></Placemark><Placemark><name>Descartado</name><Style><LineStyle><color>ff00ffff</color><width>3</width></LineStyle></Style><LineString><coordinates>-71.54302,-34.6761883,0 -71.54295,-34.676195,0</coordinates></LineString></Placemark><Placemark><name>Descartado</name><Style><LineStyle><color>ff00ffff</color><width>3</width></LineStyle></Style><LineString><coordinates>-71.542105,-34.6773816,0 -71.5421066,-34.6773833,0</coordinates></LineString></Placemark><Placemark><name>Descartado</name><Style><LineStyle><color>ff00ffff</color><width>3</width></LineStyle></Style><LineString><coordinates>-71.5426616,-34.6760883,0 -71.5426566,-34.6761,0</coordinates></LineString></Placemark><Placemark><name>Descartado</name><Style><LineStyle><color>ff00ffff</color><width>3</width></LineStyle></Style><LineString><coordinates>-71.5420316,-34.6772516,0 -71.5419566,-34.677265,0</coordinates></LineString></Placemark><Placemark><name>Descartado</name><Style><LineStyle><color>ff00ffff</color><width>3</width></LineStyle></Style><LineString><coordinates>-71.5419416,-34.677175,0 -71.5419583,-34.6772333,0</coordinates></LineString></Placemark><Placemark><name>Descartado</name><Style><LineStyle><color>ff00ffff</color><width>3</width></LineStyle></Style><LineString><coordinates>-71.5419583,-34.6772333,0 -71.5419583,-34.6772333,0</coordinates></LineString></Placemark><Placemark><name>Descartado</name><Style><LineStyle><color>ff00ffff</color><width>3</width></LineStyle></Style><LineString><coordinates>-71.5424566,-34.6759316,0 -71.5424566,-34.6759316,0</coordinates></LineString></Placemark><Placemark><name>Descartado</name><Style><LineStyle><color>ff00ffff</color><width>3</width></LineStyle></Style><LineString><coordinates>-71.5419216,-34.6772116,0 -71.541895,-34.677225,0</coordinates></LineString></Placemark><Placemark><name>Descartado</name><Style><LineStyle><color>ff00ffff</color><width>3</width></LineStyle></Style><LineString><coordinates>-71.541895,-34.677225,0 -71.541895,-34.677225,0</coordinates></LineString></Placemark><Placemark><name>Descartado</name><Style><LineStyle><color>ff00ffff</color><width>3</width></LineStyle></Style><LineString><coordinates>-71.541895,-34.677225,0 -71.5419266,-34.6772033,0</coordinates></LineString></Placemark><Placemark><name>Descartado</name><Style><LineStyle><color>ff00ffff</color><width>3</width></LineStyle></Style><LineString><coordinates>-71.542205,-34.6783966,0 -71.542205,-34.6783966,0</coordinates></LineString></Placemark><Placemark><name>Descartado</name><Style><LineStyle><color>ff00ffff</color><width>3</width></LineStyle></Style><LineString><coordinates>-71.5424166,-34.675915,0 -71.5424166,-34.675915,0</coordinates></LineString></Placemark><Placemark><name>Descartado</name><Style><LineStyle><color>ff00ffff</color><width>3</width></LineStyle></Style><LineString><coordinates>-71.5417683,-34.6772483,0 -71.5417683,-34.6772483,0</coordinates></LineString></Placemark><Placemark><name>Descartado</name><Style><LineStyle><color>ff00ffff</color><width>3</width></LineStyle></Style><LineString><coordinates>-71.5417683,-34.6772483,0 -71.5417849,-34.677265,0</coordinates></LineString></Placemark><Placemark><name>Descartado</name><Style><LineStyle><color>ff00ffff</color><width>3</width></LineStyle></Style><LineString><coordinates>-71.54208,-34.6766033,0 -71.54208,-34.6766033,0</coordinates></LineString></Placemark><Placemark><name>Descartado</name><Style><LineStyle><color>ff00ffff</color><width>3</width></LineStyle></Style><LineString><coordinates>-71.5420416,-34.6766883,0 -71.5420416,-34.6766883,0</coordinates></LineString></Placemark><Placemark><name>Descartado</name><Style><LineStyle><color>ff00ffff</color><width>3</width></LineStyle></Style><LineString><coordinates>-71.5419616,-34.6768616,0 -71.5419616,-34.6768616,0</coordinates></LineString></Placemark><Placemark><name>Descartado</name><Style><LineStyle><color>ff00ffff</color><width>3</width></LineStyle></Style><LineString><coordinates>-71.5425899,-34.676035,0 -71.5425649,-34.6760199,0</coordinates></LineString></Placemark><Placemark><name>Descartado</name><Style><LineStyle><color>ff00ffff</color><width>3</width></LineStyle></Style><LineString><coordinates>-71.5426283,-34.676045,0 -71.54261,-34.6760633,0</coordinates></LineString></Placemark><Placemark><name>Descartado</name><Style><LineStyle><color>ff00ffff</color><width>3</width></LineStyle></Style><LineString><coordinates>-71.54261,-34.6760633,0 -71.54261,-34.6760633,0</coordinates></LineString></Placemark><Placemark><name>Descartado</name><Style><LineStyle><color>ff00ffff</color><width>3</width></LineStyle></Style><LineString><coordinates>-71.5428133,-34.6761149,0 -71.5427633,-34.6761016,0</coordinates></LineString></Placemark><Placemark><name>Descartado</name><Style><LineStyle><color>ff00ffff</color><width>3</width></LineStyle></Style><LineString><coordinates>-71.5423116,-34.6774233,0 -71.542325,-34.6774366,0</coordinates></LineString></Placemark><Placemark><name>Descartado</name><Style><LineStyle><color>ff00ffff</color><width>3</width></LineStyle></Style><LineString><coordinates>-71.5434933,-34.675705,0 -71.543535,-34.6756816,0</coordinates></LineString></Placemark><Placemark><name>Descartado</name><Style><LineStyle><color>ff00ffff</color><width>3</width></LineStyle></Style><LineString><coordinates>-71.5438483,-34.6745483,0 -71.5438483,-34.6745483,0</coordinates></LineString></Placemark><Placemark><name>Descartado</name><Style><LineStyle><color>ff00ffff</color><width>3</width></LineStyle></Style><LineString><coordinates>-71.5438016,-34.6746216,0 -71.5437433,-34.6746266,0</coordinates></LineString></Placemark><Placemark><name>Descartado</name><Style><LineStyle><color>ff00ffff</color><width>3</width></LineStyle></Style><LineString><coordinates>-71.5430733,-34.6761166,0 -71.54306,-34.676085,0</coordinates></LineString></Placemark><Placemark><name>Descartado</name><Style><LineStyle><color>ff00ffff</color><width>3</width></LineStyle></Style><LineString><coordinates>-71.5431983,-34.6755933,0 -71.5431983,-34.6755933,0</coordinates></LineString></Placemark><Placemark><name>Descartado</name><Style><LineStyle><color>ff00ffff</color><width>3</width></LineStyle></Style><LineString><coordinates>-71.54331,-34.675595,0 -71.54331,-34.675595,0</coordinates></LineString></Placemark><Placemark><name>Descartado</name><Style><LineStyle><color>ff00ffff</color><width>3</width></LineStyle></Style><LineString><coordinates>-71.5430233,-34.6760766,0 -71.5430533,-34.6760766,0</coordinates></LineString></Placemark><Placemark><name>Descartado</name><Style><LineStyle><color>ff00ffff</color><width>3</width></LineStyle></Style><LineString><coordinates>-71.543645,-34.6743483,0 -71.543565,-34.6743616,0</coordinates></LineString></Placemark><Placemark><name>Descartado</name><Style><LineStyle><color>ff00ffff</color><width>3</width></LineStyle></Style><LineString><coordinates>-71.542795,-34.6759433,0 -71.542795,-34.6759433,0</coordinates></LineString></Placemark><Placemark><name>Descartado</name><Style><LineStyle><color>ff00ffff</color><width>3</width></LineStyle></Style><LineString><coordinates>-71.543395,-34.6742633,0 -71.543395,-34.6742633,0</coordinates></LineString></Placemark><Placemark><name>Descartado</name><Style><LineStyle><color>ff00ffff</color><width>3</width></LineStyle></Style><LineString><coordinates>-71.5418666,-34.6793016,0 -71.5418666,-34.6793016,0</coordinates></LineString></Placemark><Placemark><name>Descartado</name><Style><LineStyle><color>ff00ffff</color><width>3</width></LineStyle></Style><LineString><coordinates>-71.5397433,-34.6829466,0 -71.5397433,-34.6829466,0</coordinates></LineString></Placemark><Placemark><name>Descartado</name><Style><LineStyle><color>ff00ffff</color><width>3</width></LineStyle></Style><LineString><coordinates>-71.5397433,-34.6829466,0 -71.5397433,-34.6829466,0</coordinates></LineString></Placemark><Placemark><name>Descartado</name><Style><LineStyle><color>ff00ffff</color><width>3</width></LineStyle></Style><LineString><coordinates>-71.5397433,-34.6829466,0 -71.5398,-34.6829166,0</coordinates></LineString></Placemark><Placemark><name>Descartado</name><Style><LineStyle><color>ff00ffff</color><width>3</width></LineStyle></Style><LineString><coordinates>-71.5398,-34.6829166,0 -71.5398,-34.6829166,0</coordinates></LineString></Placemark><Placemark><name>Descartado</name><Style><LineStyle><color>ff00ffff</color><width>3</width></LineStyle></Style><LineString><coordinates>-71.5433049,-34.6741683,0 -71.5433049,-34.6741683,0</coordinates></LineString></Placemark><Placemark><name>Descartado</name><Style><LineStyle><color>ff00ffff</color><width>3</width></LineStyle></Style><LineString><coordinates>-71.5430183,-34.6742016,0 -71.5430183,-34.6742016,0</coordinates></LineString></Placemark><Placemark><name>Descartado</name><Style><LineStyle><color>ff00ffff</color><width>3</width></LineStyle></Style><LineString><coordinates>-71.5430183,-34.6742016,0 -71.5430383,-34.6742516,0</coordinates></LineString></Placemark><Placemark><name>Descartado</name><Style><LineStyle><color>ff00ffff</color><width>3</width></LineStyle></Style><LineString><coordinates>-71.5420383,-34.6756083,0 -71.5420383,-34.6756083,0</coordinates></LineString></Placemark><Placemark><name>Descartado</name><Style><LineStyle><color>ff00ffff</color><width>3</width></LineStyle></Style><LineString><coordinates>-71.5423133,-34.6747516,0 -71.5423133,-34.6747516,0</coordinates></LineString></Placemark><Placemark><name>Descartado</name><Style><LineStyle><color>ff00ffff</color><width>3</width></LineStyle></Style><LineString><coordinates>-71.5425083,-34.674385,0 -71.5425083,-34.674385,0</coordinates></LineString></Placemark><Placemark><name>Descartado</name><Style><LineStyle><color>ff00ffff</color><width>3</width></LineStyle></Style><LineString><coordinates>-71.5424483,-34.67431,0 -71.5424483,-34.67431,0</coordinates></LineString></Placemark><Placemark><name>Descartado</name><Style><LineStyle><color>ff00ffff</color><width>3</width></LineStyle></Style><LineString><coordinates>-71.5425283,-34.6743699,0 -71.5425283,-34.6743699,0</coordinates></LineString></Placemark><Placemark><name>Descartado</name><Style><LineStyle><color>ff00ffff</color><width>3</width></LineStyle></Style><LineString><coordinates>-71.5420066,-34.6755733,0 -71.5420533,-34.6756216,0</coordinates></LineString></Placemark><Placemark><name>Descartado</name><Style><LineStyle><color>ff00ffff</color><width>3</width></LineStyle></Style><LineString><coordinates>-71.5427516,-34.6742966,0 -71.5427816,-34.6742716,0</coordinates></LineString></Placemark><Placemark><name>Descartado</name><Style><LineStyle><color>ff00ffff</color><width>3</width></LineStyle></Style><LineString><coordinates>-71.5428083,-34.6743866,0 -71.5427799,-34.674395,0</coordinates></LineString></Placemark><Placemark><name>Descartado</name><Style><LineStyle><color>ff00ffff</color><width>3</width></LineStyle></Style><LineString><coordinates>-71.5422233,-34.67569,0 -71.5422983,-34.6757183,0</coordinates></LineString></Placemark><Placemark><name>Descartado</name><Style><LineStyle><color>ff00ffff</color><width>3</width></LineStyle></Style><LineString><coordinates>-71.5429783,-34.6742799,0 -71.5429333,-34.67431,0</coordinates></LineString></Placemark><Placemark><name>Descartado</name><Style><LineStyle><color>ff00ffff</color><width>3</width></LineStyle></Style><LineString><coordinates>-71.5425333,-34.67537,0 -71.5425333,-34.67537,0</coordinates></LineString></Placemark><Placemark><name>Descartado</name><Style><LineStyle><color>ff00ffff</color><width>3</width></LineStyle></Style><LineString><coordinates>-71.54323,-34.6741833,0 -71.5432333,-34.6741866,0</coordinates></LineString></Placemark><Placemark><name>Descartado</name><Style><LineStyle><color>ff00ffff</color><width>3</width></LineStyle></Style><LineString><coordinates>-71.5432333,-34.6741866,0 -71.5432333,-34.6741866,0</coordinates></LineString></Placemark><Placemark><name>Descartado</name><Style><LineStyle><color>ff00ffff</color><width>3</width></LineStyle></Style><LineString><coordinates>-71.5436333,-34.67427,0 -71.5436766,-34.6742816,0</coordinates></LineString></Placemark><Placemark><name>Descartado</name><Style><LineStyle><color>ff00ffff</color><width>3</width></LineStyle></Style><LineString><coordinates>-71.5436766,-34.6742816,0 -71.5436766,-34.6742816,0</coordinates></LineString></Placemark><Placemark><name>Descartado</name><Style><LineStyle><color>ff00ffff</color><width>3</width></LineStyle></Style><LineString><coordinates>-71.5398049,-34.6829216,0 -71.5398049,-34.6829216,0</coordinates></LineString></Placemark><Placemark><name>Descartado</name><Style><LineStyle><color>ff00ffff</color><width>3</width></LineStyle></Style><LineString><coordinates>-71.5398049,-34.6829216,0 -71.5398049,-34.6829216,0</coordinates></LineString></Placemark><Placemark><name>Descartado</name><Style><LineStyle><color>ff00ffff</color><width>3</width></LineStyle></Style><LineString><coordinates>-71.5398049,-34.6829216,0 -71.5397783,-34.6829833,0</coordinates></LineString></Placemark><Placemark><name>Descartado</name><Style><LineStyle><color>ff00ffff</color><width>3</width></LineStyle></Style><LineString><coordinates>-71.5397783,-34.6829833,0 -71.5397783,-34.6829833,0</coordinates></LineString></Placemark><Placemark><name>Descartado</name><Style><LineStyle><color>ff00ffff</color><width>3</width></LineStyle></Style><LineString><coordinates>-71.54344,-34.6743,0 -71.54344,-34.6743,0</coordinates></LineString></Placemark><Placemark><name>Descartado</name><Style><LineStyle><color>ff00ffff</color><width>3</width></LineStyle></Style><LineString><coordinates>-71.5430983,-34.6758699,0 -71.5431633,-34.6758899,0</coordinates></LineString></Placemark><Placemark><name>Descartado</name><Style><LineStyle><color>ff00ffff</color><width>3</width></LineStyle></Style><LineString><coordinates>-71.5437783,-34.6747449,0 -71.5437783,-34.6747466,0</coordinates></LineString></Placemark><Placemark><name>Descartado</name><Style><LineStyle><color>ff00ffff</color><width>3</width></LineStyle></Style><LineString><coordinates>-71.5437783,-34.6747466,0 -71.5437783,-34.6747466,0</coordinates></LineString></Placemark><Placemark><name>Descartado</name><Style><LineStyle><color>ff00ffff</color><width>3</width></LineStyle></Style><LineString><coordinates>-71.5437016,-34.6743216,0 -71.5437266,-34.6743716,0</coordinates></LineString></Placemark><Placemark><name>Descartado</name><Style><LineStyle><color>ff00ffff</color><width>3</width></LineStyle></Style><LineString><coordinates>-71.5437066,-34.67266,0 -71.5436433,-34.6726616,0</coordinates></LineString></Placemark><Placemark><name>Descartado</name><Style><LineStyle><color>ff00ffff</color><width>3</width></LineStyle></Style><LineString><coordinates>-71.5428716,-34.6739966,0 -71.5428183,-34.6739583,0</coordinates></LineString></Placemark><Placemark><name>Descartado</name><Style><LineStyle><color>ff00ffff</color><width>3</width></LineStyle></Style><LineString><coordinates>-71.5436049,-34.6721266,0 -71.5436049,-34.6721266,0</coordinates></LineString></Placemark><Placemark><name>Descartado</name><Style><LineStyle><color>ff00ffff</color><width>3</width></LineStyle></Style><LineString><coordinates>-71.5434433,-34.6719333,0 -71.5434433,-34.6719333,0</coordinates></LineString></Placemark><Placemark><name>Descartado</name><Style><LineStyle><color>ff00ffff</color><width>3</width></LineStyle></Style><LineString><coordinates>-71.54355,-34.6745116,0 -71.54355,-34.6745116,0</coordinates></LineString></Placemark><Placemark><name>Descartado</name><Style><LineStyle><color>ff00ffff</color><width>3</width></LineStyle></Style><LineString><coordinates>-71.543385,-34.674065,0 -71.5433466,-34.6740349,0</coordinates></LineString></Placemark><Placemark><name>Descartado</name><Style><LineStyle><color>ff00ffff</color><width>3</width></LineStyle></Style><LineString><coordinates>-71.5433466,-34.6740349,0 -71.5433049,-34.6740583,0</coordinates></LineString></Placemark><Placemark><name>Descartado</name><Style><LineStyle><color>ff00ffff</color><width>3</width></LineStyle></Style><LineString><coordinates>-71.5434283,-34.67391,0 -71.543455,-34.6739583,0</coordinates></LineString></Placemark><Placemark><name>Descartado</name><Style><LineStyle><color>ff00ffff</color><width>3</width></LineStyle></Style><LineString><coordinates>-71.5430033,-34.6740616,0 -71.5430033,-34.6740616,0</coordinates></LineString></Placemark><Placemark><name>Descartado</name><Style><LineStyle><color>ff00ffff</color><width>3</width></LineStyle></Style><LineString><coordinates>-71.5430033,-34.6740616,0 -71.5430316,-34.6740583,0</coordinates></LineString></Placemark><Placemark><name>Descartado</name><Style><LineStyle><color>ff00ffff</color><width>3</width></LineStyle></Style><LineString><coordinates>-71.543475,-34.6719949,0 -71.5433983,-34.67199,0</coordinates></LineString></Placemark><Placemark><name>Descartado</name><Style><LineStyle><color>ff00ffff</color><width>3</width></LineStyle></Style><LineString><coordinates>-71.5437233,-34.6742749,0 -71.5436883,-34.6742383,0</coordinates></LineString></Placemark><Placemark><name>Descartado</name><Style><LineStyle><color>ff00ffff</color><width>3</width></LineStyle></Style><LineString><coordinates>-71.54283,-34.6742233,0 -71.5428233,-34.67425,0</coordinates></LineString></Placemark><Placemark><name>Descartado</name><Style><LineStyle><color>ff00ffff</color><width>3</width></LineStyle></Style><LineString><coordinates>-71.5415616,-34.6799833,0 -71.5397816,-34.6814316,0</coordinates></LineString></Placemark><Placemark><name>Descartado</name><Style><LineStyle><color>ff00ffff</color><width>3</width></LineStyle></Style><LineString><coordinates>-71.5397816,-34.6814316,0 -71.5394766,-34.6805766,0</coordinates></LineString></Placemark><Placemark><name>Descartado</name><Style><LineStyle><color>ff00ffff</color><width>3</width></LineStyle></Style><LineString><coordinates>-71.5394766,-34.6805766,0 -71.5406616,-34.6801833,0</coordinates></LineString></Placemark><Placemark><name>Descartado</name><Style><LineStyle><color>ff00ffff</color><width>3</width></LineStyle></Style><LineString><coordinates>-71.5406616,-34.6801833,0 -71.5414349,-34.6802983,0</coordinates></LineString></Placemark><Placemark><name>Descartado</name><Style><LineStyle><color>ff00ffff</color><width>3</width></LineStyle></Style><LineString><coordinates>-71.5403,-34.6826999,0 -71.5403,-34.6826999,0</coordinates></LineString></Placemark><Placemark><name>Descartado</name><Style><LineStyle><color>ff00ffff</color><width>3</width></LineStyle></Style><LineString><coordinates>-71.5401966,-34.6829166,0 -71.5401033,-34.6829416,0</coordinates></LineString></Placemark><Placemark><name>Descartado</name><Style><LineStyle><color>ff00ffff</color><width>3</width></LineStyle></Style><LineString><coordinates>-71.5397616,-34.6828833,0 -71.5397616,-34.6828833,0</coordinates></LineString></Placemark><Placemark><name>Descartado</name><Style><LineStyle><color>ff00ffff</color><width>3</width></LineStyle></Style><LineString><coordinates>-71.53983,-34.6829533,0 -71.53983,-34.6829533,0</coordinates></LineString></Placemark><Placemark><name>Descartado</name><Style><LineStyle><color>ff00ffff</color><width>3</width></LineStyle></Style><LineString><coordinates>-71.5397416,-34.6829033,0 -71.5397416,-34.6829033,0</coordinates></LineString></Placemark><Placemark><name>Descartado</name><Style><LineStyle><color>ff00ffff</color><width>3</width></LineStyle></Style><LineString><coordinates>-71.5397533,-34.6824483,0 -71.4776433,-34.674625,0</coordinates></LineString></Placemark><Placemark><name>Descartado</name><Style><LineStyle><color>ff00ffff</color><width>3</width></LineStyle></Style><LineString><coordinates>-71.4776433,-34.674625,0 -71.4776433,-34.674625,0</coordinates></LineString></Placemark><Placemark><name>Descartado</name><Style><LineStyle><color>ff00ffff</color><width>3</width></LineStyle></Style><LineString><coordinates>-71.4776433,-34.674625,0 -71.4676633,-34.6795066,0</coordinates></LineString></Placemark><Placemark><name>Descartado</name><Style><LineStyle><color>ff00ffff</color><width>3</width></LineStyle></Style><LineString><coordinates>-71.4676633,-34.6795066,0 -71.4335633,-34.6750283,0</coordinates></LineString></Placemark><Placemark><name>Descartado</name><Style><LineStyle><color>ff00ffff</color><width>3</width></LineStyle></Style><LineString><coordinates>-71.4335633,-34.6750283,0 -71.429585,-34.675215,0</coordinates></LineString></Placemark><Placemark><name>Descartado</name><Style><LineStyle><color>ff00ffff</color><width>3</width></LineStyle></Style><LineString><coordinates>-71.429585,-34.675215,0 -71.4293366,-34.6749499,0</coordinates></LineString></Placemark><Placemark><name>Descartado</name><Style><LineStyle><color>ff00ffff</color><width>3</width></LineStyle></Style><LineString><coordinates>-71.4293366,-34.6749499,0 -71.4292866,-34.6746633,0</coordinates></LineString></Placemark><Placemark><name>Descartado</name><Style><LineStyle><color>ff00ffff</color><width>3</width></LineStyle></Style><LineString><coordinates>-71.4292866,-34.6746633,0 -71.429805,-34.6690083,0</coordinates></LineString></Placemark><Placemark><name>Descartado</name><Style><LineStyle><color>ff00ffff</color><width>3</width></LineStyle></Style><LineString><coordinates>-71.429805,-34.6690083,0 -71.4300916,-34.6687716,0</coordinates></LineString></Placemark><Placemark><name>Descartado</name><Style><LineStyle><color>ff00ffff</color><width>3</width></LineStyle></Style><LineString><coordinates>-71.4300916,-34.6687716,0 -71.4312266,-34.668895,0</coordinates></LineString></Placemark><Placemark><name>Descartado</name><Style><LineStyle><color>ff00ffff</color><width>3</width></LineStyle></Style><LineString><coordinates>-71.4312266,-34.668895,0 -71.4317899,-34.668765,0</coordinates></LineString></Placemark><Placemark><name>Descartado</name><Style><LineStyle><color>ff00ffff</color><width>3</width></LineStyle></Style><LineString><coordinates>-71.4317899,-34.668765,0 -71.432075,-34.668495,0</coordinates></LineString></Placemark><Placemark><name>Descartado</name><Style><LineStyle><color>ff00ffff</color><width>3</width></LineStyle></Style><LineString><coordinates>-71.432075,-34.668495,0 -71.4321216,-34.6681916,0</coordinates></LineString></Placemark><Placemark><name>Descartado</name><Style><LineStyle><color>ff00ffff</color><width>3</width></LineStyle></Style><LineString><coordinates>-71.4321216,-34.6681916,0 -71.431925,-34.6678883,0</coordinates></LineString></Placemark><Placemark><name>Descartado</name><Style><LineStyle><color>ff00ffff</color><width>3</width></LineStyle></Style><LineString><coordinates>-71.431925,-34.6678883,0 -71.42832,-34.6639766,0</coordinates></LineString></Placemark><Placemark><name>Descartado</name><Style><LineStyle><color>ff00ffff</color><width>3</width></LineStyle></Style><LineString><coordinates>-71.42832,-34.6639766,0 -71.4279983,-34.66364,0</coordinates></LineString></Placemark><Placemark><name>Descartado</name><Style><LineStyle><color>ff00ffff</color><width>3</width></LineStyle></Style><LineString><coordinates>-71.4279983,-34.66364,0 -71.4249133,-34.661915,0</coordinates></LineString></Placemark><Placemark><name>Descartado</name><Style><LineStyle><color>ff00ffff</color><width>3</width></LineStyle></Style><LineString><coordinates>-71.4249133,-34.661915,0 -71.4225333,-34.6619033,0</coordinates></LineString></Placemark><Placemark><name>Descartado</name><Style><LineStyle><color>ff00ffff</color><width>3</width></LineStyle></Style><LineString><coordinates>-71.4225333,-34.6619033,0 -71.421695,-34.6614316,0</coordinates></LineString></Placemark><Placemark><name>Descartado</name><Style><LineStyle><color>ff00ffff</color><width>3</width></LineStyle></Style><LineString><coordinates>-71.421695,-34.6614316,0 -71.42137,-34.6614583,0</coordinates></LineString></Placemark><Placemark><name>Descartado</name><Style><LineStyle><color>ff00ffff</color><width>3</width></LineStyle></Style><LineString><coordinates>-71.42137,-34.6614583,0 -71.4211249,-34.661615,0</coordinates></LineString></Placemark><Placemark><name>Descartado</name><Style><LineStyle><color>ff00ffff</color><width>3</width></LineStyle></Style><LineString><coordinates>-71.4211249,-34.661615,0 -71.4207616,-34.6624516,0</coordinates></LineString></Placemark><Placemark><name>Descartado</name><Style><LineStyle><color>ff00ffff</color><width>3</width></LineStyle></Style><LineString><coordinates>-71.4206183,-34.6625483,0 -71.4189333,-34.6624583,0</coordinates></LineString></Placemark><Placemark><name>Descartado</name><Style><LineStyle><color>ff00ffff</color><width>3</width></LineStyle></Style><LineString><coordinates>-71.4189333,-34.6624583,0 -71.4178933,-34.6629866,0</coordinates></LineString></Placemark><Placemark><name>Descartado</name><Style><LineStyle><color>ff00ffff</color><width>3</width></LineStyle></Style><LineString><coordinates>-71.4178933,-34.6629866,0 -71.4162483,-34.6628833,0</coordinates></LineString></Placemark><Placemark><name>Descartado</name><Style><LineStyle><color>ff00ffff</color><width>3</width></LineStyle></Style><LineString><coordinates>-71.4162483,-34.6628833,0 -71.4146099,-34.6606866,0</coordinates></LineString></Placemark><Placemark><name>Descartado</name><Style><LineStyle><color>ff00ffff</color><width>3</width></LineStyle></Style><LineString><coordinates>-71.4146099,-34.6606866,0 -71.4143,-34.6606783,0</coordinates></LineString></Placemark><Placemark><name>Descartado</name><Style><LineStyle><color>ff00ffff</color><width>3</width></LineStyle></Style><LineString><coordinates>-71.4143,-34.6606783,0 -71.4120783,-34.6620133,0</coordinates></LineString></Placemark><Placemark><name>Descartado</name><Style><LineStyle><color>ff00ffff</color><width>3</width></LineStyle></Style><LineString><coordinates>-71.4120783,-34.6620133,0 -71.4118733,-34.662035,0</coordinates></LineString></Placemark><Placemark><name>Descartado</name><Style><LineStyle><color>ff00ffff</color><width>3</width></LineStyle></Style><LineString><coordinates>-71.4118733,-34.662035,0 -71.4116816,-34.6619333,0</coordinates></LineString></Placemark><Placemark><name>Descartado</name><Style><LineStyle><color>ff00ffff</color><width>3</width></LineStyle></Style><LineString><coordinates>-71.4116816,-34.6619333,0 -71.41002,-34.6571383,0</coordinates></LineString></Placemark><Placemark><name>Descartado</name><Style><LineStyle><color>ff00ffff</color><width>3</width></LineStyle></Style><LineString><coordinates>-71.41002,-34.6571383,0 -71.4099799,-34.6571333,0</coordinates></LineString></Placemark><Placemark><name>Descartado</name><Style><LineStyle><color>ff00ffff</color><width>3</width></LineStyle></Style><LineString><coordinates>-71.4099799,-34.6571333,0 -71.3991549,-34.6622183,0</coordinates></LineString></Placemark><Placemark><name>Descartado</name><Style><LineStyle><color>ff00ffff</color><width>3</width></LineStyle></Style><LineString><coordinates>-71.3991549,-34.6622183,0 -71.3990566,-34.6632199,0</coordinates></LineString></Placemark><Placemark><name>Descartado</name><Style><LineStyle><color>ff00ffff</color><width>3</width></LineStyle></Style><LineString><coordinates>-71.3990566,-34.6632199,0 -71.397755,-34.6644316,0</coordinates></LineString></Placemark><Placemark><name>Descartado</name><Style><LineStyle><color>ff00ffff</color><width>3</width></LineStyle></Style><LineString><coordinates>-71.397755,-34.6644316,0 -71.3962266,-34.6633616,0</coordinates></LineString></Placemark><Placemark><name>Descartado</name><Style><LineStyle><color>ff00ffff</color><width>3</width></LineStyle></Style><LineString><coordinates>-71.3962266,-34.6633616,0 -71.395885,-34.6634133,0</coordinates></LineString></Placemark><Placemark><name>Descartado</name><Style><LineStyle><color>ff00ffff</color><width>3</width></LineStyle></Style><LineString><coordinates>-71.395885,-34.6634133,0 -71.3492083,-34.6734566,0</coordinates></LineString></Placemark><Placemark><name>Descartado</name><Style><LineStyle><color>ff00ffff</color><width>3</width></LineStyle></Style><LineString><coordinates>-71.3492083,-34.6734566,0 -71.3495383,-34.673925,0</coordinates></LineString></Placemark><Placemark><name>Descartado</name><Style><LineStyle><color>ff00ffff</color><width>3</width></LineStyle></Style><LineString><coordinates>-71.3495383,-34.673925,0 -71.3203549,-34.6891466,0</coordinates></LineString></Placemark><Placemark><name>Descartado</name><Style><LineStyle><color>ff00ffff</color><width>3</width></LineStyle></Style><LineString><coordinates>-71.3203549,-34.6891466,0 -71.31709,-34.6924833,0</coordinates></LineString></Placemark><Placemark><name>Descartado</name><Style><LineStyle><color>ff00ffff</color><width>3</width></LineStyle></Style><LineString><coordinates>-71.31709,-34.6924833,0 -71.31702,-34.6924766,0</coordinates></LineString></Placemark><Placemark><name>Descartado</name><Style><LineStyle><color>ff00ffff</color><width>3</width></LineStyle></Style><LineString><coordinates>-71.31702,-34.6924766,0 -71.3091116,-34.6752216,0</coordinates></LineString></Placemark><Placemark><name>Descartado</name><Style><LineStyle><color>ff00ffff</color><width>3</width></LineStyle></Style><LineString><coordinates>-71.3091116,-34.6752216,0 -71.3090833,-34.67507,0</coordinates></LineString></Placemark><Placemark><name>Descartado</name><Style><LineStyle><color>ff00ffff</color><width>3</width></LineStyle></Style><LineString><coordinates>-71.3090833,-34.67507,0 -71.3126816,-34.6686966,0</coordinates></LineString></Placemark><Placemark><name>Descartado</name><Style><LineStyle><color>ff00ffff</color><width>3</width></LineStyle></Style><LineString><coordinates>-71.3126816,-34.6686966,0 -71.3126433,-34.66857,0</coordinates></LineString></Placemark><Placemark><name>Descartado</name><Style><LineStyle><color>ff00ffff</color><width>3</width></LineStyle></Style><LineString><coordinates>-71.3126433,-34.66857,0 -71.3060466,-34.6646166,0</coordinates></LineString></Placemark><Placemark><name>Descartado</name><Style><LineStyle><color>ff00ffff</color><width>3</width></LineStyle></Style><LineString><coordinates>-71.3060466,-34.6646166,0 -71.3060383,-34.6645566,0</coordinates></LineString></Placemark><Placemark><name>Descartado</name><Style><LineStyle><color>ff00ffff</color><width>3</width></LineStyle></Style><LineString><coordinates>-71.3069666,-34.6636149,0 -71.3069383,-34.6634649,0</coordinates></LineString></Placemark><Placemark><name>Descartado</name><Style><LineStyle><color>ff00ffff</color><width>3</width></LineStyle></Style><LineString><coordinates>-71.3069383,-34.6634649,0 -71.3033616,-34.6586283,0</coordinates></LineString></Placemark><Placemark><name>Descartado</name><Style><LineStyle><color>ff00ffff</color><width>3</width></LineStyle></Style><LineString><coordinates>-71.3033616,-34.6586283,0 -71.301565,-34.6585483,0</coordinates></LineString></Placemark><Placemark><name>Descartado</name><Style><LineStyle><color>ff00ffff</color><width>3</width></LineStyle></Style><LineString><coordinates>-71.301565,-34.6585483,0 -71.2655116,-34.6535566,0</coordinates></LineString></Placemark><Placemark><name>Descartado</name><Style><LineStyle><color>ff00ffff</color><width>3</width></LineStyle></Style><LineString><coordinates>-71.2655116,-34.6535566,0 -71.2654916,-34.6535899,0</coordinates></LineString></Placemark><Placemark><name>Descartado</name><Style><LineStyle><color>ff00ffff</color><width>3</width></LineStyle></Style><LineString><coordinates>-71.2657849,-34.65438,0 -71.2657849,-34.65438,0</coordinates></LineString></Placemark><Placemark><name>Descartado</name><Style><LineStyle><color>ff00ffff</color><width>3</width></LineStyle></Style><LineString><coordinates>-71.2658833,-34.6543283,0 -71.2658833,-34.6543283,0</coordinates></LineString></Placemark><Placemark><name>Descartado</name><Style><LineStyle><color>ff00ffff</color><width>3</width></LineStyle></Style><LineString><coordinates>-71.2658833,-34.6543283,0 -71.2658833,-34.6543283,0</coordinates></LineString></Placemark><Placemark><name>Descartado</name><Style><LineStyle><color>ff00ffff</color><width>3</width></LineStyle></Style><LineString><coordinates>-71.2658833,-34.6543283,0 -71.2658283,-34.65437,0</coordinates></LineString></Placemark><Placemark><name>Descartado</name><Style><LineStyle><color>ff00ffff</color><width>3</width></LineStyle></Style><LineString><coordinates>-71.2661783,-34.6544833,0 -71.2661783,-34.6544833,0</coordinates></LineString></Placemark><Placemark><name>Descartado</name><Style><LineStyle><color>ff00ffff</color><width>3</width></LineStyle></Style><LineString><coordinates>-71.2657966,-34.6547883,0 -71.2657966,-34.6547883,0</coordinates></LineString></Placemark><Placemark><name>Descartado</name><Style><LineStyle><color>ff00ffff</color><width>3</width></LineStyle></Style><LineString><coordinates>-71.2657966,-34.6547883,0 -71.265875,-34.6547616,0</coordinates></LineString></Placemark><Placemark><name>Descartado</name><Style><LineStyle><color>ff00ffff</color><width>3</width></LineStyle></Style><LineString><coordinates>-71.265875,-34.6547616,0 -71.265875,-34.6547616,0</coordinates></LineString></Placemark><Placemark><name>Descartado</name><Style><LineStyle><color>ff00ffff</color><width>3</width></LineStyle></Style><LineString><coordinates>-71.2657816,-34.654745,0 -71.2657816,-34.654745,0</coordinates></LineString></Placemark><Placemark><name>Descartado</name><Style><LineStyle><color>ff00ffff</color><width>3</width></LineStyle></Style><LineString><coordinates>-71.2657816,-34.654745,0 -71.2657083,-34.6548066,0</coordinates></LineString></Placemark><Placemark><name>Descartado</name><Style><LineStyle><color>ff00ffff</color><width>3</width></LineStyle></Style><LineString><coordinates>-71.2657083,-34.6548066,0 -71.2657083,-34.6548066,0</coordinates></LineString></Placemark><Placemark><name>Descartado</name><Style><LineStyle><color>ff00ffff</color><width>3</width></LineStyle></Style><LineString><coordinates>-71.2657083,-34.6548066,0 -71.2657,-34.65476,0</coordinates></LineString></Placemark><Placemark><name>Descartado</name><Style><LineStyle><color>ff00ffff</color><width>3</width></LineStyle></Style><LineString><coordinates>-71.2658299,-34.6547766,0 -71.2658299,-34.6547766,0</coordinates></LineString></Placemark><Placemark><name>Descartado</name><Style><LineStyle><color>ff00ffff</color><width>3</width></LineStyle></Style><LineString><coordinates>-71.2658299,-34.6547766,0 -71.2658633,-34.6547499,0</coordinates></LineString></Placemark><Placemark><name>Descartado</name><Style><LineStyle><color>ff00ffff</color><width>3</width></LineStyle></Style><LineString><coordinates>-71.2658633,-34.6547499,0 -71.2658633,-34.6547499,0</coordinates></LineString></Placemark><Placemark><name>Descartado</name><Style><LineStyle><color>ff00ffff</color><width>3</width></LineStyle></Style><LineString><coordinates>-71.266115,-34.6547233,0 -71.266115,-34.6547233,0</coordinates></LineString></Placemark><Placemark><name>Descartado</name><Style><LineStyle><color>ff00ffff</color><width>3</width></LineStyle></Style><LineString><coordinates>-71.2661666,-34.6546433,0 -71.2661666,-34.6546433,0</coordinates></LineString></Placemark><Placemark><name>Descartado</name><Style><LineStyle><color>ff00ffff</color><width>3</width></LineStyle></Style><LineString><coordinates>-71.265875,-34.6548749,0 -71.265875,-34.6548749,0</coordinates></LineString></Placemark><Placemark><name>Descartado</name><Style><LineStyle><color>ff00ffff</color><width>3</width></LineStyle></Style><LineString><coordinates>-71.265875,-34.6548749,0 -71.265875,-34.6548749,0</coordinates></LineString></Placemark><Placemark><name>Descartado</name><Style><LineStyle><color>ff00ffff</color><width>3</width></LineStyle></Style><LineString><coordinates>-71.265735,-34.6548566,0 -71.265735,-34.6548566,0</coordinates></LineString></Placemark><Placemark><name>Descartado</name><Style><LineStyle><color>ff00ffff</color><width>3</width></LineStyle></Style><LineString><coordinates>-71.2657499,-34.6549466,0 -71.2657499,-34.6549466,0</coordinates></LineString></Placemark><Placemark><name>Descartado</name><Style><LineStyle><color>ff00ffff</color><width>3</width></LineStyle></Style><LineString><coordinates>-71.265735,-34.6547966,0 -71.265735,-34.6547966,0</coordinates></LineString></Placemark><Placemark><name>Descartado</name><Style><LineStyle><color>ff00ffff</color><width>3</width></LineStyle></Style><LineString><coordinates>-71.2656116,-34.6547733,0 -71.2656116,-34.6547733,0</coordinates></LineString></Placemark><Placemark><name>Descartado</name><Style><LineStyle><color>ff00ffff</color><width>3</width></LineStyle></Style><LineString><coordinates>-71.26563,-34.6548566,0 -71.26563,-34.6548566,0</coordinates></LineString></Placemark><Placemark><name>Descartado</name><Style><LineStyle><color>ff00ffff</color><width>3</width></LineStyle></Style><LineString><coordinates>-71.26563,-34.6548566,0 -71.26563,-34.6548566,0</coordinates></LineString></Placemark><Placemark><name>Descartado</name><Style><LineStyle><color>ff00ffff</color><width>3</width></LineStyle></Style><LineString><coordinates>-71.26563,-34.6548566,0 -71.26563,-34.6548566,0</coordinates></LineString></Placemark><Placemark><name>Descartado</name><Style><LineStyle><color>ff00ffff</color><width>3</width></LineStyle></Style><LineString><coordinates>-70.6617833,-34.1414,0 -70.6617833,-34.1414,0</coordinates></LineString></Placemark><Placemark><name>Descartado</name><Style><LineStyle><color>ff00ffff</color><width>3</width></LineStyle></Style><LineString><coordinates>-70.6617833,-34.1414,0 -71.2663383,-34.6542866,0</coordinates></LineString></Placemark><Placemark><name>Descartado</name><Style><LineStyle><color>ff00ffff</color><width>3</width></LineStyle></Style><LineString><coordinates>-71.2663383,-34.6542866,0 -71.265795,-34.6544116,0</coordinates></LineString></Placemark><Placemark><name>Descartado</name><Style><LineStyle><color>ff00ffff</color><width>3</width></LineStyle></Style><LineString><coordinates>-71.2655966,-34.6547433,0 -71.2655283,-34.6547266,0</coordinates></LineString></Placemark><Placemark><name>Descartado</name><Style><LineStyle><color>ff00ffff</color><width>3</width></LineStyle></Style><LineString><coordinates>-71.2655283,-34.6547266,0 -71.2655283,-34.6547266,0</coordinates></LineString></Placemark><Placemark><name>Descartado</name><Style><LineStyle><color>ff00ffff</color><width>3</width></LineStyle></Style><LineString><coordinates>-71.2654216,-34.6547533,0 -71.2654016,-34.654725,0</coordinates></LineString></Placemark><Placemark><name>Descartado</name><Style><LineStyle><color>ff00ffff</color><width>3</width></LineStyle></Style><LineString><coordinates>-71.2654016,-34.654725,0 -71.2654016,-34.654725,0</coordinates></LineString></Placemark><Placemark><name>Descartado</name><Style><LineStyle><color>ff00ffff</color><width>3</width></LineStyle></Style><LineString><coordinates>-71.2654283,-34.6548233,0 -71.2654283,-34.6548233,0</coordinates></LineString></Placemark><Placemark><name>Descartado</name><Style><LineStyle><color>ff00ffff</color><width>3</width></LineStyle></Style><LineString><coordinates>-71.2654116,-34.654915,0 -71.2654116,-34.654915,0</coordinates></LineString></Placemark><Placemark><name>Descartado</name><Style><LineStyle><color>ff00ffff</color><width>3</width></LineStyle></Style><LineString><coordinates>-71.2654116,-34.654915,0 -71.265345,-34.6549266,0</coordinates></LineString></Placemark><Placemark><name>Descartado</name><Style><LineStyle><color>ff00ffff</color><width>3</width></LineStyle></Style><LineString><coordinates>-71.2653283,-34.654935,0 -71.2653283,-34.654935,0</coordinates></LineString></Placemark><Placemark><name>Descartado</name><Style><LineStyle><color>ff00ffff</color><width>3</width></LineStyle></Style><LineString><coordinates>-71.2654283,-34.6548833,0 -71.2654283,-34.6548833,0</coordinates></LineString></Placemark><Placemark><name>Descartado</name><Style><LineStyle><color>ff00ffff</color><width>3</width></LineStyle></Style><LineString><coordinates>-71.2654283,-34.6548833,0 -71.2654283,-34.6548833,0</coordinates></LineString></Placemark></Folder></Document></kml>