<?xml version="1.0" encoding="UTF-8"?><kml xmlns="http://www.opengis.net/kml/2.2"><Document><Folder><name>Tractor 7 Kubota 95</name><Placemark><name>Trabajado - Cuartel 1 - Hilera 1</name><Style><LineStyle><color>ff00ff00</color><width>3</width></LineStyle></Style><LineString><coordinates>-70.5696849,-33.7142033,0 -70.5689383,-33.7146049,0</coordinates></LineString></Placemark><Placemark><name>Trabajado - Cuartel 1 - Hilera 3123</name><Style><LineStyle><color>ff00ff00</color><width>3</width></LineStyle></Style><LineString><coordinates>-70.5690149,-33.71461,0 -70.5695283,-33.7144316,0</coordinates></LineString></Placemark><Placemark><name>Trabajado - Cuartel 1 - Hilera 3124</name><Style><LineStyle><color>ff00ff00</color><width>3</width></LineStyle></Style><LineString><coordinates>-70.5695283,-33.7144316,0 -70.5696949152105,-33.71413725102499,0</coordinates></LineString></Placemark><Placemark><name>Trabajado - Cuartel 1 - Hilera 3125</name><Style><LineStyle><color>ff00ff00</color><width>3</width></LineStyle></Style><LineString><coordinates>-70.56968,-33.7141316,0 -70.5698433,-33.7140766,0</coordinates></LineString></Placemark><Placemark><name>Trabajado - Cuartel 1 - Hilera 3126</name><Style><LineStyle><color>ff00ff00</color><width>3</width></LineStyle></Style><LineString><coordinates>-70.5697583,-33.7141966,0 -70.5697766,-33.7140433,0</coordinates></LineString></Placemark><Placemark><name>Trabajado - Cuartel 1 - Hilera 3127</name><Style><LineStyle><color>ff00ff00</color><width>3</width></LineStyle></Style><LineString><coordinates>-70.56984466995816,-33.71411306423238,0 -70.5697083,-33.7139733,0</coordinates></LineString></Placemark><Placemark><name>Trabajado - Cuartel 1 - Hilera 3128</name><Style><LineStyle><color>ff00ff00</color><width>3</width></LineStyle></Style><LineString><coordinates>-70.5697533,-33.7141416,0 -70.56948,-33.7141733,0</coordinates></LineString></Placemark><Placemark><name>Trabajado - Cuartel 1 - Hilera 3129</name><Style><LineStyle><color>ff00ff00</color><width>3</width></LineStyle></Style><LineString><coordinates>-70.56948,-33.7141733,0 -70.5691433,-33.7140033,0</coordinates></LineString></Placemark><Placemark><name>Trabajado - Cuartel 1 - Hilera 3135</name><Style><LineStyle><color>ff00ff00</color><width>3</width></LineStyle></Style><LineString><coordinates>-70.5690416,-33.7138516,0 -70.5690116,-33.7140316,0</coordinates></LineString></Placemark><Placemark><name>Trabajado - Cuartel 1 - Hilera 3136</name><Style><LineStyle><color>ff00ff00</color><width>3</width></LineStyle></Style><LineString><coordinates>-70.5690116,-33.7140316,0 -70.5691433,-33.71406,0</coordinates></LineString></Placemark><Placemark><name>Trabajado - Cuartel 1 - Hilera 3137</name><Style><LineStyle><color>ff00ff00</color><width>3</width></LineStyle></Style><LineString><coordinates>-70.56898141381971,-33.714070473937284,0 -70.56959406307797,-33.71400267408603,0</coordinates></LineString></Placemark><Placemark><name>Trabajado - Cuartel 1 - Hilera 3141</name><Style><LineStyle><color>ff00ff00</color><width>3</width></LineStyle></Style><LineString><coordinates>-70.5689599,-33.7137916,0 -70.56894030012263,-33.71405887105531,0</coordinates></LineString></Placemark><Placemark><name>Trabajado - Cuartel 1 - Hilera 3142</name><Style><LineStyle><color>ff00ff00</color><width>3</width></LineStyle></Style><LineString><coordinates>-70.56890719784731,-33.71405326611906,0 -70.57010875060678,-33.71419748720222,0</coordinates></LineString></Placemark><Placemark><name>Trabajado - Cuartel 1 - Hilera 3143</name><Style><LineStyle><color>ff00ff00</color><width>3</width></LineStyle></Style><LineString><coordinates>-70.5691016,-33.7140766,0 -70.5693333,-33.7139233,0</coordinates></LineString></Placemark><Placemark><name>Trabajado - Cuartel 1 - Hilera 3147</name><Style><LineStyle><color>ff00ff00</color><width>3</width></LineStyle></Style><LineString><coordinates>-70.5687033,-33.7135683,0 -70.5688366,-33.7140083,0</coordinates></LineString></Placemark><Placemark><name>Trabajado - Cuartel 1 - Hilera 3148</name><Style><LineStyle><color>ff00ff00</color><width>3</width></LineStyle></Style><LineString><coordinates>-70.5688366,-33.7140083,0 -70.5689066,-33.7140566,0</coordinates></LineString></Placemark><Placemark><name>Trabajado - Cuartel 1 - Hilera 3152</name><Style><LineStyle><color>ff00ff00</color><width>3</width></LineStyle></Style><LineString><coordinates>-70.5686166,-33.7133216,0 -70.5687866,-33.7139366,0</coordinates></LineString></Placemark><Placemark><name>Trabajado - Cuartel 1 - Hilera 3153</name><Style><LineStyle><color>ff00ff00</color><width>3</width></LineStyle></Style><LineString><coordinates>-70.5687866,-33.7139366,0 -70.5694483,-33.7140633,0</coordinates></LineString></Placemark><Placemark><name>Trabajado - Cuartel 1 - Hilera 3154</name><Style><LineStyle><color>ff00ff00</color><width>3</width></LineStyle></Style><LineString><coordinates>-70.5694483,-33.7140633,0 -70.569575,-33.7139983,0</coordinates></LineString></Placemark><Placemark><name>Trabajado - Cuartel 1 - Hilera 3165</name><Style><LineStyle><color>ff00ff00</color><width>3</width></LineStyle></Style><LineString><coordinates>-70.5697916,-33.7139366,0 -70.56938098927465,-33.71416525236241,0</coordinates></LineString></Placemark><Placemark><name>Trabajado - Cuartel 1 - Hilera 3166</name><Style><LineStyle><color>ff00ff00</color><width>3</width></LineStyle></Style><LineString><coordinates>-70.56957,-33.71406,0 -70.56885215375304,-33.71401419169918,0</coordinates></LineString></Placemark><Placemark><name>Trabajado - Cuartel 1 - Hilera 3170</name><Style><LineStyle><color>ff00ff00</color><width>3</width></LineStyle></Style><LineString><coordinates>-70.5699383,-33.7140799,0 -70.570385,-33.7139833,0</coordinates></LineString></Placemark><Placemark><name>Trabajado - Cuartel 1 - Hilera 3173</name><Style><LineStyle><color>ff00ff00</color><width>3</width></LineStyle></Style><LineString><coordinates>-70.5701983,-33.714085,0 -70.5702883,-33.7141416,0</coordinates></LineString></Placemark><Placemark><name>Trabajado - Cuartel 1 - Hilera 3174</name><Style><LineStyle><color>ff00ff00</color><width>3</width></LineStyle></Style><LineString><coordinates>-70.5702883,-33.7141416,0 -70.5706983,-33.71379,0</coordinates></LineString></Placemark><Placemark><name>Trabajado - Cuartel 1 - Hilera 3179</name><Style><LineStyle><color>ff00ff00</color><width>3</width></LineStyle></Style><LineString><coordinates>-70.5704066,-33.7140333,0 -70.5700133,-33.7142949,0</coordinates></LineString></Placemark><Placemark><name>Trabajado - Cuartel 1 - Hilera 3180</name><Style><LineStyle><color>ff00ff00</color><width>3</width></LineStyle></Style><LineString><coordinates>-70.5700133,-33.7142949,0 -70.5695899,-33.71434,0</coordinates></LineString></Placemark><Placemark><name>Trabajado - Cuartel 1 - Hilera 3181</name><Style><LineStyle><color>ff00ff00</color><width>3</width></LineStyle></Style><LineString><coordinates>-70.5695899,-33.71434,0 -70.56892486244928,-33.71398216143529,0</coordinates></LineString></Placemark><Placemark><name>Trabajado - Cuartel 1 - Hilera 3182</name><Style><LineStyle><color>ff00ff00</color><width>3</width></LineStyle></Style><LineString><coordinates>-70.5689766,-33.71401,0 -70.5689083,-33.714075,0</coordinates></LineString></Placemark><Placemark><name>Trabajado - Cuartel 1 - Hilera 3183</name><Style><LineStyle><color>ff00ff00</color><width>3</width></LineStyle></Style><LineString><coordinates>-70.5695033,-33.7141416,0 -70.569555,-33.7142016,0</coordinates></LineString></Placemark><Placemark><name>Trabajado - Cuartel 1 - Hilera 3184</name><Style><LineStyle><color>ff00ff00</color><width>3</width></LineStyle></Style><LineString><coordinates>-70.569555,-33.7142016,0 -70.5696766,-33.71439,0</coordinates></LineString></Placemark><Placemark><name>Trabajado - Cuartel 1 - Hilera 3185</name><Style><LineStyle><color>ff00ff00</color><width>3</width></LineStyle></Style><LineString><coordinates>-70.5696766,-33.71439,0 -70.5709916,-33.71361,0</coordinates></LineString></Placemark><Placemark><name>Trabajado - Cuartel 1 - Hilera 3189</name><Style><LineStyle><color>ff00ff00</color><width>3</width></LineStyle></Style><LineString><coordinates>-70.5707516,-33.7138016,0 -70.5696333,-33.7143983,0</coordinates></LineString></Placemark><Placemark><name>Trabajado - Cuartel 1 - Hilera 3190</name><Style><LineStyle><color>ff00ff00</color><width>3</width></LineStyle></Style><LineString><coordinates>-70.5695983,-33.7143833,0 -70.5696566,-33.7142066,0</coordinates></LineString></Placemark><Placemark><name>Trabajado - Cuartel 1 - Hilera 3191</name><Style><LineStyle><color>ff00ff00</color><width>3</width></LineStyle></Style><LineString><coordinates>-70.5696566,-33.7142066,0 -70.5697666,-33.7142066,0</coordinates></LineString></Placemark><Placemark><name>Trabajado - Cuartel 1 - Hilera 3192</name><Style><LineStyle><color>ff00ff00</color><width>3</width></LineStyle></Style><LineString><coordinates>-70.56985877734685,-33.7143495106153,0 -70.569715,-33.7141266,0</coordinates></LineString></Placemark><Placemark><name>Trabajado - Cuartel 1 - Hilera 3193</name><Style><LineStyle><color>ff00ff00</color><width>3</width></LineStyle></Style><LineString><coordinates>-70.5697283,-33.714225,0 -70.5696283,-33.714265,0</coordinates></LineString></Placemark><Placemark><name>Trabajado - Cuartel 1 - Hilera 3194</name><Style><LineStyle><color>ff00ff00</color><width>3</width></LineStyle></Style><LineString><coordinates>-70.5696283,-33.714265,0 -70.5695683,-33.7141466,0</coordinates></LineString></Placemark><Placemark><name>Trabajado - Cuartel 1 - Hilera 3195</name><Style><LineStyle><color>ff00ff00</color><width>3</width></LineStyle></Style><LineString><coordinates>-70.5695683,-33.7141466,0 -70.569445,-33.71406,0</coordinates></LineString></Placemark><Placemark><name>Trabajado - Cuartel 1 - Hilera 3196</name><Style><LineStyle><color>ff00ff00</color><width>3</width></LineStyle></Style><LineString><coordinates>-70.569445,-33.71406,0 -70.5691033,-33.714085,0</coordinates></LineString></Placemark><Placemark><name>Trabajado - Cuartel 1 - Hilera 3197</name><Style><LineStyle><color>ff00ff00</color><width>3</width></LineStyle></Style><LineString><coordinates>-70.56911,-33.7140483,0 -70.56949,-33.7141066,0</coordinates></LineString></Placemark><Placemark><name>Trabajado - Cuartel 1 - Hilera 3198</name><Style><LineStyle><color>ff00ff00</color><width>3</width></LineStyle></Style><LineString><coordinates>-70.56949,-33.7141066,0 -70.5698116,-33.7143699,0</coordinates></LineString></Placemark><Placemark><name>Trabajado - Cuartel 1 - Hilera 3247</name><Style><LineStyle><color>ff00ff00</color><width>3</width></LineStyle></Style><LineString><coordinates>-70.56965,-33.7143716,0 -70.569455,-33.7141249,0</coordinates></LineString></Placemark><Placemark><name>Trabajado - Cuartel 1 - Hilera 3248</name><Style><LineStyle><color>ff00ff00</color><width>3</width></LineStyle></Style><LineString><coordinates>-70.5693683,-33.7140799,0 -70.5697216,-33.714385,0</coordinates></LineString></Placemark><Placemark><name>Trabajado - Cuartel 1 - Hilera 3301</name><Style><LineStyle><color>ff00ff00</color><width>3</width></LineStyle></Style><LineString><coordinates>-70.56943,-33.714015,0 -70.5698116,-33.71427,0</coordinates></LineString></Placemark><Placemark><name>Trabajado - Cuartel 1 - Hilera 3302</name><Style><LineStyle><color>ff00ff00</color><width>3</width></LineStyle></Style><LineString><coordinates>-70.5698049,-33.7142933,0 -70.56894066284198,-33.713955890176486,0</coordinates></LineString></Placemark><Placemark><name>Trabajado - Cuartel 1 - Hilera 3303</name><Style><LineStyle><color>ff00ff00</color><width>3</width></LineStyle></Style><LineString><coordinates>-70.5695983,-33.7140283,0 -70.569755,-33.7139383,0</coordinates></LineString></Placemark><Placemark><name>Trabajado - Cuartel 1 - Hilera 3328</name><Style><LineStyle><color>ff00ff00</color><width>3</width></LineStyle></Style><LineString><coordinates>-70.5694833,-33.7140266,0 -70.5688599,-33.7140333,0</coordinates></LineString></Placemark><Placemark><name>Trabajado - Cuartel 1 - Hilera 3339</name><Style><LineStyle><color>ff00ff00</color><width>3</width></LineStyle></Style><LineString><coordinates>-70.569525,-33.7140433,0 -70.56948,-33.7141166,0</coordinates></LineString></Placemark><Placemark><name>Trabajado - Cuartel 1 - Hilera 3340</name><Style><LineStyle><color>ff00ff00</color><width>3</width></LineStyle></Style><LineString><coordinates>-70.5695733,-33.7142666,0 -70.569515,-33.7141116,0</coordinates></LineString></Placemark><Placemark><name>Trabajado - Cuartel 1 - Hilera 3341</name><Style><LineStyle><color>ff00ff00</color><width>3</width></LineStyle></Style><LineString><coordinates>-70.569515,-33.7141116,0 -70.5696116,-33.7142433,0</coordinates></LineString></Placemark><Placemark><name>Trabajado - Cuartel 2 - Hilera 2</name><Style><LineStyle><color>ff00ff00</color><width>3</width></LineStyle></Style><LineString><coordinates>-70.5689383,-33.7146049,0 -70.566445,-33.7090749,0</coordinates></LineString></Placemark><Placemark><name>Trabajado - Cuartel 2 - Hilera 3122</name><Style><LineStyle><color>ff00ff00</color><width>3</width></LineStyle></Style><LineString><coordinates>-70.5665266,-33.7089983,0 -70.5689416,-33.7146066,0</coordinates></LineString></Placemark><Placemark><name>Trabajado - Cuartel 2 - Hilera 3130</name><Style><LineStyle><color>ff00ff00</color><width>3</width></LineStyle></Style><LineString><coordinates>-70.5691433,-33.7140033,0 -70.5690999,-33.7110966,0</coordinates></LineString></Placemark><Placemark><name>Trabajado - Cuartel 2 - Hilera 3134</name><Style><LineStyle><color>ff00ff00</color><width>3</width></LineStyle></Style><LineString><coordinates>-70.5689616,-33.7114199,0 -70.56902225257758,-33.713851922961254,0</coordinates></LineString></Placemark><Placemark><name>Trabajado - Cuartel 2 - Hilera 3140</name><Style><LineStyle><color>ff00ff00</color><width>3</width></LineStyle></Style><LineString><coordinates>-70.56888,-33.7111783,0 -70.56892820332268,-33.713791991275045,0</coordinates></LineString></Placemark><Placemark><name>Trabajado - Cuartel 2 - Hilera 3144</name><Style><LineStyle><color>ff00ff00</color><width>3</width></LineStyle></Style><LineString><coordinates>-70.5693333,-33.7139233,0 -70.5692483,-33.7110133,0</coordinates></LineString></Placemark><Placemark><name>Trabajado - Cuartel 2 - Hilera 3146</name><Style><LineStyle><color>ff00ff00</color><width>3</width></LineStyle></Style><LineString><coordinates>-70.5686866,-33.7111216,0 -70.56869874688633,-33.71356831512989,0</coordinates></LineString></Placemark><Placemark><name>Trabajado - Cuartel 2 - Hilera 3149</name><Style><LineStyle><color>ff00ff00</color><width>3</width></LineStyle></Style><LineString><coordinates>-70.569525,-33.7140266,0 -70.569425,-33.7109233,0</coordinates></LineString></Placemark><Placemark><name>Trabajado - Cuartel 2 - Hilera 3157</name><Style><LineStyle><color>ff00ff00</color><width>3</width></LineStyle></Style><LineString><coordinates>-70.56832,-33.7112983,0 -70.56834873982223,-33.712914914995295,0</coordinates></LineString></Placemark><Placemark><name>Trabajado - Cuartel 2 - Hilera 3158</name><Style><LineStyle><color>ff00ff00</color><width>3</width></LineStyle></Style><LineString><coordinates>-70.56835,-33.7129149,0 -70.56802,-33.711385,0</coordinates></LineString></Placemark><Placemark><name>Trabajado - Cuartel 2 - Hilera 3161</name><Style><LineStyle><color>ff00ff00</color><width>3</width></LineStyle></Style><LineString><coordinates>-70.5682716,-33.71136,0 -70.5682616,-33.7126283,0</coordinates></LineString></Placemark><Placemark><name>Trabajado - Cuartel 2 - Hilera 3162</name><Style><LineStyle><color>ff00ff00</color><width>3</width></LineStyle></Style><LineString><coordinates>-70.5682516,-33.7125366,0 -70.5679399,-33.7114683,0</coordinates></LineString></Placemark><Placemark><name>Trabajado - Cuartel 2 - Hilera 3167</name><Style><LineStyle><color>ff00ff00</color><width>3</width></LineStyle></Style><LineString><coordinates>-70.5701083,-33.7142,0 -70.5700333,-33.7108416,0</coordinates></LineString></Placemark><Placemark><name>Trabajado - Cuartel 2 - Hilera 3169</name><Style><LineStyle><color>ff00ff00</color><width>3</width></LineStyle></Style><LineString><coordinates>-70.5698416,-33.7107733,0 -70.5699383,-33.7140799,0</coordinates></LineString></Placemark><Placemark><name>Trabajado - Cuartel 2 - Hilera 3171</name><Style><LineStyle><color>ff00ff00</color><width>3</width></LineStyle></Style><LineString><coordinates>-70.570385,-33.7139833,0 -70.570305,-33.7106783,0</coordinates></LineString></Placemark><Placemark><name>Trabajado - Cuartel 2 - Hilera 3172</name><Style><LineStyle><color>ff00ff00</color><width>3</width></LineStyle></Style><LineString><coordinates>-70.5701166,-33.7107166,0 -70.5701983,-33.714085,0</coordinates></LineString></Placemark><Placemark><name>Trabajado - Cuartel 2 - Hilera 3175</name><Style><LineStyle><color>ff00ff00</color><width>3</width></LineStyle></Style><LineString><coordinates>-70.5706983,-33.71379,0 -70.57063,-33.7106633,0</coordinates></LineString></Placemark><Placemark><name>Trabajado - Cuartel 2 - Hilera 3177</name><Style><LineStyle><color>ff00ff00</color><width>3</width></LineStyle></Style><LineString><coordinates>-70.5704433,-33.7106866,0 -70.5704433,-33.712785,0</coordinates></LineString></Placemark><Placemark><name>Trabajado - Cuartel 2 - Hilera 3186</name><Style><LineStyle><color>ff00ff00</color><width>3</width></LineStyle></Style><LineString><coordinates>-70.5709766,-33.7135933,0 -70.5708916,-33.7106533,0</coordinates></LineString></Placemark><Placemark><name>Trabajado - Cuartel 2 - Hilera 3188</name><Style><LineStyle><color>ff00ff00</color><width>3</width></LineStyle></Style><LineString><coordinates>-70.5707133,-33.7107166,0 -70.5707516,-33.7138016,0</coordinates></LineString></Placemark><Placemark><name>Trabajado - Cuartel 2 - Hilera 3200</name><Style><LineStyle><color>ff00ff00</color><width>3</width></LineStyle></Style><LineString><coordinates>-70.5713366,-33.713335,0 -70.5712883,-33.71077,0</coordinates></LineString></Placemark><Placemark><name>Trabajado - Cuartel 2 - Hilera 3202</name><Style><LineStyle><color>ff00ff00</color><width>3</width></LineStyle></Style><LineString><coordinates>-70.571095,-33.7107133,0 -70.5711233,-33.7134666,0</coordinates></LineString></Placemark><Placemark><name>Trabajado - Cuartel 2 - Hilera 3203</name><Style><LineStyle><color>ff00ff00</color><width>3</width></LineStyle></Style><LineString><coordinates>-70.57165,-33.713115,0 -70.5715983,-33.7108783,0</coordinates></LineString></Placemark><Placemark><name>Trabajado - Cuartel 2 - Hilera 3206</name><Style><LineStyle><color>ff00ff00</color><width>3</width></LineStyle></Style><LineString><coordinates>-70.5713733,-33.711825,0 -70.5714083,-33.7132783,0</coordinates></LineString></Placemark><Placemark><name>Trabajado - Cuartel 2 - Hilera 3208</name><Style><LineStyle><color>ff00ff00</color><width>3</width></LineStyle></Style><LineString><coordinates>-70.5719266,-33.712885,0 -70.57189,-33.7109433,0</coordinates></LineString></Placemark><Placemark><name>Trabajado - Cuartel 2 - Hilera 3211</name><Style><LineStyle><color>ff00ff00</color><width>3</width></LineStyle></Style><LineString><coordinates>-70.5716416,-33.710795,0 -70.57172,-33.7130666,0</coordinates></LineString></Placemark><Placemark><name>Trabajado - Cuartel 2 - Hilera 3212</name><Style><LineStyle><color>ff00ff00</color><width>3</width></LineStyle></Style><LineString><coordinates>-70.5721666,-33.7127916,0 -70.5722116,-33.7126983,0</coordinates></LineString></Placemark><Placemark><name>Trabajado - Cuartel 2 - Hilera 3213</name><Style><LineStyle><color>ff00ff00</color><width>3</width></LineStyle></Style><LineString><coordinates>-70.5722116,-33.7126983,0 -70.5721766,-33.7110633,0</coordinates></LineString></Placemark><Placemark><name>Trabajado - Cuartel 2 - Hilera 3215</name><Style><LineStyle><color>ff00ff00</color><width>3</width></LineStyle></Style><LineString><coordinates>-70.5719999,-33.71077,0 -70.5720099,-33.7128383,0</coordinates></LineString></Placemark><Placemark><name>Trabajado - Cuartel 2 - Hilera 3216</name><Style><LineStyle><color>ff00ff00</color><width>3</width></LineStyle></Style><LineString><coordinates>-70.5720099,-33.7128383,0 -70.5725833,-33.71244,0</coordinates></LineString></Placemark><Placemark><name>Trabajado - Cuartel 2 - Hilera 3217</name><Style><LineStyle><color>ff00ff00</color><width>3</width></LineStyle></Style><LineString><coordinates>-70.5725833,-33.71244,0 -70.5725683,-33.7108883,0</coordinates></LineString></Placemark><Placemark><name>Trabajado - Cuartel 2 - Hilera 3219</name><Style><LineStyle><color>ff00ff00</color><width>3</width></LineStyle></Style><LineString><coordinates>-70.5722616,-33.71087,0 -70.5723733,-33.7126183,0</coordinates></LineString></Placemark><Placemark><name>Trabajado - Cuartel 2 - Hilera 3220</name><Style><LineStyle><color>ff00ff00</color><width>3</width></LineStyle></Style><LineString><coordinates>-70.5723733,-33.7126183,0 -70.5725366,-33.7124666,0</coordinates></LineString></Placemark><Placemark><name>Trabajado - Cuartel 2 - Hilera 3221</name><Style><LineStyle><color>ff00ff00</color><width>3</width></LineStyle></Style><LineString><coordinates>-70.5725366,-33.7124666,0 -70.57252,-33.710925,0</coordinates></LineString></Placemark><Placemark><name>Trabajado - Cuartel 2 - Hilera 3223</name><Style><LineStyle><color>ff00ff00</color><width>3</width></LineStyle></Style><LineString><coordinates>-70.5727933,-33.71093,0 -70.5728033,-33.712625,0</coordinates></LineString></Placemark><Placemark><name>Trabajado - Cuartel 2 - Hilera 3224</name><Style><LineStyle><color>ff00ff00</color><width>3</width></LineStyle></Style><LineString><coordinates>-70.5728033,-33.712625,0 -70.5730933,-33.7129366,0</coordinates></LineString></Placemark><Placemark><name>Trabajado - Cuartel 2 - Hilera 3225</name><Style><LineStyle><color>ff00ff00</color><width>3</width></LineStyle></Style><LineString><coordinates>-70.5730933,-33.7129366,0 -70.57312,-33.7113433,0</coordinates></LineString></Placemark><Placemark><name>Trabajado - Cuartel 2 - Hilera 3228</name><Style><LineStyle><color>ff00ff00</color><width>3</width></LineStyle></Style><LineString><coordinates>-70.5728616,-33.7109166,0 -70.5729233,-33.7125133,0</coordinates></LineString></Placemark><Placemark><name>Trabajado - Cuartel 2 - Hilera 3229</name><Style><LineStyle><color>ff00ff00</color><width>3</width></LineStyle></Style><LineString><coordinates>-70.5729233,-33.7125133,0 -70.572875,-33.712595,0</coordinates></LineString></Placemark><Placemark><name>Trabajado - Cuartel 2 - Hilera 3230</name><Style><LineStyle><color>ff00ff00</color><width>3</width></LineStyle></Style><LineString><coordinates>-70.572875,-33.712595,0 -70.5729133,-33.7127733,0</coordinates></LineString></Placemark><Placemark><name>Trabajado - Cuartel 2 - Hilera 3231</name><Style><LineStyle><color>ff00ff00</color><width>3</width></LineStyle></Style><LineString><coordinates>-70.5729133,-33.7127733,0 -70.573365,-33.7129583,0</coordinates></LineString></Placemark><Placemark><name>Trabajado - Cuartel 2 - Hilera 3232</name><Style><LineStyle><color>ff00ff00</color><width>3</width></LineStyle></Style><LineString><coordinates>-70.5733916,-33.7129233,0 -70.57344,-33.71284,0</coordinates></LineString></Placemark><Placemark><name>Trabajado - Cuartel 2 - Hilera 3233</name><Style><LineStyle><color>ff00ff00</color><width>3</width></LineStyle></Style><LineString><coordinates>-70.57344,-33.71284,0 -70.5734066,-33.712755,0</coordinates></LineString></Placemark><Placemark><name>Trabajado - Cuartel 2 - Hilera 3234</name><Style><LineStyle><color>ff00ff00</color><width>3</width></LineStyle></Style><LineString><coordinates>-70.57344,-33.7127066,0 -70.573395,-33.7126233,0</coordinates></LineString></Placemark><Placemark><name>Trabajado - Cuartel 2 - Hilera 3235</name><Style><LineStyle><color>ff00ff00</color><width>3</width></LineStyle></Style><LineString><coordinates>-70.573395,-33.7126233,0 -70.573345,-33.7110083,0</coordinates></LineString></Placemark><Placemark><name>Trabajado - Cuartel 2 - Hilera 3238</name><Style><LineStyle><color>ff00ff00</color><width>3</width></LineStyle></Style><LineString><coordinates>-70.5731716,-33.711435,0 -70.57321198043697,-33.71296817694279,0</coordinates></LineString></Placemark><Placemark><name>Trabajado - Cuartel 2 - Hilera 3240</name><Style><LineStyle><color>ff00ff00</color><width>3</width></LineStyle></Style><LineString><coordinates>-70.5734766,-33.7128216,0 -70.5736833,-33.7110916,0</coordinates></LineString></Placemark><Placemark><name>Trabajado - Cuartel 2 - Hilera 3243</name><Style><LineStyle><color>ff00ff00</color><width>3</width></LineStyle></Style><LineString><coordinates>-70.5734766,-33.7112166,0 -70.57348327163487,-33.71267328475906,0</coordinates></LineString></Placemark><Placemark><name>Trabajado - Cuartel 2 - Hilera 3244</name><Style><LineStyle><color>ff00ff00</color><width>3</width></LineStyle></Style><LineString><coordinates>-70.5734783,-33.7126733,0 -70.5734183,-33.7128816,0</coordinates></LineString></Placemark><Placemark><name>Trabajado - Cuartel 2 - Hilera 3245</name><Style><LineStyle><color>ff00ff00</color><width>3</width></LineStyle></Style><LineString><coordinates>-70.5731783,-33.71298,0 -70.5725316,-33.7124966,0</coordinates></LineString></Placemark><Placemark><name>Trabajado - Cuartel 2 - Hilera 3250</name><Style><LineStyle><color>ff00ff00</color><width>3</width></LineStyle></Style><LineString><coordinates>-70.57254,-33.7125266,0 -70.5731849,-33.7130316,0</coordinates></LineString></Placemark><Placemark><name>Trabajado - Cuartel 2 - Hilera 3251</name><Style><LineStyle><color>ff00ff00</color><width>3</width></LineStyle></Style><LineString><coordinates>-70.5731849,-33.7130316,0 -70.573275,-33.7130233,0</coordinates></LineString></Placemark><Placemark><name>Trabajado - Cuartel 2 - Hilera 3252</name><Style><LineStyle><color>ff00ff00</color><width>3</width></LineStyle></Style><LineString><coordinates>-70.573275,-33.7130233,0 -70.5739666,-33.7111049,0</coordinates></LineString></Placemark><Placemark><name>Trabajado - Cuartel 2 - Hilera 3254</name><Style><LineStyle><color>ff00ff00</color><width>3</width></LineStyle></Style><LineString><coordinates>-70.5737716,-33.7110449,0 -70.573765,-33.7123083,0</coordinates></LineString></Placemark><Placemark><name>Trabajado - Cuartel 2 - Hilera 3255</name><Style><LineStyle><color>ff00ff00</color><width>3</width></LineStyle></Style><LineString><coordinates>-70.573765,-33.7123083,0 -70.5740233,-33.7120783,0</coordinates></LineString></Placemark><Placemark><name>Trabajado - Cuartel 2 - Hilera 3256</name><Style><LineStyle><color>ff00ff00</color><width>3</width></LineStyle></Style><LineString><coordinates>-70.5740233,-33.7120783,0 -70.5741033,-33.7111283,0</coordinates></LineString></Placemark><Placemark><name>Trabajado - Cuartel 2 - Hilera 3258</name><Style><LineStyle><color>ff00ff00</color><width>3</width></LineStyle></Style><LineString><coordinates>-70.574265,-33.711165,0 -70.5742883,-33.7113466,0</coordinates></LineString></Placemark><Placemark><name>Trabajado - Cuartel 2 - Hilera 3259</name><Style><LineStyle><color>ff00ff00</color><width>3</width></LineStyle></Style><LineString><coordinates>-70.5742883,-33.7113466,0 -70.5742566,-33.7114333,0</coordinates></LineString></Placemark><Placemark><name>Trabajado - Cuartel 2 - Hilera 3260</name><Style><LineStyle><color>ff00ff00</color><width>3</width></LineStyle></Style><LineString><coordinates>-70.5742566,-33.7114333,0 -70.5743016,-33.7116983,0</coordinates></LineString></Placemark><Placemark><name>Trabajado - Cuartel 2 - Hilera 3261</name><Style><LineStyle><color>ff00ff00</color><width>3</width></LineStyle></Style><LineString><coordinates>-70.5743016,-33.7116983,0 -70.5744983,-33.7113016,0</coordinates></LineString></Placemark><Placemark><name>Trabajado - Cuartel 2 - Hilera 3263</name><Style><LineStyle><color>ff00ff00</color><width>3</width></LineStyle></Style><LineString><coordinates>-70.574365,-33.7111816,0 -70.5743216,-33.7116716,0</coordinates></LineString></Placemark><Placemark><name>Trabajado - Cuartel 2 - Hilera 3264</name><Style><LineStyle><color>ff00ff00</color><width>3</width></LineStyle></Style><LineString><coordinates>-70.5743216,-33.7116716,0 -70.5732599,-33.7130199,0</coordinates></LineString></Placemark><Placemark><name>Trabajado - Cuartel 2 - Hilera 3265</name><Style><LineStyle><color>ff00ff00</color><width>3</width></LineStyle></Style><LineString><coordinates>-70.5732599,-33.7130199,0 -70.5731433,-33.7130066,0</coordinates></LineString></Placemark><Placemark><name>Trabajado - Cuartel 2 - Hilera 3266</name><Style><LineStyle><color>ff00ff00</color><width>3</width></LineStyle></Style><LineString><coordinates>-70.5731083,-33.71301,0 -70.5727733,-33.7108983,0</coordinates></LineString></Placemark><Placemark><name>Trabajado - Cuartel 2 - Hilera 3300</name><Style><LineStyle><color>ff00ff00</color><width>3</width></LineStyle></Style><LineString><coordinates>-70.5693366,-33.7111983,0 -70.56943,-33.714015,0</coordinates></LineString></Placemark><Placemark><name>Trabajado - Cuartel 2 - Hilera 3304</name><Style><LineStyle><color>ff00ff00</color><width>3</width></LineStyle></Style><LineString><coordinates>-70.569755,-33.7139383,0 -70.5696099,-33.7108416,0</coordinates></LineString></Placemark><Placemark><name>Trabajado - Cuartel 2 - Hilera 3327</name><Style><LineStyle><color>ff00ff00</color><width>3</width></LineStyle></Style><LineString><coordinates>-70.5677666,-33.7115416,0 -70.5688766,-33.7140366,0</coordinates></LineString></Placemark><Placemark><name>Trabajado - Cuartel 2 - Hilera 3329</name><Style><LineStyle><color>ff00ff00</color><width>3</width></LineStyle></Style><LineString><coordinates>-70.5688599,-33.7140333,0 -70.5677566,-33.7113666,0</coordinates></LineString></Placemark><Placemark><name>Descartado (grupo chico) - Hilera 3</name><Style><LineStyle><color>ff00ffff</color><width>3</width></LineStyle></Style><LineString><coordinates>-70.566445,-33.7090749,0 -70.5665866,-33.7088833,0</coordinates></LineString></Placemark><Placemark><name>Descartado (grupo chico) - Hilera 4</name><Style><LineStyle><color>ff00ffff</color><width>3</width></LineStyle></Style><LineString><coordinates>-70.5880216,-33.6414749,0 -70.5881133,-33.6414033,0</coordinates></LineString></Placemark><Placemark><name>Descartado (grupo chico) - Hilera 3118</name><Style><LineStyle><color>ff00ffff</color><width>3</width></LineStyle></Style><LineString><coordinates>-70.5881933,-33.641435,0 -70.588135,-33.6415033,0</coordinates></LineString></Placemark><Placemark><name>Descartado (grupo chico) - Hilera 5</name><Style><LineStyle><color>ff00ffff</color><width>3</width></LineStyle></Style><LineString><coordinates>-70.5881133,-33.6414033,0 -70.5882533,-33.6413749,0</coordinates></LineString></Placemark><Placemark><name>Descartado (grupo chico) - Hilera 3117</name><Style><LineStyle><color>ff00ffff</color><width>3</width></LineStyle></Style><LineString><coordinates>-70.5882933,-33.6414083,0 -70.5881933,-33.641435,0</coordinates></LineString></Placemark><Placemark><name>Descartado (grupo chico) - Hilera 6</name><Style><LineStyle><color>ff00ffff</color><width>3</width></LineStyle></Style><LineString><coordinates>-70.7901933,-34.1807433,0 -70.78896767842241,-34.185022013528204,0</coordinates></LineString></Placemark><Placemark><name>Descartado (grupo chico) - Hilera 7</name><Style><LineStyle><color>ff00ffff</color><width>3</width></LineStyle></Style><LineString><coordinates>-70.7889916,-34.1850266,0 -70.7888466,-34.1856183,0</coordinates></LineString></Placemark><Placemark><name>Descartado (grupo chico) - Hilera 8</name><Style><LineStyle><color>ff00ffff</color><width>3</width></LineStyle></Style><LineString><coordinates>-70.7888466,-34.1856183,0 -70.78736654675316,-34.19077370230353,0</coordinates></LineString></Placemark><Placemark><name>Descartado (grupo chico) - Hilera 9</name><Style><LineStyle><color>ff00ffff</color><width>3</width></LineStyle></Style><LineString><coordinates>-70.78764644355512,-34.189780716792846,0 -70.7853583,-34.1981099,0</coordinates></LineString></Placemark><Placemark><name>Trabajado - Cuartel 10 - Hilera 10</name><Style><LineStyle><color>ff00ff00</color><width>3</width></LineStyle></Style><LineString><coordinates>-71.3100288972869,-33.98854634000386,0 -71.3097840780895,-33.989306568037854,0</coordinates></LineString></Placemark><Placemark><name>Trabajado - Cuartel 10 - Hilera 11</name><Style><LineStyle><color>ff00ff00</color><width>3</width></LineStyle></Style><LineString><coordinates>-71.3099116,-33.988845,0 -71.3101016,-33.9891766,0</coordinates></LineString></Placemark><Placemark><name>Trabajado - Cuartel 10 - Hilera 12</name><Style><LineStyle><color>ff00ff00</color><width>3</width></LineStyle></Style><LineString><coordinates>-71.30974571812256,-33.98932328741107,0 -71.3102149,-33.9891299,0</coordinates></LineString></Placemark><Placemark><name>Trabajado - Cuartel 10 - Hilera 13</name><Style><LineStyle><color>ff00ff00</color><width>3</width></LineStyle></Style><LineString><coordinates>-71.31019581047187,-33.98915499148992,0 -71.30978289745379,-33.98918846640018,0</coordinates></LineString></Placemark><Placemark><name>Trabajado - Cuartel 10 - Hilera 14</name><Style><LineStyle><color>ff00ff00</color><width>3</width></LineStyle></Style><LineString><coordinates>-71.3099083,-33.9891783,0 -71.3099833,-33.9886233,0</coordinates></LineString></Placemark><Placemark><name>Trabajado - Cuartel 10 - Hilera 69</name><Style><LineStyle><color>ff00ff00</color><width>3</width></LineStyle></Style><LineString><coordinates>-71.3099666,-33.9887583,0 -71.31019264682372,-33.9891492107956,0</coordinates></LineString></Placemark><Placemark><name>Trabajado - Cuartel 10 - Hilera 70</name><Style><LineStyle><color>ff00ff00</color><width>3</width></LineStyle></Style><LineString><coordinates>-71.3100549,-33.9889166,0 -71.3099516,-33.9888866,0</coordinates></LineString></Placemark><Placemark><name>Trabajado - Cuartel 10 - Hilera 71</name><Style><LineStyle><color>ff00ff00</color><width>3</width></LineStyle></Style><LineString><coordinates>-71.30993416813233,-33.988695760075586,0 -71.30997462992738,-33.989138726145306,0</coordinates></LineString></Placemark><Placemark><name>Trabajado - Cuartel 10 - Hilera 72</name><Style><LineStyle><color>ff00ff00</color><width>3</width></LineStyle></Style><LineString><coordinates>-71.309965,-33.9890333,0 -71.3094033,-33.9896,0</coordinates></LineString></Placemark><Placemark><name>Trabajado - Cuartel 10 - Hilera 73</name><Style><LineStyle><color>ff00ff00</color><width>3</width></LineStyle></Style><LineString><coordinates>-71.309345,-33.9895566,0 -71.3099798909282,-33.989186828360495,0</coordinates></LineString></Placemark><Placemark><name>Trabajado - Cuartel 10 - Hilera 74</name><Style><LineStyle><color>ff00ff00</color><width>3</width></LineStyle></Style><LineString><coordinates>-71.30978424229178,-33.98931296828591,0 -71.30994010948866,-33.98910160412167,0</coordinates></LineString></Placemark><Placemark><name>Trabajado - Cuartel 10 - Hilera 75</name><Style><LineStyle><color>ff00ff00</color><width>3</width></LineStyle></Style><LineString><coordinates>-71.3098983,-33.9891583,0 -71.3100099,-33.9886016,0</coordinates></LineString></Placemark><Placemark><name>Trabajado - Cuartel 10 - Hilera 134</name><Style><LineStyle><color>ff00ff00</color><width>3</width></LineStyle></Style><LineString><coordinates>-71.30992951657305,-33.98915368555242,0 -71.309327443788,-33.989595233487876,0</coordinates></LineString></Placemark><Placemark><name>Trabajado - Cuartel 10 - Hilera 135</name><Style><LineStyle><color>ff00ff00</color><width>3</width></LineStyle></Style><LineString><coordinates>-71.3094483,-33.9895066,0 -71.3094483,-33.9896033,0</coordinates></LineString></Placemark><Placemark><name>Trabajado - Cuartel 10 - Hilera 136</name><Style><LineStyle><color>ff00ff00</color><width>3</width></LineStyle></Style><LineString><coordinates>-71.30937171285287,-33.989526917892576,0 -71.3098299,-33.98931,0</coordinates></LineString></Placemark><Placemark><name>Trabajado - Cuartel 10 - Hilera 137</name><Style><LineStyle><color>ff00ff00</color><width>3</width></LineStyle></Style><LineString><coordinates>-71.30982772278495,-33.98931926323725,0 -71.30999900259825,-33.98859053157468,0</coordinates></LineString></Placemark><Placemark><name>Trabajado - Cuartel 10 - Hilera 203</name><Style><LineStyle><color>ff00ff00</color><width>3</width></LineStyle></Style><LineString><coordinates>-71.31004395455574,-33.98858338931858,0 -71.30991806508506,-33.98920089362439,0</coordinates></LineString></Placemark><Placemark><name>Trabajado - Cuartel 10 - Hilera 204</name><Style><LineStyle><color>ff00ff00</color><width>3</width></LineStyle></Style><LineString><coordinates>-71.30979667660797,-33.98931778997017,0 -71.3100533,-33.988585,0</coordinates></LineString></Placemark><Placemark><name>Trabajado - Cuartel 10 - Hilera 260</name><Style><LineStyle><color>ff00ff00</color><width>3</width></LineStyle></Style><LineString><coordinates>-71.3100033,-33.9885783,0 -71.3099416,-33.9891766,0</coordinates></LineString></Placemark><Placemark><name>Trabajado - Cuartel 10 - Hilera 261</name><Style><LineStyle><color>ff00ff00</color><width>3</width></LineStyle></Style><LineString><coordinates>-71.3099683,-33.9892016,0 -71.3101416,-33.989175,0</coordinates></LineString></Placemark><Placemark><name>Trabajado - Cuartel 10 - Hilera 262</name><Style><LineStyle><color>ff00ff00</color><width>3</width></LineStyle></Style><LineString><coordinates>-71.3103116,-33.9890833,0 -71.30968196986416,-33.989247003835324,0</coordinates></LineString></Placemark><Placemark><name>Trabajado - Cuartel 10 - Hilera 263</name><Style><LineStyle><color>ff00ff00</color><width>3</width></LineStyle></Style><LineString><coordinates>-71.31019552208221,-33.989105656181685,0 -71.30970572009079,-33.989320255764824,0</coordinates></LineString></Placemark><Placemark><name>Trabajado - Cuartel 10 - Hilera 324</name><Style><LineStyle><color>ff00ff00</color><width>3</width></LineStyle></Style><LineString><coordinates>-71.30993969126979,-33.98909169793892,0 -71.30969361157626,-33.989246500270696,0</coordinates></LineString></Placemark><Placemark><name>Trabajado - Cuartel 10 - Hilera 325</name><Style><LineStyle><color>ff00ff00</color><width>3</width></LineStyle></Style><LineString><coordinates>-71.30972,-33.9892299,0 -71.309835,-33.9892649,0</coordinates></LineString></Placemark><Placemark><name>Trabajado - Cuartel 10 - Hilera 326</name><Style><LineStyle><color>ff00ff00</color><width>3</width></LineStyle></Style><LineString><coordinates>-71.30939926310042,-33.9896107527377,0 -71.3094566,-33.9895049,0</coordinates></LineString></Placemark><Placemark><name>Trabajado - Cuartel 10 - Hilera 387</name><Style><LineStyle><color>ff00ff00</color><width>3</width></LineStyle></Style><LineString><coordinates>-71.30993112701401,-33.98866825322821,0 -71.3099151151582,-33.9891661741471,0</coordinates></LineString></Placemark><Placemark><name>Trabajado - Cuartel 10 - Hilera 388</name><Style><LineStyle><color>ff00ff00</color><width>3</width></LineStyle></Style><LineString><coordinates>-71.3096599,-33.9892533,0 -71.3097766,-33.9892716,0</coordinates></LineString></Placemark><Placemark><name>Trabajado - Cuartel 10 - Hilera 389</name><Style><LineStyle><color>ff00ff00</color><width>3</width></LineStyle></Style><LineString><coordinates>-71.3097516,-33.9893,0 -71.31005468110851,-33.988551974555364,0</coordinates></LineString></Placemark><Placemark><name>Trabajado - Cuartel 10 - Hilera 454</name><Style><LineStyle><color>ff00ff00</color><width>3</width></LineStyle></Style><LineString><coordinates>-71.31011448710589,-33.98852538384166,0 -71.30966577401212,-33.98926227045565,0</coordinates></LineString></Placemark><Placemark><name>Trabajado - Cuartel 10 - Hilera 455</name><Style><LineStyle><color>ff00ff00</color><width>3</width></LineStyle></Style><LineString><coordinates>-71.30994920806012,-33.98874018415235,0 -71.30994231082134,-33.98918160743406,0</coordinates></LineString></Placemark><Placemark><name>Trabajado - Cuartel 10 - Hilera 456</name><Style><LineStyle><color>ff00ff00</color><width>3</width></LineStyle></Style><LineString><coordinates>-71.3099433,-33.9891183,0 -71.30971173710446,-33.98924087409556,0</coordinates></LineString></Placemark><Placemark><name>Trabajado - Cuartel 10 - Hilera 477</name><Style><LineStyle><color>ff00ff00</color><width>3</width></LineStyle></Style><LineString><coordinates>-71.31002643347583,-33.98854373304833,0 -71.30985,-33.9888966,0</coordinates></LineString></Placemark><Placemark><name>Trabajado - Cuartel 10 - Hilera 478</name><Style><LineStyle><color>ff00ff00</color><width>3</width></LineStyle></Style><LineString><coordinates>-71.30985,-33.9888966,0 -71.3097049,-33.9888166,0</coordinates></LineString></Placemark><Placemark><name>Trabajado - Cuartel 10 - Hilera 479</name><Style><LineStyle><color>ff00ff00</color><width>3</width></LineStyle></Style><LineString><coordinates>-71.309675,-33.9888633,0 -71.3095666,-33.98888,0</coordinates></LineString></Placemark><Placemark><name>Trabajado - Cuartel 10 - Hilera 480</name><Style><LineStyle><color>ff00ff00</color><width>3</width></LineStyle></Style><LineString><coordinates>-71.3095666,-33.98888,0 -71.3096633,-33.9889216,0</coordinates></LineString></Placemark><Placemark><name>Trabajado - Cuartel 10 - Hilera 481</name><Style><LineStyle><color>ff00ff00</color><width>3</width></LineStyle></Style><LineString><coordinates>-71.30958,-33.988865,0 -71.3096183,-33.98895,0</coordinates></LineString></Placemark><Placemark><name>Trabajado - Cuartel 10 - Hilera 482</name><Style><LineStyle><color>ff00ff00</color><width>3</width></LineStyle></Style><LineString><coordinates>-71.3096183,-33.98895,0 -71.3095733,-33.9886799,0</coordinates></LineString></Placemark><Placemark><name>Trabajado - Cuartel 10 - Hilera 505</name><Style><LineStyle><color>ff00ff00</color><width>3</width></LineStyle></Style><LineString><coordinates>-71.30969279501282,-33.989265761651,0 -71.30999590810072,-33.988895290099116,0</coordinates></LineString></Placemark><Placemark><name>Trabajado - Cuartel 10 - Hilera 506</name><Style><LineStyle><color>ff00ff00</color><width>3</width></LineStyle></Style><LineString><coordinates>-71.3097916,-33.989145,0 -71.310125,-33.989145,0</coordinates></LineString></Placemark><Placemark><name>Trabajado - Cuartel 10 - Hilera 542</name><Style><LineStyle><color>ff00ff00</color><width>3</width></LineStyle></Style><LineString><coordinates>-71.3097266,-33.9893183,0 -71.30991,-33.9891233,0</coordinates></LineString></Placemark><Placemark><name>Trabajado - Cuartel 10 - Hilera 565</name><Style><LineStyle><color>ff00ff00</color><width>3</width></LineStyle></Style><LineString><coordinates>-71.3099383,-33.98881,0 -71.309645,-33.9888483,0</coordinates></LineString></Placemark><Placemark><name>Trabajado - Cuartel 10 - Hilera 566</name><Style><LineStyle><color>ff00ff00</color><width>3</width></LineStyle></Style><LineString><coordinates>-71.309645,-33.9888483,0 -71.3096533,-33.9889416,0</coordinates></LineString></Placemark><Placemark><name>Trabajado - Cuartel 10 - Hilera 567</name><Style><LineStyle><color>ff00ff00</color><width>3</width></LineStyle></Style><LineString><coordinates>-71.3096533,-33.9889416,0 -71.3098266,-33.989175,0</coordinates></LineString></Placemark><Placemark><name>Trabajado - Cuartel 10 - Hilera 568</name><Style><LineStyle><color>ff00ff00</color><width>3</width></LineStyle></Style><LineString><coordinates>-71.3096366,-33.98896,0 -71.309555,-33.9887533,0</coordinates></LineString></Placemark><Placemark><name>Trabajado - Cuartel 10 - Hilera 569</name><Style><LineStyle><color>ff00ff00</color><width>3</width></LineStyle></Style><LineString><coordinates>-71.309555,-33.9887533,0 -71.3095833,-33.9886466,0</coordinates></LineString></Placemark><Placemark><name>Trabajado - Cuartel 10 - Hilera 570</name><Style><LineStyle><color>ff00ff00</color><width>3</width></LineStyle></Style><LineString><coordinates>-71.3095833,-33.9886466,0 -71.3097033,-33.9885383,0</coordinates></LineString></Placemark><Placemark><name>Trabajado - Cuartel 10 - Hilera 605</name><Style><LineStyle><color>ff00ff00</color><width>3</width></LineStyle></Style><LineString><coordinates>-71.3097083,-33.9892483,0 -71.3097633,-33.98912,0</coordinates></LineString></Placemark><Placemark><name>Trabajado - Cuartel 10 - Hilera 606</name><Style><LineStyle><color>ff00ff00</color><width>3</width></LineStyle></Style><LineString><coordinates>-71.3097933,-33.9891016,0 -71.30963780910429,-33.98884178230792,0</coordinates></LineString></Placemark><Placemark><name>Trabajado - Cuartel 10 - Hilera 607</name><Style><LineStyle><color>ff00ff00</color><width>3</width></LineStyle></Style><LineString><coordinates>-71.3096133,-33.9888516,0 -71.3096016,-33.9886766,0</coordinates></LineString></Placemark><Placemark><name>Trabajado - Cuartel 10 - Hilera 608</name><Style><LineStyle><color>ff00ff00</color><width>3</width></LineStyle></Style><LineString><coordinates>-71.3096016,-33.9886766,0 -71.3097466,-33.9885316,0</coordinates></LineString></Placemark><Placemark><name>Trabajado - Cuartel 10 - Hilera 619</name><Style><LineStyle><color>ff00ff00</color><width>3</width></LineStyle></Style><LineString><coordinates>-71.3100333,-33.98856,0 -71.30995624937643,-33.989183175127,0</coordinates></LineString></Placemark><Placemark><name>Trabajado - Cuartel 10 - Hilera 621</name><Style><LineStyle><color>ff00ff00</color><width>3</width></LineStyle></Style><LineString><coordinates>-71.3102433,-33.98907,0 -71.3101133,-33.98909,0</coordinates></LineString></Placemark><Placemark><name>Trabajado - Cuartel 10 - Hilera 622</name><Style><LineStyle><color>ff00ff00</color><width>3</width></LineStyle></Style><LineString><coordinates>-71.3101133,-33.98909,0 -71.3098683,-33.989165,0</coordinates></LineString></Placemark><Placemark><name>Trabajado - Cuartel 10 - Hilera 623</name><Style><LineStyle><color>ff00ff00</color><width>3</width></LineStyle></Style><LineString><coordinates>-71.3098683,-33.989165,0 -71.3096366,-33.98889,0</coordinates></LineString></Placemark><Placemark><name>Trabajado - Cuartel 10 - Hilera 624</name><Style><LineStyle><color>ff00ff00</color><width>3</width></LineStyle></Style><LineString><coordinates>-71.3096366,-33.98889,0 -71.3099983,-33.9888966,0</coordinates></LineString></Placemark><Placemark><name>Trabajado - Cuartel 10 - Hilera 625</name><Style><LineStyle><color>ff00ff00</color><width>3</width></LineStyle></Style><LineString><coordinates>-71.3099516,-33.9889783,0 -71.3101805425861,-33.98922252621925,0</coordinates></LineString></Placemark><Placemark><name>Trabajado - Cuartel 10 - Hilera 626</name><Style><LineStyle><color>ff00ff00</color><width>3</width></LineStyle></Style><LineString><coordinates>-71.310025,-33.9890566,0 -71.3098016,-33.9889066,0</coordinates></LineString></Placemark><Placemark><name>Trabajado - Cuartel 10 - Hilera 627</name><Style><LineStyle><color>ff00ff00</color><width>3</width></LineStyle></Style><LineString><coordinates>-71.30987493884234,-33.98917142500566,0 -71.3099599,-33.9886316,0</coordinates></LineString></Placemark><Placemark><name>Trabajado - Cuartel 10 - Hilera 672</name><Style><LineStyle><color>ff00ff00</color><width>3</width></LineStyle></Style><LineString><coordinates>-71.3096933,-33.9892516,0 -71.3097466,-33.98931,0</coordinates></LineString></Placemark><Placemark><name>Trabajado - Cuartel 10 - Hilera 716</name><Style><LineStyle><color>ff00ff00</color><width>3</width></LineStyle></Style><LineString><coordinates>-71.3099766,-33.9886466,0 -71.30988299801369,-33.98894300628995,0</coordinates></LineString></Placemark><Placemark><name>Trabajado - Cuartel 10 - Hilera 717</name><Style><LineStyle><color>ff00ff00</color><width>3</width></LineStyle></Style><LineString><coordinates>-71.3098866,-33.9889316,0 -71.3099166,-33.98909,0</coordinates></LineString></Placemark><Placemark><name>Trabajado - Cuartel 10 - Hilera 718</name><Style><LineStyle><color>ff00ff00</color><width>3</width></LineStyle></Style><LineString><coordinates>-71.3098083,-33.9892816,0 -71.3094116,-33.9895483,0</coordinates></LineString></Placemark><Placemark><name>Trabajado - Cuartel 10 - Hilera 772</name><Style><LineStyle><color>ff00ff00</color><width>3</width></LineStyle></Style><LineString><coordinates>-71.3097849,-33.9891083,0 -71.30973,-33.9892966,0</coordinates></LineString></Placemark><Placemark><name>Trabajado - Cuartel 10 - Hilera 1011</name><Style><LineStyle><color>ff00ff00</color><width>3</width></LineStyle></Style><LineString><coordinates>-71.30938380507627,-33.98954391826432,0 -71.3100616,-33.9891733,0</coordinates></LineString></Placemark><Placemark><name>Trabajado - Cuartel 15 - Hilera 15</name><Style><LineStyle><color>ff00ff00</color><width>3</width></LineStyle></Style><LineString><coordinates>-71.30996269943424,-33.98863492149224,0 -71.3110233,-33.9880366,0</coordinates></LineString></Placemark><Placemark><name>Trabajado - Cuartel 15 - Hilera 68</name><Style><LineStyle><color>ff00ff00</color><width>3</width></LineStyle></Style><LineString><coordinates>-71.31107071502406,-33.98805427910172,0 -71.31000208394994,-33.98857663482986,0</coordinates></LineString></Placemark><Placemark><name>Trabajado - Cuartel 15 - Hilera 76</name><Style><LineStyle><color>ff00ff00</color><width>3</width></LineStyle></Style><LineString><coordinates>-71.3100099,-33.9886016,0 -71.31104547515059,-33.988069869415895,0</coordinates></LineString></Placemark><Placemark><name>Trabajado - Cuartel 15 - Hilera 138</name><Style><LineStyle><color>ff00ff00</color><width>3</width></LineStyle></Style><LineString><coordinates>-71.30996419367997,-33.98865672815515,0 -71.3110183,-33.988025,0</coordinates></LineString></Placemark><Placemark><name>Trabajado - Cuartel 15 - Hilera 202</name><Style><LineStyle><color>ff00ff00</color><width>3</width></LineStyle></Style><LineString><coordinates>-71.3110049,-33.988135,0 -71.31001483846556,-33.988599966502655,0</coordinates></LineString></Placemark><Placemark><name>Trabajado - Cuartel 15 - Hilera 264</name><Style><LineStyle><color>ff00ff00</color><width>3</width></LineStyle></Style><LineString><coordinates>-71.30997442812514,-33.988653931667166,0 -71.31102999690113,-33.98807885326785,0</coordinates></LineString></Placemark><Placemark><name>Trabajado - Cuartel 15 - Hilera 386</name><Style><LineStyle><color>ff00ff00</color><width>3</width></LineStyle></Style><LineString><coordinates>-71.3110233,-33.988075,0 -71.30993,-33.9887033,0</coordinates></LineString></Placemark><Placemark><name>Trabajado - Cuartel 15 - Hilera 457</name><Style><LineStyle><color>ff00ff00</color><width>3</width></LineStyle></Style><LineString><coordinates>-71.3099320989082,-33.988666864254974,0 -71.3110188680901,-33.98805833436611,0</coordinates></LineString></Placemark><Placemark><name>Trabajado - Cuartel 15 - Hilera 483</name><Style><LineStyle><color>ff00ff00</color><width>3</width></LineStyle></Style><LineString><coordinates>-71.3095733,-33.9886799,0 -71.3109966,-33.988075,0</coordinates></LineString></Placemark><Placemark><name>Trabajado - Cuartel 15 - Hilera 541</name><Style><LineStyle><color>ff00ff00</color><width>3</width></LineStyle></Style><LineString><coordinates>-71.3110133,-33.9881116,0 -71.3099316,-33.98874,0</coordinates></LineString></Placemark><Placemark><name>Trabajado - Cuartel 15 - Hilera 543</name><Style><LineStyle><color>ff00ff00</color><width>3</width></LineStyle></Style><LineString><coordinates>-71.3099783,-33.9886749,0 -71.3110266,-33.9880116,0</coordinates></LineString></Placemark><Placemark><name>Trabajado - Cuartel 15 - Hilera 571</name><Style><LineStyle><color>ff00ff00</color><width>3</width></LineStyle></Style><LineString><coordinates>-71.3097033,-33.9885383,0 -71.3109933,-33.9880516,0</coordinates></LineString></Placemark><Placemark><name>Trabajado - Cuartel 15 - Hilera 609</name><Style><LineStyle><color>ff00ff00</color><width>3</width></LineStyle></Style><LineString><coordinates>-71.3097466,-33.9885316,0 -71.3110233,-33.9880716,0</coordinates></LineString></Placemark><Placemark><name>Trabajado - Cuartel 15 - Hilera 673</name><Style><LineStyle><color>ff00ff00</color><width>3</width></LineStyle></Style><LineString><coordinates>-71.309975,-33.9886983,0 -71.310995,-33.988075,0</coordinates></LineString></Placemark><Placemark><name>Trabajado - Cuartel 16 - Hilera 16</name><Style><LineStyle><color>ff00ff00</color><width>3</width></LineStyle></Style><LineString><coordinates>-71.31104674009354,-33.98807726067729,0 -71.3102816,-33.98675,0</coordinates></LineString></Placemark><Placemark><name>Trabajado - Cuartel 16 - Hilera 78</name><Style><LineStyle><color>ff00ff00</color><width>3</width></LineStyle></Style><LineString><coordinates>-71.3110033,-33.98804,0 -71.31023697225993,-33.986779748487194,0</coordinates></LineString></Placemark><Placemark><name>Trabajado - Cuartel 16 - Hilera 133</name><Style><LineStyle><color>ff00ff00</color><width>3</width></LineStyle></Style><LineString><coordinates>-71.30978685566463,-33.98612234762027,0 -71.3110233,-33.988015,0</coordinates></LineString></Placemark><Placemark><name>Trabajado - Cuartel 16 - Hilera 259</name><Style><LineStyle><color>ff00ff00</color><width>3</width></LineStyle></Style><LineString><coordinates>-71.3109816,-33.9879333,0 -71.31101,-33.98806,0</coordinates></LineString></Placemark><Placemark><name>Trabajado - Cuartel 16 - Hilera 390</name><Style><LineStyle><color>ff00ff00</color><width>3</width></LineStyle></Style><LineString><coordinates>-71.31102640184558,-33.988085154322,0 -71.3100066,-33.9863316,0</coordinates></LineString></Placemark><Placemark><name>Trabajado - Cuartel 16 - Hilera 398</name><Style><LineStyle><color>ff00ff00</color><width>3</width></LineStyle></Style><LineString><coordinates>-71.310305,-33.986545,0 -71.3104533,-33.986635,0</coordinates></LineString></Placemark><Placemark><name>Trabajado - Cuartel 16 - Hilera 458</name><Style><LineStyle><color>ff00ff00</color><width>3</width></LineStyle></Style><LineString><coordinates>-71.31034,-33.986675,0 -71.30904,-33.9853716,0</coordinates></LineString></Placemark><Placemark><name>Trabajado - Cuartel 16 - Hilera 475</name><Style><LineStyle><color>ff00ff00</color><width>3</width></LineStyle></Style><LineString><coordinates>-71.3094716,-33.9858533,0 -71.31029,-33.9866533,0</coordinates></LineString></Placemark><Placemark><name>Trabajado - Cuartel 16 - Hilera 484</name><Style><LineStyle><color>ff00ff00</color><width>3</width></LineStyle></Style><LineString><coordinates>-71.3102916,-33.986695,0 -71.3098133,-33.9862533,0</coordinates></LineString></Placemark><Placemark><name>Trabajado - Cuartel 16 - Hilera 504</name><Style><LineStyle><color>ff00ff00</color><width>3</width></LineStyle></Style><LineString><coordinates>-71.31027212500257,-33.986793773338,0 -71.3110583,-33.9880316,0</coordinates></LineString></Placemark><Placemark><name>Trabajado - Cuartel 16 - Hilera 572</name><Style><LineStyle><color>ff00ff00</color><width>3</width></LineStyle></Style><LineString><coordinates>-71.31099,-33.9880049,0 -71.310395,-33.98713,0</coordinates></LineString></Placemark><Placemark><name>Trabajado - Cuartel 16 - Hilera 574</name><Style><LineStyle><color>ff00ff00</color><width>3</width></LineStyle></Style><LineString><coordinates>-71.3103766,-33.9873116,0 -71.3104366,-33.9873799,0</coordinates></LineString></Placemark><Placemark><name>Trabajado - Cuartel 16 - Hilera 577</name><Style><LineStyle><color>ff00ff00</color><width>3</width></LineStyle></Style><LineString><coordinates>-71.3105466,-33.9871983,0 -71.3102483,-33.9868033,0</coordinates></LineString></Placemark><Placemark><name>Trabajado - Cuartel 16 - Hilera 610</name><Style><LineStyle><color>ff00ff00</color><width>3</width></LineStyle></Style><LineString><coordinates>-71.3110299,-33.988035,0 -71.31026052524044,-33.98678585916646,0</coordinates></LineString></Placemark><Placemark><name>Trabajado - Cuartel 16 - Hilera 648</name><Style><LineStyle><color>ff00ff00</color><width>3</width></LineStyle></Style><LineString><coordinates>-71.30979703209597,-33.98611794458064,0 -71.3110799,-33.9880133,0</coordinates></LineString></Placemark><Placemark><name>Trabajado - Cuartel 16 - Hilera 671</name><Style><LineStyle><color>ff00ff00</color><width>3</width></LineStyle></Style><LineString><coordinates>-71.310195,-33.9865549,0 -71.3103333,-33.9866483,0</coordinates></LineString></Placemark><Placemark><name>Trabajado - Cuartel 16 - Hilera 696</name><Style><LineStyle><color>ff00ff00</color><width>3</width></LineStyle></Style><LineString><coordinates>-71.3109816,-33.9881016,0 -71.3109816,-33.9879983,0</coordinates></LineString></Placemark><Placemark><name>Trabajado - Cuartel 16 - Hilera 697</name><Style><LineStyle><color>ff00ff00</color><width>3</width></LineStyle></Style><LineString><coordinates>-71.3109816,-33.988025,0 -71.310245,-33.986885,0</coordinates></LineString></Placemark><Placemark><name>Trabajado - Cuartel 17 - Hilera 17</name><Style><LineStyle><color>ff00ff00</color><width>3</width></LineStyle></Style><LineString><coordinates>-71.31021061356616,-33.986820986433834,0 -71.3103816,-33.98665,0</coordinates></LineString></Placemark><Placemark><name>Trabajado - Cuartel 17 - Hilera 66</name><Style><LineStyle><color>ff00ff00</color><width>3</width></LineStyle></Style><LineString><coordinates>-71.31033622287573,-33.986648292495616,0 -71.31023200844092,-33.986881107542985,0</coordinates></LineString></Placemark><Placemark><name>Trabajado - Cuartel 17 - Hilera 476</name><Style><LineStyle><color>ff00ff00</color><width>3</width></LineStyle></Style><LineString><coordinates>-71.31029,-33.9866533,0 -71.3102773824242,-33.986883570758344,0</coordinates></LineString></Placemark><Placemark><name>Trabajado - Cuartel 17 - Hilera 573</name><Style><LineStyle><color>ff00ff00</color><width>3</width></LineStyle></Style><LineString><coordinates>-71.31036,-33.9871549,0 -71.3103766,-33.9873116,0</coordinates></LineString></Placemark><Placemark><name>Trabajado - Cuartel 17 - Hilera 576</name><Style><LineStyle><color>ff00ff00</color><width>3</width></LineStyle></Style><LineString><coordinates>-71.31053,-33.9873416,0 -71.3105466,-33.9871983,0</coordinates></LineString></Placemark><Placemark><name>Trabajado - Cuartel 18 - Hilera 18</name><Style><LineStyle><color>ff00ff00</color><width>3</width></LineStyle></Style><LineString><coordinates>-71.31032745692933,-33.986660347240836,0 -71.31206431630662,-33.98632841737321,0</coordinates></LineString></Placemark><Placemark><name>Trabajado - Cuartel 18 - Hilera 132</name><Style><LineStyle><color>ff00ff00</color><width>3</width></LineStyle></Style><LineString><coordinates>-71.312175,-33.9863,0 -71.3103016,-33.9867049,0</coordinates></LineString></Placemark><Placemark><name>Trabajado - Cuartel 18 - Hilera 139</name><Style><LineStyle><color>ff00ff00</color><width>3</width></LineStyle></Style><LineString><coordinates>-71.31025,-33.9868049,0 -71.3120366,-33.9863416,0</coordinates></LineString></Placemark><Placemark><name>Trabajado - Cuartel 18 - Hilera 205</name><Style><LineStyle><color>ff00ff00</color><width>3</width></LineStyle></Style><LineString><coordinates>-71.310355758043,-33.98668542587392,0 -71.3118966,-33.9863833,0</coordinates></LineString></Placemark><Placemark><name>Trabajado - Cuartel 18 - Hilera 403</name><Style><LineStyle><color>ff00ff00</color><width>3</width></LineStyle></Style><LineString><coordinates>-71.3105633,-33.9866416,0 -71.310925,-33.9865033,0</coordinates></LineString></Placemark><Placemark><name>Trabajado - Cuartel 18 - Hilera 407</name><Style><LineStyle><color>ff00ff00</color><width>3</width></LineStyle></Style><LineString><coordinates>-71.3110766,-33.98644,0 -71.3111866,-33.9864333,0</coordinates></LineString></Placemark><Placemark><name>Trabajado - Cuartel 18 - Hilera 410</name><Style><LineStyle><color>ff00ff00</color><width>3</width></LineStyle></Style><LineString><coordinates>-71.3116283,-33.98636,0 -71.3120945283209,-33.98629775851916,0</coordinates></LineString></Placemark><Placemark><name>Trabajado - Cuartel 19 - Hilera 19</name><Style><LineStyle><color>ff00ff00</color><width>3</width></LineStyle></Style><LineString><coordinates>-71.3118033,-33.9863783,0 -71.3146316,-33.9831233,0</coordinates></LineString></Placemark><Placemark><name>Trabajado - Cuartel 19 - Hilera 79</name><Style><LineStyle><color>ff00ff00</color><width>3</width></LineStyle></Style><LineString><coordinates>-71.3120083,-33.9863416,0 -71.3143716,-33.984325,0</coordinates></LineString></Placemark><Placemark><name>Trabajado - Cuartel 19 - Hilera 131</name><Style><LineStyle><color>ff00ff00</color><width>3</width></LineStyle></Style><LineString><coordinates>-71.3145133,-33.983295,0 -71.312175,-33.9863,0</coordinates></LineString></Placemark><Placemark><name>Trabajado - Cuartel 19 - Hilera 140</name><Style><LineStyle><color>ff00ff00</color><width>3</width></LineStyle></Style><LineString><coordinates>-71.3120366,-33.9863416,0 -71.3144266,-33.9840383,0</coordinates></LineString></Placemark><Placemark><name>Trabajado - Cuartel 19 - Hilera 201</name><Style><LineStyle><color>ff00ff00</color><width>3</width></LineStyle></Style><LineString><coordinates>-71.3142633,-33.9845416,0 -71.310315,-33.9867133,0</coordinates></LineString></Placemark><Placemark><name>Trabajado - Cuartel 19 - Hilera 342</name><Style><LineStyle><color>ff00ff00</color><width>3</width></LineStyle></Style><LineString><coordinates>-71.309825,-33.9824483,0 -71.3083233,-33.9842516,0</coordinates></LineString></Placemark><Placemark><name>Trabajado - Cuartel 19 - Hilera 345</name><Style><LineStyle><color>ff00ff00</color><width>3</width></LineStyle></Style><LineString><coordinates>-71.3086683,-33.984065,0 -71.3099783,-33.9824916,0</coordinates></LineString></Placemark><Placemark><name>Trabajado - Cuartel 19 - Hilera 349</name><Style><LineStyle><color>ff00ff00</color><width>3</width></LineStyle></Style><LineString><coordinates>-71.3085033,-33.984685,0 -71.31018304303214,-33.98267580750092,0</coordinates></LineString></Placemark><Placemark><name>Trabajado - Cuartel 19 - Hilera 351</name><Style><LineStyle><color>ff00ff00</color><width>3</width></LineStyle></Style><LineString><coordinates>-71.31163594809199,-33.981025955586425,0 -71.308615,-33.9847016,0</coordinates></LineString></Placemark><Placemark><name>Trabajado - Cuartel 19 - Hilera 353</name><Style><LineStyle><color>ff00ff00</color><width>3</width></LineStyle></Style><LineString><coordinates>-71.3086666,-33.98492,0 -71.31049666922013,-33.98274471282844,0</coordinates></LineString></Placemark><Placemark><name>Trabajado - Cuartel 19 - Hilera 356</name><Style><LineStyle><color>ff00ff00</color><width>3</width></LineStyle></Style><LineString><coordinates>-71.3104633,-33.9828866,0 -71.3088983,-33.9847616,0</coordinates></LineString></Placemark><Placemark><name>Trabajado - Cuartel 19 - Hilera 359</name><Style><LineStyle><color>ff00ff00</color><width>3</width></LineStyle></Style><LineString><coordinates>-71.3089283,-33.9850416,0 -71.31210895471668,-33.98128980873928,0</coordinates></LineString></Placemark><Placemark><name>Trabajado - Cuartel 19 - Hilera 361</name><Style><LineStyle><color>ff00ff00</color><width>3</width></LineStyle></Style><LineString><coordinates>-71.3108716,-33.9830266,0 -71.3105899,-33.9834183,0</coordinates></LineString></Placemark><Placemark><name>Trabajado - Cuartel 19 - Hilera 362</name><Style><LineStyle><color>ff00ff00</color><width>3</width></LineStyle></Style><LineString><coordinates>-71.3105899,-33.9834183,0 -71.3102366,-33.9837633,0</coordinates></LineString></Placemark><Placemark><name>Trabajado - Cuartel 19 - Hilera 365</name><Style><LineStyle><color>ff00ff00</color><width>3</width></LineStyle></Style><LineString><coordinates>-71.310165,-33.9838833,0 -71.30899224407968,-33.98531501310596,0</coordinates></LineString></Placemark><Placemark><name>Trabajado - Cuartel 19 - Hilera 366</name><Style><LineStyle><color>ff00ff00</color><width>3</width></LineStyle></Style><LineString><coordinates>-71.30902371009006,-33.98536253638143,0 -71.31151318481761,-33.98236771788633,0</coordinates></LineString></Placemark><Placemark><name>Trabajado - Cuartel 19 - Hilera 369</name><Style><LineStyle><color>ff00ff00</color><width>3</width></LineStyle></Style><LineString><coordinates>-71.3096883,-33.98248,0 -71.3098196418903,-33.98232717361292,0</coordinates></LineString></Placemark><Placemark><name>Trabajado - Cuartel 19 - Hilera 371</name><Style><LineStyle><color>ff00ff00</color><width>3</width></LineStyle></Style><LineString><coordinates>-71.3111216,-33.9831866,0 -71.3091366,-33.985575,0</coordinates></LineString></Placemark><Placemark><name>Trabajado - Cuartel 19 - Hilera 372</name><Style><LineStyle><color>ff00ff00</color><width>3</width></LineStyle></Style><LineString><coordinates>-71.3091366,-33.985575,0 -71.311245,-33.9831599,0</coordinates></LineString></Placemark><Placemark><name>Trabajado - Cuartel 19 - Hilera 374</name><Style><LineStyle><color>ff00ff00</color><width>3</width></LineStyle></Style><LineString><coordinates>-71.3113633,-33.9833133,0 -71.3093399,-33.9857966,0</coordinates></LineString></Placemark><Placemark><name>Trabajado - Cuartel 19 - Hilera 377</name><Style><LineStyle><color>ff00ff00</color><width>3</width></LineStyle></Style><LineString><coordinates>-71.3093966,-33.985835,0 -71.3114516,-33.9833716,0</coordinates></LineString></Placemark><Placemark><name>Trabajado - Cuartel 19 - Hilera 378</name><Style><LineStyle><color>ff00ff00</color><width>3</width></LineStyle></Style><LineString><coordinates>-71.311635,-33.9834633,0 -71.3095833,-33.9859383,0</coordinates></LineString></Placemark><Placemark><name>Trabajado - Cuartel 19 - Hilera 379</name><Style><LineStyle><color>ff00ff00</color><width>3</width></LineStyle></Style><LineString><coordinates>-71.3096499,-33.9859716,0 -71.3117183,-33.983505,0</coordinates></LineString></Placemark><Placemark><name>Trabajado - Cuartel 19 - Hilera 380</name><Style><LineStyle><color>ff00ff00</color><width>3</width></LineStyle></Style><LineString><coordinates>-71.311895,-33.9835983,0 -71.30979007833585,-33.98626551390081,0</coordinates></LineString></Placemark><Placemark><name>Trabajado - Cuartel 19 - Hilera 383</name><Style><LineStyle><color>ff00ff00</color><width>3</width></LineStyle></Style><LineString><coordinates>-71.3105816,-33.9852816,0 -71.31202186962236,-33.983567826491544,0</coordinates></LineString></Placemark><Placemark><name>Trabajado - Cuartel 19 - Hilera 385</name><Style><LineStyle><color>ff00ff00</color><width>3</width></LineStyle></Style><LineString><coordinates>-71.31410708101063,-33.98471571637646,0 -71.31030282309479,-33.98673054883743,0</coordinates></LineString></Placemark><Placemark><name>Trabajado - Cuartel 19 - Hilera 392</name><Style><LineStyle><color>ff00ff00</color><width>3</width></LineStyle></Style><LineString><coordinates>-71.31250732813129,-33.983299386986374,0 -71.3105366,-33.9857983,0</coordinates></LineString></Placemark><Placemark><name>Trabajado - Cuartel 19 - Hilera 397</name><Style><LineStyle><color>ff00ff00</color><width>3</width></LineStyle></Style><LineString><coordinates>-71.3124633,-33.9839199,0 -71.31031500291637,-33.986550467857526,0</coordinates></LineString></Placemark><Placemark><name>Trabajado - Cuartel 19 - Hilera 399</name><Style><LineStyle><color>ff00ff00</color><width>3</width></LineStyle></Style><LineString><coordinates>-71.3104533,-33.986635,0 -71.3117938691899,-33.98507726826233,0</coordinates></LineString></Placemark><Placemark><name>Trabajado - Cuartel 19 - Hilera 400</name><Style><LineStyle><color>ff00ff00</color><width>3</width></LineStyle></Style><LineString><coordinates>-71.31109226562857,-33.9858936703179,0 -71.3126483,-33.9840216,0</coordinates></LineString></Placemark><Placemark><name>Trabajado - Cuartel 19 - Hilera 402</name><Style><LineStyle><color>ff00ff00</color><width>3</width></LineStyle></Style><LineString><coordinates>-71.31267284781732,-33.98412777814177,0 -71.31055363063561,-33.98663613197721,0</coordinates></LineString></Placemark><Placemark><name>Trabajado - Cuartel 19 - Hilera 404</name><Style><LineStyle><color>ff00ff00</color><width>3</width></LineStyle></Style><LineString><coordinates>-71.310925,-33.9865033,0 -71.3128766,-33.9841883,0</coordinates></LineString></Placemark><Placemark><name>Trabajado - Cuartel 19 - Hilera 408</name><Style><LineStyle><color>ff00ff00</color><width>3</width></LineStyle></Style><LineString><coordinates>-71.3111866,-33.9864333,0 -71.3131466,-33.9843083,0</coordinates></LineString></Placemark><Placemark><name>Trabajado - Cuartel 19 - Hilera 409</name><Style><LineStyle><color>ff00ff00</color><width>3</width></LineStyle></Style><LineString><coordinates>-71.3131466,-33.9843083,0 -71.3116283,-33.98636,0</coordinates></LineString></Placemark><Placemark><name>Trabajado - Cuartel 19 - Hilera 411</name><Style><LineStyle><color>ff00ff00</color><width>3</width></LineStyle></Style><LineString><coordinates>-71.3118283,-33.9863333,0 -71.3134066,-33.9844566,0</coordinates></LineString></Placemark><Placemark><name>Trabajado - Cuartel 19 - Hilera 413</name><Style><LineStyle><color>ff00ff00</color><width>3</width></LineStyle></Style><LineString><coordinates>-71.3134433,-33.9845083,0 -71.3119383,-33.98632,0</coordinates></LineString></Placemark><Placemark><name>Trabajado - Cuartel 19 - Hilera 414</name><Style><LineStyle><color>ff00ff00</color><width>3</width></LineStyle></Style><LineString><coordinates>-71.3120933,-33.9862916,0 -71.3136299,-33.9845949,0</coordinates></LineString></Placemark><Placemark><name>Trabajado - Cuartel 19 - Hilera 416</name><Style><LineStyle><color>ff00ff00</color><width>3</width></LineStyle></Style><LineString><coordinates>-71.313825,-33.9846783,0 -71.3128666,-33.98575,0</coordinates></LineString></Placemark><Placemark><name>Trabajado - Cuartel 19 - Hilera 418</name><Style><LineStyle><color>ff00ff00</color><width>3</width></LineStyle></Style><LineString><coordinates>-71.3128333,-33.985665,0 -71.3137216,-33.98462,0</coordinates></LineString></Placemark><Placemark><name>Trabajado - Cuartel 19 - Hilera 460</name><Style><LineStyle><color>ff00ff00</color><width>3</width></LineStyle></Style><LineString><coordinates>-71.3091716,-33.9848066,0 -71.3113399,-33.9821816,0</coordinates></LineString></Placemark><Placemark><name>Trabajado - Cuartel 19 - Hilera 485</name><Style><LineStyle><color>ff00ff00</color><width>3</width></LineStyle></Style><LineString><coordinates>-71.3111633,-33.983215,0 -71.31133,-33.9829883,0</coordinates></LineString></Placemark><Placemark><name>Trabajado - Cuartel 19 - Hilera 507</name><Style><LineStyle><color>ff00ff00</color><width>3</width></LineStyle></Style><LineString><coordinates>-71.31026763564948,-33.98679977660411,0 -71.3125383,-33.9840066,0</coordinates></LineString></Placemark><Placemark><name>Trabajado - Cuartel 19 - Hilera 540</name><Style><LineStyle><color>ff00ff00</color><width>3</width></LineStyle></Style><LineString><coordinates>-71.313765,-33.9849516,0 -71.3102783,-33.9867516,0</coordinates></LineString></Placemark><Placemark><name>Trabajado - Cuartel 19 - Hilera 544</name><Style><LineStyle><color>ff00ff00</color><width>3</width></LineStyle></Style><LineString><coordinates>-71.3102416,-33.986785,0 -71.312565,-33.984015,0</coordinates></LineString></Placemark><Placemark><name>Trabajado - Cuartel 19 - Hilera 578</name><Style><LineStyle><color>ff00ff00</color><width>3</width></LineStyle></Style><LineString><coordinates>-71.3120733,-33.986305,0 -71.3138866,-33.9847816,0</coordinates></LineString></Placemark><Placemark><name>Trabajado - Cuartel 19 - Hilera 647</name><Style><LineStyle><color>ff00ff00</color><width>3</width></LineStyle></Style><LineString><coordinates>-71.3114816,-33.980595,0 -71.308235,-33.9845333,0</coordinates></LineString></Placemark><Placemark><name>Trabajado - Cuartel 19 - Hilera 695</name><Style><LineStyle><color>ff00ff00</color><width>3</width></LineStyle></Style><LineString><coordinates>-71.3145049,-33.9833849,0 -71.3102816,-33.9868116,0</coordinates></LineString></Placemark><Placemark><name>Trabajado - Cuartel 19 - Hilera 698</name><Style><LineStyle><color>ff00ff00</color><width>3</width></LineStyle></Style><LineString><coordinates>-71.311805,-33.9864233,0 -71.3145716,-33.98323,0</coordinates></LineString></Placemark><Placemark><name>Trabajado - Cuartel 19 - Hilera 715</name><Style><LineStyle><color>ff00ff00</color><width>3</width></LineStyle></Style><LineString><coordinates>-71.3137966,-33.9829883,0 -71.310285,-33.9867883,0</coordinates></LineString></Placemark><Placemark><name>Trabajado - Cuartel 20 - Hilera 20</name><Style><LineStyle><color>ff00ff00</color><width>3</width></LineStyle></Style><LineString><coordinates>-71.3146316,-33.9831233,0 -71.315565,-33.9825933,0</coordinates></LineString></Placemark><Placemark><name>Trabajado - Cuartel 20 - Hilera 21</name><Style><LineStyle><color>ff00ff00</color><width>3</width></LineStyle></Style><LineString><coordinates>-71.315565,-33.9825933,0 -71.3156033,-33.9820966,0</coordinates></LineString></Placemark><Placemark><name>Trabajado - Cuartel 20 - Hilera 22</name><Style><LineStyle><color>ff00ff00</color><width>3</width></LineStyle></Style><LineString><coordinates>-71.3156033,-33.9820966,0 -71.315815,-33.9818766,0</coordinates></LineString></Placemark><Placemark><name>Trabajado - Cuartel 20 - Hilera 23</name><Style><LineStyle><color>ff00ff00</color><width>3</width></LineStyle></Style><LineString><coordinates>-71.315815,-33.9818766,0 -71.3170733,-33.9808166,0</coordinates></LineString></Placemark><Placemark><name>Trabajado - Cuartel 20 - Hilera 80</name><Style><LineStyle><color>ff00ff00</color><width>3</width></LineStyle></Style><LineString><coordinates>-71.3143716,-33.984325,0 -71.3171416,-33.9794316,0</coordinates></LineString></Placemark><Placemark><name>Trabajado - Cuartel 20 - Hilera 130</name><Style><LineStyle><color>ff00ff00</color><width>3</width></LineStyle></Style><LineString><coordinates>-71.317105,-33.9794633,0 -71.3145133,-33.983295,0</coordinates></LineString></Placemark><Placemark><name>Trabajado - Cuartel 20 - Hilera 142</name><Style><LineStyle><color>ff00ff00</color><width>3</width></LineStyle></Style><LineString><coordinates>-71.31380374558324,-33.984390500095216,0 -71.31719,-33.9793766,0</coordinates></LineString></Placemark><Placemark><name>Trabajado - Cuartel 20 - Hilera 199</name><Style><LineStyle><color>ff00ff00</color><width>3</width></LineStyle></Style><LineString><coordinates>-71.3169990157763,-33.98039158868855,0 -71.3118962609546,-33.986383106726905,0</coordinates></LineString></Placemark><Placemark><name>Trabajado - Cuartel 20 - Hilera 206</name><Style><LineStyle><color>ff00ff00</color><width>3</width></LineStyle></Style><LineString><coordinates>-71.3146533,-33.9831416,0 -71.3155683,-33.9826099,0</coordinates></LineString></Placemark><Placemark><name>Trabajado - Cuartel 20 - Hilera 207</name><Style><LineStyle><color>ff00ff00</color><width>3</width></LineStyle></Style><LineString><coordinates>-71.3155683,-33.9826099,0 -71.3156366,-33.9820716,0</coordinates></LineString></Placemark><Placemark><name>Trabajado - Cuartel 20 - Hilera 258</name><Style><LineStyle><color>ff00ff00</color><width>3</width></LineStyle></Style><LineString><coordinates>-71.3169933,-33.9804483,0 -71.31450510875116,-33.98332686080922,0</coordinates></LineString></Placemark><Placemark><name>Trabajado - Cuartel 20 - Hilera 327</name><Style><LineStyle><color>ff00ff00</color><width>3</width></LineStyle></Style><LineString><coordinates>-71.31206,-33.9863133,0 -71.3171433,-33.9794216,0</coordinates></LineString></Placemark><Placemark><name>Trabajado - Cuartel 20 - Hilera 406</name><Style><LineStyle><color>ff00ff00</color><width>3</width></LineStyle></Style><LineString><coordinates>-71.31707447652218,-33.97938588725634,0 -71.3110766,-33.98644,0</coordinates></LineString></Placemark><Placemark><name>Trabajado - Cuartel 20 - Hilera 421</name><Style><LineStyle><color>ff00ff00</color><width>3</width></LineStyle></Style><LineString><coordinates>-71.309825,-33.9823733,0 -71.3130033,-33.9786133,0</coordinates></LineString></Placemark><Placemark><name>Trabajado - Cuartel 20 - Hilera 422</name><Style><LineStyle><color>ff00ff00</color><width>3</width></LineStyle></Style><LineString><coordinates>-71.3130033,-33.9786133,0 -71.3131083,-33.9786149,0</coordinates></LineString></Placemark><Placemark><name>Trabajado - Cuartel 20 - Hilera 423</name><Style><LineStyle><color>ff00ff00</color><width>3</width></LineStyle></Style><LineString><coordinates>-71.3131083,-33.9786149,0 -71.31312,-33.9787483,0</coordinates></LineString></Placemark><Placemark><name>Trabajado - Cuartel 20 - Hilera 429</name><Style><LineStyle><color>ff00ff00</color><width>3</width></LineStyle></Style><LineString><coordinates>-71.3131783,-33.9787783,0 -71.3131166,-33.9786383,0</coordinates></LineString></Placemark><Placemark><name>Trabajado - Cuartel 20 - Hilera 430</name><Style><LineStyle><color>ff00ff00</color><width>3</width></LineStyle></Style><LineString><coordinates>-71.3131166,-33.9786383,0 -71.31300972359344,-33.97855329461797,0</coordinates></LineString></Placemark><Placemark><name>Trabajado - Cuartel 20 - Hilera 431</name><Style><LineStyle><color>ff00ff00</color><width>3</width></LineStyle></Style><LineString><coordinates>-71.31301691908637,-33.9785666237621,0 -71.31394286550055,-33.97903611771859,0</coordinates></LineString></Placemark><Placemark><name>Trabajado - Cuartel 20 - Hilera 432</name><Style><LineStyle><color>ff00ff00</color><width>3</width></LineStyle></Style><LineString><coordinates>-71.3133983,-33.97876,0 -71.3134233,-33.9788483,0</coordinates></LineString></Placemark><Placemark><name>Trabajado - Cuartel 20 - Hilera 433</name><Style><LineStyle><color>ff00ff00</color><width>3</width></LineStyle></Style><LineString><coordinates>-71.3134233,-33.9788483,0 -71.3131883,-33.9791533,0</coordinates></LineString></Placemark><Placemark><name>Trabajado - Cuartel 20 - Hilera 434</name><Style><LineStyle><color>ff00ff00</color><width>3</width></LineStyle></Style><LineString><coordinates>-71.3131883,-33.9791533,0 -71.31036,-33.9824983,0</coordinates></LineString></Placemark><Placemark><name>Trabajado - Cuartel 20 - Hilera 437</name><Style><LineStyle><color>ff00ff00</color><width>3</width></LineStyle></Style><LineString><coordinates>-71.3116483,-33.98112,0 -71.3118833,-33.98082,0</coordinates></LineString></Placemark><Placemark><name>Trabajado - Cuartel 20 - Hilera 439</name><Style><LineStyle><color>ff00ff00</color><width>3</width></LineStyle></Style><LineString><coordinates>-71.313445,-33.9789483,0 -71.3131816,-33.9786666,0</coordinates></LineString></Placemark><Placemark><name>Trabajado - Cuartel 20 - Hilera 440</name><Style><LineStyle><color>ff00ff00</color><width>3</width></LineStyle></Style><LineString><coordinates>-71.3131816,-33.9786666,0 -71.3130433,-33.9786216,0</coordinates></LineString></Placemark><Placemark><name>Trabajado - Cuartel 20 - Hilera 441</name><Style><LineStyle><color>ff00ff00</color><width>3</width></LineStyle></Style><LineString><coordinates>-71.31301363240198,-33.97857621505802,0 -71.3156961833511,-33.980126680285494,0</coordinates></LineString></Placemark><Placemark><name>Trabajado - Cuartel 20 - Hilera 442</name><Style><LineStyle><color>ff00ff00</color><width>3</width></LineStyle></Style><LineString><coordinates>-71.3136716,-33.9789466,0 -71.3127666,-33.9800733,0</coordinates></LineString></Placemark><Placemark><name>Trabajado - Cuartel 20 - Hilera 443</name><Style><LineStyle><color>ff00ff00</color><width>3</width></LineStyle></Style><LineString><coordinates>-71.31284,-33.9800066,0 -71.310595,-33.9826983,0</coordinates></LineString></Placemark><Placemark><name>Trabajado - Cuartel 20 - Hilera 447</name><Style><LineStyle><color>ff00ff00</color><width>3</width></LineStyle></Style><LineString><coordinates>-71.3104983,-33.9827749,0 -71.312995,-33.97991,0</coordinates></LineString></Placemark><Placemark><name>Trabajado - Cuartel 20 - Hilera 448</name><Style><LineStyle><color>ff00ff00</color><width>3</width></LineStyle></Style><LineString><coordinates>-71.3129983,-33.9799116,0 -71.31372448809819,-33.97900754102071,0</coordinates></LineString></Placemark><Placemark><name>Trabajado - Cuartel 20 - Hilera 449</name><Style><LineStyle><color>ff00ff00</color><width>3</width></LineStyle></Style><LineString><coordinates>-71.3136183,-33.9791666,0 -71.3136883,-33.97893,0</coordinates></LineString></Placemark><Placemark><name>Trabajado - Cuartel 20 - Hilera 450</name><Style><LineStyle><color>ff00ff00</color><width>3</width></LineStyle></Style><LineString><coordinates>-71.3136883,-33.97893,0 -71.3130466,-33.9786216,0</coordinates></LineString></Placemark><Placemark><name>Trabajado - Cuartel 20 - Hilera 451</name><Style><LineStyle><color>ff00ff00</color><width>3</width></LineStyle></Style><LineString><coordinates>-71.3130466,-33.9786216,0 -71.3130666,-33.9785333,0</coordinates></LineString></Placemark><Placemark><name>Trabajado - Cuartel 20 - Hilera 452</name><Style><LineStyle><color>ff00ff00</color><width>3</width></LineStyle></Style><LineString><coordinates>-71.31803280274366,-33.9725509713546,0 -71.30811656497039,-33.984408674725,0</coordinates></LineString></Placemark><Placemark><name>Trabajado - Cuartel 20 - Hilera 461</name><Style><LineStyle><color>ff00ff00</color><width>3</width></LineStyle></Style><LineString><coordinates>-71.3120883,-33.9812733,0 -71.31384249955765,-33.979177598645514,0</coordinates></LineString></Placemark><Placemark><name>Trabajado - Cuartel 20 - Hilera 462</name><Style><LineStyle><color>ff00ff00</color><width>3</width></LineStyle></Style><LineString><coordinates>-71.3138616,-33.9791883,0 -71.3138116,-33.9789916,0</coordinates></LineString></Placemark><Placemark><name>Trabajado - Cuartel 20 - Hilera 463</name><Style><LineStyle><color>ff00ff00</color><width>3</width></LineStyle></Style><LineString><coordinates>-71.3138116,-33.9789916,0 -71.3131333,-33.9785233,0</coordinates></LineString></Placemark><Placemark><name>Trabajado - Cuartel 20 - Hilera 464</name><Style><LineStyle><color>ff00ff00</color><width>3</width></LineStyle></Style><LineString><coordinates>-71.3131333,-33.9785233,0 -71.3130283,-33.9785516,0</coordinates></LineString></Placemark><Placemark><name>Trabajado - Cuartel 20 - Hilera 465</name><Style><LineStyle><color>ff00ff00</color><width>3</width></LineStyle></Style><LineString><coordinates>-71.313945,-33.9790333,0 -71.3140633,-33.9792616,0</coordinates></LineString></Placemark><Placemark><name>Trabajado - Cuartel 20 - Hilera 466</name><Style><LineStyle><color>ff00ff00</color><width>3</width></LineStyle></Style><LineString><coordinates>-71.3140633,-33.9792616,0 -71.3136216,-33.9797816,0</coordinates></LineString></Placemark><Placemark><name>Trabajado - Cuartel 20 - Hilera 467</name><Style><LineStyle><color>ff00ff00</color><width>3</width></LineStyle></Style><LineString><coordinates>-71.3136216,-33.9797816,0 -71.3134133,-33.9800966,0</coordinates></LineString></Placemark><Placemark><name>Trabajado - Cuartel 20 - Hilera 468</name><Style><LineStyle><color>ff00ff00</color><width>3</width></LineStyle></Style><LineString><coordinates>-71.3134133,-33.9800966,0 -71.31098604692565,-33.98289949770671,0</coordinates></LineString></Placemark><Placemark><name>Trabajado - Cuartel 20 - Hilera 471</name><Style><LineStyle><color>ff00ff00</color><width>3</width></LineStyle></Style><LineString><coordinates>-71.311465,-33.9824483,0 -71.3141799,-33.979255,0</coordinates></LineString></Placemark><Placemark><name>Trabajado - Cuartel 20 - Hilera 472</name><Style><LineStyle><color>ff00ff00</color><width>3</width></LineStyle></Style><LineString><coordinates>-71.31448752575747,-33.979459065896044,0 -71.3130416,-33.9784999,0</coordinates></LineString></Placemark><Placemark><name>Trabajado - Cuartel 20 - Hilera 473</name><Style><LineStyle><color>ff00ff00</color><width>3</width></LineStyle></Style><LineString><coordinates>-71.31301036931391,-33.978520982436486,0 -71.31559239646818,-33.980064107981846,0</coordinates></LineString></Placemark><Placemark><name>Trabajado - Cuartel 20 - Hilera 486</name><Style><LineStyle><color>ff00ff00</color><width>3</width></LineStyle></Style><LineString><coordinates>-71.31133,-33.9829883,0 -71.31311476330578,-33.98082400676172,0</coordinates></LineString></Placemark><Placemark><name>Trabajado - Cuartel 20 - Hilera 487</name><Style><LineStyle><color>ff00ff00</color><width>3</width></LineStyle></Style><LineString><coordinates>-71.3131316,-33.9808333,0 -71.3130983,-33.9809183,0</coordinates></LineString></Placemark><Placemark><name>Trabajado - Cuartel 20 - Hilera 488</name><Style><LineStyle><color>ff00ff00</color><width>3</width></LineStyle></Style><LineString><coordinates>-71.3131366,-33.98093,0 -71.3135866,-33.9803183,0</coordinates></LineString></Placemark><Placemark><name>Trabajado - Cuartel 20 - Hilera 489</name><Style><LineStyle><color>ff00ff00</color><width>3</width></LineStyle></Style><LineString><coordinates>-71.31353,-33.980395,0 -71.31403354258511,-33.97981528747675,0</coordinates></LineString></Placemark><Placemark><name>Trabajado - Cuartel 20 - Hilera 490</name><Style><LineStyle><color>ff00ff00</color><width>3</width></LineStyle></Style><LineString><coordinates>-71.3139499247309,-33.97987467241619,0 -71.3143183,-33.9794266,0</coordinates></LineString></Placemark><Placemark><name>Trabajado - Cuartel 20 - Hilera 491</name><Style><LineStyle><color>ff00ff00</color><width>3</width></LineStyle></Style><LineString><coordinates>-71.3143183,-33.9794266,0 -71.3130916,-33.9786066,0</coordinates></LineString></Placemark><Placemark><name>Trabajado - Cuartel 20 - Hilera 492</name><Style><LineStyle><color>ff00ff00</color><width>3</width></LineStyle></Style><LineString><coordinates>-71.3144433,-33.9794183,0 -71.31129862850811,-33.98313557977855,0</coordinates></LineString></Placemark><Placemark><name>Trabajado - Cuartel 20 - Hilera 498</name><Style><LineStyle><color>ff00ff00</color><width>3</width></LineStyle></Style><LineString><coordinates>-71.3124299,-33.9820283,0 -71.3129233,-33.981435,0</coordinates></LineString></Placemark><Placemark><name>Trabajado - Cuartel 20 - Hilera 500</name><Style><LineStyle><color>ff00ff00</color><width>3</width></LineStyle></Style><LineString><coordinates>-71.3130166,-33.9813883,0 -71.3145783,-33.9794266,0</coordinates></LineString></Placemark><Placemark><name>Trabajado - Cuartel 20 - Hilera 501</name><Style><LineStyle><color>ff00ff00</color><width>3</width></LineStyle></Style><LineString><coordinates>-71.3145783,-33.9794266,0 -71.3130166,-33.978535,0</coordinates></LineString></Placemark><Placemark><name>Trabajado - Cuartel 20 - Hilera 502</name><Style><LineStyle><color>ff00ff00</color><width>3</width></LineStyle></Style><LineString><coordinates>-71.314665,-33.9795116,0 -71.31156223229826,-33.98328140285864,0</coordinates></LineString></Placemark><Placemark><name>Trabajado - Cuartel 20 - Hilera 510</name><Style><LineStyle><color>ff00ff00</color><width>3</width></LineStyle></Style><LineString><coordinates>-71.31174239814057,-33.983409624495145,0 -71.3149066,-33.9795749,0</coordinates></LineString></Placemark><Placemark><name>Trabajado - Cuartel 20 - Hilera 511</name><Style><LineStyle><color>ff00ff00</color><width>3</width></LineStyle></Style><LineString><coordinates>-71.3149066,-33.9795749,0 -71.313095,-33.9785566,0</coordinates></LineString></Placemark><Placemark><name>Trabajado - Cuartel 20 - Hilera 512</name><Style><LineStyle><color>ff00ff00</color><width>3</width></LineStyle></Style><LineString><coordinates>-71.313095,-33.9785566,0 -71.3128799,-33.9786716,0</coordinates></LineString></Placemark><Placemark><name>Trabajado - Cuartel 20 - Hilera 513</name><Style><LineStyle><color>ff00ff00</color><width>3</width></LineStyle></Style><LineString><coordinates>-71.31276562470764,-33.97878316583633,0 -71.3130233,-33.9785316,0</coordinates></LineString></Placemark><Placemark><name>Trabajado - Cuartel 20 - Hilera 514</name><Style><LineStyle><color>ff00ff00</color><width>3</width></LineStyle></Style><LineString><coordinates>-71.31307,-33.9785333,0 -71.31564411387849,-33.98005112211659,0</coordinates></LineString></Placemark><Placemark><name>Trabajado - Cuartel 20 - Hilera 516</name><Style><LineStyle><color>ff00ff00</color><width>3</width></LineStyle></Style><LineString><coordinates>-71.3119066,-33.9835733,0 -71.31511283097605,-33.979798033382956,0</coordinates></LineString></Placemark><Placemark><name>Trabajado - Cuartel 20 - Hilera 517</name><Style><LineStyle><color>ff00ff00</color><width>3</width></LineStyle></Style><LineString><coordinates>-71.3132733,-33.9787233,0 -71.312865,-33.9786766,0</coordinates></LineString></Placemark><Placemark><name>Trabajado - Cuartel 20 - Hilera 518</name><Style><LineStyle><color>ff00ff00</color><width>3</width></LineStyle></Style><LineString><coordinates>-71.3128266,-33.9787333,0 -71.3131283,-33.9786066,0</coordinates></LineString></Placemark><Placemark><name>Trabajado - Cuartel 20 - Hilera 520</name><Style><LineStyle><color>ff00ff00</color><width>3</width></LineStyle></Style><LineString><coordinates>-71.3144266,-33.9807833,0 -71.31295774291426,-33.98243531717802,0</coordinates></LineString></Placemark><Placemark><name>Trabajado - Cuartel 20 - Hilera 532</name><Style><LineStyle><color>ff00ff00</color><width>3</width></LineStyle></Style><LineString><coordinates>-71.31300777318343,-33.97854830882484,0 -71.31564216199837,-33.980128608646865,0</coordinates></LineString></Placemark><Placemark><name>Trabajado - Cuartel 20 - Hilera 533</name><Style><LineStyle><color>ff00ff00</color><width>3</width></LineStyle></Style><LineString><coordinates>-71.3154166,-33.9799933,0 -71.31220299127621,-33.983752112367085,0</coordinates></LineString></Placemark><Placemark><name>Trabajado - Cuartel 20 - Hilera 536</name><Style><LineStyle><color>ff00ff00</color><width>3</width></LineStyle></Style><LineString><coordinates>-71.3124533,-33.98379,0 -71.3155516065867,-33.98007721087908,0</coordinates></LineString></Placemark><Placemark><name>Trabajado - Cuartel 20 - Hilera 537</name><Style><LineStyle><color>ff00ff00</color><width>3</width></LineStyle></Style><LineString><coordinates>-71.312795,-33.97875,0 -71.3130633,-33.9785983,0</coordinates></LineString></Placemark><Placemark><name>Trabajado - Cuartel 20 - Hilera 538</name><Style><LineStyle><color>ff00ff00</color><width>3</width></LineStyle></Style><LineString><coordinates>-71.315635,-33.9801366,0 -71.3124566,-33.9839433,0</coordinates></LineString></Placemark><Placemark><name>Trabajado - Cuartel 20 - Hilera 545</name><Style><LineStyle><color>ff00ff00</color><width>3</width></LineStyle></Style><LineString><coordinates>-71.312565,-33.984015,0 -71.31580427404461,-33.980272958453945,0</coordinates></LineString></Placemark><Placemark><name>Trabajado - Cuartel 20 - Hilera 546</name><Style><LineStyle><color>ff00ff00</color><width>3</width></LineStyle></Style><LineString><coordinates>-71.3157933,-33.9802666,0 -71.3130549,-33.978605,0</coordinates></LineString></Placemark><Placemark><name>Trabajado - Cuartel 20 - Hilera 547</name><Style><LineStyle><color>ff00ff00</color><width>3</width></LineStyle></Style><LineString><coordinates>-71.313015,-33.97865,0 -71.3130683,-33.9785816,0</coordinates></LineString></Placemark><Placemark><name>Trabajado - Cuartel 20 - Hilera 548</name><Style><LineStyle><color>ff00ff00</color><width>3</width></LineStyle></Style><LineString><coordinates>-71.3130683,-33.9785816,0 -71.31609692443546,-33.9803235168296,0</coordinates></LineString></Placemark><Placemark><name>Trabajado - Cuartel 20 - Hilera 549</name><Style><LineStyle><color>ff00ff00</color><width>3</width></LineStyle></Style><LineString><coordinates>-71.3158966,-33.9802133,0 -71.31332,-33.9834233,0</coordinates></LineString></Placemark><Placemark><name>Trabajado - Cuartel 20 - Hilera 554</name><Style><LineStyle><color>ff00ff00</color><width>3</width></LineStyle></Style><LineString><coordinates>-71.3129999,-33.98408,0 -71.31704511179431,-33.97929075863737,0</coordinates></LineString></Placemark><Placemark><name>Trabajado - Cuartel 20 - Hilera 557</name><Style><LineStyle><color>ff00ff00</color><width>3</width></LineStyle></Style><LineString><coordinates>-71.3131833,-33.9843549,0 -71.3170783,-33.9795966,0</coordinates></LineString></Placemark><Placemark><name>Trabajado - Cuartel 20 - Hilera 558</name><Style><LineStyle><color>ff00ff00</color><width>3</width></LineStyle></Style><LineString><coordinates>-71.3170683,-33.9795883,0 -71.3132233,-33.984365,0</coordinates></LineString></Placemark><Placemark><name>Trabajado - Cuartel 20 - Hilera 559</name><Style><LineStyle><color>ff00ff00</color><width>3</width></LineStyle></Style><LineString><coordinates>-71.3134799,-33.9845316,0 -71.3155283,-33.98198,0</coordinates></LineString></Placemark><Placemark><name>Trabajado - Cuartel 20 - Hilera 560</name><Style><LineStyle><color>ff00ff00</color><width>3</width></LineStyle></Style><LineString><coordinates>-71.3155283,-33.98198,0 -71.315265,-33.9822583,0</coordinates></LineString></Placemark><Placemark><name>Trabajado - Cuartel 20 - Hilera 561</name><Style><LineStyle><color>ff00ff00</color><width>3</width></LineStyle></Style><LineString><coordinates>-71.315265,-33.9822583,0 -71.3151633,-33.9829166,0</coordinates></LineString></Placemark><Placemark><name>Trabajado - Cuartel 20 - Hilera 562</name><Style><LineStyle><color>ff00ff00</color><width>3</width></LineStyle></Style><LineString><coordinates>-71.3151633,-33.9829166,0 -71.3146633,-33.9831449,0</coordinates></LineString></Placemark><Placemark><name>Trabajado - Cuartel 20 - Hilera 579</name><Style><LineStyle><color>ff00ff00</color><width>3</width></LineStyle></Style><LineString><coordinates>-71.3134933,-33.98454,0 -71.31705,-33.9801916,0</coordinates></LineString></Placemark><Placemark><name>Trabajado - Cuartel 20 - Hilera 580</name><Style><LineStyle><color>ff00ff00</color><width>3</width></LineStyle></Style><LineString><coordinates>-71.3170549,-33.9801233,0 -71.31509,-33.982425,0</coordinates></LineString></Placemark><Placemark><name>Trabajado - Cuartel 20 - Hilera 582</name><Style><LineStyle><color>ff00ff00</color><width>3</width></LineStyle></Style><LineString><coordinates>-71.3152283,-33.982735,0 -71.3150816,-33.9828733,0</coordinates></LineString></Placemark><Placemark><name>Trabajado - Cuartel 20 - Hilera 583</name><Style><LineStyle><color>ff00ff00</color><width>3</width></LineStyle></Style><LineString><coordinates>-71.3150816,-33.9828733,0 -71.3170016,-33.9805816,0</coordinates></LineString></Placemark><Placemark><name>Trabajado - Cuartel 20 - Hilera 584</name><Style><LineStyle><color>ff00ff00</color><width>3</width></LineStyle></Style><LineString><coordinates>-71.3170016,-33.9805816,0 -71.3156383,-33.9820216,0</coordinates></LineString></Placemark><Placemark><name>Trabajado - Cuartel 20 - Hilera 590</name><Style><LineStyle><color>ff00ff00</color><width>3</width></LineStyle></Style><LineString><coordinates>-71.3098683,-33.98224,0 -71.3130116,-33.9785616,0</coordinates></LineString></Placemark><Placemark><name>Trabajado - Cuartel 20 - Hilera 594</name><Style><LineStyle><color>ff00ff00</color><width>3</width></LineStyle></Style><LineString><coordinates>-71.31313,-33.9787383,0 -71.3131799,-33.9783233,0</coordinates></LineString></Placemark><Placemark><name>Trabajado - Cuartel 20 - Hilera 618</name><Style><LineStyle><color>ff00ff00</color><width>3</width></LineStyle></Style><LineString><coordinates>-71.3178,-33.9781883,0 -71.31028892135691,-33.98676589115566,0</coordinates></LineString></Placemark><Placemark><name>Trabajado - Cuartel 20 - Hilera 629</name><Style><LineStyle><color>ff00ff00</color><width>3</width></LineStyle></Style><LineString><coordinates>-71.3133616,-33.9787783,0 -71.3133716,-33.9786466,0</coordinates></LineString></Placemark><Placemark><name>Trabajado - Cuartel 20 - Hilera 633</name><Style><LineStyle><color>ff00ff00</color><width>3</width></LineStyle></Style><LineString><coordinates>-71.31367,-33.9786483,0 -71.3136383,-33.9788116,0</coordinates></LineString></Placemark><Placemark><name>Trabajado - Cuartel 20 - Hilera 638</name><Style><LineStyle><color>ff00ff00</color><width>3</width></LineStyle></Style><LineString><coordinates>-71.3137616,-33.9789816,0 -71.31293,-33.978635,0</coordinates></LineString></Placemark><Placemark><name>Trabajado - Cuartel 20 - Hilera 656</name><Style><LineStyle><color>ff00ff00</color><width>3</width></LineStyle></Style><LineString><coordinates>-71.31308,-33.9784516,0 -71.3131366,-33.9785833,0</coordinates></LineString></Placemark><Placemark><name>Trabajado - Cuartel 20 - Hilera 657</name><Style><LineStyle><color>ff00ff00</color><width>3</width></LineStyle></Style><LineString><coordinates>-71.31432,-33.9793216,0 -71.3143983,-33.9792566,0</coordinates></LineString></Placemark><Placemark><name>Trabajado - Cuartel 20 - Hilera 663</name><Style><LineStyle><color>ff00ff00</color><width>3</width></LineStyle></Style><LineString><coordinates>-71.3130483,-33.9785283,0 -71.31308330606366,-33.978621616163984,0</coordinates></LineString></Placemark><Placemark><name>Trabajado - Cuartel 20 - Hilera 680</name><Style><LineStyle><color>ff00ff00</color><width>3</width></LineStyle></Style><LineString><coordinates>-71.3131933,-33.9786316,0 -71.313125,-33.9784283,0</coordinates></LineString></Placemark><Placemark><name>Trabajado - Cuartel 20 - Hilera 681</name><Style><LineStyle><color>ff00ff00</color><width>3</width></LineStyle></Style><LineString><coordinates>-71.313125,-33.9784283,0 -71.3152383,-33.9798133,0</coordinates></LineString></Placemark><Placemark><name>Trabajado - Cuartel 20 - Hilera 694</name><Style><LineStyle><color>ff00ff00</color><width>3</width></LineStyle></Style><LineString><coordinates>-71.3170083,-33.980365,0 -71.3145049,-33.9833849,0</coordinates></LineString></Placemark><Placemark><name>Trabajado - Cuartel 20 - Hilera 699</name><Style><LineStyle><color>ff00ff00</color><width>3</width></LineStyle></Style><LineString><coordinates>-71.3145716,-33.98323,0 -71.31702,-33.9802966,0</coordinates></LineString></Placemark><Placemark><name>Trabajado - Cuartel 20 - Hilera 714</name><Style><LineStyle><color>ff00ff00</color><width>3</width></LineStyle></Style><LineString><coordinates>-71.3150983,-33.9814666,0 -71.3137983,-33.9829683,0</coordinates></LineString></Placemark><Placemark><name>Trabajado - Cuartel 24 - Hilera 24</name><Style><LineStyle><color>ff00ff00</color><width>3</width></LineStyle></Style><LineString><coordinates>-71.3170733,-33.9808166,0 -71.317085,-33.9789966,0</coordinates></LineString></Placemark><Placemark><name>Trabajado - Cuartel 24 - Hilera 257</name><Style><LineStyle><color>ff00ff00</color><width>3</width></LineStyle></Style><LineString><coordinates>-71.3170766,-33.9795483,0 -71.3169933,-33.9804483,0</coordinates></LineString></Placemark><Placemark><name>Trabajado - Cuartel 24 - Hilera 693</name><Style><LineStyle><color>ff00ff00</color><width>3</width></LineStyle></Style><LineString><coordinates>-71.3170416,-33.9790833,0 -71.3170083,-33.980365,0</coordinates></LineString></Placemark><Placemark><name>Trabajado - Cuartel 24 - Hilera 706</name><Style><LineStyle><color>ff00ff00</color><width>3</width></LineStyle></Style><LineString><coordinates>-71.3170366,-33.9791133,0 -71.3171516,-33.9793716,0</coordinates></LineString></Placemark><Placemark><name>Trabajado - Cuartel 24 - Hilera 712</name><Style><LineStyle><color>ff00ff00</color><width>3</width></LineStyle></Style><LineString><coordinates>-71.3168633,-33.9792333,0 -71.31687,-33.9793416,0</coordinates></LineString></Placemark><Placemark><name>Trabajado - Cuartel 25 - Hilera 25</name><Style><LineStyle><color>ff00ff00</color><width>3</width></LineStyle></Style><LineString><coordinates>-71.317085,-33.9789966,0 -71.3189116,-33.9770216,0</coordinates></LineString></Placemark><Placemark><name>Trabajado - Cuartel 25 - Hilera 38</name><Style><LineStyle><color>ff00ff00</color><width>3</width></LineStyle></Style><LineString><coordinates>-71.3190333,-33.97733,0 -71.3191449,-33.9773266,0</coordinates></LineString></Placemark><Placemark><name>Trabajado - Cuartel 25 - Hilera 83</name><Style><LineStyle><color>ff00ff00</color><width>3</width></LineStyle></Style><LineString><coordinates>-71.31857398825838,-33.97755566174472,0 -71.31879393646474,-33.977407270900855,0</coordinates></LineString></Placemark><Placemark><name>Trabajado - Cuartel 25 - Hilera 127</name><Style><LineStyle><color>ff00ff00</color><width>3</width></LineStyle></Style><LineString><coordinates>-71.3187866,-33.977435,0 -71.318665,-33.9774766,0</coordinates></LineString></Placemark><Placemark><name>Trabajado - Cuartel 25 - Hilera 195</name><Style><LineStyle><color>ff00ff00</color><width>3</width></LineStyle></Style><LineString><coordinates>-71.3190483,-33.9774783,0 -71.3189333,-33.9774933,0</coordinates></LineString></Placemark><Placemark><name>Trabajado - Cuartel 25 - Hilera 339</name><Style><LineStyle><color>ff00ff00</color><width>3</width></LineStyle></Style><LineString><coordinates>-71.3187416,-33.9773533,0 -71.3186549,-33.9773899,0</coordinates></LineString></Placemark><Placemark><name>Trabajado - Cuartel 25 - Hilera 340</name><Style><LineStyle><color>ff00ff00</color><width>3</width></LineStyle></Style><LineString><coordinates>-71.3185883,-33.9773916,0 -71.3178233,-33.9781116,0</coordinates></LineString></Placemark><Placemark><name>Trabajado - Cuartel 26 - Hilera 26</name><Style><LineStyle><color>ff00ff00</color><width>3</width></LineStyle></Style><LineString><coordinates>-71.3189633,-33.9770216,0 -71.32161558860984,-33.97376033650656,0</coordinates></LineString></Placemark><Placemark><name>Trabajado - Cuartel 26 - Hilera 28</name><Style><LineStyle><color>ff00ff00</color><width>3</width></LineStyle></Style><LineString><coordinates>-71.3217183,-33.973795,0 -71.3216583,-33.9739683,0</coordinates></LineString></Placemark><Placemark><name>Trabajado - Cuartel 26 - Hilera 29</name><Style><LineStyle><color>ff00ff00</color><width>3</width></LineStyle></Style><LineString><coordinates>-71.3216583,-33.9739683,0 -71.32113466107886,-33.974609507101064,0</coordinates></LineString></Placemark><Placemark><name>Trabajado - Cuartel 26 - Hilera 31</name><Style><LineStyle><color>ff00ff00</color><width>3</width></LineStyle></Style><LineString><coordinates>-71.321045,-33.974655,0 -71.320895,-33.9747933,0</coordinates></LineString></Placemark><Placemark><name>Trabajado - Cuartel 26 - Hilera 32</name><Style><LineStyle><color>ff00ff00</color><width>3</width></LineStyle></Style><LineString><coordinates>-71.320895,-33.9747933,0 -71.3206416,-33.975085,0</coordinates></LineString></Placemark><Placemark><name>Trabajado - Cuartel 26 - Hilera 33</name><Style><LineStyle><color>ff00ff00</color><width>3</width></LineStyle></Style><LineString><coordinates>-71.3206416,-33.975085,0 -71.32006762152085,-33.975887160854455,0</coordinates></LineString></Placemark><Placemark><name>Trabajado - Cuartel 26 - Hilera 34</name><Style><LineStyle><color>ff00ff00</color><width>3</width></LineStyle></Style><LineString><coordinates>-71.32025,-33.9756616,0 -71.3201616,-33.9757199,0</coordinates></LineString></Placemark><Placemark><name>Trabajado - Cuartel 26 - Hilera 35</name><Style><LineStyle><color>ff00ff00</color><width>3</width></LineStyle></Style><LineString><coordinates>-71.3203082687899,-33.975578281559976,0 -71.31945,-33.976695,0</coordinates></LineString></Placemark><Placemark><name>Trabajado - Cuartel 26 - Hilera 36</name><Style><LineStyle><color>ff00ff00</color><width>3</width></LineStyle></Style><LineString><coordinates>-71.31945,-33.976695,0 -71.318985,-33.9772283,0</coordinates></LineString></Placemark><Placemark><name>Trabajado - Cuartel 26 - Hilera 39</name><Style><LineStyle><color>ff00ff00</color><width>3</width></LineStyle></Style><LineString><coordinates>-71.3191449,-33.9773266,0 -71.3202334606696,-33.9759676669822,0</coordinates></LineString></Placemark><Placemark><name>Trabajado - Cuartel 26 - Hilera 40</name><Style><LineStyle><color>ff00ff00</color><width>3</width></LineStyle></Style><LineString><coordinates>-71.3195733,-33.9767483,0 -71.31978,-33.97652,0</coordinates></LineString></Placemark><Placemark><name>Trabajado - Cuartel 26 - Hilera 41</name><Style><LineStyle><color>ff00ff00</color><width>3</width></LineStyle></Style><LineString><coordinates>-71.3202283,-33.9759649,0 -71.32031122654946,-33.97579545873309,0</coordinates></LineString></Placemark><Placemark><name>Trabajado - Cuartel 26 - Hilera 42</name><Style><LineStyle><color>ff00ff00</color><width>3</width></LineStyle></Style><LineString><coordinates>-71.3203199,-33.9757983,0 -71.3203916,-33.9757216,0</coordinates></LineString></Placemark><Placemark><name>Trabajado - Cuartel 26 - Hilera 43</name><Style><LineStyle><color>ff00ff00</color><width>3</width></LineStyle></Style><LineString><coordinates>-71.3203916,-33.9757216,0 -71.32088667741876,-33.975076045553664,0</coordinates></LineString></Placemark><Placemark><name>Trabajado - Cuartel 26 - Hilera 44</name><Style><LineStyle><color>ff00ff00</color><width>3</width></LineStyle></Style><LineString><coordinates>-71.3208749,-33.97507,0 -71.32187517980088,-33.973897756086366,0</coordinates></LineString></Placemark><Placemark><name>Trabajado - Cuartel 26 - Hilera 46</name><Style><LineStyle><color>ff00ff00</color><width>3</width></LineStyle></Style><LineString><coordinates>-71.32202,-33.97387,0 -71.32198,-33.9739583,0</coordinates></LineString></Placemark><Placemark><name>Trabajado - Cuartel 26 - Hilera 47</name><Style><LineStyle><color>ff00ff00</color><width>3</width></LineStyle></Style><LineString><coordinates>-71.32198,-33.9739583,0 -71.3219066,-33.9740333,0</coordinates></LineString></Placemark><Placemark><name>Trabajado - Cuartel 26 - Hilera 48</name><Style><LineStyle><color>ff00ff00</color><width>3</width></LineStyle></Style><LineString><coordinates>-71.3219066,-33.9740333,0 -71.3210383684583,-33.97515421685932,0</coordinates></LineString></Placemark><Placemark><name>Trabajado - Cuartel 26 - Hilera 49</name><Style><LineStyle><color>ff00ff00</color><width>3</width></LineStyle></Style><LineString><coordinates>-71.3210366,-33.9751533,0 -71.3204233,-33.9758983,0</coordinates></LineString></Placemark><Placemark><name>Trabajado - Cuartel 26 - Hilera 50</name><Style><LineStyle><color>ff00ff00</color><width>3</width></LineStyle></Style><LineString><coordinates>-71.3204233,-33.9758983,0 -71.319915,-33.9765883,0</coordinates></LineString></Placemark><Placemark><name>Trabajado - Cuartel 26 - Hilera 51</name><Style><LineStyle><color>ff00ff00</color><width>3</width></LineStyle></Style><LineString><coordinates>-71.319915,-33.9765883,0 -71.31914,-33.9775716,0</coordinates></LineString></Placemark><Placemark><name>Trabajado - Cuartel 26 - Hilera 55</name><Style><LineStyle><color>ff00ff00</color><width>3</width></LineStyle></Style><LineString><coordinates>-71.3192516,-33.9776733,0 -71.31945957295258,-33.977358323555386,0</coordinates></LineString></Placemark><Placemark><name>Trabajado - Cuartel 26 - Hilera 56</name><Style><LineStyle><color>ff00ff00</color><width>3</width></LineStyle></Style><LineString><coordinates>-71.31941593837824,-33.977440585828056,0 -71.31972784098512,-33.977070544575234,0</coordinates></LineString></Placemark><Placemark><name>Trabajado - Cuartel 26 - Hilera 57</name><Style><LineStyle><color>ff00ff00</color><width>3</width></LineStyle></Style><LineString><coordinates>-71.31960485618694,-33.97721903667629,0 -71.31988,-33.97683,0</coordinates></LineString></Placemark><Placemark><name>Trabajado - Cuartel 26 - Hilera 58</name><Style><LineStyle><color>ff00ff00</color><width>3</width></LineStyle></Style><LineString><coordinates>-71.31988,-33.97683,0 -71.32060221616173,-33.97594145075523,0</coordinates></LineString></Placemark><Placemark><name>Trabajado - Cuartel 26 - Hilera 59</name><Style><LineStyle><color>ff00ff00</color><width>3</width></LineStyle></Style><LineString><coordinates>-71.3204466,-33.9761716,0 -71.3204699,-33.9760833,0</coordinates></LineString></Placemark><Placemark><name>Trabajado - Cuartel 26 - Hilera 60</name><Style><LineStyle><color>ff00ff00</color><width>3</width></LineStyle></Style><LineString><coordinates>-71.3205933,-33.9759366,0 -71.3206916,-33.975775,0</coordinates></LineString></Placemark><Placemark><name>Trabajado - Cuartel 26 - Hilera 61</name><Style><LineStyle><color>ff00ff00</color><width>3</width></LineStyle></Style><LineString><coordinates>-71.3206916,-33.975775,0 -71.32106522649369,-33.975331727781786,0</coordinates></LineString></Placemark><Placemark><name>Trabajado - Cuartel 26 - Hilera 62</name><Style><LineStyle><color>ff00ff00</color><width>3</width></LineStyle></Style><LineString><coordinates>-71.3210883,-33.9753433,0 -71.32164041472058,-33.974565111561176,0</coordinates></LineString></Placemark><Placemark><name>Trabajado - Cuartel 26 - Hilera 63</name><Style><LineStyle><color>ff00ff00</color><width>3</width></LineStyle></Style><LineString><coordinates>-71.3216366,-33.9745633,0 -71.32218,-33.9738866,0</coordinates></LineString></Placemark><Placemark><name>Trabajado - Cuartel 26 - Hilera 65</name><Style><LineStyle><color>ff00ff00</color><width>3</width></LineStyle></Style><LineString><coordinates>-71.3215133,-33.9736716,0 -71.31703255116894,-33.97911106761249,0</coordinates></LineString></Placemark><Placemark><name>Trabajado - Cuartel 26 - Hilera 85</name><Style><LineStyle><color>ff00ff00</color><width>3</width></LineStyle></Style><LineString><coordinates>-71.3193616,-33.9777016,0 -71.32167612804905,-33.97474192874643,0</coordinates></LineString></Placemark><Placemark><name>Trabajado - Cuartel 26 - Hilera 86</name><Style><LineStyle><color>ff00ff00</color><width>3</width></LineStyle></Style><LineString><coordinates>-71.3212921549488,-33.97522862587461,0 -71.32235009624169,-33.97394587205695,0</coordinates></LineString></Placemark><Placemark><name>Trabajado - Cuartel 26 - Hilera 88</name><Style><LineStyle><color>ff00ff00</color><width>3</width></LineStyle></Style><LineString><coordinates>-71.32245346260822,-33.97397790382813,0 -71.321605,-33.9750466,0</coordinates></LineString></Placemark><Placemark><name>Trabajado - Cuartel 26 - Hilera 89</name><Style><LineStyle><color>ff00ff00</color><width>3</width></LineStyle></Style><LineString><coordinates>-71.321605,-33.9750466,0 -71.3215833,-33.9751316,0</coordinates></LineString></Placemark><Placemark><name>Trabajado - Cuartel 26 - Hilera 90</name><Style><LineStyle><color>ff00ff00</color><width>3</width></LineStyle></Style><LineString><coordinates>-71.3215833,-33.9751316,0 -71.32020268456496,-33.976869090641486,0</coordinates></LineString></Placemark><Placemark><name>Trabajado - Cuartel 26 - Hilera 91</name><Style><LineStyle><color>ff00ff00</color><width>3</width></LineStyle></Style><LineString><coordinates>-71.32022,-33.9768783,0 -71.32019,-33.9769666,0</coordinates></LineString></Placemark><Placemark><name>Trabajado - Cuartel 26 - Hilera 92</name><Style><LineStyle><color>ff00ff00</color><width>3</width></LineStyle></Style><LineString><coordinates>-71.32019,-33.9769666,0 -71.3199701756834,-33.97716394739262,0</coordinates></LineString></Placemark><Placemark><name>Trabajado - Cuartel 26 - Hilera 93</name><Style><LineStyle><color>ff00ff00</color><width>3</width></LineStyle></Style><LineString><coordinates>-71.32004703968562,-33.97710038114246,0 -71.31948693290433,-33.97777405522229,0</coordinates></LineString></Placemark><Placemark><name>Trabajado - Cuartel 26 - Hilera 95</name><Style><LineStyle><color>ff00ff00</color><width>3</width></LineStyle></Style><LineString><coordinates>-71.319515,-33.9778766,0 -71.3196166,-33.9778416,0</coordinates></LineString></Placemark><Placemark><name>Trabajado - Cuartel 26 - Hilera 96</name><Style><LineStyle><color>ff00ff00</color><width>3</width></LineStyle></Style><LineString><coordinates>-71.3196166,-33.9778416,0 -71.32258435397554,-33.974059746535175,0</coordinates></LineString></Placemark><Placemark><name>Trabajado - Cuartel 26 - Hilera 98</name><Style><LineStyle><color>ff00ff00</color><width>3</width></LineStyle></Style><LineString><coordinates>-71.322735,-33.9740966,0 -71.32074132230501,-33.97668413913607,0</coordinates></LineString></Placemark><Placemark><name>Trabajado - Cuartel 26 - Hilera 99</name><Style><LineStyle><color>ff00ff00</color><width>3</width></LineStyle></Style><LineString><coordinates>-71.3207416,-33.97673,0 -71.3205316,-33.9770433,0</coordinates></LineString></Placemark><Placemark><name>Trabajado - Cuartel 26 - Hilera 100</name><Style><LineStyle><color>ff00ff00</color><width>3</width></LineStyle></Style><LineString><coordinates>-71.3205316,-33.9770433,0 -71.3198183,-33.9779516,0</coordinates></LineString></Placemark><Placemark><name>Trabajado - Cuartel 26 - Hilera 101</name><Style><LineStyle><color>ff00ff00</color><width>3</width></LineStyle></Style><LineString><coordinates>-71.3199483,-33.97801,0 -71.3229049,-33.9741116,0</coordinates></LineString></Placemark><Placemark><name>Trabajado - Cuartel 26 - Hilera 103</name><Style><LineStyle><color>ff00ff00</color><width>3</width></LineStyle></Style><LineString><coordinates>-71.3229883,-33.9742333,0 -71.3212357978746,-33.97649982777293,0</coordinates></LineString></Placemark><Placemark><name>Trabajado - Cuartel 26 - Hilera 104</name><Style><LineStyle><color>ff00ff00</color><width>3</width></LineStyle></Style><LineString><coordinates>-71.32155291350502,-33.97603579911832,0 -71.3205416,-33.97742,0</coordinates></LineString></Placemark><Placemark><name>Trabajado - Cuartel 26 - Hilera 105</name><Style><LineStyle><color>ff00ff00</color><width>3</width></LineStyle></Style><LineString><coordinates>-71.3205416,-33.97742,0 -71.32039,-33.9775499,0</coordinates></LineString></Placemark><Placemark><name>Trabajado - Cuartel 26 - Hilera 106</name><Style><LineStyle><color>ff00ff00</color><width>3</width></LineStyle></Style><LineString><coordinates>-71.32039,-33.9775499,0 -71.3200583,-33.9780149,0</coordinates></LineString></Placemark><Placemark><name>Trabajado - Cuartel 26 - Hilera 107</name><Style><LineStyle><color>ff00ff00</color><width>3</width></LineStyle></Style><LineString><coordinates>-71.3200583,-33.9780149,0 -71.3199766,-33.9780749,0</coordinates></LineString></Placemark><Placemark><name>Trabajado - Cuartel 26 - Hilera 109</name><Style><LineStyle><color>ff00ff00</color><width>3</width></LineStyle></Style><LineString><coordinates>-71.3201416,-33.9781383,0 -71.32088488290033,-33.977146585762625,0</coordinates></LineString></Placemark><Placemark><name>Trabajado - Cuartel 26 - Hilera 110</name><Style><LineStyle><color>ff00ff00</color><width>3</width></LineStyle></Style><LineString><coordinates>-71.32076981791097,-33.97729995707395,0 -71.3231352879134,-33.97427215547085,0</coordinates></LineString></Placemark><Placemark><name>Trabajado - Cuartel 26 - Hilera 116</name><Style><LineStyle><color>ff00ff00</color><width>3</width></LineStyle></Style><LineString><coordinates>-71.3226766,-33.9751083,0 -71.3202282283432,-33.978288621329995,0</coordinates></LineString></Placemark><Placemark><name>Trabajado - Cuartel 26 - Hilera 117</name><Style><LineStyle><color>ff00ff00</color><width>3</width></LineStyle></Style><LineString><coordinates>-71.32029,-33.97831,0 -71.3203883,-33.97827,0</coordinates></LineString></Placemark><Placemark><name>Trabajado - Cuartel 26 - Hilera 118</name><Style><LineStyle><color>ff00ff00</color><width>3</width></LineStyle></Style><LineString><coordinates>-71.3203883,-33.97827,0 -71.3205866,-33.9779516,0</coordinates></LineString></Placemark><Placemark><name>Trabajado - Cuartel 26 - Hilera 119</name><Style><LineStyle><color>ff00ff00</color><width>3</width></LineStyle></Style><LineString><coordinates>-71.3205866,-33.9779516,0 -71.3206716,-33.9778949,0</coordinates></LineString></Placemark><Placemark><name>Trabajado - Cuartel 26 - Hilera 120</name><Style><LineStyle><color>ff00ff00</color><width>3</width></LineStyle></Style><LineString><coordinates>-71.3206716,-33.9778949,0 -71.3208233,-33.9776583,0</coordinates></LineString></Placemark><Placemark><name>Trabajado - Cuartel 26 - Hilera 121</name><Style><LineStyle><color>ff00ff00</color><width>3</width></LineStyle></Style><LineString><coordinates>-71.3208233,-33.9776583,0 -71.320905,-33.9775983,0</coordinates></LineString></Placemark><Placemark><name>Trabajado - Cuartel 26 - Hilera 122</name><Style><LineStyle><color>ff00ff00</color><width>3</width></LineStyle></Style><LineString><coordinates>-71.320905,-33.9775983,0 -71.3209416,-33.9775133,0</coordinates></LineString></Placemark><Placemark><name>Trabajado - Cuartel 26 - Hilera 123</name><Style><LineStyle><color>ff00ff00</color><width>3</width></LineStyle></Style><LineString><coordinates>-71.3209416,-33.9775133,0 -71.32349925747134,-33.9743139543865,0</coordinates></LineString></Placemark><Placemark><name>Trabajado - Cuartel 26 - Hilera 125</name><Style><LineStyle><color>ff00ff00</color><width>3</width></LineStyle></Style><LineString><coordinates>-71.3222666,-33.9740083,0 -71.32229,-33.9739199,0</coordinates></LineString></Placemark><Placemark><name>Trabajado - Cuartel 26 - Hilera 126</name><Style><LineStyle><color>ff00ff00</color><width>3</width></LineStyle></Style><LineString><coordinates>-71.32229,-33.9739199,0 -71.3193916,-33.97768,0</coordinates></LineString></Placemark><Placemark><name>Trabajado - Cuartel 26 - Hilera 145</name><Style><LineStyle><color>ff00ff00</color><width>3</width></LineStyle></Style><LineString><coordinates>-71.3184816,-33.9775033,0 -71.320835,-33.9745149,0</coordinates></LineString></Placemark><Placemark><name>Trabajado - Cuartel 26 - Hilera 147</name><Style><LineStyle><color>ff00ff00</color><width>3</width></LineStyle></Style><LineString><coordinates>-71.3236399,-33.9743516,0 -71.32191187275231,-33.97650335726927,0</coordinates></LineString></Placemark><Placemark><name>Trabajado - Cuartel 26 - Hilera 148</name><Style><LineStyle><color>ff00ff00</color><width>3</width></LineStyle></Style><LineString><coordinates>-71.32189,-33.9764916,0 -71.3217366,-33.97674,0</coordinates></LineString></Placemark><Placemark><name>Trabajado - Cuartel 26 - Hilera 149</name><Style><LineStyle><color>ff00ff00</color><width>3</width></LineStyle></Style><LineString><coordinates>-71.3217366,-33.97674,0 -71.3208633,-33.9778766,0</coordinates></LineString></Placemark><Placemark><name>Trabajado - Cuartel 26 - Hilera 150</name><Style><LineStyle><color>ff00ff00</color><width>3</width></LineStyle></Style><LineString><coordinates>-71.3208633,-33.9778766,0 -71.32051318574243,-33.9784263331947,0</coordinates></LineString></Placemark><Placemark><name>Trabajado - Cuartel 26 - Hilera 152</name><Style><LineStyle><color>ff00ff00</color><width>3</width></LineStyle></Style><LineString><coordinates>-71.320595,-33.9784266,0 -71.32228841511964,-33.97632082730285,0</coordinates></LineString></Placemark><Placemark><name>Trabajado - Cuartel 26 - Hilera 153</name><Style><LineStyle><color>ff00ff00</color><width>3</width></LineStyle></Style><LineString><coordinates>-71.3222683,-33.97631,0 -71.3223666,-33.97627,0</coordinates></LineString></Placemark><Placemark><name>Trabajado - Cuartel 26 - Hilera 154</name><Style><LineStyle><color>ff00ff00</color><width>3</width></LineStyle></Style><LineString><coordinates>-71.3223666,-33.97627,0 -71.32374639332436,-33.974433970720796,0</coordinates></LineString></Placemark><Placemark><name>Trabajado - Cuartel 26 - Hilera 156</name><Style><LineStyle><color>ff00ff00</color><width>3</width></LineStyle></Style><LineString><coordinates>-71.3238899,-33.9745083,0 -71.3238616,-33.9745949,0</coordinates></LineString></Placemark><Placemark><name>Trabajado - Cuartel 26 - Hilera 157</name><Style><LineStyle><color>ff00ff00</color><width>3</width></LineStyle></Style><LineString><coordinates>-71.3238616,-33.9745949,0 -71.32250320644884,-33.976338658879044,0</coordinates></LineString></Placemark><Placemark><name>Trabajado - Cuartel 26 - Hilera 158</name><Style><LineStyle><color>ff00ff00</color><width>3</width></LineStyle></Style><LineString><coordinates>-71.32246938853596,-33.976395021086375,0 -71.32251,-33.9762416,0</coordinates></LineString></Placemark><Placemark><name>Trabajado - Cuartel 26 - Hilera 159</name><Style><LineStyle><color>ff00ff00</color><width>3</width></LineStyle></Style><LineString><coordinates>-71.32251,-33.9762416,0 -71.3223916,-33.9762866,0</coordinates></LineString></Placemark><Placemark><name>Trabajado - Cuartel 26 - Hilera 160</name><Style><LineStyle><color>ff00ff00</color><width>3</width></LineStyle></Style><LineString><coordinates>-71.3223916,-33.9762866,0 -71.3224083,-33.9761866,0</coordinates></LineString></Placemark><Placemark><name>Trabajado - Cuartel 26 - Hilera 162</name><Style><LineStyle><color>ff00ff00</color><width>3</width></LineStyle></Style><LineString><coordinates>-71.3224783,-33.9763966,0 -71.3223116,-33.9765116,0</coordinates></LineString></Placemark><Placemark><name>Trabajado - Cuartel 26 - Hilera 163</name><Style><LineStyle><color>ff00ff00</color><width>3</width></LineStyle></Style><LineString><coordinates>-71.3223116,-33.9765116,0 -71.32210467775396,-33.976829859764244,0</coordinates></LineString></Placemark><Placemark><name>Trabajado - Cuartel 26 - Hilera 164</name><Style><LineStyle><color>ff00ff00</color><width>3</width></LineStyle></Style><LineString><coordinates>-71.322105,-33.97683,0 -71.3220216,-33.9768883,0</coordinates></LineString></Placemark><Placemark><name>Trabajado - Cuartel 26 - Hilera 165</name><Style><LineStyle><color>ff00ff00</color><width>3</width></LineStyle></Style><LineString><coordinates>-71.3220216,-33.9768883,0 -71.321995,-33.976975,0</coordinates></LineString></Placemark><Placemark><name>Trabajado - Cuartel 26 - Hilera 166</name><Style><LineStyle><color>ff00ff00</color><width>3</width></LineStyle></Style><LineString><coordinates>-71.32232788299551,-33.97673551583056,0 -71.3219116,-33.977035,0</coordinates></LineString></Placemark><Placemark><name>Trabajado - Cuartel 26 - Hilera 167</name><Style><LineStyle><color>ff00ff00</color><width>3</width></LineStyle></Style><LineString><coordinates>-71.3219116,-33.977035,0 -71.3218383,-33.9772033,0</coordinates></LineString></Placemark><Placemark><name>Trabajado - Cuartel 26 - Hilera 168</name><Style><LineStyle><color>ff00ff00</color><width>3</width></LineStyle></Style><LineString><coordinates>-71.3218383,-33.9772033,0 -71.32078901949947,-33.978424164463476,0</coordinates></LineString></Placemark><Placemark><name>Trabajado - Cuartel 26 - Hilera 169</name><Style><LineStyle><color>ff00ff00</color><width>3</width></LineStyle></Style><LineString><coordinates>-71.32151,-33.9775616,0 -71.3214133,-33.9777233,0</coordinates></LineString></Placemark><Placemark><name>Trabajado - Cuartel 26 - Hilera 170</name><Style><LineStyle><color>ff00ff00</color><width>3</width></LineStyle></Style><LineString><coordinates>-71.320871442193,-33.97836166223367,0 -71.3207383,-33.978505,0</coordinates></LineString></Placemark><Placemark><name>Trabajado - Cuartel 26 - Hilera 171</name><Style><LineStyle><color>ff00ff00</color><width>3</width></LineStyle></Style><LineString><coordinates>-71.3207383,-33.978505,0 -71.3207633,-33.978595,0</coordinates></LineString></Placemark><Placemark><name>Trabajado - Cuartel 26 - Hilera 172</name><Style><LineStyle><color>ff00ff00</color><width>3</width></LineStyle></Style><LineString><coordinates>-71.3207633,-33.978595,0 -71.32087,-33.9785716,0</coordinates></LineString></Placemark><Placemark><name>Trabajado - Cuartel 26 - Hilera 173</name><Style><LineStyle><color>ff00ff00</color><width>3</width></LineStyle></Style><LineString><coordinates>-71.32087,-33.9785716,0 -71.3209733,-33.9784133,0</coordinates></LineString></Placemark><Placemark><name>Trabajado - Cuartel 26 - Hilera 174</name><Style><LineStyle><color>ff00ff00</color><width>3</width></LineStyle></Style><LineString><coordinates>-71.3209733,-33.9784133,0 -71.32134064636564,-33.97796893900702,0</coordinates></LineString></Placemark><Placemark><name>Trabajado - Cuartel 26 - Hilera 175</name><Style><LineStyle><color>ff00ff00</color><width>3</width></LineStyle></Style><LineString><coordinates>-71.3213516,-33.977975,0 -71.3213733,-33.9778866,0</coordinates></LineString></Placemark><Placemark><name>Trabajado - Cuartel 26 - Hilera 176</name><Style><LineStyle><color>ff00ff00</color><width>3</width></LineStyle></Style><LineString><coordinates>-71.3213733,-33.9778866,0 -71.3214449,-33.9778166,0</coordinates></LineString></Placemark><Placemark><name>Trabajado - Cuartel 26 - Hilera 177</name><Style><LineStyle><color>ff00ff00</color><width>3</width></LineStyle></Style><LineString><coordinates>-71.3214449,-33.9778166,0 -71.32244770703886,-33.97658060118468,0</coordinates></LineString></Placemark><Placemark><name>Trabajado - Cuartel 26 - Hilera 178</name><Style><LineStyle><color>ff00ff00</color><width>3</width></LineStyle></Style><LineString><coordinates>-71.3224466,-33.97658,0 -71.3224716,-33.9764933,0</coordinates></LineString></Placemark><Placemark><name>Trabajado - Cuartel 26 - Hilera 179</name><Style><LineStyle><color>ff00ff00</color><width>3</width></LineStyle></Style><LineString><coordinates>-71.3224716,-33.9764933,0 -71.3226116,-33.9763533,0</coordinates></LineString></Placemark><Placemark><name>Trabajado - Cuartel 26 - Hilera 180</name><Style><LineStyle><color>ff00ff00</color><width>3</width></LineStyle></Style><LineString><coordinates>-71.3226116,-33.9763533,0 -71.3226316,-33.9762633,0</coordinates></LineString></Placemark><Placemark><name>Trabajado - Cuartel 26 - Hilera 181</name><Style><LineStyle><color>ff00ff00</color><width>3</width></LineStyle></Style><LineString><coordinates>-71.3226316,-33.9762633,0 -71.3240098943665,-33.974545485787885,0</coordinates></LineString></Placemark><Placemark><name>Trabajado - Cuartel 26 - Hilera 182</name><Style><LineStyle><color>ff00ff00</color><width>3</width></LineStyle></Style><LineString><coordinates>-71.3241683,-33.9746683,0 -71.3239983,-33.9747783,0</coordinates></LineString></Placemark><Placemark><name>Trabajado - Cuartel 26 - Hilera 183</name><Style><LineStyle><color>ff00ff00</color><width>3</width></LineStyle></Style><LineString><coordinates>-71.3239983,-33.9747783,0 -71.3239666,-33.974865,0</coordinates></LineString></Placemark><Placemark><name>Trabajado - Cuartel 26 - Hilera 184</name><Style><LineStyle><color>ff00ff00</color><width>3</width></LineStyle></Style><LineString><coordinates>-71.3239666,-33.974865,0 -71.32178937286032,-33.97756188742593,0</coordinates></LineString></Placemark><Placemark><name>Trabajado - Cuartel 26 - Hilera 185</name><Style><LineStyle><color>ff00ff00</color><width>3</width></LineStyle></Style><LineString><coordinates>-71.32244846947495,-33.976740017362566,0 -71.32100837732294,-33.9786466707751,0</coordinates></LineString></Placemark><Placemark><name>Trabajado - Cuartel 26 - Hilera 186</name><Style><LineStyle><color>ff00ff00</color><width>3</width></LineStyle></Style><LineString><coordinates>-71.3210116,-33.9786483,0 -71.3210533,-33.978795,0</coordinates></LineString></Placemark><Placemark><name>Trabajado - Cuartel 26 - Hilera 187</name><Style><LineStyle><color>ff00ff00</color><width>3</width></LineStyle></Style><LineString><coordinates>-71.3210533,-33.978795,0 -71.32113,-33.9787316,0</coordinates></LineString></Placemark><Placemark><name>Trabajado - Cuartel 26 - Hilera 188</name><Style><LineStyle><color>ff00ff00</color><width>3</width></LineStyle></Style><LineString><coordinates>-71.32113,-33.9787316,0 -71.3211333,-33.97864,0</coordinates></LineString></Placemark><Placemark><name>Trabajado - Cuartel 26 - Hilera 189</name><Style><LineStyle><color>ff00ff00</color><width>3</width></LineStyle></Style><LineString><coordinates>-71.3211333,-33.97864,0 -71.32174183153997,-33.977892626045936,0</coordinates></LineString></Placemark><Placemark><name>Trabajado - Cuartel 26 - Hilera 190</name><Style><LineStyle><color>ff00ff00</color><width>3</width></LineStyle></Style><LineString><coordinates>-71.3217216,-33.9778816,0 -71.322155,-33.9773666,0</coordinates></LineString></Placemark><Placemark><name>Trabajado - Cuartel 26 - Hilera 193</name><Style><LineStyle><color>ff00ff00</color><width>3</width></LineStyle></Style><LineString><coordinates>-71.31959,-33.9761049,0 -71.3189566,-33.9770633,0</coordinates></LineString></Placemark><Placemark><name>Trabajado - Cuartel 26 - Hilera 208</name><Style><LineStyle><color>ff00ff00</color><width>3</width></LineStyle></Style><LineString><coordinates>-71.318565,-33.978385,0 -71.3196433,-33.976065,0</coordinates></LineString></Placemark><Placemark><name>Trabajado - Cuartel 26 - Hilera 210</name><Style><LineStyle><color>ff00ff00</color><width>3</width></LineStyle></Style><LineString><coordinates>-71.3221666,-33.97736,0 -71.32259,-33.9769016,0</coordinates></LineString></Placemark><Placemark><name>Trabajado - Cuartel 26 - Hilera 211</name><Style><LineStyle><color>ff00ff00</color><width>3</width></LineStyle></Style><LineString><coordinates>-71.32259,-33.9769016,0 -71.32290801600908,-33.976393809786444,0</coordinates></LineString></Placemark><Placemark><name>Trabajado - Cuartel 26 - Hilera 212</name><Style><LineStyle><color>ff00ff00</color><width>3</width></LineStyle></Style><LineString><coordinates>-71.32280024572421,-33.97655569058024,0 -71.32425289555505,-33.974784166396276,0</coordinates></LineString></Placemark><Placemark><name>Trabajado - Cuartel 26 - Hilera 213</name><Style><LineStyle><color>ff00ff00</color><width>3</width></LineStyle></Style><LineString><coordinates>-71.32423,-33.9747716,0 -71.3243083,-33.9747033,0</coordinates></LineString></Placemark><Placemark><name>Trabajado - Cuartel 26 - Hilera 215</name><Style><LineStyle><color>ff00ff00</color><width>3</width></LineStyle></Style><LineString><coordinates>-71.3244266,-33.974675,0 -71.32438620307576,-33.97523754224339,0</coordinates></LineString></Placemark><Placemark><name>Trabajado - Cuartel 26 - Hilera 216</name><Style><LineStyle><color>ff00ff00</color><width>3</width></LineStyle></Style><LineString><coordinates>-71.3244199,-33.9747683,0 -71.32129393975562,-33.97874609491024,0</coordinates></LineString></Placemark><Placemark><name>Trabajado - Cuartel 26 - Hilera 218</name><Style><LineStyle><color>ff00ff00</color><width>3</width></LineStyle></Style><LineString><coordinates>-71.3213933,-33.9788366,0 -71.32156623641615,-33.97858808613063,0</coordinates></LineString></Placemark><Placemark><name>Trabajado - Cuartel 26 - Hilera 219</name><Style><LineStyle><color>ff00ff00</color><width>3</width></LineStyle></Style><LineString><coordinates>-71.32153608455629,-33.9786782170406,0 -71.32219456785155,-33.97774927800106,0</coordinates></LineString></Placemark><Placemark><name>Trabajado - Cuartel 26 - Hilera 220</name><Style><LineStyle><color>ff00ff00</color><width>3</width></LineStyle></Style><LineString><coordinates>-71.32214784047449,-33.9778367322731,0 -71.3233399296861,-33.976299963492075,0</coordinates></LineString></Placemark><Placemark><name>Trabajado - Cuartel 26 - Hilera 221</name><Style><LineStyle><color>ff00ff00</color><width>3</width></LineStyle></Style><LineString><coordinates>-71.3232633,-33.9763716,0 -71.324095,-33.9754,0</coordinates></LineString></Placemark><Placemark><name>Trabajado - Cuartel 26 - Hilera 222</name><Style><LineStyle><color>ff00ff00</color><width>3</width></LineStyle></Style><LineString><coordinates>-71.324095,-33.9754,0 -71.3244566,-33.97491,0</coordinates></LineString></Placemark><Placemark><name>Trabajado - Cuartel 26 - Hilera 223</name><Style><LineStyle><color>ff00ff00</color><width>3</width></LineStyle></Style><LineString><coordinates>-71.3244566,-33.97491,0 -71.3245399,-33.9747316,0</coordinates></LineString></Placemark><Placemark><name>Trabajado - Cuartel 26 - Hilera 225</name><Style><LineStyle><color>ff00ff00</color><width>3</width></LineStyle></Style><LineString><coordinates>-71.3246633,-33.9747449,0 -71.324665,-33.97484,0</coordinates></LineString></Placemark><Placemark><name>Trabajado - Cuartel 26 - Hilera 226</name><Style><LineStyle><color>ff00ff00</color><width>3</width></LineStyle></Style><LineString><coordinates>-71.324665,-33.97484,0 -71.32444561783711,-33.97504445116662,0</coordinates></LineString></Placemark><Placemark><name>Trabajado - Cuartel 26 - Hilera 227</name><Style><LineStyle><color>ff00ff00</color><width>3</width></LineStyle></Style><LineString><coordinates>-71.32452341068428,-33.97498178602824,0 -71.3243999,-33.9751433,0</coordinates></LineString></Placemark><Placemark><name>Trabajado - Cuartel 26 - Hilera 228</name><Style><LineStyle><color>ff00ff00</color><width>3</width></LineStyle></Style><LineString><coordinates>-71.32441329210053,-33.975148025285726,0 -71.32427620371003,-33.97540808137409,0</coordinates></LineString></Placemark><Placemark><name>Trabajado - Cuartel 26 - Hilera 229</name><Style><LineStyle><color>ff00ff00</color><width>3</width></LineStyle></Style><LineString><coordinates>-71.32432866429947,-33.9753313682446,0 -71.3241783,-33.9754683,0</coordinates></LineString></Placemark><Placemark><name>Trabajado - Cuartel 26 - Hilera 230</name><Style><LineStyle><color>ff00ff00</color><width>3</width></LineStyle></Style><LineString><coordinates>-71.3241783,-33.9754683,0 -71.3236116,-33.9760783,0</coordinates></LineString></Placemark><Placemark><name>Trabajado - Cuartel 26 - Hilera 231</name><Style><LineStyle><color>ff00ff00</color><width>3</width></LineStyle></Style><LineString><coordinates>-71.3236116,-33.9760783,0 -71.32243836260301,-33.97773704069672,0</coordinates></LineString></Placemark><Placemark><name>Trabajado - Cuartel 26 - Hilera 232</name><Style><LineStyle><color>ff00ff00</color><width>3</width></LineStyle></Style><LineString><coordinates>-71.3224216,-33.9777283,0 -71.3224333,-33.9776383,0</coordinates></LineString></Placemark><Placemark><name>Trabajado - Cuartel 26 - Hilera 233</name><Style><LineStyle><color>ff00ff00</color><width>3</width></LineStyle></Style><LineString><coordinates>-71.3224333,-33.9776383,0 -71.322365,-33.9777216,0</coordinates></LineString></Placemark><Placemark><name>Trabajado - Cuartel 26 - Hilera 234</name><Style><LineStyle><color>ff00ff00</color><width>3</width></LineStyle></Style><LineString><coordinates>-71.322365,-33.9777216,0 -71.3222816,-33.9779,0</coordinates></LineString></Placemark><Placemark><name>Trabajado - Cuartel 26 - Hilera 235</name><Style><LineStyle><color>ff00ff00</color><width>3</width></LineStyle></Style><LineString><coordinates>-71.32298935727799,-33.976969684446836,0 -71.3218949,-33.9784083,0</coordinates></LineString></Placemark><Placemark><name>Trabajado - Cuartel 26 - Hilera 236</name><Style><LineStyle><color>ff00ff00</color><width>3</width></LineStyle></Style><LineString><coordinates>-71.3218949,-33.9784083,0 -71.3216530600488,-33.97885444654215,0</coordinates></LineString></Placemark><Placemark><name>Trabajado - Cuartel 26 - Hilera 237</name><Style><LineStyle><color>ff00ff00</color><width>3</width></LineStyle></Style><LineString><coordinates>-71.3216499,-33.9788533,0 -71.3216383,-33.9790416,0</coordinates></LineString></Placemark><Placemark><name>Trabajado - Cuartel 26 - Hilera 238</name><Style><LineStyle><color>ff00ff00</color><width>3</width></LineStyle></Style><LineString><coordinates>-71.3216383,-33.9790416,0 -71.32196253199999,-33.97864254523073,0</coordinates></LineString></Placemark><Placemark><name>Trabajado - Cuartel 26 - Hilera 239</name><Style><LineStyle><color>ff00ff00</color><width>3</width></LineStyle></Style><LineString><coordinates>-71.3219516,-33.9786366,0 -71.32307835071165,-33.977060623256946,0</coordinates></LineString></Placemark><Placemark><name>Trabajado - Cuartel 26 - Hilera 240</name><Style><LineStyle><color>ff00ff00</color><width>3</width></LineStyle></Style><LineString><coordinates>-71.3230666,-33.977055,0 -71.32457368154739,-33.97517206842089,0</coordinates></LineString></Placemark><Placemark><name>Trabajado - Cuartel 26 - Hilera 241</name><Style><LineStyle><color>ff00ff00</color><width>3</width></LineStyle></Style><LineString><coordinates>-71.3245197736679,-33.97526061110543,0 -71.32478046590985,-33.974953564771845,0</coordinates></LineString></Placemark><Placemark><name>Trabajado - Cuartel 26 - Hilera 243</name><Style><LineStyle><color>ff00ff00</color><width>3</width></LineStyle></Style><LineString><coordinates>-71.324885,-33.9749166,0 -71.32494975414913,-33.975104509983396,0</coordinates></LineString></Placemark><Placemark><name>Trabajado - Cuartel 26 - Hilera 245</name><Style><LineStyle><color>ff00ff00</color><width>3</width></LineStyle></Style><LineString><coordinates>-71.3248499,-33.9751383,0 -71.3240566,-33.9761016,0</coordinates></LineString></Placemark><Placemark><name>Trabajado - Cuartel 26 - Hilera 246</name><Style><LineStyle><color>ff00ff00</color><width>3</width></LineStyle></Style><LineString><coordinates>-71.3240599,-33.9761083,0 -71.32341748121286,-33.97692258698932,0</coordinates></LineString></Placemark><Placemark><name>Trabajado - Cuartel 26 - Hilera 247</name><Style><LineStyle><color>ff00ff00</color><width>3</width></LineStyle></Style><LineString><coordinates>-71.3234466,-33.9769333,0 -71.3225873705956,-33.97797224662077,0</coordinates></LineString></Placemark><Placemark><name>Trabajado - Cuartel 26 - Hilera 248</name><Style><LineStyle><color>ff00ff00</color><width>3</width></LineStyle></Style><LineString><coordinates>-71.32273254508718,-33.97783518411059,0 -71.3221993917064,-33.978512175467266,0</coordinates></LineString></Placemark><Placemark><name>Trabajado - Cuartel 26 - Hilera 249</name><Style><LineStyle><color>ff00ff00</color><width>3</width></LineStyle></Style><LineString><coordinates>-71.3221983,-33.9785116,0 -71.3221116,-33.9786749,0</coordinates></LineString></Placemark><Placemark><name>Trabajado - Cuartel 26 - Hilera 250</name><Style><LineStyle><color>ff00ff00</color><width>3</width></LineStyle></Style><LineString><coordinates>-71.3221116,-33.9786749,0 -71.3217249,-33.9791133,0</coordinates></LineString></Placemark><Placemark><name>Trabajado - Cuartel 26 - Hilera 251</name><Style><LineStyle><color>ff00ff00</color><width>3</width></LineStyle></Style><LineString><coordinates>-71.3217249,-33.9791133,0 -71.321755,-33.9792,0</coordinates></LineString></Placemark><Placemark><name>Trabajado - Cuartel 26 - Hilera 252</name><Style><LineStyle><color>ff00ff00</color><width>3</width></LineStyle></Style><LineString><coordinates>-71.321755,-33.9792,0 -71.3217749,-33.9791116,0</coordinates></LineString></Placemark><Placemark><name>Trabajado - Cuartel 26 - Hilera 266</name><Style><LineStyle><color>ff00ff00</color><width>3</width></LineStyle></Style><LineString><coordinates>-71.3218233,-33.9791266,0 -71.32231685177287,-33.97859294625994,0</coordinates></LineString></Placemark><Placemark><name>Trabajado - Cuartel 26 - Hilera 267</name><Style><LineStyle><color>ff00ff00</color><width>3</width></LineStyle></Style><LineString><coordinates>-71.3223083,-33.9785866,0 -71.323785,-33.9766266,0</coordinates></LineString></Placemark><Placemark><name>Trabajado - Cuartel 26 - Hilera 268</name><Style><LineStyle><color>ff00ff00</color><width>3</width></LineStyle></Style><LineString><coordinates>-71.323785,-33.9766266,0 -71.3241366,-33.9762266,0</coordinates></LineString></Placemark><Placemark><name>Trabajado - Cuartel 26 - Hilera 269</name><Style><LineStyle><color>ff00ff00</color><width>3</width></LineStyle></Style><LineString><coordinates>-71.3240333,-33.9761716,0 -71.3249816,-33.9748916,0</coordinates></LineString></Placemark><Placemark><name>Trabajado - Cuartel 26 - Hilera 270</name><Style><LineStyle><color>ff00ff00</color><width>3</width></LineStyle></Style><LineString><coordinates>-71.3248566,-33.9749016,0 -71.3239216,-33.9760616,0</coordinates></LineString></Placemark><Placemark><name>Trabajado - Cuartel 26 - Hilera 273</name><Style><LineStyle><color>ff00ff00</color><width>3</width></LineStyle></Style><LineString><coordinates>-71.3241866,-33.9761666,0 -71.3250766,-33.9750466,0</coordinates></LineString></Placemark><Placemark><name>Trabajado - Cuartel 26 - Hilera 274</name><Style><LineStyle><color>ff00ff00</color><width>3</width></LineStyle></Style><LineString><coordinates>-71.3248933,-33.9752733,0 -71.3251983,-33.9749666,0</coordinates></LineString></Placemark><Placemark><name>Trabajado - Cuartel 26 - Hilera 276</name><Style><LineStyle><color>ff00ff00</color><width>3</width></LineStyle></Style><LineString><coordinates>-71.3253033,-33.9750033,0 -71.3247366,-33.9757516,0</coordinates></LineString></Placemark><Placemark><name>Trabajado - Cuartel 26 - Hilera 277</name><Style><LineStyle><color>ff00ff00</color><width>3</width></LineStyle></Style><LineString><coordinates>-71.3247366,-33.9757516,0 -71.32386089824692,-33.97682518704326,0</coordinates></LineString></Placemark><Placemark><name>Trabajado - Cuartel 26 - Hilera 278</name><Style><LineStyle><color>ff00ff00</color><width>3</width></LineStyle></Style><LineString><coordinates>-71.32386,-33.9768516,0 -71.32201885196105,-33.97923010478154,0</coordinates></LineString></Placemark><Placemark><name>Trabajado - Cuartel 26 - Hilera 281</name><Style><LineStyle><color>ff00ff00</color><width>3</width></LineStyle></Style><LineString><coordinates>-71.3221716,-33.9792866,0 -71.32355624669209,-33.977458011616605,0</coordinates></LineString></Placemark><Placemark><name>Trabajado - Cuartel 26 - Hilera 282</name><Style><LineStyle><color>ff00ff00</color><width>3</width></LineStyle></Style><LineString><coordinates>-71.3235799,-33.97747,0 -71.3239752039107,-33.97693931803767,0</coordinates></LineString></Placemark><Placemark><name>Trabajado - Cuartel 26 - Hilera 283</name><Style><LineStyle><color>ff00ff00</color><width>3</width></LineStyle></Style><LineString><coordinates>-71.32364582941523,-33.97739541292467,0 -71.3254166,-33.9750549,0</coordinates></LineString></Placemark><Placemark><name>Trabajado - Cuartel 26 - Hilera 284</name><Style><LineStyle><color>ff00ff00</color><width>3</width></LineStyle></Style><LineString><coordinates>-71.3255216,-33.9750816,0 -71.3255383,-33.9751716,0</coordinates></LineString></Placemark><Placemark><name>Trabajado - Cuartel 26 - Hilera 285</name><Style><LineStyle><color>ff00ff00</color><width>3</width></LineStyle></Style><LineString><coordinates>-71.3255383,-33.9751716,0 -71.3253688496254,-33.975395938536515,0</coordinates></LineString></Placemark><Placemark><name>Trabajado - Cuartel 26 - Hilera 286</name><Style><LineStyle><color>ff00ff00</color><width>3</width></LineStyle></Style><LineString><coordinates>-71.325355,-33.975385,0 -71.32311561722672,-33.97824174111454,0</coordinates></LineString></Placemark><Placemark><name>Trabajado - Cuartel 26 - Hilera 287</name><Style><LineStyle><color>ff00ff00</color><width>3</width></LineStyle></Style><LineString><coordinates>-71.32381943231591,-33.97734299255107,0 -71.3234083,-33.9777616,0</coordinates></LineString></Placemark><Placemark><name>Trabajado - Cuartel 26 - Hilera 288</name><Style><LineStyle><color>ff00ff00</color><width>3</width></LineStyle></Style><LineString><coordinates>-71.3234083,-33.9777616,0 -71.3231716,-33.9781666,0</coordinates></LineString></Placemark><Placemark><name>Trabajado - Cuartel 26 - Hilera 289</name><Style><LineStyle><color>ff00ff00</color><width>3</width></LineStyle></Style><LineString><coordinates>-71.32314733532327,-33.978154057356704,0 -71.3222083,-33.97937,0</coordinates></LineString></Placemark><Placemark><name>Trabajado - Cuartel 26 - Hilera 291</name><Style><LineStyle><color>ff00ff00</color><width>3</width></LineStyle></Style><LineString><coordinates>-71.3222999,-33.979465,0 -71.32382055833556,-33.97759941589147,0</coordinates></LineString></Placemark><Placemark><name>Trabajado - Cuartel 26 - Hilera 292</name><Style><LineStyle><color>ff00ff00</color><width>3</width></LineStyle></Style><LineString><coordinates>-71.32377274951142,-33.977675464025005,0 -71.3238349,-33.9775016,0</coordinates></LineString></Placemark><Placemark><name>Trabajado - Cuartel 26 - Hilera 293</name><Style><LineStyle><color>ff00ff00</color><width>3</width></LineStyle></Style><LineString><coordinates>-71.3238349,-33.9775016,0 -71.32462798833915,-33.97653123003278,0</coordinates></LineString></Placemark><Placemark><name>Trabajado - Cuartel 26 - Hilera 294</name><Style><LineStyle><color>ff00ff00</color><width>3</width></LineStyle></Style><LineString><coordinates>-71.3245,-33.9764583,0 -71.3255033,-33.97511,0</coordinates></LineString></Placemark><Placemark><name>Trabajado - Cuartel 26 - Hilera 297</name><Style><LineStyle><color>ff00ff00</color><width>3</width></LineStyle></Style><LineString><coordinates>-71.32439826995248,-33.97702582635099,0 -71.3247116,-33.97636,0</coordinates></LineString></Placemark><Placemark><name>Trabajado - Cuartel 26 - Hilera 298</name><Style><LineStyle><color>ff00ff00</color><width>3</width></LineStyle></Style><LineString><coordinates>-71.3247116,-33.97636,0 -71.3247916,-33.9762983,0</coordinates></LineString></Placemark><Placemark><name>Trabajado - Cuartel 26 - Hilera 299</name><Style><LineStyle><color>ff00ff00</color><width>3</width></LineStyle></Style><LineString><coordinates>-71.3247916,-33.9762983,0 -71.32513530858111,-33.97583278886626,0</coordinates></LineString></Placemark><Placemark><name>Trabajado - Cuartel 26 - Hilera 300</name><Style><LineStyle><color>ff00ff00</color><width>3</width></LineStyle></Style><LineString><coordinates>-71.3250878339015,-33.975915262500905,0 -71.3256983,-33.975175,0</coordinates></LineString></Placemark><Placemark><name>Trabajado - Cuartel 26 - Hilera 302</name><Style><LineStyle><color>ff00ff00</color><width>3</width></LineStyle></Style><LineString><coordinates>-71.3258183,-33.97522,0 -71.32477783198081,-33.97658740121995,0</coordinates></LineString></Placemark><Placemark><name>Trabajado - Cuartel 26 - Hilera 303</name><Style><LineStyle><color>ff00ff00</color><width>3</width></LineStyle></Style><LineString><coordinates>-71.3247633,-33.97658,0 -71.3244383,-33.9769433,0</coordinates></LineString></Placemark><Placemark><name>Trabajado - Cuartel 26 - Hilera 304</name><Style><LineStyle><color>ff00ff00</color><width>3</width></LineStyle></Style><LineString><coordinates>-71.32506304443345,-33.9762089714019,0 -71.32248291856796,-33.979492293546585,0</coordinates></LineString></Placemark><Placemark><name>Trabajado - Cuartel 26 - Hilera 308</name><Style><LineStyle><color>ff00ff00</color><width>3</width></LineStyle></Style><LineString><coordinates>-71.3225483,-33.979535,0 -71.32361448797184,-33.978281548587574,0</coordinates></LineString></Placemark><Placemark><name>Trabajado - Cuartel 26 - Hilera 309</name><Style><LineStyle><color>ff00ff00</color><width>3</width></LineStyle></Style><LineString><coordinates>-71.32347756620953,-33.978424065576675,0 -71.324205,-33.9775283,0</coordinates></LineString></Placemark><Placemark><name>Trabajado - Cuartel 26 - Hilera 310</name><Style><LineStyle><color>ff00ff00</color><width>3</width></LineStyle></Style><LineString><coordinates>-71.324205,-33.9775283,0 -71.3242716,-33.9773566,0</coordinates></LineString></Placemark><Placemark><name>Trabajado - Cuartel 26 - Hilera 312</name><Style><LineStyle><color>ff00ff00</color><width>3</width></LineStyle></Style><LineString><coordinates>-71.324365,-33.97731,0 -71.3246899,-33.976845,0</coordinates></LineString></Placemark><Placemark><name>Trabajado - Cuartel 26 - Hilera 313</name><Style><LineStyle><color>ff00ff00</color><width>3</width></LineStyle></Style><LineString><coordinates>-71.3246899,-33.976845,0 -71.3249149,-33.9766516,0</coordinates></LineString></Placemark><Placemark><name>Trabajado - Cuartel 26 - Hilera 316</name><Style><LineStyle><color>ff00ff00</color><width>3</width></LineStyle></Style><LineString><coordinates>-71.3249083,-33.9766783,0 -71.32521216599335,-33.9762652021785,0</coordinates></LineString></Placemark><Placemark><name>Trabajado - Cuartel 26 - Hilera 317</name><Style><LineStyle><color>ff00ff00</color><width>3</width></LineStyle></Style><LineString><coordinates>-71.3251633,-33.976345,0 -71.3258933,-33.9754316,0</coordinates></LineString></Placemark><Placemark><name>Trabajado - Cuartel 26 - Hilera 318</name><Style><LineStyle><color>ff00ff00</color><width>3</width></LineStyle></Style><LineString><coordinates>-71.3258933,-33.9754316,0 -71.3259191151245,-33.97528531429444,0</coordinates></LineString></Placemark><Placemark><name>Trabajado - Cuartel 26 - Hilera 319</name><Style><LineStyle><color>ff00ff00</color><width>3</width></LineStyle></Style><LineString><coordinates>-71.3258881363902,-33.975367949704484,0 -71.3259933,-33.9752566,0</coordinates></LineString></Placemark><Placemark><name>Trabajado - Cuartel 26 - Hilera 321</name><Style><LineStyle><color>ff00ff00</color><width>3</width></LineStyle></Style><LineString><coordinates>-71.3263616,-33.975485,0 -71.3251499,-33.97682,0</coordinates></LineString></Placemark><Placemark><name>Trabajado - Cuartel 26 - Hilera 329</name><Style><LineStyle><color>ff00ff00</color><width>3</width></LineStyle></Style><LineString><coordinates>-71.3226216,-33.9794933,0 -71.32494,-33.9768399,0</coordinates></LineString></Placemark><Placemark><name>Trabajado - Cuartel 26 - Hilera 330</name><Style><LineStyle><color>ff00ff00</color><width>3</width></LineStyle></Style><LineString><coordinates>-71.32494,-33.9768399,0 -71.32613189601902,-33.97533540011529,0</coordinates></LineString></Placemark><Placemark><name>Trabajado - Cuartel 26 - Hilera 332</name><Style><LineStyle><color>ff00ff00</color><width>3</width></LineStyle></Style><LineString><coordinates>-71.32625,-33.9753816,0 -71.3262216,-33.97547,0</coordinates></LineString></Placemark><Placemark><name>Trabajado - Cuartel 26 - Hilera 333</name><Style><LineStyle><color>ff00ff00</color><width>3</width></LineStyle></Style><LineString><coordinates>-71.3262216,-33.97547,0 -71.3260883,-33.9756116,0</coordinates></LineString></Placemark><Placemark><name>Trabajado - Cuartel 26 - Hilera 334</name><Style><LineStyle><color>ff00ff00</color><width>3</width></LineStyle></Style><LineString><coordinates>-71.3260883,-33.9756116,0 -71.32489028075169,-33.97712609599979,0</coordinates></LineString></Placemark><Placemark><name>Trabajado - Cuartel 26 - Hilera 335</name><Style><LineStyle><color>ff00ff00</color><width>3</width></LineStyle></Style><LineString><coordinates>-71.32567671226337,-33.9761466290952,0 -71.3252766,-33.9766866,0</coordinates></LineString></Placemark><Placemark><name>Trabajado - Cuartel 26 - Hilera 336</name><Style><LineStyle><color>ff00ff00</color><width>3</width></LineStyle></Style><LineString><coordinates>-71.324885,-33.9771233,0 -71.3225483,-33.9795066,0</coordinates></LineString></Placemark><Placemark><name>Trabajado - Cuartel 26 - Hilera 593</name><Style><LineStyle><color>ff00ff00</color><width>3</width></LineStyle></Style><LineString><coordinates>-71.3163783,-33.9749283,0 -71.3149983,-33.9765383,0</coordinates></LineString></Placemark><Placemark><name>Trabajado - Cuartel 26 - Hilera 634</name><Style><LineStyle><color>ff00ff00</color><width>3</width></LineStyle></Style><LineString><coordinates>-71.3136383,-33.9788116,0 -71.31845891972065,-33.973031971839994,0</coordinates></LineString></Placemark><Placemark><name>Trabajado - Cuartel 26 - Hilera 637</name><Style><LineStyle><color>ff00ff00</color><width>3</width></LineStyle></Style><LineString><coordinates>-71.3189166,-33.9727949,0 -71.3137616,-33.9789816,0</coordinates></LineString></Placemark><Placemark><name>Trabajado - Cuartel 26 - Hilera 639</name><Style><LineStyle><color>ff00ff00</color><width>3</width></LineStyle></Style><LineString><coordinates>-71.313795,-33.9790233,0 -71.319045,-33.9728483,0</coordinates></LineString></Placemark><Placemark><name>Trabajado - Cuartel 26 - Hilera 642</name><Style><LineStyle><color>ff00ff00</color><width>3</width></LineStyle></Style><LineString><coordinates>-71.3192516,-33.9728666,0 -71.3140566,-33.9791,0</coordinates></LineString></Placemark><Placemark><name>Trabajado - Cuartel 26 - Hilera 655</name><Style><LineStyle><color>ff00ff00</color><width>3</width></LineStyle></Style><LineString><coordinates>-71.3195116,-33.9729133,0 -71.314255,-33.9792516,0</coordinates></LineString></Placemark><Placemark><name>Trabajado - Cuartel 26 - Hilera 658</name><Style><LineStyle><color>ff00ff00</color><width>3</width></LineStyle></Style><LineString><coordinates>-71.3143983,-33.9792566,0 -71.319615,-33.973025,0</coordinates></LineString></Placemark><Placemark><name>Trabajado - Cuartel 26 - Hilera 661</name><Style><LineStyle><color>ff00ff00</color><width>3</width></LineStyle></Style><LineString><coordinates>-71.319815,-33.973115,0 -71.314485,-33.97947,0</coordinates></LineString></Placemark><Placemark><name>Trabajado - Cuartel 26 - Hilera 665</name><Style><LineStyle><color>ff00ff00</color><width>3</width></LineStyle></Style><LineString><coordinates>-71.3146249,-33.9793966,0 -71.3200899,-33.9730783,0</coordinates></LineString></Placemark><Placemark><name>Trabajado - Cuartel 26 - Hilera 667</name><Style><LineStyle><color>ff00ff00</color><width>3</width></LineStyle></Style><LineString><coordinates>-71.320115,-33.9731666,0 -71.3147816,-33.97955,0</coordinates></LineString></Placemark><Placemark><name>Trabajado - Cuartel 26 - Hilera 676</name><Style><LineStyle><color>ff00ff00</color><width>3</width></LineStyle></Style><LineString><coordinates>-71.3150666,-33.9796633,0 -71.32039,-33.9733416,0</coordinates></LineString></Placemark><Placemark><name>Trabajado - Cuartel 26 - Hilera 678</name><Style><LineStyle><color>ff00ff00</color><width>3</width></LineStyle></Style><LineString><coordinates>-71.3205166,-33.9732883,0 -71.3152233,-33.9795816,0</coordinates></LineString></Placemark><Placemark><name>Trabajado - Cuartel 26 - Hilera 682</name><Style><LineStyle><color>ff00ff00</color><width>3</width></LineStyle></Style><LineString><coordinates>-71.3152383,-33.9798133,0 -71.3206716,-33.9733799,0</coordinates></LineString></Placemark><Placemark><name>Trabajado - Cuartel 26 - Hilera 683</name><Style><LineStyle><color>ff00ff00</color><width>3</width></LineStyle></Style><LineString><coordinates>-71.3207516,-33.9733949,0 -71.3154016,-33.9797616,0</coordinates></LineString></Placemark><Placemark><name>Trabajado - Cuartel 26 - Hilera 689</name><Style><LineStyle><color>ff00ff00</color><width>3</width></LineStyle></Style><LineString><coordinates>-71.3155233,-33.9799433,0 -71.321005,-33.9734083,0</coordinates></LineString></Placemark><Placemark><name>Trabajado - Cuartel 26 - Hilera 691</name><Style><LineStyle><color>ff00ff00</color><width>3</width></LineStyle></Style><LineString><coordinates>-71.3210316,-33.973495,0 -71.3173883,-33.9778499,0</coordinates></LineString></Placemark><Placemark><name>Trabajado - Cuartel 26 - Hilera 708</name><Style><LineStyle><color>ff00ff00</color><width>3</width></LineStyle></Style><LineString><coordinates>-71.317535,-33.9784983,0 -71.3213433,-33.9735983,0</coordinates></LineString></Placemark><Placemark><name>Trabajado - Cuartel 26 - Hilera 709</name><Style><LineStyle><color>ff00ff00</color><width>3</width></LineStyle></Style><LineString><coordinates>-71.3213433,-33.9735983,0 -71.315805,-33.98018,0</coordinates></LineString></Placemark><Placemark><name>Descartado (grupo chico) - Hilera 27</name><Style><LineStyle><color>ff00ffff</color><width>3</width></LineStyle></Style><LineString><coordinates>-71.3215966,-33.97375,0 -71.3217183,-33.9737933,0</coordinates></LineString></Placemark><Placemark><name>Descartado (grupo chico) - Hilera 30</name><Style><LineStyle><color>ff00ffff</color><width>3</width></LineStyle></Style><LineString><coordinates>-71.3211416,-33.9746133,0 -71.321045,-33.974655,0</coordinates></LineString></Placemark><Placemark><name>Trabajado - Cuartel 37 - Hilera 37</name><Style><LineStyle><color>ff00ff00</color><width>3</width></LineStyle></Style><LineString><coordinates>-71.318985,-33.9772283,0 -71.31918695292944,-33.97765353008125,0</coordinates></LineString></Placemark><Placemark><name>Trabajado - Cuartel 37 - Hilera 53</name><Style><LineStyle><color>ff00ff00</color><width>3</width></LineStyle></Style><LineString><coordinates>-71.3190183,-33.9775233,0 -71.3190583,-33.9776066,0</coordinates></LineString></Placemark><Placemark><name>Trabajado - Cuartel 37 - Hilera 82</name><Style><LineStyle><color>ff00ff00</color><width>3</width></LineStyle></Style><LineString><coordinates>-71.31856470297046,-33.97836624971596,0 -71.31865263389511,-33.97749303268129,0</coordinates></LineString></Placemark><Placemark><name>Trabajado - Cuartel 37 - Hilera 94</name><Style><LineStyle><color>ff00ff00</color><width>3</width></LineStyle></Style><LineString><coordinates>-71.3195066,-33.977785,0 -71.319515,-33.9778766,0</coordinates></LineString></Placemark><Placemark><name>Trabajado - Cuartel 37 - Hilera 128</name><Style><LineStyle><color>ff00ff00</color><width>3</width></LineStyle></Style><LineString><coordinates>-71.3185833,-33.9775649,0 -71.3185166,-33.9784499,0</coordinates></LineString></Placemark><Placemark><name>Trabajado - Cuartel 37 - Hilera 144</name><Style><LineStyle><color>ff00ff00</color><width>3</width></LineStyle></Style><LineString><coordinates>-71.3185816,-33.9783216,0 -71.3184816,-33.9775033,0</coordinates></LineString></Placemark><Placemark><name>Trabajado - Cuartel 37 - Hilera 194</name><Style><LineStyle><color>ff00ff00</color><width>3</width></LineStyle></Style><LineString><coordinates>-71.3189566,-33.9770633,0 -71.3190483,-33.9774783,0</coordinates></LineString></Placemark><Placemark><name>Trabajado - Cuartel 37 - Hilera 197</name><Style><LineStyle><color>ff00ff00</color><width>3</width></LineStyle></Style><LineString><coordinates>-71.3186183,-33.9773833,0 -71.3184716,-33.9784933,0</coordinates></LineString></Placemark><Placemark><name>Trabajado - Cuartel 37 - Hilera 255</name><Style><LineStyle><color>ff00ff00</color><width>3</width></LineStyle></Style><LineString><coordinates>-71.3186483,-33.9775,0 -71.3184833,-33.9785116,0</coordinates></LineString></Placemark><Placemark><name>Trabajado - Cuartel 37 - Hilera 323</name><Style><LineStyle><color>ff00ff00</color><width>3</width></LineStyle></Style><LineString><coordinates>-71.3185833,-33.97828,0 -71.3184683,-33.9785033,0</coordinates></LineString></Placemark><Placemark><name>Descartado (grupo chico) - Hilera 45</name><Style><LineStyle><color>ff00ffff</color><width>3</width></LineStyle></Style><LineString><coordinates>-71.3218616,-33.97389,0 -71.32202,-33.97387,0</coordinates></LineString></Placemark><Placemark><name>Descartado (grupo chico) - Hilera 52</name><Style><LineStyle><color>ff00ffff</color><width>3</width></LineStyle></Style><LineString><coordinates>-71.3191666,-33.97766,0 -71.3190183,-33.9775233,0</coordinates></LineString></Placemark><Placemark><name>Descartado (grupo chico) - Hilera 54</name><Style><LineStyle><color>ff00ffff</color><width>3</width></LineStyle></Style><LineString><coordinates>-71.3190583,-33.9776066,0 -71.3192516,-33.9776733,0</coordinates></LineString></Placemark><Placemark><name>Descartado (grupo chico) - Hilera 84</name><Style><LineStyle><color>ff00ffff</color><width>3</width></LineStyle></Style><LineString><coordinates>-71.318785,-33.9774133,0 -71.3199425422562,-33.97801738477086,0</coordinates></LineString></Placemark><Placemark><name>Descartado (grupo chico) - Hilera 196</name><Style><LineStyle><color>ff00ffff</color><width>3</width></LineStyle></Style><LineString><coordinates>-71.3189333,-33.9774933,0 -71.3186183,-33.9773833,0</coordinates></LineString></Placemark><Placemark><name>Descartado (grupo chico) - Hilera 64</name><Style><LineStyle><color>ff00ffff</color><width>3</width></LineStyle></Style><LineString><coordinates>-71.32363748378805,-33.97435661502089,0 -71.3215133,-33.9736716,0</coordinates></LineString></Placemark><Placemark><name>Descartado (grupo chico) - Hilera 87</name><Style><LineStyle><color>ff00ffff</color><width>3</width></LineStyle></Style><LineString><coordinates>-71.3223333,-33.9739366,0 -71.3224333,-33.9740033,0</coordinates></LineString></Placemark><Placemark><name>Descartado (grupo chico) - Hilera 97</name><Style><LineStyle><color>ff00ffff</color><width>3</width></LineStyle></Style><LineString><coordinates>-71.3225816,-33.9740583,0 -71.322735,-33.9740966,0</coordinates></LineString></Placemark><Placemark><name>Descartado (grupo chico) - Hilera 67</name><Style><LineStyle><color>ff00ffff</color><width>3</width></LineStyle></Style><LineString><coordinates>-71.3110566,-33.98801,0 -71.31100572720739,-33.9881028461672,0</coordinates></LineString></Placemark><Placemark><name>Descartado (grupo chico) - Hilera 77</name><Style><LineStyle><color>ff00ffff</color><width>3</width></LineStyle></Style><LineString><coordinates>-71.3109383,-33.9881249,0 -71.31102715956003,-33.98800883574389,0</coordinates></LineString></Placemark><Placemark><name>Trabajado - Cuartel 81 - Hilera 81</name><Style><LineStyle><color>ff00ff00</color><width>3</width></LineStyle></Style><LineString><coordinates>-71.3171416,-33.9794316,0 -71.31857618966858,-33.97835490185265,0</coordinates></LineString></Placemark><Placemark><name>Trabajado - Cuartel 81 - Hilera 129</name><Style><LineStyle><color>ff00ff00</color><width>3</width></LineStyle></Style><LineString><coordinates>-71.3185166,-33.9784499,0 -71.317105,-33.9794633,0</coordinates></LineString></Placemark><Placemark><name>Trabajado - Cuartel 81 - Hilera 143</name><Style><LineStyle><color>ff00ff00</color><width>3</width></LineStyle></Style><LineString><coordinates>-71.31719,-33.9793766,0 -71.3185816,-33.9783216,0</coordinates></LineString></Placemark><Placemark><name>Trabajado - Cuartel 81 - Hilera 198</name><Style><LineStyle><color>ff00ff00</color><width>3</width></LineStyle></Style><LineString><coordinates>-71.3184716,-33.9784933,0 -71.3169933,-33.9803983,0</coordinates></LineString></Placemark><Placemark><name>Trabajado - Cuartel 81 - Hilera 256</name><Style><LineStyle><color>ff00ff00</color><width>3</width></LineStyle></Style><LineString><coordinates>-71.3184833,-33.9785116,0 -71.3170766,-33.9795483,0</coordinates></LineString></Placemark><Placemark><name>Descartado (grupo chico) - Hilera 102</name><Style><LineStyle><color>ff00ffff</color><width>3</width></LineStyle></Style><LineString><coordinates>-71.3230066,-33.9741433,0 -71.3229883,-33.9742333,0</coordinates></LineString></Placemark><Placemark><name>Descartado (grupo chico) - Hilera 111</name><Style><LineStyle><color>ff00ffff</color><width>3</width></LineStyle></Style><LineString><coordinates>-71.3227783,-33.9747116,0 -71.3228633,-33.9745466,0</coordinates></LineString></Placemark><Placemark><name>Descartado (grupo chico) - Hilera 113</name><Style><LineStyle><color>ff00ffff</color><width>3</width></LineStyle></Style><LineString><coordinates>-71.32294216024853,-33.97449142468934,0 -71.3230633,-33.97434,0</coordinates></LineString></Placemark><Placemark><name>Descartado (grupo chico) - Hilera 115</name><Style><LineStyle><color>ff00ffff</color><width>3</width></LineStyle></Style><LineString><coordinates>-71.3232633,-33.9742633,0 -71.32267849178142,-33.97510917543465,0</coordinates></LineString></Placemark><Placemark><name>Trabajado - Cuartel 108 - Hilera 108</name><Style><LineStyle><color>ff00ff00</color><width>3</width></LineStyle></Style><LineString><coordinates>-71.3199766,-33.9780749,0 -71.32028030284738,-33.97831810524018,0</coordinates></LineString></Placemark><Placemark><name>Trabajado - Cuartel 108 - Hilera 254</name><Style><LineStyle><color>ff00ff00</color><width>3</width></LineStyle></Style><LineString><coordinates>-71.3216766,-33.9791316,0 -71.3187733,-33.977435,0</coordinates></LineString></Placemark><Placemark><name>Trabajado - Cuartel 108 - Hilera 265</name><Style><LineStyle><color>ff00ff00</color><width>3</width></LineStyle></Style><LineString><coordinates>-71.3188566,-33.9774083,0 -71.3218233,-33.9791266,0</coordinates></LineString></Placemark><Placemark><name>Trabajado - Cuartel 108 - Hilera 328</name><Style><LineStyle><color>ff00ff00</color><width>3</width></LineStyle></Style><LineString><coordinates>-71.3187733,-33.9774166,0 -71.322555,-33.9795166,0</coordinates></LineString></Placemark><Placemark><name>Trabajado - Cuartel 108 - Hilera 338</name><Style><LineStyle><color>ff00ff00</color><width>3</width></LineStyle></Style><LineString><coordinates>-71.3224033,-33.979505,0 -71.3187416,-33.9773533,0</coordinates></LineString></Placemark><Placemark><name>Descartado (grupo chico) - Hilera 112</name><Style><LineStyle><color>ff00ffff</color><width>3</width></LineStyle></Style><LineString><coordinates>-71.3228633,-33.9745466,0 -71.322955,-33.9744983,0</coordinates></LineString></Placemark><Placemark><name>Descartado (grupo chico) - Hilera 114</name><Style><LineStyle><color>ff00ffff</color><width>3</width></LineStyle></Style><LineString><coordinates>-71.3231566,-33.9742833,0 -71.3232633,-33.9742633,0</coordinates></LineString></Placemark><Placemark><name>Descartado (grupo chico) - Hilera 124</name><Style><LineStyle><color>ff00ffff</color><width>3</width></LineStyle></Style><LineString><coordinates>-71.3226283,-33.9754083,0 -71.3217416,-33.9749183,0</coordinates></LineString></Placemark><Placemark><name>Descartado (grupo chico) - Hilera 146</name><Style><LineStyle><color>ff00ffff</color><width>3</width></LineStyle></Style><LineString><coordinates>-71.3208966,-33.9745116,0 -71.3226333,-33.9753666,0</coordinates></LineString></Placemark><Placemark><name>Trabajado - Cuartel 141 - Hilera 141</name><Style><LineStyle><color>ff00ff00</color><width>3</width></LineStyle></Style><LineString><coordinates>-71.3144266,-33.9840383,0 -71.3146483,-33.98314,0</coordinates></LineString></Placemark><Placemark><name>Trabajado - Cuartel 141 - Hilera 200</name><Style><LineStyle><color>ff00ff00</color><width>3</width></LineStyle></Style><LineString><coordinates>-71.3144866,-33.9833416,0 -71.3142633,-33.9845416,0</coordinates></LineString></Placemark><Placemark><name>Trabajado - Cuartel 141 - Hilera 563</name><Style><LineStyle><color>ff00ff00</color><width>3</width></LineStyle></Style><LineString><coordinates>-71.3145466,-33.9832866,0 -71.3142183,-33.9846133,0</coordinates></LineString></Placemark><Placemark><name>Trabajado - Cuartel 141 - Hilera 564</name><Style><LineStyle><color>ff00ff00</color><width>3</width></LineStyle></Style><LineString><coordinates>-71.3142183,-33.9846133,0 -71.3140933,-33.9846983,0</coordinates></LineString></Placemark><Placemark><name>Trabajado - Cuartel 141 - Hilera 586</name><Style><LineStyle><color>ff00ff00</color><width>3</width></LineStyle></Style><LineString><coordinates>-71.3137316,-33.9846466,0 -71.3144133,-33.983795,0</coordinates></LineString></Placemark><Placemark><name>Trabajado - Cuartel 141 - Hilera 588</name><Style><LineStyle><color>ff00ff00</color><width>3</width></LineStyle></Style><LineString><coordinates>-71.3144616,-33.9839099,0 -71.3138783,-33.9847333,0</coordinates></LineString></Placemark><Placemark><name>Descartado (grupo chico) - Hilera 151</name><Style><LineStyle><color>ff00ffff</color><width>3</width></LineStyle></Style><LineString><coordinates>-71.3204866,-33.978415,0 -71.320595,-33.9784266,0</coordinates></LineString></Placemark><Placemark><name>Descartado (grupo chico) - Hilera 155</name><Style><LineStyle><color>ff00ffff</color><width>3</width></LineStyle></Style><LineString><coordinates>-71.323755,-33.9744383,0 -71.3241298165212,-33.97463279337644,0</coordinates></LineString></Placemark><Placemark><name>Descartado (grupo chico) - Hilera 161</name><Style><LineStyle><color>ff00ffff</color><width>3</width></LineStyle></Style><LineString><coordinates>-71.3224083,-33.9761866,0 -71.3225116,-33.97631,0</coordinates></LineString></Placemark><Placemark><name>Descartado (grupo chico) - Hilera 191</name><Style><LineStyle><color>ff00ffff</color><width>3</width></LineStyle></Style><LineString><coordinates>-71.322155,-33.9773666,0 -71.3220466,-33.97735,0</coordinates></LineString></Placemark><Placemark><name>Descartado (grupo chico) - Hilera 192</name><Style><LineStyle><color>ff00ffff</color><width>3</width></LineStyle></Style><LineString><coordinates>-71.3220466,-33.97735,0 -71.31965,-33.97609,0</coordinates></LineString></Placemark><Placemark><name>Descartado (grupo chico) - Hilera 209</name><Style><LineStyle><color>ff00ffff</color><width>3</width></LineStyle></Style><LineString><coordinates>-71.3197216,-33.9760533,0 -71.3221666,-33.97736,0</coordinates></LineString></Placemark><Placemark><name>Descartado (grupo chico) - Hilera 214</name><Style><LineStyle><color>ff00ffff</color><width>3</width></LineStyle></Style><LineString><coordinates>-71.3243083,-33.9747033,0 -71.3244266,-33.974675,0</coordinates></LineString></Placemark><Placemark><name>Descartado (grupo chico) - Hilera 242</name><Style><LineStyle><color>ff00ffff</color><width>3</width></LineStyle></Style><LineString><coordinates>-71.32478,-33.9749533,0 -71.324885,-33.9749166,0</coordinates></LineString></Placemark><Placemark><name>Descartado (grupo chico) - Hilera 244</name><Style><LineStyle><color>ff00ffff</color><width>3</width></LineStyle></Style><LineString><coordinates>-71.324955,-33.9751033,0 -71.3248499,-33.9751383,0</coordinates></LineString></Placemark><Placemark><name>Descartado (grupo chico) - Hilera 217</name><Style><LineStyle><color>ff00ffff</color><width>3</width></LineStyle></Style><LineString><coordinates>-71.3212949,-33.9787466,0 -71.32139,-33.9788399,0</coordinates></LineString></Placemark><Placemark><name>Descartado (grupo chico) - Hilera 224</name><Style><LineStyle><color>ff00ffff</color><width>3</width></LineStyle></Style><LineString><coordinates>-71.3245399,-33.9747316,0 -71.3246633,-33.9747449,0</coordinates></LineString></Placemark><Placemark><name>Descartado (grupo chico) - Hilera 253</name><Style><LineStyle><color>ff00ffff</color><width>3</width></LineStyle></Style><LineString><coordinates>-71.3217749,-33.9791116,0 -71.3216766,-33.9791316,0</coordinates></LineString></Placemark><Placemark><name>Descartado (grupo chico) - Hilera 280</name><Style><LineStyle><color>ff00ffff</color><width>3</width></LineStyle></Style><LineString><coordinates>-71.3220716,-33.9793216,0 -71.3221716,-33.9792866,0</coordinates></LineString></Placemark><Placemark><name>Descartado (grupo chico) - Hilera 271</name><Style><LineStyle><color>ff00ffff</color><width>3</width></LineStyle></Style><LineString><coordinates>-71.3239216,-33.9760616,0 -71.3240333,-33.9761783,0</coordinates></LineString></Placemark><Placemark><name>Descartado (grupo chico) - Hilera 272</name><Style><LineStyle><color>ff00ffff</color><width>3</width></LineStyle></Style><LineString><coordinates>-71.3240333,-33.9761783,0 -71.3241866,-33.9761666,0</coordinates></LineString></Placemark><Placemark><name>Descartado (grupo chico) - Hilera 296</name><Style><LineStyle><color>ff00ffff</color><width>3</width></LineStyle></Style><LineString><coordinates>-71.3244216,-33.9764116,0 -71.3246716,-33.976445,0</coordinates></LineString></Placemark><Placemark><name>Descartado (grupo chico) - Hilera 275</name><Style><LineStyle><color>ff00ffff</color><width>3</width></LineStyle></Style><LineString><coordinates>-71.3251983,-33.9749666,0 -71.32578153277088,-33.975170453739885,0</coordinates></LineString></Placemark><Placemark><name>Descartado (grupo chico) - Hilera 295</name><Style><LineStyle><color>ff00ffff</color><width>3</width></LineStyle></Style><LineString><coordinates>-71.3255033,-33.97511,0 -71.32543,-33.9750433,0</coordinates></LineString></Placemark><Placemark><name>Descartado (grupo chico) - Hilera 301</name><Style><LineStyle><color>ff00ffff</color><width>3</width></LineStyle></Style><LineString><coordinates>-71.3256133,-33.9751033,0 -71.3258183,-33.97522,0</coordinates></LineString></Placemark><Placemark><name>Descartado (grupo chico) - Hilera 320</name><Style><LineStyle><color>ff00ffff</color><width>3</width></LineStyle></Style><LineString><coordinates>-71.32593,-33.9752866,0 -71.3263616,-33.975485,0</coordinates></LineString></Placemark><Placemark><name>Descartado (grupo chico) - Hilera 331</name><Style><LineStyle><color>ff00ffff</color><width>3</width></LineStyle></Style><LineString><coordinates>-71.32615,-33.975345,0 -71.32625,-33.9753816,0</coordinates></LineString></Placemark><Placemark><name>Descartado (grupo chico) - Hilera 279</name><Style><LineStyle><color>ff00ffff</color><width>3</width></LineStyle></Style><LineString><coordinates>-71.3219816,-33.97927,0 -71.3220716,-33.9793216,0</coordinates></LineString></Placemark><Placemark><name>Descartado (grupo chico) - Hilera 290</name><Style><LineStyle><color>ff00ffff</color><width>3</width></LineStyle></Style><LineString><coordinates>-71.3222083,-33.97937,0 -71.3222999,-33.979465,0</coordinates></LineString></Placemark><Placemark><name>Descartado (grupo chico) - Hilera 305</name><Style><LineStyle><color>ff00ffff</color><width>3</width></LineStyle></Style><LineString><coordinates>-71.3235249,-33.9781649,0 -71.3237116,-33.9782733,0</coordinates></LineString></Placemark><Placemark><name>Descartado (grupo chico) - Hilera 306</name><Style><LineStyle><color>ff00ffff</color><width>3</width></LineStyle></Style><LineString><coordinates>-71.323705,-33.9782399,0 -71.323555,-33.9781666,0</coordinates></LineString></Placemark><Placemark><name>Descartado (grupo chico) - Hilera 307</name><Style><LineStyle><color>ff00ffff</color><width>3</width></LineStyle></Style><LineString><coordinates>-71.3224816,-33.9794916,0 -71.3225033,-33.9795766,0</coordinates></LineString></Placemark><Placemark><name>Descartado (grupo chico) - Hilera 311</name><Style><LineStyle><color>ff00ffff</color><width>3</width></LineStyle></Style><LineString><coordinates>-71.3242716,-33.9773566,0 -71.324365,-33.97731,0</coordinates></LineString></Placemark><Placemark><name>Descartado (grupo chico) - Hilera 314</name><Style><LineStyle><color>ff00ffff</color><width>3</width></LineStyle></Style><LineString><coordinates>-71.3249149,-33.9766516,0 -71.3251983,-33.9768283,0</coordinates></LineString></Placemark><Placemark><name>Descartado (grupo chico) - Hilera 315</name><Style><LineStyle><color>ff00ffff</color><width>3</width></LineStyle></Style><LineString><coordinates>-71.3251716,-33.9768533,0 -71.3248833,-33.976695,0</coordinates></LineString></Placemark><Placemark><name>Descartado (grupo chico) - Hilera 322</name><Style><LineStyle><color>ff00ffff</color><width>3</width></LineStyle></Style><LineString><coordinates>-71.3251499,-33.97682,0 -71.3208449,-33.9745383,0</coordinates></LineString></Placemark><Placemark><name>Descartado (grupo chico) - Hilera 337</name><Style><LineStyle><color>ff00ffff</color><width>3</width></LineStyle></Style><LineString><coordinates>-71.3225483,-33.9795066,0 -71.3224033,-33.979505,0</coordinates></LineString></Placemark><Placemark><name>Descartado (grupo chico) - Hilera 341</name><Style><LineStyle><color>ff00ffff</color><width>3</width></LineStyle></Style><LineString><coordinates>-71.3098433,-33.98234,0 -71.309825,-33.9824483,0</coordinates></LineString></Placemark><Placemark><name>Descartado (grupo chico) - Hilera 446</name><Style><LineStyle><color>ff00ffff</color><width>3</width></LineStyle></Style><LineString><coordinates>-71.30978831755198,-33.982371442032104,0 -71.3097783,-33.9824616,0</coordinates></LineString></Placemark><Placemark><name>Descartado (grupo chico) - Hilera 589</name><Style><LineStyle><color>ff00ffff</color><width>3</width></LineStyle></Style><LineString><coordinates>-71.3098533,-33.9824316,0 -71.3098683,-33.98224,0</coordinates></LineString></Placemark><Placemark><name>Descartado (grupo chico) - Hilera 343</name><Style><LineStyle><color>ff00ffff</color><width>3</width></LineStyle></Style><LineString><coordinates>-71.3083233,-33.9842516,0 -71.30828,-33.9845083,0</coordinates></LineString></Placemark><Placemark><name>Descartado (grupo chico) - Hilera 352</name><Style><LineStyle><color>ff00ffff</color><width>3</width></LineStyle></Style><LineString><coordinates>-71.308615,-33.9847016,0 -71.3086066,-33.9849183,0</coordinates></LineString></Placemark><Placemark><name>Descartado (grupo chico) - Hilera 344</name><Style><LineStyle><color>ff00ffff</color><width>3</width></LineStyle></Style><LineString><coordinates>-71.30828,-33.9845083,0 -71.3086683,-33.984065,0</coordinates></LineString></Placemark><Placemark><name>Trabajado - Cuartel 346 - Hilera 346</name><Style><LineStyle><color>ff00ff00</color><width>3</width></LineStyle></Style><LineString><coordinates>-71.3099783,-33.9824916,0 -71.3100683,-33.9825233,0</coordinates></LineString></Placemark><Placemark><name>Trabajado - Cuartel 346 - Hilera 350</name><Style><LineStyle><color>ff00ff00</color><width>3</width></LineStyle></Style><LineString><coordinates>-71.3101816,-33.982675,0 -71.3105951517639,-33.98269633056467,0</coordinates></LineString></Placemark><Placemark><name>Trabajado - Cuartel 346 - Hilera 354</name><Style><LineStyle><color>ff00ff00</color><width>3</width></LineStyle></Style><LineString><coordinates>-71.3104883,-33.98274,0 -71.30977119058994,-33.98238521836946,0</coordinates></LineString></Placemark><Placemark><name>Trabajado - Cuartel 346 - Hilera 355</name><Style><LineStyle><color>ff00ff00</color><width>3</width></LineStyle></Style><LineString><coordinates>-71.3103166,-33.982665,0 -71.3104633,-33.9828866,0</coordinates></LineString></Placemark><Placemark><name>Trabajado - Cuartel 346 - Hilera 360</name><Style><LineStyle><color>ff00ff00</color><width>3</width></LineStyle></Style><LineString><coordinates>-71.3107566,-33.982885,0 -71.3108716,-33.9830266,0</coordinates></LineString></Placemark><Placemark><name>Trabajado - Cuartel 346 - Hilera 368</name><Style><LineStyle><color>ff00ff00</color><width>3</width></LineStyle></Style><LineString><coordinates>-71.3099866,-33.9825166,0 -71.3096883,-33.98248,0</coordinates></LineString></Placemark><Placemark><name>Trabajado - Cuartel 346 - Hilera 370</name><Style><LineStyle><color>ff00ff00</color><width>3</width></LineStyle></Style><LineString><coordinates>-71.30978327909922,-33.9823697042136,0 -71.3126731703871,-33.9841336608363,0</coordinates></LineString></Placemark><Placemark><name>Trabajado - Cuartel 346 - Hilera 373</name><Style><LineStyle><color>ff00ff00</color><width>3</width></LineStyle></Style><LineString><coordinates>-71.311245,-33.9831599,0 -71.3113633,-33.9833133,0</coordinates></LineString></Placemark><Placemark><name>Trabajado - Cuartel 346 - Hilera 427</name><Style><LineStyle><color>ff00ff00</color><width>3</width></LineStyle></Style><LineString><coordinates>-71.3100183,-33.9824599,0 -71.3098583,-33.9824466,0</coordinates></LineString></Placemark><Placemark><name>Trabajado - Cuartel 346 - Hilera 428</name><Style><LineStyle><color>ff00ff00</color><width>3</width></LineStyle></Style><LineString><coordinates>-71.3099816,-33.9825316,0 -71.3100849,-33.9825016,0</coordinates></LineString></Placemark><Placemark><name>Trabajado - Cuartel 346 - Hilera 435</name><Style><LineStyle><color>ff00ff00</color><width>3</width></LineStyle></Style><LineString><coordinates>-71.31036,-33.9824983,0 -71.309815,-33.98248,0</coordinates></LineString></Placemark><Placemark><name>Trabajado - Cuartel 346 - Hilera 444</name><Style><LineStyle><color>ff00ff00</color><width>3</width></LineStyle></Style><LineString><coordinates>-71.3103333,-33.9826683,0 -71.3099033,-33.9823883,0</coordinates></LineString></Placemark><Placemark><name>Trabajado - Cuartel 346 - Hilera 445</name><Style><LineStyle><color>ff00ff00</color><width>3</width></LineStyle></Style><LineString><coordinates>-71.3099033,-33.9823883,0 -71.3097883,-33.9823716,0</coordinates></LineString></Placemark><Placemark><name>Trabajado - Cuartel 346 - Hilera 469</name><Style><LineStyle><color>ff00ff00</color><width>3</width></LineStyle></Style><LineString><coordinates>-71.3109983,-33.9829066,0 -71.3097266,-33.982415,0</coordinates></LineString></Placemark><Placemark><name>Trabajado - Cuartel 346 - Hilera 470</name><Style><LineStyle><color>ff00ff00</color><width>3</width></LineStyle></Style><LineString><coordinates>-71.3098483,-33.9823883,0 -71.311015,-33.9829666,0</coordinates></LineString></Placemark><Placemark><name>Trabajado - Cuartel 346 - Hilera 493</name><Style><LineStyle><color>ff00ff00</color><width>3</width></LineStyle></Style><LineString><coordinates>-71.3112916,-33.9831316,0 -71.3098283,-33.982365,0</coordinates></LineString></Placemark><Placemark><name>Trabajado - Cuartel 346 - Hilera 494</name><Style><LineStyle><color>ff00ff00</color><width>3</width></LineStyle></Style><LineString><coordinates>-71.30974,-33.9824399,0 -71.3099083,-33.9824233,0</coordinates></LineString></Placemark><Placemark><name>Trabajado - Cuartel 346 - Hilera 515</name><Style><LineStyle><color>ff00ff00</color><width>3</width></LineStyle></Style><LineString><coordinates>-71.31174,-33.9834083,0 -71.3097866,-33.9823983,0</coordinates></LineString></Placemark><Placemark><name>Trabajado - Cuartel 346 - Hilera 525</name><Style><LineStyle><color>ff00ff00</color><width>3</width></LineStyle></Style><LineString><coordinates>-71.31268097981265,-33.98412513548285,0 -71.3098283,-33.9823699,0</coordinates></LineString></Placemark><Placemark><name>Descartado (grupo chico) - Hilera 347</name><Style><LineStyle><color>ff00ffff</color><width>3</width></LineStyle></Style><LineString><coordinates>-71.31320043491625,-33.97879073244049,0 -71.3083609928017,-33.98455789928543,0</coordinates></LineString></Placemark><Placemark><name>Descartado (grupo chico) - Hilera 426</name><Style><LineStyle><color>ff00ffff</color><width>3</width></LineStyle></Style><LineString><coordinates>-71.31192,-33.9802466,0 -71.3100183,-33.9824599,0</coordinates></LineString></Placemark><Placemark><name>Descartado (grupo chico) - Hilera 348</name><Style><LineStyle><color>ff00ffff</color><width>3</width></LineStyle></Style><LineString><coordinates>-71.308335,-33.9845433,0 -71.3085033,-33.984685,0</coordinates></LineString></Placemark><Placemark><name>Descartado (grupo chico) - Hilera 357</name><Style><LineStyle><color>ff00ffff</color><width>3</width></LineStyle></Style><LineString><coordinates>-71.3088983,-33.9847616,0 -71.3087,-33.985075,0</coordinates></LineString></Placemark><Placemark><name>Descartado (grupo chico) - Hilera 358</name><Style><LineStyle><color>ff00ffff</color><width>3</width></LineStyle></Style><LineString><coordinates>-71.3087,-33.985075,0 -71.3089283,-33.9850416,0</coordinates></LineString></Placemark><Placemark><name>Descartado (grupo chico) - Hilera 363</name><Style><LineStyle><color>ff00ffff</color><width>3</width></LineStyle></Style><LineString><coordinates>-71.3102366,-33.9837633,0 -71.3102683,-33.98385,0</coordinates></LineString></Placemark><Placemark><name>Descartado (grupo chico) - Hilera 364</name><Style><LineStyle><color>ff00ffff</color><width>3</width></LineStyle></Style><LineString><coordinates>-71.3102683,-33.98385,0 -71.310165,-33.9838833,0</coordinates></LineString></Placemark><Placemark><name>Descartado (grupo chico) - Hilera 367</name><Style><LineStyle><color>ff00ffff</color><width>3</width></LineStyle></Style><LineString><coordinates>-71.31396260871159,-33.98479494788664,0 -71.30978946628969,-33.98240363767901,0</coordinates></LineString></Placemark><Placemark><name>Descartado (grupo chico) - Hilera 420</name><Style><LineStyle><color>ff00ffff</color><width>3</width></LineStyle></Style><LineString><coordinates>-71.31395104268458,-33.98481585227707,0 -71.30980093383667,-33.98235905321039,0</coordinates></LineString></Placemark><Placemark><name>Descartado (grupo chico) - Hilera 375</name><Style><LineStyle><color>ff00ffff</color><width>3</width></LineStyle></Style><LineString><coordinates>-71.3093399,-33.9857966,0 -71.3094349,-33.98575,0</coordinates></LineString></Placemark><Placemark><name>Descartado (grupo chico) - Hilera 376</name><Style><LineStyle><color>ff00ffff</color><width>3</width></LineStyle></Style><LineString><coordinates>-71.3094349,-33.98575,0 -71.3093966,-33.985835,0</coordinates></LineString></Placemark><Placemark><name>Descartado (grupo chico) - Hilera 381</name><Style><LineStyle><color>ff00ffff</color><width>3</width></LineStyle></Style><LineString><coordinates>-71.3109483,-33.9848016,0 -71.3098,-33.9861166,0</coordinates></LineString></Placemark><Placemark><name>Descartado (grupo chico) - Hilera 382</name><Style><LineStyle><color>ff00ffff</color><width>3</width></LineStyle></Style><LineString><coordinates>-71.309835,-33.9861866,0 -71.3098016,-33.9862716,0</coordinates></LineString></Placemark><Placemark><name>Descartado (grupo chico) - Hilera 393</name><Style><LineStyle><color>ff00ffff</color><width>3</width></LineStyle></Style><LineString><coordinates>-71.3105366,-33.9857983,0 -71.3100983,-33.9864883,0</coordinates></LineString></Placemark><Placemark><name>Descartado (grupo chico) - Hilera 384</name><Style><LineStyle><color>ff00ffff</color><width>3</width></LineStyle></Style><LineString><coordinates>-71.313875,-33.9847566,0 -71.3138816,-33.9848533,0</coordinates></LineString></Placemark><Placemark><name>Descartado (grupo chico) - Hilera 585</name><Style><LineStyle><color>ff00ffff</color><width>3</width></LineStyle></Style><LineString><coordinates>-71.3138283,-33.9844016,0 -71.3137966,-33.984695,0</coordinates></LineString></Placemark><Placemark><name>Descartado (grupo chico) - Hilera 391</name><Style><LineStyle><color>ff00ffff</color><width>3</width></LineStyle></Style><LineString><coordinates>-71.3100066,-33.9863316,0 -71.3138836108122,-33.981666075226585,0</coordinates></LineString></Placemark><Placemark><name>Descartado (grupo chico) - Hilera 394</name><Style><LineStyle><color>ff00ffff</color><width>3</width></LineStyle></Style><LineString><coordinates>-71.3100983,-33.9864883,0 -71.3102149,-33.986485,0</coordinates></LineString></Placemark><Placemark><name>Trabajado - Cuartel 395 - Hilera 395</name><Style><LineStyle><color>ff00ff00</color><width>3</width></LineStyle></Style><LineString><coordinates>-71.31018291245698,-33.98652308211594,0 -71.31557493542597,-33.98010371931483,0</coordinates></LineString></Placemark><Placemark><name>Trabajado - Cuartel 395 - Hilera 474</name><Style><LineStyle><color>ff00ff00</color><width>3</width></LineStyle></Style><LineString><coordinates>-71.314705,-33.9795516,0 -71.3094716,-33.9858533,0</coordinates></LineString></Placemark><Placemark><name>Trabajado - Cuartel 395 - Hilera 496</name><Style><LineStyle><color>ff00ff00</color><width>3</width></LineStyle></Style><LineString><coordinates>-71.3114566,-33.9832133,0 -71.3124566,-33.9820283,0</coordinates></LineString></Placemark><Placemark><name>Trabajado - Cuartel 395 - Hilera 509</name><Style><LineStyle><color>ff00ff00</color><width>3</width></LineStyle></Style><LineString><coordinates>-71.3116766,-33.9833716,0 -71.3133649,-33.9814433,0</coordinates></LineString></Placemark><Placemark><name>Trabajado - Cuartel 395 - Hilera 521</name><Style><LineStyle><color>ff00ff00</color><width>3</width></LineStyle></Style><LineString><coordinates>-71.3129683,-33.9824416,0 -71.31277,-33.9827566,0</coordinates></LineString></Placemark><Placemark><name>Trabajado - Cuartel 395 - Hilera 522</name><Style><LineStyle><color>ff00ff00</color><width>3</width></LineStyle></Style><LineString><coordinates>-71.31277,-33.9827566,0 -71.3126133,-33.9828816,0</coordinates></LineString></Placemark><Placemark><name>Trabajado - Cuartel 395 - Hilera 523</name><Style><LineStyle><color>ff00ff00</color><width>3</width></LineStyle></Style><LineString><coordinates>-71.3126766,-33.982845,0 -71.3121133,-33.9835183,0</coordinates></LineString></Placemark><Placemark><name>Trabajado - Cuartel 395 - Hilera 550</name><Style><LineStyle><color>ff00ff00</color><width>3</width></LineStyle></Style><LineString><coordinates>-71.31332,-33.9834233,0 -71.3128599,-33.9839316,0</coordinates></LineString></Placemark><Placemark><name>Trabajado - Cuartel 395 - Hilera 628</name><Style><LineStyle><color>ff00ff00</color><width>3</width></LineStyle></Style><LineString><coordinates>-71.3102366,-33.9867799,0 -71.3157083,-33.9801933,0</coordinates></LineString></Placemark><Placemark><name>Trabajado - Cuartel 395 - Hilera 674</name><Style><LineStyle><color>ff00ff00</color><width>3</width></LineStyle></Style><LineString><coordinates>-71.3102833,-33.9868166,0 -71.31577,-33.9801983,0</coordinates></LineString></Placemark><Placemark><name>Trabajado - Cuartel 396 - Hilera 396</name><Style><LineStyle><color>ff00ff00</color><width>3</width></LineStyle></Style><LineString><coordinates>-71.312445,-33.98383,0 -71.3124633,-33.9839199,0</coordinates></LineString></Placemark><Placemark><name>Trabajado - Cuartel 396 - Hilera 401</name><Style><LineStyle><color>ff00ff00</color><width>3</width></LineStyle></Style><LineString><coordinates>-71.3126483,-33.9840216,0 -71.3126316,-33.9841766,0</coordinates></LineString></Placemark><Placemark><name>Trabajado - Cuartel 396 - Hilera 405</name><Style><LineStyle><color>ff00ff00</color><width>3</width></LineStyle></Style><LineString><coordinates>-71.3128766,-33.9841883,0 -71.3128466,-33.9843583,0</coordinates></LineString></Placemark><Placemark><name>Trabajado - Cuartel 396 - Hilera 412</name><Style><LineStyle><color>ff00ff00</color><width>3</width></LineStyle></Style><LineString><coordinates>-71.3134066,-33.9844566,0 -71.31392575158213,-33.984789186431506,0</coordinates></LineString></Placemark><Placemark><name>Trabajado - Cuartel 396 - Hilera 415</name><Style><LineStyle><color>ff00ff00</color><width>3</width></LineStyle></Style><LineString><coordinates>-71.3136299,-33.9845949,0 -71.313825,-33.9846783,0</coordinates></LineString></Placemark><Placemark><name>Trabajado - Cuartel 396 - Hilera 419</name><Style><LineStyle><color>ff00ff00</color><width>3</width></LineStyle></Style><LineString><coordinates>-71.3137216,-33.98462,0 -71.3138916,-33.9847566,0</coordinates></LineString></Placemark><Placemark><name>Trabajado - Cuartel 396 - Hilera 534</name><Style><LineStyle><color>ff00ff00</color><width>3</width></LineStyle></Style><LineString><coordinates>-71.3122166,-33.9837599,0 -71.3139291323148,-33.98480878403653,0</coordinates></LineString></Placemark><Placemark><name>Trabajado - Cuartel 396 - Hilera 535</name><Style><LineStyle><color>ff00ff00</color><width>3</width></LineStyle></Style><LineString><coordinates>-71.312565,-33.9839849,0 -71.3124533,-33.98379,0</coordinates></LineString></Placemark><Placemark><name>Trabajado - Cuartel 396 - Hilera 539</name><Style><LineStyle><color>ff00ff00</color><width>3</width></LineStyle></Style><LineString><coordinates>-71.3124533,-33.98394,0 -71.3138383,-33.9849233,0</coordinates></LineString></Placemark><Placemark><name>Trabajado - Cuartel 396 - Hilera 551</name><Style><LineStyle><color>ff00ff00</color><width>3</width></LineStyle></Style><LineString><coordinates>-71.3128599,-33.9839316,0 -71.3131,-33.98428,0</coordinates></LineString></Placemark><Placemark><name>Trabajado - Cuartel 396 - Hilera 552</name><Style><LineStyle><color>ff00ff00</color><width>3</width></LineStyle></Style><LineString><coordinates>-71.3131,-33.98428,0 -71.313965,-33.9847566,0</coordinates></LineString></Placemark><Placemark><name>Trabajado - Cuartel 396 - Hilera 553</name><Style><LineStyle><color>ff00ff00</color><width>3</width></LineStyle></Style><LineString><coordinates>-71.31298,-33.9842266,0 -71.3129999,-33.98408,0</coordinates></LineString></Placemark><Placemark><name>Trabajado - Cuartel 396 - Hilera 556</name><Style><LineStyle><color>ff00ff00</color><width>3</width></LineStyle></Style><LineString><coordinates>-71.3130283,-33.9841566,0 -71.3130666,-33.9842699,0</coordinates></LineString></Placemark><Placemark><name>Descartado (grupo chico) - Hilera 417</name><Style><LineStyle><color>ff00ffff</color><width>3</width></LineStyle></Style><LineString><coordinates>-71.3128666,-33.98575,0 -71.3128333,-33.985665,0</coordinates></LineString></Placemark><Placemark><name>Descartado (grupo chico) - Hilera 424</name><Style><LineStyle><color>ff00ffff</color><width>3</width></LineStyle></Style><LineString><coordinates>-71.3149959862473,-33.97653698616167,0 -71.3125516,-33.9794183,0</coordinates></LineString></Placemark><Placemark><name>Descartado (grupo chico) - Hilera 438</name><Style><LineStyle><color>ff00ffff</color><width>3</width></LineStyle></Style><LineString><coordinates>-71.3118833,-33.98082,0 -71.31712472338411,-33.974538145515744,0</coordinates></LineString></Placemark><Placemark><name>Descartado (grupo chico) - Hilera 595</name><Style><LineStyle><color>ff00ffff</color><width>3</width></LineStyle></Style><LineString><coordinates>-71.31143737999285,-33.980381109936665,0 -71.31662840756228,-33.974250822726134,0</coordinates></LineString></Placemark><Placemark><name>Descartado (grupo chico) - Hilera 670</name><Style><LineStyle><color>ff00ffff</color><width>3</width></LineStyle></Style><LineString><coordinates>-71.314815,-33.9763966,0 -71.3131016,-33.9785983,0</coordinates></LineString></Placemark><Placemark><name>Descartado (grupo chico) - Hilera 425</name><Style><LineStyle><color>ff00ffff</color><width>3</width></LineStyle></Style><LineString><coordinates>-71.3125516,-33.9794183,0 -71.31192,-33.9802466,0</coordinates></LineString></Placemark><Placemark><name>Descartado (grupo chico) - Hilera 650</name><Style><LineStyle><color>ff00ffff</color><width>3</width></LineStyle></Style><LineString><coordinates>-71.3081116,-33.9843883,0 -71.31620126015986,-33.97478182856017,0</coordinates></LineString></Placemark><Placemark><name>Descartado (grupo chico) - Hilera 436</name><Style><LineStyle><color>ff00ffff</color><width>3</width></LineStyle></Style><LineString><coordinates>-71.3116433,-33.98103,0 -71.3116483,-33.98112,0</coordinates></LineString></Placemark><Placemark><name>Descartado (grupo chico) - Hilera 453</name><Style><LineStyle><color>ff00ffff</color><width>3</width></LineStyle></Style><LineString><coordinates>-71.3081183,-33.9844066,0 -71.3103316,-33.98665,0</coordinates></LineString></Placemark><Placemark><name>Descartado (grupo chico) - Hilera 604</name><Style><LineStyle><color>ff00ffff</color><width>3</width></LineStyle></Style><LineString><coordinates>-71.30811,-33.984405,0 -71.3102983,-33.9866583,0</coordinates></LineString></Placemark><Placemark><name>Descartado (grupo chico) - Hilera 611</name><Style><LineStyle><color>ff00ffff</color><width>3</width></LineStyle></Style><LineString><coordinates>-71.3103283,-33.986675,0 -71.30812097193702,-33.984382260690445,0</coordinates></LineString></Placemark><Placemark><name>Descartado (grupo chico) - Hilera 459</name><Style><LineStyle><color>ff00ffff</color><width>3</width></LineStyle></Style><LineString><coordinates>-71.309365,-33.98495,0 -71.3091716,-33.9848066,0</coordinates></LineString></Placemark><Placemark><name>Descartado (grupo chico) - Hilera 495</name><Style><LineStyle><color>ff00ffff</color><width>3</width></LineStyle></Style><LineString><coordinates>-71.3112733,-33.9832366,0 -71.3114566,-33.9832133,0</coordinates></LineString></Placemark><Placemark><name>Descartado (grupo chico) - Hilera 503</name><Style><LineStyle><color>ff00ffff</color><width>3</width></LineStyle></Style><LineString><coordinates>-71.3115566,-33.9832783,0 -71.3112066,-33.9832199,0</coordinates></LineString></Placemark><Placemark><name>Descartado (grupo chico) - Hilera 524</name><Style><LineStyle><color>ff00ffff</color><width>3</width></LineStyle></Style><LineString><coordinates>-71.3121133,-33.9835183,0 -71.3116866,-33.9835133,0</coordinates></LineString></Placemark><Placemark><name>Descartado (grupo chico) - Hilera 527</name><Style><LineStyle><color>ff00ffff</color><width>3</width></LineStyle></Style><LineString><coordinates>-71.3119849,-33.9836716,0 -71.3122283,-33.9836849,0</coordinates></LineString></Placemark><Placemark><name>Descartado (grupo chico) - Hilera 497</name><Style><LineStyle><color>ff00ffff</color><width>3</width></LineStyle></Style><LineString><coordinates>-71.3124566,-33.9820283,0 -71.3124483,-33.9821166,0</coordinates></LineString></Placemark><Placemark><name>Descartado (grupo chico) - Hilera 499</name><Style><LineStyle><color>ff00ffff</color><width>3</width></LineStyle></Style><LineString><coordinates>-71.3129233,-33.981435,0 -71.3130166,-33.9813883,0</coordinates></LineString></Placemark><Placemark><name>Descartado (grupo chico) - Hilera 508</name><Style><LineStyle><color>ff00ffff</color><width>3</width></LineStyle></Style><LineString><coordinates>-71.3116916,-33.98347,0 -71.3116766,-33.9833716,0</coordinates></LineString></Placemark><Placemark><name>Descartado (grupo chico) - Hilera 620</name><Style><LineStyle><color>ff00ffff</color><width>3</width></LineStyle></Style><LineString><coordinates>-71.3101183,-33.9891266,0 -71.312835,-33.978735,0</coordinates></LineString></Placemark><Placemark><name>Descartado (grupo chico) - Hilera 649</name><Style><LineStyle><color>ff00ffff</color><width>3</width></LineStyle></Style><LineString><coordinates>-71.309715,-33.989245,0 -71.312835,-33.978735,0</coordinates></LineString></Placemark><Placemark><name>Descartado (grupo chico) - Hilera 519</name><Style><LineStyle><color>ff00ffff</color><width>3</width></LineStyle></Style><LineString><coordinates>-71.315175,-33.9797966,0 -71.3144122818871,-33.98077583536676,0</coordinates></LineString></Placemark><Placemark><name>Descartado (grupo chico) - Hilera 526</name><Style><LineStyle><color>ff00ffff</color><width>3</width></LineStyle></Style><LineString><coordinates>-71.3098283,-33.9823699,0 -71.3098866,-33.9824483,0</coordinates></LineString></Placemark><Placemark><name>Descartado (grupo chico) - Hilera 528</name><Style><LineStyle><color>ff00ffff</color><width>3</width></LineStyle></Style><LineString><coordinates>-71.31382,-33.9817383,0 -71.3139283,-33.9817283,0</coordinates></LineString></Placemark><Placemark><name>Descartado (grupo chico) - Hilera 529</name><Style><LineStyle><color>ff00ffff</color><width>3</width></LineStyle></Style><LineString><coordinates>-71.31392842939321,-33.981728371885126,0 -71.3138383,-33.9816783,0</coordinates></LineString></Placemark><Placemark><name>Descartado (grupo chico) - Hilera 530</name><Style><LineStyle><color>ff00ffff</color><width>3</width></LineStyle></Style><LineString><coordinates>-71.3139333,-33.9817166,0 -71.315285,-33.980075,0</coordinates></LineString></Placemark><Placemark><name>Descartado (grupo chico) - Hilera 531</name><Style><LineStyle><color>ff00ffff</color><width>3</width></LineStyle></Style><LineString><coordinates>-71.315285,-33.980075,0 -71.315275,-33.9798649,0</coordinates></LineString></Placemark><Placemark><name>Descartado (grupo chico) - Hilera 684</name><Style><LineStyle><color>ff00ffff</color><width>3</width></LineStyle></Style><LineString><coordinates>-71.3154016,-33.9797616,0 -71.3153933,-33.9799183,0</coordinates></LineString></Placemark><Placemark><name>Descartado (grupo chico) - Hilera 555</name><Style><LineStyle><color>ff00ffff</color><width>3</width></LineStyle></Style><LineString><coordinates>-71.3170666,-33.9792899,0 -71.3171716,-33.979355,0</coordinates></LineString></Placemark><Placemark><name>Descartado (grupo chico) - Hilera 575</name><Style><LineStyle><color>ff00ffff</color><width>3</width></LineStyle></Style><LineString><coordinates>-71.3104366,-33.9873799,0 -71.31053,-33.9873416,0</coordinates></LineString></Placemark><Placemark><name>Descartado (grupo chico) - Hilera 581</name><Style><LineStyle><color>ff00ffff</color><width>3</width></LineStyle></Style><LineString><coordinates>-71.31509,-33.982425,0 -71.3152283,-33.982735,0</coordinates></LineString></Placemark><Placemark><name>Descartado (grupo chico) - Hilera 587</name><Style><LineStyle><color>ff00ffff</color><width>3</width></LineStyle></Style><LineString><coordinates>-71.3144133,-33.983795,0 -71.3144616,-33.9839099,0</coordinates></LineString></Placemark><Placemark><name>Trabajado - Cuartel 591 - Hilera 591</name><Style><LineStyle><color>ff00ff00</color><width>3</width></LineStyle></Style><LineString><coordinates>-71.3178783,-33.9727433,0 -71.3182383,-33.972645,0</coordinates></LineString></Placemark><Placemark><name>Trabajado - Cuartel 591 - Hilera 599</name><Style><LineStyle><color>ff00ff00</color><width>3</width></LineStyle></Style><LineString><coordinates>-71.3184183,-33.9727416,0 -71.3185366,-33.9727083,0</coordinates></LineString></Placemark><Placemark><name>Trabajado - Cuartel 591 - Hilera 600</name><Style><LineStyle><color>ff00ff00</color><width>3</width></LineStyle></Style><LineString><coordinates>-71.3185366,-33.9727083,0 -71.3186333,-33.9727633,0</coordinates></LineString></Placemark><Placemark><name>Trabajado - Cuartel 591 - Hilera 615</name><Style><LineStyle><color>ff00ff00</color><width>3</width></LineStyle></Style><LineString><coordinates>-71.3187083,-33.9727883,0 -71.31804,-33.972555,0</coordinates></LineString></Placemark><Placemark><name>Trabajado - Cuartel 591 - Hilera 636</name><Style><LineStyle><color>ff00ff00</color><width>3</width></LineStyle></Style><LineString><coordinates>-71.31890516638923,-33.97281964050338,0 -71.3182866,-33.9726283,0</coordinates></LineString></Placemark><Placemark><name>Trabajado - Cuartel 591 - Hilera 640</name><Style><LineStyle><color>ff00ff00</color><width>3</width></LineStyle></Style><LineString><coordinates>-71.319045,-33.9728483,0 -71.3191516,-33.9728299,0</coordinates></LineString></Placemark><Placemark><name>Trabajado - Cuartel 591 - Hilera 641</name><Style><LineStyle><color>ff00ff00</color><width>3</width></LineStyle></Style><LineString><coordinates>-71.3191516,-33.9728299,0 -71.3192516,-33.9728666,0</coordinates></LineString></Placemark><Placemark><name>Trabajado - Cuartel 591 - Hilera 652</name><Style><LineStyle><color>ff00ff00</color><width>3</width></LineStyle></Style><LineString><coordinates>-71.3192783,-33.9728633,0 -71.3190499,-33.9728883,0</coordinates></LineString></Placemark><Placemark><name>Trabajado - Cuartel 591 - Hilera 654</name><Style><LineStyle><color>ff00ff00</color><width>3</width></LineStyle></Style><LineString><coordinates>-71.31914,-33.972815,0 -71.3195116,-33.9729133,0</coordinates></LineString></Placemark><Placemark><name>Trabajado - Cuartel 591 - Hilera 659</name><Style><LineStyle><color>ff00ff00</color><width>3</width></LineStyle></Style><LineString><coordinates>-71.319615,-33.973025,0 -71.3198233,-33.9730233,0</coordinates></LineString></Placemark><Placemark><name>Descartado (grupo chico) - Hilera 592</name><Style><LineStyle><color>ff00ffff</color><width>3</width></LineStyle></Style><LineString><coordinates>-71.3182383,-33.972645,0 -71.3163783,-33.9749283,0</coordinates></LineString></Placemark><Placemark><name>Descartado (grupo chico) - Hilera 598</name><Style><LineStyle><color>ff00ffff</color><width>3</width></LineStyle></Style><LineString><coordinates>-71.3169433,-33.974435,0 -71.3184183,-33.9727416,0</coordinates></LineString></Placemark><Placemark><name>Descartado (grupo chico) - Hilera 601</name><Style><LineStyle><color>ff00ffff</color><width>3</width></LineStyle></Style><LineString><coordinates>-71.3186333,-33.9727633,0 -71.31711,-33.9745949,0</coordinates></LineString></Placemark><Placemark><name>Descartado (grupo chico) - Hilera 614</name><Style><LineStyle><color>ff00ffff</color><width>3</width></LineStyle></Style><LineString><coordinates>-71.317575,-33.9741483,0 -71.3187083,-33.9727883,0</coordinates></LineString></Placemark><Placemark><name>Descartado (grupo chico) - Hilera 596</name><Style><LineStyle><color>ff00ffff</color><width>3</width></LineStyle></Style><LineString><coordinates>-71.3164683,-33.9744399,0 -71.3168316,-33.974415,0</coordinates></LineString></Placemark><Placemark><name>Descartado (grupo chico) - Hilera 597</name><Style><LineStyle><color>ff00ffff</color><width>3</width></LineStyle></Style><LineString><coordinates>-71.3168316,-33.974415,0 -71.3169433,-33.974435,0</coordinates></LineString></Placemark><Placemark><name>Descartado (grupo chico) - Hilera 602</name><Style><LineStyle><color>ff00ffff</color><width>3</width></LineStyle></Style><LineString><coordinates>-71.3171566,-33.9745166,0 -71.3170566,-33.9745233,0</coordinates></LineString></Placemark><Placemark><name>Descartado (grupo chico) - Hilera 603</name><Style><LineStyle><color>ff00ffff</color><width>3</width></LineStyle></Style><LineString><coordinates>-71.3170566,-33.9745233,0 -71.3166066,-33.9742649,0</coordinates></LineString></Placemark><Placemark><name>Descartado (grupo chico) - Hilera 612</name><Style><LineStyle><color>ff00ffff</color><width>3</width></LineStyle></Style><LineString><coordinates>-71.3166883,-33.9742616,0 -71.31715,-33.9745666,0</coordinates></LineString></Placemark><Placemark><name>Descartado (grupo chico) - Hilera 632</name><Style><LineStyle><color>ff00ffff</color><width>3</width></LineStyle></Style><LineString><coordinates>-71.3167016,-33.9742983,0 -71.317125,-33.9745383,0</coordinates></LineString></Placemark><Placemark><name>Descartado (grupo chico) - Hilera 613</name><Style><LineStyle><color>ff00ffff</color><width>3</width></LineStyle></Style><LineString><coordinates>-71.31715,-33.9745666,0 -71.317575,-33.9741483,0</coordinates></LineString></Placemark><Placemark><name>Descartado (grupo chico) - Hilera 616</name><Style><LineStyle><color>ff00ffff</color><width>3</width></LineStyle></Style><LineString><coordinates>-71.314875,-33.9763199,0 -71.31487,-33.9764033,0</coordinates></LineString></Placemark><Placemark><name>Descartado (grupo chico) - Hilera 617</name><Style><LineStyle><color>ff00ffff</color><width>3</width></LineStyle></Style><LineString><coordinates>-71.31484787478959,-33.97639007525947,0 -71.3178033,-33.9781566,0</coordinates></LineString></Placemark><Placemark><name>Descartado (grupo chico) - Hilera 630</name><Style><LineStyle><color>ff00ffff</color><width>3</width></LineStyle></Style><LineString><coordinates>-71.3133716,-33.9786466,0 -71.31712670914332,-33.97424498623255,0</coordinates></LineString></Placemark><Placemark><name>Descartado (grupo chico) - Hilera 631</name><Style><LineStyle><color>ff00ffff</color><width>3</width></LineStyle></Style><LineString><coordinates>-71.3171116,-33.9742566,0 -71.3168233,-33.9743816,0</coordinates></LineString></Placemark><Placemark><name>Descartado (grupo chico) - Hilera 635</name><Style><LineStyle><color>ff00ffff</color><width>3</width></LineStyle></Style><LineString><coordinates>-71.3184733,-33.97304,0 -71.3184699,-33.972685,0</coordinates></LineString></Placemark><Placemark><name>Descartado (grupo chico) - Hilera 643</name><Style><LineStyle><color>ff00ffff</color><width>3</width></LineStyle></Style><LineString><coordinates>-71.3140566,-33.9791,0 -71.3159299,-33.9769999,0</coordinates></LineString></Placemark><Placemark><name>Descartado (grupo chico) - Hilera 644</name><Style><LineStyle><color>ff00ffff</color><width>3</width></LineStyle></Style><LineString><coordinates>-71.3159299,-33.9769999,0 -71.314875,-33.9764033,0</coordinates></LineString></Placemark><Placemark><name>Descartado (grupo chico) - Hilera 669</name><Style><LineStyle><color>ff00ffff</color><width>3</width></LineStyle></Style><LineString><coordinates>-71.31664,-33.9774283,0 -71.314815,-33.9763966,0</coordinates></LineString></Placemark><Placemark><name>Descartado (grupo chico) - Hilera 645</name><Style><LineStyle><color>ff00ffff</color><width>3</width></LineStyle></Style><LineString><coordinates>-71.314875,-33.9764033,0 -71.3147766,-33.9764416,0</coordinates></LineString></Placemark><Placemark><name>Descartado (grupo chico) - Hilera 646</name><Style><LineStyle><color>ff00ffff</color><width>3</width></LineStyle></Style><LineString><coordinates>-71.3114133,-33.9804333,0 -71.3114816,-33.980595,0</coordinates></LineString></Placemark><Placemark><name>Descartado (grupo chico) - Hilera 651</name><Style><LineStyle><color>ff00ffff</color><width>3</width></LineStyle></Style><LineString><coordinates>-71.3158833,-33.9769716,0 -71.3192783,-33.9728633,0</coordinates></LineString></Placemark><Placemark><name>Descartado (grupo chico) - Hilera 653</name><Style><LineStyle><color>ff00ffff</color><width>3</width></LineStyle></Style><LineString><coordinates>-71.3190499,-33.9728883,0 -71.31914,-33.972815,0</coordinates></LineString></Placemark><Placemark><name>Descartado (grupo chico) - Hilera 660</name><Style><LineStyle><color>ff00ffff</color><width>3</width></LineStyle></Style><LineString><coordinates>-71.3198233,-33.9730233,0 -71.319815,-33.973115,0</coordinates></LineString></Placemark><Placemark><name>Descartado (grupo chico) - Hilera 666</name><Style><LineStyle><color>ff00ffff</color><width>3</width></LineStyle></Style><LineString><coordinates>-71.3200899,-33.9730783,0 -71.320115,-33.9731666,0</coordinates></LineString></Placemark><Placemark><name>Descartado (grupo chico) - Hilera 662</name><Style><LineStyle><color>ff00ffff</color><width>3</width></LineStyle></Style><LineString><coordinates>-71.314485,-33.97947,0 -71.3143783,-33.9794583,0</coordinates></LineString></Placemark><Placemark><name>Descartado (grupo chico) - Hilera 664</name><Style><LineStyle><color>ff00ffff</color><width>3</width></LineStyle></Style><LineString><coordinates>-71.31446,-33.9794366,0 -71.3146249,-33.9793966,0</coordinates></LineString></Placemark><Placemark><name>Descartado (grupo chico) - Hilera 679</name><Style><LineStyle><color>ff00ffff</color><width>3</width></LineStyle></Style><LineString><coordinates>-71.3152233,-33.9795816,0 -71.3149783,-33.9796816,0</coordinates></LineString></Placemark><Placemark><name>Descartado (grupo chico) - Hilera 668</name><Style><LineStyle><color>ff00ffff</color><width>3</width></LineStyle></Style><LineString><coordinates>-71.3147816,-33.97955,0 -71.31664,-33.9774283,0</coordinates></LineString></Placemark><Placemark><name>Descartado (grupo chico) - Hilera 675</name><Style><LineStyle><color>ff00ffff</color><width>3</width></LineStyle></Style><LineString><coordinates>-71.31577,-33.9801983,0 -71.3150666,-33.9796633,0</coordinates></LineString></Placemark><Placemark><name>Descartado (grupo chico) - Hilera 688</name><Style><LineStyle><color>ff00ffff</color><width>3</width></LineStyle></Style><LineString><coordinates>-71.3157283,-33.9801016,0 -71.3155233,-33.9799433,0</coordinates></LineString></Placemark><Placemark><name>Descartado (grupo chico) - Hilera 677</name><Style><LineStyle><color>ff00ffff</color><width>3</width></LineStyle></Style><LineString><coordinates>-71.32039,-33.9733416,0 -71.3205166,-33.9732883,0</coordinates></LineString></Placemark><Placemark><name>Descartado (grupo chico) - Hilera 685</name><Style><LineStyle><color>ff00ffff</color><width>3</width></LineStyle></Style><LineString><coordinates>-71.31611,-33.9803083,0 -71.31706,-33.9793483,0</coordinates></LineString></Placemark><Placemark><name>Descartado (grupo chico) - Hilera 686</name><Style><LineStyle><color>ff00ffff</color><width>3</width></LineStyle></Style><LineString><coordinates>-71.31706,-33.9793483,0 -71.316265,-33.9802266,0</coordinates></LineString></Placemark><Placemark><name>Descartado (grupo chico) - Hilera 711</name><Style><LineStyle><color>ff00ffff</color><width>3</width></LineStyle></Style><LineString><coordinates>-71.3160533,-33.9802133,0 -71.3168633,-33.9792333,0</coordinates></LineString></Placemark><Placemark><name>Descartado (grupo chico) - Hilera 687</name><Style><LineStyle><color>ff00ffff</color><width>3</width></LineStyle></Style><LineString><coordinates>-71.316265,-33.9802266,0 -71.3157283,-33.9801016,0</coordinates></LineString></Placemark><Placemark><name>Descartado (grupo chico) - Hilera 710</name><Style><LineStyle><color>ff00ffff</color><width>3</width></LineStyle></Style><LineString><coordinates>-71.315805,-33.98018,0 -71.3160533,-33.9802133,0</coordinates></LineString></Placemark><Placemark><name>Descartado (grupo chico) - Hilera 690</name><Style><LineStyle><color>ff00ffff</color><width>3</width></LineStyle></Style><LineString><coordinates>-71.321005,-33.9734083,0 -71.3210316,-33.973495,0</coordinates></LineString></Placemark><Placemark><name>Descartado (grupo chico) - Hilera 692</name><Style><LineStyle><color>ff00ffff</color><width>3</width></LineStyle></Style><LineString><coordinates>-71.3173883,-33.9778499,0 -71.31763,-33.9783616,0</coordinates></LineString></Placemark><Placemark><name>Descartado (grupo chico) - Hilera 705</name><Style><LineStyle><color>ff00ffff</color><width>3</width></LineStyle></Style><LineString><coordinates>-71.3174766,-33.9781033,0 -71.31765,-33.9783516,0</coordinates></LineString></Placemark><Placemark><name>Descartado (grupo chico) - Hilera 700</name><Style><LineStyle><color>ff00ffff</color><width>3</width></LineStyle></Style><LineString><coordinates>-71.31607191720802,-33.98032169759033,0 -71.3177716,-33.9782466,0</coordinates></LineString></Placemark><Placemark><name>Descartado (grupo chico) - Hilera 702</name><Style><LineStyle><color>ff00ffff</color><width>3</width></LineStyle></Style><LineString><coordinates>-71.3174133,-33.9779233,0 -71.3155916,-33.9799833,0</coordinates></LineString></Placemark><Placemark><name>Descartado (grupo chico) - Hilera 704</name><Style><LineStyle><color>ff00ffff</color><width>3</width></LineStyle></Style><LineString><coordinates>-71.3156783,-33.980135,0 -71.3174766,-33.9781033,0</coordinates></LineString></Placemark><Placemark><name>Descartado (grupo chico) - Hilera 707</name><Style><LineStyle><color>ff00ffff</color><width>3</width></LineStyle></Style><LineString><coordinates>-71.3171516,-33.9793716,0 -71.317535,-33.9784983,0</coordinates></LineString></Placemark><Placemark><name>Descartado (grupo chico) - Hilera 701</name><Style><LineStyle><color>ff00ffff</color><width>3</width></LineStyle></Style><LineString><coordinates>-71.3177716,-33.9782466,0 -71.3177716,-33.978155,0</coordinates></LineString></Placemark><Placemark><name>Descartado (grupo chico) - Hilera 703</name><Style><LineStyle><color>ff00ffff</color><width>3</width></LineStyle></Style><LineString><coordinates>-71.3155916,-33.9799833,0 -71.3156783,-33.980135,0</coordinates></LineString></Placemark><Placemark><name>Descartado (grupo chico) - Hilera 713</name><Style><LineStyle><color>ff00ffff</color><width>3</width></LineStyle></Style><LineString><coordinates>-71.31688357137668,-33.97934939336714,0 -71.3151,-33.9814283,0</coordinates></LineString></Placemark><Placemark><name>Descartado (grupo chico) - Hilera 719</name><Style><LineStyle><color>ff00ffff</color><width>3</width></LineStyle></Style><LineString><coordinates>-71.3093898853439,-33.98958037469718,0 -71.31001912718337,-33.99075588598919,0</coordinates></LineString></Placemark><Placemark><name>Descartado (grupo chico) - Hilera 773</name><Style><LineStyle><color>ff00ffff</color><width>3</width></LineStyle></Style><LineString><coordinates>-71.3094366,-33.9895116,0 -71.310045,-33.9907283,0</coordinates></LineString></Placemark><Placemark><name>Descartado (grupo chico) - Hilera 720</name><Style><LineStyle><color>ff00ffff</color><width>3</width></LineStyle></Style><LineString><coordinates>-71.3100133,-33.990745,0 -71.3099103744156,-33.990895429700295,0</coordinates></LineString></Placemark><Placemark><name>Descartado (grupo chico) - Hilera 774</name><Style><LineStyle><color>ff00ffff</color><width>3</width></LineStyle></Style><LineString><coordinates>-71.310045,-33.9907283,0 -71.3099933,-33.9908216,0</coordinates></LineString></Placemark><Placemark><name>Descartado (grupo chico) - Hilera 825</name><Style><LineStyle><color>ff00ffff</color><width>3</width></LineStyle></Style><LineString><coordinates>-71.309965,-33.9907933,0 -71.3099933,-33.9906999,0</coordinates></LineString></Placemark><Placemark><name>Descartado (grupo chico) - Hilera 721</name><Style><LineStyle><color>ff00ffff</color><width>3</width></LineStyle></Style><LineString><coordinates>-71.30999329561605,-33.9908215928271,0 -71.3083066,-33.9915116,0</coordinates></LineString></Placemark><Placemark><name>Descartado (grupo chico) - Hilera 771</name><Style><LineStyle><color>ff00ffff</color><width>3</width></LineStyle></Style><LineString><coordinates>-71.3083816,-33.99145,0 -71.3098983,-33.9908899,0</coordinates></LineString></Placemark><Placemark><name>Descartado (grupo chico) - Hilera 824</name><Style><LineStyle><color>ff00ffff</color><width>3</width></LineStyle></Style><LineString><coordinates>-71.3083366,-33.9914899,0 -71.309965,-33.9907933,0</coordinates></LineString></Placemark><Placemark><name>Descartado (grupo chico) - Hilera 722</name><Style><LineStyle><color>ff00ffff</color><width>3</width></LineStyle></Style><LineString><coordinates>-71.3082916,-33.9915666,0 -71.3083966,-33.9919016,0</coordinates></LineString></Placemark><Placemark><name>Descartado (grupo chico) - Hilera 770</name><Style><LineStyle><color>ff00ffff</color><width>3</width></LineStyle></Style><LineString><coordinates>-71.3084149,-33.9919283,0 -71.30833321376265,-33.99149032272743,0</coordinates></LineString></Placemark><Placemark><name>Descartado (grupo chico) - Hilera 723</name><Style><LineStyle><color>ff00ffff</color><width>3</width></LineStyle></Style><LineString><coordinates>-71.3083966,-33.9919016,0 -71.3070133,-33.9927983,0</coordinates></LineString></Placemark><Placemark><name>Descartado (grupo chico) - Hilera 769</name><Style><LineStyle><color>ff00ffff</color><width>3</width></LineStyle></Style><LineString><coordinates>-71.3070133,-33.9927983,0 -71.3084149,-33.9919283,0</coordinates></LineString></Placemark><Placemark><name>Descartado (grupo chico) - Hilera 775</name><Style><LineStyle><color>ff00ffff</color><width>3</width></LineStyle></Style><LineString><coordinates>-71.3083883,-33.9919116,0 -71.307,-33.9927749,0</coordinates></LineString></Placemark><Placemark><name>Descartado (grupo chico) - Hilera 724</name><Style><LineStyle><color>ff00ffff</color><width>3</width></LineStyle></Style><LineString><coordinates>-71.3069666,-33.99281,0 -71.3053866,-33.9922583,0</coordinates></LineString></Placemark><Placemark><name>Descartado (grupo chico) - Hilera 776</name><Style><LineStyle><color>ff00ffff</color><width>3</width></LineStyle></Style><LineString><coordinates>-71.3069283,-33.9927599,0 -71.3053866,-33.9922116,0</coordinates></LineString></Placemark><Placemark><name>Descartado (grupo chico) - Hilera 725</name><Style><LineStyle><color>ff00ffff</color><width>3</width></LineStyle></Style><LineString><coordinates>-71.3053866,-33.9922583,0 -71.3050616,-33.9914983,0</coordinates></LineString></Placemark><Placemark><name>Descartado (grupo chico) - Hilera 777</name><Style><LineStyle><color>ff00ffff</color><width>3</width></LineStyle></Style><LineString><coordinates>-71.30540711545882,-33.99225484880507,0 -71.3050166,-33.9914316,0</coordinates></LineString></Placemark><Placemark><name>Descartado (grupo chico) - Hilera 726</name><Style><LineStyle><color>ff00ffff</color><width>3</width></LineStyle></Style><LineString><coordinates>-71.3050616,-33.9914983,0 -71.30307,-33.991015,0</coordinates></LineString></Placemark><Placemark><name>Descartado (grupo chico) - Hilera 768</name><Style><LineStyle><color>ff00ffff</color><width>3</width></LineStyle></Style><LineString><coordinates>-71.3028333,-33.990925,0 -71.3050733,-33.99151,0</coordinates></LineString></Placemark><Placemark><name>Descartado (grupo chico) - Hilera 778</name><Style><LineStyle><color>ff00ffff</color><width>3</width></LineStyle></Style><LineString><coordinates>-71.3050166,-33.9914316,0 -71.3031216,-33.9909816,0</coordinates></LineString></Placemark><Placemark><name>Trabajado - Cuartel 727 - Hilera 727</name><Style><LineStyle><color>ff00ff00</color><width>3</width></LineStyle></Style><LineString><coordinates>-71.30307,-33.991015,0 -71.3025899,-33.9907816,0</coordinates></LineString></Placemark><Placemark><name>Trabajado - Cuartel 727 - Hilera 728</name><Style><LineStyle><color>ff00ff00</color><width>3</width></LineStyle></Style><LineString><coordinates>-71.3025899,-33.9907816,0 -71.302175,-33.9903116,0</coordinates></LineString></Placemark><Placemark><name>Trabajado - Cuartel 727 - Hilera 767</name><Style><LineStyle><color>ff00ff00</color><width>3</width></LineStyle></Style><LineString><coordinates>-71.3022166,-33.9903483,0 -71.3028333,-33.990925,0</coordinates></LineString></Placemark><Placemark><name>Trabajado - Cuartel 727 - Hilera 779</name><Style><LineStyle><color>ff00ff00</color><width>3</width></LineStyle></Style><LineString><coordinates>-71.3031216,-33.9909816,0 -71.3026266,-33.99078,0</coordinates></LineString></Placemark><Placemark><name>Trabajado - Cuartel 727 - Hilera 780</name><Style><LineStyle><color>ff00ff00</color><width>3</width></LineStyle></Style><LineString><coordinates>-71.3026266,-33.99078,0 -71.3021733,-33.9902983,0</coordinates></LineString></Placemark><Placemark><name>Descartado (grupo chico) - Hilera 729</name><Style><LineStyle><color>ff00ffff</color><width>3</width></LineStyle></Style><LineString><coordinates>-71.3020983,-33.99031,0 -71.3016816,-33.9905166,0</coordinates></LineString></Placemark><Placemark><name>Descartado (grupo chico) - Hilera 782</name><Style><LineStyle><color>ff00ffff</color><width>3</width></LineStyle></Style><LineString><coordinates>-71.3020016,-33.9903016,0 -71.3017083,-33.9904733,0</coordinates></LineString></Placemark><Placemark><name>Descartado (grupo chico) - Hilera 730</name><Style><LineStyle><color>ff00ffff</color><width>3</width></LineStyle></Style><LineString><coordinates>-71.30170768619605,-33.99047305388576,0 -71.30143,-33.9909366,0</coordinates></LineString></Placemark><Placemark><name>Descartado (grupo chico) - Hilera 765</name><Style><LineStyle><color>ff00ffff</color><width>3</width></LineStyle></Style><LineString><coordinates>-71.3012683,-33.9910683,0 -71.3017433,-33.9904733,0</coordinates></LineString></Placemark><Placemark><name>Descartado (grupo chico) - Hilera 823</name><Style><LineStyle><color>ff00ffff</color><width>3</width></LineStyle></Style><LineString><coordinates>-71.3014683,-33.9909083,0 -71.3017333,-33.990485,0</coordinates></LineString></Placemark><Placemark><name>Trabajado - Cuartel 731 - Hilera 731</name><Style><LineStyle><color>ff00ff00</color><width>3</width></LineStyle></Style><LineString><coordinates>-71.30143,-33.9909366,0 -71.3005933,-33.9911466,0</coordinates></LineString></Placemark><Placemark><name>Trabajado - Cuartel 731 - Hilera 764</name><Style><LineStyle><color>ff00ff00</color><width>3</width></LineStyle></Style><LineString><coordinates>-71.3007183,-33.9911633,0 -71.3012683,-33.9910683,0</coordinates></LineString></Placemark><Placemark><name>Trabajado - Cuartel 731 - Hilera 783</name><Style><LineStyle><color>ff00ff00</color><width>3</width></LineStyle></Style><LineString><coordinates>-71.3014516,-33.9909066,0 -71.3011216,-33.9910733,0</coordinates></LineString></Placemark><Placemark><name>Trabajado - Cuartel 731 - Hilera 784</name><Style><LineStyle><color>ff00ff00</color><width>3</width></LineStyle></Style><LineString><coordinates>-71.3011216,-33.9910733,0 -71.30058,-33.9911133,0</coordinates></LineString></Placemark><Placemark><name>Trabajado - Cuartel 731 - Hilera 821</name><Style><LineStyle><color>ff00ff00</color><width>3</width></LineStyle></Style><LineString><coordinates>-71.3006583,-33.9911366,0 -71.30121,-33.9910666,0</coordinates></LineString></Placemark><Placemark><name>Trabajado - Cuartel 731 - Hilera 822</name><Style><LineStyle><color>ff00ff00</color><width>3</width></LineStyle></Style><LineString><coordinates>-71.30121,-33.9910666,0 -71.3014683,-33.9909083,0</coordinates></LineString></Placemark><Placemark><name>Descartado (grupo chico) - Hilera 732</name><Style><LineStyle><color>ff00ffff</color><width>3</width></LineStyle></Style><LineString><coordinates>-71.3005933,-33.9911466,0 -71.3001733,-33.990925,0</coordinates></LineString></Placemark><Placemark><name>Descartado (grupo chico) - Hilera 763</name><Style><LineStyle><color>ff00ffff</color><width>3</width></LineStyle></Style><LineString><coordinates>-71.30015,-33.9909116,0 -71.3007183,-33.9911633,0</coordinates></LineString></Placemark><Placemark><name>Descartado (grupo chico) - Hilera 785</name><Style><LineStyle><color>ff00ffff</color><width>3</width></LineStyle></Style><LineString><coordinates>-71.30064720272716,-33.991150147082514,0 -71.3001483,-33.9908766,0</coordinates></LineString></Placemark><Placemark><name>Descartado (grupo chico) - Hilera 733</name><Style><LineStyle><color>ff00ffff</color><width>3</width></LineStyle></Style><LineString><coordinates>-71.30026169683873,-33.99092822132102,0 -71.30008,-33.9909216,0</coordinates></LineString></Placemark><Placemark><name>Descartado (grupo chico) - Hilera 734</name><Style><LineStyle><color>ff00ffff</color><width>3</width></LineStyle></Style><LineString><coordinates>-71.30014985032764,-33.990878272932285,0 -71.2987016,-33.9917766,0</coordinates></LineString></Placemark><Placemark><name>Descartado (grupo chico) - Hilera 762</name><Style><LineStyle><color>ff00ffff</color><width>3</width></LineStyle></Style><LineString><coordinates>-71.2987416,-33.9917766,0 -71.30015,-33.9909116,0</coordinates></LineString></Placemark><Placemark><name>Trabajado - Cuartel 735 - Hilera 735</name><Style><LineStyle><color>ff00ff00</color><width>3</width></LineStyle></Style><LineString><coordinates>-71.2987016,-33.9917766,0 -71.2981466,-33.9914933,0</coordinates></LineString></Placemark><Placemark><name>Trabajado - Cuartel 735 - Hilera 736</name><Style><LineStyle><color>ff00ff00</color><width>3</width></LineStyle></Style><LineString><coordinates>-71.2981466,-33.9914933,0 -71.2978633,-33.9917983,0</coordinates></LineString></Placemark><Placemark><name>Trabajado - Cuartel 735 - Hilera 742</name><Style><LineStyle><color>ff00ff00</color><width>3</width></LineStyle></Style><LineString><coordinates>-71.2979516,-33.9919883,0 -71.2977133,-33.99189,0</coordinates></LineString></Placemark><Placemark><name>Trabajado - Cuartel 735 - Hilera 759</name><Style><LineStyle><color>ff00ff00</color><width>3</width></LineStyle></Style><LineString><coordinates>-71.2980649,-33.9915449,0 -71.29833,-33.9914766,0</coordinates></LineString></Placemark><Placemark><name>Trabajado - Cuartel 735 - Hilera 760</name><Style><LineStyle><color>ff00ff00</color><width>3</width></LineStyle></Style><LineString><coordinates>-71.29833,-33.9914766,0 -71.298655,-33.9916933,0</coordinates></LineString></Placemark><Placemark><name>Trabajado - Cuartel 735 - Hilera 761</name><Style><LineStyle><color>ff00ff00</color><width>3</width></LineStyle></Style><LineString><coordinates>-71.29823262775531,-33.99142574846597,0 -71.2987416,-33.9917766,0</coordinates></LineString></Placemark><Placemark><name>Trabajado - Cuartel 735 - Hilera 786</name><Style><LineStyle><color>ff00ff00</color><width>3</width></LineStyle></Style><LineString><coordinates>-71.2988516,-33.9917116,0 -71.298735,-33.99174,0</coordinates></LineString></Placemark><Placemark><name>Trabajado - Cuartel 735 - Hilera 787</name><Style><LineStyle><color>ff00ff00</color><width>3</width></LineStyle></Style><LineString><coordinates>-71.298735,-33.99174,0 -71.2983066,-33.9914316,0</coordinates></LineString></Placemark><Placemark><name>Trabajado - Cuartel 735 - Hilera 788</name><Style><LineStyle><color>ff00ff00</color><width>3</width></LineStyle></Style><LineString><coordinates>-71.2983066,-33.9914316,0 -71.2982183,-33.9914383,0</coordinates></LineString></Placemark><Placemark><name>Trabajado - Cuartel 735 - Hilera 789</name><Style><LineStyle><color>ff00ff00</color><width>3</width></LineStyle></Style><LineString><coordinates>-71.2982183,-33.9914383,0 -71.2978083,-33.9916916,0</coordinates></LineString></Placemark><Placemark><name>Trabajado - Cuartel 735 - Hilera 790</name><Style><LineStyle><color>ff00ff00</color><width>3</width></LineStyle></Style><LineString><coordinates>-71.2978083,-33.9916916,0 -71.2977116,-33.9916816,0</coordinates></LineString></Placemark><Placemark><name>Trabajado - Cuartel 735 - Hilera 819</name><Style><LineStyle><color>ff00ff00</color><width>3</width></LineStyle></Style><LineString><coordinates>-71.29773,-33.991675,0 -71.2978233,-33.99174,0</coordinates></LineString></Placemark><Placemark><name>Trabajado - Cuartel 735 - Hilera 820</name><Style><LineStyle><color>ff00ff00</color><width>3</width></LineStyle></Style><LineString><coordinates>-71.2978233,-33.99174,0 -71.29823,-33.9914283,0</coordinates></LineString></Placemark><Placemark><name>Descartado (grupo chico) - Hilera 737</name><Style><LineStyle><color>ff00ffff</color><width>3</width></LineStyle></Style><LineString><coordinates>-71.2978633,-33.9917983,0 -71.2978566,-33.9918883,0</coordinates></LineString></Placemark><Placemark><name>Descartado (grupo chico) - Hilera 738</name><Style><LineStyle><color>ff00ffff</color><width>3</width></LineStyle></Style><LineString><coordinates>-71.2978566,-33.9918883,0 -71.297065,-33.9923333,0</coordinates></LineString></Placemark><Placemark><name>Descartado (grupo chico) - Hilera 741</name><Style><LineStyle><color>ff00ffff</color><width>3</width></LineStyle></Style><LineString><coordinates>-71.2974683,-33.9923899,0 -71.2979516,-33.9919883,0</coordinates></LineString></Placemark><Placemark><name>Descartado (grupo chico) - Hilera 743</name><Style><LineStyle><color>ff00ffff</color><width>3</width></LineStyle></Style><LineString><coordinates>-71.2977133,-33.99189,0 -71.2971266,-33.9922983,0</coordinates></LineString></Placemark><Placemark><name>Descartado (grupo chico) - Hilera 744</name><Style><LineStyle><color>ff00ffff</color><width>3</width></LineStyle></Style><LineString><coordinates>-71.2971266,-33.9922983,0 -71.2976416,-33.9917116,0</coordinates></LineString></Placemark><Placemark><name>Descartado (grupo chico) - Hilera 739</name><Style><LineStyle><color>ff00ffff</color><width>3</width></LineStyle></Style><LineString><coordinates>-71.297065,-33.9923333,0 -71.297135,-33.992405,0</coordinates></LineString></Placemark><Placemark><name>Descartado (grupo chico) - Hilera 740</name><Style><LineStyle><color>ff00ffff</color><width>3</width></LineStyle></Style><LineString><coordinates>-71.297135,-33.992405,0 -71.2974683,-33.9923899,0</coordinates></LineString></Placemark><Placemark><name>Descartado (grupo chico) - Hilera 745</name><Style><LineStyle><color>ff00ffff</color><width>3</width></LineStyle></Style><LineString><coordinates>-71.2976416,-33.9917116,0 -71.2950116,-33.993185,0</coordinates></LineString></Placemark><Placemark><name>Descartado (grupo chico) - Hilera 747</name><Style><LineStyle><color>ff00ffff</color><width>3</width></LineStyle></Style><LineString><coordinates>-71.2953216,-33.9931983,0 -71.29722,-33.9918983,0</coordinates></LineString></Placemark><Placemark><name>Descartado (grupo chico) - Hilera 758</name><Style><LineStyle><color>ff00ffff</color><width>3</width></LineStyle></Style><LineString><coordinates>-71.2948533,-33.9935499,0 -71.29807980577071,-33.99156108595867,0</coordinates></LineString></Placemark><Placemark><name>Descartado (grupo chico) - Hilera 791</name><Style><LineStyle><color>ff00ffff</color><width>3</width></LineStyle></Style><LineString><coordinates>-71.2977116,-33.9916816,0 -71.2948416,-33.9934516,0</coordinates></LineString></Placemark><Placemark><name>Descartado (grupo chico) - Hilera 746</name><Style><LineStyle><color>ff00ffff</color><width>3</width></LineStyle></Style><LineString><coordinates>-71.2950116,-33.993185,0 -71.2953216,-33.9931983,0</coordinates></LineString></Placemark><Placemark><name>Descartado (grupo chico) - Hilera 748</name><Style><LineStyle><color>ff00ffff</color><width>3</width></LineStyle></Style><LineString><coordinates>-71.29722,-33.9918983,0 -71.2925933,-33.9948216,0</coordinates></LineString></Placemark><Placemark><name>Descartado (grupo chico) - Hilera 752</name><Style><LineStyle><color>ff00ffff</color><width>3</width></LineStyle></Style><LineString><coordinates>-71.2925,-33.9950383,0 -71.29622134450952,-33.99218626156791,0</coordinates></LineString></Placemark><Placemark><name>Descartado (grupo chico) - Hilera 818</name><Style><LineStyle><color>ff00ffff</color><width>3</width></LineStyle></Style><LineString><coordinates>-71.2925583,-33.9949416,0 -71.29773,-33.991675,0</coordinates></LineString></Placemark><Placemark><name>Descartado (grupo chico) - Hilera 749</name><Style><LineStyle><color>ff00ffff</color><width>3</width></LineStyle></Style><LineString><coordinates>-71.2925933,-33.9948216,0 -71.292515,-33.9949783,0</coordinates></LineString></Placemark><Placemark><name>Descartado (grupo chico) - Hilera 817</name><Style><LineStyle><color>ff00ffff</color><width>3</width></LineStyle></Style><LineString><coordinates>-71.2925316,-33.9950466,0 -71.2925583,-33.9949416,0</coordinates></LineString></Placemark><Placemark><name>Descartado (grupo chico) - Hilera 750</name><Style><LineStyle><color>ff00ffff</color><width>3</width></LineStyle></Style><LineString><coordinates>-71.292515,-33.9949783,0 -71.2930966,-33.9956683,0</coordinates></LineString></Placemark><Placemark><name>Descartado (grupo chico) - Hilera 751</name><Style><LineStyle><color>ff00ffff</color><width>3</width></LineStyle></Style><LineString><coordinates>-71.2930966,-33.9956683,0 -71.2925,-33.9950383,0</coordinates></LineString></Placemark><Placemark><name>Descartado (grupo chico) - Hilera 753</name><Style><LineStyle><color>ff00ffff</color><width>3</width></LineStyle></Style><LineString><coordinates>-71.2962199,-33.992185,0 -71.294995,-33.9929266,0</coordinates></LineString></Placemark><Placemark><name>Descartado (grupo chico) - Hilera 754</name><Style><LineStyle><color>ff00ffff</color><width>3</width></LineStyle></Style><LineString><coordinates>-71.294995,-33.9929266,0 -71.2949516,-33.9933833,0</coordinates></LineString></Placemark><Placemark><name>Descartado (grupo chico) - Hilera 757</name><Style><LineStyle><color>ff00ffff</color><width>3</width></LineStyle></Style><LineString><coordinates>-71.294835,-33.99364,0 -71.2948533,-33.9935499,0</coordinates></LineString></Placemark><Placemark><name>Descartado (grupo chico) - Hilera 792</name><Style><LineStyle><color>ff00ffff</color><width>3</width></LineStyle></Style><LineString><coordinates>-71.2948416,-33.9934516,0 -71.29488038732006,-33.993843869097006,0</coordinates></LineString></Placemark><Placemark><name>Descartado (grupo chico) - Hilera 795</name><Style><LineStyle><color>ff00ffff</color><width>3</width></LineStyle></Style><LineString><coordinates>-71.2949333,-33.9938916,0 -71.2949033,-33.9941366,0</coordinates></LineString></Placemark><Placemark><name>Descartado (grupo chico) - Hilera 755</name><Style><LineStyle><color>ff00ffff</color><width>3</width></LineStyle></Style><LineString><coordinates>-71.2949516,-33.9933833,0 -71.2922383,-33.9954083,0</coordinates></LineString></Placemark><Placemark><name>Descartado (grupo chico) - Hilera 756</name><Style><LineStyle><color>ff00ffff</color><width>3</width></LineStyle></Style><LineString><coordinates>-71.292235,-33.9954616,0 -71.294835,-33.99364,0</coordinates></LineString></Placemark><Placemark><name>Descartado (grupo chico) - Hilera 793</name><Style><LineStyle><color>ff00ffff</color><width>3</width></LineStyle></Style><LineString><coordinates>-71.2948633,-33.993845,0 -71.291915,-33.9959916,0</coordinates></LineString></Placemark><Placemark><name>Descartado (grupo chico) - Hilera 794</name><Style><LineStyle><color>ff00ffff</color><width>3</width></LineStyle></Style><LineString><coordinates>-71.291915,-33.9959916,0 -71.2949333,-33.9938916,0</coordinates></LineString></Placemark><Placemark><name>Descartado (grupo chico) - Hilera 766</name><Style><LineStyle><color>ff00ffff</color><width>3</width></LineStyle></Style><LineString><coordinates>-71.3020983,-33.990315,0 -71.3022166,-33.9903483,0</coordinates></LineString></Placemark><Placemark><name>Descartado (grupo chico) - Hilera 781</name><Style><LineStyle><color>ff00ffff</color><width>3</width></LineStyle></Style><LineString><coordinates>-71.30219776102923,-33.99029782986956,0 -71.3020016,-33.9903016,0</coordinates></LineString></Placemark><Placemark><name>Descartado (grupo chico) - Hilera 796</name><Style><LineStyle><color>ff00ffff</color><width>3</width></LineStyle></Style><LineString><coordinates>-71.2949033,-33.9941366,0 -71.29428,-33.9944816,0</coordinates></LineString></Placemark><Placemark><name>Trabajado - Cuartel 797 - Hilera 797</name><Style><LineStyle><color>ff00ff00</color><width>3</width></LineStyle></Style><LineString><coordinates>-71.29428,-33.9944816,0 -71.2916433,-33.9965033,0</coordinates></LineString></Placemark><Placemark><name>Trabajado - Cuartel 797 - Hilera 798</name><Style><LineStyle><color>ff00ff00</color><width>3</width></LineStyle></Style><LineString><coordinates>-71.2916433,-33.9965033,0 -71.29396851061678,-33.99486207038561,0</coordinates></LineString></Placemark><Placemark><name>Trabajado - Cuartel 797 - Hilera 799</name><Style><LineStyle><color>ff00ff00</color><width>3</width></LineStyle></Style><LineString><coordinates>-71.2939716,-33.994865,0 -71.291615,-33.9968016,0</coordinates></LineString></Placemark><Placemark><name>Trabajado - Cuartel 797 - Hilera 802</name><Style><LineStyle><color>ff00ff00</color><width>3</width></LineStyle></Style><LineString><coordinates>-71.2925066,-33.9961566,0 -71.2926116,-33.9961316,0</coordinates></LineString></Placemark><Placemark><name>Trabajado - Cuartel 797 - Hilera 803</name><Style><LineStyle><color>ff00ff00</color><width>3</width></LineStyle></Style><LineString><coordinates>-71.2926116,-33.9961316,0 -71.2928016,-33.995875,0</coordinates></LineString></Placemark><Placemark><name>Trabajado - Cuartel 797 - Hilera 804</name><Style><LineStyle><color>ff00ff00</color><width>3</width></LineStyle></Style><LineString><coordinates>-71.2928016,-33.995875,0 -71.2929383,-33.99582,0</coordinates></LineString></Placemark><Placemark><name>Trabajado - Cuartel 797 - Hilera 805</name><Style><LineStyle><color>ff00ff00</color><width>3</width></LineStyle></Style><LineString><coordinates>-71.2929383,-33.99582,0 -71.292545,-33.9963916,0</coordinates></LineString></Placemark><Placemark><name>Trabajado - Cuartel 797 - Hilera 811</name><Style><LineStyle><color>ff00ff00</color><width>3</width></LineStyle></Style><LineString><coordinates>-71.29264,-33.996545,0 -71.2925966,-33.9967099,0</coordinates></LineString></Placemark><Placemark><name>Trabajado - Cuartel 797 - Hilera 816</name><Style><LineStyle><color>ff00ff00</color><width>3</width></LineStyle></Style><LineString><coordinates>-71.2926333,-33.9967366,0 -71.2930949,-33.9957,0</coordinates></LineString></Placemark><Placemark><name>Descartado (grupo chico) - Hilera 800</name><Style><LineStyle><color>ff00ffff</color><width>3</width></LineStyle></Style><LineString><coordinates>-71.291615,-33.9968016,0 -71.29263743074372,-33.9965383216091,0</coordinates></LineString></Placemark><Placemark><name>Trabajado - Cuartel 801 - Hilera 801</name><Style><LineStyle><color>ff00ff00</color><width>3</width></LineStyle></Style><LineString><coordinates>-71.2916283,-33.996825,0 -71.2925066,-33.9961566,0</coordinates></LineString></Placemark><Placemark><name>Trabajado - Cuartel 801 - Hilera 806</name><Style><LineStyle><color>ff00ff00</color><width>3</width></LineStyle></Style><LineString><coordinates>-71.292545,-33.9963916,0 -71.291585,-33.9971266,0</coordinates></LineString></Placemark><Placemark><name>Trabajado - Cuartel 801 - Hilera 808</name><Style><LineStyle><color>ff00ff00</color><width>3</width></LineStyle></Style><LineString><coordinates>-71.2915866,-33.9973083,0 -71.29169,-33.99728,0</coordinates></LineString></Placemark><Placemark><name>Trabajado - Cuartel 801 - Hilera 810</name><Style><LineStyle><color>ff00ff00</color><width>3</width></LineStyle></Style><LineString><coordinates>-71.2915816,-33.9972383,0 -71.29246,-33.9965633,0</coordinates></LineString></Placemark><Placemark><name>Trabajado - Cuartel 801 - Hilera 812</name><Style><LineStyle><color>ff00ff00</color><width>3</width></LineStyle></Style><LineString><coordinates>-71.2925966,-33.9967099,0 -71.291585,-33.9974033,0</coordinates></LineString></Placemark><Placemark><name>Trabajado - Cuartel 801 - Hilera 814</name><Style><LineStyle><color>ff00ff00</color><width>3</width></LineStyle></Style><LineString><coordinates>-71.291655,-33.9974333,0 -71.2917483,-33.9973866,0</coordinates></LineString></Placemark><Placemark><name>Trabajado - Cuartel 801 - Hilera 815</name><Style><LineStyle><color>ff00ff00</color><width>3</width></LineStyle></Style><LineString><coordinates>-71.2917483,-33.9973866,0 -71.29265235179079,-33.996754848559846,0</coordinates></LineString></Placemark><Placemark><name>Descartado (grupo chico) - Hilera 807</name><Style><LineStyle><color>ff00ffff</color><width>3</width></LineStyle></Style><LineString><coordinates>-71.291585,-33.9971266,0 -71.29158837637003,-33.997510029019914,0</coordinates></LineString></Placemark><Placemark><name>Descartado (grupo chico) - Hilera 809</name><Style><LineStyle><color>ff00ffff</color><width>3</width></LineStyle></Style><LineString><coordinates>-71.29169,-33.99728,0 -71.2915816,-33.9972383,0</coordinates></LineString></Placemark><Placemark><name>Descartado (grupo chico) - Hilera 813</name><Style><LineStyle><color>ff00ffff</color><width>3</width></LineStyle></Style><LineString><coordinates>-71.2915933,-33.99751,0 -71.291655,-33.9974333,0</coordinates></LineString></Placemark><Placemark><name>Descartado (grupo chico) - Hilera 826</name><Style><LineStyle><color>ff00ffff</color><width>3</width></LineStyle></Style><LineString><coordinates>-71.3020916,-33.9763899,0 -71.3019099,-33.97638,0</coordinates></LineString></Placemark><Placemark><name>Descartado (grupo chico) - Hilera 827</name><Style><LineStyle><color>ff00ffff</color><width>3</width></LineStyle></Style><LineString><coordinates>-71.299205,-33.9740116,0 -71.2966716,-33.973675,0</coordinates></LineString></Placemark><Placemark><name>Descartado (grupo chico) - Hilera 895</name><Style><LineStyle><color>ff00ffff</color><width>3</width></LineStyle></Style><LineString><coordinates>-71.295745,-33.9736966,0 -71.299335,-33.9740983,0</coordinates></LineString></Placemark><Placemark><name>Descartado (grupo chico) - Hilera 1008</name><Style><LineStyle><color>ff00ffff</color><width>3</width></LineStyle></Style><LineString><coordinates>-71.2947233,-33.9736016,0 -71.2991333,-33.9740133,0</coordinates></LineString></Placemark><Placemark><name>Trabajado - Cuartel 828 - Hilera 828</name><Style><LineStyle><color>ff00ff00</color><width>3</width></LineStyle></Style><LineString><coordinates>-71.2966716,-33.973675,0 -71.2968533,-33.9764049,0</coordinates></LineString></Placemark><Placemark><name>Trabajado - Cuartel 828 - Hilera 830</name><Style><LineStyle><color>ff00ff00</color><width>3</width></LineStyle></Style><LineString><coordinates>-71.2966916,-33.9765983,0 -71.2964233,-33.9736833,0</coordinates></LineString></Placemark><Placemark><name>Trabajado - Cuartel 828 - Hilera 833</name><Style><LineStyle><color>ff00ff00</color><width>3</width></LineStyle></Style><LineString><coordinates>-71.2963533,-33.97374,0 -71.2965816,-33.9765666,0</coordinates></LineString></Placemark><Placemark><name>Trabajado - Cuartel 828 - Hilera 835</name><Style><LineStyle><color>ff00ff00</color><width>3</width></LineStyle></Style><LineString><coordinates>-71.29638,-33.976585,0 -71.2961133,-33.97367,0</coordinates></LineString></Placemark><Placemark><name>Trabajado - Cuartel 828 - Hilera 836</name><Style><LineStyle><color>ff00ff00</color><width>3</width></LineStyle></Style><LineString><coordinates>-71.2961133,-33.97367,0 -71.2961133,-33.9744683,0</coordinates></LineString></Placemark><Placemark><name>Trabajado - Cuartel 828 - Hilera 837</name><Style><LineStyle><color>ff00ff00</color><width>3</width></LineStyle></Style><LineString><coordinates>-71.2961133,-33.9744683,0 -71.2962066,-33.97565,0</coordinates></LineString></Placemark><Placemark><name>Trabajado - Cuartel 828 - Hilera 838</name><Style><LineStyle><color>ff00ff00</color><width>3</width></LineStyle></Style><LineString><coordinates>-71.2962066,-33.97565,0 -71.2958633,-33.97386,0</coordinates></LineString></Placemark><Placemark><name>Trabajado - Cuartel 828 - Hilera 840</name><Style><LineStyle><color>ff00ff00</color><width>3</width></LineStyle></Style><LineString><coordinates>-71.2957466,-33.9737383,0 -71.2958216,-33.9748299,0</coordinates></LineString></Placemark><Placemark><name>Trabajado - Cuartel 828 - Hilera 841</name><Style><LineStyle><color>ff00ff00</color><width>3</width></LineStyle></Style><LineString><coordinates>-71.2958216,-33.9748299,0 -71.29576,-33.974765,0</coordinates></LineString></Placemark><Placemark><name>Trabajado - Cuartel 828 - Hilera 842</name><Style><LineStyle><color>ff00ff00</color><width>3</width></LineStyle></Style><LineString><coordinates>-71.29576,-33.974765,0 -71.2956483,-33.973865,0</coordinates></LineString></Placemark><Placemark><name>Trabajado - Cuartel 828 - Hilera 844</name><Style><LineStyle><color>ff00ff00</color><width>3</width></LineStyle></Style><LineString><coordinates>-71.2953966,-33.973735,0 -71.295655,-33.9765733,0</coordinates></LineString></Placemark><Placemark><name>Trabajado - Cuartel 828 - Hilera 845</name><Style><LineStyle><color>ff00ff00</color><width>3</width></LineStyle></Style><LineString><coordinates>-71.295655,-33.9765733,0 -71.2955783,-33.9751316,0</coordinates></LineString></Placemark><Placemark><name>Trabajado - Cuartel 828 - Hilera 847</name><Style><LineStyle><color>ff00ff00</color><width>3</width></LineStyle></Style><LineString><coordinates>-71.29568,-33.9751666,0 -71.2958766,-33.97547,0</coordinates></LineString></Placemark><Placemark><name>Trabajado - Cuartel 828 - Hilera 848</name><Style><LineStyle><color>ff00ff00</color><width>3</width></LineStyle></Style><LineString><coordinates>-71.2958766,-33.97547,0 -71.2960733,-33.9769,0</coordinates></LineString></Placemark><Placemark><name>Trabajado - Cuartel 828 - Hilera 850</name><Style><LineStyle><color>ff00ff00</color><width>3</width></LineStyle></Style><LineString><coordinates>-71.2961133,-33.9768133,0 -71.29596,-33.9758083,0</coordinates></LineString></Placemark><Placemark><name>Trabajado - Cuartel 828 - Hilera 851</name><Style><LineStyle><color>ff00ff00</color><width>3</width></LineStyle></Style><LineString><coordinates>-71.2960383,-33.9758416,0 -71.2961116,-33.9767183,0</coordinates></LineString></Placemark><Placemark><name>Trabajado - Cuartel 828 - Hilera 853</name><Style><LineStyle><color>ff00ff00</color><width>3</width></LineStyle></Style><LineString><coordinates>-71.295435,-33.9766133,0 -71.2953883,-33.9762,0</coordinates></LineString></Placemark><Placemark><name>Trabajado - Cuartel 828 - Hilera 854</name><Style><LineStyle><color>ff00ff00</color><width>3</width></LineStyle></Style><LineString><coordinates>-71.2953933,-33.97622,0 -71.2954699,-33.9757266,0</coordinates></LineString></Placemark><Placemark><name>Trabajado - Cuartel 828 - Hilera 856</name><Style><LineStyle><color>ff00ff00</color><width>3</width></LineStyle></Style><LineString><coordinates>-71.2953616,-33.975625,0 -71.2953333,-33.9755,0</coordinates></LineString></Placemark><Placemark><name>Trabajado - Cuartel 828 - Hilera 857</name><Style><LineStyle><color>ff00ff00</color><width>3</width></LineStyle></Style><LineString><coordinates>-71.2953266,-33.9755133,0 -71.295065,-33.9736966,0</coordinates></LineString></Placemark><Placemark><name>Descartado (grupo chico) - Hilera 829</name><Style><LineStyle><color>ff00ffff</color><width>3</width></LineStyle></Style><LineString><coordinates>-71.2968533,-33.9764049,0 -71.2966916,-33.9765983,0</coordinates></LineString></Placemark><Placemark><name>Descartado (grupo chico) - Hilera 831</name><Style><LineStyle><color>ff00ffff</color><width>3</width></LineStyle></Style><LineString><coordinates>-71.2964233,-33.9736833,0 -71.2963433,-33.9737466,0</coordinates></LineString></Placemark><Placemark><name>Descartado (grupo chico) - Hilera 832</name><Style><LineStyle><color>ff00ffff</color><width>3</width></LineStyle></Style><LineString><coordinates>-71.2963433,-33.9737466,0 -71.2964216,-33.97381,0</coordinates></LineString></Placemark><Placemark><name>Descartado (grupo chico) - Hilera 839</name><Style><LineStyle><color>ff00ffff</color><width>3</width></LineStyle></Style><LineString><coordinates>-71.2958633,-33.97386,0 -71.2957466,-33.9737383,0</coordinates></LineString></Placemark><Placemark><name>Descartado (grupo chico) - Hilera 843</name><Style><LineStyle><color>ff00ffff</color><width>3</width></LineStyle></Style><LineString><coordinates>-71.2956483,-33.973865,0 -71.2953966,-33.973735,0</coordinates></LineString></Placemark><Placemark><name>Descartado (grupo chico) - Hilera 834</name><Style><LineStyle><color>ff00ffff</color><width>3</width></LineStyle></Style><LineString><coordinates>-71.2965816,-33.9765666,0 -71.29638,-33.976585,0</coordinates></LineString></Placemark><Placemark><name>Descartado (grupo chico) - Hilera 846</name><Style><LineStyle><color>ff00ffff</color><width>3</width></LineStyle></Style><LineString><coordinates>-71.2955783,-33.9751316,0 -71.29568,-33.9751666,0</coordinates></LineString></Placemark><Placemark><name>Descartado (grupo chico) - Hilera 849</name><Style><LineStyle><color>ff00ffff</color><width>3</width></LineStyle></Style><LineString><coordinates>-71.2960733,-33.9769,0 -71.2961133,-33.9768133,0</coordinates></LineString></Placemark><Placemark><name>Descartado (grupo chico) - Hilera 852</name><Style><LineStyle><color>ff00ffff</color><width>3</width></LineStyle></Style><LineString><coordinates>-71.2961116,-33.9767183,0 -71.295435,-33.9766133,0</coordinates></LineString></Placemark><Placemark><name>Descartado (grupo chico) - Hilera 855</name><Style><LineStyle><color>ff00ffff</color><width>3</width></LineStyle></Style><LineString><coordinates>-71.2955933,-33.9757666,0 -71.2953333,-33.9756416,0</coordinates></LineString></Placemark><Placemark><name>Descartado (grupo chico) - Hilera 858</name><Style><LineStyle><color>ff00ffff</color><width>3</width></LineStyle></Style><LineString><coordinates>-71.295065,-33.9736966,0 -71.2934533,-33.9734966,0</coordinates></LineString></Placemark><Placemark><name>Descartado (grupo chico) - Hilera 894</name><Style><LineStyle><color>ff00ffff</color><width>3</width></LineStyle></Style><LineString><coordinates>-71.2918233,-33.97364,0 -71.2956966,-33.973735,0</coordinates></LineString></Placemark><Placemark><name>Trabajado - Cuartel 859 - Hilera 859</name><Style><LineStyle><color>ff00ff00</color><width>3</width></LineStyle></Style><LineString><coordinates>-71.2934533,-33.9734966,0 -71.2933833,-33.9735666,0</coordinates></LineString></Placemark><Placemark><name>Trabajado - Cuartel 859 - Hilera 860</name><Style><LineStyle><color>ff00ff00</color><width>3</width></LineStyle></Style><LineString><coordinates>-71.2933833,-33.9735666,0 -71.2930483,-33.97424,0</coordinates></LineString></Placemark><Placemark><name>Trabajado - Cuartel 859 - Hilera 862</name><Style><LineStyle><color>ff00ff00</color><width>3</width></LineStyle></Style><LineString><coordinates>-71.2928816,-33.97415,0 -71.2931533,-33.9735483,0</coordinates></LineString></Placemark><Placemark><name>Trabajado - Cuartel 859 - Hilera 863</name><Style><LineStyle><color>ff00ff00</color><width>3</width></LineStyle></Style><LineString><coordinates>-71.2931533,-33.9735483,0 -71.2930066,-33.9736583,0</coordinates></LineString></Placemark><Placemark><name>Trabajado - Cuartel 859 - Hilera 864</name><Style><LineStyle><color>ff00ff00</color><width>3</width></LineStyle></Style><LineString><coordinates>-71.2930066,-33.9736583,0 -71.2928833,-33.9739133,0</coordinates></LineString></Placemark><Placemark><name>Trabajado - Cuartel 859 - Hilera 866</name><Style><LineStyle><color>ff00ff00</color><width>3</width></LineStyle></Style><LineString><coordinates>-71.2926383,-33.9739133,0 -71.2928266,-33.97358,0</coordinates></LineString></Placemark><Placemark><name>Trabajado - Cuartel 859 - Hilera 867</name><Style><LineStyle><color>ff00ff00</color><width>3</width></LineStyle></Style><LineString><coordinates>-71.2928266,-33.97358,0 -71.2924666,-33.9737616,0</coordinates></LineString></Placemark><Placemark><name>Trabajado - Cuartel 859 - Hilera 869</name><Style><LineStyle><color>ff00ff00</color><width>3</width></LineStyle></Style><LineString><coordinates>-71.2924383,-33.9735033,0 -71.2919216,-33.9736483,0</coordinates></LineString></Placemark><Placemark><name>Descartado (grupo chico) - Hilera 861</name><Style><LineStyle><color>ff00ffff</color><width>3</width></LineStyle></Style><LineString><coordinates>-71.2930483,-33.97424,0 -71.2928816,-33.97415,0</coordinates></LineString></Placemark><Placemark><name>Descartado (grupo chico) - Hilera 865</name><Style><LineStyle><color>ff00ffff</color><width>3</width></LineStyle></Style><LineString><coordinates>-71.2928833,-33.9739133,0 -71.2926383,-33.9739133,0</coordinates></LineString></Placemark><Placemark><name>Descartado (grupo chico) - Hilera 874</name><Style><LineStyle><color>ff00ffff</color><width>3</width></LineStyle></Style><LineString><coordinates>-71.29252,-33.9742899,0 -71.292685,-33.97431,0</coordinates></LineString></Placemark><Placemark><name>Descartado (grupo chico) - Hilera 1007</name><Style><LineStyle><color>ff00ffff</color><width>3</width></LineStyle></Style><LineString><coordinates>-71.2910883,-33.9739233,0 -71.2947233,-33.9736016,0</coordinates></LineString></Placemark><Placemark><name>Descartado (grupo chico) - Hilera 868</name><Style><LineStyle><color>ff00ffff</color><width>3</width></LineStyle></Style><LineString><coordinates>-71.2924666,-33.9737616,0 -71.2924383,-33.9735033,0</coordinates></LineString></Placemark><Placemark><name>Descartado (grupo chico) - Hilera 870</name><Style><LineStyle><color>ff00ffff</color><width>3</width></LineStyle></Style><LineString><coordinates>-71.2919216,-33.9736483,0 -71.2923233,-33.9739666,0</coordinates></LineString></Placemark><Placemark><name>Descartado (grupo chico) - Hilera 871</name><Style><LineStyle><color>ff00ffff</color><width>3</width></LineStyle></Style><LineString><coordinates>-71.2923233,-33.9739666,0 -71.29276505194053,-33.9749651039965,0</coordinates></LineString></Placemark><Placemark><name>Trabajado - Cuartel 872 - Hilera 872</name><Style><LineStyle><color>ff00ff00</color><width>3</width></LineStyle></Style><LineString><coordinates>-71.2924516,-33.9742566,0 -71.2920116,-33.9750949,0</coordinates></LineString></Placemark><Placemark><name>Trabajado - Cuartel 872 - Hilera 873</name><Style><LineStyle><color>ff00ff00</color><width>3</width></LineStyle></Style><LineString><coordinates>-71.2920116,-33.9750949,0 -71.29252,-33.9742899,0</coordinates></LineString></Placemark><Placemark><name>Trabajado - Cuartel 872 - Hilera 875</name><Style><LineStyle><color>ff00ff00</color><width>3</width></LineStyle></Style><LineString><coordinates>-71.292685,-33.97431,0 -71.2922816,-33.97533,0</coordinates></LineString></Placemark><Placemark><name>Trabajado - Cuartel 872 - Hilera 876</name><Style><LineStyle><color>ff00ff00</color><width>3</width></LineStyle></Style><LineString><coordinates>-71.2922816,-33.97533,0 -71.2926533,-33.974675,0</coordinates></LineString></Placemark><Placemark><name>Trabajado - Cuartel 872 - Hilera 877</name><Style><LineStyle><color>ff00ff00</color><width>3</width></LineStyle></Style><LineString><coordinates>-71.29276,-33.9749666,0 -71.29249,-33.9754683,0</coordinates></LineString></Placemark><Placemark><name>Trabajado - Cuartel 872 - Hilera 878</name><Style><LineStyle><color>ff00ff00</color><width>3</width></LineStyle></Style><LineString><coordinates>-71.29249,-33.9754683,0 -71.2928266,-33.9750283,0</coordinates></LineString></Placemark><Placemark><name>Trabajado - Cuartel 872 - Hilera 879</name><Style><LineStyle><color>ff00ff00</color><width>3</width></LineStyle></Style><LineString><coordinates>-71.2928266,-33.9750283,0 -71.2927349,-33.9753116,0</coordinates></LineString></Placemark><Placemark><name>Trabajado - Cuartel 872 - Hilera 882</name><Style><LineStyle><color>ff00ff00</color><width>3</width></LineStyle></Style><LineString><coordinates>-71.29197,-33.9750766,0 -71.2922433,-33.974175,0</coordinates></LineString></Placemark><Placemark><name>Trabajado - Cuartel 872 - Hilera 883</name><Style><LineStyle><color>ff00ff00</color><width>3</width></LineStyle></Style><LineString><coordinates>-71.2921999,-33.9741483,0 -71.2916866,-33.974935,0</coordinates></LineString></Placemark><Placemark><name>Trabajado - Cuartel 872 - Hilera 884</name><Style><LineStyle><color>ff00ff00</color><width>3</width></LineStyle></Style><LineString><coordinates>-71.2916866,-33.974935,0 -71.2919983,-33.9740133,0</coordinates></LineString></Placemark><Placemark><name>Trabajado - Cuartel 872 - Hilera 885</name><Style><LineStyle><color>ff00ff00</color><width>3</width></LineStyle></Style><LineString><coordinates>-71.2919983,-33.9740133,0 -71.2914533,-33.9748916,0</coordinates></LineString></Placemark><Placemark><name>Trabajado - Cuartel 872 - Hilera 887</name><Style><LineStyle><color>ff00ff00</color><width>3</width></LineStyle></Style><LineString><coordinates>-71.291165,-33.9749916,0 -71.2917383,-33.9739,0</coordinates></LineString></Placemark><Placemark><name>Trabajado - Cuartel 872 - Hilera 888</name><Style><LineStyle><color>ff00ff00</color><width>3</width></LineStyle></Style><LineString><coordinates>-71.2917383,-33.9739,0 -71.2905783,-33.9756816,0</coordinates></LineString></Placemark><Placemark><name>Trabajado - Cuartel 872 - Hilera 889</name><Style><LineStyle><color>ff00ff00</color><width>3</width></LineStyle></Style><LineString><coordinates>-71.2905783,-33.9756816,0 -71.291445,-33.97376,0</coordinates></LineString></Placemark><Placemark><name>Trabajado - Cuartel 872 - Hilera 891</name><Style><LineStyle><color>ff00ff00</color><width>3</width></LineStyle></Style><LineString><coordinates>-71.29132,-33.9738449,0 -71.2903783,-33.9756866,0</coordinates></LineString></Placemark><Placemark><name>Trabajado - Cuartel 872 - Hilera 893</name><Style><LineStyle><color>ff00ff00</color><width>3</width></LineStyle></Style><LineString><coordinates>-71.2901299,-33.9757066,0 -71.2918366,-33.9736183,0</coordinates></LineString></Placemark><Placemark><name>Trabajado - Cuartel 872 - Hilera 897</name><Style><LineStyle><color>ff00ff00</color><width>3</width></LineStyle></Style><LineString><coordinates>-71.2909966,-33.9739416,0 -71.2899883,-33.9757916,0</coordinates></LineString></Placemark><Placemark><name>Trabajado - Cuartel 872 - Hilera 900</name><Style><LineStyle><color>ff00ff00</color><width>3</width></LineStyle></Style><LineString><coordinates>-71.2897916,-33.9757566,0 -71.290735,-33.9739033,0</coordinates></LineString></Placemark><Placemark><name>Trabajado - Cuartel 872 - Hilera 901</name><Style><LineStyle><color>ff00ff00</color><width>3</width></LineStyle></Style><LineString><coordinates>-71.290735,-33.9739033,0 -71.2894516,-33.9760633,0</coordinates></LineString></Placemark><Placemark><name>Trabajado - Cuartel 872 - Hilera 902</name><Style><LineStyle><color>ff00ff00</color><width>3</width></LineStyle></Style><LineString><coordinates>-71.2894516,-33.9760633,0 -71.2904383,-33.9739433,0</coordinates></LineString></Placemark><Placemark><name>Trabajado - Cuartel 872 - Hilera 903</name><Style><LineStyle><color>ff00ff00</color><width>3</width></LineStyle></Style><LineString><coordinates>-71.2903533,-33.973945,0 -71.2891983,-33.976075,0</coordinates></LineString></Placemark><Placemark><name>Trabajado - Cuartel 872 - Hilera 905</name><Style><LineStyle><color>ff00ff00</color><width>3</width></LineStyle></Style><LineString><coordinates>-71.2890166,-33.97598,0 -71.290135,-33.9738366,0</coordinates></LineString></Placemark><Placemark><name>Trabajado - Cuartel 872 - Hilera 907</name><Style><LineStyle><color>ff00ff00</color><width>3</width></LineStyle></Style><LineString><coordinates>-71.2900349,-33.97381,0 -71.2890316,-33.975835,0</coordinates></LineString></Placemark><Placemark><name>Trabajado - Cuartel 872 - Hilera 910</name><Style><LineStyle><color>ff00ff00</color><width>3</width></LineStyle></Style><LineString><coordinates>-71.2887316,-33.9758533,0 -71.2897616,-33.9737716,0</coordinates></LineString></Placemark><Placemark><name>Trabajado - Cuartel 872 - Hilera 911</name><Style><LineStyle><color>ff00ff00</color><width>3</width></LineStyle></Style><LineString><coordinates>-71.2897616,-33.9737716,0 -71.28852,-33.9759316,0</coordinates></LineString></Placemark><Placemark><name>Trabajado - Cuartel 872 - Hilera 913</name><Style><LineStyle><color>ff00ff00</color><width>3</width></LineStyle></Style><LineString><coordinates>-71.2885066,-33.9756766,0 -71.2894083,-33.9737233,0</coordinates></LineString></Placemark><Placemark><name>Trabajado - Cuartel 872 - Hilera 914</name><Style><LineStyle><color>ff00ff00</color><width>3</width></LineStyle></Style><LineString><coordinates>-71.2894083,-33.9737233,0 -71.2884916,-33.9755966,0</coordinates></LineString></Placemark><Placemark><name>Trabajado - Cuartel 872 - Hilera 917</name><Style><LineStyle><color>ff00ff00</color><width>3</width></LineStyle></Style><LineString><coordinates>-71.2883083,-33.97541,0 -71.2891616,-33.9737266,0</coordinates></LineString></Placemark><Placemark><name>Trabajado - Cuartel 872 - Hilera 918</name><Style><LineStyle><color>ff00ff00</color><width>3</width></LineStyle></Style><LineString><coordinates>-71.2891616,-33.9737266,0 -71.28829,-33.9753416,0</coordinates></LineString></Placemark><Placemark><name>Trabajado - Cuartel 872 - Hilera 920</name><Style><LineStyle><color>ff00ff00</color><width>3</width></LineStyle></Style><LineString><coordinates>-71.2881266,-33.975225,0 -71.2888799,-33.9737733,0</coordinates></LineString></Placemark><Placemark><name>Trabajado - Cuartel 872 - Hilera 922</name><Style><LineStyle><color>ff00ff00</color><width>3</width></LineStyle></Style><LineString><coordinates>-71.2888333,-33.9736916,0 -71.2879366,-33.9750683,0</coordinates></LineString></Placemark><Placemark><name>Trabajado - Cuartel 872 - Hilera 924</name><Style><LineStyle><color>ff00ff00</color><width>3</width></LineStyle></Style><LineString><coordinates>-71.28786,-33.9749699,0 -71.28856,-33.97349,0</coordinates></LineString></Placemark><Placemark><name>Trabajado - Cuartel 872 - Hilera 925</name><Style><LineStyle><color>ff00ff00</color><width>3</width></LineStyle></Style><LineString><coordinates>-71.28856,-33.97349,0 -71.2878533,-33.9748316,0</coordinates></LineString></Placemark><Placemark><name>Trabajado - Cuartel 872 - Hilera 927</name><Style><LineStyle><color>ff00ff00</color><width>3</width></LineStyle></Style><LineString><coordinates>-71.2877083,-33.974685,0 -71.28839,-33.9733316,0</coordinates></LineString></Placemark><Placemark><name>Trabajado - Cuartel 872 - Hilera 929</name><Style><LineStyle><color>ff00ff00</color><width>3</width></LineStyle></Style><LineString><coordinates>-71.2883016,-33.9733866,0 -71.2875716,-33.97471,0</coordinates></LineString></Placemark><Placemark><name>Trabajado - Cuartel 872 - Hilera 930</name><Style><LineStyle><color>ff00ff00</color><width>3</width></LineStyle></Style><LineString><coordinates>-71.2875716,-33.97471,0 -71.288115,-33.9730883,0</coordinates></LineString></Placemark><Placemark><name>Trabajado - Cuartel 872 - Hilera 931</name><Style><LineStyle><color>ff00ff00</color><width>3</width></LineStyle></Style><LineString><coordinates>-71.288115,-33.9730883,0 -71.2877933,-33.9738083,0</coordinates></LineString></Placemark><Placemark><name>Trabajado - Cuartel 872 - Hilera 932</name><Style><LineStyle><color>ff00ff00</color><width>3</width></LineStyle></Style><LineString><coordinates>-71.2877933,-33.9738083,0 -71.2878516,-33.97305,0</coordinates></LineString></Placemark><Placemark><name>Trabajado - Cuartel 872 - Hilera 934</name><Style><LineStyle><color>ff00ff00</color><width>3</width></LineStyle></Style><LineString><coordinates>-71.2876466,-33.972875,0 -71.2872066,-33.9748266,0</coordinates></LineString></Placemark><Placemark><name>Descartado (grupo chico) - Hilera 880</name><Style><LineStyle><color>ff00ffff</color><width>3</width></LineStyle></Style><LineString><coordinates>-71.2927349,-33.9753116,0 -71.2923616,-33.9754066,0</coordinates></LineString></Placemark><Placemark><name>Descartado (grupo chico) - Hilera 881</name><Style><LineStyle><color>ff00ffff</color><width>3</width></LineStyle></Style><LineString><coordinates>-71.2923616,-33.9754066,0 -71.29197,-33.9750766,0</coordinates></LineString></Placemark><Placemark><name>Descartado (grupo chico) - Hilera 886</name><Style><LineStyle><color>ff00ffff</color><width>3</width></LineStyle></Style><LineString><coordinates>-71.2914533,-33.9748916,0 -71.291165,-33.9749916,0</coordinates></LineString></Placemark><Placemark><name>Descartado (grupo chico) - Hilera 890</name><Style><LineStyle><color>ff00ffff</color><width>3</width></LineStyle></Style><LineString><coordinates>-71.291445,-33.97376,0 -71.29132,-33.9738449,0</coordinates></LineString></Placemark><Placemark><name>Descartado (grupo chico) - Hilera 892</name><Style><LineStyle><color>ff00ffff</color><width>3</width></LineStyle></Style><LineString><coordinates>-71.2903783,-33.9756866,0 -71.2901299,-33.9757066,0</coordinates></LineString></Placemark><Placemark><name>Descartado (grupo chico) - Hilera 898</name><Style><LineStyle><color>ff00ffff</color><width>3</width></LineStyle></Style><LineString><coordinates>-71.2899883,-33.9757916,0 -71.2898583,-33.9758366,0</coordinates></LineString></Placemark><Placemark><name>Descartado (grupo chico) - Hilera 896</name><Style><LineStyle><color>ff00ffff</color><width>3</width></LineStyle></Style><LineString><coordinates>-71.2991983,-33.9739699,0 -71.2909966,-33.9739416,0</coordinates></LineString></Placemark><Placemark><name>Descartado (grupo chico) - Hilera 899</name><Style><LineStyle><color>ff00ffff</color><width>3</width></LineStyle></Style><LineString><coordinates>-71.2898583,-33.9758366,0 -71.2897916,-33.9757566,0</coordinates></LineString></Placemark><Placemark><name>Descartado (grupo chico) - Hilera 904</name><Style><LineStyle><color>ff00ffff</color><width>3</width></LineStyle></Style><LineString><coordinates>-71.2891983,-33.976075,0 -71.2890166,-33.97598,0</coordinates></LineString></Placemark><Placemark><name>Descartado (grupo chico) - Hilera 906</name><Style><LineStyle><color>ff00ffff</color><width>3</width></LineStyle></Style><LineString><coordinates>-71.290135,-33.9738366,0 -71.2900349,-33.97381,0</coordinates></LineString></Placemark><Placemark><name>Descartado (grupo chico) - Hilera 1006</name><Style><LineStyle><color>ff00ffff</color><width>3</width></LineStyle></Style><LineString><coordinates>-71.2888716,-33.9736766,0 -71.2910883,-33.9739233,0</coordinates></LineString></Placemark><Placemark><name>Descartado (grupo chico) - Hilera 908</name><Style><LineStyle><color>ff00ffff</color><width>3</width></LineStyle></Style><LineString><coordinates>-71.2890316,-33.975835,0 -71.288735,-33.975995,0</coordinates></LineString></Placemark><Placemark><name>Descartado (grupo chico) - Hilera 909</name><Style><LineStyle><color>ff00ffff</color><width>3</width></LineStyle></Style><LineString><coordinates>-71.288735,-33.975995,0 -71.2887616,-33.975775,0</coordinates></LineString></Placemark><Placemark><name>Descartado (grupo chico) - Hilera 912</name><Style><LineStyle><color>ff00ffff</color><width>3</width></LineStyle></Style><LineString><coordinates>-71.28852,-33.9759316,0 -71.2885066,-33.9756766,0</coordinates></LineString></Placemark><Placemark><name>Descartado (grupo chico) - Hilera 916</name><Style><LineStyle><color>ff00ffff</color><width>3</width></LineStyle></Style><LineString><coordinates>-71.2883383,-33.9755133,0 -71.2883083,-33.97541,0</coordinates></LineString></Placemark><Placemark><name>Descartado (grupo chico) - Hilera 915</name><Style><LineStyle><color>ff00ffff</color><width>3</width></LineStyle></Style><LineString><coordinates>-71.2884916,-33.9755966,0 -71.2883383,-33.9755133,0</coordinates></LineString></Placemark><Placemark><name>Descartado (grupo chico) - Hilera 919</name><Style><LineStyle><color>ff00ffff</color><width>3</width></LineStyle></Style><LineString><coordinates>-71.28829,-33.9753416,0 -71.2881266,-33.975225,0</coordinates></LineString></Placemark><Placemark><name>Descartado (grupo chico) - Hilera 923</name><Style><LineStyle><color>ff00ffff</color><width>3</width></LineStyle></Style><LineString><coordinates>-71.2879366,-33.9750683,0 -71.28786,-33.9749699,0</coordinates></LineString></Placemark><Placemark><name>Descartado (grupo chico) - Hilera 926</name><Style><LineStyle><color>ff00ffff</color><width>3</width></LineStyle></Style><LineString><coordinates>-71.2878533,-33.9748316,0 -71.2877083,-33.974685,0</coordinates></LineString></Placemark><Placemark><name>Descartado (grupo chico) - Hilera 921</name><Style><LineStyle><color>ff00ffff</color><width>3</width></LineStyle></Style><LineString><coordinates>-71.2888799,-33.9737733,0 -71.2888333,-33.9736916,0</coordinates></LineString></Placemark><Placemark><name>Descartado (grupo chico) - Hilera 928</name><Style><LineStyle><color>ff00ffff</color><width>3</width></LineStyle></Style><LineString><coordinates>-71.28839,-33.9733316,0 -71.2883016,-33.9733866,0</coordinates></LineString></Placemark><Placemark><name>Descartado (grupo chico) - Hilera 933</name><Style><LineStyle><color>ff00ffff</color><width>3</width></LineStyle></Style><LineString><coordinates>-71.2878516,-33.97305,0 -71.2876466,-33.972875,0</coordinates></LineString></Placemark><Placemark><name>Descartado (grupo chico) - Hilera 1005</name><Style><LineStyle><color>ff00ffff</color><width>3</width></LineStyle></Style><LineString><coordinates>-71.2877033,-33.9728016,0 -71.2888716,-33.9736766,0</coordinates></LineString></Placemark><Placemark><name>Descartado (grupo chico) - Hilera 935</name><Style><LineStyle><color>ff00ffff</color><width>3</width></LineStyle></Style><LineString><coordinates>-71.2872066,-33.9748266,0 -71.285965,-33.9768266,0</coordinates></LineString></Placemark><Placemark><name>Trabajado - Cuartel 936 - Hilera 936</name><Style><LineStyle><color>ff00ff00</color><width>3</width></LineStyle></Style><LineString><coordinates>-71.2860433,-33.976815,0 -71.2876416,-33.9732183,0</coordinates></LineString></Placemark><Placemark><name>Trabajado - Cuartel 936 - Hilera 937</name><Style><LineStyle><color>ff00ff00</color><width>3</width></LineStyle></Style><LineString><coordinates>-71.2876416,-33.9732183,0 -71.2859916,-33.9768016,0</coordinates></LineString></Placemark><Placemark><name>Trabajado - Cuartel 936 - Hilera 939</name><Style><LineStyle><color>ff00ff00</color><width>3</width></LineStyle></Style><LineString><coordinates>-71.2857466,-33.9768833,0 -71.28761,-33.972805,0</coordinates></LineString></Placemark><Placemark><name>Trabajado - Cuartel 936 - Hilera 940</name><Style><LineStyle><color>ff00ff00</color><width>3</width></LineStyle></Style><LineString><coordinates>-71.2875083,-33.9728066,0 -71.285645,-33.9767833,0</coordinates></LineString></Placemark><Placemark><name>Trabajado - Cuartel 936 - Hilera 942</name><Style><LineStyle><color>ff00ff00</color><width>3</width></LineStyle></Style><LineString><coordinates>-71.2853516,-33.976905,0 -71.2873716,-33.9723933,0</coordinates></LineString></Placemark><Placemark><name>Trabajado - Cuartel 936 - Hilera 943</name><Style><LineStyle><color>ff00ff00</color><width>3</width></LineStyle></Style><LineString><coordinates>-71.2873716,-33.9723933,0 -71.2850733,-33.976915,0</coordinates></LineString></Placemark><Placemark><name>Trabajado - Cuartel 936 - Hilera 944</name><Style><LineStyle><color>ff00ff00</color><width>3</width></LineStyle></Style><LineString><coordinates>-71.2850733,-33.976915,0 -71.2869883,-33.9724633,0</coordinates></LineString></Placemark><Placemark><name>Descartado (grupo chico) - Hilera 938</name><Style><LineStyle><color>ff00ffff</color><width>3</width></LineStyle></Style><LineString><coordinates>-71.2859916,-33.9768016,0 -71.2857683,-33.97688,0</coordinates></LineString></Placemark><Placemark><name>Descartado (grupo chico) - Hilera 941</name><Style><LineStyle><color>ff00ffff</color><width>3</width></LineStyle></Style><LineString><coordinates>-71.285645,-33.9767833,0 -71.2853516,-33.976905,0</coordinates></LineString></Placemark><Placemark><name>Trabajado - Cuartel 945 - Hilera 945</name><Style><LineStyle><color>ff00ff00</color><width>3</width></LineStyle></Style><LineString><coordinates>-71.2869883,-33.9724633,0 -71.2854133,-33.9756666,0</coordinates></LineString></Placemark><Placemark><name>Trabajado - Cuartel 945 - Hilera 947</name><Style><LineStyle><color>ff00ff00</color><width>3</width></LineStyle></Style><LineString><coordinates>-71.28532,-33.9755033,0 -71.2866566,-33.9724983,0</coordinates></LineString></Placemark><Placemark><name>Trabajado - Cuartel 945 - Hilera 948</name><Style><LineStyle><color>ff00ff00</color><width>3</width></LineStyle></Style><LineString><coordinates>-71.2866566,-33.9724983,0 -71.2852683,-33.9754016,0</coordinates></LineString></Placemark><Placemark><name>Trabajado - Cuartel 945 - Hilera 950</name><Style><LineStyle><color>ff00ff00</color><width>3</width></LineStyle></Style><LineString><coordinates>-71.285075,-33.9753199,0 -71.2862733,-33.9725983,0</coordinates></LineString></Placemark><Placemark><name>Trabajado - Cuartel 945 - Hilera 951</name><Style><LineStyle><color>ff00ff00</color><width>3</width></LineStyle></Style><LineString><coordinates>-71.2862733,-33.9725983,0 -71.28473801992295,-33.97588664995585,0</coordinates></LineString></Placemark><Placemark><name>Trabajado - Cuartel 945 - Hilera 953</name><Style><LineStyle><color>ff00ff00</color><width>3</width></LineStyle></Style><LineString><coordinates>-71.2850283,-33.97478,0 -71.2859549,-33.9727116,0</coordinates></LineString></Placemark><Placemark><name>Trabajado - Cuartel 945 - Hilera 955</name><Style><LineStyle><color>ff00ff00</color><width>3</width></LineStyle></Style><LineString><coordinates>-71.2858583,-33.9727533,0 -71.2849933,-33.9746433,0</coordinates></LineString></Placemark><Placemark><name>Trabajado - Cuartel 945 - Hilera 957</name><Style><LineStyle><color>ff00ff00</color><width>3</width></LineStyle></Style><LineString><coordinates>-71.28478,-33.9746133,0 -71.2854416,-33.9731566,0</coordinates></LineString></Placemark><Placemark><name>Trabajado - Cuartel 945 - Hilera 958</name><Style><LineStyle><color>ff00ff00</color><width>3</width></LineStyle></Style><LineString><coordinates>-71.2854416,-33.9731566,0 -71.285415,-33.973,0</coordinates></LineString></Placemark><Placemark><name>Trabajado - Cuartel 945 - Hilera 960</name><Style><LineStyle><color>ff00ff00</color><width>3</width></LineStyle></Style><LineString><coordinates>-71.2852766,-33.9731,0 -71.2852499,-33.97326,0</coordinates></LineString></Placemark><Placemark><name>Trabajado - Cuartel 945 - Hilera 961</name><Style><LineStyle><color>ff00ff00</color><width>3</width></LineStyle></Style><LineString><coordinates>-71.2852499,-33.97326,0 -71.285225,-33.9731716,0</coordinates></LineString></Placemark><Placemark><name>Trabajado - Cuartel 945 - Hilera 962</name><Style><LineStyle><color>ff00ff00</color><width>3</width></LineStyle></Style><LineString><coordinates>-71.285225,-33.9731716,0 -71.28414,-33.9752433,0</coordinates></LineString></Placemark><Placemark><name>Descartado (grupo chico) - Hilera 946</name><Style><LineStyle><color>ff00ffff</color><width>3</width></LineStyle></Style><LineString><coordinates>-71.2854133,-33.9756666,0 -71.28532,-33.9755033,0</coordinates></LineString></Placemark><Placemark><name>Descartado (grupo chico) - Hilera 949</name><Style><LineStyle><color>ff00ffff</color><width>3</width></LineStyle></Style><LineString><coordinates>-71.2852683,-33.9754016,0 -71.285075,-33.9753199,0</coordinates></LineString></Placemark><Placemark><name>Descartado (grupo chico) - Hilera 952</name><Style><LineStyle><color>ff00ffff</color><width>3</width></LineStyle></Style><LineString><coordinates>-71.2852166,-33.9748616,0 -71.2850283,-33.97478,0</coordinates></LineString></Placemark><Placemark><name>Descartado (grupo chico) - Hilera 956</name><Style><LineStyle><color>ff00ffff</color><width>3</width></LineStyle></Style><LineString><coordinates>-71.2849933,-33.9746433,0 -71.28478,-33.9746133,0</coordinates></LineString></Placemark><Placemark><name>Descartado (grupo chico) - Hilera 954</name><Style><LineStyle><color>ff00ffff</color><width>3</width></LineStyle></Style><LineString><coordinates>-71.2859549,-33.9727116,0 -71.2858583,-33.9727533,0</coordinates></LineString></Placemark><Placemark><name>Descartado (grupo chico) - Hilera 959</name><Style><LineStyle><color>ff00ffff</color><width>3</width></LineStyle></Style><LineString><coordinates>-71.285415,-33.973,0 -71.2852766,-33.9731,0</coordinates></LineString></Placemark><Placemark><name>Descartado (grupo chico) - Hilera 985</name><Style><LineStyle><color>ff00ffff</color><width>3</width></LineStyle></Style><LineString><coordinates>-71.2852483,-33.9729016,0 -71.285375,-33.9727483,0</coordinates></LineString></Placemark><Placemark><name>Descartado (grupo chico) - Hilera 986</name><Style><LineStyle><color>ff00ffff</color><width>3</width></LineStyle></Style><LineString><coordinates>-71.285375,-33.9727483,0 -71.2848016,-33.9731566,0</coordinates></LineString></Placemark><Placemark><name>Descartado (grupo chico) - Hilera 963</name><Style><LineStyle><color>ff00ffff</color><width>3</width></LineStyle></Style><LineString><coordinates>-71.28414,-33.9752433,0 -71.2843233,-33.975365,0</coordinates></LineString></Placemark><Placemark><name>Descartado (grupo chico) - Hilera 966</name><Style><LineStyle><color>ff00ffff</color><width>3</width></LineStyle></Style><LineString><coordinates>-71.2844066,-33.97533,0 -71.28458,-33.9755449,0</coordinates></LineString></Placemark><Placemark><name>Descartado (grupo chico) - Hilera 969</name><Style><LineStyle><color>ff00ffff</color><width>3</width></LineStyle></Style><LineString><coordinates>-71.2845916,-33.9756766,0 -71.2847433,-33.9758883,0</coordinates></LineString></Placemark><Placemark><name>Descartado (grupo chico) - Hilera 971</name><Style><LineStyle><color>ff00ffff</color><width>3</width></LineStyle></Style><LineString><coordinates>-71.284725,-33.9760533,0 -71.2841099,-33.9751799,0</coordinates></LineString></Placemark><Placemark><name>Trabajado - Cuartel 964 - Hilera 964</name><Style><LineStyle><color>ff00ff00</color><width>3</width></LineStyle></Style><LineString><coordinates>-71.2843233,-33.975365,0 -71.2846633,-33.9747333,0</coordinates></LineString></Placemark><Placemark><name>Trabajado - Cuartel 964 - Hilera 965</name><Style><LineStyle><color>ff00ff00</color><width>3</width></LineStyle></Style><LineString><coordinates>-71.2846633,-33.9747333,0 -71.2844066,-33.97533,0</coordinates></LineString></Placemark><Placemark><name>Trabajado - Cuartel 964 - Hilera 967</name><Style><LineStyle><color>ff00ff00</color><width>3</width></LineStyle></Style><LineString><coordinates>-71.28458,-33.9755449,0 -71.2849366,-33.9749566,0</coordinates></LineString></Placemark><Placemark><name>Trabajado - Cuartel 964 - Hilera 968</name><Style><LineStyle><color>ff00ff00</color><width>3</width></LineStyle></Style><LineString><coordinates>-71.2849366,-33.9749566,0 -71.2845916,-33.9756766,0</coordinates></LineString></Placemark><Placemark><name>Trabajado - Cuartel 964 - Hilera 970</name><Style><LineStyle><color>ff00ff00</color><width>3</width></LineStyle></Style><LineString><coordinates>-71.2849016,-33.97557,0 -71.284725,-33.9760533,0</coordinates></LineString></Placemark><Placemark><name>Trabajado - Cuartel 964 - Hilera 972</name><Style><LineStyle><color>ff00ff00</color><width>3</width></LineStyle></Style><LineString><coordinates>-71.2841099,-33.9751799,0 -71.28424,-33.9748166,0</coordinates></LineString></Placemark><Placemark><name>Descartado (grupo chico) - Hilera 973</name><Style><LineStyle><color>ff00ffff</color><width>3</width></LineStyle></Style><LineString><coordinates>-71.28424,-33.9748166,0 -71.2840266,-33.9748283,0</coordinates></LineString></Placemark><Placemark><name>Trabajado - Cuartel 974 - Hilera 974</name><Style><LineStyle><color>ff00ff00</color><width>3</width></LineStyle></Style><LineString><coordinates>-71.2840266,-33.9748283,0 -71.283415,-33.9751483,0</coordinates></LineString></Placemark><Placemark><name>Trabajado - Cuartel 974 - Hilera 976</name><Style><LineStyle><color>ff00ff00</color><width>3</width></LineStyle></Style><LineString><coordinates>-71.2831416,-33.9751566,0 -71.2844466,-33.97432,0</coordinates></LineString></Placemark><Placemark><name>Trabajado - Cuartel 974 - Hilera 977</name><Style><LineStyle><color>ff00ff00</color><width>3</width></LineStyle></Style><LineString><coordinates>-71.2844466,-33.97432,0 -71.2831399,-33.9750683,0</coordinates></LineString></Placemark><Placemark><name>Trabajado - Cuartel 974 - Hilera 979</name><Style><LineStyle><color>ff00ff00</color><width>3</width></LineStyle></Style><LineString><coordinates>-71.2827433,-33.9751233,0 -71.2848766,-33.9737433,0</coordinates></LineString></Placemark><Placemark><name>Trabajado - Cuartel 974 - Hilera 980</name><Style><LineStyle><color>ff00ff00</color><width>3</width></LineStyle></Style><LineString><coordinates>-71.2848766,-33.9737433,0 -71.2825233,-33.97502,0</coordinates></LineString></Placemark><Placemark><name>Trabajado - Cuartel 974 - Hilera 982</name><Style><LineStyle><color>ff00ff00</color><width>3</width></LineStyle></Style><LineString><coordinates>-71.28261,-33.9748666,0 -71.2849133,-33.9735049,0</coordinates></LineString></Placemark><Placemark><name>Trabajado - Cuartel 974 - Hilera 983</name><Style><LineStyle><color>ff00ff00</color><width>3</width></LineStyle></Style><LineString><coordinates>-71.2849133,-33.9735049,0 -71.2824966,-33.9747666,0</coordinates></LineString></Placemark><Placemark><name>Trabajado - Cuartel 974 - Hilera 984</name><Style><LineStyle><color>ff00ff00</color><width>3</width></LineStyle></Style><LineString><coordinates>-71.2824966,-33.9747666,0 -71.2852273429675,-33.97288128242752,0</coordinates></LineString></Placemark><Placemark><name>Trabajado - Cuartel 974 - Hilera 987</name><Style><LineStyle><color>ff00ff00</color><width>3</width></LineStyle></Style><LineString><coordinates>-71.2847516,-33.973135,0 -71.2825866,-33.9744833,0</coordinates></LineString></Placemark><Placemark><name>Trabajado - Cuartel 974 - Hilera 989</name><Style><LineStyle><color>ff00ff00</color><width>3</width></LineStyle></Style><LineString><coordinates>-71.28231,-33.9744116,0 -71.2849833,-33.9727449,0</coordinates></LineString></Placemark><Placemark><name>Trabajado - Cuartel 974 - Hilera 990</name><Style><LineStyle><color>ff00ff00</color><width>3</width></LineStyle></Style><LineString><coordinates>-71.2849833,-33.9727449,0 -71.2821099,-33.97434,0</coordinates></LineString></Placemark><Placemark><name>Trabajado - Cuartel 974 - Hilera 991</name><Style><LineStyle><color>ff00ff00</color><width>3</width></LineStyle></Style><LineString><coordinates>-71.2820683,-33.974315,0 -71.284345,-33.9729166,0</coordinates></LineString></Placemark><Placemark><name>Trabajado - Cuartel 974 - Hilera 993</name><Style><LineStyle><color>ff00ff00</color><width>3</width></LineStyle></Style><LineString><coordinates>-71.2843,-33.9728299,0 -71.2817166,-33.9742366,0</coordinates></LineString></Placemark><Placemark><name>Trabajado - Cuartel 974 - Hilera 994</name><Style><LineStyle><color>ff00ff00</color><width>3</width></LineStyle></Style><LineString><coordinates>-71.2817166,-33.9742366,0 -71.2836583,-33.9729149,0</coordinates></LineString></Placemark><Placemark><name>Trabajado - Cuartel 974 - Hilera 995</name><Style><LineStyle><color>ff00ff00</color><width>3</width></LineStyle></Style><LineString><coordinates>-71.2836583,-33.9729149,0 -71.2816716,-33.97408,0</coordinates></LineString></Placemark><Placemark><name>Trabajado - Cuartel 974 - Hilera 998</name><Style><LineStyle><color>ff00ff00</color><width>3</width></LineStyle></Style><LineString><coordinates>-71.2818016,-33.9737533,0 -71.283015,-33.9730866,0</coordinates></LineString></Placemark><Placemark><name>Trabajado - Cuartel 974 - Hilera 999</name><Style><LineStyle><color>ff00ff00</color><width>3</width></LineStyle></Style><LineString><coordinates>-71.283015,-33.9730866,0 -71.2813649,-33.9739516,0</coordinates></LineString></Placemark><Placemark><name>Trabajado - Cuartel 974 - Hilera 1001</name><Style><LineStyle><color>ff00ff00</color><width>3</width></LineStyle></Style><LineString><coordinates>-71.2813833,-33.973735,0 -71.2825533,-33.9730733,0</coordinates></LineString></Placemark><Placemark><name>Descartado (grupo chico) - Hilera 975</name><Style><LineStyle><color>ff00ffff</color><width>3</width></LineStyle></Style><LineString><coordinates>-71.283415,-33.9751483,0 -71.2831416,-33.9751566,0</coordinates></LineString></Placemark><Placemark><name>Descartado (grupo chico) - Hilera 978</name><Style><LineStyle><color>ff00ffff</color><width>3</width></LineStyle></Style><LineString><coordinates>-71.2831399,-33.9750683,0 -71.2827433,-33.9751233,0</coordinates></LineString></Placemark><Placemark><name>Descartado (grupo chico) - Hilera 981</name><Style><LineStyle><color>ff00ffff</color><width>3</width></LineStyle></Style><LineString><coordinates>-71.2825233,-33.97502,0 -71.28261,-33.9748666,0</coordinates></LineString></Placemark><Placemark><name>Descartado (grupo chico) - Hilera 988</name><Style><LineStyle><color>ff00ffff</color><width>3</width></LineStyle></Style><LineString><coordinates>-71.2825866,-33.9744833,0 -71.28231,-33.9744116,0</coordinates></LineString></Placemark><Placemark><name>Descartado (grupo chico) - Hilera 992</name><Style><LineStyle><color>ff00ffff</color><width>3</width></LineStyle></Style><LineString><coordinates>-71.284345,-33.9729166,0 -71.2843,-33.9728299,0</coordinates></LineString></Placemark><Placemark><name>Descartado (grupo chico) - Hilera 996</name><Style><LineStyle><color>ff00ffff</color><width>3</width></LineStyle></Style><LineString><coordinates>-71.2816716,-33.97408,0 -71.2814616,-33.9739933,0</coordinates></LineString></Placemark><Placemark><name>Descartado (grupo chico) - Hilera 997</name><Style><LineStyle><color>ff00ffff</color><width>3</width></LineStyle></Style><LineString><coordinates>-71.2814616,-33.9739933,0 -71.2818016,-33.9737533,0</coordinates></LineString></Placemark><Placemark><name>Descartado (grupo chico) - Hilera 1000</name><Style><LineStyle><color>ff00ffff</color><width>3</width></LineStyle></Style><LineString><coordinates>-71.2813649,-33.9739516,0 -71.2813833,-33.973735,0</coordinates></LineString></Placemark><Placemark><name>Descartado (grupo chico) - Hilera 1002</name><Style><LineStyle><color>ff00ffff</color><width>3</width></LineStyle></Style><LineString><coordinates>-71.2825533,-33.9730733,0 -71.2860283,-33.9726666,0</coordinates></LineString></Placemark><Placemark><name>Descartado (grupo chico) - Hilera 1003</name><Style><LineStyle><color>ff00ffff</color><width>3</width></LineStyle></Style><LineString><coordinates>-71.28599,-33.9726383,0 -71.2875433,-33.9724316,0</coordinates></LineString></Placemark><Placemark><name>Descartado (grupo chico) - Hilera 1004</name><Style><LineStyle><color>ff00ffff</color><width>3</width></LineStyle></Style><LineString><coordinates>-71.2875966,-33.97246,0 -71.2877033,-33.9728016,0</coordinates></LineString></Placemark><Placemark><name>Descartado (grupo chico) - Hilera 1009</name><Style><LineStyle><color>ff00ffff</color><width>3</width></LineStyle></Style><LineString><coordinates>-71.2991333,-33.9740133,0 -71.2993516,-33.9739816,0</coordinates></LineString></Placemark><Placemark><name>Descartado (grupo chico) - Hilera 1010</name><Style><LineStyle><color>ff00ffff</color><width>3</width></LineStyle></Style><LineString><coordinates>-71.2994266,-33.9741466,0 -71.3015783,-33.9762366,0</coordinates></LineString></Placemark><Placemark><name>Descartado (grupo chico) - Hilera 1012</name><Style><LineStyle><color>ff00ffff</color><width>3</width></LineStyle></Style><LineString><coordinates>-71.3435166,-34.602395,0 -71.343375,-34.6024516,0</coordinates></LineString></Placemark><Placemark><name>Descartado (grupo chico) - Hilera 1013</name><Style><LineStyle><color>ff00ffff</color><width>3</width></LineStyle></Style><LineString><coordinates>-71.3200016,-34.6328316,0 -71.3199816,-34.63295,0</coordinates></LineString></Placemark><Placemark><name>Descartado (grupo chico) - Hilera 1014</name><Style><LineStyle><color>ff00ffff</color><width>3</width></LineStyle></Style><LineString><coordinates>-71.3199816,-34.63295,0 -71.323385,-34.6354533,0</coordinates></LineString></Placemark><Placemark><name>Descartado (grupo chico) - Hilera 1015</name><Style><LineStyle><color>ff00ffff</color><width>3</width></LineStyle></Style><LineString><coordinates>-71.323385,-34.6354533,0 -71.32334,-34.63559,0</coordinates></LineString></Placemark><Placemark><name>Trabajado - Cuartel 1016 - Hilera 1016</name><Style><LineStyle><color>ff00ff00</color><width>3</width></LineStyle></Style><LineString><coordinates>-71.2655166,-34.65355,0 -71.26600810923269,-34.6551116886686,0</coordinates></LineString></Placemark><Placemark><name>Trabajado - Cuartel 1016 - Hilera 1017</name><Style><LineStyle><color>ff00ff00</color><width>3</width></LineStyle></Style><LineString><coordinates>-71.2656666,-34.6540266,0 -71.26574,-34.6540866,0</coordinates></LineString></Placemark><Placemark><name>Trabajado - Cuartel 1016 - Hilera 1018</name><Style><LineStyle><color>ff00ff00</color><width>3</width></LineStyle></Style><LineString><coordinates>-71.26574,-34.6540866,0 -71.2659556176243,-34.654109493042625,0</coordinates></LineString></Placemark><Placemark><name>Trabajado - Cuartel 1016 - Hilera 1019</name><Style><LineStyle><color>ff00ff00</color><width>3</width></LineStyle></Style><LineString><coordinates>-71.26579,-34.6540766,0 -71.2660433,-34.6540566,0</coordinates></LineString></Placemark><Placemark><name>Trabajado - Cuartel 1016 - Hilera 1020</name><Style><LineStyle><color>ff00ff00</color><width>3</width></LineStyle></Style><LineString><coordinates>-71.2660833,-34.65409,0 -71.266208313319,-34.65452776104758,0</coordinates></LineString></Placemark><Placemark><name>Trabajado - Cuartel 1016 - Hilera 1021</name><Style><LineStyle><color>ff00ff00</color><width>3</width></LineStyle></Style><LineString><coordinates>-71.2661999,-34.6544983,0 -71.26595574098411,-34.654892463031565,0</coordinates></LineString></Placemark><Placemark><name>Trabajado - Cuartel 1016 - Hilera 1022</name><Style><LineStyle><color>ff00ff00</color><width>3</width></LineStyle></Style><LineString><coordinates>-71.26612239255103,-34.654668605353656,0 -71.2659383,-34.65498,0</coordinates></LineString></Placemark><Placemark><name>Trabajado - Cuartel 1016 - Hilera 1023</name><Style><LineStyle><color>ff00ff00</color><width>3</width></LineStyle></Style><LineString><coordinates>-71.2661733,-34.6545566,0 -71.2660866,-34.6541033,0</coordinates></LineString></Placemark><Placemark><name>Trabajado - Cuartel 1016 - Hilera 1024</name><Style><LineStyle><color>ff00ff00</color><width>3</width></LineStyle></Style><LineString><coordinates>-71.2660866,-34.6541033,0 -71.2659183,-34.653945,0</coordinates></LineString></Placemark><Placemark><name>Trabajado - Cuartel 1016 - Hilera 1025</name><Style><LineStyle><color>ff00ff00</color><width>3</width></LineStyle></Style><LineString><coordinates>-71.2659183,-34.653945,0 -71.2657533,-34.6541099,0</coordinates></LineString></Placemark><Placemark><name>Trabajado - Cuartel 1016 - Hilera 1026</name><Style><LineStyle><color>ff00ff00</color><width>3</width></LineStyle></Style><LineString><coordinates>-71.26574209141961,-34.6541090570987,0 -71.265865,-34.6541183,0</coordinates></LineString></Placemark><Placemark><name>Trabajado - Cuartel 1016 - Hilera 1027</name><Style><LineStyle><color>ff00ff00</color><width>3</width></LineStyle></Style><LineString><coordinates>-71.26584598414082,-34.65440513840786,0 -71.26546,-34.6536383,0</coordinates></LineString></Placemark><Placemark><name>Trabajado - Cuartel 1016 - Hilera 2401</name><Style><LineStyle><color>ff00ff00</color><width>3</width></LineStyle></Style><LineString><coordinates>-71.265435,-34.6535533,0 -71.26611658657782,-34.65519160373763,0</coordinates></LineString></Placemark><Placemark><name>Trabajado - Cuartel 1016 - Hilera 2402</name><Style><LineStyle><color>ff00ff00</color><width>3</width></LineStyle></Style><LineString><coordinates>-71.2657716,-34.6542233,0 -71.2660499,-34.6540983,0</coordinates></LineString></Placemark><Placemark><name>Trabajado - Cuartel 1016 - Hilera 2403</name><Style><LineStyle><color>ff00ff00</color><width>3</width></LineStyle></Style><LineString><coordinates>-71.2661966,-34.65453,0 -71.2657016,-34.6550183,0</coordinates></LineString></Placemark><Placemark><name>Trabajado - Cuartel 1016 - Hilera 2404</name><Style><LineStyle><color>ff00ff00</color><width>3</width></LineStyle></Style><LineString><coordinates>-71.2657016,-34.6550183,0 -71.2659116,-34.6553383,0</coordinates></LineString></Placemark><Placemark><name>Trabajado - Cuartel 1016 - Hilera 2405</name><Style><LineStyle><color>ff00ff00</color><width>3</width></LineStyle></Style><LineString><coordinates>-71.26584928054838,-34.65532819960265,0 -71.266035,-34.6553583,0</coordinates></LineString></Placemark><Placemark><name>Trabajado - Cuartel 1016 - Hilera 2406</name><Style><LineStyle><color>ff00ff00</color><width>3</width></LineStyle></Style><LineString><coordinates>-71.266035,-34.6553583,0 -71.2659516,-34.6554033,0</coordinates></LineString></Placemark><Placemark><name>Trabajado - Cuartel 1016 - Hilera 2407</name><Style><LineStyle><color>ff00ff00</color><width>3</width></LineStyle></Style><LineString><coordinates>-71.2659366,-34.6553566,0 -71.2657983,-34.6552716,0</coordinates></LineString></Placemark><Placemark><name>Trabajado - Cuartel 1016 - Hilera 2408</name><Style><LineStyle><color>ff00ff00</color><width>3</width></LineStyle></Style><LineString><coordinates>-71.2657983,-34.6552716,0 -71.2660311419749,-34.6552751437006,0</coordinates></LineString></Placemark><Placemark><name>Trabajado - Cuartel 1016 - Hilera 2409</name><Style><LineStyle><color>ff00ff00</color><width>3</width></LineStyle></Style><LineString><coordinates>-71.26589801748406,-34.655259719815255,0 -71.265985,-34.6553583,0</coordinates></LineString></Placemark><Placemark><name>Trabajado - Cuartel 1016 - Hilera 2410</name><Style><LineStyle><color>ff00ff00</color><width>3</width></LineStyle></Style><LineString><coordinates>-71.2658533,-34.6553116,0 -71.26592,-34.655235,0</coordinates></LineString></Placemark><Placemark><name>Trabajado - Cuartel 1016 - Hilera 2411</name><Style><LineStyle><color>ff00ff00</color><width>3</width></LineStyle></Style><LineString><coordinates>-71.26592,-34.655235,0 -71.2658783,-34.65515,0</coordinates></LineString></Placemark><Placemark><name>Trabajado - Cuartel 1016 - Hilera 2412</name><Style><LineStyle><color>ff00ff00</color><width>3</width></LineStyle></Style><LineString><coordinates>-71.2658783,-34.65515,0 -71.2659833,-34.655205,0</coordinates></LineString></Placemark><Placemark><name>Trabajado - Cuartel 1016 - Hilera 2413</name><Style><LineStyle><color>ff00ff00</color><width>3</width></LineStyle></Style><LineString><coordinates>-71.2659833,-34.655205,0 -71.2659133,-34.6552783,0</coordinates></LineString></Placemark><Placemark><name>Trabajado - Cuartel 1016 - Hilera 2414</name><Style><LineStyle><color>ff00ff00</color><width>3</width></LineStyle></Style><LineString><coordinates>-71.2659916,-34.6553516,0 -71.2660316,-34.655255,0</coordinates></LineString></Placemark><Placemark><name>Trabajado - Cuartel 1016 - Hilera 2415</name><Style><LineStyle><color>ff00ff00</color><width>3</width></LineStyle></Style><LineString><coordinates>-71.2659216,-34.65527,0 -71.2660183,-34.6552183,0</coordinates></LineString></Placemark><Placemark><name>Trabajado - Cuartel 1016 - Hilera 2416</name><Style><LineStyle><color>ff00ff00</color><width>3</width></LineStyle></Style><LineString><coordinates>-71.2659116,-34.6552499,0 -71.266065,-34.655345,0</coordinates></LineString></Placemark><Placemark><name>Trabajado - Cuartel 1016 - Hilera 2417</name><Style><LineStyle><color>ff00ff00</color><width>3</width></LineStyle></Style><LineString><coordinates>-71.266065,-34.655345,0 -71.2658883,-34.65529,0</coordinates></LineString></Placemark><Placemark><name>Trabajado - Cuartel 1016 - Hilera 2418</name><Style><LineStyle><color>ff00ff00</color><width>3</width></LineStyle></Style><LineString><coordinates>-71.2658883,-34.65529,0 -71.26596,-34.655365,0</coordinates></LineString></Placemark><Placemark><name>Trabajado - Cuartel 1016 - Hilera 2419</name><Style><LineStyle><color>ff00ff00</color><width>3</width></LineStyle></Style><LineString><coordinates>-71.265875,-34.65536,0 -71.2658916,-34.6554516,0</coordinates></LineString></Placemark><Placemark><name>Trabajado - Cuartel 1016 - Hilera 2420</name><Style><LineStyle><color>ff00ff00</color><width>3</width></LineStyle></Style><LineString><coordinates>-71.2658916,-34.6554516,0 -71.2659033,-34.6552566,0</coordinates></LineString></Placemark><Placemark><name>Trabajado - Cuartel 1016 - Hilera 2422</name><Style><LineStyle><color>ff00ff00</color><width>3</width></LineStyle></Style><LineString><coordinates>-71.265765,-34.6552366,0 -71.2660033,-34.6548416,0</coordinates></LineString></Placemark><Placemark><name>Trabajado - Cuartel 1016 - Hilera 2423</name><Style><LineStyle><color>ff00ff00</color><width>3</width></LineStyle></Style><LineString><coordinates>-71.2660033,-34.6548416,0 -71.2659983,-34.6549566,0</coordinates></LineString></Placemark><Placemark><name>Trabajado - Cuartel 1016 - Hilera 2424</name><Style><LineStyle><color>ff00ff00</color><width>3</width></LineStyle></Style><LineString><coordinates>-71.2659116,-34.6549283,0 -71.2653916,-34.6549316,0</coordinates></LineString></Placemark><Placemark><name>Trabajado - Cuartel 1016 - Hilera 2425</name><Style><LineStyle><color>ff00ff00</color><width>3</width></LineStyle></Style><LineString><coordinates>-71.2653916,-34.6549316,0 -71.2653266,-34.655005,0</coordinates></LineString></Placemark><Placemark><name>Trabajado - Cuartel 1016 - Hilera 2426</name><Style><LineStyle><color>ff00ff00</color><width>3</width></LineStyle></Style><LineString><coordinates>-71.2655616,-34.6550566,0 -71.2655599,-34.6548149,0</coordinates></LineString></Placemark><Placemark><name>Trabajado - Cuartel 1016 - Hilera 2427</name><Style><LineStyle><color>ff00ff00</color><width>3</width></LineStyle></Style><LineString><coordinates>-71.2655833,-34.6549183,0 -71.265745,-34.6549066,0</coordinates></LineString></Placemark><Placemark><name>Trabajado - Cuartel 1016 - Hilera 2428</name><Style><LineStyle><color>ff00ff00</color><width>3</width></LineStyle></Style><LineString><coordinates>-71.2657916,-34.65492,0 -71.2659433,-34.65491,0</coordinates></LineString></Placemark><Placemark><name>Trabajado - Cuartel 1016 - Hilera 2429</name><Style><LineStyle><color>ff00ff00</color><width>3</width></LineStyle></Style><LineString><coordinates>-71.2659433,-34.65491,0 -71.2660116,-34.654985,0</coordinates></LineString></Placemark><Placemark><name>Trabajado - Cuartel 1016 - Hilera 2430</name><Style><LineStyle><color>ff00ff00</color><width>3</width></LineStyle></Style><LineString><coordinates>-71.2657783,-34.6545416,0 -71.2657766,-34.6547,0</coordinates></LineString></Placemark><Placemark><name>Trabajado - Cuartel 1016 - Hilera 2431</name><Style><LineStyle><color>ff00ff00</color><width>3</width></LineStyle></Style><LineString><coordinates>-71.2657766,-34.6547,0 -71.2658566,-34.654495,0</coordinates></LineString></Placemark><Placemark><name>Trabajado - Cuartel 1016 - Hilera 2432</name><Style><LineStyle><color>ff00ff00</color><width>3</width></LineStyle></Style><LineString><coordinates>-71.2658733,-34.6545016,0 -71.2657433,-34.6544883,0</coordinates></LineString></Placemark><Placemark><name>Trabajado - Cuartel 1016 - Hilera 2433</name><Style><LineStyle><color>ff00ff00</color><width>3</width></LineStyle></Style><LineString><coordinates>-71.26580376602004,-34.65445735776382,0 -71.265795,-34.654255,0</coordinates></LineString></Placemark><Placemark><name>Trabajado - Cuartel 1016 - Hilera 2434</name><Style><LineStyle><color>ff00ff00</color><width>3</width></LineStyle></Style><LineString><coordinates>-71.265795,-34.65434,0 -71.26582,-34.654085,0</coordinates></LineString></Placemark><Placemark><name>Trabajado - Cuartel 1016 - Hilera 2435</name><Style><LineStyle><color>ff00ff00</color><width>3</width></LineStyle></Style><LineString><coordinates>-71.265755,-34.6540533,0 -71.2654716,-34.653625,0</coordinates></LineString></Placemark><Placemark><name>Trabajado - Cuartel 1016 - Hilera 3098</name><Style><LineStyle><color>ff00ff00</color><width>3</width></LineStyle></Style><LineString><coordinates>-71.2661583,-34.6549966,0 -71.265965,-34.6550766,0</coordinates></LineString></Placemark><Placemark><name>Trabajado - Cuartel 1016 - Hilera 3099</name><Style><LineStyle><color>ff00ff00</color><width>3</width></LineStyle></Style><LineString><coordinates>-71.2659933,-34.6550616,0 -71.2660566,-34.655145,0</coordinates></LineString></Placemark><Placemark><name>Trabajado - Cuartel 1016 - Hilera 3100</name><Style><LineStyle><color>ff00ff00</color><width>3</width></LineStyle></Style><LineString><coordinates>-71.2660566,-34.655145,0 -71.2660433,-34.6550266,0</coordinates></LineString></Placemark><Placemark><name>Trabajado - Cuartel 1016 - Hilera 3101</name><Style><LineStyle><color>ff00ff00</color><width>3</width></LineStyle></Style><LineString><coordinates>-71.26610448852159,-34.655062414584506,0 -71.2659466,-34.65497,0</coordinates></LineString></Placemark><Placemark><name>Trabajado - Cuartel 1016 - Hilera 3102</name><Style><LineStyle><color>ff00ff00</color><width>3</width></LineStyle></Style><LineString><coordinates>-71.2660166,-34.6551099,0 -71.2660633,-34.6550266,0</coordinates></LineString></Placemark><Placemark><name>Trabajado - Cuartel 1016 - Hilera 3103</name><Style><LineStyle><color>ff00ff00</color><width>3</width></LineStyle></Style><LineString><coordinates>-71.2661066,-34.65506,0 -71.2661166,-34.6551916,0</coordinates></LineString></Placemark><Placemark><name>Trabajado - Cuartel 1016 - Hilera 3104</name><Style><LineStyle><color>ff00ff00</color><width>3</width></LineStyle></Style><LineString><coordinates>-71.2659616,-34.6548483,0 -71.26607,-34.65483,0</coordinates></LineString></Placemark><Placemark><name>Trabajado - Cuartel 1016 - Hilera 3105</name><Style><LineStyle><color>ff00ff00</color><width>3</width></LineStyle></Style><LineString><coordinates>-71.2661383,-34.6546749,0 -71.2660949,-34.6547683,0</coordinates></LineString></Placemark><Placemark><name>Trabajado - Cuartel 1016 - Hilera 3106</name><Style><LineStyle><color>ff00ff00</color><width>3</width></LineStyle></Style><LineString><coordinates>-71.2660949,-34.6547683,0 -71.2657633,-34.6547499,0</coordinates></LineString></Placemark><Placemark><name>Trabajado - Cuartel 1016 - Hilera 3107</name><Style><LineStyle><color>ff00ff00</color><width>3</width></LineStyle></Style><LineString><coordinates>-71.265765,-34.6546883,0 -71.265865,-34.6546483,0</coordinates></LineString></Placemark><Placemark><name>Trabajado - Cuartel 1016 - Hilera 3108</name><Style><LineStyle><color>ff00ff00</color><width>3</width></LineStyle></Style><LineString><coordinates>-71.265865,-34.6546483,0 -71.2657666,-34.6546016,0</coordinates></LineString></Placemark><Placemark><name>Trabajado - Cuartel 1016 - Hilera 3109</name><Style><LineStyle><color>ff00ff00</color><width>3</width></LineStyle></Style><LineString><coordinates>-71.2657666,-34.6546016,0 -71.2658299,-34.6544566,0</coordinates></LineString></Placemark><Placemark><name>Trabajado - Cuartel 1016 - Hilera 3110</name><Style><LineStyle><color>ff00ff00</color><width>3</width></LineStyle></Style><LineString><coordinates>-71.2658033,-34.6542916,0 -71.2657033,-34.6543283,0</coordinates></LineString></Placemark><Placemark><name>Trabajado - Cuartel 1016 - Hilera 3111</name><Style><LineStyle><color>ff00ff00</color><width>3</width></LineStyle></Style><LineString><coordinates>-71.2657566,-34.6542533,0 -71.2655133,-34.6536266,0</coordinates></LineString></Placemark><Placemark><name>Descartado (grupo chico) - Hilera 1028</name><Style><LineStyle><color>ff00ffff</color><width>3</width></LineStyle></Style><LineString><coordinates>-71.20396,-34.6538033,0 -71.203845,-34.6538783,0</coordinates></LineString></Placemark><Placemark><name>Descartado (grupo chico) - Hilera 2436</name><Style><LineStyle><color>ff00ffff</color><width>3</width></LineStyle></Style><LineString><coordinates>-71.2039616,-34.6537733,0 -71.2038916,-34.653825,0</coordinates></LineString></Placemark><Placemark><name>Descartado (grupo chico) - Hilera 1029</name><Style><LineStyle><color>ff00ffff</color><width>3</width></LineStyle></Style><LineString><coordinates>-71.2144083,-34.6879033,0 -71.2143366,-34.6880016,0</coordinates></LineString></Placemark><Placemark><name>Descartado (grupo chico) - Hilera 1030</name><Style><LineStyle><color>ff00ffff</color><width>3</width></LineStyle></Style><LineString><coordinates>-71.5037233,-35.5807933,0 -71.5038583,-35.5807516,0</coordinates></LineString></Placemark><Placemark><name>Trabajado - Cuartel 1031 - Hilera 1031</name><Style><LineStyle><color>ff00ff00</color><width>3</width></LineStyle></Style><LineString><coordinates>-71.5038583,-35.5807516,0 -71.50763207595583,-35.58030599799631,0</coordinates></LineString></Placemark><Placemark><name>Trabajado - Cuartel 1031 - Hilera 1032</name><Style><LineStyle><color>ff00ff00</color><width>3</width></LineStyle></Style><LineString><coordinates>-71.5066899,-35.5803766,0 -71.5068316,-35.5804333,0</coordinates></LineString></Placemark><Placemark><name>Trabajado - Cuartel 1031 - Hilera 1033</name><Style><LineStyle><color>ff00ff00</color><width>3</width></LineStyle></Style><LineString><coordinates>-71.5068316,-35.5804333,0 -71.50600613493786,-35.58051516109734,0</coordinates></LineString></Placemark><Placemark><name>Trabajado - Cuartel 1031 - Hilera 1034</name><Style><LineStyle><color>ff00ff00</color><width>3</width></LineStyle></Style><LineString><coordinates>-71.5060483,-35.5806283,0 -71.5061683,-35.580515,0</coordinates></LineString></Placemark><Placemark><name>Trabajado - Cuartel 1031 - Hilera 1035</name><Style><LineStyle><color>ff00ff00</color><width>3</width></LineStyle></Style><LineString><coordinates>-71.5063883,-35.5804783,0 -71.50666736288262,-35.580390215546046,0</coordinates></LineString></Placemark><Placemark><name>Trabajado - Cuartel 1031 - Hilera 1036</name><Style><LineStyle><color>ff00ff00</color><width>3</width></LineStyle></Style><LineString><coordinates>-71.50716383706724,-35.58043001082137,0 -71.50641055901151,-35.58040290266891,0</coordinates></LineString></Placemark><Placemark><name>Trabajado - Cuartel 1031 - Hilera 1037</name><Style><LineStyle><color>ff00ff00</color><width>3</width></LineStyle></Style><LineString><coordinates>-71.5065133,-35.5804066,0 -71.5066783,-35.5803083,0</coordinates></LineString></Placemark><Placemark><name>Trabajado - Cuartel 1031 - Hilera 1038</name><Style><LineStyle><color>ff00ff00</color><width>3</width></LineStyle></Style><LineString><coordinates>-71.50667545514189,-35.580324868423965,0 -71.506755,-35.5798616,0</coordinates></LineString></Placemark><Placemark><name>Trabajado - Cuartel 1031 - Hilera 1039</name><Style><LineStyle><color>ff00ff00</color><width>3</width></LineStyle></Style><LineString><coordinates>-71.506755,-35.5798616,0 -71.5065483,-35.579775,0</coordinates></LineString></Placemark><Placemark><name>Trabajado - Cuartel 1031 - Hilera 1040</name><Style><LineStyle><color>ff00ff00</color><width>3</width></LineStyle></Style><LineString><coordinates>-71.50690019938095,-35.58086541702073,0 -71.5061449,-35.578525,0</coordinates></LineString></Placemark><Placemark><name>Trabajado - Cuartel 1031 - Hilera 1041</name><Style><LineStyle><color>ff00ff00</color><width>3</width></LineStyle></Style><LineString><coordinates>-71.5060683,-35.578535,0 -71.50643,-35.5797533,0</coordinates></LineString></Placemark><Placemark><name>Trabajado - Cuartel 1031 - Hilera 1042</name><Style><LineStyle><color>ff00ff00</color><width>3</width></LineStyle></Style><LineString><coordinates>-71.50643,-35.5797533,0 -71.5062066,-35.5797666,0</coordinates></LineString></Placemark><Placemark><name>Trabajado - Cuartel 1031 - Hilera 1043</name><Style><LineStyle><color>ff00ff00</color><width>3</width></LineStyle></Style><LineString><coordinates>-71.5062066,-35.5797666,0 -71.50572438235,-35.578179350466414,0</coordinates></LineString></Placemark><Placemark><name>Trabajado - Cuartel 1031 - Hilera 1044</name><Style><LineStyle><color>ff00ff00</color><width>3</width></LineStyle></Style><LineString><coordinates>-71.5058866,-35.5787133,0 -71.5060383,-35.5785416,0</coordinates></LineString></Placemark><Placemark><name>Trabajado - Cuartel 1031 - Hilera 1045</name><Style><LineStyle><color>ff00ff00</color><width>3</width></LineStyle></Style><LineString><coordinates>-71.5060383,-35.5785416,0 -71.506405,-35.5786366,0</coordinates></LineString></Placemark><Placemark><name>Trabajado - Cuartel 1031 - Hilera 1046</name><Style><LineStyle><color>ff00ff00</color><width>3</width></LineStyle></Style><LineString><coordinates>-71.506405,-35.5786366,0 -71.5063449,-35.5785633,0</coordinates></LineString></Placemark><Placemark><name>Trabajado - Cuartel 1031 - Hilera 1047</name><Style><LineStyle><color>ff00ff00</color><width>3</width></LineStyle></Style><LineString><coordinates>-71.5063449,-35.5785633,0 -71.5063566,-35.5784516,0</coordinates></LineString></Placemark><Placemark><name>Trabajado - Cuartel 1031 - Hilera 1049</name><Style><LineStyle><color>ff00ff00</color><width>3</width></LineStyle></Style><LineString><coordinates>-71.5058216,-35.5785866,0 -71.5057933,-35.5786566,0</coordinates></LineString></Placemark><Placemark><name>Trabajado - Cuartel 1031 - Hilera 1050</name><Style><LineStyle><color>ff00ff00</color><width>3</width></LineStyle></Style><LineString><coordinates>-71.50538000439037,-35.577197089955185,0 -71.5061166,-35.5797983,0</coordinates></LineString></Placemark><Placemark><name>Trabajado - Cuartel 1031 - Hilera 1051</name><Style><LineStyle><color>ff00ff00</color><width>3</width></LineStyle></Style><LineString><coordinates>-71.50668452890963,-35.57981989326591,0 -71.5058983,-35.57979,0</coordinates></LineString></Placemark><Placemark><name>Trabajado - Cuartel 1031 - Hilera 1052</name><Style><LineStyle><color>ff00ff00</color><width>3</width></LineStyle></Style><LineString><coordinates>-71.5058983,-35.57979,0 -71.50556,-35.5786483,0</coordinates></LineString></Placemark><Placemark><name>Trabajado - Cuartel 1031 - Hilera 1053</name><Style><LineStyle><color>ff00ff00</color><width>3</width></LineStyle></Style><LineString><coordinates>-71.5061933,-35.5785133,0 -71.5064683,-35.5787283,0</coordinates></LineString></Placemark><Placemark><name>Trabajado - Cuartel 1031 - Hilera 1054</name><Style><LineStyle><color>ff00ff00</color><width>3</width></LineStyle></Style><LineString><coordinates>-71.5064683,-35.5787283,0 -71.5065183,-35.5789716,0</coordinates></LineString></Placemark><Placemark><name>Trabajado - Cuartel 1031 - Hilera 1055</name><Style><LineStyle><color>ff00ff00</color><width>3</width></LineStyle></Style><LineString><coordinates>-71.5065183,-35.5789716,0 -71.50632,-35.5784583,0</coordinates></LineString></Placemark><Placemark><name>Trabajado - Cuartel 1031 - Hilera 1057</name><Style><LineStyle><color>ff00ff00</color><width>3</width></LineStyle></Style><LineString><coordinates>-71.5049644119362,-35.57714473687889,0 -71.505825,-35.579695,0</coordinates></LineString></Placemark><Placemark><name>Trabajado - Cuartel 1031 - Hilera 1059</name><Style><LineStyle><color>ff00ff00</color><width>3</width></LineStyle></Style><LineString><coordinates>-71.5055649,-35.5797933,0 -71.5052916,-35.5789166,0</coordinates></LineString></Placemark><Placemark><name>Trabajado - Cuartel 1031 - Hilera 1060</name><Style><LineStyle><color>ff00ff00</color><width>3</width></LineStyle></Style><LineString><coordinates>-71.5052916,-35.5789166,0 -71.5054033,-35.5787166,0</coordinates></LineString></Placemark><Placemark><name>Trabajado - Cuartel 1031 - Hilera 1062</name><Style><LineStyle><color>ff00ff00</color><width>3</width></LineStyle></Style><LineString><coordinates>-71.50631207725917,-35.57850415186401,0 -71.5067033,-35.5803433,0</coordinates></LineString></Placemark><Placemark><name>Trabajado - Cuartel 1031 - Hilera 1063</name><Style><LineStyle><color>ff00ff00</color><width>3</width></LineStyle></Style><LineString><coordinates>-71.50669996659283,-35.580364905254555,0 -71.50576579541801,-35.580585377210866,0</coordinates></LineString></Placemark><Placemark><name>Trabajado - Cuartel 1031 - Hilera 1064</name><Style><LineStyle><color>ff00ff00</color><width>3</width></LineStyle></Style><LineString><coordinates>-71.5067,-35.580365,0 -71.5067483,-35.5798016,0</coordinates></LineString></Placemark><Placemark><name>Trabajado - Cuartel 1031 - Hilera 1066</name><Style><LineStyle><color>ff00ff00</color><width>3</width></LineStyle></Style><LineString><coordinates>-71.503405,-35.5799366,0 -71.5022166,-35.575955,0</coordinates></LineString></Placemark><Placemark><name>Trabajado - Cuartel 1031 - Hilera 1068</name><Style><LineStyle><color>ff00ff00</color><width>3</width></LineStyle></Style><LineString><coordinates>-71.5020783,-35.5759233,0 -71.5035016,-35.57994,0</coordinates></LineString></Placemark><Placemark><name>Trabajado - Cuartel 1031 - Hilera 1070</name><Style><LineStyle><color>ff00ff00</color><width>3</width></LineStyle></Style><LineString><coordinates>-71.5036033,-35.5797916,0 -71.5023533,-35.5757533,0</coordinates></LineString></Placemark><Placemark><name>Trabajado - Cuartel 1031 - Hilera 1071</name><Style><LineStyle><color>ff00ff00</color><width>3</width></LineStyle></Style><LineString><coordinates>-71.5023533,-35.5757533,0 -71.5036699,-35.5798849,0</coordinates></LineString></Placemark><Placemark><name>Trabajado - Cuartel 1031 - Hilera 1074</name><Style><LineStyle><color>ff00ff00</color><width>3</width></LineStyle></Style><LineString><coordinates>-71.503905,-35.5799449,0 -71.5026366,-35.5756533,0</coordinates></LineString></Placemark><Placemark><name>Trabajado - Cuartel 1031 - Hilera 1076</name><Style><LineStyle><color>ff00ff00</color><width>3</width></LineStyle></Style><LineString><coordinates>-71.5027066,-35.575695,0 -71.503985,-35.5798549,0</coordinates></LineString></Placemark><Placemark><name>Trabajado - Cuartel 1031 - Hilera 1079</name><Style><LineStyle><color>ff00ff00</color><width>3</width></LineStyle></Style><LineString><coordinates>-71.50425,-35.5798733,0 -71.5029126748013,-35.575513557132965,0</coordinates></LineString></Placemark><Placemark><name>Trabajado - Cuartel 1031 - Hilera 1082</name><Style><LineStyle><color>ff00ff00</color><width>3</width></LineStyle></Style><LineString><coordinates>-71.5057416,-35.576545,0 -71.50666972314542,-35.58040833650834,0</coordinates></LineString></Placemark><Placemark><name>Trabajado - Cuartel 1031 - Hilera 1083</name><Style><LineStyle><color>ff00ff00</color><width>3</width></LineStyle></Style><LineString><coordinates>-71.50660445761063,-35.58036841216162,0 -71.5056283,-35.5805916,0</coordinates></LineString></Placemark><Placemark><name>Trabajado - Cuartel 1031 - Hilera 1084</name><Style><LineStyle><color>ff00ff00</color><width>3</width></LineStyle></Style><LineString><coordinates>-71.5056266,-35.580595,0 -71.5056816,-35.5805166,0</coordinates></LineString></Placemark><Placemark><name>Trabajado - Cuartel 1031 - Hilera 1085</name><Style><LineStyle><color>ff00ff00</color><width>3</width></LineStyle></Style><LineString><coordinates>-71.5056816,-35.5805166,0 -71.5057633,-35.5805783,0</coordinates></LineString></Placemark><Placemark><name>Trabajado - Cuartel 1031 - Hilera 1086</name><Style><LineStyle><color>ff00ff00</color><width>3</width></LineStyle></Style><LineString><coordinates>-71.50652,-35.5804066,0 -71.5066983,-35.5801783,0</coordinates></LineString></Placemark><Placemark><name>Trabajado - Cuartel 1031 - Hilera 1087</name><Style><LineStyle><color>ff00ff00</color><width>3</width></LineStyle></Style><LineString><coordinates>-71.50669590972706,-35.58030851636165,0 -71.50670576789504,-35.5797714669115,0</coordinates></LineString></Placemark><Placemark><name>Trabajado - Cuartel 1031 - Hilera 1089</name><Style><LineStyle><color>ff00ff00</color><width>3</width></LineStyle></Style><LineString><coordinates>-71.5043516,-35.5799683,0 -71.5042701465248,-35.579805393049654,0</coordinates></LineString></Placemark><Placemark><name>Trabajado - Cuartel 1031 - Hilera 1090</name><Style><LineStyle><color>ff00ff00</color><width>3</width></LineStyle></Style><LineString><coordinates>-71.5042516,-35.5798116,0 -71.5030266,-35.57563,0</coordinates></LineString></Placemark><Placemark><name>Trabajado - Cuartel 1031 - Hilera 1096</name><Style><LineStyle><color>ff00ff00</color><width>3</width></LineStyle></Style><LineString><coordinates>-71.5043583,-35.57909,0 -71.5045633,-35.5798666,0</coordinates></LineString></Placemark><Placemark><name>Trabajado - Cuartel 1031 - Hilera 1097</name><Style><LineStyle><color>ff00ff00</color><width>3</width></LineStyle></Style><LineString><coordinates>-71.50462,-35.5798783,0 -71.5032833,-35.5753766,0</coordinates></LineString></Placemark><Placemark><name>Trabajado - Cuartel 1031 - Hilera 1103</name><Style><LineStyle><color>ff00ff00</color><width>3</width></LineStyle></Style><LineString><coordinates>-71.5041616,-35.5774983,0 -71.50445210784461,-35.57854584928448,0</coordinates></LineString></Placemark><Placemark><name>Trabajado - Cuartel 1031 - Hilera 1104</name><Style><LineStyle><color>ff00ff00</color><width>3</width></LineStyle></Style><LineString><coordinates>-71.5044866,-35.5784966,0 -71.5049199,-35.5799383,0</coordinates></LineString></Placemark><Placemark><name>Trabajado - Cuartel 1031 - Hilera 1105</name><Style><LineStyle><color>ff00ff00</color><width>3</width></LineStyle></Style><LineString><coordinates>-71.5049199,-35.5799383,0 -71.5035733,-35.5752666,0</coordinates></LineString></Placemark><Placemark><name>Trabajado - Cuartel 1031 - Hilera 1110</name><Style><LineStyle><color>ff00ff00</color><width>3</width></LineStyle></Style><LineString><coordinates>-71.5046133,-35.577775,0 -71.5045916,-35.5779266,0</coordinates></LineString></Placemark><Placemark><name>Trabajado - Cuartel 1031 - Hilera 1111</name><Style><LineStyle><color>ff00ff00</color><width>3</width></LineStyle></Style><LineString><coordinates>-71.5045916,-35.5779266,0 -71.5052033,-35.5799116,0</coordinates></LineString></Placemark><Placemark><name>Trabajado - Cuartel 1031 - Hilera 1112</name><Style><LineStyle><color>ff00ff00</color><width>3</width></LineStyle></Style><LineString><coordinates>-71.5052766,-35.5799133,0 -71.5043466,-35.5767816,0</coordinates></LineString></Placemark><Placemark><name>Trabajado - Cuartel 1031 - Hilera 1114</name><Style><LineStyle><color>ff00ff00</color><width>3</width></LineStyle></Style><LineString><coordinates>-71.5057449,-35.5764483,0 -71.5061733,-35.5777983,0</coordinates></LineString></Placemark><Placemark><name>Trabajado - Cuartel 1031 - Hilera 1115</name><Style><LineStyle><color>ff00ff00</color><width>3</width></LineStyle></Style><LineString><coordinates>-71.5061583,-35.5778183,0 -71.50667988609028,-35.580424508710905,0</coordinates></LineString></Placemark><Placemark><name>Trabajado - Cuartel 1031 - Hilera 1116</name><Style><LineStyle><color>ff00ff00</color><width>3</width></LineStyle></Style><LineString><coordinates>-71.5066733,-35.5803916,0 -71.50570787103807,-35.58059638796162,0</coordinates></LineString></Placemark><Placemark><name>Trabajado - Cuartel 1031 - Hilera 1117</name><Style><LineStyle><color>ff00ff00</color><width>3</width></LineStyle></Style><LineString><coordinates>-71.50650607148896,-35.58066197371737,0 -71.5064516,-35.5804016,0</coordinates></LineString></Placemark><Placemark><name>Trabajado - Cuartel 1031 - Hilera 1118</name><Style><LineStyle><color>ff00ff00</color><width>3</width></LineStyle></Style><LineString><coordinates>-71.5065255194542,-35.58048959833425,0 -71.50624319879849,-35.5803048738049,0</coordinates></LineString></Placemark><Placemark><name>Trabajado - Cuartel 1031 - Hilera 1119</name><Style><LineStyle><color>ff00ff00</color><width>3</width></LineStyle></Style><LineString><coordinates>-71.5062550426877,-35.58027550801074,0 -71.50635264229051,-35.580475769108254,0</coordinates></LineString></Placemark><Placemark><name>Trabajado - Cuartel 1031 - Hilera 1120</name><Style><LineStyle><color>ff00ff00</color><width>3</width></LineStyle></Style><LineString><coordinates>-71.5063433,-35.5804566,0 -71.5065566,-35.5801216,0</coordinates></LineString></Placemark><Placemark><name>Trabajado - Cuartel 1031 - Hilera 1121</name><Style><LineStyle><color>ff00ff00</color><width>3</width></LineStyle></Style><LineString><coordinates>-71.50623068837757,-35.58031200793574,0 -71.506705,-35.5800349,0</coordinates></LineString></Placemark><Placemark><name>Trabajado - Cuartel 1031 - Hilera 1122</name><Style><LineStyle><color>ff00ff00</color><width>3</width></LineStyle></Style><LineString><coordinates>-71.50690503675044,-35.58080265670944,0 -71.5063116,-35.578525,0</coordinates></LineString></Placemark><Placemark><name>Trabajado - Cuartel 1031 - Hilera 1123</name><Style><LineStyle><color>ff00ff00</color><width>3</width></LineStyle></Style><LineString><coordinates>-71.5063116,-35.578525,0 -71.5062116,-35.5784899,0</coordinates></LineString></Placemark><Placemark><name>Trabajado - Cuartel 1031 - Hilera 1127</name><Style><LineStyle><color>ff00ff00</color><width>3</width></LineStyle></Style><LineString><coordinates>-71.50571023568021,-35.58068971691974,0 -71.50482974041682,-35.57733546840379,0</coordinates></LineString></Placemark><Placemark><name>Trabajado - Cuartel 1031 - Hilera 1135</name><Style><LineStyle><color>ff00ff00</color><width>3</width></LineStyle></Style><LineString><coordinates>-71.5049733,-35.5769433,0 -71.5049783,-35.5770416,0</coordinates></LineString></Placemark><Placemark><name>Trabajado - Cuartel 1031 - Hilera 1136</name><Style><LineStyle><color>ff00ff00</color><width>3</width></LineStyle></Style><LineString><coordinates>-71.5049783,-35.5770416,0 -71.5050333,-35.5771216,0</coordinates></LineString></Placemark><Placemark><name>Trabajado - Cuartel 1031 - Hilera 1137</name><Style><LineStyle><color>ff00ff00</color><width>3</width></LineStyle></Style><LineString><coordinates>-71.505475,-35.578695,0 -71.5055283,-35.5786033,0</coordinates></LineString></Placemark><Placemark><name>Trabajado - Cuartel 1031 - Hilera 1138</name><Style><LineStyle><color>ff00ff00</color><width>3</width></LineStyle></Style><LineString><coordinates>-71.5055283,-35.5786033,0 -71.505315,-35.5779016,0</coordinates></LineString></Placemark><Placemark><name>Trabajado - Cuartel 1031 - Hilera 1147</name><Style><LineStyle><color>ff00ff00</color><width>3</width></LineStyle></Style><LineString><coordinates>-71.5044166,-35.57408,0 -71.5060533,-35.579805,0</coordinates></LineString></Placemark><Placemark><name>Trabajado - Cuartel 1031 - Hilera 1148</name><Style><LineStyle><color>ff00ff00</color><width>3</width></LineStyle></Style><LineString><coordinates>-71.50669780116378,-35.58030235264497,0 -71.50659948439949,-35.58040737587339,0</coordinates></LineString></Placemark><Placemark><name>Trabajado - Cuartel 1031 - Hilera 1149</name><Style><LineStyle><color>ff00ff00</color><width>3</width></LineStyle></Style><LineString><coordinates>-71.5057533,-35.5805733,0 -71.50556575342445,-35.580565833796456,0</coordinates></LineString></Placemark><Placemark><name>Trabajado - Cuartel 1031 - Hilera 1150</name><Style><LineStyle><color>ff00ff00</color><width>3</width></LineStyle></Style><LineString><coordinates>-71.5056,-35.58055,0 -71.50784515200259,-35.58018935005155,0</coordinates></LineString></Placemark><Placemark><name>Trabajado - Cuartel 1031 - Hilera 1151</name><Style><LineStyle><color>ff00ff00</color><width>3</width></LineStyle></Style><LineString><coordinates>-71.5066583,-35.58038,0 -71.5067316,-35.5798283,0</coordinates></LineString></Placemark><Placemark><name>Trabajado - Cuartel 1031 - Hilera 1152</name><Style><LineStyle><color>ff00ff00</color><width>3</width></LineStyle></Style><LineString><coordinates>-71.5066933,-35.57978,0 -71.5063,-35.5797583,0</coordinates></LineString></Placemark><Placemark><name>Trabajado - Cuartel 1031 - Hilera 1153</name><Style><LineStyle><color>ff00ff00</color><width>3</width></LineStyle></Style><LineString><coordinates>-71.50580169275206,-35.57866623416274,0 -71.5048516,-35.5755499,0</coordinates></LineString></Placemark><Placemark><name>Trabajado - Cuartel 1031 - Hilera 1161</name><Style><LineStyle><color>ff00ff00</color><width>3</width></LineStyle></Style><LineString><coordinates>-71.50541,-35.577315,0 -71.50574103902358,-35.57817473321803,0</coordinates></LineString></Placemark><Placemark><name>Trabajado - Cuartel 1031 - Hilera 1162</name><Style><LineStyle><color>ff00ff00</color><width>3</width></LineStyle></Style><LineString><coordinates>-71.50587,-35.5785916,0 -71.5059466,-35.5785316,0</coordinates></LineString></Placemark><Placemark><name>Trabajado - Cuartel 1031 - Hilera 1163</name><Style><LineStyle><color>ff00ff00</color><width>3</width></LineStyle></Style><LineString><coordinates>-71.5059466,-35.5785316,0 -71.50599,-35.5783933,0</coordinates></LineString></Placemark><Placemark><name>Trabajado - Cuartel 1031 - Hilera 1169</name><Style><LineStyle><color>ff00ff00</color><width>3</width></LineStyle></Style><LineString><coordinates>-71.5050933,-35.5744516,0 -71.5066666,-35.5803933,0</coordinates></LineString></Placemark><Placemark><name>Trabajado - Cuartel 1031 - Hilera 1170</name><Style><LineStyle><color>ff00ff00</color><width>3</width></LineStyle></Style><LineString><coordinates>-71.5067566,-35.5803916,0 -71.507195,-35.5805016,0</coordinates></LineString></Placemark><Placemark><name>Trabajado - Cuartel 1031 - Hilera 1171</name><Style><LineStyle><color>ff00ff00</color><width>3</width></LineStyle></Style><LineString><coordinates>-71.507195,-35.5805016,0 -71.5078199,-35.582075,0</coordinates></LineString></Placemark><Placemark><name>Trabajado - Cuartel 1031 - Hilera 1172</name><Style><LineStyle><color>ff00ff00</color><width>3</width></LineStyle></Style><LineString><coordinates>-71.5078199,-35.582075,0 -71.50738,-35.58035,0</coordinates></LineString></Placemark><Placemark><name>Trabajado - Cuartel 1031 - Hilera 1173</name><Style><LineStyle><color>ff00ff00</color><width>3</width></LineStyle></Style><LineString><coordinates>-71.50738,-35.58035,0 -71.5075066,-35.5805033,0</coordinates></LineString></Placemark><Placemark><name>Trabajado - Cuartel 1031 - Hilera 1178</name><Style><LineStyle><color>ff00ff00</color><width>3</width></LineStyle></Style><LineString><coordinates>-71.5076533,-35.5802466,0 -71.5077833,-35.5802633,0</coordinates></LineString></Placemark><Placemark><name>Trabajado - Cuartel 1031 - Hilera 1179</name><Style><LineStyle><color>ff00ff00</color><width>3</width></LineStyle></Style><LineString><coordinates>-71.5077833,-35.5802633,0 -71.5084233,-35.5821233,0</coordinates></LineString></Placemark><Placemark><name>Trabajado - Cuartel 1031 - Hilera 1182</name><Style><LineStyle><color>ff00ff00</color><width>3</width></LineStyle></Style><LineString><coordinates>-71.5085383,-35.58204,0 -71.5078449,-35.5801883,0</coordinates></LineString></Placemark><Placemark><name>Trabajado - Cuartel 1031 - Hilera 1183</name><Style><LineStyle><color>ff00ff00</color><width>3</width></LineStyle></Style><LineString><coordinates>-71.50644053564028,-35.58042804982175,0 -71.50639,-35.5805083,0</coordinates></LineString></Placemark><Placemark><name>Trabajado - Cuartel 1031 - Hilera 1184</name><Style><LineStyle><color>ff00ff00</color><width>3</width></LineStyle></Style><LineString><coordinates>-71.5064333,-35.580425,0 -71.5066499,-35.5803,0</coordinates></LineString></Placemark><Placemark><name>Trabajado - Cuartel 1031 - Hilera 1185</name><Style><LineStyle><color>ff00ff00</color><width>3</width></LineStyle></Style><LineString><coordinates>-71.5066116,-35.5801733,0 -71.5065216,-35.5801233,0</coordinates></LineString></Placemark><Placemark><name>Trabajado - Cuartel 1031 - Hilera 1186</name><Style><LineStyle><color>ff00ff00</color><width>3</width></LineStyle></Style><LineString><coordinates>-71.506535,-35.5804799,0 -71.5067016,-35.5804216,0</coordinates></LineString></Placemark><Placemark><name>Trabajado - Cuartel 1031 - Hilera 1187</name><Style><LineStyle><color>ff00ff00</color><width>3</width></LineStyle></Style><LineString><coordinates>-71.5063133,-35.5786233,0 -71.5060883,-35.5784533,0</coordinates></LineString></Placemark><Placemark><name>Trabajado - Cuartel 1031 - Hilera 1198</name><Style><LineStyle><color>ff00ff00</color><width>3</width></LineStyle></Style><LineString><coordinates>-71.5055966,-35.5757683,0 -71.5072449,-35.5803666,0</coordinates></LineString></Placemark><Placemark><name>Trabajado - Cuartel 1031 - Hilera 1199</name><Style><LineStyle><color>ff00ff00</color><width>3</width></LineStyle></Style><LineString><coordinates>-71.5072449,-35.5803666,0 -71.50594,-35.57629,0</coordinates></LineString></Placemark><Placemark><name>Trabajado - Cuartel 1031 - Hilera 1207</name><Style><LineStyle><color>ff00ff00</color><width>3</width></LineStyle></Style><LineString><coordinates>-71.5058483,-35.5757133,0 -71.50666286874053,-35.57835685094373,0</coordinates></LineString></Placemark><Placemark><name>Trabajado - Cuartel 1031 - Hilera 1209</name><Style><LineStyle><color>ff00ff00</color><width>3</width></LineStyle></Style><LineString><coordinates>-71.5068983,-35.5783716,0 -71.5075449,-35.5802766,0</coordinates></LineString></Placemark><Placemark><name>Trabajado - Cuartel 1031 - Hilera 1210</name><Style><LineStyle><color>ff00ff00</color><width>3</width></LineStyle></Style><LineString><coordinates>-71.5075449,-35.5802766,0 -71.5074033,-35.580265,0</coordinates></LineString></Placemark><Placemark><name>Trabajado - Cuartel 1031 - Hilera 1211</name><Style><LineStyle><color>ff00ff00</color><width>3</width></LineStyle></Style><LineString><coordinates>-71.5074516,-35.5803383,0 -71.5075266,-35.5800983,0</coordinates></LineString></Placemark><Placemark><name>Trabajado - Cuartel 1031 - Hilera 1212</name><Style><LineStyle><color>ff00ff00</color><width>3</width></LineStyle></Style><LineString><coordinates>-71.5075266,-35.5800983,0 -71.5062166,-35.576285,0</coordinates></LineString></Placemark><Placemark><name>Trabajado - Cuartel 1031 - Hilera 1215</name><Style><LineStyle><color>ff00ff00</color><width>3</width></LineStyle></Style><LineString><coordinates>-71.5057766,-35.5766783,0 -71.5066983,-35.57968,0</coordinates></LineString></Placemark><Placemark><name>Trabajado - Cuartel 1031 - Hilera 1216</name><Style><LineStyle><color>ff00ff00</color><width>3</width></LineStyle></Style><LineString><coordinates>-71.5066983,-35.57968,0 -71.50652,-35.5804683,0</coordinates></LineString></Placemark><Placemark><name>Trabajado - Cuartel 1031 - Hilera 1217</name><Style><LineStyle><color>ff00ff00</color><width>3</width></LineStyle></Style><LineString><coordinates>-71.50652,-35.5804683,0 -71.50629388280201,-35.580414758021206,0</coordinates></LineString></Placemark><Placemark><name>Trabajado - Cuartel 1031 - Hilera 1218</name><Style><LineStyle><color>ff00ff00</color><width>3</width></LineStyle></Style><LineString><coordinates>-71.5062433,-35.5804766,0 -71.5063533,-35.580415,0</coordinates></LineString></Placemark><Placemark><name>Trabajado - Cuartel 1031 - Hilera 1219</name><Style><LineStyle><color>ff00ff00</color><width>3</width></LineStyle></Style><LineString><coordinates>-71.50635658530702,-35.580506510119314,0 -71.50671,-35.5801666,0</coordinates></LineString></Placemark><Placemark><name>Trabajado - Cuartel 1031 - Hilera 1220</name><Style><LineStyle><color>ff00ff00</color><width>3</width></LineStyle></Style><LineString><coordinates>-71.50671,-35.5801666,0 -71.5063333,-35.5784416,0</coordinates></LineString></Placemark><Placemark><name>Trabajado - Cuartel 1031 - Hilera 1225</name><Style><LineStyle><color>ff00ff00</color><width>3</width></LineStyle></Style><LineString><coordinates>-71.50570464574564,-35.57412576381399,0 -71.5075306784787,-35.580055957198965,0</coordinates></LineString></Placemark><Placemark><name>Trabajado - Cuartel 1031 - Hilera 1226</name><Style><LineStyle><color>ff00ff00</color><width>3</width></LineStyle></Style><LineString><coordinates>-71.5075033,-35.5800616,0 -71.5077016,-35.5801816,0</coordinates></LineString></Placemark><Placemark><name>Trabajado - Cuartel 1031 - Hilera 1231</name><Style><LineStyle><color>ff00ff00</color><width>3</width></LineStyle></Style><LineString><coordinates>-71.5066616,-35.5761983,0 -71.5078633,-35.58019,0</coordinates></LineString></Placemark><Placemark><name>Trabajado - Cuartel 1031 - Hilera 1232</name><Style><LineStyle><color>ff00ff00</color><width>3</width></LineStyle></Style><LineString><coordinates>-71.5078933,-35.580155,0 -71.5077833,-35.58012,0</coordinates></LineString></Placemark><Placemark><name>Trabajado - Cuartel 1031 - Hilera 1233</name><Style><LineStyle><color>ff00ff00</color><width>3</width></LineStyle></Style><LineString><coordinates>-71.5078383,-35.5801716,0 -71.5075899,-35.5802883,0</coordinates></LineString></Placemark><Placemark><name>Trabajado - Cuartel 1031 - Hilera 1234</name><Style><LineStyle><color>ff00ff00</color><width>3</width></LineStyle></Style><LineString><coordinates>-71.5074683,-35.5802166,0 -71.5078883,-35.5802316,0</coordinates></LineString></Placemark><Placemark><name>Trabajado - Cuartel 1031 - Hilera 1235</name><Style><LineStyle><color>ff00ff00</color><width>3</width></LineStyle></Style><LineString><coordinates>-71.5078883,-35.5802316,0 -71.5079966,-35.5801333,0</coordinates></LineString></Placemark><Placemark><name>Trabajado - Cuartel 1031 - Hilera 1236</name><Style><LineStyle><color>ff00ff00</color><width>3</width></LineStyle></Style><LineString><coordinates>-71.5079966,-35.5801333,0 -71.5080416,-35.58004,0</coordinates></LineString></Placemark><Placemark><name>Trabajado - Cuartel 1031 - Hilera 1237</name><Style><LineStyle><color>ff00ff00</color><width>3</width></LineStyle></Style><LineString><coordinates>-71.5080416,-35.58004,0 -71.5074066,-35.5779783,0</coordinates></LineString></Placemark><Placemark><name>Trabajado - Cuartel 1031 - Hilera 1238</name><Style><LineStyle><color>ff00ff00</color><width>3</width></LineStyle></Style><LineString><coordinates>-71.50749,-35.578075,0 -71.5074516,-35.57799,0</coordinates></LineString></Placemark><Placemark><name>Trabajado - Cuartel 1031 - Hilera 1239</name><Style><LineStyle><color>ff00ff00</color><width>3</width></LineStyle></Style><LineString><coordinates>-71.5063816,-35.578445,0 -71.5062933,-35.5785366,0</coordinates></LineString></Placemark><Placemark><name>Trabajado - Cuartel 1031 - Hilera 1240</name><Style><LineStyle><color>ff00ff00</color><width>3</width></LineStyle></Style><LineString><coordinates>-71.5062933,-35.5785366,0 -71.506605,-35.580415,0</coordinates></LineString></Placemark><Placemark><name>Trabajado - Cuartel 1031 - Hilera 1241</name><Style><LineStyle><color>ff00ff00</color><width>3</width></LineStyle></Style><LineString><coordinates>-71.5064400606163,-35.58046273999332,0 -71.50624801966855,-35.58014629918716,0</coordinates></LineString></Placemark><Placemark><name>Trabajado - Cuartel 1031 - Hilera 1242</name><Style><LineStyle><color>ff00ff00</color><width>3</width></LineStyle></Style><LineString><coordinates>-71.5063016,-35.580405,0 -71.50624691040883,-35.58015206064087,0</coordinates></LineString></Placemark><Placemark><name>Trabajado - Cuartel 1031 - Hilera 1243</name><Style><LineStyle><color>ff00ff00</color><width>3</width></LineStyle></Style><LineString><coordinates>-71.5062616,-35.58022,0 -71.50674,-35.5800066,0</coordinates></LineString></Placemark><Placemark><name>Trabajado - Cuartel 1031 - Hilera 1244</name><Style><LineStyle><color>ff00ff00</color><width>3</width></LineStyle></Style><LineString><coordinates>-71.50674,-35.5800066,0 -71.5063066,-35.5785066,0</coordinates></LineString></Placemark><Placemark><name>Trabajado - Cuartel 1031 - Hilera 1246</name><Style><LineStyle><color>ff00ff00</color><width>3</width></LineStyle></Style><LineString><coordinates>-71.5074366,-35.5780716,0 -71.5074399,-35.57785,0</coordinates></LineString></Placemark><Placemark><name>Trabajado - Cuartel 1031 - Hilera 1260</name><Style><LineStyle><color>ff00ff00</color><width>3</width></LineStyle></Style><LineString><coordinates>-71.5069383,-35.5760633,0 -71.5078333,-35.5794183,0</coordinates></LineString></Placemark><Placemark><name>Trabajado - Cuartel 1031 - Hilera 1261</name><Style><LineStyle><color>ff00ff00</color><width>3</width></LineStyle></Style><LineString><coordinates>-71.5078366,-35.57935,0 -71.5079466,-35.5794066,0</coordinates></LineString></Placemark><Placemark><name>Trabajado - Cuartel 1031 - Hilera 1262</name><Style><LineStyle><color>ff00ff00</color><width>3</width></LineStyle></Style><LineString><coordinates>-71.5079466,-35.5794066,0 -71.5079416,-35.5795233,0</coordinates></LineString></Placemark><Placemark><name>Trabajado - Cuartel 1031 - Hilera 1263</name><Style><LineStyle><color>ff00ff00</color><width>3</width></LineStyle></Style><LineString><coordinates>-71.5080216,-35.5795433,0 -71.50823108538366,-35.57999275144486,0</coordinates></LineString></Placemark><Placemark><name>Trabajado - Cuartel 1031 - Hilera 1264</name><Style><LineStyle><color>ff00ff00</color><width>3</width></LineStyle></Style><LineString><coordinates>-71.5081533,-35.5797849,0 -71.5082633,-35.5798266,0</coordinates></LineString></Placemark><Placemark><name>Trabajado - Cuartel 1031 - Hilera 1265</name><Style><LineStyle><color>ff00ff00</color><width>3</width></LineStyle></Style><LineString><coordinates>-71.5082633,-35.5798266,0 -71.5081966,-35.5799249,0</coordinates></LineString></Placemark><Placemark><name>Trabajado - Cuartel 1031 - Hilera 1266</name><Style><LineStyle><color>ff00ff00</color><width>3</width></LineStyle></Style><LineString><coordinates>-71.5082133,-35.5799983,0 -71.5083583,-35.5799616,0</coordinates></LineString></Placemark><Placemark><name>Trabajado - Cuartel 1031 - Hilera 1267</name><Style><LineStyle><color>ff00ff00</color><width>3</width></LineStyle></Style><LineString><coordinates>-71.5083583,-35.5799616,0 -71.508105,-35.5793066,0</coordinates></LineString></Placemark><Placemark><name>Trabajado - Cuartel 1031 - Hilera 1268</name><Style><LineStyle><color>ff00ff00</color><width>3</width></LineStyle></Style><LineString><coordinates>-71.5081633,-35.5793033,0 -71.50819,-35.5792066,0</coordinates></LineString></Placemark><Placemark><name>Trabajado - Cuartel 1031 - Hilera 1269</name><Style><LineStyle><color>ff00ff00</color><width>3</width></LineStyle></Style><LineString><coordinates>-71.50819,-35.5792066,0 -71.50791,-35.5781183,0</coordinates></LineString></Placemark><Placemark><name>Trabajado - Cuartel 1031 - Hilera 1287</name><Style><LineStyle><color>ff00ff00</color><width>3</width></LineStyle></Style><LineString><coordinates>-71.5078733,-35.5781249,0 -71.5078633,-35.5782916,0</coordinates></LineString></Placemark><Placemark><name>Trabajado - Cuartel 1031 - Hilera 1288</name><Style><LineStyle><color>ff00ff00</color><width>3</width></LineStyle></Style><LineString><coordinates>-71.5078633,-35.5782916,0 -71.50805,-35.578595,0</coordinates></LineString></Placemark><Placemark><name>Trabajado - Cuartel 1031 - Hilera 1289</name><Style><LineStyle><color>ff00ff00</color><width>3</width></LineStyle></Style><LineString><coordinates>-71.50798,-35.5785766,0 -71.5083366,-35.579375,0</coordinates></LineString></Placemark><Placemark><name>Trabajado - Cuartel 1031 - Hilera 1290</name><Style><LineStyle><color>ff00ff00</color><width>3</width></LineStyle></Style><LineString><coordinates>-71.5083366,-35.579375,0 -71.5084116,-35.5794416,0</coordinates></LineString></Placemark><Placemark><name>Trabajado - Cuartel 1031 - Hilera 1291</name><Style><LineStyle><color>ff00ff00</color><width>3</width></LineStyle></Style><LineString><coordinates>-71.5084116,-35.5794416,0 -71.5084249,-35.5795333,0</coordinates></LineString></Placemark><Placemark><name>Trabajado - Cuartel 1031 - Hilera 1292</name><Style><LineStyle><color>ff00ff00</color><width>3</width></LineStyle></Style><LineString><coordinates>-71.5083816,-35.5795783,0 -71.5084383,-35.579795,0</coordinates></LineString></Placemark><Placemark><name>Trabajado - Cuartel 1031 - Hilera 1293</name><Style><LineStyle><color>ff00ff00</color><width>3</width></LineStyle></Style><LineString><coordinates>-71.5084383,-35.579795,0 -71.5086033,-35.5798233,0</coordinates></LineString></Placemark><Placemark><name>Trabajado - Cuartel 1031 - Hilera 1294</name><Style><LineStyle><color>ff00ff00</color><width>3</width></LineStyle></Style><LineString><coordinates>-71.5086033,-35.5798233,0 -71.5085316,-35.5791533,0</coordinates></LineString></Placemark><Placemark><name>Trabajado - Cuartel 1031 - Hilera 1295</name><Style><LineStyle><color>ff00ff00</color><width>3</width></LineStyle></Style><LineString><coordinates>-71.5084433,-35.579175,0 -71.5084316,-35.5790999,0</coordinates></LineString></Placemark><Placemark><name>Trabajado - Cuartel 1031 - Hilera 1296</name><Style><LineStyle><color>ff00ff00</color><width>3</width></LineStyle></Style><LineString><coordinates>-71.50847,-35.5791633,0 -71.508305,-35.5789666,0</coordinates></LineString></Placemark><Placemark><name>Trabajado - Cuartel 1031 - Hilera 1297</name><Style><LineStyle><color>ff00ff00</color><width>3</width></LineStyle></Style><LineString><coordinates>-71.508305,-35.5789666,0 -71.5082816,-35.578725,0</coordinates></LineString></Placemark><Placemark><name>Trabajado - Cuartel 1031 - Hilera 1298</name><Style><LineStyle><color>ff00ff00</color><width>3</width></LineStyle></Style><LineString><coordinates>-71.5082983,-35.578695,0 -71.5076733,-35.5768349,0</coordinates></LineString></Placemark><Placemark><name>Trabajado - Cuartel 1031 - Hilera 1305</name><Style><LineStyle><color>ff00ff00</color><width>3</width></LineStyle></Style><LineString><coordinates>-71.5051533,-35.5744966,0 -71.5066233,-35.5804083,0</coordinates></LineString></Placemark><Placemark><name>Trabajado - Cuartel 1031 - Hilera 1306</name><Style><LineStyle><color>ff00ff00</color><width>3</width></LineStyle></Style><LineString><coordinates>-71.50666388964514,-35.58038221410982,0 -71.5065066,-35.5804833,0</coordinates></LineString></Placemark><Placemark><name>Trabajado - Cuartel 1031 - Hilera 1307</name><Style><LineStyle><color>ff00ff00</color><width>3</width></LineStyle></Style><LineString><coordinates>-71.50566474002706,-35.580601507184035,0 -71.5079466,-35.5801833,0</coordinates></LineString></Placemark><Placemark><name>Trabajado - Cuartel 1031 - Hilera 1308</name><Style><LineStyle><color>ff00ff00</color><width>3</width></LineStyle></Style><LineString><coordinates>-71.5079466,-35.5801833,0 -71.5085666,-35.5820766,0</coordinates></LineString></Placemark><Placemark><name>Trabajado - Cuartel 1031 - Hilera 1309</name><Style><LineStyle><color>ff00ff00</color><width>3</width></LineStyle></Style><LineString><coordinates>-71.5085666,-35.5820766,0 -71.5080916,-35.5801216,0</coordinates></LineString></Placemark><Placemark><name>Trabajado - Cuartel 1031 - Hilera 1310</name><Style><LineStyle><color>ff00ff00</color><width>3</width></LineStyle></Style><LineString><coordinates>-71.50698433661991,-35.58047219136634,0 -71.5082233,-35.5800799,0</coordinates></LineString></Placemark><Placemark><name>Trabajado - Cuartel 1031 - Hilera 1311</name><Style><LineStyle><color>ff00ff00</color><width>3</width></LineStyle></Style><LineString><coordinates>-71.5082233,-35.5800799,0 -71.5087616,-35.582,0</coordinates></LineString></Placemark><Placemark><name>Trabajado - Cuartel 1031 - Hilera 1313</name><Style><LineStyle><color>ff00ff00</color><width>3</width></LineStyle></Style><LineString><coordinates>-71.5088766,-35.582005,0 -71.5082566,-35.5800433,0</coordinates></LineString></Placemark><Placemark><name>Trabajado - Cuartel 1031 - Hilera 1314</name><Style><LineStyle><color>ff00ff00</color><width>3</width></LineStyle></Style><LineString><coordinates>-71.5082566,-35.5800433,0 -71.5090316,-35.5819633,0</coordinates></LineString></Placemark><Placemark><name>Trabajado - Cuartel 1031 - Hilera 1315</name><Style><LineStyle><color>ff00ff00</color><width>3</width></LineStyle></Style><LineString><coordinates>-71.5090316,-35.5819633,0 -71.5087883,-35.5807383,0</coordinates></LineString></Placemark><Placemark><name>Trabajado - Cuartel 1031 - Hilera 1316</name><Style><LineStyle><color>ff00ff00</color><width>3</width></LineStyle></Style><LineString><coordinates>-71.5087883,-35.5807383,0 -71.5085699,-35.5800349,0</coordinates></LineString></Placemark><Placemark><name>Trabajado - Cuartel 1031 - Hilera 1317</name><Style><LineStyle><color>ff00ff00</color><width>3</width></LineStyle></Style><LineString><coordinates>-71.5085699,-35.5800349,0 -71.5086599,-35.5799166,0</coordinates></LineString></Placemark><Placemark><name>Trabajado - Cuartel 1031 - Hilera 1318</name><Style><LineStyle><color>ff00ff00</color><width>3</width></LineStyle></Style><LineString><coordinates>-71.5086599,-35.5799166,0 -71.5090766,-35.5801433,0</coordinates></LineString></Placemark><Placemark><name>Trabajado - Cuartel 1031 - Hilera 1319</name><Style><LineStyle><color>ff00ff00</color><width>3</width></LineStyle></Style><LineString><coordinates>-71.5090766,-35.5801433,0 -71.509535,-35.581765,0</coordinates></LineString></Placemark><Placemark><name>Trabajado - Cuartel 1031 - Hilera 1322</name><Style><LineStyle><color>ff00ff00</color><width>3</width></LineStyle></Style><LineString><coordinates>-71.5091483,-35.5817699,0 -71.508695,-35.5799266,0</coordinates></LineString></Placemark><Placemark><name>Trabajado - Cuartel 1031 - Hilera 1323</name><Style><LineStyle><color>ff00ff00</color><width>3</width></LineStyle></Style><LineString><coordinates>-71.508695,-35.5799266,0 -71.5094816,-35.5818216,0</coordinates></LineString></Placemark><Placemark><name>Trabajado - Cuartel 1031 - Hilera 1324</name><Style><LineStyle><color>ff00ff00</color><width>3</width></LineStyle></Style><LineString><coordinates>-71.5094816,-35.5818216,0 -71.509535,-35.5817416,0</coordinates></LineString></Placemark><Placemark><name>Trabajado - Cuartel 1031 - Hilera 1325</name><Style><LineStyle><color>ff00ff00</color><width>3</width></LineStyle></Style><LineString><coordinates>-71.50999432949506,-35.58344561637767,0 -71.5090233,-35.5798433,0</coordinates></LineString></Placemark><Placemark><name>Trabajado - Cuartel 1031 - Hilera 1326</name><Style><LineStyle><color>ff00ff00</color><width>3</width></LineStyle></Style><LineString><coordinates>-71.5090233,-35.5798433,0 -71.5095716,-35.5813833,0</coordinates></LineString></Placemark><Placemark><name>Trabajado - Cuartel 1031 - Hilera 1328</name><Style><LineStyle><color>ff00ff00</color><width>3</width></LineStyle></Style><LineString><coordinates>-71.5097416,-35.5815466,0 -71.5096833,-35.5816466,0</coordinates></LineString></Placemark><Placemark><name>Trabajado - Cuartel 1031 - Hilera 1329</name><Style><LineStyle><color>ff00ff00</color><width>3</width></LineStyle></Style><LineString><coordinates>-71.50968728944451,-35.581662850564385,0 -71.50925,-35.5798816,0</coordinates></LineString></Placemark><Placemark><name>Trabajado - Cuartel 1031 - Hilera 1330</name><Style><LineStyle><color>ff00ff00</color><width>3</width></LineStyle></Style><LineString><coordinates>-71.50925,-35.5798816,0 -71.5091866,-35.57978,0</coordinates></LineString></Placemark><Placemark><name>Trabajado - Cuartel 1031 - Hilera 1331</name><Style><LineStyle><color>ff00ff00</color><width>3</width></LineStyle></Style><LineString><coordinates>-71.5091866,-35.57978,0 -71.5094216,-35.57984,0</coordinates></LineString></Placemark><Placemark><name>Trabajado - Cuartel 1031 - Hilera 1332</name><Style><LineStyle><color>ff00ff00</color><width>3</width></LineStyle></Style><LineString><coordinates>-71.50941377821425,-35.57981628501128,0 -71.5098916,-35.581265,0</coordinates></LineString></Placemark><Placemark><name>Trabajado - Cuartel 1031 - Hilera 1333</name><Style><LineStyle><color>ff00ff00</color><width>3</width></LineStyle></Style><LineString><coordinates>-71.5098916,-35.581265,0 -71.5097883,-35.5813866,0</coordinates></LineString></Placemark><Placemark><name>Trabajado - Cuartel 1031 - Hilera 1334</name><Style><LineStyle><color>ff00ff00</color><width>3</width></LineStyle></Style><LineString><coordinates>-71.5098083,-35.5813683,0 -71.5098633,-35.5811766,0</coordinates></LineString></Placemark><Placemark><name>Trabajado - Cuartel 1031 - Hilera 1335</name><Style><LineStyle><color>ff00ff00</color><width>3</width></LineStyle></Style><LineString><coordinates>-71.509435,-35.5798116,0 -71.5093216,-35.5797816,0</coordinates></LineString></Placemark><Placemark><name>Trabajado - Cuartel 1031 - Hilera 1336</name><Style><LineStyle><color>ff00ff00</color><width>3</width></LineStyle></Style><LineString><coordinates>-71.5097493585478,-35.57968470457996,0 -71.50576623027627,-35.580586958641064,0</coordinates></LineString></Placemark><Placemark><name>Trabajado - Cuartel 1031 - Hilera 1337</name><Style><LineStyle><color>ff00ff00</color><width>3</width></LineStyle></Style><LineString><coordinates>-71.5067266,-35.5804033,0 -71.50633727625026,-35.578461737403885,0</coordinates></LineString></Placemark><Placemark><name>Trabajado - Cuartel 1031 - Hilera 1343</name><Style><LineStyle><color>ff00ff00</color><width>3</width></LineStyle></Style><LineString><coordinates>-71.5093349,-35.5801716,0 -71.5089466,-35.5798366,0</coordinates></LineString></Placemark><Placemark><name>Trabajado - Cuartel 1031 - Hilera 1349</name><Style><LineStyle><color>ff00ff00</color><width>3</width></LineStyle></Style><LineString><coordinates>-71.50831,-35.577585,0 -71.5090216,-35.5797933,0</coordinates></LineString></Placemark><Placemark><name>Trabajado - Cuartel 1031 - Hilera 1350</name><Style><LineStyle><color>ff00ff00</color><width>3</width></LineStyle></Style><LineString><coordinates>-71.5067877179536,-35.58042744671607,0 -71.51114348171498,-35.579190947550984,0</coordinates></LineString></Placemark><Placemark><name>Trabajado - Cuartel 1031 - Hilera 1351</name><Style><LineStyle><color>ff00ff00</color><width>3</width></LineStyle></Style><LineString><coordinates>-71.5110866,-35.5793,0 -71.51103,-35.5794716,0</coordinates></LineString></Placemark><Placemark><name>Trabajado - Cuartel 1031 - Hilera 1352</name><Style><LineStyle><color>ff00ff00</color><width>3</width></LineStyle></Style><LineString><coordinates>-71.51103,-35.5794716,0 -71.5109433,-35.5795233,0</coordinates></LineString></Placemark><Placemark><name>Trabajado - Cuartel 1031 - Hilera 1353</name><Style><LineStyle><color>ff00ff00</color><width>3</width></LineStyle></Style><LineString><coordinates>-71.5109433,-35.5795233,0 -71.510885,-35.5794066,0</coordinates></LineString></Placemark><Placemark><name>Trabajado - Cuartel 1031 - Hilera 1354</name><Style><LineStyle><color>ff00ff00</color><width>3</width></LineStyle></Style><LineString><coordinates>-71.5108016,-35.5793983,0 -71.510865,-35.579575,0</coordinates></LineString></Placemark><Placemark><name>Trabajado - Cuartel 1031 - Hilera 1355</name><Style><LineStyle><color>ff00ff00</color><width>3</width></LineStyle></Style><LineString><coordinates>-71.510865,-35.579575,0 -71.5107599,-35.5800083,0</coordinates></LineString></Placemark><Placemark><name>Trabajado - Cuartel 1031 - Hilera 1356</name><Style><LineStyle><color>ff00ff00</color><width>3</width></LineStyle></Style><LineString><coordinates>-71.5107599,-35.5800083,0 -71.5108999,-35.580445,0</coordinates></LineString></Placemark><Placemark><name>Trabajado - Cuartel 1031 - Hilera 1357</name><Style><LineStyle><color>ff00ff00</color><width>3</width></LineStyle></Style><LineString><coordinates>-71.5108999,-35.580445,0 -71.5108016,-35.5804883,0</coordinates></LineString></Placemark><Placemark><name>Trabajado - Cuartel 1031 - Hilera 1358</name><Style><LineStyle><color>ff00ff00</color><width>3</width></LineStyle></Style><LineString><coordinates>-71.5108016,-35.5804883,0 -71.51053,-35.579385,0</coordinates></LineString></Placemark><Placemark><name>Trabajado - Cuartel 1031 - Hilera 1359</name><Style><LineStyle><color>ff00ff00</color><width>3</width></LineStyle></Style><LineString><coordinates>-71.51053,-35.579385,0 -71.510885,-35.580675,0</coordinates></LineString></Placemark><Placemark><name>Trabajado - Cuartel 1031 - Hilera 1360</name><Style><LineStyle><color>ff00ff00</color><width>3</width></LineStyle></Style><LineString><coordinates>-71.510885,-35.580675,0 -71.5107883,-35.5807533,0</coordinates></LineString></Placemark><Placemark><name>Trabajado - Cuartel 1031 - Hilera 1361</name><Style><LineStyle><color>ff00ff00</color><width>3</width></LineStyle></Style><LineString><coordinates>-71.5107883,-35.5807533,0 -71.5103399,-35.5795133,0</coordinates></LineString></Placemark><Placemark><name>Trabajado - Cuartel 1031 - Hilera 1362</name><Style><LineStyle><color>ff00ff00</color><width>3</width></LineStyle></Style><LineString><coordinates>-71.5103399,-35.5795133,0 -71.5106783,-35.5808883,0</coordinates></LineString></Placemark><Placemark><name>Trabajado - Cuartel 1031 - Hilera 1363</name><Style><LineStyle><color>ff00ff00</color><width>3</width></LineStyle></Style><LineString><coordinates>-71.5106783,-35.5808883,0 -71.5104716,-35.5809683,0</coordinates></LineString></Placemark><Placemark><name>Trabajado - Cuartel 1031 - Hilera 1364</name><Style><LineStyle><color>ff00ff00</color><width>3</width></LineStyle></Style><LineString><coordinates>-71.5104716,-35.5809683,0 -71.50999,-35.5795416,0</coordinates></LineString></Placemark><Placemark><name>Trabajado - Cuartel 1031 - Hilera 1365</name><Style><LineStyle><color>ff00ff00</color><width>3</width></LineStyle></Style><LineString><coordinates>-71.50999,-35.5795416,0 -71.5103716,-35.5808266,0</coordinates></LineString></Placemark><Placemark><name>Trabajado - Cuartel 1031 - Hilera 1366</name><Style><LineStyle><color>ff00ff00</color><width>3</width></LineStyle></Style><LineString><coordinates>-71.5103716,-35.5808266,0 -71.5102866,-35.58109,0</coordinates></LineString></Placemark><Placemark><name>Trabajado - Cuartel 1031 - Hilera 1368</name><Style><LineStyle><color>ff00ff00</color><width>3</width></LineStyle></Style><LineString><coordinates>-71.510165,-35.5809933,0 -71.50975,-35.5796866,0</coordinates></LineString></Placemark><Placemark><name>Trabajado - Cuartel 1031 - Hilera 1369</name><Style><LineStyle><color>ff00ff00</color><width>3</width></LineStyle></Style><LineString><coordinates>-71.5096366,-35.5797083,0 -71.51012,-35.5810949,0</coordinates></LineString></Placemark><Placemark><name>Trabajado - Cuartel 1031 - Hilera 1371</name><Style><LineStyle><color>ff00ff00</color><width>3</width></LineStyle></Style><LineString><coordinates>-71.51054595019383,-35.58323087952791,0 -71.50948,-35.579815,0</coordinates></LineString></Placemark><Placemark><name>Trabajado - Cuartel 1031 - Hilera 1372</name><Style><LineStyle><color>ff00ff00</color><width>3</width></LineStyle></Style><LineString><coordinates>-71.50948,-35.579815,0 -71.5093733,-35.5797483,0</coordinates></LineString></Placemark><Placemark><name>Trabajado - Cuartel 1031 - Hilera 1373</name><Style><LineStyle><color>ff00ff00</color><width>3</width></LineStyle></Style><LineString><coordinates>-71.5093733,-35.5797483,0 -71.50988257024471,-35.58130689843526,0</coordinates></LineString></Placemark><Placemark><name>Trabajado - Cuartel 1031 - Hilera 1376</name><Style><LineStyle><color>ff00ff00</color><width>3</width></LineStyle></Style><LineString><coordinates>-71.50980145031741,-35.581128218439574,0 -71.5098149,-35.5812883,0</coordinates></LineString></Placemark><Placemark><name>Trabajado - Cuartel 1031 - Hilera 1378</name><Style><LineStyle><color>ff00ff00</color><width>3</width></LineStyle></Style><LineString><coordinates>-71.5095683,-35.58141,0 -71.5091066,-35.5798483,0</coordinates></LineString></Placemark><Placemark><name>Trabajado - Cuartel 1031 - Hilera 1379</name><Style><LineStyle><color>ff00ff00</color><width>3</width></LineStyle></Style><LineString><coordinates>-71.5091066,-35.5798483,0 -71.509305,-35.5799366,0</coordinates></LineString></Placemark><Placemark><name>Trabajado - Cuartel 1031 - Hilera 1380</name><Style><LineStyle><color>ff00ff00</color><width>3</width></LineStyle></Style><LineString><coordinates>-71.509305,-35.5799366,0 -71.5092699,-35.579755,0</coordinates></LineString></Placemark><Placemark><name>Trabajado - Cuartel 1031 - Hilera 1381</name><Style><LineStyle><color>ff00ff00</color><width>3</width></LineStyle></Style><LineString><coordinates>-71.5092699,-35.579755,0 -71.50879442941994,-35.57836382801843,0</coordinates></LineString></Placemark><Placemark><name>Trabajado - Cuartel 1031 - Hilera 1382</name><Style><LineStyle><color>ff00ff00</color><width>3</width></LineStyle></Style><LineString><coordinates>-71.50888,-35.5785266,0 -71.508815,-35.5784516,0</coordinates></LineString></Placemark><Placemark><name>Trabajado - Cuartel 1031 - Hilera 1395</name><Style><LineStyle><color>ff00ff00</color><width>3</width></LineStyle></Style><LineString><coordinates>-71.50867166941188,-35.57769958887584,0 -71.5091849,-35.5791916,0</coordinates></LineString></Placemark><Placemark><name>Trabajado - Cuartel 1031 - Hilera 1396</name><Style><LineStyle><color>ff00ff00</color><width>3</width></LineStyle></Style><LineString><coordinates>-71.5091683,-35.5792066,0 -71.5092866,-35.5796066,0</coordinates></LineString></Placemark><Placemark><name>Trabajado - Cuartel 1031 - Hilera 1397</name><Style><LineStyle><color>ff00ff00</color><width>3</width></LineStyle></Style><LineString><coordinates>-71.5092866,-35.5796066,0 -71.5094816,-35.579725,0</coordinates></LineString></Placemark><Placemark><name>Trabajado - Cuartel 1031 - Hilera 1398</name><Style><LineStyle><color>ff00ff00</color><width>3</width></LineStyle></Style><LineString><coordinates>-71.5094816,-35.579725,0 -71.50929984464221,-35.57872011251088,0</coordinates></LineString></Placemark><Placemark><name>Trabajado - Cuartel 1031 - Hilera 1399</name><Style><LineStyle><color>ff00ff00</color><width>3</width></LineStyle></Style><LineString><coordinates>-71.5093016,-35.5787199,0 -71.5092183,-35.5786616,0</coordinates></LineString></Placemark><Placemark><name>Trabajado - Cuartel 1031 - Hilera 1403</name><Style><LineStyle><color>ff00ff00</color><width>3</width></LineStyle></Style><LineString><coordinates>-71.5083716,-35.5761533,0 -71.5094633,-35.5796983,0</coordinates></LineString></Placemark><Placemark><name>Trabajado - Cuartel 1031 - Hilera 1404</name><Style><LineStyle><color>ff00ff00</color><width>3</width></LineStyle></Style><LineString><coordinates>-71.509415,-35.5797349,0 -71.50624128704675,-35.58051706708078,0</coordinates></LineString></Placemark><Placemark><name>Trabajado - Cuartel 1031 - Hilera 1406</name><Style><LineStyle><color>ff00ff00</color><width>3</width></LineStyle></Style><LineString><coordinates>-71.5056233,-35.5805233,0 -71.505775,-35.5805599,0</coordinates></LineString></Placemark><Placemark><name>Trabajado - Cuartel 1031 - Hilera 1407</name><Style><LineStyle><color>ff00ff00</color><width>3</width></LineStyle></Style><LineString><coordinates>-71.50561144179292,-35.580610619816206,0 -71.5063016,-35.5803966,0</coordinates></LineString></Placemark><Placemark><name>Trabajado - Cuartel 1031 - Hilera 1408</name><Style><LineStyle><color>ff00ff00</color><width>3</width></LineStyle></Style><LineString><coordinates>-71.5063449,-35.58044,0 -71.5064266,-35.5804716,0</coordinates></LineString></Placemark><Placemark><name>Trabajado - Cuartel 1031 - Hilera 1409</name><Style><LineStyle><color>ff00ff00</color><width>3</width></LineStyle></Style><LineString><coordinates>-71.5064266,-35.5804716,0 -71.5063466,-35.5804066,0</coordinates></LineString></Placemark><Placemark><name>Trabajado - Cuartel 1031 - Hilera 1410</name><Style><LineStyle><color>ff00ff00</color><width>3</width></LineStyle></Style><LineString><coordinates>-71.5063466,-35.5804066,0 -71.506275,-35.5801683,0</coordinates></LineString></Placemark><Placemark><name>Trabajado - Cuartel 1031 - Hilera 1411</name><Style><LineStyle><color>ff00ff00</color><width>3</width></LineStyle></Style><LineString><coordinates>-71.5062866,-35.5803083,0 -71.5061783,-35.5803283,0</coordinates></LineString></Placemark><Placemark><name>Trabajado - Cuartel 1031 - Hilera 1412</name><Style><LineStyle><color>ff00ff00</color><width>3</width></LineStyle></Style><LineString><coordinates>-71.5061783,-35.5803283,0 -71.506355,-35.5804283,0</coordinates></LineString></Placemark><Placemark><name>Trabajado - Cuartel 1031 - Hilera 1413</name><Style><LineStyle><color>ff00ff00</color><width>3</width></LineStyle></Style><LineString><coordinates>-71.50544441688285,-35.58064571426458,0 -71.5095033,-35.5796766,0</coordinates></LineString></Placemark><Placemark><name>Trabajado - Cuartel 1031 - Hilera 1417</name><Style><LineStyle><color>ff00ff00</color><width>3</width></LineStyle></Style><LineString><coordinates>-71.5092833,-35.5776983,0 -71.5094,-35.5782416,0</coordinates></LineString></Placemark><Placemark><name>Trabajado - Cuartel 1031 - Hilera 1418</name><Style><LineStyle><color>ff00ff00</color><width>3</width></LineStyle></Style><LineString><coordinates>-71.5094,-35.5782416,0 -71.5094933,-35.57829,0</coordinates></LineString></Placemark><Placemark><name>Trabajado - Cuartel 1031 - Hilera 1419</name><Style><LineStyle><color>ff00ff00</color><width>3</width></LineStyle></Style><LineString><coordinates>-71.5094933,-35.57829,0 -71.5099333,-35.5795966,0</coordinates></LineString></Placemark><Placemark><name>Trabajado - Cuartel 1031 - Hilera 1420</name><Style><LineStyle><color>ff00ff00</color><width>3</width></LineStyle></Style><LineString><coordinates>-71.51011077679024,-35.579529376806825,0 -71.5096516,-35.5797033,0</coordinates></LineString></Placemark><Placemark><name>Trabajado - Cuartel 1031 - Hilera 1421</name><Style><LineStyle><color>ff00ff00</color><width>3</width></LineStyle></Style><LineString><coordinates>-71.5096516,-35.5797033,0 -71.5095783,-35.5796383,0</coordinates></LineString></Placemark><Placemark><name>Trabajado - Cuartel 1031 - Hilera 1423</name><Style><LineStyle><color>ff00ff00</color><width>3</width></LineStyle></Style><LineString><coordinates>-71.5096066,-35.5795683,0 -71.5093483,-35.5787849,0</coordinates></LineString></Placemark><Placemark><name>Trabajado - Cuartel 1031 - Hilera 1432</name><Style><LineStyle><color>ff00ff00</color><width>3</width></LineStyle></Style><LineString><coordinates>-71.5091666,-35.57762,0 -71.5092116,-35.5777033,0</coordinates></LineString></Placemark><Placemark><name>Trabajado - Cuartel 1031 - Hilera 1433</name><Style><LineStyle><color>ff00ff00</color><width>3</width></LineStyle></Style><LineString><coordinates>-71.5092116,-35.5777033,0 -71.5098366,-35.5795883,0</coordinates></LineString></Placemark><Placemark><name>Trabajado - Cuartel 1031 - Hilera 1434</name><Style><LineStyle><color>ff00ff00</color><width>3</width></LineStyle></Style><LineString><coordinates>-71.5098733,-35.5795883,0 -71.5098,-35.57964,0</coordinates></LineString></Placemark><Placemark><name>Trabajado - Cuartel 1031 - Hilera 1435</name><Style><LineStyle><color>ff00ff00</color><width>3</width></LineStyle></Style><LineString><coordinates>-71.5101083,-35.579525,0 -71.5098899,-35.5787366,0</coordinates></LineString></Placemark><Placemark><name>Trabajado - Cuartel 1031 - Hilera 1437</name><Style><LineStyle><color>ff00ff00</color><width>3</width></LineStyle></Style><LineString><coordinates>-71.5100083,-35.5786633,0 -71.5091783,-35.5764749,0</coordinates></LineString></Placemark><Placemark><name>Trabajado - Cuartel 1031 - Hilera 1446</name><Style><LineStyle><color>ff00ff00</color><width>3</width></LineStyle></Style><LineString><coordinates>-71.5097066,-35.57712,0 -71.5103199,-35.5794416,0</coordinates></LineString></Placemark><Placemark><name>Trabajado - Cuartel 1031 - Hilera 1447</name><Style><LineStyle><color>ff00ff00</color><width>3</width></LineStyle></Style><LineString><coordinates>-71.5103199,-35.5794416,0 -71.508725,-35.5799949,0</coordinates></LineString></Placemark><Placemark><name>Trabajado - Cuartel 1031 - Hilera 1448</name><Style><LineStyle><color>ff00ff00</color><width>3</width></LineStyle></Style><LineString><coordinates>-71.508685,-35.5799733,0 -71.50701,-35.5804733,0</coordinates></LineString></Placemark><Placemark><name>Trabajado - Cuartel 1031 - Hilera 1449</name><Style><LineStyle><color>ff00ff00</color><width>3</width></LineStyle></Style><LineString><coordinates>-71.50701,-35.5804733,0 -71.5063433,-35.5804733,0</coordinates></LineString></Placemark><Placemark><name>Trabajado - Cuartel 1031 - Hilera 1450</name><Style><LineStyle><color>ff00ff00</color><width>3</width></LineStyle></Style><LineString><coordinates>-71.5062833,-35.58018,0 -71.5062616,-35.5803066,0</coordinates></LineString></Placemark><Placemark><name>Trabajado - Cuartel 1031 - Hilera 1451</name><Style><LineStyle><color>ff00ff00</color><width>3</width></LineStyle></Style><LineString><coordinates>-71.506455,-35.5804666,0 -71.51100336326718,-35.579277362191185,0</coordinates></LineString></Placemark><Placemark><name>Trabajado - Cuartel 1031 - Hilera 1452</name><Style><LineStyle><color>ff00ff00</color><width>3</width></LineStyle></Style><LineString><coordinates>-71.5102666,-35.57947,0 -71.5097266,-35.5777166,0</coordinates></LineString></Placemark><Placemark><name>Trabajado - Cuartel 1031 - Hilera 1453</name><Style><LineStyle><color>ff00ff00</color><width>3</width></LineStyle></Style><LineString><coordinates>-71.5097266,-35.5777166,0 -71.5096116,-35.5775966,0</coordinates></LineString></Placemark><Placemark><name>Trabajado - Cuartel 1031 - Hilera 1456</name><Style><LineStyle><color>ff00ff00</color><width>3</width></LineStyle></Style><LineString><coordinates>-71.5099483,-35.577325,0 -71.5096966,-35.5764416,0</coordinates></LineString></Placemark><Placemark><name>Trabajado - Cuartel 1031 - Hilera 1463</name><Style><LineStyle><color>ff00ff00</color><width>3</width></LineStyle></Style><LineString><coordinates>-71.51033391546365,-35.57880908715206,0 -71.5105,-35.5794283,0</coordinates></LineString></Placemark><Placemark><name>Trabajado - Cuartel 1031 - Hilera 1464</name><Style><LineStyle><color>ff00ff00</color><width>3</width></LineStyle></Style><LineString><coordinates>-71.5102833,-35.5794733,0 -71.5089683,-35.5754183,0</coordinates></LineString></Placemark><Placemark><name>Trabajado - Cuartel 1031 - Hilera 1472</name><Style><LineStyle><color>ff00ff00</color><width>3</width></LineStyle></Style><LineString><coordinates>-71.51030169382021,-35.57899172066265,0 -71.5102966,-35.5788983,0</coordinates></LineString></Placemark><Placemark><name>Trabajado - Cuartel 1031 - Hilera 1474</name><Style><LineStyle><color>ff00ff00</color><width>3</width></LineStyle></Style><LineString><coordinates>-71.5106699,-35.5793566,0 -71.5094566,-35.5752983,0</coordinates></LineString></Placemark><Placemark><name>Trabajado - Cuartel 1031 - Hilera 1477</name><Style><LineStyle><color>ff00ff00</color><width>3</width></LineStyle></Style><LineString><coordinates>-71.5063416,-35.5762633,0 -71.5075383,-35.58027,0</coordinates></LineString></Placemark><Placemark><name>Trabajado - Cuartel 1031 - Hilera 1478</name><Style><LineStyle><color>ff00ff00</color><width>3</width></LineStyle></Style><LineString><coordinates>-71.50624034483614,-35.58051440861502,0 -71.5106816,-35.5793216,0</coordinates></LineString></Placemark><Placemark><name>Trabajado - Cuartel 1031 - Hilera 1485</name><Style><LineStyle><color>ff00ff00</color><width>3</width></LineStyle></Style><LineString><coordinates>-71.509825,-35.575335,0 -71.51101568495795,-35.57928851129848,0</coordinates></LineString></Placemark><Placemark><name>Trabajado - Cuartel 1031 - Hilera 1486</name><Style><LineStyle><color>ff00ff00</color><width>3</width></LineStyle></Style><LineString><coordinates>-71.5107866,-35.579325,0 -71.510705,-35.5789583,0</coordinates></LineString></Placemark><Placemark><name>Trabajado - Cuartel 1031 - Hilera 1487</name><Style><LineStyle><color>ff00ff00</color><width>3</width></LineStyle></Style><LineString><coordinates>-71.510705,-35.5789583,0 -71.5105899,-35.5787616,0</coordinates></LineString></Placemark><Placemark><name>Trabajado - Cuartel 1031 - Hilera 1488</name><Style><LineStyle><color>ff00ff00</color><width>3</width></LineStyle></Style><LineString><coordinates>-71.5106,-35.5786966,0 -71.51072,-35.5786616,0</coordinates></LineString></Placemark><Placemark><name>Trabajado - Cuartel 1031 - Hilera 1490</name><Style><LineStyle><color>ff00ff00</color><width>3</width></LineStyle></Style><LineString><coordinates>-71.5105616,-35.5786216,0 -71.5095243214019,-35.57525036926741,0</coordinates></LineString></Placemark><Placemark><name>Trabajado - Cuartel 1031 - Hilera 1501</name><Style><LineStyle><color>ff00ff00</color><width>3</width></LineStyle></Style><LineString><coordinates>-71.5105416,-35.5774599,0 -71.51069,-35.5777016,0</coordinates></LineString></Placemark><Placemark><name>Trabajado - Cuartel 1031 - Hilera 1502</name><Style><LineStyle><color>ff00ff00</color><width>3</width></LineStyle></Style><LineString><coordinates>-71.51069,-35.5777016,0 -71.51065,-35.5775416,0</coordinates></LineString></Placemark><Placemark><name>Trabajado - Cuartel 1031 - Hilera 1504</name><Style><LineStyle><color>ff00ff00</color><width>3</width></LineStyle></Style><LineString><coordinates>-71.5105833,-35.5776466,0 -71.5107066,-35.578145,0</coordinates></LineString></Placemark><Placemark><name>Trabajado - Cuartel 1031 - Hilera 1505</name><Style><LineStyle><color>ff00ff00</color><width>3</width></LineStyle></Style><LineString><coordinates>-71.5107066,-35.578145,0 -71.5107966,-35.5782416,0</coordinates></LineString></Placemark><Placemark><name>Trabajado - Cuartel 1031 - Hilera 1506</name><Style><LineStyle><color>ff00ff00</color><width>3</width></LineStyle></Style><LineString><coordinates>-71.5107966,-35.5782416,0 -71.5108666,-35.5786233,0</coordinates></LineString></Placemark><Placemark><name>Trabajado - Cuartel 1031 - Hilera 1507</name><Style><LineStyle><color>ff00ff00</color><width>3</width></LineStyle></Style><LineString><coordinates>-71.5108833,-35.5786316,0 -71.51106,-35.5791633,0</coordinates></LineString></Placemark><Placemark><name>Trabajado - Cuartel 1031 - Hilera 1508</name><Style><LineStyle><color>ff00ff00</color><width>3</width></LineStyle></Style><LineString><coordinates>-71.51106,-35.5791633,0 -71.5111233,-35.57924,0</coordinates></LineString></Placemark><Placemark><name>Trabajado - Cuartel 1031 - Hilera 1509</name><Style><LineStyle><color>ff00ff00</color><width>3</width></LineStyle></Style><LineString><coordinates>-71.5111099,-35.5792483,0 -71.5112633,-35.5790583,0</coordinates></LineString></Placemark><Placemark><name>Trabajado - Cuartel 1031 - Hilera 1510</name><Style><LineStyle><color>ff00ff00</color><width>3</width></LineStyle></Style><LineString><coordinates>-71.5112633,-35.5790583,0 -71.51109,-35.5785516,0</coordinates></LineString></Placemark><Placemark><name>Trabajado - Cuartel 1031 - Hilera 1511</name><Style><LineStyle><color>ff00ff00</color><width>3</width></LineStyle></Style><LineString><coordinates>-71.5110449,-35.578455,0 -71.5107833,-35.5774833,0</coordinates></LineString></Placemark><Placemark><name>Trabajado - Cuartel 1031 - Hilera 1512</name><Style><LineStyle><color>ff00ff00</color><width>3</width></LineStyle></Style><LineString><coordinates>-71.5107833,-35.5774833,0 -71.5106183,-35.5770599,0</coordinates></LineString></Placemark><Placemark><name>Trabajado - Cuartel 1031 - Hilera 1522</name><Style><LineStyle><color>ff00ff00</color><width>3</width></LineStyle></Style><LineString><coordinates>-71.51015,-35.5752816,0 -71.51096546947382,-35.577728598059494,0</coordinates></LineString></Placemark><Placemark><name>Trabajado - Cuartel 1031 - Hilera 1523</name><Style><LineStyle><color>ff00ff00</color><width>3</width></LineStyle></Style><LineString><coordinates>-71.5109816,-35.577725,0 -71.5109666,-35.5778016,0</coordinates></LineString></Placemark><Placemark><name>Trabajado - Cuartel 1031 - Hilera 1524</name><Style><LineStyle><color>ff00ff00</color><width>3</width></LineStyle></Style><LineString><coordinates>-71.5109666,-35.5778016,0 -71.5110466,-35.577845,0</coordinates></LineString></Placemark><Placemark><name>Trabajado - Cuartel 1031 - Hilera 1525</name><Style><LineStyle><color>ff00ff00</color><width>3</width></LineStyle></Style><LineString><coordinates>-71.5110133,-35.5778766,0 -71.51102,-35.578035,0</coordinates></LineString></Placemark><Placemark><name>Trabajado - Cuartel 1031 - Hilera 1526</name><Style><LineStyle><color>ff00ff00</color><width>3</width></LineStyle></Style><LineString><coordinates>-71.51102,-35.578035,0 -71.5110816,-35.5781116,0</coordinates></LineString></Placemark><Placemark><name>Trabajado - Cuartel 1031 - Hilera 1527</name><Style><LineStyle><color>ff00ff00</color><width>3</width></LineStyle></Style><LineString><coordinates>-71.5110816,-35.5781116,0 -71.51123,-35.5786266,0</coordinates></LineString></Placemark><Placemark><name>Trabajado - Cuartel 1031 - Hilera 1528</name><Style><LineStyle><color>ff00ff00</color><width>3</width></LineStyle></Style><LineString><coordinates>-71.5112866,-35.5787133,0 -71.5111933,-35.578765,0</coordinates></LineString></Placemark><Placemark><name>Trabajado - Cuartel 1031 - Hilera 1529</name><Style><LineStyle><color>ff00ff00</color><width>3</width></LineStyle></Style><LineString><coordinates>-71.5112883,-35.5788516,0 -71.5113783,-35.5789699,0</coordinates></LineString></Placemark><Placemark><name>Trabajado - Cuartel 1031 - Hilera 1530</name><Style><LineStyle><color>ff00ff00</color><width>3</width></LineStyle></Style><LineString><coordinates>-71.5113783,-35.5789699,0 -71.5114533,-35.5787316,0</coordinates></LineString></Placemark><Placemark><name>Trabajado - Cuartel 1031 - Hilera 1531</name><Style><LineStyle><color>ff00ff00</color><width>3</width></LineStyle></Style><LineString><coordinates>-71.5114533,-35.5787316,0 -71.51088632663479,-35.576922665041344,0</coordinates></LineString></Placemark><Placemark><name>Trabajado - Cuartel 1031 - Hilera 1532</name><Style><LineStyle><color>ff00ff00</color><width>3</width></LineStyle></Style><LineString><coordinates>-71.5109683,-35.5770216,0 -71.5109166,-35.5769416,0</coordinates></LineString></Placemark><Placemark><name>Trabajado - Cuartel 1031 - Hilera 1534</name><Style><LineStyle><color>ff00ff00</color><width>3</width></LineStyle></Style><LineString><coordinates>-71.5067166,-35.5782733,0 -71.5066083,-35.5784366,0</coordinates></LineString></Placemark><Placemark><name>Trabajado - Cuartel 1031 - Hilera 1535</name><Style><LineStyle><color>ff00ff00</color><width>3</width></LineStyle></Style><LineString><coordinates>-71.5071383,-35.580385,0 -71.5068016,-35.58045,0</coordinates></LineString></Placemark><Placemark><name>Trabajado - Cuartel 1031 - Hilera 1536</name><Style><LineStyle><color>ff00ff00</color><width>3</width></LineStyle></Style><LineString><coordinates>-71.5068016,-35.58045,0 -71.5066383,-35.5804133,0</coordinates></LineString></Placemark><Placemark><name>Trabajado - Cuartel 1031 - Hilera 1537</name><Style><LineStyle><color>ff00ff00</color><width>3</width></LineStyle></Style><LineString><coordinates>-71.5067516,-35.580415,0 -71.5069683,-35.5808366,0</coordinates></LineString></Placemark><Placemark><name>Trabajado - Cuartel 1031 - Hilera 1538</name><Style><LineStyle><color>ff00ff00</color><width>3</width></LineStyle></Style><LineString><coordinates>-71.5069683,-35.5808366,0 -71.5063449,-35.5784733,0</coordinates></LineString></Placemark><Placemark><name>Trabajado - Cuartel 1031 - Hilera 1551</name><Style><LineStyle><color>ff00ff00</color><width>3</width></LineStyle></Style><LineString><coordinates>-71.5108683,-35.5761866,0 -71.511075,-35.5771333,0</coordinates></LineString></Placemark><Placemark><name>Trabajado - Cuartel 1031 - Hilera 1552</name><Style><LineStyle><color>ff00ff00</color><width>3</width></LineStyle></Style><LineString><coordinates>-71.5110283,-35.57705,0 -71.5115166,-35.57846,0</coordinates></LineString></Placemark><Placemark><name>Trabajado - Cuartel 1031 - Hilera 1553</name><Style><LineStyle><color>ff00ff00</color><width>3</width></LineStyle></Style><LineString><coordinates>-71.5114916,-35.5784766,0 -71.5115566,-35.5785566,0</coordinates></LineString></Placemark><Placemark><name>Trabajado - Cuartel 1031 - Hilera 1554</name><Style><LineStyle><color>ff00ff00</color><width>3</width></LineStyle></Style><LineString><coordinates>-71.5115133,-35.5786333,0 -71.5117033,-35.5787616,0</coordinates></LineString></Placemark><Placemark><name>Trabajado - Cuartel 1031 - Hilera 1555</name><Style><LineStyle><color>ff00ff00</color><width>3</width></LineStyle></Style><LineString><coordinates>-71.5117033,-35.5787616,0 -71.5112683,-35.576935,0</coordinates></LineString></Placemark><Placemark><name>Trabajado - Cuartel 1031 - Hilera 1556</name><Style><LineStyle><color>ff00ff00</color><width>3</width></LineStyle></Style><LineString><coordinates>-71.5112733,-35.5770266,0 -71.5112783,-35.5768883,0</coordinates></LineString></Placemark><Placemark><name>Trabajado - Cuartel 1031 - Hilera 1568</name><Style><LineStyle><color>ff00ff00</color><width>3</width></LineStyle></Style><LineString><coordinates>-71.5117933,-35.5784633,0 -71.51198564407851,-35.57819524229786,0</coordinates></LineString></Placemark><Placemark><name>Trabajado - Cuartel 1031 - Hilera 1569</name><Style><LineStyle><color>ff00ff00</color><width>3</width></LineStyle></Style><LineString><coordinates>-71.5119033,-35.57831,0 -71.5114566,-35.576895,0</coordinates></LineString></Placemark><Placemark><name>Trabajado - Cuartel 1031 - Hilera 1570</name><Style><LineStyle><color>ff00ff00</color><width>3</width></LineStyle></Style><LineString><coordinates>-71.5114566,-35.576895,0 -71.5114966,-35.5767933,0</coordinates></LineString></Placemark><Placemark><name>Trabajado - Cuartel 1031 - Hilera 1571</name><Style><LineStyle><color>ff00ff00</color><width>3</width></LineStyle></Style><LineString><coordinates>-71.5114966,-35.5767933,0 -71.51151,-35.5769149,0</coordinates></LineString></Placemark><Placemark><name>Trabajado - Cuartel 1031 - Hilera 1572</name><Style><LineStyle><color>ff00ff00</color><width>3</width></LineStyle></Style><LineString><coordinates>-71.51151,-35.5769149,0 -71.511455,-35.5768366,0</coordinates></LineString></Placemark><Placemark><name>Trabajado - Cuartel 1031 - Hilera 1600</name><Style><LineStyle><color>ff00ff00</color><width>3</width></LineStyle></Style><LineString><coordinates>-71.5112266,-35.57612,0 -71.5114233,-35.5764166,0</coordinates></LineString></Placemark><Placemark><name>Trabajado - Cuartel 1031 - Hilera 1601</name><Style><LineStyle><color>ff00ff00</color><width>3</width></LineStyle></Style><LineString><coordinates>-71.5114099,-35.5764333,0 -71.5116139929741,-35.57723335700844,0</coordinates></LineString></Placemark><Placemark><name>Trabajado - Cuartel 1031 - Hilera 1602</name><Style><LineStyle><color>ff00ff00</color><width>3</width></LineStyle></Style><LineString><coordinates>-71.5115483,-35.5769516,0 -71.5115416,-35.5770983,0</coordinates></LineString></Placemark><Placemark><name>Trabajado - Cuartel 1031 - Hilera 1603</name><Style><LineStyle><color>ff00ff00</color><width>3</width></LineStyle></Style><LineString><coordinates>-71.511595,-35.5772366,0 -71.5119630949809,-35.57819804211426,0</coordinates></LineString></Placemark><Placemark><name>Trabajado - Cuartel 1031 - Hilera 1604</name><Style><LineStyle><color>ff00ff00</color><width>3</width></LineStyle></Style><LineString><coordinates>-71.5119516,-35.57828,0 -71.5107583,-35.5792699,0</coordinates></LineString></Placemark><Placemark><name>Trabajado - Cuartel 1031 - Hilera 1605</name><Style><LineStyle><color>ff00ff00</color><width>3</width></LineStyle></Style><LineString><coordinates>-71.5107583,-35.5792699,0 -71.5064166,-35.5804516,0</coordinates></LineString></Placemark><Placemark><name>Trabajado - Cuartel 1031 - Hilera 1606</name><Style><LineStyle><color>ff00ff00</color><width>3</width></LineStyle></Style><LineString><coordinates>-71.506725,-35.5804233,0 -71.506805,-35.5804883,0</coordinates></LineString></Placemark><Placemark><name>Trabajado - Cuartel 1031 - Hilera 1607</name><Style><LineStyle><color>ff00ff00</color><width>3</width></LineStyle></Style><LineString><coordinates>-71.506825,-35.5808449,0 -71.5069433,-35.5809133,0</coordinates></LineString></Placemark><Placemark><name>Trabajado - Cuartel 1031 - Hilera 1608</name><Style><LineStyle><color>ff00ff00</color><width>3</width></LineStyle></Style><LineString><coordinates>-71.5069433,-35.5809133,0 -71.506835,-35.5807483,0</coordinates></LineString></Placemark><Placemark><name>Trabajado - Cuartel 1031 - Hilera 1609</name><Style><LineStyle><color>ff00ff00</color><width>3</width></LineStyle></Style><LineString><coordinates>-71.506835,-35.5807483,0 -71.5070216,-35.5804283,0</coordinates></LineString></Placemark><Placemark><name>Trabajado - Cuartel 1031 - Hilera 1610</name><Style><LineStyle><color>ff00ff00</color><width>3</width></LineStyle></Style><LineString><coordinates>-71.5070216,-35.5804283,0 -71.5120866,-35.57802,0</coordinates></LineString></Placemark><Placemark><name>Trabajado - Cuartel 1031 - Hilera 1611</name><Style><LineStyle><color>ff00ff00</color><width>3</width></LineStyle></Style><LineString><coordinates>-71.5120866,-35.57802,0 -71.5120433,-35.577615,0</coordinates></LineString></Placemark><Placemark><name>Trabajado - Cuartel 1031 - Hilera 1612</name><Style><LineStyle><color>ff00ff00</color><width>3</width></LineStyle></Style><LineString><coordinates>-71.5120433,-35.577615,0 -71.5117366,-35.5786683,0</coordinates></LineString></Placemark><Placemark><name>Trabajado - Cuartel 1031 - Hilera 1614</name><Style><LineStyle><color>ff00ff00</color><width>3</width></LineStyle></Style><LineString><coordinates>-71.5116416,-35.5786616,0 -71.5116266,-35.5788416,0</coordinates></LineString></Placemark><Placemark><name>Trabajado - Cuartel 1031 - Hilera 1615</name><Style><LineStyle><color>ff00ff00</color><width>3</width></LineStyle></Style><LineString><coordinates>-71.5116266,-35.5788416,0 -71.505715,-35.5806016,0</coordinates></LineString></Placemark><Placemark><name>Trabajado - Cuartel 1031 - Hilera 1616</name><Style><LineStyle><color>ff00ff00</color><width>3</width></LineStyle></Style><LineString><coordinates>-71.505715,-35.5806016,0 -71.50547486047984,-35.58054236558503,0</coordinates></LineString></Placemark><Placemark><name>Trabajado - Cuartel 1031 - Hilera 1617</name><Style><LineStyle><color>ff00ff00</color><width>3</width></LineStyle></Style><LineString><coordinates>-71.5054733,-35.5805466,0 -71.5059616,-35.580445,0</coordinates></LineString></Placemark><Placemark><name>Trabajado - Cuartel 1031 - Hilera 1618</name><Style><LineStyle><color>ff00ff00</color><width>3</width></LineStyle></Style><LineString><coordinates>-71.5059616,-35.580445,0 -71.5060733,-35.5804966,0</coordinates></LineString></Placemark><Placemark><name>Trabajado - Cuartel 1031 - Hilera 1619</name><Style><LineStyle><color>ff00ff00</color><width>3</width></LineStyle></Style><LineString><coordinates>-71.5060733,-35.5804966,0 -71.512075,-35.5779966,0</coordinates></LineString></Placemark><Placemark><name>Trabajado - Cuartel 1031 - Hilera 1620</name><Style><LineStyle><color>ff00ff00</color><width>3</width></LineStyle></Style><LineString><coordinates>-71.512075,-35.5779966,0 -71.5111666,-35.5748749,0</coordinates></LineString></Placemark><Placemark><name>Trabajado - Cuartel 1031 - Hilera 1630</name><Style><LineStyle><color>ff00ff00</color><width>3</width></LineStyle></Style><LineString><coordinates>-71.511925,-35.5769633,0 -71.5120416,-35.5771333,0</coordinates></LineString></Placemark><Placemark><name>Trabajado - Cuartel 1031 - Hilera 1631</name><Style><LineStyle><color>ff00ff00</color><width>3</width></LineStyle></Style><LineString><coordinates>-71.5120416,-35.5771333,0 -71.5120583,-35.5773783,0</coordinates></LineString></Placemark><Placemark><name>Trabajado - Cuartel 1031 - Hilera 1633</name><Style><LineStyle><color>ff00ff00</color><width>3</width></LineStyle></Style><LineString><coordinates>-71.5121616,-35.5773916,0 -71.51213,-35.5775,0</coordinates></LineString></Placemark><Placemark><name>Trabajado - Cuartel 1031 - Hilera 1646</name><Style><LineStyle><color>ff00ff00</color><width>3</width></LineStyle></Style><LineString><coordinates>-71.512185,-35.576935,0 -71.512405,-35.5767333,0</coordinates></LineString></Placemark><Placemark><name>Trabajado - Cuartel 1031 - Hilera 1647</name><Style><LineStyle><color>ff00ff00</color><width>3</width></LineStyle></Style><LineString><coordinates>-71.512405,-35.5767333,0 -71.5123283,-35.5766683,0</coordinates></LineString></Placemark><Placemark><name>Trabajado - Cuartel 1031 - Hilera 1659</name><Style><LineStyle><color>ff00ff00</color><width>3</width></LineStyle></Style><LineString><coordinates>-71.5124416,-35.5765883,0 -71.5126116,-35.5765066,0</coordinates></LineString></Placemark><Placemark><name>Trabajado - Cuartel 1031 - Hilera 1668</name><Style><LineStyle><color>ff00ff00</color><width>3</width></LineStyle></Style><LineString><coordinates>-71.5127299,-35.5763516,0 -71.5125049,-35.5765916,0</coordinates></LineString></Placemark><Placemark><name>Trabajado - Cuartel 1031 - Hilera 1670</name><Style><LineStyle><color>ff00ff00</color><width>3</width></LineStyle></Style><LineString><coordinates>-71.506435,-35.5783533,0 -71.5063183,-35.5784983,0</coordinates></LineString></Placemark><Placemark><name>Trabajado - Cuartel 1031 - Hilera 1671</name><Style><LineStyle><color>ff00ff00</color><width>3</width></LineStyle></Style><LineString><coordinates>-71.5063183,-35.5784983,0 -71.5066483,-35.5803816,0</coordinates></LineString></Placemark><Placemark><name>Trabajado - Cuartel 1031 - Hilera 1672</name><Style><LineStyle><color>ff00ff00</color><width>3</width></LineStyle></Style><LineString><coordinates>-71.5067266,-35.5804116,0 -71.5068166,-35.5804616,0</coordinates></LineString></Placemark><Placemark><name>Trabajado - Cuartel 1031 - Hilera 1673</name><Style><LineStyle><color>ff00ff00</color><width>3</width></LineStyle></Style><LineString><coordinates>-71.5068483,-35.5808166,0 -71.5069483,-35.5808549,0</coordinates></LineString></Placemark><Placemark><name>Trabajado - Cuartel 1031 - Hilera 1674</name><Style><LineStyle><color>ff00ff00</color><width>3</width></LineStyle></Style><LineString><coordinates>-71.5069483,-35.5808549,0 -71.5070333,-35.5804216,0</coordinates></LineString></Placemark><Placemark><name>Trabajado - Cuartel 1031 - Hilera 1675</name><Style><LineStyle><color>ff00ff00</color><width>3</width></LineStyle></Style><LineString><coordinates>-71.5070333,-35.5804216,0 -71.5110983,-35.5792383,0</coordinates></LineString></Placemark><Placemark><name>Trabajado - Cuartel 1031 - Hilera 1676</name><Style><LineStyle><color>ff00ff00</color><width>3</width></LineStyle></Style><LineString><coordinates>-71.5110983,-35.5792383,0 -71.5126933,-35.5763733,0</coordinates></LineString></Placemark><Placemark><name>Trabajado - Cuartel 1031 - Hilera 1712</name><Style><LineStyle><color>ff00ff00</color><width>3</width></LineStyle></Style><LineString><coordinates>-71.506415,-35.5803833,0 -71.506295,-35.58049,0</coordinates></LineString></Placemark><Placemark><name>Trabajado - Cuartel 1031 - Hilera 1713</name><Style><LineStyle><color>ff00ff00</color><width>3</width></LineStyle></Style><LineString><coordinates>-71.506295,-35.58049,0 -71.50638,-35.580365,0</coordinates></LineString></Placemark><Placemark><name>Trabajado - Cuartel 1031 - Hilera 1714</name><Style><LineStyle><color>ff00ff00</color><width>3</width></LineStyle></Style><LineString><coordinates>-71.50638,-35.580365,0 -71.5062849,-35.580445,0</coordinates></LineString></Placemark><Placemark><name>Trabajado - Cuartel 1031 - Hilera 1715</name><Style><LineStyle><color>ff00ff00</color><width>3</width></LineStyle></Style><LineString><coordinates>-71.5062849,-35.580445,0 -71.50750323530713,-35.58031133890475,0</coordinates></LineString></Placemark><Placemark><name>Trabajado - Cuartel 1031 - Hilera 1716</name><Style><LineStyle><color>ff00ff00</color><width>3</width></LineStyle></Style><LineString><coordinates>-71.5067916,-35.5804533,0 -71.5069933,-35.5808116,0</coordinates></LineString></Placemark><Placemark><name>Trabajado - Cuartel 1031 - Hilera 1717</name><Style><LineStyle><color>ff00ff00</color><width>3</width></LineStyle></Style><LineString><coordinates>-71.5069933,-35.5808116,0 -71.507295,-35.5808399,0</coordinates></LineString></Placemark><Placemark><name>Trabajado - Cuartel 1031 - Hilera 1718</name><Style><LineStyle><color>ff00ff00</color><width>3</width></LineStyle></Style><LineString><coordinates>-71.507295,-35.5808399,0 -71.5067533,-35.58073,0</coordinates></LineString></Placemark><Placemark><name>Trabajado - Cuartel 1031 - Hilera 1719</name><Style><LineStyle><color>ff00ff00</color><width>3</width></LineStyle></Style><LineString><coordinates>-71.5067533,-35.58073,0 -71.5064916,-35.5804533,0</coordinates></LineString></Placemark><Placemark><name>Trabajado - Cuartel 1031 - Hilera 1720</name><Style><LineStyle><color>ff00ff00</color><width>3</width></LineStyle></Style><LineString><coordinates>-71.5058916,-35.5805033,0 -71.5059416,-35.5804183,0</coordinates></LineString></Placemark><Placemark><name>Trabajado - Cuartel 1031 - Hilera 1721</name><Style><LineStyle><color>ff00ff00</color><width>3</width></LineStyle></Style><LineString><coordinates>-71.50649224695367,-35.58066968230492,0 -71.5057116,-35.5803133,0</coordinates></LineString></Placemark><Placemark><name>Trabajado - Cuartel 1031 - Hilera 1722</name><Style><LineStyle><color>ff00ff00</color><width>3</width></LineStyle></Style><LineString><coordinates>-71.5066016,-35.5803783,0 -71.5066783,-35.580275,0</coordinates></LineString></Placemark><Placemark><name>Trabajado - Cuartel 1031 - Hilera 1723</name><Style><LineStyle><color>ff00ff00</color><width>3</width></LineStyle></Style><LineString><coordinates>-71.5067083,-35.5798116,0 -71.5066566,-35.5797483,0</coordinates></LineString></Placemark><Placemark><name>Trabajado - Cuartel 1031 - Hilera 1724</name><Style><LineStyle><color>ff00ff00</color><width>3</width></LineStyle></Style><LineString><coordinates>-71.50671842126609,-35.57976771915064,0 -71.5065716,-35.5797216,0</coordinates></LineString></Placemark><Placemark><name>Trabajado - Cuartel 1031 - Hilera 1725</name><Style><LineStyle><color>ff00ff00</color><width>3</width></LineStyle></Style><LineString><coordinates>-71.50684272595171,-35.580784434554,0 -71.5057383,-35.576455,0</coordinates></LineString></Placemark><Placemark><name>Trabajado - Cuartel 1031 - Hilera 1760</name><Style><LineStyle><color>ff00ff00</color><width>3</width></LineStyle></Style><LineString><coordinates>-71.50631,-35.578455,0 -71.506275,-35.5785333,0</coordinates></LineString></Placemark><Placemark><name>Trabajado - Cuartel 1031 - Hilera 1761</name><Style><LineStyle><color>ff00ff00</color><width>3</width></LineStyle></Style><LineString><coordinates>-71.506275,-35.5785333,0 -71.50693861927239,-35.580817596225444,0</coordinates></LineString></Placemark><Placemark><name>Trabajado - Cuartel 1031 - Hilera 1785</name><Style><LineStyle><color>ff00ff00</color><width>3</width></LineStyle></Style><LineString><coordinates>-71.5067933,-35.5805216,0 -71.5068183,-35.5804483,0</coordinates></LineString></Placemark><Placemark><name>Trabajado - Cuartel 1031 - Hilera 1838</name><Style><LineStyle><color>ff00ff00</color><width>3</width></LineStyle></Style><LineString><coordinates>-71.5065366,-35.57843,0 -71.50671,-35.5789849,0</coordinates></LineString></Placemark><Placemark><name>Trabajado - Cuartel 1031 - Hilera 1839</name><Style><LineStyle><color>ff00ff00</color><width>3</width></LineStyle></Style><LineString><coordinates>-71.5067,-35.579,0 -71.50689,-35.57982,0</coordinates></LineString></Placemark><Placemark><name>Trabajado - Cuartel 1031 - Hilera 1840</name><Style><LineStyle><color>ff00ff00</color><width>3</width></LineStyle></Style><LineString><coordinates>-71.5069266,-35.5798483,0 -71.5071116,-35.5803583,0</coordinates></LineString></Placemark><Placemark><name>Trabajado - Cuartel 1031 - Hilera 1841</name><Style><LineStyle><color>ff00ff00</color><width>3</width></LineStyle></Style><LineString><coordinates>-71.5071116,-35.5803583,0 -71.50704,-35.5804516,0</coordinates></LineString></Placemark><Placemark><name>Trabajado - Cuartel 1031 - Hilera 1842</name><Style><LineStyle><color>ff00ff00</color><width>3</width></LineStyle></Style><LineString><coordinates>-71.50704,-35.5804516,0 -71.506415,-35.580445,0</coordinates></LineString></Placemark><Placemark><name>Trabajado - Cuartel 1031 - Hilera 1843</name><Style><LineStyle><color>ff00ff00</color><width>3</width></LineStyle></Style><LineString><coordinates>-71.5063983,-35.580425,0 -71.506805,-35.58059,0</coordinates></LineString></Placemark><Placemark><name>Trabajado - Cuartel 1031 - Hilera 1844</name><Style><LineStyle><color>ff00ff00</color><width>3</width></LineStyle></Style><LineString><coordinates>-71.5069183,-35.5807866,0 -71.5069599,-35.5804166,0</coordinates></LineString></Placemark><Placemark><name>Trabajado - Cuartel 1031 - Hilera 1845</name><Style><LineStyle><color>ff00ff00</color><width>3</width></LineStyle></Style><LineString><coordinates>-71.5069599,-35.5804166,0 -71.5110466,-35.5792616,0</coordinates></LineString></Placemark><Placemark><name>Trabajado - Cuartel 1031 - Hilera 1846</name><Style><LineStyle><color>ff00ff00</color><width>3</width></LineStyle></Style><LineString><coordinates>-71.5110466,-35.5792616,0 -71.5115149,-35.578975,0</coordinates></LineString></Placemark><Placemark><name>Trabajado - Cuartel 1031 - Hilera 1920</name><Style><LineStyle><color>ff00ff00</color><width>3</width></LineStyle></Style><LineString><coordinates>-71.5143083,-35.5766916,0 -71.51405,-35.5767266,0</coordinates></LineString></Placemark><Placemark><name>Trabajado - Cuartel 1031 - Hilera 1923</name><Style><LineStyle><color>ff00ff00</color><width>3</width></LineStyle></Style><LineString><coordinates>-71.5139483,-35.5767033,0 -71.5137833,-35.5767316,0</coordinates></LineString></Placemark><Placemark><name>Trabajado - Cuartel 1031 - Hilera 1962</name><Style><LineStyle><color>ff00ff00</color><width>3</width></LineStyle></Style><LineString><coordinates>-71.5152066,-35.5769933,0 -71.5126416,-35.5768216,0</coordinates></LineString></Placemark><Placemark><name>Trabajado - Cuartel 1031 - Hilera 1965</name><Style><LineStyle><color>ff00ff00</color><width>3</width></LineStyle></Style><LineString><coordinates>-71.5065466,-35.5783933,0 -71.50711,-35.5804116,0</coordinates></LineString></Placemark><Placemark><name>Trabajado - Cuartel 1031 - Hilera 1966</name><Style><LineStyle><color>ff00ff00</color><width>3</width></LineStyle></Style><LineString><coordinates>-71.5069833,-35.58047,0 -71.5063568752378,-35.580429895981936,0</coordinates></LineString></Placemark><Placemark><name>Trabajado - Cuartel 1031 - Hilera 1967</name><Style><LineStyle><color>ff00ff00</color><width>3</width></LineStyle></Style><LineString><coordinates>-71.5056183,-35.5806166,0 -71.5057183,-35.5806883,0</coordinates></LineString></Placemark><Placemark><name>Trabajado - Cuartel 1031 - Hilera 1973</name><Style><LineStyle><color>ff00ff00</color><width>3</width></LineStyle></Style><LineString><coordinates>-71.505545,-35.58061,0 -71.5071432678547,-35.58041043757402,0</coordinates></LineString></Placemark><Placemark><name>Trabajado - Cuartel 1031 - Hilera 1974</name><Style><LineStyle><color>ff00ff00</color><width>3</width></LineStyle></Style><LineString><coordinates>-71.50675252679355,-35.58044806186376,0 -71.5069483,-35.5808433,0</coordinates></LineString></Placemark><Placemark><name>Trabajado - Cuartel 1031 - Hilera 1975</name><Style><LineStyle><color>ff00ff00</color><width>3</width></LineStyle></Style><LineString><coordinates>-71.5069116,-35.58081,0 -71.5067183,-35.5804683,0</coordinates></LineString></Placemark><Placemark><name>Trabajado - Cuartel 1031 - Hilera 1976</name><Style><LineStyle><color>ff00ff00</color><width>3</width></LineStyle></Style><LineString><coordinates>-71.5071633,-35.58044,0 -71.5079566,-35.5822199,0</coordinates></LineString></Placemark><Placemark><name>Trabajado - Cuartel 1031 - Hilera 1980</name><Style><LineStyle><color>ff00ff00</color><width>3</width></LineStyle></Style><LineString><coordinates>-71.50993342523236,-35.581796178124186,0 -71.5101533,-35.5813683,0</coordinates></LineString></Placemark><Placemark><name>Trabajado - Cuartel 1031 - Hilera 2011</name><Style><LineStyle><color>ff00ff00</color><width>3</width></LineStyle></Style><LineString><coordinates>-71.5115866,-35.5792733,0 -71.51149,-35.5792016,0</coordinates></LineString></Placemark><Placemark><name>Trabajado - Cuartel 1031 - Hilera 2012</name><Style><LineStyle><color>ff00ff00</color><width>3</width></LineStyle></Style><LineString><coordinates>-71.51149,-35.5792016,0 -71.5115266,-35.5791166,0</coordinates></LineString></Placemark><Placemark><name>Trabajado - Cuartel 1031 - Hilera 2032</name><Style><LineStyle><color>ff00ff00</color><width>3</width></LineStyle></Style><LineString><coordinates>-71.5105283,-35.5812566,0 -71.5103416,-35.5814449,0</coordinates></LineString></Placemark><Placemark><name>Trabajado - Cuartel 1031 - Hilera 2052</name><Style><LineStyle><color>ff00ff00</color><width>3</width></LineStyle></Style><LineString><coordinates>-71.5063866,-35.580475,0 -71.5063033,-35.5804416,0</coordinates></LineString></Placemark><Placemark><name>Trabajado - Cuartel 1031 - Hilera 2053</name><Style><LineStyle><color>ff00ff00</color><width>3</width></LineStyle></Style><LineString><coordinates>-71.5069933,-35.5808466,0 -71.50683,-35.5804566,0</coordinates></LineString></Placemark><Placemark><name>Trabajado - Cuartel 1031 - Hilera 2054</name><Style><LineStyle><color>ff00ff00</color><width>3</width></LineStyle></Style><LineString><coordinates>-71.5071466,-35.5804283,0 -71.5079283,-35.5822266,0</coordinates></LineString></Placemark><Placemark><name>Trabajado - Cuartel 1031 - Hilera 2115</name><Style><LineStyle><color>ff00ff00</color><width>3</width></LineStyle></Style><LineString><coordinates>-71.51458,-35.5770066,0 -71.5127983,-35.5767966,0</coordinates></LineString></Placemark><Placemark><name>Trabajado - Cuartel 1031 - Hilera 2116</name><Style><LineStyle><color>ff00ff00</color><width>3</width></LineStyle></Style><LineString><coordinates>-71.5127983,-35.5767966,0 -71.5126716,-35.57686,0</coordinates></LineString></Placemark><Placemark><name>Trabajado - Cuartel 1031 - Hilera 2117</name><Style><LineStyle><color>ff00ff00</color><width>3</width></LineStyle></Style><LineString><coordinates>-71.5126716,-35.57686,0 -71.5116566,-35.5790316,0</coordinates></LineString></Placemark><Placemark><name>Trabajado - Cuartel 1031 - Hilera 2119</name><Style><LineStyle><color>ff00ff00</color><width>3</width></LineStyle></Style><LineString><coordinates>-71.5113799,-35.5789816,0 -71.5090966,-35.57983,0</coordinates></LineString></Placemark><Placemark><name>Trabajado - Cuartel 1031 - Hilera 2120</name><Style><LineStyle><color>ff00ff00</color><width>3</width></LineStyle></Style><LineString><coordinates>-71.5088283,-35.5798716,0 -71.50555404640062,-35.58058748927463,0</coordinates></LineString></Placemark><Placemark><name>Trabajado - Cuartel 1031 - Hilera 2121</name><Style><LineStyle><color>ff00ff00</color><width>3</width></LineStyle></Style><LineString><coordinates>-71.505555,-35.5805449,0 -71.5057459197523,-35.580573789173044,0</coordinates></LineString></Placemark><Placemark><name>Trabajado - Cuartel 1031 - Hilera 2122</name><Style><LineStyle><color>ff00ff00</color><width>3</width></LineStyle></Style><LineString><coordinates>-71.5056766,-35.5805633,0 -71.5114433,-35.5789483,0</coordinates></LineString></Placemark><Placemark><name>Trabajado - Cuartel 1031 - Hilera 2123</name><Style><LineStyle><color>ff00ff00</color><width>3</width></LineStyle></Style><LineString><coordinates>-71.5117483,-35.5789916,0 -71.5121683,-35.578465,0</coordinates></LineString></Placemark><Placemark><name>Trabajado - Cuartel 1031 - Hilera 2129</name><Style><LineStyle><color>ff00ff00</color><width>3</width></LineStyle></Style><LineString><coordinates>-71.5122,-35.5782633,0 -71.5116533,-35.579035,0</coordinates></LineString></Placemark><Placemark><name>Trabajado - Cuartel 1031 - Hilera 2131</name><Style><LineStyle><color>ff00ff00</color><width>3</width></LineStyle></Style><LineString><coordinates>-71.5113883,-35.5789583,0 -71.5111466,-35.5791983,0</coordinates></LineString></Placemark><Placemark><name>Trabajado - Cuartel 1031 - Hilera 2132</name><Style><LineStyle><color>ff00ff00</color><width>3</width></LineStyle></Style><LineString><coordinates>-71.5066316,-35.5804316,0 -71.506935,-35.5808183,0</coordinates></LineString></Placemark><Placemark><name>Trabajado - Cuartel 1031 - Hilera 2133</name><Style><LineStyle><color>ff00ff00</color><width>3</width></LineStyle></Style><LineString><coordinates>-71.5071266,-35.580405,0 -71.5080333,-35.5822299,0</coordinates></LineString></Placemark><Placemark><name>Trabajado - Cuartel 1031 - Hilera 2136</name><Style><LineStyle><color>ff00ff00</color><width>3</width></LineStyle></Style><LineString><coordinates>-71.51013,-35.5813966,0 -71.511055,-35.5808483,0</coordinates></LineString></Placemark><Placemark><name>Trabajado - Cuartel 1031 - Hilera 2137</name><Style><LineStyle><color>ff00ff00</color><width>3</width></LineStyle></Style><LineString><coordinates>-71.511055,-35.5808483,0 -71.5123583,-35.5780383,0</coordinates></LineString></Placemark><Placemark><name>Trabajado - Cuartel 1031 - Hilera 2138</name><Style><LineStyle><color>ff00ff00</color><width>3</width></LineStyle></Style><LineString><coordinates>-71.5123583,-35.5780383,0 -71.5129099,-35.5767583,0</coordinates></LineString></Placemark><Placemark><name>Trabajado - Cuartel 1031 - Hilera 2139</name><Style><LineStyle><color>ff00ff00</color><width>3</width></LineStyle></Style><LineString><coordinates>-71.5129099,-35.5767583,0 -71.5143816,-35.57698,0</coordinates></LineString></Placemark><Placemark><name>Trabajado - Cuartel 1031 - Hilera 2140</name><Style><LineStyle><color>ff00ff00</color><width>3</width></LineStyle></Style><LineString><coordinates>-71.5143983,-35.5770366,0 -71.514325,-35.5769366,0</coordinates></LineString></Placemark><Placemark><name>Trabajado - Cuartel 1031 - Hilera 2141</name><Style><LineStyle><color>ff00ff00</color><width>3</width></LineStyle></Style><LineString><coordinates>-71.514325,-35.5769366,0 -71.514375,-35.5770683,0</coordinates></LineString></Placemark><Placemark><name>Trabajado - Cuartel 1031 - Hilera 2144</name><Style><LineStyle><color>ff00ff00</color><width>3</width></LineStyle></Style><LineString><coordinates>-71.5143016,-35.5769233,0 -71.5140616,-35.5769633,0</coordinates></LineString></Placemark><Placemark><name>Trabajado - Cuartel 1031 - Hilera 2150</name><Style><LineStyle><color>ff00ff00</color><width>3</width></LineStyle></Style><LineString><coordinates>-71.5139616,-35.576945,0 -71.5137666,-35.576855,0</coordinates></LineString></Placemark><Placemark><name>Trabajado - Cuartel 1031 - Hilera 2151</name><Style><LineStyle><color>ff00ff00</color><width>3</width></LineStyle></Style><LineString><coordinates>-71.5137666,-35.576855,0 -71.5139216,-35.57733,0</coordinates></LineString></Placemark><Placemark><name>Trabajado - Cuartel 1031 - Hilera 2155</name><Style><LineStyle><color>ff00ff00</color><width>3</width></LineStyle></Style><LineString><coordinates>-71.5135983,-35.5768466,0 -71.513375,-35.5769333,0</coordinates></LineString></Placemark><Placemark><name>Trabajado - Cuartel 1031 - Hilera 2156</name><Style><LineStyle><color>ff00ff00</color><width>3</width></LineStyle></Style><LineString><coordinates>-71.513375,-35.5769333,0 -71.5136183,-35.57769,0</coordinates></LineString></Placemark><Placemark><name>Trabajado - Cuartel 1031 - Hilera 2169</name><Style><LineStyle><color>ff00ff00</color><width>3</width></LineStyle></Style><LineString><coordinates>-71.51313,-35.5767983,0 -71.5130883,-35.5770333,0</coordinates></LineString></Placemark><Placemark><name>Trabajado - Cuartel 1031 - Hilera 2175</name><Style><LineStyle><color>ff00ff00</color><width>3</width></LineStyle></Style><LineString><coordinates>-71.5130316,-35.5770733,0 -71.5130583,-35.5769933,0</coordinates></LineString></Placemark><Placemark><name>Trabajado - Cuartel 1031 - Hilera 2176</name><Style><LineStyle><color>ff00ff00</color><width>3</width></LineStyle></Style><LineString><coordinates>-71.51301,-35.5769899,0 -71.51311721540014,-35.577445565450496,0</coordinates></LineString></Placemark><Placemark><name>Trabajado - Cuartel 1031 - Hilera 2178</name><Style><LineStyle><color>ff00ff00</color><width>3</width></LineStyle></Style><LineString><coordinates>-71.5128466,-35.5770833,0 -71.5127566,-35.5769316,0</coordinates></LineString></Placemark><Placemark><name>Trabajado - Cuartel 1031 - Hilera 2179</name><Style><LineStyle><color>ff00ff00</color><width>3</width></LineStyle></Style><LineString><coordinates>-71.512935,-35.577045,0 -71.5128333,-35.5770933,0</coordinates></LineString></Placemark><Placemark><name>Trabajado - Cuartel 1031 - Hilera 2180</name><Style><LineStyle><color>ff00ff00</color><width>3</width></LineStyle></Style><LineString><coordinates>-71.5128333,-35.5770933,0 -71.5128116,-35.5772783,0</coordinates></LineString></Placemark><Placemark><name>Trabajado - Cuartel 1031 - Hilera 2193</name><Style><LineStyle><color>ff00ff00</color><width>3</width></LineStyle></Style><LineString><coordinates>-71.5126633,-35.57693,0 -71.5124783,-35.5771466,0</coordinates></LineString></Placemark><Placemark><name>Trabajado - Cuartel 1031 - Hilera 2202</name><Style><LineStyle><color>ff00ff00</color><width>3</width></LineStyle></Style><LineString><coordinates>-71.5065099,-35.5804233,0 -71.50684,-35.58059,0</coordinates></LineString></Placemark><Placemark><name>Trabajado - Cuartel 1031 - Hilera 2203</name><Style><LineStyle><color>ff00ff00</color><width>3</width></LineStyle></Style><LineString><coordinates>-71.5059566,-35.58044,0 -71.505775,-35.5805699,0</coordinates></LineString></Placemark><Placemark><name>Trabajado - Cuartel 1031 - Hilera 2204</name><Style><LineStyle><color>ff00ff00</color><width>3</width></LineStyle></Style><LineString><coordinates>-71.50567607116716,-35.58061131257647,0 -71.5055083,-35.5805916,0</coordinates></LineString></Placemark><Placemark><name>Trabajado - Cuartel 1031 - Hilera 2205</name><Style><LineStyle><color>ff00ff00</color><width>3</width></LineStyle></Style><LineString><coordinates>-71.5056649,-35.5805999,0 -71.5055816,-35.58054,0</coordinates></LineString></Placemark><Placemark><name>Trabajado - Cuartel 1031 - Hilera 2206</name><Style><LineStyle><color>ff00ff00</color><width>3</width></LineStyle></Style><LineString><coordinates>-71.5056649,-35.5807049,0 -71.5056866,-35.5806116,0</coordinates></LineString></Placemark><Placemark><name>Trabajado - Cuartel 1031 - Hilera 2207</name><Style><LineStyle><color>ff00ff00</color><width>3</width></LineStyle></Style><LineString><coordinates>-71.5060249,-35.5804716,0 -71.5059466,-35.5805716,0</coordinates></LineString></Placemark><Placemark><name>Trabajado - Cuartel 1031 - Hilera 2209</name><Style><LineStyle><color>ff00ff00</color><width>3</width></LineStyle></Style><LineString><coordinates>-71.5101483,-35.5813716,0 -71.5110649,-35.5808633,0</coordinates></LineString></Placemark><Placemark><name>Trabajado - Cuartel 1031 - Hilera 2210</name><Style><LineStyle><color>ff00ff00</color><width>3</width></LineStyle></Style><LineString><coordinates>-71.5112433,-35.579595,0 -71.5123533,-35.5781183,0</coordinates></LineString></Placemark><Placemark><name>Trabajado - Cuartel 1031 - Hilera 2220</name><Style><LineStyle><color>ff00ff00</color><width>3</width></LineStyle></Style><LineString><coordinates>-71.5082833,-35.5823516,0 -71.5075733,-35.5803266,0</coordinates></LineString></Placemark><Placemark><name>Trabajado - Cuartel 1031 - Hilera 2221</name><Style><LineStyle><color>ff00ff00</color><width>3</width></LineStyle></Style><LineString><coordinates>-71.5075216,-35.5803166,0 -71.5036283,-35.5808533,0</coordinates></LineString></Placemark><Placemark><name>Descartado (grupo chico) - Hilera 1048</name><Style><LineStyle><color>ff00ffff</color><width>3</width></LineStyle></Style><LineString><coordinates>-71.5063566,-35.5784516,0 -71.5055614841184,-35.578652236717794,0</coordinates></LineString></Placemark><Placemark><name>Descartado (grupo chico) - Hilera 1061</name><Style><LineStyle><color>ff00ffff</color><width>3</width></LineStyle></Style><LineString><coordinates>-71.5054033,-35.5787166,0 -71.5062849,-35.5784899,0</coordinates></LineString></Placemark><Placemark><name>Descartado (grupo chico) - Hilera 1208</name><Style><LineStyle><color>ff00ffff</color><width>3</width></LineStyle></Style><LineString><coordinates>-71.5055573962861,-35.57863957963239,0 -71.5068983,-35.5783716,0</coordinates></LineString></Placemark><Placemark><name>Descartado (grupo chico) - Hilera 1056</name><Style><LineStyle><color>ff00ffff</color><width>3</width></LineStyle></Style><LineString><coordinates>-71.51104166530247,-35.57695513729812,0 -71.50501840374638,-35.578872668833036,0</coordinates></LineString></Placemark><Placemark><name>Descartado (grupo chico) - Hilera 1058</name><Style><LineStyle><color>ff00ffff</color><width>3</width></LineStyle></Style><LineString><coordinates>-71.505825,-35.579695,0 -71.50517250297565,-35.57994159922142,0</coordinates></LineString></Placemark><Placemark><name>Descartado (grupo chico) - Hilera 1065</name><Style><LineStyle><color>ff00ffff</color><width>3</width></LineStyle></Style><LineString><coordinates>-71.5067483,-35.5798016,0 -71.503405,-35.5799366,0</coordinates></LineString></Placemark><Placemark><name>Descartado (grupo chico) - Hilera 1088</name><Style><LineStyle><color>ff00ffff</color><width>3</width></LineStyle></Style><LineString><coordinates>-71.5066683,-35.5797933,0 -71.5043516,-35.5799683,0</coordinates></LineString></Placemark><Placemark><name>Descartado (grupo chico) - Hilera 1067</name><Style><LineStyle><color>ff00ffff</color><width>3</width></LineStyle></Style><LineString><coordinates>-71.5022166,-35.575955,0 -71.5020783,-35.5759233,0</coordinates></LineString></Placemark><Placemark><name>Descartado (grupo chico) - Hilera 1069</name><Style><LineStyle><color>ff00ffff</color><width>3</width></LineStyle></Style><LineString><coordinates>-71.5035016,-35.57994,0 -71.5036033,-35.5797916,0</coordinates></LineString></Placemark><Placemark><name>Descartado (grupo chico) - Hilera 1072</name><Style><LineStyle><color>ff00ffff</color><width>3</width></LineStyle></Style><LineString><coordinates>-71.5036699,-35.5798849,0 -71.5038,-35.5799766,0</coordinates></LineString></Placemark><Placemark><name>Descartado (grupo chico) - Hilera 1077</name><Style><LineStyle><color>ff00ffff</color><width>3</width></LineStyle></Style><LineString><coordinates>-71.503985,-35.5798549,0 -71.50406,-35.5799216,0</coordinates></LineString></Placemark><Placemark><name>Descartado (grupo chico) - Hilera 1073</name><Style><LineStyle><color>ff00ffff</color><width>3</width></LineStyle></Style><LineString><coordinates>-71.5038,-35.5799766,0 -71.503905,-35.5799449,0</coordinates></LineString></Placemark><Placemark><name>Descartado (grupo chico) - Hilera 1078</name><Style><LineStyle><color>ff00ffff</color><width>3</width></LineStyle></Style><LineString><coordinates>-71.50406,-35.5799216,0 -71.50425,-35.5798733,0</coordinates></LineString></Placemark><Placemark><name>Descartado (grupo chico) - Hilera 1075</name><Style><LineStyle><color>ff00ffff</color><width>3</width></LineStyle></Style><LineString><coordinates>-71.502615,-35.5756233,0 -71.5027066,-35.575695,0</coordinates></LineString></Placemark><Placemark><name>Descartado (grupo chico) - Hilera 1091</name><Style><LineStyle><color>ff00ffff</color><width>3</width></LineStyle></Style><LineString><coordinates>-71.5030266,-35.57563,0 -71.5028816,-35.5755166,0</coordinates></LineString></Placemark><Placemark><name>Descartado (grupo chico) - Hilera 1098</name><Style><LineStyle><color>ff00ffff</color><width>3</width></LineStyle></Style><LineString><coordinates>-71.5033233,-35.575435,0 -71.5032283,-35.5753866,0</coordinates></LineString></Placemark><Placemark><name>Descartado (grupo chico) - Hilera 1080</name><Style><LineStyle><color>ff00ffff</color><width>3</width></LineStyle></Style><LineString><coordinates>-71.50303,-35.57582,0 -71.503535,-35.5771,0</coordinates></LineString></Placemark><Placemark><name>Descartado (grupo chico) - Hilera 1081</name><Style><LineStyle><color>ff00ffff</color><width>3</width></LineStyle></Style><LineString><coordinates>-71.503535,-35.5771,0 -71.50569,-35.5765133,0</coordinates></LineString></Placemark><Placemark><name>Descartado (grupo chico) - Hilera 1113</name><Style><LineStyle><color>ff00ffff</color><width>3</width></LineStyle></Style><LineString><coordinates>-71.5044499,-35.5767583,0 -71.50568,-35.5764316,0</coordinates></LineString></Placemark><Placemark><name>Trabajado - Cuartel 1092 - Hilera 1092</name><Style><LineStyle><color>ff00ff00</color><width>3</width></LineStyle></Style><LineString><coordinates>-71.5028816,-35.5755166,0 -71.5029783,-35.5757783,0</coordinates></LineString></Placemark><Placemark><name>Trabajado - Cuartel 1092 - Hilera 1100</name><Style><LineStyle><color>ff00ff00</color><width>3</width></LineStyle></Style><LineString><coordinates>-71.50344,-35.5753233,0 -71.5036933,-35.5760966,0</coordinates></LineString></Placemark><Placemark><name>Trabajado - Cuartel 1092 - Hilera 1109</name><Style><LineStyle><color>ff00ff00</color><width>3</width></LineStyle></Style><LineString><coordinates>-71.5029283,-35.5728266,0 -71.504555,-35.5777783,0</coordinates></LineString></Placemark><Placemark><name>Trabajado - Cuartel 1092 - Hilera 1124</name><Style><LineStyle><color>ff00ff00</color><width>3</width></LineStyle></Style><LineString><coordinates>-71.50501,-35.578855,0 -71.5030866,-35.57276,0</coordinates></LineString></Placemark><Placemark><name>Trabajado - Cuartel 1092 - Hilera 1126</name><Style><LineStyle><color>ff00ff00</color><width>3</width></LineStyle></Style><LineString><coordinates>-71.5033066,-35.5726566,0 -71.50551001479573,-35.57985987774082,0</coordinates></LineString></Placemark><Placemark><name>Trabajado - Cuartel 1092 - Hilera 1129</name><Style><LineStyle><color>ff00ff00</color><width>3</width></LineStyle></Style><LineString><coordinates>-71.5048116,-35.57733,0 -71.5039866,-35.5748266,0</coordinates></LineString></Placemark><Placemark><name>Descartado (grupo chico) - Hilera 1093</name><Style><LineStyle><color>ff00ffff</color><width>3</width></LineStyle></Style><LineString><coordinates>-71.50293,-35.57551,0 -71.5031016,-35.57543,0</coordinates></LineString></Placemark><Placemark><name>Descartado (grupo chico) - Hilera 1099</name><Style><LineStyle><color>ff00ffff</color><width>3</width></LineStyle></Style><LineString><coordinates>-71.5032283,-35.5753866,0 -71.50344,-35.5753233,0</coordinates></LineString></Placemark><Placemark><name>Descartado (grupo chico) - Hilera 1094</name><Style><LineStyle><color>ff00ffff</color><width>3</width></LineStyle></Style><LineString><coordinates>-71.5031016,-35.57543,0 -71.5041316,-35.5784666,0</coordinates></LineString></Placemark><Placemark><name>Descartado (grupo chico) - Hilera 1101</name><Style><LineStyle><color>ff00ffff</color><width>3</width></LineStyle></Style><LineString><coordinates>-71.503665,-35.5761216,0 -71.5040833,-35.5774366,0</coordinates></LineString></Placemark><Placemark><name>Descartado (grupo chico) - Hilera 1095</name><Style><LineStyle><color>ff00ffff</color><width>3</width></LineStyle></Style><LineString><coordinates>-71.5041316,-35.5784666,0 -71.50431632653203,-35.57914974180628,0</coordinates></LineString></Placemark><Placemark><name>Descartado (grupo chico) - Hilera 1102</name><Style><LineStyle><color>ff00ffff</color><width>3</width></LineStyle></Style><LineString><coordinates>-71.5040833,-35.5774366,0 -71.50461211143075,-35.577853300705996,0</coordinates></LineString></Placemark><Placemark><name>Descartado (grupo chico) - Hilera 1106</name><Style><LineStyle><color>ff00ffff</color><width>3</width></LineStyle></Style><LineString><coordinates>-71.5035633,-35.5752866,0 -71.50372,-35.5750916,0</coordinates></LineString></Placemark><Placemark><name>Trabajado - Cuartel 1107 - Hilera 1107</name><Style><LineStyle><color>ff00ff00</color><width>3</width></LineStyle></Style><LineString><coordinates>-71.50372,-35.5750916,0 -71.503065,-35.5728983,0</coordinates></LineString></Placemark><Placemark><name>Trabajado - Cuartel 1107 - Hilera 1130</name><Style><LineStyle><color>ff00ff00</color><width>3</width></LineStyle></Style><LineString><coordinates>-71.5039866,-35.5748266,0 -71.5037433,-35.5738066,0</coordinates></LineString></Placemark><Placemark><name>Trabajado - Cuartel 1107 - Hilera 1131</name><Style><LineStyle><color>ff00ff00</color><width>3</width></LineStyle></Style><LineString><coordinates>-71.5037333,-35.5738083,0 -71.503385,-35.5726116,0</coordinates></LineString></Placemark><Placemark><name>Trabajado - Cuartel 1107 - Hilera 1133</name><Style><LineStyle><color>ff00ff00</color><width>3</width></LineStyle></Style><LineString><coordinates>-71.503535,-35.57247,0 -71.5039716,-35.5737733,0</coordinates></LineString></Placemark><Placemark><name>Trabajado - Cuartel 1107 - Hilera 1134</name><Style><LineStyle><color>ff00ff00</color><width>3</width></LineStyle></Style><LineString><coordinates>-71.50397327133487,-35.57367975825567,0 -71.50492145420188,-35.57690904599881,0</coordinates></LineString></Placemark><Placemark><name>Trabajado - Cuartel 1107 - Hilera 1142</name><Style><LineStyle><color>ff00ff00</color><width>3</width></LineStyle></Style><LineString><coordinates>-71.5053016,-35.5779566,0 -71.50358822593537,-35.57242607328711,0</coordinates></LineString></Placemark><Placemark><name>Trabajado - Cuartel 1107 - Hilera 1144</name><Style><LineStyle><color>ff00ff00</color><width>3</width></LineStyle></Style><LineString><coordinates>-71.5038266,-35.5723583,0 -71.5039116,-35.5726216,0</coordinates></LineString></Placemark><Placemark><name>Trabajado - Cuartel 1107 - Hilera 1145</name><Style><LineStyle><color>ff00ff00</color><width>3</width></LineStyle></Style><LineString><coordinates>-71.5039116,-35.5726216,0 -71.50436244080495,-35.57420536906777,0</coordinates></LineString></Placemark><Placemark><name>Trabajado - Cuartel 1107 - Hilera 1155</name><Style><LineStyle><color>ff00ff00</color><width>3</width></LineStyle></Style><LineString><coordinates>-71.5048383,-35.5756399,0 -71.5037733,-35.5722916,0</coordinates></LineString></Placemark><Placemark><name>Trabajado - Cuartel 1107 - Hilera 1157</name><Style><LineStyle><color>ff00ff00</color><width>3</width></LineStyle></Style><LineString><coordinates>-71.5039,-35.5722716,0 -71.5039733,-35.5726166,0</coordinates></LineString></Placemark><Placemark><name>Trabajado - Cuartel 1107 - Hilera 1158</name><Style><LineStyle><color>ff00ff00</color><width>3</width></LineStyle></Style><LineString><coordinates>-71.5039733,-35.5726166,0 -71.50442698115684,-35.57383070118471,0</coordinates></LineString></Placemark><Placemark><name>Trabajado - Cuartel 1107 - Hilera 1159</name><Style><LineStyle><color>ff00ff00</color><width>3</width></LineStyle></Style><LineString><coordinates>-71.5043966,-35.5738383,0 -71.504445,-35.5740149,0</coordinates></LineString></Placemark><Placemark><name>Trabajado - Cuartel 1107 - Hilera 1160</name><Style><LineStyle><color>ff00ff00</color><width>3</width></LineStyle></Style><LineString><coordinates>-71.50414028949267,-35.57300823946554,0 -71.50543378222562,-35.57728150229869,0</coordinates></LineString></Placemark><Placemark><name>Trabajado - Cuartel 1107 - Hilera 1164</name><Style><LineStyle><color>ff00ff00</color><width>3</width></LineStyle></Style><LineString><coordinates>-71.50599,-35.5783933,0 -71.5042616,-35.5726816,0</coordinates></LineString></Placemark><Placemark><name>Trabajado - Cuartel 1107 - Hilera 1165</name><Style><LineStyle><color>ff00ff00</color><width>3</width></LineStyle></Style><LineString><coordinates>-71.504265,-35.5727716,0 -71.504235,-35.5726816,0</coordinates></LineString></Placemark><Placemark><name>Trabajado - Cuartel 1107 - Hilera 1167</name><Style><LineStyle><color>ff00ff00</color><width>3</width></LineStyle></Style><LineString><coordinates>-71.5042066,-35.5727683,0 -71.5047933,-35.57452,0</coordinates></LineString></Placemark><Placemark><name>Trabajado - Cuartel 1107 - Hilera 1188</name><Style><LineStyle><color>ff00ff00</color><width>3</width></LineStyle></Style><LineString><coordinates>-71.5060883,-35.5784533,0 -71.5041633,-35.572095,0</coordinates></LineString></Placemark><Placemark><name>Trabajado - Cuartel 1107 - Hilera 1189</name><Style><LineStyle><color>ff00ff00</color><width>3</width></LineStyle></Style><LineString><coordinates>-71.5041133,-35.5720383,0 -71.5047633,-35.5744483,0</coordinates></LineString></Placemark><Placemark><name>Trabajado - Cuartel 1107 - Hilera 1192</name><Style><LineStyle><color>ff00ff00</color><width>3</width></LineStyle></Style><LineString><coordinates>-71.5049266,-35.5743766,0 -71.5043666,-35.5725216,0</coordinates></LineString></Placemark><Placemark><name>Trabajado - Cuartel 1107 - Hilera 1197</name><Style><LineStyle><color>ff00ff00</color><width>3</width></LineStyle></Style><LineString><coordinates>-71.5055966,-35.5756783,0 -71.5055966,-35.5757683,0</coordinates></LineString></Placemark><Placemark><name>Trabajado - Cuartel 1107 - Hilera 1202</name><Style><LineStyle><color>ff00ff00</color><width>3</width></LineStyle></Style><LineString><coordinates>-71.5047816,-35.5724549,0 -71.5047666,-35.572365,0</coordinates></LineString></Placemark><Placemark><name>Trabajado - Cuartel 1107 - Hilera 1204</name><Style><LineStyle><color>ff00ff00</color><width>3</width></LineStyle></Style><LineString><coordinates>-71.5049133,-35.5725,0 -71.5053849,-35.5743216,0</coordinates></LineString></Placemark><Placemark><name>Trabajado - Cuartel 1107 - Hilera 1205</name><Style><LineStyle><color>ff00ff00</color><width>3</width></LineStyle></Style><LineString><coordinates>-71.5053849,-35.5743216,0 -71.50584,-35.5756216,0</coordinates></LineString></Placemark><Placemark><name>Trabajado - Cuartel 1107 - Hilera 1206</name><Style><LineStyle><color>ff00ff00</color><width>3</width></LineStyle></Style><LineString><coordinates>-71.5058266,-35.5755333,0 -71.5058483,-35.5757133,0</coordinates></LineString></Placemark><Placemark><name>Trabajado - Cuartel 1107 - Hilera 1222</name><Style><LineStyle><color>ff00ff00</color><width>3</width></LineStyle></Style><LineString><coordinates>-71.5068749,-35.57822,0 -71.5050466,-35.5722366,0</coordinates></LineString></Placemark><Placemark><name>Trabajado - Cuartel 1107 - Hilera 1224</name><Style><LineStyle><color>ff00ff00</color><width>3</width></LineStyle></Style><LineString><coordinates>-71.5051466,-35.572295,0 -71.50574386116591,-35.574210741385315,0</coordinates></LineString></Placemark><Placemark><name>Trabajado - Cuartel 1107 - Hilera 1227</name><Style><LineStyle><color>ff00ff00</color><width>3</width></LineStyle></Style><LineString><coordinates>-71.5077016,-35.5801816,0 -71.5051666,-35.5713966,0</coordinates></LineString></Placemark><Placemark><name>Trabajado - Cuartel 1107 - Hilera 1230</name><Style><LineStyle><color>ff00ff00</color><width>3</width></LineStyle></Style><LineString><coordinates>-71.5053983,-35.5721366,0 -71.5066616,-35.5761983,0</coordinates></LineString></Placemark><Placemark><name>Trabajado - Cuartel 1107 - Hilera 1247</name><Style><LineStyle><color>ff00ff00</color><width>3</width></LineStyle></Style><LineString><coordinates>-71.5073666,-35.5778716,0 -71.5052533,-35.57136,0</coordinates></LineString></Placemark><Placemark><name>Trabajado - Cuartel 1107 - Hilera 1253</name><Style><LineStyle><color>ff00ff00</color><width>3</width></LineStyle></Style><LineString><coordinates>-71.5058383,-35.5734883,0 -71.5058649,-35.573865,0</coordinates></LineString></Placemark><Placemark><name>Trabajado - Cuartel 1107 - Hilera 1254</name><Style><LineStyle><color>ff00ff00</color><width>3</width></LineStyle></Style><LineString><coordinates>-71.5061133,-35.5739283,0 -71.50669800920423,-35.575917655453445,0</coordinates></LineString></Placemark><Placemark><name>Trabajado - Cuartel 1107 - Hilera 1256</name><Style><LineStyle><color>ff00ff00</color><width>3</width></LineStyle></Style><LineString><coordinates>-71.5066716,-35.5754066,0 -71.5066533,-35.5756316,0</coordinates></LineString></Placemark><Placemark><name>Trabajado - Cuartel 1107 - Hilera 1259</name><Style><LineStyle><color>ff00ff00</color><width>3</width></LineStyle></Style><LineString><coordinates>-71.50692273427127,-35.576052297706575,0 -71.5070183,-35.57619,0</coordinates></LineString></Placemark><Placemark><name>Trabajado - Cuartel 1107 - Hilera 1271</name><Style><LineStyle><color>ff00ff00</color><width>3</width></LineStyle></Style><LineString><coordinates>-71.5073533,-35.5762516,0 -71.507135,-35.5757516,0</coordinates></LineString></Placemark><Placemark><name>Trabajado - Cuartel 1107 - Hilera 1272</name><Style><LineStyle><color>ff00ff00</color><width>3</width></LineStyle></Style><LineString><coordinates>-71.507135,-35.5757516,0 -71.5072216,-35.5755583,0</coordinates></LineString></Placemark><Placemark><name>Trabajado - Cuartel 1107 - Hilera 1273</name><Style><LineStyle><color>ff00ff00</color><width>3</width></LineStyle></Style><LineString><coordinates>-71.5072216,-35.5755583,0 -71.5071083,-35.57522,0</coordinates></LineString></Placemark><Placemark><name>Trabajado - Cuartel 1107 - Hilera 1274</name><Style><LineStyle><color>ff00ff00</color><width>3</width></LineStyle></Style><LineString><coordinates>-71.5071083,-35.57522,0 -71.5071316,-35.5748533,0</coordinates></LineString></Placemark><Placemark><name>Trabajado - Cuartel 1107 - Hilera 1276</name><Style><LineStyle><color>ff00ff00</color><width>3</width></LineStyle></Style><LineString><coordinates>-71.5070266,-35.5747999,0 -71.5066816,-35.5740883,0</coordinates></LineString></Placemark><Placemark><name>Trabajado - Cuartel 1107 - Hilera 1277</name><Style><LineStyle><color>ff00ff00</color><width>3</width></LineStyle></Style><LineString><coordinates>-71.5066833,-35.5741116,0 -71.50662,-35.5740366,0</coordinates></LineString></Placemark><Placemark><name>Trabajado - Cuartel 1107 - Hilera 1278</name><Style><LineStyle><color>ff00ff00</color><width>3</width></LineStyle></Style><LineString><coordinates>-71.50662,-35.5740366,0 -71.50663,-35.5741266,0</coordinates></LineString></Placemark><Placemark><name>Trabajado - Cuartel 1107 - Hilera 1286</name><Style><LineStyle><color>ff00ff00</color><width>3</width></LineStyle></Style><LineString><coordinates>-71.5065883,-35.5733683,0 -71.50788409207439,-35.57812293134723,0</coordinates></LineString></Placemark><Placemark><name>Trabajado - Cuartel 1107 - Hilera 1300</name><Style><LineStyle><color>ff00ff00</color><width>3</width></LineStyle></Style><LineString><coordinates>-71.5075883,-35.5767649,0 -71.5074633,-35.5762883,0</coordinates></LineString></Placemark><Placemark><name>Trabajado - Cuartel 1107 - Hilera 1302</name><Style><LineStyle><color>ff00ff00</color><width>3</width></LineStyle></Style><LineString><coordinates>-71.50722,-35.5761599,0 -71.5066333,-35.5738183,0</coordinates></LineString></Placemark><Placemark><name>Trabajado - Cuartel 1107 - Hilera 1339</name><Style><LineStyle><color>ff00ff00</color><width>3</width></LineStyle></Style><LineString><coordinates>-71.50802,-35.5779366,0 -71.5057066,-35.5700949,0</coordinates></LineString></Placemark><Placemark><name>Trabajado - Cuartel 1107 - Hilera 1341</name><Style><LineStyle><color>ff00ff00</color><width>3</width></LineStyle></Style><LineString><coordinates>-71.50590898567881,-35.57067281269104,0 -71.50929127599659,-35.58175598750371,0</coordinates></LineString></Placemark><Placemark><name>Trabajado - Cuartel 1107 - Hilera 1344</name><Style><LineStyle><color>ff00ff00</color><width>3</width></LineStyle></Style><LineString><coordinates>-71.5089466,-35.5798366,0 -71.50598214096931,-35.57001912369542,0</coordinates></LineString></Placemark><Placemark><name>Trabajado - Cuartel 1107 - Hilera 1345</name><Style><LineStyle><color>ff00ff00</color><width>3</width></LineStyle></Style><LineString><coordinates>-71.5060566,-35.57004,0 -71.5083617877379,-35.57761588966662,0</coordinates></LineString></Placemark><Placemark><name>Trabajado - Cuartel 1107 - Hilera 1346</name><Style><LineStyle><color>ff00ff00</color><width>3</width></LineStyle></Style><LineString><coordinates>-71.5075483,-35.5750583,0 -71.5078233,-35.5758016,0</coordinates></LineString></Placemark><Placemark><name>Trabajado - Cuartel 1107 - Hilera 1348</name><Style><LineStyle><color>ff00ff00</color><width>3</width></LineStyle></Style><LineString><coordinates>-71.5078949,-35.5758516,0 -71.507885,-35.5760016,0</coordinates></LineString></Placemark><Placemark><name>Trabajado - Cuartel 1107 - Hilera 1383</name><Style><LineStyle><color>ff00ff00</color><width>3</width></LineStyle></Style><LineString><coordinates>-71.5088333,-35.57845,0 -71.50621579716142,-35.56988550988289,0</coordinates></LineString></Placemark><Placemark><name>Trabajado - Cuartel 1107 - Hilera 1388</name><Style><LineStyle><color>ff00ff00</color><width>3</width></LineStyle></Style><LineString><coordinates>-71.5075383,-35.5737416,0 -71.50757,-35.5740033,0</coordinates></LineString></Placemark><Placemark><name>Trabajado - Cuartel 1107 - Hilera 1389</name><Style><LineStyle><color>ff00ff00</color><width>3</width></LineStyle></Style><LineString><coordinates>-71.50753,-35.5740266,0 -71.5076166,-35.5741633,0</coordinates></LineString></Placemark><Placemark><name>Trabajado - Cuartel 1107 - Hilera 1390</name><Style><LineStyle><color>ff00ff00</color><width>3</width></LineStyle></Style><LineString><coordinates>-71.5070983,-35.5742383,0 -71.5070749,-35.5741333,0</coordinates></LineString></Placemark><Placemark><name>Trabajado - Cuartel 1107 - Hilera 1393</name><Style><LineStyle><color>ff00ff00</color><width>3</width></LineStyle></Style><LineString><coordinates>-71.5078083,-35.575385,0 -71.507805,-35.5755666,0</coordinates></LineString></Placemark><Placemark><name>Trabajado - Cuartel 1107 - Hilera 1400</name><Style><LineStyle><color>ff00ff00</color><width>3</width></LineStyle></Style><LineString><coordinates>-71.50952533116798,-35.5796721195567,0 -71.5065045642244,-35.56972998862298,0</coordinates></LineString></Placemark><Placemark><name>Trabajado - Cuartel 1107 - Hilera 1401</name><Style><LineStyle><color>ff00ff00</color><width>3</width></LineStyle></Style><LineString><coordinates>-71.50839954931527,-35.575622980824086,0 -71.5084683,-35.5762933,0</coordinates></LineString></Placemark><Placemark><name>Trabajado - Cuartel 1107 - Hilera 1416</name><Style><LineStyle><color>ff00ff00</color><width>3</width></LineStyle></Style><LineString><coordinates>-71.5068566,-35.5695866,0 -71.50932893411904,-35.5776540699817,0</coordinates></LineString></Placemark><Placemark><name>Trabajado - Cuartel 1107 - Hilera 1424</name><Style><LineStyle><color>ff00ff00</color><width>3</width></LineStyle></Style><LineString><coordinates>-71.5093799,-35.5788916,0 -71.5065687611755,-35.569702877543364,0</coordinates></LineString></Placemark><Placemark><name>Trabajado - Cuartel 1107 - Hilera 1431</name><Style><LineStyle><color>ff00ff00</color><width>3</width></LineStyle></Style><LineString><coordinates>-71.50799402515007,-35.57355304644691,0 -71.50923428421676,-35.57762377226329,0</coordinates></LineString></Placemark><Placemark><name>Descartado (grupo chico) - Hilera 1108</name><Style><LineStyle><color>ff00ffff</color><width>3</width></LineStyle></Style><LineString><coordinates>-71.503065,-35.5728983,0 -71.5029283,-35.5728266,0</coordinates></LineString></Placemark><Placemark><name>Trabajado - Cuartel 1125 - Hilera 1125</name><Style><LineStyle><color>ff00ff00</color><width>3</width></LineStyle></Style><LineString><coordinates>-71.5030866,-35.57276,0 -71.5033066,-35.5726566,0</coordinates></LineString></Placemark><Placemark><name>Trabajado - Cuartel 1125 - Hilera 1132</name><Style><LineStyle><color>ff00ff00</color><width>3</width></LineStyle></Style><LineString><coordinates>-71.503385,-35.5726116,0 -71.503535,-35.57247,0</coordinates></LineString></Placemark><Placemark><name>Trabajado - Cuartel 1125 - Hilera 1143</name><Style><LineStyle><color>ff00ff00</color><width>3</width></LineStyle></Style><LineString><coordinates>-71.5036016,-35.5724233,0 -71.5038266,-35.5723583,0</coordinates></LineString></Placemark><Placemark><name>Trabajado - Cuartel 1125 - Hilera 1156</name><Style><LineStyle><color>ff00ff00</color><width>3</width></LineStyle></Style><LineString><coordinates>-71.5037733,-35.5722916,0 -71.5039,-35.5722716,0</coordinates></LineString></Placemark><Placemark><name>Trabajado - Cuartel 1125 - Hilera 1166</name><Style><LineStyle><color>ff00ff00</color><width>3</width></LineStyle></Style><LineString><coordinates>-71.504235,-35.5726816,0 -71.5041466,-35.5727349,0</coordinates></LineString></Placemark><Placemark><name>Descartado (grupo chico) - Hilera 1128</name><Style><LineStyle><color>ff00ffff</color><width>3</width></LineStyle></Style><LineString><coordinates>-71.5048233,-35.5773366,0 -71.50487,-35.5772533,0</coordinates></LineString></Placemark><Placemark><name>Descartado (grupo chico) - Hilera 1139</name><Style><LineStyle><color>ff00ffff</color><width>3</width></LineStyle></Style><LineString><coordinates>-71.5052999,-35.5778816,0 -71.5051899,-35.5778716,0</coordinates></LineString></Placemark><Placemark><name>Descartado (grupo chico) - Hilera 1140</name><Style><LineStyle><color>ff00ffff</color><width>3</width></LineStyle></Style><LineString><coordinates>-71.5052983,-35.5778783,0 -71.5055083,-35.5777933,0</coordinates></LineString></Placemark><Placemark><name>Descartado (grupo chico) - Hilera 1141</name><Style><LineStyle><color>ff00ffff</color><width>3</width></LineStyle></Style><LineString><coordinates>-71.5053333,-35.5778683,0 -71.5053016,-35.5779566,0</coordinates></LineString></Placemark><Placemark><name>Descartado (grupo chico) - Hilera 1146</name><Style><LineStyle><color>ff00ffff</color><width>3</width></LineStyle></Style><LineString><coordinates>-71.5043733,-35.5742033,0 -71.5043966,-35.5741149,0</coordinates></LineString></Placemark><Placemark><name>Descartado (grupo chico) - Hilera 1191</name><Style><LineStyle><color>ff00ffff</color><width>3</width></LineStyle></Style><LineString><coordinates>-71.5048866,-35.57451,0 -71.5049266,-35.5743766,0</coordinates></LineString></Placemark><Placemark><name>Descartado (grupo chico) - Hilera 1304</name><Style><LineStyle><color>ff00ffff</color><width>3</width></LineStyle></Style><LineString><coordinates>-71.5051866,-35.5744249,0 -71.5051533,-35.5744966,0</coordinates></LineString></Placemark><Placemark><name>Descartado (grupo chico) - Hilera 1154</name><Style><LineStyle><color>ff00ffff</color><width>3</width></LineStyle></Style><LineString><coordinates>-71.5048516,-35.5755499,0 -71.5048383,-35.5756399,0</coordinates></LineString></Placemark><Placemark><name>Descartado (grupo chico) - Hilera 1168</name><Style><LineStyle><color>ff00ffff</color><width>3</width></LineStyle></Style><LineString><coordinates>-71.5048116,-35.5745233,0 -71.5050233,-35.5744149,0</coordinates></LineString></Placemark><Placemark><name>Descartado (grupo chico) - Hilera 1174</name><Style><LineStyle><color>ff00ffff</color><width>3</width></LineStyle></Style><LineString><coordinates>-71.5075066,-35.5805033,0 -71.5085611135458,-35.58398639019669,0</coordinates></LineString></Placemark><Placemark><name>Descartado (grupo chico) - Hilera 1177</name><Style><LineStyle><color>ff00ffff</color><width>3</width></LineStyle></Style><LineString><coordinates>-71.50874826308595,-35.58380054424025,0 -71.5076533,-35.5802466,0</coordinates></LineString></Placemark><Placemark><name>Descartado (grupo chico) - Hilera 1978</name><Style><LineStyle><color>ff00ffff</color><width>3</width></LineStyle></Style><LineString><coordinates>-71.50822968347794,-35.58217079932187,0 -71.5083633,-35.5823383,0</coordinates></LineString></Placemark><Placemark><name>Descartado (grupo chico) - Hilera 2201</name><Style><LineStyle><color>ff00ffff</color><width>3</width></LineStyle></Style><LineString><coordinates>-71.508695,-35.5839499,0 -71.5076316,-35.5803033,0</coordinates></LineString></Placemark><Placemark><name>Descartado (grupo chico) - Hilera 1175</name><Style><LineStyle><color>ff00ffff</color><width>3</width></LineStyle></Style><LineString><coordinates>-71.5080016,-35.5821383,0 -71.5081033,-35.5821883,0</coordinates></LineString></Placemark><Placemark><name>Trabajado - Cuartel 1176 - Hilera 1176</name><Style><LineStyle><color>ff00ff00</color><width>3</width></LineStyle></Style><LineString><coordinates>-71.5081033,-35.5821883,0 -71.5081966,-35.58201,0</coordinates></LineString></Placemark><Placemark><name>Trabajado - Cuartel 1176 - Hilera 1180</name><Style><LineStyle><color>ff00ff00</color><width>3</width></LineStyle></Style><LineString><coordinates>-71.5084233,-35.5821233,0 -71.5087950598315,-35.58204921047616,0</coordinates></LineString></Placemark><Placemark><name>Trabajado - Cuartel 1176 - Hilera 1181</name><Style><LineStyle><color>ff00ff00</color><width>3</width></LineStyle></Style><LineString><coordinates>-71.50846,-35.5821033,0 -71.5085383,-35.58204,0</coordinates></LineString></Placemark><Placemark><name>Trabajado - Cuartel 1176 - Hilera 1312</name><Style><LineStyle><color>ff00ff00</color><width>3</width></LineStyle></Style><LineString><coordinates>-71.5087616,-35.582,0 -71.5088766,-35.582005,0</coordinates></LineString></Placemark><Placemark><name>Trabajado - Cuartel 1176 - Hilera 1320</name><Style><LineStyle><color>ff00ff00</color><width>3</width></LineStyle></Style><LineString><coordinates>-71.509535,-35.581765,0 -71.5093483,-35.5818683,0</coordinates></LineString></Placemark><Placemark><name>Trabajado - Cuartel 1176 - Hilera 1321</name><Style><LineStyle><color>ff00ff00</color><width>3</width></LineStyle></Style><LineString><coordinates>-71.5093483,-35.5818683,0 -71.5091483,-35.5817699,0</coordinates></LineString></Placemark><Placemark><name>Trabajado - Cuartel 1176 - Hilera 1327</name><Style><LineStyle><color>ff00ff00</color><width>3</width></LineStyle></Style><LineString><coordinates>-71.5095716,-35.5813833,0 -71.5097416,-35.5815466,0</coordinates></LineString></Placemark><Placemark><name>Trabajado - Cuartel 1176 - Hilera 1342</name><Style><LineStyle><color>ff00ff00</color><width>3</width></LineStyle></Style><LineString><coordinates>-71.5092966,-35.5817549,0 -71.5096649,-35.5817116,0</coordinates></LineString></Placemark><Placemark><name>Trabajado - Cuartel 1176 - Hilera 1367</name><Style><LineStyle><color>ff00ff00</color><width>3</width></LineStyle></Style><LineString><coordinates>-71.5102866,-35.58109,0 -71.510165,-35.5809933,0</coordinates></LineString></Placemark><Placemark><name>Trabajado - Cuartel 1176 - Hilera 1370</name><Style><LineStyle><color>ff00ff00</color><width>3</width></LineStyle></Style><LineString><coordinates>-71.51012,-35.5810949,0 -71.5098633,-35.5810433,0</coordinates></LineString></Placemark><Placemark><name>Trabajado - Cuartel 1176 - Hilera 1374</name><Style><LineStyle><color>ff00ff00</color><width>3</width></LineStyle></Style><LineString><coordinates>-71.5098133,-35.5810949,0 -71.5097,-35.58109,0</coordinates></LineString></Placemark><Placemark><name>Trabajado - Cuartel 1176 - Hilera 1375</name><Style><LineStyle><color>ff00ff00</color><width>3</width></LineStyle></Style><LineString><coordinates>-71.5097,-35.58109,0 -71.5098016,-35.58113,0</coordinates></LineString></Placemark><Placemark><name>Trabajado - Cuartel 1176 - Hilera 1377</name><Style><LineStyle><color>ff00ff00</color><width>3</width></LineStyle></Style><LineString><coordinates>-71.5098533,-35.5813133,0 -71.5095683,-35.58141,0</coordinates></LineString></Placemark><Placemark><name>Trabajado - Cuartel 1176 - Hilera 1977</name><Style><LineStyle><color>ff00ff00</color><width>3</width></LineStyle></Style><LineString><coordinates>-71.50800618237048,-35.58224723356897,0 -71.5082133,-35.58218,0</coordinates></LineString></Placemark><Placemark><name>Trabajado - Cuartel 1176 - Hilera 1979</name><Style><LineStyle><color>ff00ff00</color><width>3</width></LineStyle></Style><LineString><coordinates>-71.508415,-35.582355,0 -71.5099366,-35.58179,0</coordinates></LineString></Placemark><Placemark><name>Trabajado - Cuartel 1176 - Hilera 2036</name><Style><LineStyle><color>ff00ff00</color><width>3</width></LineStyle></Style><LineString><coordinates>-71.510235,-35.5815133,0 -71.5100216,-35.5815633,0</coordinates></LineString></Placemark><Placemark><name>Trabajado - Cuartel 1176 - Hilera 2040</name><Style><LineStyle><color>ff00ff00</color><width>3</width></LineStyle></Style><LineString><coordinates>-71.5096266,-35.5819883,0 -71.509855,-35.5821716,0</coordinates></LineString></Placemark><Placemark><name>Trabajado - Cuartel 1176 - Hilera 2046</name><Style><LineStyle><color>ff00ff00</color><width>3</width></LineStyle></Style><LineString><coordinates>-71.5094949,-35.58216,0 -71.5092683,-35.5821783,0</coordinates></LineString></Placemark><Placemark><name>Trabajado - Cuartel 1176 - Hilera 2050</name><Style><LineStyle><color>ff00ff00</color><width>3</width></LineStyle></Style><LineString><coordinates>-71.507875,-35.5829083,0 -71.5079949,-35.5825316,0</coordinates></LineString></Placemark><Placemark><name>Trabajado - Cuartel 1176 - Hilera 2051</name><Style><LineStyle><color>ff00ff00</color><width>3</width></LineStyle></Style><LineString><coordinates>-71.5079949,-35.5825316,0 -71.5082683,-35.5823216,0</coordinates></LineString></Placemark><Placemark><name>Trabajado - Cuartel 1176 - Hilera 2055</name><Style><LineStyle><color>ff00ff00</color><width>3</width></LineStyle></Style><LineString><coordinates>-71.5082783,-35.5823599,0 -71.5080433,-35.5826049,0</coordinates></LineString></Placemark><Placemark><name>Trabajado - Cuartel 1176 - Hilera 2058</name><Style><LineStyle><color>ff00ff00</color><width>3</width></LineStyle></Style><LineString><coordinates>-71.5083233,-35.58241,0 -71.5083516,-35.5823316,0</coordinates></LineString></Placemark><Placemark><name>Trabajado - Cuartel 1176 - Hilera 2059</name><Style><LineStyle><color>ff00ff00</color><width>3</width></LineStyle></Style><LineString><coordinates>-71.5083516,-35.5823316,0 -71.5081466,-35.58264,0</coordinates></LineString></Placemark><Placemark><name>Trabajado - Cuartel 1176 - Hilera 2062</name><Style><LineStyle><color>ff00ff00</color><width>3</width></LineStyle></Style><LineString><coordinates>-71.5084483,-35.5824999,0 -71.5086199,-35.58235,0</coordinates></LineString></Placemark><Placemark><name>Trabajado - Cuartel 1176 - Hilera 2066</name><Style><LineStyle><color>ff00ff00</color><width>3</width></LineStyle></Style><LineString><coordinates>-71.50891,-35.5822433,0 -71.508725,-35.5823483,0</coordinates></LineString></Placemark><Placemark><name>Trabajado - Cuartel 1176 - Hilera 2070</name><Style><LineStyle><color>ff00ff00</color><width>3</width></LineStyle></Style><LineString><coordinates>-71.50901,-35.5822633,0 -71.5089033,-35.58224,0</coordinates></LineString></Placemark><Placemark><name>Trabajado - Cuartel 1176 - Hilera 2071</name><Style><LineStyle><color>ff00ff00</color><width>3</width></LineStyle></Style><LineString><coordinates>-71.5089033,-35.58224,0 -71.5091116,-35.5821766,0</coordinates></LineString></Placemark><Placemark><name>Trabajado - Cuartel 1176 - Hilera 2072</name><Style><LineStyle><color>ff00ff00</color><width>3</width></LineStyle></Style><LineString><coordinates>-71.5091116,-35.5821766,0 -71.50926,-35.5822866,0</coordinates></LineString></Placemark><Placemark><name>Trabajado - Cuartel 1176 - Hilera 2134</name><Style><LineStyle><color>ff00ff00</color><width>3</width></LineStyle></Style><LineString><coordinates>-71.5080333,-35.5822299,0 -71.5081699,-35.5821666,0</coordinates></LineString></Placemark><Placemark><name>Trabajado - Cuartel 1176 - Hilera 2135</name><Style><LineStyle><color>ff00ff00</color><width>3</width></LineStyle></Style><LineString><coordinates>-71.5083683,-35.5823283,0 -71.509895,-35.58182,0</coordinates></LineString></Placemark><Placemark><name>Trabajado - Cuartel 1176 - Hilera 2208</name><Style><LineStyle><color>ff00ff00</color><width>3</width></LineStyle></Style><LineString><coordinates>-71.50802,-35.5822333,0 -71.508245,-35.5821916,0</coordinates></LineString></Placemark><Placemark><name>Trabajado - Cuartel 1176 - Hilera 2219</name><Style><LineStyle><color>ff00ff00</color><width>3</width></LineStyle></Style><LineString><coordinates>-71.5081249,-35.5825733,0 -71.5082833,-35.5823516,0</coordinates></LineString></Placemark><Placemark><name>Descartado (grupo chico) - Hilera 1190</name><Style><LineStyle><color>ff00ffff</color><width>3</width></LineStyle></Style><LineString><coordinates>-71.5047633,-35.5744483,0 -71.5048866,-35.57451,0</coordinates></LineString></Placemark><Placemark><name>Descartado (grupo chico) - Hilera 1193</name><Style><LineStyle><color>ff00ffff</color><width>3</width></LineStyle></Style><LineString><coordinates>-71.5043666,-35.5725216,0 -71.5044383,-35.57243,0</coordinates></LineString></Placemark><Placemark><name>Trabajado - Cuartel 1194 - Hilera 1194</name><Style><LineStyle><color>ff00ff00</color><width>3</width></LineStyle></Style><LineString><coordinates>-71.5044383,-35.57243,0 -71.5046183,-35.5725516,0</coordinates></LineString></Placemark><Placemark><name>Trabajado - Cuartel 1194 - Hilera 1203</name><Style><LineStyle><color>ff00ff00</color><width>3</width></LineStyle></Style><LineString><coordinates>-71.5047666,-35.572365,0 -71.5049133,-35.5725,0</coordinates></LineString></Placemark><Placemark><name>Trabajado - Cuartel 1194 - Hilera 1223</name><Style><LineStyle><color>ff00ff00</color><width>3</width></LineStyle></Style><LineString><coordinates>-71.5050466,-35.5722366,0 -71.5051466,-35.572295,0</coordinates></LineString></Placemark><Placemark><name>Trabajado - Cuartel 1194 - Hilera 1229</name><Style><LineStyle><color>ff00ff00</color><width>3</width></LineStyle></Style><LineString><coordinates>-71.50531,-35.5720799,0 -71.5053983,-35.5721366,0</coordinates></LineString></Placemark><Placemark><name>Trabajado - Cuartel 1194 - Hilera 1251</name><Style><LineStyle><color>ff00ff00</color><width>3</width></LineStyle></Style><LineString><coordinates>-71.5054266,-35.571785,0 -71.5055066,-35.5718483,0</coordinates></LineString></Placemark><Placemark><name>Descartado (grupo chico) - Hilera 1195</name><Style><LineStyle><color>ff00ffff</color><width>3</width></LineStyle></Style><LineString><coordinates>-71.5046183,-35.5725516,0 -71.505625,-35.5757483,0</coordinates></LineString></Placemark><Placemark><name>Descartado (grupo chico) - Hilera 1201</name><Style><LineStyle><color>ff00ffff</color><width>3</width></LineStyle></Style><LineString><coordinates>-71.50601,-35.57636,0 -71.5047283,-35.5723766,0</coordinates></LineString></Placemark><Placemark><name>Descartado (grupo chico) - Hilera 1196</name><Style><LineStyle><color>ff00ffff</color><width>3</width></LineStyle></Style><LineString><coordinates>-71.5056183,-35.5756583,0 -71.5055783,-35.5757433,0</coordinates></LineString></Placemark><Placemark><name>Descartado (grupo chico) - Hilera 1200</name><Style><LineStyle><color>ff00ffff</color><width>3</width></LineStyle></Style><LineString><coordinates>-71.50594,-35.57629,0 -71.50601,-35.57636,0</coordinates></LineString></Placemark><Placemark><name>Descartado (grupo chico) - Hilera 1213</name><Style><LineStyle><color>ff00ffff</color><width>3</width></LineStyle></Style><LineString><coordinates>-71.5062466,-35.5763233,0 -71.5061333,-35.5763266,0</coordinates></LineString></Placemark><Placemark><name>Descartado (grupo chico) - Hilera 1214</name><Style><LineStyle><color>ff00ffff</color><width>3</width></LineStyle></Style><LineString><coordinates>-71.5061333,-35.5763266,0 -71.5057766,-35.5766783,0</coordinates></LineString></Placemark><Placemark><name>Descartado (grupo chico) - Hilera 1221</name><Style><LineStyle><color>ff00ffff</color><width>3</width></LineStyle></Style><LineString><coordinates>-71.5063333,-35.5784416,0 -71.50737402079963,-35.57801578070681,0</coordinates></LineString></Placemark><Placemark><name>Descartado (grupo chico) - Hilera 1245</name><Style><LineStyle><color>ff00ffff</color><width>3</width></LineStyle></Style><LineString><coordinates>-71.50633,-35.578465,0 -71.5074366,-35.5780716,0</coordinates></LineString></Placemark><Placemark><name>Descartado (grupo chico) - Hilera 1338</name><Style><LineStyle><color>ff00ffff</color><width>3</width></LineStyle></Style><LineString><coordinates>-71.506395,-35.5784283,0 -71.5079849,-35.5779666,0</coordinates></LineString></Placemark><Placemark><name>Descartado (grupo chico) - Hilera 1228</name><Style><LineStyle><color>ff00ffff</color><width>3</width></LineStyle></Style><LineString><coordinates>-71.5051666,-35.5713966,0 -71.50531,-35.5720799,0</coordinates></LineString></Placemark><Placemark><name>Descartado (grupo chico) - Hilera 1249</name><Style><LineStyle><color>ff00ffff</color><width>3</width></LineStyle></Style><LineString><coordinates>-71.5053283,-35.5712683,0 -71.50553841051259,-35.57193262431251,0</coordinates></LineString></Placemark><Placemark><name>Descartado (grupo chico) - Hilera 1250</name><Style><LineStyle><color>ff00ffff</color><width>3</width></LineStyle></Style><LineString><coordinates>-71.5054,-35.571495,0 -71.5054266,-35.571785,0</coordinates></LineString></Placemark><Placemark><name>Descartado (grupo chico) - Hilera 1248</name><Style><LineStyle><color>ff00ffff</color><width>3</width></LineStyle></Style><LineString><coordinates>-71.5052533,-35.57136,0 -71.5053283,-35.5712683,0</coordinates></LineString></Placemark><Placemark><name>Descartado (grupo chico) - Hilera 1252</name><Style><LineStyle><color>ff00ffff</color><width>3</width></LineStyle></Style><LineString><coordinates>-71.50549885852368,-35.571849039657586,0 -71.50573,-35.5734683,0</coordinates></LineString></Placemark><Placemark><name>Descartado (grupo chico) - Hilera 1279</name><Style><LineStyle><color>ff00ffff</color><width>3</width></LineStyle></Style><LineString><coordinates>-71.50663,-35.5741266,0 -71.5057916,-35.5708883,0</coordinates></LineString></Placemark><Placemark><name>Descartado (grupo chico) - Hilera 1283</name><Style><LineStyle><color>ff00ffff</color><width>3</width></LineStyle></Style><LineString><coordinates>-71.505765,-35.571135,0 -71.5063616,-35.5732183,0</coordinates></LineString></Placemark><Placemark><name>Descartado (grupo chico) - Hilera 1255</name><Style><LineStyle><color>ff00ffff</color><width>3</width></LineStyle></Style><LineString><coordinates>-71.5065483,-35.5754083,0 -71.5066716,-35.5754066,0</coordinates></LineString></Placemark><Placemark><name>Descartado (grupo chico) - Hilera 1257</name><Style><LineStyle><color>ff00ffff</color><width>3</width></LineStyle></Style><LineString><coordinates>-71.5068133,-35.5760549,0 -71.50697,-35.5760466,0</coordinates></LineString></Placemark><Placemark><name>Descartado (grupo chico) - Hilera 1258</name><Style><LineStyle><color>ff00ffff</color><width>3</width></LineStyle></Style><LineString><coordinates>-71.507035,-35.576065,0 -71.5069616,-35.5761083,0</coordinates></LineString></Placemark><Placemark><name>Descartado (grupo chico) - Hilera 1270</name><Style><LineStyle><color>ff00ffff</color><width>3</width></LineStyle></Style><LineString><coordinates>-71.50791,-35.5781183,0 -71.5073533,-35.5762516,0</coordinates></LineString></Placemark><Placemark><name>Descartado (grupo chico) - Hilera 1275</name><Style><LineStyle><color>ff00ffff</color><width>3</width></LineStyle></Style><LineString><coordinates>-71.50762996450938,-35.57510675395051,0 -71.5070266,-35.5747999,0</coordinates></LineString></Placemark><Placemark><name>Descartado (grupo chico) - Hilera 1280</name><Style><LineStyle><color>ff00ffff</color><width>3</width></LineStyle></Style><LineString><coordinates>-71.5057916,-35.5708883,0 -71.5059183,-35.5706583,0</coordinates></LineString></Placemark><Placemark><name>Descartado (grupo chico) - Hilera 1281</name><Style><LineStyle><color>ff00ffff</color><width>3</width></LineStyle></Style><LineString><coordinates>-71.5059116,-35.5706016,0 -71.5058016,-35.5705916,0</coordinates></LineString></Placemark><Placemark><name>Descartado (grupo chico) - Hilera 1282</name><Style><LineStyle><color>ff00ffff</color><width>3</width></LineStyle></Style><LineString><coordinates>-71.5057366,-35.5705933,0 -71.505765,-35.571135,0</coordinates></LineString></Placemark><Placemark><name>Descartado (grupo chico) - Hilera 1340</name><Style><LineStyle><color>ff00ffff</color><width>3</width></LineStyle></Style><LineString><coordinates>-71.5057066,-35.5700949,0 -71.5059484247124,-35.57076042410385,0</coordinates></LineString></Placemark><Placemark><name>Descartado (grupo chico) - Hilera 1384</name><Style><LineStyle><color>ff00ffff</color><width>3</width></LineStyle></Style><LineString><coordinates>-71.506305,-35.5698933,0 -71.50657116480906,-35.57071121664338,0</coordinates></LineString></Placemark><Placemark><name>Descartado (grupo chico) - Hilera 1385</name><Style><LineStyle><color>ff00ffff</color><width>3</width></LineStyle></Style><LineString><coordinates>-71.5065616,-35.5707133,0 -71.5065,-35.5706383,0</coordinates></LineString></Placemark><Placemark><name>Descartado (grupo chico) - Hilera 1284</name><Style><LineStyle><color>ff00ffff</color><width>3</width></LineStyle></Style><LineString><coordinates>-71.5063683,-35.5732033,0 -71.5065016,-35.5732049,0</coordinates></LineString></Placemark><Placemark><name>Descartado (grupo chico) - Hilera 1285</name><Style><LineStyle><color>ff00ffff</color><width>3</width></LineStyle></Style><LineString><coordinates>-71.5065016,-35.5732049,0 -71.5065883,-35.5733683,0</coordinates></LineString></Placemark><Placemark><name>Descartado (grupo chico) - Hilera 1299</name><Style><LineStyle><color>ff00ffff</color><width>3</width></LineStyle></Style><LineString><coordinates>-71.5076733,-35.5768349,0 -71.5075883,-35.5767649,0</coordinates></LineString></Placemark><Placemark><name>Descartado (grupo chico) - Hilera 1301</name><Style><LineStyle><color>ff00ffff</color><width>3</width></LineStyle></Style><LineString><coordinates>-71.5074633,-35.5762883,0 -71.50722,-35.5761599,0</coordinates></LineString></Placemark><Placemark><name>Descartado (grupo chico) - Hilera 1303</name><Style><LineStyle><color>ff00ffff</color><width>3</width></LineStyle></Style><LineString><coordinates>-71.5066333,-35.5738183,0 -71.5051866,-35.5744249,0</coordinates></LineString></Placemark><Placemark><name>Descartado (grupo chico) - Hilera 1347</name><Style><LineStyle><color>ff00ffff</color><width>3</width></LineStyle></Style><LineString><coordinates>-71.5077583,-35.5757983,0 -71.5078949,-35.5758516,0</coordinates></LineString></Placemark><Placemark><name>Descartado (grupo chico) - Hilera 1425</name><Style><LineStyle><color>ff00ffff</color><width>3</width></LineStyle></Style><LineString><coordinates>-71.5083949,-35.5756233,0 -71.5083183,-35.57556,0</coordinates></LineString></Placemark><Placemark><name>Descartado (grupo chico) - Hilera 1386</name><Style><LineStyle><color>ff00ffff</color><width>3</width></LineStyle></Style><LineString><coordinates>-71.5065,-35.5706383,0 -71.50795509321885,-35.57533018985316,0</coordinates></LineString></Placemark><Placemark><name>Descartado (grupo chico) - Hilera 1387</name><Style><LineStyle><color>ff00ffff</color><width>3</width></LineStyle></Style><LineString><coordinates>-71.507475,-35.573795,0 -71.5075383,-35.5737416,0</coordinates></LineString></Placemark><Placemark><name>Descartado (grupo chico) - Hilera 1391</name><Style><LineStyle><color>ff00ffff</color><width>3</width></LineStyle></Style><LineString><coordinates>-71.5070749,-35.5741333,0 -71.5076483,-35.5742716,0</coordinates></LineString></Placemark><Placemark><name>Descartado (grupo chico) - Hilera 1392</name><Style><LineStyle><color>ff00ffff</color><width>3</width></LineStyle></Style><LineString><coordinates>-71.5079483,-35.5753316,0 -71.5078083,-35.575385,0</coordinates></LineString></Placemark><Placemark><name>Descartado (grupo chico) - Hilera 1476</name><Style><LineStyle><color>ff00ffff</color><width>3</width></LineStyle></Style><LineString><coordinates>-71.5095666,-35.5752833,0 -71.5063583,-35.57622,0</coordinates></LineString></Placemark><Placemark><name>Descartado (grupo chico) - Hilera 1394</name><Style><LineStyle><color>ff00ffff</color><width>3</width></LineStyle></Style><LineString><coordinates>-71.507805,-35.5755666,0 -71.50872682670811,-35.57777956634956,0</coordinates></LineString></Placemark><Placemark><name>Descartado (grupo chico) - Hilera 1402</name><Style><LineStyle><color>ff00ffff</color><width>3</width></LineStyle></Style><LineString><coordinates>-71.5084683,-35.5762933,0 -71.5083633,-35.576155,0</coordinates></LineString></Placemark><Placemark><name>Descartado (grupo chico) - Hilera 1405</name><Style><LineStyle><color>ff00ffff</color><width>3</width></LineStyle></Style><LineString><coordinates>-71.50570049226198,-35.580674832154,0 -71.5056233,-35.5805233,0</coordinates></LineString></Placemark><Placemark><name>Trabajado - Cuartel 1414 - Hilera 1414</name><Style><LineStyle><color>ff00ff00</color><width>3</width></LineStyle></Style><LineString><coordinates>-71.506505,-35.5697299,0 -71.5067733,-35.5695083,0</coordinates></LineString></Placemark><Placemark><name>Trabajado - Cuartel 1414 - Hilera 1440</name><Style><LineStyle><color>ff00ff00</color><width>3</width></LineStyle></Style><LineString><coordinates>-71.50704,-35.5694516,0 -71.5071583,-35.5693066,0</coordinates></LineString></Placemark><Placemark><name>Trabajado - Cuartel 1414 - Hilera 1481</name><Style><LineStyle><color>ff00ff00</color><width>3</width></LineStyle></Style><LineString><coordinates>-71.5075833,-35.569205,0 -71.5076983,-35.5689916,0</coordinates></LineString></Placemark><Placemark><name>Trabajado - Cuartel 1414 - Hilera 1496</name><Style><LineStyle><color>ff00ff00</color><width>3</width></LineStyle></Style><LineString><coordinates>-71.507645,-35.5690383,0 -71.5075633,-35.5690983,0</coordinates></LineString></Placemark><Placemark><name>Trabajado - Cuartel 1414 - Hilera 1516</name><Style><LineStyle><color>ff00ff00</color><width>3</width></LineStyle></Style><LineString><coordinates>-71.5081483,-35.5689666,0 -71.5081883,-35.5687433,0</coordinates></LineString></Placemark><Placemark><name>Trabajado - Cuartel 1415 - Hilera 1415</name><Style><LineStyle><color>ff00ff00</color><width>3</width></LineStyle></Style><LineString><coordinates>-71.5067733,-35.5695083,0 -71.5068566,-35.5695866,0</coordinates></LineString></Placemark><Placemark><name>Trabajado - Cuartel 1415 - Hilera 1426</name><Style><LineStyle><color>ff00ff00</color><width>3</width></LineStyle></Style><LineString><coordinates>-71.506575,-35.5697016,0 -71.50648,-35.5696566,0</coordinates></LineString></Placemark><Placemark><name>Trabajado - Cuartel 1415 - Hilera 1428</name><Style><LineStyle><color>ff00ff00</color><width>3</width></LineStyle></Style><LineString><coordinates>-71.50671,-35.569575,0 -71.5068133,-35.5696083,0</coordinates></LineString></Placemark><Placemark><name>Trabajado - Cuartel 1415 - Hilera 1466</name><Style><LineStyle><color>ff00ff00</color><width>3</width></LineStyle></Style><LineString><coordinates>-71.5071733,-35.569295,0 -71.5073366,-35.569355,0</coordinates></LineString></Placemark><Placemark><name>Trabajado - Cuartel 1415 - Hilera 1482</name><Style><LineStyle><color>ff00ff00</color><width>3</width></LineStyle></Style><LineString><coordinates>-71.5076983,-35.5689916,0 -71.5079066,-35.56914,0</coordinates></LineString></Placemark><Placemark><name>Trabajado - Cuartel 1415 - Hilera 1518</name><Style><LineStyle><color>ff00ff00</color><width>3</width></LineStyle></Style><LineString><coordinates>-71.508105,-35.5687866,0 -71.5082583,-35.5689083,0</coordinates></LineString></Placemark><Placemark><name>Trabajado - Cuartel 1415 - Hilera 1542</name><Style><LineStyle><color>ff00ff00</color><width>3</width></LineStyle></Style><LineString><coordinates>-71.5084016,-35.5687066,0 -71.5085333,-35.5688,0</coordinates></LineString></Placemark><Placemark><name>Trabajado - Cuartel 1415 - Hilera 1586</name><Style><LineStyle><color>ff00ff00</color><width>3</width></LineStyle></Style><LineString><coordinates>-71.5088716,-35.5684449,0 -71.50901,-35.5685516,0</coordinates></LineString></Placemark><Placemark><name>Trabajado - Cuartel 1415 - Hilera 1625</name><Style><LineStyle><color>ff00ff00</color><width>3</width></LineStyle></Style><LineString><coordinates>-71.5091849,-35.568335,0 -71.5090949,-35.5682833,0</coordinates></LineString></Placemark><Placemark><name>Trabajado - Cuartel 1415 - Hilera 1626</name><Style><LineStyle><color>ff00ff00</color><width>3</width></LineStyle></Style><LineString><coordinates>-71.5090949,-35.5682833,0 -71.5093316,-35.5684733,0</coordinates></LineString></Placemark><Placemark><name>Descartado (grupo chico) - Hilera 1422</name><Style><LineStyle><color>ff00ffff</color><width>3</width></LineStyle></Style><LineString><coordinates>-71.5095783,-35.5796383,0 -71.5096066,-35.5795683,0</coordinates></LineString></Placemark><Placemark><name>Descartado (grupo chico) - Hilera 1427</name><Style><LineStyle><color>ff00ffff</color><width>3</width></LineStyle></Style><LineString><coordinates>-71.50648,-35.5696566,0 -71.50671,-35.569575,0</coordinates></LineString></Placemark><Placemark><name>Trabajado - Cuartel 1429 - Hilera 1429</name><Style><LineStyle><color>ff00ff00</color><width>3</width></LineStyle></Style><LineString><coordinates>-71.5068133,-35.5696083,0 -71.50738994244507,-35.57161798456107,0</coordinates></LineString></Placemark><Placemark><name>Trabajado - Cuartel 1429 - Hilera 1468</name><Style><LineStyle><color>ff00ff00</color><width>3</width></LineStyle></Style><LineString><coordinates>-71.50746,-35.5697016,0 -71.5080216,-35.5714033,0</coordinates></LineString></Placemark><Placemark><name>Trabajado - Cuartel 1429 - Hilera 1480</name><Style><LineStyle><color>ff00ff00</color><width>3</width></LineStyle></Style><LineString><coordinates>-71.5082683,-35.5713183,0 -71.5075833,-35.569205,0</coordinates></LineString></Placemark><Placemark><name>Trabajado - Cuartel 1429 - Hilera 1515</name><Style><LineStyle><color>ff00ff00</color><width>3</width></LineStyle></Style><LineString><coordinates>-71.5087949,-35.5710516,0 -71.5081483,-35.5689666,0</coordinates></LineString></Placemark><Placemark><name>Trabajado - Cuartel 1429 - Hilera 1519</name><Style><LineStyle><color>ff00ff00</color><width>3</width></LineStyle></Style><LineString><coordinates>-71.5082583,-35.5689083,0 -71.50893311221259,-35.57116204175853,0</coordinates></LineString></Placemark><Placemark><name>Trabajado - Cuartel 1429 - Hilera 1541</name><Style><LineStyle><color>ff00ff00</color><width>3</width></LineStyle></Style><LineString><coordinates>-71.5091583,-35.5709933,0 -71.5084016,-35.5687066,0</coordinates></LineString></Placemark><Placemark><name>Trabajado - Cuartel 1429 - Hilera 1543</name><Style><LineStyle><color>ff00ff00</color><width>3</width></LineStyle></Style><LineString><coordinates>-71.5085333,-35.5688,0 -71.50880298956254,-35.56972924394372,0</coordinates></LineString></Placemark><Placemark><name>Trabajado - Cuartel 1429 - Hilera 1560</name><Style><LineStyle><color>ff00ff00</color><width>3</width></LineStyle></Style><LineString><coordinates>-71.5094116,-35.5708516,0 -71.5086766,-35.5685333,0</coordinates></LineString></Placemark><Placemark><name>Trabajado - Cuartel 1429 - Hilera 1564</name><Style><LineStyle><color>ff00ff00</color><width>3</width></LineStyle></Style><LineString><coordinates>-71.508695,-35.5684816,0 -71.5092066,-35.5700816,0</coordinates></LineString></Placemark><Placemark><name>Trabajado - Cuartel 1429 - Hilera 1566</name><Style><LineStyle><color>ff00ff00</color><width>3</width></LineStyle></Style><LineString><coordinates>-71.5092316,-35.5698216,0 -71.50928385807713,-35.57009289407468,0</coordinates></LineString></Placemark><Placemark><name>Trabajado - Cuartel 1429 - Hilera 1588</name><Style><LineStyle><color>ff00ff00</color><width>3</width></LineStyle></Style><LineString><coordinates>-71.5090966,-35.56872,0 -71.5097699,-35.57093,0</coordinates></LineString></Placemark><Placemark><name>Trabajado - Cuartel 1429 - Hilera 1624</name><Style><LineStyle><color>ff00ff00</color><width>3</width></LineStyle></Style><LineString><coordinates>-71.50997,-35.570715,0 -71.5091849,-35.568335,0</coordinates></LineString></Placemark><Placemark><name>Trabajado - Cuartel 1429 - Hilera 1639</name><Style><LineStyle><color>ff00ff00</color><width>3</width></LineStyle></Style><LineString><coordinates>-71.5101,-35.5706516,0 -71.5093666,-35.5682599,0</coordinates></LineString></Placemark><Placemark><name>Trabajado - Cuartel 1429 - Hilera 1641</name><Style><LineStyle><color>ff00ff00</color><width>3</width></LineStyle></Style><LineString><coordinates>-71.509315,-35.5683266,0 -71.510015,-35.5705716,0</coordinates></LineString></Placemark><Placemark><name>Trabajado - Cuartel 1429 - Hilera 1643</name><Style><LineStyle><color>ff00ff00</color><width>3</width></LineStyle></Style><LineString><coordinates>-71.51019944970082,-35.57074340473007,0 -71.509445,-35.56809,0</coordinates></LineString></Placemark><Placemark><name>Trabajado - Cuartel 1429 - Hilera 1653</name><Style><LineStyle><color>ff00ff00</color><width>3</width></LineStyle></Style><LineString><coordinates>-71.5103,-35.5698566,0 -71.509675,-35.5680183,0</coordinates></LineString></Placemark><Placemark><name>Trabajado - Cuartel 1429 - Hilera 1655</name><Style><LineStyle><color>ff00ff00</color><width>3</width></LineStyle></Style><LineString><coordinates>-71.50979,-35.5680366,0 -71.5105516,-35.570325,0</coordinates></LineString></Placemark><Placemark><name>Trabajado - Cuartel 1429 - Hilera 1678</name><Style><LineStyle><color>ff00ff00</color><width>3</width></LineStyle></Style><LineString><coordinates>-71.5108949,-35.5705216,0 -71.51027,-35.56809,0</coordinates></LineString></Placemark><Placemark><name>Trabajado - Cuartel 1430 - Hilera 1430</name><Style><LineStyle><color>ff00ff00</color><width>3</width></LineStyle></Style><LineString><coordinates>-71.5073677066364,-35.57152970433033,0 -71.50800221738108,-35.57364187561944,0</coordinates></LineString></Placemark><Placemark><name>Trabajado - Cuartel 1430 - Hilera 1438</name><Style><LineStyle><color>ff00ff00</color><width>3</width></LineStyle></Style><LineString><coordinates>-71.50919,-35.57658,0 -71.50702603071726,-35.56945443956552,0</coordinates></LineString></Placemark><Placemark><name>Trabajado - Cuartel 1430 - Hilera 1439</name><Style><LineStyle><color>ff00ff00</color><width>3</width></LineStyle></Style><LineString><coordinates>-71.5080783,-35.5727483,0 -71.5080183,-35.5726716,0</coordinates></LineString></Placemark><Placemark><name>Trabajado - Cuartel 1430 - Hilera 1443</name><Style><LineStyle><color>ff00ff00</color><width>3</width></LineStyle></Style><LineString><coordinates>-71.5085616,-35.5729766,0 -71.5086416,-35.5734266,0</coordinates></LineString></Placemark><Placemark><name>Trabajado - Cuartel 1430 - Hilera 1461</name><Style><LineStyle><color>ff00ff00</color><width>3</width></LineStyle></Style><LineString><coordinates>-71.5086683,-35.5734166,0 -71.5086466,-35.573505,0</coordinates></LineString></Placemark><Placemark><name>Trabajado - Cuartel 1430 - Hilera 1465</name><Style><LineStyle><color>ff00ff00</color><width>3</width></LineStyle></Style><LineString><coordinates>-71.508965,-35.57551,0 -71.5070966,-35.5693983,0</coordinates></LineString></Placemark><Placemark><name>Trabajado - Cuartel 1430 - Hilera 1483</name><Style><LineStyle><color>ff00ff00</color><width>3</width></LineStyle></Style><LineString><coordinates>-71.5079066,-35.56914,0 -71.50975226563395,-35.57524217268036,0</coordinates></LineString></Placemark><Placemark><name>Trabajado - Cuartel 1430 - Hilera 1495</name><Style><LineStyle><color>ff00ff00</color><width>3</width></LineStyle></Style><LineString><coordinates>-71.5095333,-35.5753133,0 -71.507645,-35.5690383,0</coordinates></LineString></Placemark><Placemark><name>Trabajado - Cuartel 1430 - Hilera 1499</name><Style><LineStyle><color>ff00ff00</color><width>3</width></LineStyle></Style><LineString><coordinates>-71.5092166,-35.5731883,0 -71.5092366,-35.5733,0</coordinates></LineString></Placemark><Placemark><name>Trabajado - Cuartel 1430 - Hilera 1514</name><Style><LineStyle><color>ff00ff00</color><width>3</width></LineStyle></Style><LineString><coordinates>-71.509575,-35.5732916,0 -71.50877370446193,-35.5710094291637,0</coordinates></LineString></Placemark><Placemark><name>Trabajado - Cuartel 1430 - Hilera 1520</name><Style><LineStyle><color>ff00ff00</color><width>3</width></LineStyle></Style><LineString><coordinates>-71.5088883,-35.571135,0 -71.5101766,-35.5750916,0</coordinates></LineString></Placemark><Placemark><name>Trabajado - Cuartel 1430 - Hilera 1546</name><Style><LineStyle><color>ff00ff00</color><width>3</width></LineStyle></Style><LineString><coordinates>-71.5095066,-35.5721016,0 -71.509855,-35.5730499,0</coordinates></LineString></Placemark><Placemark><name>Trabajado - Cuartel 1430 - Hilera 1547</name><Style><LineStyle><color>ff00ff00</color><width>3</width></LineStyle></Style><LineString><coordinates>-71.50988606539632,-35.57311998106423,0 -71.5097666,-35.5729166,0</coordinates></LineString></Placemark><Placemark><name>Trabajado - Cuartel 1430 - Hilera 1549</name><Style><LineStyle><color>ff00ff00</color><width>3</width></LineStyle></Style><LineString><coordinates>-71.509925,-35.5731033,0 -71.50996,-35.573445,0</coordinates></LineString></Placemark><Placemark><name>Trabajado - Cuartel 1430 - Hilera 1558</name><Style><LineStyle><color>ff00ff00</color><width>3</width></LineStyle></Style><LineString><coordinates>-71.5102033,-35.5736883,0 -71.5093783,-35.5708183,0</coordinates></LineString></Placemark><Placemark><name>Trabajado - Cuartel 1430 - Hilera 1573</name><Style><LineStyle><color>ff00ff00</color><width>3</width></LineStyle></Style><LineString><coordinates>-71.5114716,-35.5768966,0 -71.50888099982282,-35.568442971930686,0</coordinates></LineString></Placemark><Placemark><name>Trabajado - Cuartel 1430 - Hilera 1577</name><Style><LineStyle><color>ff00ff00</color><width>3</width></LineStyle></Style><LineString><coordinates>-71.5102533,-35.5728333,0 -71.5102133,-35.5727433,0</coordinates></LineString></Placemark><Placemark><name>Trabajado - Cuartel 1430 - Hilera 1622</name><Style><LineStyle><color>ff00ff00</color><width>3</width></LineStyle></Style><LineString><coordinates>-71.5111666,-35.5747816,0 -71.5098966,-35.5707083,0</coordinates></LineString></Placemark><Placemark><name>Trabajado - Cuartel 1430 - Hilera 1628</name><Style><LineStyle><color>ff00ff00</color><width>3</width></LineStyle></Style><LineString><coordinates>-71.5104,-35.571985,0 -71.51059554345179,-35.572777602791334,0</coordinates></LineString></Placemark><Placemark><name>Trabajado - Cuartel 1430 - Hilera 1636</name><Style><LineStyle><color>ff00ff00</color><width>3</width></LineStyle></Style><LineString><coordinates>-71.5108216,-35.5727083,0 -71.5108066,-35.5725033,0</coordinates></LineString></Placemark><Placemark><name>Trabajado - Cuartel 1430 - Hilera 1650</name><Style><LineStyle><color>ff00ff00</color><width>3</width></LineStyle></Style><LineString><coordinates>-71.5111766,-35.57267,0 -71.5111316,-35.5726,0</coordinates></LineString></Placemark><Placemark><name>Trabajado - Cuartel 1430 - Hilera 1662</name><Style><LineStyle><color>ff00ff00</color><width>3</width></LineStyle></Style><LineString><coordinates>-71.5113983,-35.5724933,0 -71.5113883,-35.572575,0</coordinates></LineString></Placemark><Placemark><name>Trabajado - Cuartel 1430 - Hilera 1667</name><Style><LineStyle><color>ff00ff00</color><width>3</width></LineStyle></Style><LineString><coordinates>-71.51024,-35.5681983,0 -71.5127299,-35.5763516,0</coordinates></LineString></Placemark><Placemark><name>Trabajado - Cuartel 1430 - Hilera 1682</name><Style><LineStyle><color>ff00ff00</color><width>3</width></LineStyle></Style><LineString><coordinates>-71.5129133,-35.5761333,0 -71.5104416,-35.5680699,0</coordinates></LineString></Placemark><Placemark><name>Trabajado - Cuartel 1430 - Hilera 1684</name><Style><LineStyle><color>ff00ff00</color><width>3</width></LineStyle></Style><LineString><coordinates>-71.5106116,-35.5679433,0 -71.51303829602651,-35.57578523222722,0</coordinates></LineString></Placemark><Placemark><name>Trabajado - Cuartel 1430 - Hilera 1689</name><Style><LineStyle><color>ff00ff00</color><width>3</width></LineStyle></Style><LineString><coordinates>-71.513325,-35.5755583,0 -71.5110233,-35.56777,0</coordinates></LineString></Placemark><Placemark><name>Descartado (grupo chico) - Hilera 1436</name><Style><LineStyle><color>ff00ffff</color><width>3</width></LineStyle></Style><LineString><coordinates>-71.5098899,-35.5787366,0 -71.5100083,-35.5786633,0</coordinates></LineString></Placemark><Placemark><name>Trabajado - Cuartel 1441 - Hilera 1441</name><Style><LineStyle><color>ff00ff00</color><width>3</width></LineStyle></Style><LineString><coordinates>-71.5071583,-35.5693066,0 -71.5073483,-35.5692449,0</coordinates></LineString></Placemark><Placemark><name>Trabajado - Cuartel 1441 - Hilera 1497</name><Style><LineStyle><color>ff00ff00</color><width>3</width></LineStyle></Style><LineString><coordinates>-71.5075633,-35.5690983,0 -71.5078766,-35.5689983,0</coordinates></LineString></Placemark><Placemark><name>Trabajado - Cuartel 1441 - Hilera 1517</name><Style><LineStyle><color>ff00ff00</color><width>3</width></LineStyle></Style><LineString><coordinates>-71.5082099,-35.56875,0 -71.508105,-35.5687866,0</coordinates></LineString></Placemark><Placemark><name>Trabajado - Cuartel 1441 - Hilera 1562</name><Style><LineStyle><color>ff00ff00</color><width>3</width></LineStyle></Style><LineString><coordinates>-71.50883,-35.568465,0 -71.5085016,-35.5685983,0</coordinates></LineString></Placemark><Placemark><name>Trabajado - Cuartel 1441 - Hilera 1563</name><Style><LineStyle><color>ff00ff00</color><width>3</width></LineStyle></Style><LineString><coordinates>-71.5085016,-35.5685983,0 -71.508695,-35.5684816,0</coordinates></LineString></Placemark><Placemark><name>Descartado (grupo chico) - Hilera 1442</name><Style><LineStyle><color>ff00ffff</color><width>3</width></LineStyle></Style><LineString><coordinates>-71.5073483,-35.5692449,0 -71.50856047624242,-35.57297684431434,0</coordinates></LineString></Placemark><Placemark><name>Descartado (grupo chico) - Hilera 1469</name><Style><LineStyle><color>ff00ffff</color><width>3</width></LineStyle></Style><LineString><coordinates>-71.5080016,-35.5713733,0 -71.5080149,-35.5714733,0</coordinates></LineString></Placemark><Placemark><name>Descartado (grupo chico) - Hilera 1498</name><Style><LineStyle><color>ff00ffff</color><width>3</width></LineStyle></Style><LineString><coordinates>-71.5078766,-35.5689983,0 -71.5092449,-35.5732216,0</coordinates></LineString></Placemark><Placemark><name>Descartado (grupo chico) - Hilera 1444</name><Style><LineStyle><color>ff00ffff</color><width>3</width></LineStyle></Style><LineString><coordinates>-71.5086533,-35.5733366,0 -71.5085383,-35.5733783,0</coordinates></LineString></Placemark><Placemark><name>Descartado (grupo chico) - Hilera 1445</name><Style><LineStyle><color>ff00ffff</color><width>3</width></LineStyle></Style><LineString><coordinates>-71.5085133,-35.5734666,0 -71.51039688561985,-35.57934645907614,0</coordinates></LineString></Placemark><Placemark><name>Descartado (grupo chico) - Hilera 1457</name><Style><LineStyle><color>ff00ffff</color><width>3</width></LineStyle></Style><LineString><coordinates>-71.5096966,-35.5764416,0 -71.50935,-35.57543,0</coordinates></LineString></Placemark><Placemark><name>Descartado (grupo chico) - Hilera 1462</name><Style><LineStyle><color>ff00ffff</color><width>3</width></LineStyle></Style><LineString><coordinates>-71.5086466,-35.573505,0 -71.5103649872754,-35.57889857393493,0</coordinates></LineString></Placemark><Placemark><name>Descartado (grupo chico) - Hilera 1454</name><Style><LineStyle><color>ff00ffff</color><width>3</width></LineStyle></Style><LineString><coordinates>-71.5096516,-35.57756,0 -71.5097166,-35.57739,0</coordinates></LineString></Placemark><Placemark><name>Descartado (grupo chico) - Hilera 1455</name><Style><LineStyle><color>ff00ffff</color><width>3</width></LineStyle></Style><LineString><coordinates>-71.5097733,-35.5773699,0 -71.5099166,-35.5773866,0</coordinates></LineString></Placemark><Placemark><name>Descartado (grupo chico) - Hilera 1458</name><Style><LineStyle><color>ff00ffff</color><width>3</width></LineStyle></Style><LineString><coordinates>-71.50935,-35.57543,0 -71.5087616,-35.5734,0</coordinates></LineString></Placemark><Placemark><name>Descartado (grupo chico) - Hilera 1470</name><Style><LineStyle><color>ff00ffff</color><width>3</width></LineStyle></Style><LineString><coordinates>-71.5080149,-35.5714733,0 -71.50954407857483,-35.57651111010408,0</coordinates></LineString></Placemark><Placemark><name>Descartado (grupo chico) - Hilera 1459</name><Style><LineStyle><color>ff00ffff</color><width>3</width></LineStyle></Style><LineString><coordinates>-71.5087616,-35.5734,0 -71.5086716,-35.5733983,0</coordinates></LineString></Placemark><Placemark><name>Descartado (grupo chico) - Hilera 1460</name><Style><LineStyle><color>ff00ffff</color><width>3</width></LineStyle></Style><LineString><coordinates>-71.5087333,-35.57335,0 -71.5086683,-35.5734166,0</coordinates></LineString></Placemark><Placemark><name>Descartado (grupo chico) - Hilera 1467</name><Style><LineStyle><color>ff00ffff</color><width>3</width></LineStyle></Style><LineString><coordinates>-71.5073366,-35.569355,0 -71.50746,-35.5697016,0</coordinates></LineString></Placemark><Placemark><name>Descartado (grupo chico) - Hilera 1471</name><Style><LineStyle><color>ff00ffff</color><width>3</width></LineStyle></Style><LineString><coordinates>-71.5096516,-35.5765316,0 -71.50954,-35.5765383,0</coordinates></LineString></Placemark><Placemark><name>Descartado (grupo chico) - Hilera 1473</name><Style><LineStyle><color>ff00ffff</color><width>3</width></LineStyle></Style><LineString><coordinates>-71.5103883,-35.5793483,0 -71.5104716,-35.5794233,0</coordinates></LineString></Placemark><Placemark><name>Descartado (grupo chico) - Hilera 1475</name><Style><LineStyle><color>ff00ffff</color><width>3</width></LineStyle></Style><LineString><coordinates>-71.5094566,-35.5752983,0 -71.5095666,-35.5752833,0</coordinates></LineString></Placemark><Placemark><name>Descartado (grupo chico) - Hilera 1492</name><Style><LineStyle><color>ff00ffff</color><width>3</width></LineStyle></Style><LineString><coordinates>-71.509585,-35.5751716,0 -71.5094733,-35.5751749,0</coordinates></LineString></Placemark><Placemark><name>Descartado (grupo chico) - Hilera 1711</name><Style><LineStyle><color>ff00ffff</color><width>3</width></LineStyle></Style><LineString><coordinates>-71.5134116,-35.57416,0 -71.5057666,-35.5765,0</coordinates></LineString></Placemark><Placemark><name>Descartado (grupo chico) - Hilera 1726</name><Style><LineStyle><color>ff00ffff</color><width>3</width></LineStyle></Style><LineString><coordinates>-71.5057383,-35.576455,0 -71.51351,-35.5740583,0</coordinates></LineString></Placemark><Placemark><name>Trabajado - Cuartel 1479 - Hilera 1479</name><Style><LineStyle><color>ff00ff00</color><width>3</width></LineStyle></Style><LineString><coordinates>-71.5106816,-35.5793216,0 -71.5082233,-35.571235,0</coordinates></LineString></Placemark><Placemark><name>Trabajado - Cuartel 1479 - Hilera 1484</name><Style><LineStyle><color>ff00ff00</color><width>3</width></LineStyle></Style><LineString><coordinates>-71.509725,-35.5751766,0 -71.509825,-35.575335,0</coordinates></LineString></Placemark><Placemark><name>Trabajado - Cuartel 1479 - Hilera 1491</name><Style><LineStyle><color>ff00ff00</color><width>3</width></LineStyle></Style><LineString><coordinates>-71.5095266,-35.5752499,0 -71.509585,-35.5751716,0</coordinates></LineString></Placemark><Placemark><name>Trabajado - Cuartel 1479 - Hilera 1494</name><Style><LineStyle><color>ff00ff00</color><width>3</width></LineStyle></Style><LineString><coordinates>-71.509565,-35.5752266,0 -71.5095333,-35.5753133,0</coordinates></LineString></Placemark><Placemark><name>Trabajado - Cuartel 1479 - Hilera 1500</name><Style><LineStyle><color>ff00ff00</color><width>3</width></LineStyle></Style><LineString><coordinates>-71.5092583,-35.5732933,0 -71.51048,-35.577465,0</coordinates></LineString></Placemark><Placemark><name>Trabajado - Cuartel 1479 - Hilera 1513</name><Style><LineStyle><color>ff00ff00</color><width>3</width></LineStyle></Style><LineString><coordinates>-71.5107183,-35.577255,0 -71.5094699,-35.5732916,0</coordinates></LineString></Placemark><Placemark><name>Trabajado - Cuartel 1479 - Hilera 1521</name><Style><LineStyle><color>ff00ff00</color><width>3</width></LineStyle></Style><LineString><coordinates>-71.5101766,-35.5750916,0 -71.5101683,-35.575275,0</coordinates></LineString></Placemark><Placemark><name>Trabajado - Cuartel 1479 - Hilera 1540</name><Style><LineStyle><color>ff00ff00</color><width>3</width></LineStyle></Style><LineString><coordinates>-71.510935,-35.576965,0 -71.509115,-35.570935,0</coordinates></LineString></Placemark><Placemark><name>Trabajado - Cuartel 1479 - Hilera 1550</name><Style><LineStyle><color>ff00ff00</color><width>3</width></LineStyle></Style><LineString><coordinates>-71.5099016,-35.57346,0 -71.5107916,-35.5761766,0</coordinates></LineString></Placemark><Placemark><name>Trabajado - Cuartel 1479 - Hilera 1557</name><Style><LineStyle><color>ff00ff00</color><width>3</width></LineStyle></Style><LineString><coordinates>-71.5112683,-35.57693,0 -71.51024551827535,-35.57367634703707,0</coordinates></LineString></Placemark><Placemark><name>Trabajado - Cuartel 1479 - Hilera 1567</name><Style><LineStyle><color>ff00ff00</color><width>3</width></LineStyle></Style><LineString><coordinates>-71.5092683,-35.5700949,0 -71.5117933,-35.5784633,0</coordinates></LineString></Placemark><Placemark><name>Trabajado - Cuartel 1479 - Hilera 1593</name><Style><LineStyle><color>ff00ff00</color><width>3</width></LineStyle></Style><LineString><coordinates>-71.51074,-35.5744966,0 -71.5108466,-35.5746616,0</coordinates></LineString></Placemark><Placemark><name>Trabajado - Cuartel 1479 - Hilera 1598</name><Style><LineStyle><color>ff00ff00</color><width>3</width></LineStyle></Style><LineString><coordinates>-71.5110033,-35.57539,0 -71.5111716,-35.5756933,0</coordinates></LineString></Placemark><Placemark><name>Trabajado - Cuartel 1479 - Hilera 1599</name><Style><LineStyle><color>ff00ff00</color><width>3</width></LineStyle></Style><LineString><coordinates>-71.5112116,-35.57572,0 -71.5112599,-35.5760983,0</coordinates></LineString></Placemark><Placemark><name>Trabajado - Cuartel 1479 - Hilera 1621</name><Style><LineStyle><color>ff00ff00</color><width>3</width></LineStyle></Style><LineString><coordinates>-71.5111949,-35.5748666,0 -71.5111616,-35.5746899,0</coordinates></LineString></Placemark><Placemark><name>Trabajado - Cuartel 1479 - Hilera 1629</name><Style><LineStyle><color>ff00ff00</color><width>3</width></LineStyle></Style><LineString><coordinates>-71.51068,-35.5727733,0 -71.511925,-35.5769633,0</coordinates></LineString></Placemark><Placemark><name>Trabajado - Cuartel 1479 - Hilera 1635</name><Style><LineStyle><color>ff00ff00</color><width>3</width></LineStyle></Style><LineString><coordinates>-71.5121083,-35.5774816,0 -71.5107866,-35.5726116,0</coordinates></LineString></Placemark><Placemark><name>Trabajado - Cuartel 1479 - Hilera 1645</name><Style><LineStyle><color>ff00ff00</color><width>3</width></LineStyle></Style><LineString><coordinates>-71.5112616,-35.57375,0 -71.5122166,-35.57692,0</coordinates></LineString></Placemark><Placemark><name>Trabajado - Cuartel 1479 - Hilera 1648</name><Style><LineStyle><color>ff00ff00</color><width>3</width></LineStyle></Style><LineString><coordinates>-71.5123283,-35.5766683,0 -71.5118183,-35.5749033,0</coordinates></LineString></Placemark><Placemark><name>Trabajado - Cuartel 1479 - Hilera 1660</name><Style><LineStyle><color>ff00ff00</color><width>3</width></LineStyle></Style><LineString><coordinates>-71.5126116,-35.5765066,0 -71.5121483,-35.574715,0</coordinates></LineString></Placemark><Placemark><name>Descartado (grupo chico) - Hilera 1489</name><Style><LineStyle><color>ff00ffff</color><width>3</width></LineStyle></Style><LineString><coordinates>-71.51072,-35.5786616,0 -71.5105616,-35.5786216,0</coordinates></LineString></Placemark><Placemark><name>Descartado (grupo chico) - Hilera 1493</name><Style><LineStyle><color>ff00ffff</color><width>3</width></LineStyle></Style><LineString><coordinates>-71.5094733,-35.5751749,0 -71.509565,-35.5752266,0</coordinates></LineString></Placemark><Placemark><name>Descartado (grupo chico) - Hilera 1503</name><Style><LineStyle><color>ff00ffff</color><width>3</width></LineStyle></Style><LineString><coordinates>-71.5106933,-35.5776283,0 -71.5105833,-35.5776466,0</coordinates></LineString></Placemark><Placemark><name>Descartado (grupo chico) - Hilera 1533</name><Style><LineStyle><color>ff00ffff</color><width>3</width></LineStyle></Style><LineString><coordinates>-71.510915,-35.5770749,0 -71.5067166,-35.5782733,0</coordinates></LineString></Placemark><Placemark><name>Descartado (grupo chico) - Hilera 1539</name><Style><LineStyle><color>ff00ffff</color><width>3</width></LineStyle></Style><LineString><coordinates>-71.5063999,-35.5784183,0 -71.510965,-35.5770633,0</coordinates></LineString></Placemark><Placemark><name>Descartado (grupo chico) - Hilera 1759</name><Style><LineStyle><color>ff00ffff</color><width>3</width></LineStyle></Style><LineString><coordinates>-71.51258253572271,-35.57655656549263,0 -71.50500739704995,-35.578849243492435,0</coordinates></LineString></Placemark><Placemark><name>Trabajado - Cuartel 1544 - Hilera 1544</name><Style><LineStyle><color>ff00ff00</color><width>3</width></LineStyle></Style><LineString><coordinates>-71.50877702582875,-35.569600815391624,0 -71.509535,-35.57201,0</coordinates></LineString></Placemark><Placemark><name>Trabajado - Cuartel 1544 - Hilera 1589</name><Style><LineStyle><color>ff00ff00</color><width>3</width></LineStyle></Style><LineString><coordinates>-71.5097133,-35.57085,0 -71.5097216,-35.5709366,0</coordinates></LineString></Placemark><Placemark><name>Trabajado - Cuartel 1544 - Hilera 1590</name><Style><LineStyle><color>ff00ff00</color><width>3</width></LineStyle></Style><LineString><coordinates>-71.5097133,-35.5709,0 -71.5101183,-35.5720633,0</coordinates></LineString></Placemark><Placemark><name>Trabajado - Cuartel 1544 - Hilera 1637</name><Style><LineStyle><color>ff00ff00</color><width>3</width></LineStyle></Style><LineString><coordinates>-71.5108066,-35.5725033,0 -71.5101716,-35.5706166,0</coordinates></LineString></Placemark><Placemark><name>Trabajado - Cuartel 1544 - Hilera 1644</name><Style><LineStyle><color>ff00ff00</color><width>3</width></LineStyle></Style><LineString><coordinates>-71.509445,-35.56809,0 -71.51126106034705,-35.57375011589514,0</coordinates></LineString></Placemark><Placemark><name>Trabajado - Cuartel 1544 - Hilera 1651</name><Style><LineStyle><color>ff00ff00</color><width>3</width></LineStyle></Style><LineString><coordinates>-71.5111633,-35.572615,0 -71.51026303627128,-35.56977393731237,0</coordinates></LineString></Placemark><Placemark><name>Trabajado - Cuartel 1544 - Hilera 1656</name><Style><LineStyle><color>ff00ff00</color><width>3</width></LineStyle></Style><LineString><coordinates>-71.5105516,-35.570325,0 -71.5106133,-35.5706266,0</coordinates></LineString></Placemark><Placemark><name>Trabajado - Cuartel 1544 - Hilera 1665</name><Style><LineStyle><color>ff00ff00</color><width>3</width></LineStyle></Style><LineString><coordinates>-71.5113883,-35.5724833,0 -71.5101016,-35.568185,0</coordinates></LineString></Placemark><Placemark><name>Trabajado - Cuartel 1544 - Hilera 1680</name><Style><LineStyle><color>ff00ff00</color><width>3</width></LineStyle></Style><LineString><coordinates>-71.51042,-35.5682283,0 -71.51191,-35.5730933,0</coordinates></LineString></Placemark><Placemark><name>Descartado (grupo chico) - Hilera 1545</name><Style><LineStyle><color>ff00ffff</color><width>3</width></LineStyle></Style><LineString><coordinates>-71.509535,-35.57201,0 -71.5094766,-35.5721283,0</coordinates></LineString></Placemark><Placemark><name>Descartado (grupo chico) - Hilera 1548</name><Style><LineStyle><color>ff00ffff</color><width>3</width></LineStyle></Style><LineString><coordinates>-71.5098333,-35.573105,0 -71.5099166,-35.57306,0</coordinates></LineString></Placemark><Placemark><name>Descartado (grupo chico) - Hilera 1574</name><Style><LineStyle><color>ff00ffff</color><width>3</width></LineStyle></Style><LineString><coordinates>-71.5102683,-35.57297,0 -71.5103033,-35.5728816,0</coordinates></LineString></Placemark><Placemark><name>Descartado (grupo chico) - Hilera 1575</name><Style><LineStyle><color>ff00ffff</color><width>3</width></LineStyle></Style><LineString><coordinates>-71.5102416,-35.5728733,0 -71.5101133,-35.5728583,0</coordinates></LineString></Placemark><Placemark><name>Descartado (grupo chico) - Hilera 1576</name><Style><LineStyle><color>ff00ffff</color><width>3</width></LineStyle></Style><LineString><coordinates>-71.5101133,-35.5728583,0 -71.5102533,-35.5728333,0</coordinates></LineString></Placemark><Placemark><name>Descartado (grupo chico) - Hilera 1578</name><Style><LineStyle><color>ff00ffff</color><width>3</width></LineStyle></Style><LineString><coordinates>-71.5102133,-35.5727433,0 -71.5101716,-35.5728566,0</coordinates></LineString></Placemark><Placemark><name>Descartado (grupo chico) - Hilera 1579</name><Style><LineStyle><color>ff00ffff</color><width>3</width></LineStyle></Style><LineString><coordinates>-71.51011,-35.5728366,0 -71.5102249,-35.5726583,0</coordinates></LineString></Placemark><Placemark><name>Descartado (grupo chico) - Hilera 1580</name><Style><LineStyle><color>ff00ffff</color><width>3</width></LineStyle></Style><LineString><coordinates>-71.5098966,-35.5728533,0 -71.5102066,-35.5727916,0</coordinates></LineString></Placemark><Placemark><name>Descartado (grupo chico) - Hilera 1581</name><Style><LineStyle><color>ff00ffff</color><width>3</width></LineStyle></Style><LineString><coordinates>-71.51013,-35.5727833,0 -71.5102683,-35.5728399,0</coordinates></LineString></Placemark><Placemark><name>Descartado (grupo chico) - Hilera 1582</name><Style><LineStyle><color>ff00ffff</color><width>3</width></LineStyle></Style><LineString><coordinates>-71.5103066,-35.5728,0 -71.510195,-35.5728066,0</coordinates></LineString></Placemark><Placemark><name>Descartado (grupo chico) - Hilera 1583</name><Style><LineStyle><color>ff00ffff</color><width>3</width></LineStyle></Style><LineString><coordinates>-71.510201016938,-35.57282216923766,0 -71.5102733,-35.5727516,0</coordinates></LineString></Placemark><Placemark><name>Descartado (grupo chico) - Hilera 1559</name><Style><LineStyle><color>ff00ffff</color><width>3</width></LineStyle></Style><LineString><coordinates>-71.50941807353634,-35.570917869969605,0 -71.509275,-35.5707866,0</coordinates></LineString></Placemark><Placemark><name>Descartado (grupo chico) - Hilera 1561</name><Style><LineStyle><color>ff00ffff</color><width>3</width></LineStyle></Style><LineString><coordinates>-71.5086733,-35.5686583,0 -71.50883,-35.568465,0</coordinates></LineString></Placemark><Placemark><name>Descartado (grupo chico) - Hilera 1565</name><Style><LineStyle><color>ff00ffff</color><width>3</width></LineStyle></Style><LineString><coordinates>-71.5091766,-35.5699,0 -71.5092316,-35.5698216,0</coordinates></LineString></Placemark><Placemark><name>Descartado (grupo chico) - Hilera 1584</name><Style><LineStyle><color>ff00ffff</color><width>3</width></LineStyle></Style><LineString><coordinates>-71.5093716,-35.5701383,0 -71.5094033,-35.57005,0</coordinates></LineString></Placemark><Placemark><name>Descartado (grupo chico) - Hilera 1585</name><Style><LineStyle><color>ff00ffff</color><width>3</width></LineStyle></Style><LineString><coordinates>-71.5094033,-35.57005,0 -71.5093216,-35.5699883,0</coordinates></LineString></Placemark><Placemark><name>Descartado (grupo chico) - Hilera 1587</name><Style><LineStyle><color>ff00ffff</color><width>3</width></LineStyle></Style><LineString><coordinates>-71.50901,-35.5685516,0 -71.5090966,-35.56872,0</coordinates></LineString></Placemark><Placemark><name>Descartado (grupo chico) - Hilera 1591</name><Style><LineStyle><color>ff00ffff</color><width>3</width></LineStyle></Style><LineString><coordinates>-71.5101333,-35.5720633,0 -71.51104862673655,-35.57526928782177,0</coordinates></LineString></Placemark><Placemark><name>Descartado (grupo chico) - Hilera 1592</name><Style><LineStyle><color>ff00ffff</color><width>3</width></LineStyle></Style><LineString><coordinates>-71.5108166,-35.5744566,0 -71.51074,-35.5744966,0</coordinates></LineString></Placemark><Placemark><name>Descartado (grupo chico) - Hilera 1594</name><Style><LineStyle><color>ff00ffff</color><width>3</width></LineStyle></Style><LineString><coordinates>-71.510975,-35.5749566,0 -71.5110116,-35.5748733,0</coordinates></LineString></Placemark><Placemark><name>Descartado (grupo chico) - Hilera 1596</name><Style><LineStyle><color>ff00ffff</color><width>3</width></LineStyle></Style><LineString><coordinates>-71.5108916,-35.574805,0 -71.5109483,-35.5747216,0</coordinates></LineString></Placemark><Placemark><name>Descartado (grupo chico) - Hilera 1597</name><Style><LineStyle><color>ff00ffff</color><width>3</width></LineStyle></Style><LineString><coordinates>-71.5110449,-35.57527,0 -71.5110033,-35.57539,0</coordinates></LineString></Placemark><Placemark><name>Descartado (grupo chico) - Hilera 1595</name><Style><LineStyle><color>ff00ffff</color><width>3</width></LineStyle></Style><LineString><coordinates>-71.5110116,-35.5748733,0 -71.5109366,-35.5748333,0</coordinates></LineString></Placemark><Placemark><name>Descartado (grupo chico) - Hilera 1613</name><Style><LineStyle><color>ff00ffff</color><width>3</width></LineStyle></Style><LineString><coordinates>-71.5117366,-35.5786683,0 -71.5116416,-35.5786616,0</coordinates></LineString></Placemark><Placemark><name>Descartado (grupo chico) - Hilera 1847</name><Style><LineStyle><color>ff00ffff</color><width>3</width></LineStyle></Style><LineString><coordinates>-71.51143978297436,-35.57896047059465,0 -71.51168936120312,-35.579008744913565,0</coordinates></LineString></Placemark><Placemark><name>Descartado (grupo chico) - Hilera 2118</name><Style><LineStyle><color>ff00ffff</color><width>3</width></LineStyle></Style><LineString><coordinates>-71.5116566,-35.5790316,0 -71.5113799,-35.5789816,0</coordinates></LineString></Placemark><Placemark><name>Descartado (grupo chico) - Hilera 2130</name><Style><LineStyle><color>ff00ffff</color><width>3</width></LineStyle></Style><LineString><coordinates>-71.5116533,-35.579035,0 -71.5113883,-35.5789583,0</coordinates></LineString></Placemark><Placemark><name>Descartado (grupo chico) - Hilera 1623</name><Style><LineStyle><color>ff00ffff</color><width>3</width></LineStyle></Style><LineString><coordinates>-71.5099233,-35.5707983,0 -71.50997,-35.570715,0</coordinates></LineString></Placemark><Placemark><name>Descartado (grupo chico) - Hilera 1627</name><Style><LineStyle><color>ff00ffff</color><width>3</width></LineStyle></Style><LineString><coordinates>-71.5093316,-35.5684733,0 -71.5104416,-35.57206,0</coordinates></LineString></Placemark><Placemark><name>Descartado (grupo chico) - Hilera 1632</name><Style><LineStyle><color>ff00ffff</color><width>3</width></LineStyle></Style><LineString><coordinates>-71.5120583,-35.5773783,0 -71.5121616,-35.5773916,0</coordinates></LineString></Placemark><Placemark><name>Descartado (grupo chico) - Hilera 2177</name><Style><LineStyle><color>ff00ffff</color><width>3</width></LineStyle></Style><LineString><coordinates>-71.51303,-35.5770749,0 -71.5128466,-35.5770833,0</coordinates></LineString></Placemark><Placemark><name>Descartado (grupo chico) - Hilera 2181</name><Style><LineStyle><color>ff00ffff</color><width>3</width></LineStyle></Style><LineString><coordinates>-71.5125983,-35.5773933,0 -71.51272,-35.5773916,0</coordinates></LineString></Placemark><Placemark><name>Descartado (grupo chico) - Hilera 2214</name><Style><LineStyle><color>ff00ffff</color><width>3</width></LineStyle></Style><LineString><coordinates>-71.512345,-35.577445,0 -71.512525,-35.5774583,0</coordinates></LineString></Placemark><Placemark><name>Descartado (grupo chico) - Hilera 1634</name><Style><LineStyle><color>ff00ffff</color><width>3</width></LineStyle></Style><LineString><coordinates>-71.51213,-35.5775,0 -71.5120416,-35.577555,0</coordinates></LineString></Placemark><Placemark><name>Descartado (grupo chico) - Hilera 1638</name><Style><LineStyle><color>ff00ffff</color><width>3</width></LineStyle></Style><LineString><coordinates>-71.5101833,-35.5707066,0 -71.5101,-35.5706516,0</coordinates></LineString></Placemark><Placemark><name>Descartado (grupo chico) - Hilera 1642</name><Style><LineStyle><color>ff00ffff</color><width>3</width></LineStyle></Style><LineString><coordinates>-71.510015,-35.5705716,0 -71.51018,-35.570675,0</coordinates></LineString></Placemark><Placemark><name>Descartado (grupo chico) - Hilera 1640</name><Style><LineStyle><color>ff00ffff</color><width>3</width></LineStyle></Style><LineString><coordinates>-71.50929676615532,-35.568309372268104,0 -71.5094983,-35.5681666,0</coordinates></LineString></Placemark><Placemark><name>Trabajado - Cuartel 1649 - Hilera 1649</name><Style><LineStyle><color>ff00ff00</color><width>3</width></LineStyle></Style><LineString><coordinates>-71.511845,-35.5748933,0 -71.5111033,-35.57254,0</coordinates></LineString></Placemark><Placemark><name>Trabajado - Cuartel 1649 - Hilera 1657</name><Style><LineStyle><color>ff00ff00</color><width>3</width></LineStyle></Style><LineString><coordinates>-71.5106033,-35.5706066,0 -71.51242916237914,-35.57659084004886,0</coordinates></LineString></Placemark><Placemark><name>Trabajado - Cuartel 1649 - Hilera 1661</name><Style><LineStyle><color>ff00ff00</color><width>3</width></LineStyle></Style><LineString><coordinates>-71.5121483,-35.574715,0 -71.5113983,-35.5724933,0</coordinates></LineString></Placemark><Placemark><name>Trabajado - Cuartel 1649 - Hilera 1677</name><Style><LineStyle><color>ff00ff00</color><width>3</width></LineStyle></Style><LineString><coordinates>-71.5126933,-35.5763733,0 -71.51087,-35.57041,0</coordinates></LineString></Placemark><Placemark><name>Trabajado - Cuartel 1649 - Hilera 1685</name><Style><LineStyle><color>ff00ff00</color><width>3</width></LineStyle></Style><LineString><coordinates>-71.5130399,-35.5757849,0 -71.5114033,-35.5702666,0</coordinates></LineString></Placemark><Placemark><name>Trabajado - Cuartel 1649 - Hilera 1688</name><Style><LineStyle><color>ff00ff00</color><width>3</width></LineStyle></Style><LineString><coordinates>-71.5116383,-35.57026,0 -71.513325,-35.5755583,0</coordinates></LineString></Placemark><Placemark><name>Trabajado - Cuartel 1649 - Hilera 1692</name><Style><LineStyle><color>ff00ff00</color><width>3</width></LineStyle></Style><LineString><coordinates>-71.5125683,-35.5721566,0 -71.5125566,-35.5722583,0</coordinates></LineString></Placemark><Placemark><name>Trabajado - Cuartel 1649 - Hilera 1694</name><Style><LineStyle><color>ff00ff00</color><width>3</width></LineStyle></Style><LineString><coordinates>-71.5135616,-35.5752766,0 -71.5119933,-35.57012,0</coordinates></LineString></Placemark><Placemark><name>Trabajado - Cuartel 1649 - Hilera 1705</name><Style><LineStyle><color>ff00ff00</color><width>3</width></LineStyle></Style><LineString><coordinates>-71.5122616,-35.5701683,0 -71.51407159735977,-35.57620166717092,0</coordinates></LineString></Placemark><Placemark><name>Trabajado - Cuartel 1649 - Hilera 1727</name><Style><LineStyle><color>ff00ff00</color><width>3</width></LineStyle></Style><LineString><coordinates>-71.5135216,-35.5740316,0 -71.5123083,-35.5700433,0</coordinates></LineString></Placemark><Placemark><name>Trabajado - Cuartel 1649 - Hilera 1731</name><Style><LineStyle><color>ff00ff00</color><width>3</width></LineStyle></Style><LineString><coordinates>-71.5125183,-35.57005,0 -71.5139159874639,-35.574573075075456,0</coordinates></LineString></Placemark><Placemark><name>Trabajado - Cuartel 1649 - Hilera 1732</name><Style><LineStyle><color>ff00ff00</color><width>3</width></LineStyle></Style><LineString><coordinates>-71.5139149,-35.5745733,0 -71.5126166,-35.5700533,0</coordinates></LineString></Placemark><Placemark><name>Trabajado - Cuartel 1649 - Hilera 1751</name><Style><LineStyle><color>ff00ff00</color><width>3</width></LineStyle></Style><LineString><coordinates>-71.5135016,-35.5718833,0 -71.5135416,-35.57202,0</coordinates></LineString></Placemark><Placemark><name>Trabajado - Cuartel 1649 - Hilera 1753</name><Style><LineStyle><color>ff00ff00</color><width>3</width></LineStyle></Style><LineString><coordinates>-71.5143683,-35.5740966,0 -71.51311,-35.5697433,0</coordinates></LineString></Placemark><Placemark><name>Trabajado - Cuartel 1649 - Hilera 1758</name><Style><LineStyle><color>ff00ff00</color><width>3</width></LineStyle></Style><LineString><coordinates>-71.5130366,-35.5699366,0 -71.5124833,-35.5765866,0</coordinates></LineString></Placemark><Placemark><name>Trabajado - Cuartel 1649 - Hilera 1766</name><Style><LineStyle><color>ff00ff00</color><width>3</width></LineStyle></Style><LineString><coordinates>-71.5144749,-35.57399,0 -71.5133899,-35.5696866,0</coordinates></LineString></Placemark><Placemark><name>Trabajado - Cuartel 1649 - Hilera 1778</name><Style><LineStyle><color>ff00ff00</color><width>3</width></LineStyle></Style><LineString><coordinates>-71.5149116,-35.5737616,0 -71.5137149,-35.5696166,0</coordinates></LineString></Placemark><Placemark><name>Trabajado - Cuartel 1649 - Hilera 1792</name><Style><LineStyle><color>ff00ff00</color><width>3</width></LineStyle></Style><LineString><coordinates>-71.5137783,-35.5689416,0 -71.5152066,-35.5736266,0</coordinates></LineString></Placemark><Placemark><name>Descartado (grupo chico) - Hilera 1652</name><Style><LineStyle><color>ff00ffff</color><width>3</width></LineStyle></Style><LineString><coordinates>-71.51026,-35.5698583,0 -71.5102816,-35.56977,0</coordinates></LineString></Placemark><Placemark><name>Descartado (grupo chico) - Hilera 1654</name><Style><LineStyle><color>ff00ffff</color><width>3</width></LineStyle></Style><LineString><coordinates>-71.509675,-35.5680183,0 -71.50979,-35.5680366,0</coordinates></LineString></Placemark><Placemark><name>Descartado (grupo chico) - Hilera 1658</name><Style><LineStyle><color>ff00ffff</color><width>3</width></LineStyle></Style><LineString><coordinates>-71.51161,-35.5737516,0 -71.5115633,-35.5738166,0</coordinates></LineString></Placemark><Placemark><name>Descartado (grupo chico) - Hilera 1663</name><Style><LineStyle><color>ff00ffff</color><width>3</width></LineStyle></Style><LineString><coordinates>-71.5113883,-35.572575,0 -71.5114816,-35.5724833,0</coordinates></LineString></Placemark><Placemark><name>Descartado (grupo chico) - Hilera 1664</name><Style><LineStyle><color>ff00ffff</color><width>3</width></LineStyle></Style><LineString><coordinates>-71.5114816,-35.5724833,0 -71.5114,-35.5724383,0</coordinates></LineString></Placemark><Placemark><name>Trabajado - Cuartel 1666 - Hilera 1666</name><Style><LineStyle><color>ff00ff00</color><width>3</width></LineStyle></Style><LineString><coordinates>-71.5101016,-35.568185,0 -71.5101983,-35.568165,0</coordinates></LineString></Placemark><Placemark><name>Trabajado - Cuartel 1666 - Hilera 1683</name><Style><LineStyle><color>ff00ff00</color><width>3</width></LineStyle></Style><LineString><coordinates>-71.5104416,-35.5680699,0 -71.5106116,-35.5679433,0</coordinates></LineString></Placemark><Placemark><name>Trabajado - Cuartel 1666 - Hilera 1686</name><Style><LineStyle><color>ff00ff00</color><width>3</width></LineStyle></Style><LineString><coordinates>-71.5107416,-35.56786,0 -71.5109283,-35.5679133,0</coordinates></LineString></Placemark><Placemark><name>Trabajado - Cuartel 1666 - Hilera 1690</name><Style><LineStyle><color>ff00ff00</color><width>3</width></LineStyle></Style><LineString><coordinates>-71.5110233,-35.56777,0 -71.511235,-35.56777,0</coordinates></LineString></Placemark><Placemark><name>Trabajado - Cuartel 1666 - Hilera 1703</name><Style><LineStyle><color>ff00ff00</color><width>3</width></LineStyle></Style><LineString><coordinates>-71.5113266,-35.56785,0 -71.5114949,-35.5677216,0</coordinates></LineString></Placemark><Placemark><name>Trabajado - Cuartel 1666 - Hilera 1734</name><Style><LineStyle><color>ff00ff00</color><width>3</width></LineStyle></Style><LineString><coordinates>-71.5119033,-35.5676933,0 -71.5121366,-35.5676733,0</coordinates></LineString></Placemark><Placemark><name>Trabajado - Cuartel 1666 - Hilera 1740</name><Style><LineStyle><color>ff00ff00</color><width>3</width></LineStyle></Style><LineString><coordinates>-71.51218,-35.5676383,0 -71.512,-35.5676783,0</coordinates></LineString></Placemark><Placemark><name>Trabajado - Cuartel 1666 - Hilera 1742</name><Style><LineStyle><color>ff00ff00</color><width>3</width></LineStyle></Style><LineString><coordinates>-71.5119166,-35.5676516,0 -71.5100466,-35.5682333,0</coordinates></LineString></Placemark><Placemark><name>Trabajado - Cuartel 1666 - Hilera 1743</name><Style><LineStyle><color>ff00ff00</color><width>3</width></LineStyle></Style><LineString><coordinates>-71.51003,-35.5681666,0 -71.5108216,-35.56784,0</coordinates></LineString></Placemark><Placemark><name>Trabajado - Cuartel 1666 - Hilera 1745</name><Style><LineStyle><color>ff00ff00</color><width>3</width></LineStyle></Style><LineString><coordinates>-71.5108116,-35.5677483,0 -71.5107083,-35.5678133,0</coordinates></LineString></Placemark><Placemark><name>Trabajado - Cuartel 1666 - Hilera 1746</name><Style><LineStyle><color>ff00ff00</color><width>3</width></LineStyle></Style><LineString><coordinates>-71.5107083,-35.5678133,0 -71.5120566,-35.5676016,0</coordinates></LineString></Placemark><Placemark><name>Descartado (grupo chico) - Hilera 1669</name><Style><LineStyle><color>ff00ffff</color><width>3</width></LineStyle></Style><LineString><coordinates>-71.5125049,-35.5765916,0 -71.506435,-35.5783533,0</coordinates></LineString></Placemark><Placemark><name>Descartado (grupo chico) - Hilera 1679</name><Style><LineStyle><color>ff00ffff</color><width>3</width></LineStyle></Style><LineString><coordinates>-71.51027,-35.56809,0 -71.51042,-35.5682283,0</coordinates></LineString></Placemark><Placemark><name>Descartado (grupo chico) - Hilera 1681</name><Style><LineStyle><color>ff00ffff</color><width>3</width></LineStyle></Style><LineString><coordinates>-71.51186456785636,-35.572985453159525,0 -71.5129133,-35.5761333,0</coordinates></LineString></Placemark><Placemark><name>Trabajado - Cuartel 1687 - Hilera 1687</name><Style><LineStyle><color>ff00ff00</color><width>3</width></LineStyle></Style><LineString><coordinates>-71.5109283,-35.5679133,0 -71.51168,-35.5703699,0</coordinates></LineString></Placemark><Placemark><name>Trabajado - Cuartel 1687 - Hilera 1702</name><Style><LineStyle><color>ff00ff00</color><width>3</width></LineStyle></Style><LineString><coordinates>-71.51224,-35.5703016,0 -71.5113266,-35.56785,0</coordinates></LineString></Placemark><Placemark><name>Trabajado - Cuartel 1687 - Hilera 1704</name><Style><LineStyle><color>ff00ff00</color><width>3</width></LineStyle></Style><LineString><coordinates>-71.5114949,-35.5677216,0 -71.5122449,-35.5701483,0</coordinates></LineString></Placemark><Placemark><name>Trabajado - Cuartel 1687 - Hilera 1728</name><Style><LineStyle><color>ff00ff00</color><width>3</width></LineStyle></Style><LineString><coordinates>-71.5123466,-35.5701283,0 -71.5116049,-35.5678349,0</coordinates></LineString></Placemark><Placemark><name>Trabajado - Cuartel 1687 - Hilera 1730</name><Style><LineStyle><color>ff00ff00</color><width>3</width></LineStyle></Style><LineString><coordinates>-71.5117033,-35.5676616,0 -71.5125266,-35.5699933,0</coordinates></LineString></Placemark><Placemark><name>Trabajado - Cuartel 1687 - Hilera 1733</name><Style><LineStyle><color>ff00ff00</color><width>3</width></LineStyle></Style><LineString><coordinates>-71.5126116,-35.570065,0 -71.5119033,-35.5676933,0</coordinates></LineString></Placemark><Placemark><name>Descartado (grupo chico) - Hilera 1691</name><Style><LineStyle><color>ff00ffff</color><width>3</width></LineStyle></Style><LineString><coordinates>-71.511235,-35.56777,0 -71.5125916,-35.5722683,0</coordinates></LineString></Placemark><Placemark><name>Descartado (grupo chico) - Hilera 1695</name><Style><LineStyle><color>ff00ffff</color><width>3</width></LineStyle></Style><LineString><coordinates>-71.5120399,-35.5702066,0 -71.5120216,-35.5701133,0</coordinates></LineString></Placemark><Placemark><name>Descartado (grupo chico) - Hilera 1698</name><Style><LineStyle><color>ff00ffff</color><width>3</width></LineStyle></Style><LineString><coordinates>-71.5119833,-35.5703516,0 -71.5119366,-35.5702666,0</coordinates></LineString></Placemark><Placemark><name>Trabajado - Cuartel 1693 - Hilera 1693</name><Style><LineStyle><color>ff00ff00</color><width>3</width></LineStyle></Style><LineString><coordinates>-71.5125449,-35.572255,0 -71.51404952794863,-35.5767267063141,0</coordinates></LineString></Placemark><Placemark><name>Trabajado - Cuartel 1693 - Hilera 1707</name><Style><LineStyle><color>ff00ff00</color><width>3</width></LineStyle></Style><LineString><coordinates>-71.5137916,-35.5748866,0 -71.5134983,-35.5739683,0</coordinates></LineString></Placemark><Placemark><name>Trabajado - Cuartel 1693 - Hilera 1708</name><Style><LineStyle><color>ff00ff00</color><width>3</width></LineStyle></Style><LineString><coordinates>-71.513535,-35.57409,0 -71.513595,-35.5741666,0</coordinates></LineString></Placemark><Placemark><name>Trabajado - Cuartel 1693 - Hilera 1710</name><Style><LineStyle><color>ff00ff00</color><width>3</width></LineStyle></Style><LineString><coordinates>-71.5135133,-35.574225,0 -71.5134116,-35.57416,0</coordinates></LineString></Placemark><Placemark><name>Trabajado - Cuartel 1693 - Hilera 1737</name><Style><LineStyle><color>ff00ff00</color><width>3</width></LineStyle></Style><LineString><coordinates>-71.5142283,-35.5741533,0 -71.514135,-35.5739566,0</coordinates></LineString></Placemark><Placemark><name>Trabajado - Cuartel 1693 - Hilera 1738</name><Style><LineStyle><color>ff00ff00</color><width>3</width></LineStyle></Style><LineString><coordinates>-71.514135,-35.5739566,0 -71.51406,-35.5739066,0</coordinates></LineString></Placemark><Placemark><name>Trabajado - Cuartel 1693 - Hilera 1752</name><Style><LineStyle><color>ff00ff00</color><width>3</width></LineStyle></Style><LineString><coordinates>-71.51415,-35.5738916,0 -71.5143683,-35.5740966,0</coordinates></LineString></Placemark><Placemark><name>Trabajado - Cuartel 1693 - Hilera 1776</name><Style><LineStyle><color>ff00ff00</color><width>3</width></LineStyle></Style><LineString><coordinates>-71.5145433,-35.5738416,0 -71.5146266,-35.5739033,0</coordinates></LineString></Placemark><Placemark><name>Descartado (grupo chico) - Hilera 1696</name><Style><LineStyle><color>ff00ffff</color><width>3</width></LineStyle></Style><LineString><coordinates>-71.5120216,-35.5701133,0 -71.5118683,-35.5702466,0</coordinates></LineString></Placemark><Placemark><name>Descartado (grupo chico) - Hilera 1701</name><Style><LineStyle><color>ff00ffff</color><width>3</width></LineStyle></Style><LineString><coordinates>-71.5121416,-35.5703433,0 -71.51224,-35.5703016,0</coordinates></LineString></Placemark><Placemark><name>Descartado (grupo chico) - Hilera 1697</name><Style><LineStyle><color>ff00ffff</color><width>3</width></LineStyle></Style><LineString><coordinates>-71.5118683,-35.5702466,0 -71.5119883,-35.5702566,0</coordinates></LineString></Placemark><Placemark><name>Descartado (grupo chico) - Hilera 1700</name><Style><LineStyle><color>ff00ffff</color><width>3</width></LineStyle></Style><LineString><coordinates>-71.5120216,-35.570335,0 -71.5121416,-35.5703433,0</coordinates></LineString></Placemark><Placemark><name>Descartado (grupo chico) - Hilera 1699</name><Style><LineStyle><color>ff00ffff</color><width>3</width></LineStyle></Style><LineString><coordinates>-71.5119366,-35.5702666,0 -71.5120216,-35.570335,0</coordinates></LineString></Placemark><Placemark><name>Descartado (grupo chico) - Hilera 1706</name><Style><LineStyle><color>ff00ffff</color><width>3</width></LineStyle></Style><LineString><coordinates>-71.5136766,-35.574885,0 -71.5137916,-35.5748866,0</coordinates></LineString></Placemark><Placemark><name>Trabajado - Cuartel 1709 - Hilera 1709</name><Style><LineStyle><color>ff00ff00</color><width>3</width></LineStyle></Style><LineString><coordinates>-71.513595,-35.5741666,0 -71.5135133,-35.574225,0</coordinates></LineString></Placemark><Placemark><name>Trabajado - Cuartel 1709 - Hilera 1736</name><Style><LineStyle><color>ff00ff00</color><width>3</width></LineStyle></Style><LineString><coordinates>-71.5141599,-35.5742283,0 -71.5142283,-35.5741533,0</coordinates></LineString></Placemark><Placemark><name>Trabajado - Cuartel 1709 - Hilera 1775</name><Style><LineStyle><color>ff00ff00</color><width>3</width></LineStyle></Style><LineString><coordinates>-71.5146366,-35.573785,0 -71.5145433,-35.5738416,0</coordinates></LineString></Placemark><Placemark><name>Trabajado - Cuartel 1709 - Hilera 1777</name><Style><LineStyle><color>ff00ff00</color><width>3</width></LineStyle></Style><LineString><coordinates>-71.5146266,-35.5739033,0 -71.5149116,-35.5737616,0</coordinates></LineString></Placemark><Placemark><name>Trabajado - Cuartel 1709 - Hilera 1783</name><Style><LineStyle><color>ff00ff00</color><width>3</width></LineStyle></Style><LineString><coordinates>-71.5149616,-35.57375,0 -71.5144433,-35.5740299,0</coordinates></LineString></Placemark><Placemark><name>Trabajado - Cuartel 1709 - Hilera 1834</name><Style><LineStyle><color>ff00ff00</color><width>3</width></LineStyle></Style><LineString><coordinates>-71.5166483,-35.5731466,0 -71.514135,-35.5744983,0</coordinates></LineString></Placemark><Placemark><name>Trabajado - Cuartel 1709 - Hilera 1898</name><Style><LineStyle><color>ff00ff00</color><width>3</width></LineStyle></Style><LineString><coordinates>-71.51467,-35.57425,0 -71.5145983,-35.5743316,0</coordinates></LineString></Placemark><Placemark><name>Trabajado - Cuartel 1709 - Hilera 1902</name><Style><LineStyle><color>ff00ff00</color><width>3</width></LineStyle></Style><LineString><coordinates>-71.5144816,-35.5745333,0 -71.514425,-35.5746316,0</coordinates></LineString></Placemark><Placemark><name>Descartado (grupo chico) - Hilera 1729</name><Style><LineStyle><color>ff00ffff</color><width>3</width></LineStyle></Style><LineString><coordinates>-71.5116049,-35.5678349,0 -71.5117033,-35.5676616,0</coordinates></LineString></Placemark><Placemark><name>Trabajado - Cuartel 1735 - Hilera 1735</name><Style><LineStyle><color>ff00ff00</color><width>3</width></LineStyle></Style><LineString><coordinates>-71.5121366,-35.5676733,0 -71.51414108700266,-35.57423214839258,0</coordinates></LineString></Placemark><Placemark><name>Trabajado - Cuartel 1735 - Hilera 1739</name><Style><LineStyle><color>ff00ff00</color><width>3</width></LineStyle></Style><LineString><coordinates>-71.51406,-35.5739066,0 -71.5121616,-35.5676699,0</coordinates></LineString></Placemark><Placemark><name>Trabajado - Cuartel 1735 - Hilera 1748</name><Style><LineStyle><color>ff00ff00</color><width>3</width></LineStyle></Style><LineString><coordinates>-71.5122383,-35.5677466,0 -71.51414028102877,-35.57389361283456,0</coordinates></LineString></Placemark><Placemark><name>Trabajado - Cuartel 1735 - Hilera 1763</name><Style><LineStyle><color>ff00ff00</color><width>3</width></LineStyle></Style><LineString><coordinates>-71.5144016,-35.5740399,0 -71.5122583,-35.5669716,0</coordinates></LineString></Placemark><Placemark><name>Trabajado - Cuartel 1735 - Hilera 1765</name><Style><LineStyle><color>ff00ff00</color><width>3</width></LineStyle></Style><LineString><coordinates>-71.5122449,-35.5669649,0 -71.5144731737958,-35.57399036646397,0</coordinates></LineString></Placemark><Placemark><name>Trabajado - Cuartel 1735 - Hilera 1772</name><Style><LineStyle><color>ff00ff00</color><width>3</width></LineStyle></Style><LineString><coordinates>-71.5135166,-35.5697683,0 -71.5140166,-35.5715266,0</coordinates></LineString></Placemark><Placemark><name>Trabajado - Cuartel 1735 - Hilera 1782</name><Style><LineStyle><color>ff00ff00</color><width>3</width></LineStyle></Style><LineString><coordinates>-71.5128883,-35.5669949,0 -71.5149616,-35.57375,0</coordinates></LineString></Placemark><Placemark><name>Trabajado - Cuartel 1735 - Hilera 1787</name><Style><LineStyle><color>ff00ff00</color><width>3</width></LineStyle></Style><LineString><coordinates>-71.5150199,-35.5736783,0 -71.51299200314287,-35.56707027128171,0</coordinates></LineString></Placemark><Placemark><name>Trabajado - Cuartel 1735 - Hilera 1794</name><Style><LineStyle><color>ff00ff00</color><width>3</width></LineStyle></Style><LineString><coordinates>-71.5152516,-35.5734399,0 -71.5133033,-35.5671316,0</coordinates></LineString></Placemark><Placemark><name>Trabajado - Cuartel 1735 - Hilera 1796</name><Style><LineStyle><color>ff00ff00</color><width>3</width></LineStyle></Style><LineString><coordinates>-71.5134716,-35.5669516,0 -71.51550999753907,-35.573466503133005,0</coordinates></LineString></Placemark><Placemark><name>Trabajado - Cuartel 1735 - Hilera 1800</name><Style><LineStyle><color>ff00ff00</color><width>3</width></LineStyle></Style><LineString><coordinates>-71.5149533,-35.5714533,0 -71.5139033,-35.5679849,0</coordinates></LineString></Placemark><Placemark><name>Trabajado - Cuartel 1735 - Hilera 1806</name><Style><LineStyle><color>ff00ff00</color><width>3</width></LineStyle></Style><LineString><coordinates>-71.513835,-35.5670183,0 -71.51585559251002,-35.57339703321791,0</coordinates></LineString></Placemark><Placemark><name>Trabajado - Cuartel 1735 - Hilera 1809</name><Style><LineStyle><color>ff00ff00</color><width>3</width></LineStyle></Style><LineString><coordinates>-71.5150483,-35.5707049,0 -71.5146816,-35.5692533,0</coordinates></LineString></Placemark><Placemark><name>Trabajado - Cuartel 1735 - Hilera 1813</name><Style><LineStyle><color>ff00ff00</color><width>3</width></LineStyle></Style><LineString><coordinates>-71.5142733,-35.567255,0 -71.51608081359744,-35.57314708148075,0</coordinates></LineString></Placemark><Placemark><name>Trabajado - Cuartel 1735 - Hilera 1819</name><Style><LineStyle><color>ff00ff00</color><width>3</width></LineStyle></Style><LineString><coordinates>-71.5162,-35.57325,0 -71.51495797248572,-35.56922891800965,0</coordinates></LineString></Placemark><Placemark><name>Trabajado - Cuartel 1735 - Hilera 1824</name><Style><LineStyle><color>ff00ff00</color><width>3</width></LineStyle></Style><LineString><coordinates>-71.5155099,-35.5702583,0 -71.51575,-35.5708833,0</coordinates></LineString></Placemark><Placemark><name>Trabajado - Cuartel 1735 - Hilera 1825</name><Style><LineStyle><color>ff00ff00</color><width>3</width></LineStyle></Style><LineString><coordinates>-71.5157283,-35.5709049,0 -71.5159099,-35.571265,0</coordinates></LineString></Placemark><Placemark><name>Descartado (grupo chico) - Hilera 1741</name><Style><LineStyle><color>ff00ffff</color><width>3</width></LineStyle></Style><LineString><coordinates>-71.512,-35.5676783,0 -71.5119166,-35.5676516,0</coordinates></LineString></Placemark><Placemark><name>Descartado (grupo chico) - Hilera 1744</name><Style><LineStyle><color>ff00ffff</color><width>3</width></LineStyle></Style><LineString><coordinates>-71.5108216,-35.56784,0 -71.5108116,-35.5677483,0</coordinates></LineString></Placemark><Placemark><name>Descartado (grupo chico) - Hilera 1747</name><Style><LineStyle><color>ff00ffff</color><width>3</width></LineStyle></Style><LineString><coordinates>-71.5120566,-35.5676016,0 -71.5122383,-35.5677466,0</coordinates></LineString></Placemark><Placemark><name>Descartado (grupo chico) - Hilera 1749</name><Style><LineStyle><color>ff00ffff</color><width>3</width></LineStyle></Style><LineString><coordinates>-71.5134966,-35.5718133,0 -71.5136033,-35.571835,0</coordinates></LineString></Placemark><Placemark><name>Descartado (grupo chico) - Hilera 1750</name><Style><LineStyle><color>ff00ffff</color><width>3</width></LineStyle></Style><LineString><coordinates>-71.513605,-35.5718366,0 -71.5135016,-35.5718833,0</coordinates></LineString></Placemark><Placemark><name>Descartado (grupo chico) - Hilera 1754</name><Style><LineStyle><color>ff00ffff</color><width>3</width></LineStyle></Style><LineString><coordinates>-71.5131583,-35.5698549,0 -71.5131316,-35.56975,0</coordinates></LineString></Placemark><Placemark><name>Descartado (grupo chico) - Hilera 1756</name><Style><LineStyle><color>ff00ffff</color><width>3</width></LineStyle></Style><LineString><coordinates>-71.5130733,-35.5698366,0 -71.5131566,-35.5699566,0</coordinates></LineString></Placemark><Placemark><name>Descartado (grupo chico) - Hilera 1771</name><Style><LineStyle><color>ff00ffff</color><width>3</width></LineStyle></Style><LineString><coordinates>-71.51347,-35.5696716,0 -71.5135166,-35.5697683,0</coordinates></LineString></Placemark><Placemark><name>Descartado (grupo chico) - Hilera 1755</name><Style><LineStyle><color>ff00ffff</color><width>3</width></LineStyle></Style><LineString><coordinates>-71.5131316,-35.56975,0 -71.5130733,-35.5698366,0</coordinates></LineString></Placemark><Placemark><name>Descartado (grupo chico) - Hilera 1757</name><Style><LineStyle><color>ff00ffff</color><width>3</width></LineStyle></Style><LineString><coordinates>-71.5131566,-35.5699566,0 -71.5130466,-35.569905,0</coordinates></LineString></Placemark><Placemark><name>Descartado (grupo chico) - Hilera 1762</name><Style><LineStyle><color>ff00ffff</color><width>3</width></LineStyle></Style><LineString><coordinates>-71.512575,-35.5765399,0 -71.5144016,-35.5740399,0</coordinates></LineString></Placemark><Placemark><name>Descartado (grupo chico) - Hilera 1835</name><Style><LineStyle><color>ff00ffff</color><width>3</width></LineStyle></Style><LineString><coordinates>-71.51415,-35.5745083,0 -71.51338,-35.5754566,0</coordinates></LineString></Placemark><Placemark><name>Descartado (grupo chico) - Hilera 1921</name><Style><LineStyle><color>ff00ffff</color><width>3</width></LineStyle></Style><LineString><coordinates>-71.5136866,-35.5757266,0 -71.51361,-35.5758233,0</coordinates></LineString></Placemark><Placemark><name>Descartado (grupo chico) - Hilera 1764</name><Style><LineStyle><color>ff00ffff</color><width>3</width></LineStyle></Style><LineString><coordinates>-71.5122583,-35.5669716,0 -71.5123066,-35.5668883,0</coordinates></LineString></Placemark><Placemark><name>Descartado (grupo chico) - Hilera 1768</name><Style><LineStyle><color>ff00ffff</color><width>3</width></LineStyle></Style><LineString><coordinates>-71.5125466,-35.5670483,0 -71.512625,-35.5668533,0</coordinates></LineString></Placemark><Placemark><name>Trabajado - Cuartel 1767 - Hilera 1767</name><Style><LineStyle><color>ff00ff00</color><width>3</width></LineStyle></Style><LineString><coordinates>-71.5133583,-35.5696766,0 -71.5125466,-35.5670483,0</coordinates></LineString></Placemark><Placemark><name>Trabajado - Cuartel 1767 - Hilera 1770</name><Style><LineStyle><color>ff00ff00</color><width>3</width></LineStyle></Style><LineString><coordinates>-71.512825,-35.5676966,0 -71.5134933,-35.5697783,0</coordinates></LineString></Placemark><Placemark><name>Trabajado - Cuartel 1767 - Hilera 1779</name><Style><LineStyle><color>ff00ff00</color><width>3</width></LineStyle></Style><LineString><coordinates>-71.5137366,-35.569705,0 -71.512885,-35.5668833,0</coordinates></LineString></Placemark><Placemark><name>Trabajado - Cuartel 1767 - Hilera 1789</name><Style><LineStyle><color>ff00ff00</color><width>3</width></LineStyle></Style><LineString><coordinates>-71.5132016,-35.56693,0 -71.5138066,-35.5688833,0</coordinates></LineString></Placemark><Placemark><name>Trabajado - Cuartel 1767 - Hilera 1791</name><Style><LineStyle><color>ff00ff00</color><width>3</width></LineStyle></Style><LineString><coordinates>-71.51371,-35.56884,0 -71.5137783,-35.5689416,0</coordinates></LineString></Placemark><Placemark><name>Trabajado - Cuartel 1767 - Hilera 1803</name><Style><LineStyle><color>ff00ff00</color><width>3</width></LineStyle></Style><LineString><coordinates>-71.5139283,-35.5679633,0 -71.5139516,-35.5680533,0</coordinates></LineString></Placemark><Placemark><name>Trabajado - Cuartel 1767 - Hilera 1804</name><Style><LineStyle><color>ff00ff00</color><width>3</width></LineStyle></Style><LineString><coordinates>-71.5139516,-35.5680533,0 -71.5136583,-35.5670866,0</coordinates></LineString></Placemark><Placemark><name>Trabajado - Cuartel 1767 - Hilera 1811</name><Style><LineStyle><color>ff00ff00</color><width>3</width></LineStyle></Style><LineString><coordinates>-71.5145033,-35.5686266,0 -71.514025,-35.5671316,0</coordinates></LineString></Placemark><Placemark><name>Descartado (grupo chico) - Hilera 1769</name><Style><LineStyle><color>ff00ffff</color><width>3</width></LineStyle></Style><LineString><coordinates>-71.512625,-35.5668533,0 -71.512825,-35.5676966,0</coordinates></LineString></Placemark><Placemark><name>Descartado (grupo chico) - Hilera 1773</name><Style><LineStyle><color>ff00ffff</color><width>3</width></LineStyle></Style><LineString><coordinates>-71.5140166,-35.5715266,0 -71.5147416,-35.5738133,0</coordinates></LineString></Placemark><Placemark><name>Descartado (grupo chico) - Hilera 1774</name><Style><LineStyle><color>ff00ffff</color><width>3</width></LineStyle></Style><LineString><coordinates>-71.5147416,-35.5738133,0 -71.5146366,-35.573785,0</coordinates></LineString></Placemark><Placemark><name>Descartado (grupo chico) - Hilera 1780</name><Style><LineStyle><color>ff00ffff</color><width>3</width></LineStyle></Style><LineString><coordinates>-71.512885,-35.5668833,0 -71.5127933,-35.5669433,0</coordinates></LineString></Placemark><Placemark><name>Descartado (grupo chico) - Hilera 1788</name><Style><LineStyle><color>ff00ffff</color><width>3</width></LineStyle></Style><LineString><coordinates>-71.5130016,-35.5670683,0 -71.5132016,-35.56693,0</coordinates></LineString></Placemark><Placemark><name>Descartado (grupo chico) - Hilera 1795</name><Style><LineStyle><color>ff00ffff</color><width>3</width></LineStyle></Style><LineString><coordinates>-71.5133033,-35.5671316,0 -71.5134716,-35.5669516,0</coordinates></LineString></Placemark><Placemark><name>Descartado (grupo chico) - Hilera 1805</name><Style><LineStyle><color>ff00ffff</color><width>3</width></LineStyle></Style><LineString><coordinates>-71.5136583,-35.5670866,0 -71.513835,-35.5670183,0</coordinates></LineString></Placemark><Placemark><name>Descartado (grupo chico) - Hilera 1781</name><Style><LineStyle><color>ff00ffff</color><width>3</width></LineStyle></Style><LineString><coordinates>-71.5127933,-35.5669433,0 -71.5128883,-35.5669949,0</coordinates></LineString></Placemark><Placemark><name>Descartado (grupo chico) - Hilera 1784</name><Style><LineStyle><color>ff00ffff</color><width>3</width></LineStyle></Style><LineString><coordinates>-71.5144433,-35.5740299,0 -71.506355,-35.5784533,0</coordinates></LineString></Placemark><Placemark><name>Descartado (grupo chico) - Hilera 1786</name><Style><LineStyle><color>ff00ffff</color><width>3</width></LineStyle></Style><LineString><coordinates>-71.5068183,-35.5804483,0 -71.5150199,-35.5736783,0</coordinates></LineString></Placemark><Placemark><name>Descartado (grupo chico) - Hilera 1790</name><Style><LineStyle><color>ff00ffff</color><width>3</width></LineStyle></Style><LineString><coordinates>-71.5138066,-35.5688833,0 -71.51371,-35.56884,0</coordinates></LineString></Placemark><Placemark><name>Descartado (grupo chico) - Hilera 1793</name><Style><LineStyle><color>ff00ffff</color><width>3</width></LineStyle></Style><LineString><coordinates>-71.5152066,-35.5736266,0 -71.5152516,-35.5734399,0</coordinates></LineString></Placemark><Placemark><name>Descartado (grupo chico) - Hilera 1797</name><Style><LineStyle><color>ff00ffff</color><width>3</width></LineStyle></Style><LineString><coordinates>-71.5155,-35.5734516,0 -71.51556,-35.5735316,0</coordinates></LineString></Placemark><Placemark><name>Descartado (grupo chico) - Hilera 1869</name><Style><LineStyle><color>ff00ffff</color><width>3</width></LineStyle></Style><LineString><coordinates>-71.5158466,-35.5739466,0 -71.51565,-35.5737833,0</coordinates></LineString></Placemark><Placemark><name>Trabajado - Cuartel 1798 - Hilera 1798</name><Style><LineStyle><color>ff00ff00</color><width>3</width></LineStyle></Style><LineString><coordinates>-71.51556,-35.5735316,0 -71.51508549469793,-35.57198149863996,0</coordinates></LineString></Placemark><Placemark><name>Trabajado - Cuartel 1798 - Hilera 1799</name><Style><LineStyle><color>ff00ff00</color><width>3</width></LineStyle></Style><LineString><coordinates>-71.5151,-35.5719716,0 -71.5149566,-35.5714799,0</coordinates></LineString></Placemark><Placemark><name>Trabajado - Cuartel 1798 - Hilera 1808</name><Style><LineStyle><color>ff00ff00</color><width>3</width></LineStyle></Style><LineString><coordinates>-71.5159099,-35.57336,0 -71.5150483,-35.5707049,0</coordinates></LineString></Placemark><Placemark><name>Trabajado - Cuartel 1798 - Hilera 1814</name><Style><LineStyle><color>ff00ff00</color><width>3</width></LineStyle></Style><LineString><coordinates>-71.5158016,-35.5722666,0 -71.5158183,-35.5723799,0</coordinates></LineString></Placemark><Placemark><name>Trabajado - Cuartel 1798 - Hilera 1815</name><Style><LineStyle><color>ff00ff00</color><width>3</width></LineStyle></Style><LineString><coordinates>-71.5158066,-35.5723399,0 -71.515905,-35.57261,0</coordinates></LineString></Placemark><Placemark><name>Trabajado - Cuartel 1798 - Hilera 1827</name><Style><LineStyle><color>ff00ff00</color><width>3</width></LineStyle></Style><LineString><coordinates>-71.51589,-35.5714216,0 -71.5161966,-35.5725116,0</coordinates></LineString></Placemark><Placemark><name>Trabajado - Cuartel 1798 - Hilera 1828</name><Style><LineStyle><color>ff00ff00</color><width>3</width></LineStyle></Style><LineString><coordinates>-71.5162183,-35.5725116,0 -71.516235,-35.57259,0</coordinates></LineString></Placemark><Placemark><name>Trabajado - Cuartel 1798 - Hilera 1830</name><Style><LineStyle><color>ff00ff00</color><width>3</width></LineStyle></Style><LineString><coordinates>-71.5161916,-35.57259,0 -71.5165066,-35.5732283,0</coordinates></LineString></Placemark><Placemark><name>Trabajado - Cuartel 1798 - Hilera 1831</name><Style><LineStyle><color>ff00ff00</color><width>3</width></LineStyle></Style><LineString><coordinates>-71.516495,-35.5731683,0 -71.5159966,-35.5715366,0</coordinates></LineString></Placemark><Placemark><name>Trabajado - Cuartel 1798 - Hilera 1833</name><Style><LineStyle><color>ff00ff00</color><width>3</width></LineStyle></Style><LineString><coordinates>-71.5160383,-35.5714566,0 -71.5166483,-35.5731466,0</coordinates></LineString></Placemark><Placemark><name>Descartado (grupo chico) - Hilera 1801</name><Style><LineStyle><color>ff00ffff</color><width>3</width></LineStyle></Style><LineString><coordinates>-71.5139016,-35.5679966,0 -71.5139783,-35.5680616,0</coordinates></LineString></Placemark><Placemark><name>Descartado (grupo chico) - Hilera 1802</name><Style><LineStyle><color>ff00ffff</color><width>3</width></LineStyle></Style><LineString><coordinates>-71.513725,-35.5681116,0 -71.5139283,-35.5679633,0</coordinates></LineString></Placemark><Placemark><name>Descartado (grupo chico) - Hilera 1807</name><Style><LineStyle><color>ff00ffff</color><width>3</width></LineStyle></Style><LineString><coordinates>-71.5145633,-35.569425,0 -71.5146366,-35.5694933,0</coordinates></LineString></Placemark><Placemark><name>Descartado (grupo chico) - Hilera 1810</name><Style><LineStyle><color>ff00ffff</color><width>3</width></LineStyle></Style><LineString><coordinates>-71.5146616,-35.5692533,0 -71.5144983,-35.5686433,0</coordinates></LineString></Placemark><Placemark><name>Descartado (grupo chico) - Hilera 1820</name><Style><LineStyle><color>ff00ffff</color><width>3</width></LineStyle></Style><LineString><coordinates>-71.51499263194937,-35.56925619332009,0 -71.5149783,-35.5694116,0</coordinates></LineString></Placemark><Placemark><name>Descartado (grupo chico) - Hilera 1821</name><Style><LineStyle><color>ff00ffff</color><width>3</width></LineStyle></Style><LineString><coordinates>-71.5149516,-35.5690833,0 -71.51451,-35.5679883,0</coordinates></LineString></Placemark><Placemark><name>Descartado (grupo chico) - Hilera 1822</name><Style><LineStyle><color>ff00ffff</color><width>3</width></LineStyle></Style><LineString><coordinates>-71.51451,-35.5679883,0 -71.5155416,-35.5701783,0</coordinates></LineString></Placemark><Placemark><name>Descartado (grupo chico) - Hilera 1812</name><Style><LineStyle><color>ff00ffff</color><width>3</width></LineStyle></Style><LineString><coordinates>-71.514025,-35.5671316,0 -71.5142733,-35.567255,0</coordinates></LineString></Placemark><Placemark><name>Descartado (grupo chico) - Hilera 1816</name><Style><LineStyle><color>ff00ffff</color><width>3</width></LineStyle></Style><LineString><coordinates>-71.515905,-35.57261,0 -71.5158616,-35.5726899,0</coordinates></LineString></Placemark><Placemark><name>Descartado (grupo chico) - Hilera 1817</name><Style><LineStyle><color>ff00ffff</color><width>3</width></LineStyle></Style><LineString><coordinates>-71.5158116,-35.57278,0 -71.5159583,-35.572795,0</coordinates></LineString></Placemark><Placemark><name>Descartado (grupo chico) - Hilera 1818</name><Style><LineStyle><color>ff00ffff</color><width>3</width></LineStyle></Style><LineString><coordinates>-71.5160666,-35.57315,0 -71.5162,-35.57325,0</coordinates></LineString></Placemark><Placemark><name>Descartado (grupo chico) - Hilera 1823</name><Style><LineStyle><color>ff00ffff</color><width>3</width></LineStyle></Style><LineString><coordinates>-71.5155416,-35.5701783,0 -71.5155099,-35.5702583,0</coordinates></LineString></Placemark><Placemark><name>Descartado (grupo chico) - Hilera 1826</name><Style><LineStyle><color>ff00ffff</color><width>3</width></LineStyle></Style><LineString><coordinates>-71.5160016,-35.5712266,0 -71.51589,-35.5714216,0</coordinates></LineString></Placemark><Placemark><name>Descartado (grupo chico) - Hilera 1832</name><Style><LineStyle><color>ff00ffff</color><width>3</width></LineStyle></Style><LineString><coordinates>-71.5159966,-35.5715366,0 -71.5160383,-35.5714566,0</coordinates></LineString></Placemark><Placemark><name>Descartado (grupo chico) - Hilera 1829</name><Style><LineStyle><color>ff00ffff</color><width>3</width></LineStyle></Style><LineString><coordinates>-71.516235,-35.57259,0 -71.5161316,-35.5726466,0</coordinates></LineString></Placemark><Placemark><name>Descartado (grupo chico) - Hilera 1836</name><Style><LineStyle><color>ff00ffff</color><width>3</width></LineStyle></Style><LineString><coordinates>-71.51334,-35.5754616,0 -71.5126283,-35.57653,0</coordinates></LineString></Placemark><Placemark><name>Descartado (grupo chico) - Hilera 1837</name><Style><LineStyle><color>ff00ffff</color><width>3</width></LineStyle></Style><LineString><coordinates>-71.5126283,-35.57653,0 -71.5112,-35.5770616,0</coordinates></LineString></Placemark><Placemark><name>Descartado (grupo chico) - Hilera 1848</name><Style><LineStyle><color>ff00ffff</color><width>3</width></LineStyle></Style><LineString><coordinates>-71.51167,-35.579005,0 -71.5167566,-35.573475,0</coordinates></LineString></Placemark><Placemark><name>Descartado (grupo chico) - Hilera 1915</name><Style><LineStyle><color>ff00ffff</color><width>3</width></LineStyle></Style><LineString><coordinates>-71.5145983,-35.5766283,0 -71.5144616,-35.5767866,0</coordinates></LineString></Placemark><Placemark><name>Descartado (grupo chico) - Hilera 1917</name><Style><LineStyle><color>ff00ffff</color><width>3</width></LineStyle></Style><LineString><coordinates>-71.5140799,-35.5762,0 -71.5140416,-35.57633,0</coordinates></LineString></Placemark><Placemark><name>Descartado (grupo chico) - Hilera 1919</name><Style><LineStyle><color>ff00ffff</color><width>3</width></LineStyle></Style><LineString><coordinates>-71.5142883,-35.5765399,0 -71.5142383,-35.576655,0</coordinates></LineString></Placemark><Placemark><name>Trabajado - Cuartel 1849 - Hilera 1849</name><Style><LineStyle><color>ff00ff00</color><width>3</width></LineStyle></Style><LineString><coordinates>-71.5167566,-35.573475,0 -71.5184283,-35.5774083,0</coordinates></LineString></Placemark><Placemark><name>Trabajado - Cuartel 1849 - Hilera 1851</name><Style><LineStyle><color>ff00ff00</color><width>3</width></LineStyle></Style><LineString><coordinates>-71.5183133,-35.5774633,0 -71.5165433,-35.5734783,0</coordinates></LineString></Placemark><Placemark><name>Trabajado - Cuartel 1849 - Hilera 1853</name><Style><LineStyle><color>ff00ff00</color><width>3</width></LineStyle></Style><LineString><coordinates>-71.517455,-35.5757316,0 -71.5178766,-35.5766216,0</coordinates></LineString></Placemark><Placemark><name>Trabajado - Cuartel 1849 - Hilera 1857</name><Style><LineStyle><color>ff00ff00</color><width>3</width></LineStyle></Style><LineString><coordinates>-71.51828038405006,-35.5781454961661,0 -71.5162783,-35.5735516,0</coordinates></LineString></Placemark><Placemark><name>Trabajado - Cuartel 1849 - Hilera 1858</name><Style><LineStyle><color>ff00ff00</color><width>3</width></LineStyle></Style><LineString><coordinates>-71.5162783,-35.5735516,0 -71.5177766,-35.5772583,0</coordinates></LineString></Placemark><Placemark><name>Trabajado - Cuartel 1849 - Hilera 1860</name><Style><LineStyle><color>ff00ff00</color><width>3</width></LineStyle></Style><LineString><coordinates>-71.5176783,-35.5774499,0 -71.5159633,-35.5736633,0</coordinates></LineString></Placemark><Placemark><name>Trabajado - Cuartel 1849 - Hilera 1861</name><Style><LineStyle><color>ff00ff00</color><width>3</width></LineStyle></Style><LineString><coordinates>-71.5159633,-35.5736633,0 -71.5172833,-35.5767449,0</coordinates></LineString></Placemark><Placemark><name>Trabajado - Cuartel 1849 - Hilera 1864</name><Style><LineStyle><color>ff00ff00</color><width>3</width></LineStyle></Style><LineString><coordinates>-71.5173183,-35.5769283,0 -71.5174066,-35.5771666,0</coordinates></LineString></Placemark><Placemark><name>Trabajado - Cuartel 1849 - Hilera 1866</name><Style><LineStyle><color>ff00ff00</color><width>3</width></LineStyle></Style><LineString><coordinates>-71.5173633,-35.5773616,0 -71.51597454410934,-35.57442595568954,0</coordinates></LineString></Placemark><Placemark><name>Trabajado - Cuartel 1849 - Hilera 1870</name><Style><LineStyle><color>ff00ff00</color><width>3</width></LineStyle></Style><LineString><coordinates>-71.5156816,-35.5737899,0 -71.5170116,-35.5769216,0</coordinates></LineString></Placemark><Placemark><name>Trabajado - Cuartel 1849 - Hilera 1871</name><Style><LineStyle><color>ff00ff00</color><width>3</width></LineStyle></Style><LineString><coordinates>-71.5169816,-35.5769266,0 -71.5171599,-35.5772916,0</coordinates></LineString></Placemark><Placemark><name>Trabajado - Cuartel 1849 - Hilera 1873</name><Style><LineStyle><color>ff00ff00</color><width>3</width></LineStyle></Style><LineString><coordinates>-71.5168883,-35.5772183,0 -71.515425,-35.5738816,0</coordinates></LineString></Placemark><Placemark><name>Trabajado - Cuartel 1849 - Hilera 1875</name><Style><LineStyle><color>ff00ff00</color><width>3</width></LineStyle></Style><LineString><coordinates>-71.5153266,-35.5738916,0 -71.51670607951087,-35.57694421060076,0</coordinates></LineString></Placemark><Placemark><name>Trabajado - Cuartel 1849 - Hilera 1876</name><Style><LineStyle><color>ff00ff00</color><width>3</width></LineStyle></Style><LineString><coordinates>-71.51672,-35.57694,0 -71.51679,-35.5772033,0</coordinates></LineString></Placemark><Placemark><name>Trabajado - Cuartel 1849 - Hilera 1878</name><Style><LineStyle><color>ff00ff00</color><width>3</width></LineStyle></Style><LineString><coordinates>-71.51648,-35.57702,0 -71.5159366,-35.5757933,0</coordinates></LineString></Placemark><Placemark><name>Trabajado - Cuartel 1849 - Hilera 1879</name><Style><LineStyle><color>ff00ff00</color><width>3</width></LineStyle></Style><LineString><coordinates>-71.5159099,-35.5757766,0 -71.5150716,-35.5739499,0</coordinates></LineString></Placemark><Placemark><name>Trabajado - Cuartel 1849 - Hilera 1880</name><Style><LineStyle><color>ff00ff00</color><width>3</width></LineStyle></Style><LineString><coordinates>-71.5150716,-35.5739499,0 -71.5157683,-35.575615,0</coordinates></LineString></Placemark><Placemark><name>Trabajado - Cuartel 1849 - Hilera 1882</name><Style><LineStyle><color>ff00ff00</color><width>3</width></LineStyle></Style><LineString><coordinates>-71.5158566,-35.5756049,0 -71.5162683,-35.5766216,0</coordinates></LineString></Placemark><Placemark><name>Trabajado - Cuartel 1849 - Hilera 1884</name><Style><LineStyle><color>ff00ff00</color><width>3</width></LineStyle></Style><LineString><coordinates>-71.5164,-35.57672,0 -71.51644015769875,-35.57714572243932,0</coordinates></LineString></Placemark><Placemark><name>Trabajado - Cuartel 1849 - Hilera 1886</name><Style><LineStyle><color>ff00ff00</color><width>3</width></LineStyle></Style><LineString><coordinates>-71.5162033,-35.577035,0 -71.5147949,-35.5740616,0</coordinates></LineString></Placemark><Placemark><name>Trabajado - Cuartel 1849 - Hilera 1887</name><Style><LineStyle><color>ff00ff00</color><width>3</width></LineStyle></Style><LineString><coordinates>-71.5147583,-35.5741149,0 -71.5157533,-35.5762716,0</coordinates></LineString></Placemark><Placemark><name>Trabajado - Cuartel 1849 - Hilera 1892</name><Style><LineStyle><color>ff00ff00</color><width>3</width></LineStyle></Style><LineString><coordinates>-71.5158416,-35.5764216,0 -71.51603,-35.5769466,0</coordinates></LineString></Placemark><Placemark><name>Trabajado - Cuartel 1849 - Hilera 1894</name><Style><LineStyle><color>ff00ff00</color><width>3</width></LineStyle></Style><LineString><coordinates>-71.5157399,-35.576795,0 -71.5155933,-35.5764499,0</coordinates></LineString></Placemark><Placemark><name>Trabajado - Cuartel 1849 - Hilera 1895</name><Style><LineStyle><color>ff00ff00</color><width>3</width></LineStyle></Style><LineString><coordinates>-71.5155233,-35.5764483,0 -71.5148866,-35.574825,0</coordinates></LineString></Placemark><Placemark><name>Trabajado - Cuartel 1849 - Hilera 1897</name><Style><LineStyle><color>ff00ff00</color><width>3</width></LineStyle></Style><LineString><coordinates>-71.51477,-35.5747683,0 -71.51467,-35.57425,0</coordinates></LineString></Placemark><Placemark><name>Trabajado - Cuartel 1849 - Hilera 1899</name><Style><LineStyle><color>ff00ff00</color><width>3</width></LineStyle></Style><LineString><coordinates>-71.5145983,-35.5743316,0 -71.5154666,-35.5762349,0</coordinates></LineString></Placemark><Placemark><name>Trabajado - Cuartel 1849 - Hilera 1900</name><Style><LineStyle><color>ff00ff00</color><width>3</width></LineStyle></Style><LineString><coordinates>-71.5154333,-35.5762866,0 -71.5156683,-35.5769033,0</coordinates></LineString></Placemark><Placemark><name>Trabajado - Cuartel 1849 - Hilera 1901</name><Style><LineStyle><color>ff00ff00</color><width>3</width></LineStyle></Style><LineString><coordinates>-71.5156683,-35.5769033,0 -71.5144816,-35.5745333,0</coordinates></LineString></Placemark><Placemark><name>Trabajado - Cuartel 1849 - Hilera 1903</name><Style><LineStyle><color>ff00ff00</color><width>3</width></LineStyle></Style><LineString><coordinates>-71.514425,-35.5746316,0 -71.5144916,-35.574805,0</coordinates></LineString></Placemark><Placemark><name>Trabajado - Cuartel 1849 - Hilera 1905</name><Style><LineStyle><color>ff00ff00</color><width>3</width></LineStyle></Style><LineString><coordinates>-71.5146383,-35.5748916,0 -71.5153016,-35.5766733,0</coordinates></LineString></Placemark><Placemark><name>Trabajado - Cuartel 1849 - Hilera 1906</name><Style><LineStyle><color>ff00ff00</color><width>3</width></LineStyle></Style><LineString><coordinates>-71.5153016,-35.5766733,0 -71.5151033,-35.576825,0</coordinates></LineString></Placemark><Placemark><name>Trabajado - Cuartel 1849 - Hilera 1907</name><Style><LineStyle><color>ff00ff00</color><width>3</width></LineStyle></Style><LineString><coordinates>-71.5151033,-35.576825,0 -71.5142516,-35.5747783,0</coordinates></LineString></Placemark><Placemark><name>Trabajado - Cuartel 1849 - Hilera 1908</name><Style><LineStyle><color>ff00ff00</color><width>3</width></LineStyle></Style><LineString><coordinates>-71.5142516,-35.5747783,0 -71.5145033,-35.57552,0</coordinates></LineString></Placemark><Placemark><name>Trabajado - Cuartel 1849 - Hilera 1909</name><Style><LineStyle><color>ff00ff00</color><width>3</width></LineStyle></Style><LineString><coordinates>-71.5144749,-35.575505,0 -71.5148633,-35.5763516,0</coordinates></LineString></Placemark><Placemark><name>Trabajado - Cuartel 1849 - Hilera 1910</name><Style><LineStyle><color>ff00ff00</color><width>3</width></LineStyle></Style><LineString><coordinates>-71.5148633,-35.5763516,0 -71.51506625102924,-35.577222767293044,0</coordinates></LineString></Placemark><Placemark><name>Trabajado - Cuartel 1849 - Hilera 1911</name><Style><LineStyle><color>ff00ff00</color><width>3</width></LineStyle></Style><LineString><coordinates>-71.5149616,-35.5766149,0 -71.514905,-35.5768416,0</coordinates></LineString></Placemark><Placemark><name>Trabajado - Cuartel 1849 - Hilera 1912</name><Style><LineStyle><color>ff00ff00</color><width>3</width></LineStyle></Style><LineString><coordinates>-71.514905,-35.5768416,0 -71.5143099,-35.5757716,0</coordinates></LineString></Placemark><Placemark><name>Trabajado - Cuartel 1849 - Hilera 1913</name><Style><LineStyle><color>ff00ff00</color><width>3</width></LineStyle></Style><LineString><coordinates>-71.514315,-35.57568,0 -71.51403,-35.5751216,0</coordinates></LineString></Placemark><Placemark><name>Trabajado - Cuartel 1849 - Hilera 1914</name><Style><LineStyle><color>ff00ff00</color><width>3</width></LineStyle></Style><LineString><coordinates>-71.51403,-35.5751216,0 -71.5145983,-35.5766283,0</coordinates></LineString></Placemark><Placemark><name>Trabajado - Cuartel 1849 - Hilera 1916</name><Style><LineStyle><color>ff00ff00</color><width>3</width></LineStyle></Style><LineString><coordinates>-71.5144616,-35.5767866,0 -71.51379,-35.5753366,0</coordinates></LineString></Placemark><Placemark><name>Trabajado - Cuartel 1849 - Hilera 1918</name><Style><LineStyle><color>ff00ff00</color><width>3</width></LineStyle></Style><LineString><coordinates>-71.5140416,-35.57633,0 -71.5141533,-35.576495,0</coordinates></LineString></Placemark><Placemark><name>Trabajado - Cuartel 1849 - Hilera 1922</name><Style><LineStyle><color>ff00ff00</color><width>3</width></LineStyle></Style><LineString><coordinates>-71.51361,-35.5758233,0 -71.51409338634868,-35.57708070463152,0</coordinates></LineString></Placemark><Placemark><name>Trabajado - Cuartel 1849 - Hilera 1924</name><Style><LineStyle><color>ff00ff00</color><width>3</width></LineStyle></Style><LineString><coordinates>-71.5137833,-35.5767316,0 -71.5133716,-35.5759933,0</coordinates></LineString></Placemark><Placemark><name>Trabajado - Cuartel 1849 - Hilera 1925</name><Style><LineStyle><color>ff00ff00</color><width>3</width></LineStyle></Style><LineString><coordinates>-71.5133716,-35.5759933,0 -71.5135283,-35.5764716,0</coordinates></LineString></Placemark><Placemark><name>Trabajado - Cuartel 1849 - Hilera 1927</name><Style><LineStyle><color>ff00ff00</color><width>3</width></LineStyle></Style><LineString><coordinates>-71.5134416,-35.5766666,0 -71.5131633,-35.5762916,0</coordinates></LineString></Placemark><Placemark><name>Trabajado - Cuartel 1849 - Hilera 1928</name><Style><LineStyle><color>ff00ff00</color><width>3</width></LineStyle></Style><LineString><coordinates>-71.513125,-35.5763266,0 -71.5132583,-35.5765933,0</coordinates></LineString></Placemark><Placemark><name>Trabajado - Cuartel 1849 - Hilera 2091</name><Style><LineStyle><color>ff00ff00</color><width>3</width></LineStyle></Style><LineString><coordinates>-71.5156033,-35.5771483,0 -71.5154033,-35.5772733,0</coordinates></LineString></Placemark><Placemark><name>Trabajado - Cuartel 1849 - Hilera 2098</name><Style><LineStyle><color>ff00ff00</color><width>3</width></LineStyle></Style><LineString><coordinates>-71.5150366,-35.5771166,0 -71.5150216,-35.5772066,0</coordinates></LineString></Placemark><Placemark><name>Trabajado - Cuartel 1849 - Hilera 2099</name><Style><LineStyle><color>ff00ff00</color><width>3</width></LineStyle></Style><LineString><coordinates>-71.5150216,-35.5772066,0 -71.51498,-35.5771233,0</coordinates></LineString></Placemark><Placemark><name>Trabajado - Cuartel 1849 - Hilera 2100</name><Style><LineStyle><color>ff00ff00</color><width>3</width></LineStyle></Style><LineString><coordinates>-71.5150199,-35.5772083,0 -71.5150866,-35.577135,0</coordinates></LineString></Placemark><Placemark><name>Trabajado - Cuartel 1849 - Hilera 2101</name><Style><LineStyle><color>ff00ff00</color><width>3</width></LineStyle></Style><LineString><coordinates>-71.515035,-35.577235,0 -71.51508,-35.5771316,0</coordinates></LineString></Placemark><Placemark><name>Trabajado - Cuartel 1849 - Hilera 2102</name><Style><LineStyle><color>ff00ff00</color><width>3</width></LineStyle></Style><LineString><coordinates>-71.51508,-35.5771316,0 -71.5154066,-35.5781949,0</coordinates></LineString></Placemark><Placemark><name>Descartado (grupo chico) - Hilera 1850</name><Style><LineStyle><color>ff00ffff</color><width>3</width></LineStyle></Style><LineString><coordinates>-71.5184283,-35.5774083,0 -71.5183133,-35.5774633,0</coordinates></LineString></Placemark><Placemark><name>Descartado (grupo chico) - Hilera 1852</name><Style><LineStyle><color>ff00ffff</color><width>3</width></LineStyle></Style><LineString><coordinates>-71.5165433,-35.5734783,0 -71.5174933,-35.57574,0</coordinates></LineString></Placemark><Placemark><name>Trabajado - Cuartel 1854 - Hilera 1854</name><Style><LineStyle><color>ff00ff00</color><width>3</width></LineStyle></Style><LineString><coordinates>-71.5178766,-35.5766216,0 -71.5178416,-35.5767016,0</coordinates></LineString></Placemark><Placemark><name>Trabajado - Cuartel 1854 - Hilera 1859</name><Style><LineStyle><color>ff00ff00</color><width>3</width></LineStyle></Style><LineString><coordinates>-71.5177766,-35.5772583,0 -71.5176783,-35.5774499,0</coordinates></LineString></Placemark><Placemark><name>Trabajado - Cuartel 1854 - Hilera 1862</name><Style><LineStyle><color>ff00ff00</color><width>3</width></LineStyle></Style><LineString><coordinates>-71.5172833,-35.5767449,0 -71.517265,-35.57683,0</coordinates></LineString></Placemark><Placemark><name>Trabajado - Cuartel 1854 - Hilera 1865</name><Style><LineStyle><color>ff00ff00</color><width>3</width></LineStyle></Style><LineString><coordinates>-71.5174066,-35.5771666,0 -71.5173633,-35.5773616,0</coordinates></LineString></Placemark><Placemark><name>Trabajado - Cuartel 1854 - Hilera 1948</name><Style><LineStyle><color>ff00ff00</color><width>3</width></LineStyle></Style><LineString><coordinates>-71.5180966,-35.5777333,0 -71.518055,-35.57784,0</coordinates></LineString></Placemark><Placemark><name>Descartado (grupo chico) - Hilera 1855</name><Style><LineStyle><color>ff00ffff</color><width>3</width></LineStyle></Style><LineString><coordinates>-71.5179166,-35.5767283,0 -71.5182166,-35.577425,0</coordinates></LineString></Placemark><Placemark><name>Descartado (grupo chico) - Hilera 1856</name><Style><LineStyle><color>ff00ffff</color><width>3</width></LineStyle></Style><LineString><coordinates>-71.5182166,-35.577425,0 -71.5179649,-35.5774216,0</coordinates></LineString></Placemark><Placemark><name>Descartado (grupo chico) - Hilera 1863</name><Style><LineStyle><color>ff00ffff</color><width>3</width></LineStyle></Style><LineString><coordinates>-71.517265,-35.57683,0 -71.5173466,-35.576885,0</coordinates></LineString></Placemark><Placemark><name>Descartado (grupo chico) - Hilera 1867</name><Style><LineStyle><color>ff00ffff</color><width>3</width></LineStyle></Style><LineString><coordinates>-71.5159883,-35.5744216,0 -71.516015,-35.5743316,0</coordinates></LineString></Placemark><Placemark><name>Descartado (grupo chico) - Hilera 1868</name><Style><LineStyle><color>ff00ffff</color><width>3</width></LineStyle></Style><LineString><coordinates>-71.516015,-35.5743316,0 -71.5158466,-35.5739466,0</coordinates></LineString></Placemark><Placemark><name>Trabajado - Cuartel 1872 - Hilera 1872</name><Style><LineStyle><color>ff00ff00</color><width>3</width></LineStyle></Style><LineString><coordinates>-71.5171599,-35.5772916,0 -71.5168883,-35.5772183,0</coordinates></LineString></Placemark><Placemark><name>Trabajado - Cuartel 1872 - Hilera 1877</name><Style><LineStyle><color>ff00ff00</color><width>3</width></LineStyle></Style><LineString><coordinates>-71.51679,-35.5772033,0 -71.51648,-35.57702,0</coordinates></LineString></Placemark><Placemark><name>Trabajado - Cuartel 1872 - Hilera 1883</name><Style><LineStyle><color>ff00ff00</color><width>3</width></LineStyle></Style><LineString><coordinates>-71.5162683,-35.5766216,0 -71.5164,-35.57672,0</coordinates></LineString></Placemark><Placemark><name>Trabajado - Cuartel 1872 - Hilera 1885</name><Style><LineStyle><color>ff00ff00</color><width>3</width></LineStyle></Style><LineString><coordinates>-71.5164516,-35.577145,0 -71.5162033,-35.577035,0</coordinates></LineString></Placemark><Placemark><name>Trabajado - Cuartel 1872 - Hilera 1890</name><Style><LineStyle><color>ff00ff00</color><width>3</width></LineStyle></Style><LineString><coordinates>-71.5158549,-35.5764616,0 -71.5157733,-35.5763999,0</coordinates></LineString></Placemark><Placemark><name>Trabajado - Cuartel 1872 - Hilera 1893</name><Style><LineStyle><color>ff00ff00</color><width>3</width></LineStyle></Style><LineString><coordinates>-71.51603,-35.5769466,0 -71.5157399,-35.576795,0</coordinates></LineString></Placemark><Placemark><name>Trabajado - Cuartel 1872 - Hilera 1930</name><Style><LineStyle><color>ff00ff00</color><width>3</width></LineStyle></Style><LineString><coordinates>-71.51323,-35.5766433,0 -71.5186616,-35.5777349,0</coordinates></LineString></Placemark><Placemark><name>Trabajado - Cuartel 1872 - Hilera 1961</name><Style><LineStyle><color>ff00ff00</color><width>3</width></LineStyle></Style><LineString><coordinates>-71.5174366,-35.5775666,0 -71.5152066,-35.5769933,0</coordinates></LineString></Placemark><Placemark><name>Trabajado - Cuartel 1872 - Hilera 2084</name><Style><LineStyle><color>ff00ff00</color><width>3</width></LineStyle></Style><LineString><coordinates>-71.51628,-35.5772849,0 -71.516195,-35.5772233,0</coordinates></LineString></Placemark><Placemark><name>Descartado (grupo chico) - Hilera 1874</name><Style><LineStyle><color>ff00ffff</color><width>3</width></LineStyle></Style><LineString><coordinates>-71.515425,-35.5738816,0 -71.5153266,-35.5738916,0</coordinates></LineString></Placemark><Placemark><name>Descartado (grupo chico) - Hilera 1881</name><Style><LineStyle><color>ff00ffff</color><width>3</width></LineStyle></Style><LineString><coordinates>-71.5157683,-35.575615,0 -71.5158566,-35.5756049,0</coordinates></LineString></Placemark><Placemark><name>Descartado (grupo chico) - Hilera 1888</name><Style><LineStyle><color>ff00ffff</color><width>3</width></LineStyle></Style><LineString><coordinates>-71.5158066,-35.5762799,0 -71.5157883,-35.5764366,0</coordinates></LineString></Placemark><Placemark><name>Descartado (grupo chico) - Hilera 1889</name><Style><LineStyle><color>ff00ffff</color><width>3</width></LineStyle></Style><LineString><coordinates>-71.5157466,-35.5764733,0 -71.51582,-35.57643,0</coordinates></LineString></Placemark><Placemark><name>Descartado (grupo chico) - Hilera 1891</name><Style><LineStyle><color>ff00ffff</color><width>3</width></LineStyle></Style><LineString><coordinates>-71.5157833,-35.57647,0 -71.5158266,-35.5764016,0</coordinates></LineString></Placemark><Placemark><name>Descartado (grupo chico) - Hilera 1896</name><Style><LineStyle><color>ff00ffff</color><width>3</width></LineStyle></Style><LineString><coordinates>-71.5148866,-35.574825,0 -71.51477,-35.5747683,0</coordinates></LineString></Placemark><Placemark><name>Descartado (grupo chico) - Hilera 1904</name><Style><LineStyle><color>ff00ffff</color><width>3</width></LineStyle></Style><LineString><coordinates>-71.5144916,-35.574805,0 -71.5146383,-35.5748916,0</coordinates></LineString></Placemark><Placemark><name>Descartado (grupo chico) - Hilera 1926</name><Style><LineStyle><color>ff00ffff</color><width>3</width></LineStyle></Style><LineString><coordinates>-71.5135766,-35.5765116,0 -71.5134416,-35.5766666,0</coordinates></LineString></Placemark><Placemark><name>Descartado (grupo chico) - Hilera 1929</name><Style><LineStyle><color>ff00ffff</color><width>3</width></LineStyle></Style><LineString><coordinates>-71.513205,-35.57662,0 -71.5132833,-35.5766633,0</coordinates></LineString></Placemark><Placemark><name>Trabajado - Cuartel 1931 - Hilera 1931</name><Style><LineStyle><color>ff00ff00</color><width>3</width></LineStyle></Style><LineString><coordinates>-71.5186483,-35.5777783,0 -71.5191633,-35.579125,0</coordinates></LineString></Placemark><Placemark><name>Trabajado - Cuartel 1931 - Hilera 1932</name><Style><LineStyle><color>ff00ff00</color><width>3</width></LineStyle></Style><LineString><coordinates>-71.5191883,-35.5791466,0 -71.5195483,-35.5802083,0</coordinates></LineString></Placemark><Placemark><name>Trabajado - Cuartel 1931 - Hilera 1934</name><Style><LineStyle><color>ff00ff00</color><width>3</width></LineStyle></Style><LineString><coordinates>-71.519465,-35.58027,0 -71.518705,-35.5779016,0</coordinates></LineString></Placemark><Placemark><name>Trabajado - Cuartel 1931 - Hilera 1936</name><Style><LineStyle><color>ff00ff00</color><width>3</width></LineStyle></Style><LineString><coordinates>-71.51855,-35.5778316,0 -71.5187549,-35.5784866,0</coordinates></LineString></Placemark><Placemark><name>Trabajado - Cuartel 1931 - Hilera 1938</name><Style><LineStyle><color>ff00ff00</color><width>3</width></LineStyle></Style><LineString><coordinates>-71.5189083,-35.5785383,0 -71.51932717230554,-35.579946824467996,0</coordinates></LineString></Placemark><Placemark><name>Trabajado - Cuartel 1931 - Hilera 1939</name><Style><LineStyle><color>ff00ff00</color><width>3</width></LineStyle></Style><LineString><coordinates>-71.5193283,-35.5799466,0 -71.5194683,-35.580285,0</coordinates></LineString></Placemark><Placemark><name>Trabajado - Cuartel 1931 - Hilera 1941</name><Style><LineStyle><color>ff00ff00</color><width>3</width></LineStyle></Style><LineString><coordinates>-71.5192183,-35.5803516,0 -71.5188733,-35.5791383,0</coordinates></LineString></Placemark><Placemark><name>Trabajado - Cuartel 1931 - Hilera 1942</name><Style><LineStyle><color>ff00ff00</color><width>3</width></LineStyle></Style><LineString><coordinates>-71.5188733,-35.5791383,0 -71.5184266,-35.577825,0</coordinates></LineString></Placemark><Placemark><name>Trabajado - Cuartel 1931 - Hilera 1943</name><Style><LineStyle><color>ff00ff00</color><width>3</width></LineStyle></Style><LineString><coordinates>-71.5184616,-35.577785,0 -71.5191083,-35.5804949,0</coordinates></LineString></Placemark><Placemark><name>Trabajado - Cuartel 1931 - Hilera 1945</name><Style><LineStyle><color>ff00ff00</color><width>3</width></LineStyle></Style><LineString><coordinates>-71.5189066,-35.5804833,0 -71.5185483,-35.579245,0</coordinates></LineString></Placemark><Placemark><name>Trabajado - Cuartel 1931 - Hilera 1946</name><Style><LineStyle><color>ff00ff00</color><width>3</width></LineStyle></Style><LineString><coordinates>-71.5185833,-35.5793316,0 -71.51859,-35.5792016,0</coordinates></LineString></Placemark><Placemark><name>Trabajado - Cuartel 1931 - Hilera 1947</name><Style><LineStyle><color>ff00ff00</color><width>3</width></LineStyle></Style><LineString><coordinates>-71.5185616,-35.5793183,0 -71.5182766,-35.5781466,0</coordinates></LineString></Placemark><Placemark><name>Trabajado - Cuartel 1931 - Hilera 1949</name><Style><LineStyle><color>ff00ff00</color><width>3</width></LineStyle></Style><LineString><coordinates>-71.518055,-35.57784,0 -71.5181466,-35.5781799,0</coordinates></LineString></Placemark><Placemark><name>Trabajado - Cuartel 1931 - Hilera 1950</name><Style><LineStyle><color>ff00ff00</color><width>3</width></LineStyle></Style><LineString><coordinates>-71.5181416,-35.5781833,0 -71.5182716,-35.5784966,0</coordinates></LineString></Placemark><Placemark><name>Trabajado - Cuartel 1931 - Hilera 1951</name><Style><LineStyle><color>ff00ff00</color><width>3</width></LineStyle></Style><LineString><coordinates>-71.5182716,-35.5784966,0 -71.518505,-35.5793866,0</coordinates></LineString></Placemark><Placemark><name>Trabajado - Cuartel 1931 - Hilera 1952</name><Style><LineStyle><color>ff00ff00</color><width>3</width></LineStyle></Style><LineString><coordinates>-71.518475,-35.5794016,0 -71.5186433,-35.57993,0</coordinates></LineString></Placemark><Placemark><name>Trabajado - Cuartel 1931 - Hilera 1953</name><Style><LineStyle><color>ff00ff00</color><width>3</width></LineStyle></Style><LineString><coordinates>-71.5185816,-35.5799266,0 -71.5187249,-35.5800799,0</coordinates></LineString></Placemark><Placemark><name>Trabajado - Cuartel 1931 - Hilera 1954</name><Style><LineStyle><color>ff00ff00</color><width>3</width></LineStyle></Style><LineString><coordinates>-71.5187083,-35.580145,0 -71.51888,-35.5805699,0</coordinates></LineString></Placemark><Placemark><name>Trabajado - Cuartel 1931 - Hilera 1956</name><Style><LineStyle><color>ff00ff00</color><width>3</width></LineStyle></Style><LineString><coordinates>-71.5186133,-35.580535,0 -71.5177333,-35.5776749,0</coordinates></LineString></Placemark><Placemark><name>Trabajado - Cuartel 1931 - Hilera 1957</name><Style><LineStyle><color>ff00ff00</color><width>3</width></LineStyle></Style><LineString><coordinates>-71.5176966,-35.5776783,0 -71.5180066,-35.5787566,0</coordinates></LineString></Placemark><Placemark><name>Trabajado - Cuartel 1931 - Hilera 1960</name><Style><LineStyle><color>ff00ff00</color><width>3</width></LineStyle></Style><LineString><coordinates>-71.51787,-35.57881,0 -71.5174366,-35.5775666,0</coordinates></LineString></Placemark><Placemark><name>Trabajado - Cuartel 1931 - Hilera 1982</name><Style><LineStyle><color>ff00ff00</color><width>3</width></LineStyle></Style><LineString><coordinates>-71.5180433,-35.5787633,0 -71.5185433,-35.5805266,0</coordinates></LineString></Placemark><Placemark><name>Trabajado - Cuartel 1931 - Hilera 1984</name><Style><LineStyle><color>ff00ff00</color><width>3</width></LineStyle></Style><LineString><coordinates>-71.5183566,-35.5806766,0 -71.5174283278611,-35.57769466939973,0</coordinates></LineString></Placemark><Placemark><name>Trabajado - Cuartel 1931 - Hilera 1985</name><Style><LineStyle><color>ff00ff00</color><width>3</width></LineStyle></Style><LineString><coordinates>-71.5173733,-35.5776833,0 -71.518225,-35.5805083,0</coordinates></LineString></Placemark><Placemark><name>Trabajado - Cuartel 1931 - Hilera 1987</name><Style><LineStyle><color>ff00ff00</color><width>3</width></LineStyle></Style><LineString><coordinates>-71.5181016,-35.5807933,0 -71.5179533,-35.580355,0</coordinates></LineString></Placemark><Placemark><name>Trabajado - Cuartel 1931 - Hilera 1988</name><Style><LineStyle><color>ff00ff00</color><width>3</width></LineStyle></Style><LineString><coordinates>-71.51797,-35.580345,0 -71.5170933,-35.5775333,0</coordinates></LineString></Placemark><Placemark><name>Trabajado - Cuartel 1931 - Hilera 1989</name><Style><LineStyle><color>ff00ff00</color><width>3</width></LineStyle></Style><LineString><coordinates>-71.5170933,-35.5775333,0 -71.5174483,-35.5789666,0</coordinates></LineString></Placemark><Placemark><name>Trabajado - Cuartel 1931 - Hilera 1990</name><Style><LineStyle><color>ff00ff00</color><width>3</width></LineStyle></Style><LineString><coordinates>-71.5174083,-35.57893,0 -71.5179883,-35.5806983,0</coordinates></LineString></Placemark><Placemark><name>Trabajado - Cuartel 1931 - Hilera 1992</name><Style><LineStyle><color>ff00ff00</color><width>3</width></LineStyle></Style><LineString><coordinates>-71.51777,-35.5808216,0 -71.5166349,-35.5773499,0</coordinates></LineString></Placemark><Placemark><name>Trabajado - Cuartel 1931 - Hilera 1993</name><Style><LineStyle><color>ff00ff00</color><width>3</width></LineStyle></Style><LineString><coordinates>-71.517415,-35.5796583,0 -71.5177099,-35.580865,0</coordinates></LineString></Placemark><Placemark><name>Trabajado - Cuartel 1931 - Hilera 1995</name><Style><LineStyle><color>ff00ff00</color><width>3</width></LineStyle></Style><LineString><coordinates>-71.517465,-35.5807916,0 -71.51634258668757,-35.577329729449325,0</coordinates></LineString></Placemark><Placemark><name>Trabajado - Cuartel 1931 - Hilera 1996</name><Style><LineStyle><color>ff00ff00</color><width>3</width></LineStyle></Style><LineString><coordinates>-71.51630211716432,-35.57728050392993,0 -71.51742,-35.581045,0</coordinates></LineString></Placemark><Placemark><name>Trabajado - Cuartel 1931 - Hilera 1997</name><Style><LineStyle><color>ff00ff00</color><width>3</width></LineStyle></Style><LineString><coordinates>-71.51742,-35.581045,0 -71.5166883,-35.5793433,0</coordinates></LineString></Placemark><Placemark><name>Trabajado - Cuartel 1931 - Hilera 1999</name><Style><LineStyle><color>ff00ff00</color><width>3</width></LineStyle></Style><LineString><coordinates>-71.516595,-35.5792866,0 -71.51693665331736,-35.58042360054789,0</coordinates></LineString></Placemark><Placemark><name>Trabajado - Cuartel 1931 - Hilera 2000</name><Style><LineStyle><color>ff00ff00</color><width>3</width></LineStyle></Style><LineString><coordinates>-71.5169466,-35.5804216,0 -71.5170033,-35.581175,0</coordinates></LineString></Placemark><Placemark><name>Trabajado - Cuartel 1931 - Hilera 2001</name><Style><LineStyle><color>ff00ff00</color><width>3</width></LineStyle></Style><LineString><coordinates>-71.5170033,-35.581175,0 -71.516375,-35.5794049,0</coordinates></LineString></Placemark><Placemark><name>Trabajado - Cuartel 1931 - Hilera 2003</name><Style><LineStyle><color>ff00ff00</color><width>3</width></LineStyle></Style><LineString><coordinates>-71.5162483,-35.5793383,0 -71.5168433,-35.5814333,0</coordinates></LineString></Placemark><Placemark><name>Trabajado - Cuartel 1931 - Hilera 2080</name><Style><LineStyle><color>ff00ff00</color><width>3</width></LineStyle></Style><LineString><coordinates>-71.5168466,-35.5812083,0 -71.516675,-35.5805833,0</coordinates></LineString></Placemark><Placemark><name>Trabajado - Cuartel 1931 - Hilera 2081</name><Style><LineStyle><color>ff00ff00</color><width>3</width></LineStyle></Style><LineString><coordinates>-71.5166983,-35.5805983,0 -71.51631,-35.5794033,0</coordinates></LineString></Placemark><Placemark><name>Trabajado - Cuartel 1931 - Hilera 2108</name><Style><LineStyle><color>ff00ff00</color><width>3</width></LineStyle></Style><LineString><coordinates>-71.5157133,-35.5796683,0 -71.5163049,-35.581285,0</coordinates></LineString></Placemark><Placemark><name>Trabajado - Cuartel 1931 - Hilera 2110</name><Style><LineStyle><color>ff00ff00</color><width>3</width></LineStyle></Style><LineString><coordinates>-71.5162633,-35.58143,0 -71.5156966,-35.579535,0</coordinates></LineString></Placemark><Placemark><name>Descartado (grupo chico) - Hilera 1933</name><Style><LineStyle><color>ff00ffff</color><width>3</width></LineStyle></Style><LineString><coordinates>-71.5195483,-35.5802083,0 -71.51951,-35.5802933,0</coordinates></LineString></Placemark><Placemark><name>Descartado (grupo chico) - Hilera 1935</name><Style><LineStyle><color>ff00ffff</color><width>3</width></LineStyle></Style><LineString><coordinates>-71.518705,-35.5779016,0 -71.51855,-35.5778316,0</coordinates></LineString></Placemark><Placemark><name>Descartado (grupo chico) - Hilera 1937</name><Style><LineStyle><color>ff00ffff</color><width>3</width></LineStyle></Style><LineString><coordinates>-71.5187549,-35.5784866,0 -71.5189083,-35.5785383,0</coordinates></LineString></Placemark><Placemark><name>Descartado (grupo chico) - Hilera 1940</name><Style><LineStyle><color>ff00ffff</color><width>3</width></LineStyle></Style><LineString><coordinates>-71.5194683,-35.580285,0 -71.5192183,-35.5803516,0</coordinates></LineString></Placemark><Placemark><name>Descartado (grupo chico) - Hilera 1944</name><Style><LineStyle><color>ff00ffff</color><width>3</width></LineStyle></Style><LineString><coordinates>-71.5191083,-35.5804949,0 -71.5189066,-35.5804833,0</coordinates></LineString></Placemark><Placemark><name>Descartado (grupo chico) - Hilera 1955</name><Style><LineStyle><color>ff00ffff</color><width>3</width></LineStyle></Style><LineString><coordinates>-71.5188666,-35.5805783,0 -71.5186133,-35.580535,0</coordinates></LineString></Placemark><Placemark><name>Descartado (grupo chico) - Hilera 1958</name><Style><LineStyle><color>ff00ffff</color><width>3</width></LineStyle></Style><LineString><coordinates>-71.5179583,-35.5787966,0 -71.5180483,-35.5787816,0</coordinates></LineString></Placemark><Placemark><name>Descartado (grupo chico) - Hilera 1959</name><Style><LineStyle><color>ff00ffff</color><width>3</width></LineStyle></Style><LineString><coordinates>-71.5181033,-35.5787433,0 -71.5179116,-35.578835,0</coordinates></LineString></Placemark><Placemark><name>Descartado (grupo chico) - Hilera 1963</name><Style><LineStyle><color>ff00ffff</color><width>3</width></LineStyle></Style><LineString><coordinates>-71.5126416,-35.5768216,0 -71.5122083,-35.5766983,0</coordinates></LineString></Placemark><Placemark><name>Descartado (grupo chico) - Hilera 1964</name><Style><LineStyle><color>ff00ffff</color><width>3</width></LineStyle></Style><LineString><coordinates>-71.5114199,-35.576965,0 -71.5110416,-35.576955,0</coordinates></LineString></Placemark><Placemark><name>Descartado (grupo chico) - Hilera 1968</name><Style><LineStyle><color>ff00ffff</color><width>3</width></LineStyle></Style><LineString><coordinates>-71.5040749,-35.5807216,0 -71.50414,-35.5807949,0</coordinates></LineString></Placemark><Placemark><name>Descartado (grupo chico) - Hilera 1969</name><Style><LineStyle><color>ff00ffff</color><width>3</width></LineStyle></Style><LineString><coordinates>-71.50414,-35.5807949,0 -71.50456519774859,-35.58108330257128,0</coordinates></LineString></Placemark><Placemark><name>Descartado (grupo chico) - Hilera 1970</name><Style><LineStyle><color>ff00ffff</color><width>3</width></LineStyle></Style><LineString><coordinates>-71.50448260614849,-35.581025972484404,0 -71.5046183,-35.5811716,0</coordinates></LineString></Placemark><Placemark><name>Descartado (grupo chico) - Hilera 1971</name><Style><LineStyle><color>ff00ffff</color><width>3</width></LineStyle></Style><LineString><coordinates>-71.5046183,-35.5811716,0 -71.5041416,-35.5807933,0</coordinates></LineString></Placemark><Placemark><name>Descartado (grupo chico) - Hilera 1972</name><Style><LineStyle><color>ff00ffff</color><width>3</width></LineStyle></Style><LineString><coordinates>-71.5041416,-35.5807933,0 -71.5054483,-35.5806566,0</coordinates></LineString></Placemark><Placemark><name>Descartado (grupo chico) - Hilera 1981</name><Style><LineStyle><color>ff00ffff</color><width>3</width></LineStyle></Style><LineString><coordinates>-71.5101533,-35.5813683,0 -71.5180433,-35.5787633,0</coordinates></LineString></Placemark><Placemark><name>Descartado (grupo chico) - Hilera 1983</name><Style><LineStyle><color>ff00ffff</color><width>3</width></LineStyle></Style><LineString><coordinates>-71.5185433,-35.5805266,0 -71.5183566,-35.5806766,0</coordinates></LineString></Placemark><Placemark><name>Descartado (grupo chico) - Hilera 1991</name><Style><LineStyle><color>ff00ffff</color><width>3</width></LineStyle></Style><LineString><coordinates>-71.5179883,-35.5806983,0 -71.51777,-35.5808216,0</coordinates></LineString></Placemark><Placemark><name>Descartado (grupo chico) - Hilera 1986</name><Style><LineStyle><color>ff00ffff</color><width>3</width></LineStyle></Style><LineString><coordinates>-71.518225,-35.5805083,0 -71.5181016,-35.5807933,0</coordinates></LineString></Placemark><Placemark><name>Descartado (grupo chico) - Hilera 1994</name><Style><LineStyle><color>ff00ffff</color><width>3</width></LineStyle></Style><LineString><coordinates>-71.5177099,-35.580865,0 -71.517465,-35.5807916,0</coordinates></LineString></Placemark><Placemark><name>Trabajado - Cuartel 1998 - Hilera 1998</name><Style><LineStyle><color>ff00ff00</color><width>3</width></LineStyle></Style><LineString><coordinates>-71.5166883,-35.5793433,0 -71.516595,-35.5792866,0</coordinates></LineString></Placemark><Placemark><name>Trabajado - Cuartel 1998 - Hilera 2002</name><Style><LineStyle><color>ff00ff00</color><width>3</width></LineStyle></Style><LineString><coordinates>-71.516375,-35.5794049,0 -71.5162466,-35.5793,0</coordinates></LineString></Placemark><Placemark><name>Trabajado - Cuartel 1998 - Hilera 2007</name><Style><LineStyle><color>ff00ff00</color><width>3</width></LineStyle></Style><LineString><coordinates>-71.5129416,-35.5824783,0 -71.5118133,-35.5790633,0</coordinates></LineString></Placemark><Placemark><name>Trabajado - Cuartel 1998 - Hilera 2008</name><Style><LineStyle><color>ff00ff00</color><width>3</width></LineStyle></Style><LineString><coordinates>-71.5117683,-35.57902,0 -71.5127933,-35.5825316,0</coordinates></LineString></Placemark><Placemark><name>Trabajado - Cuartel 1998 - Hilera 2010</name><Style><LineStyle><color>ff00ff00</color><width>3</width></LineStyle></Style><LineString><coordinates>-71.51255,-35.5825199,0 -71.5115866,-35.5792733,0</coordinates></LineString></Placemark><Placemark><name>Trabajado - Cuartel 1998 - Hilera 2013</name><Style><LineStyle><color>ff00ff00</color><width>3</width></LineStyle></Style><LineString><coordinates>-71.5115266,-35.5791166,0 -71.5124783,-35.5826016,0</coordinates></LineString></Placemark><Placemark><name>Trabajado - Cuartel 1998 - Hilera 2015</name><Style><LineStyle><color>ff00ff00</color><width>3</width></LineStyle></Style><LineString><coordinates>-71.51227,-35.582565,0 -71.51195,-35.5816866,0</coordinates></LineString></Placemark><Placemark><name>Trabajado - Cuartel 1998 - Hilera 2016</name><Style><LineStyle><color>ff00ff00</color><width>3</width></LineStyle></Style><LineString><coordinates>-71.51195,-35.5816866,0 -71.51134,-35.5795699,0</coordinates></LineString></Placemark><Placemark><name>Trabajado - Cuartel 1998 - Hilera 2017</name><Style><LineStyle><color>ff00ff00</color><width>3</width></LineStyle></Style><LineString><coordinates>-71.51134,-35.5795699,0 -71.512145,-35.5827866,0</coordinates></LineString></Placemark><Placemark><name>Trabajado - Cuartel 1998 - Hilera 2018</name><Style><LineStyle><color>ff00ff00</color><width>3</width></LineStyle></Style><LineString><coordinates>-71.512145,-35.5827866,0 -71.5112083,-35.5801916,0</coordinates></LineString></Placemark><Placemark><name>Trabajado - Cuartel 1998 - Hilera 2019</name><Style><LineStyle><color>ff00ff00</color><width>3</width></LineStyle></Style><LineString><coordinates>-71.5111783,-35.5802,0 -71.5118983,-35.582825,0</coordinates></LineString></Placemark><Placemark><name>Trabajado - Cuartel 1998 - Hilera 2021</name><Style><LineStyle><color>ff00ff00</color><width>3</width></LineStyle></Style><LineString><coordinates>-71.5116333,-35.5826783,0 -71.5113266,-35.581565,0</coordinates></LineString></Placemark><Placemark><name>Trabajado - Cuartel 1998 - Hilera 2022</name><Style><LineStyle><color>ff00ff00</color><width>3</width></LineStyle></Style><LineString><coordinates>-71.5113116,-35.581565,0 -71.5110766,-35.5808083,0</coordinates></LineString></Placemark><Placemark><name>Trabajado - Cuartel 1998 - Hilera 2023</name><Style><LineStyle><color>ff00ff00</color><width>3</width></LineStyle></Style><LineString><coordinates>-71.5110766,-35.5808083,0 -71.5116466,-35.5829666,0</coordinates></LineString></Placemark><Placemark><name>Trabajado - Cuartel 1998 - Hilera 2025</name><Style><LineStyle><color>ff00ff00</color><width>3</width></LineStyle></Style><LineString><coordinates>-71.5114033,-35.5829383,0 -71.5108066,-35.5810783,0</coordinates></LineString></Placemark><Placemark><name>Trabajado - Cuartel 1998 - Hilera 2026</name><Style><LineStyle><color>ff00ff00</color><width>3</width></LineStyle></Style><LineString><coordinates>-71.5108066,-35.5810783,0 -71.5112983,-35.5830933,0</coordinates></LineString></Placemark><Placemark><name>Trabajado - Cuartel 1998 - Hilera 2028</name><Style><LineStyle><color>ff00ff00</color><width>3</width></LineStyle></Style><LineString><coordinates>-71.511135,-35.5830399,0 -71.5106266,-35.5811683,0</coordinates></LineString></Placemark><Placemark><name>Trabajado - Cuartel 1998 - Hilera 2029</name><Style><LineStyle><color>ff00ff00</color><width>3</width></LineStyle></Style><LineString><coordinates>-71.5106266,-35.5811683,0 -71.5112166,-35.5830733,0</coordinates></LineString></Placemark><Placemark><name>Trabajado - Cuartel 1998 - Hilera 2031</name><Style><LineStyle><color>ff00ff00</color><width>3</width></LineStyle></Style><LineString><coordinates>-71.511175,-35.5831383,0 -71.5105283,-35.5812566,0</coordinates></LineString></Placemark><Placemark><name>Trabajado - Cuartel 1998 - Hilera 2033</name><Style><LineStyle><color>ff00ff00</color><width>3</width></LineStyle></Style><LineString><coordinates>-71.5103416,-35.5814449,0 -71.5108816,-35.5831883,0</coordinates></LineString></Placemark><Placemark><name>Trabajado - Cuartel 1998 - Hilera 2035</name><Style><LineStyle><color>ff00ff00</color><width>3</width></LineStyle></Style><LineString><coordinates>-71.5107699,-35.5831949,0 -71.510235,-35.5815133,0</coordinates></LineString></Placemark><Placemark><name>Trabajado - Cuartel 1998 - Hilera 2037</name><Style><LineStyle><color>ff00ff00</color><width>3</width></LineStyle></Style><LineString><coordinates>-71.5104716,-35.5832366,0 -71.509955,-35.5816766,0</coordinates></LineString></Placemark><Placemark><name>Trabajado - Cuartel 1998 - Hilera 2038</name><Style><LineStyle><color>ff00ff00</color><width>3</width></LineStyle></Style><LineString><coordinates>-71.509955,-35.5816766,0 -71.5102483,-35.5832416,0</coordinates></LineString></Placemark><Placemark><name>Trabajado - Cuartel 1998 - Hilera 2041</name><Style><LineStyle><color>ff00ff00</color><width>3</width></LineStyle></Style><LineString><coordinates>-71.509855,-35.5821716,0 -71.5102116,-35.5834516,0</coordinates></LineString></Placemark><Placemark><name>Trabajado - Cuartel 1998 - Hilera 2045</name><Style><LineStyle><color>ff00ff00</color><width>3</width></LineStyle></Style><LineString><coordinates>-71.509905,-35.5834766,0 -71.5094949,-35.58216,0</coordinates></LineString></Placemark><Placemark><name>Trabajado - Cuartel 1998 - Hilera 2047</name><Style><LineStyle><color>ff00ff00</color><width>3</width></LineStyle></Style><LineString><coordinates>-71.5092683,-35.5821783,0 -71.5097166,-35.5836133,0</coordinates></LineString></Placemark><Placemark><name>Trabajado - Cuartel 1998 - Hilera 2049</name><Style><LineStyle><color>ff00ff00</color><width>3</width></LineStyle></Style><LineString><coordinates>-71.5082216,-35.5840199,0 -71.507875,-35.5829083,0</coordinates></LineString></Placemark><Placemark><name>Trabajado - Cuartel 1998 - Hilera 2056</name><Style><LineStyle><color>ff00ff00</color><width>3</width></LineStyle></Style><LineString><coordinates>-71.5080433,-35.5826049,0 -71.5084566,-35.5839383,0</coordinates></LineString></Placemark><Placemark><name>Trabajado - Cuartel 1998 - Hilera 2061</name><Style><LineStyle><color>ff00ff00</color><width>3</width></LineStyle></Style><LineString><coordinates>-71.5088133,-35.5837416,0 -71.5084483,-35.5824999,0</coordinates></LineString></Placemark><Placemark><name>Trabajado - Cuartel 1998 - Hilera 2063</name><Style><LineStyle><color>ff00ff00</color><width>3</width></LineStyle></Style><LineString><coordinates>-71.5086199,-35.58235,0 -71.5090583,-35.583695,0</coordinates></LineString></Placemark><Placemark><name>Trabajado - Cuartel 1998 - Hilera 2065</name><Style><LineStyle><color>ff00ff00</color><width>3</width></LineStyle></Style><LineString><coordinates>-71.5093483,-35.5837283,0 -71.5089633,-35.5822949,0</coordinates></LineString></Placemark><Placemark><name>Trabajado - Cuartel 1998 - Hilera 2067</name><Style><LineStyle><color>ff00ff00</color><width>3</width></LineStyle></Style><LineString><coordinates>-71.508725,-35.5823483,0 -71.5091549,-35.5837683,0</coordinates></LineString></Placemark><Placemark><name>Trabajado - Cuartel 1998 - Hilera 2069</name><Style><LineStyle><color>ff00ff00</color><width>3</width></LineStyle></Style><LineString><coordinates>-71.5093883,-35.5835949,0 -71.50901,-35.5822633,0</coordinates></LineString></Placemark><Placemark><name>Trabajado - Cuartel 1998 - Hilera 2073</name><Style><LineStyle><color>ff00ff00</color><width>3</width></LineStyle></Style><LineString><coordinates>-71.50926,-35.5822866,0 -71.5096616,-35.5836183,0</coordinates></LineString></Placemark><Placemark><name>Trabajado - Cuartel 1998 - Hilera 2075</name><Style><LineStyle><color>ff00ff00</color><width>3</width></LineStyle></Style><LineString><coordinates>-71.5130916,-35.5824333,0 -71.5119983,-35.5787033,0</coordinates></LineString></Placemark><Placemark><name>Trabajado - Cuartel 1998 - Hilera 2077</name><Style><LineStyle><color>ff00ff00</color><width>3</width></LineStyle></Style><LineString><coordinates>-71.5125233,-35.5800866,0 -71.5124199,-35.5799233,0</coordinates></LineString></Placemark><Placemark><name>Trabajado - Cuartel 1998 - Hilera 2078</name><Style><LineStyle><color>ff00ff00</color><width>3</width></LineStyle></Style><LineString><coordinates>-71.5124683,-35.5800083,0 -71.5132033,-35.5823633,0</coordinates></LineString></Placemark><Placemark><name>Trabajado - Cuartel 1998 - Hilera 2092</name><Style><LineStyle><color>ff00ff00</color><width>3</width></LineStyle></Style><LineString><coordinates>-71.5154033,-35.5772733,0 -71.51658610484344,-35.581128401687025,0</coordinates></LineString></Placemark><Placemark><name>Trabajado - Cuartel 1998 - Hilera 2093</name><Style><LineStyle><color>ff00ff00</color><width>3</width></LineStyle></Style><LineString><coordinates>-71.5160465940868,-35.57937007943099,0 -71.5160533,-35.57928,0</coordinates></LineString></Placemark><Placemark><name>Trabajado - Cuartel 1998 - Hilera 2096</name><Style><LineStyle><color>ff00ff00</color><width>3</width></LineStyle></Style><LineString><coordinates>-71.5165299,-35.5812366,0 -71.5152533,-35.5771266,0</coordinates></LineString></Placemark><Placemark><name>Trabajado - Cuartel 1998 - Hilera 2106</name><Style><LineStyle><color>ff00ff00</color><width>3</width></LineStyle></Style><LineString><coordinates>-71.51534901236438,-35.578164859979736,0 -71.515755,-35.5794866,0</coordinates></LineString></Placemark><Placemark><name>Trabajado - Cuartel 1998 - Hilera 2107</name><Style><LineStyle><color>ff00ff00</color><width>3</width></LineStyle></Style><LineString><coordinates>-71.515755,-35.5794866,0 -71.5157133,-35.5796683,0</coordinates></LineString></Placemark><Placemark><name>Trabajado - Cuartel 1998 - Hilera 2111</name><Style><LineStyle><color>ff00ff00</color><width>3</width></LineStyle></Style><LineString><coordinates>-71.5157516,-35.5796149,0 -71.5156616,-35.5794733,0</coordinates></LineString></Placemark><Placemark><name>Trabajado - Cuartel 1998 - Hilera 2113</name><Style><LineStyle><color>ff00ff00</color><width>3</width></LineStyle></Style><LineString><coordinates>-71.51472,-35.5770433,0 -71.51603,-35.5815349,0</coordinates></LineString></Placemark><Placemark><name>Trabajado - Cuartel 1998 - Hilera 2114</name><Style><LineStyle><color>ff00ff00</color><width>3</width></LineStyle></Style><LineString><coordinates>-71.51603,-35.5815349,0 -71.51458,-35.5770066,0</coordinates></LineString></Placemark><Placemark><name>Trabajado - Cuartel 1998 - Hilera 2124</name><Style><LineStyle><color>ff00ff00</color><width>3</width></LineStyle></Style><LineString><coordinates>-71.5121683,-35.578465,0 -71.5133783,-35.5823066,0</coordinates></LineString></Placemark><Placemark><name>Trabajado - Cuartel 1998 - Hilera 2126</name><Style><LineStyle><color>ff00ff00</color><width>3</width></LineStyle></Style><LineString><coordinates>-71.5134266,-35.5822483,0 -71.5127016,-35.5798549,0</coordinates></LineString></Placemark><Placemark><name>Trabajado - Cuartel 1998 - Hilera 2127</name><Style><LineStyle><color>ff00ff00</color><width>3</width></LineStyle></Style><LineString><coordinates>-71.5127183,-35.5798233,0 -71.5126533,-35.5797633,0</coordinates></LineString></Placemark><Placemark><name>Trabajado - Cuartel 1998 - Hilera 2142</name><Style><LineStyle><color>ff00ff00</color><width>3</width></LineStyle></Style><LineString><coordinates>-71.514375,-35.5770683,0 -71.51582029388155,-35.58158832675433,0</coordinates></LineString></Placemark><Placemark><name>Trabajado - Cuartel 1998 - Hilera 2146</name><Style><LineStyle><color>ff00ff00</color><width>3</width></LineStyle></Style><LineString><coordinates>-71.5148966,-35.5797366,0 -71.5148349,-35.5796599,0</coordinates></LineString></Placemark><Placemark><name>Trabajado - Cuartel 1998 - Hilera 2147</name><Style><LineStyle><color>ff00ff00</color><width>3</width></LineStyle></Style><LineString><coordinates>-71.5148349,-35.5796599,0 -71.5148933,-35.5798333,0</coordinates></LineString></Placemark><Placemark><name>Trabajado - Cuartel 1998 - Hilera 2149</name><Style><LineStyle><color>ff00ff00</color><width>3</width></LineStyle></Style><LineString><coordinates>-71.5153783,-35.5816116,0 -71.51391,-35.5769333,0</coordinates></LineString></Placemark><Placemark><name>Trabajado - Cuartel 1998 - Hilera 2152</name><Style><LineStyle><color>ff00ff00</color><width>3</width></LineStyle></Style><LineString><coordinates>-71.5139216,-35.57733,0 -71.515195,-35.5817333,0</coordinates></LineString></Placemark><Placemark><name>Trabajado - Cuartel 1998 - Hilera 2154</name><Style><LineStyle><color>ff00ff00</color><width>3</width></LineStyle></Style><LineString><coordinates>-71.5150566,-35.5816733,0 -71.5135983,-35.5768466,0</coordinates></LineString></Placemark><Placemark><name>Trabajado - Cuartel 1998 - Hilera 2160</name><Style><LineStyle><color>ff00ff00</color><width>3</width></LineStyle></Style><LineString><coordinates>-71.5135516,-35.5782683,0 -71.5148566,-35.5818583,0</coordinates></LineString></Placemark><Placemark><name>Trabajado - Cuartel 1998 - Hilera 2167</name><Style><LineStyle><color>ff00ff00</color><width>3</width></LineStyle></Style><LineString><coordinates>-71.5148983,-35.5818483,0 -71.5144599,-35.5805633,0</coordinates></LineString></Placemark><Placemark><name>Trabajado - Cuartel 1998 - Hilera 2171</name><Style><LineStyle><color>ff00ff00</color><width>3</width></LineStyle></Style><LineString><coordinates>-71.5140349,-35.580005,0 -71.5140533,-35.5800966,0</coordinates></LineString></Placemark><Placemark><name>Trabajado - Cuartel 1998 - Hilera 2172</name><Style><LineStyle><color>ff00ff00</color><width>3</width></LineStyle></Style><LineString><coordinates>-71.5140533,-35.5800966,0 -71.51462,-35.5819366,0</coordinates></LineString></Placemark><Placemark><name>Trabajado - Cuartel 1998 - Hilera 2174</name><Style><LineStyle><color>ff00ff00</color><width>3</width></LineStyle></Style><LineString><coordinates>-71.5145299,-35.5819016,0 -71.51301239049906,-35.577077344482134,0</coordinates></LineString></Placemark><Placemark><name>Trabajado - Cuartel 1998 - Hilera 2184</name><Style><LineStyle><color>ff00ff00</color><width>3</width></LineStyle></Style><LineString><coordinates>-71.5132766,-35.578605,0 -71.5143216,-35.582035,0</coordinates></LineString></Placemark><Placemark><name>Trabajado - Cuartel 1998 - Hilera 2186</name><Style><LineStyle><color>ff00ff00</color><width>3</width></LineStyle></Style><LineString><coordinates>-71.5142316,-35.5820033,0 -71.514055,-35.58134,0</coordinates></LineString></Placemark><Placemark><name>Trabajado - Cuartel 1998 - Hilera 2187</name><Style><LineStyle><color>ff00ff00</color><width>3</width></LineStyle></Style><LineString><coordinates>-71.5140866,-35.58133,0 -71.5139583,-35.5809683,0</coordinates></LineString></Placemark><Placemark><name>Trabajado - Cuartel 1998 - Hilera 2189</name><Style><LineStyle><color>ff00ff00</color><width>3</width></LineStyle></Style><LineString><coordinates>-71.5138549,-35.5810016,0 -71.513805,-35.5806133,0</coordinates></LineString></Placemark><Placemark><name>Trabajado - Cuartel 1998 - Hilera 2194</name><Style><LineStyle><color>ff00ff00</color><width>3</width></LineStyle></Style><LineString><coordinates>-71.5124783,-35.5771466,0 -71.51395466709744,-35.58214769378798,0</coordinates></LineString></Placemark><Placemark><name>Trabajado - Cuartel 1998 - Hilera 2195</name><Style><LineStyle><color>ff00ff00</color><width>3</width></LineStyle></Style><LineString><coordinates>-71.5132333,-35.5796483,0 -71.5133149,-35.579745,0</coordinates></LineString></Placemark><Placemark><name>Trabajado - Cuartel 1998 - Hilera 2196</name><Style><LineStyle><color>ff00ff00</color><width>3</width></LineStyle></Style><LineString><coordinates>-71.5133149,-35.579745,0 -71.5133333,-35.5798933,0</coordinates></LineString></Placemark><Placemark><name>Trabajado - Cuartel 1998 - Hilera 2197</name><Style><LineStyle><color>ff00ff00</color><width>3</width></LineStyle></Style><LineString><coordinates>-71.5133633,-35.5799,0 -71.5134466,-35.5802233,0</coordinates></LineString></Placemark><Placemark><name>Trabajado - Cuartel 1998 - Hilera 2198</name><Style><LineStyle><color>ff00ff00</color><width>3</width></LineStyle></Style><LineString><coordinates>-71.5134183,-35.5802066,0 -71.5134566,-35.58031,0</coordinates></LineString></Placemark><Placemark><name>Trabajado - Cuartel 1998 - Hilera 2199</name><Style><LineStyle><color>ff00ff00</color><width>3</width></LineStyle></Style><LineString><coordinates>-71.5134316,-35.5802233,0 -71.51392,-35.582235,0</coordinates></LineString></Placemark><Placemark><name>Trabajado - Cuartel 1998 - Hilera 2212</name><Style><LineStyle><color>ff00ff00</color><width>3</width></LineStyle></Style><LineString><coordinates>-71.5126,-35.5789916,0 -71.513675,-35.58225,0</coordinates></LineString></Placemark><Placemark><name>Trabajado - Cuartel 1998 - Hilera 2213</name><Style><LineStyle><color>ff00ff00</color><width>3</width></LineStyle></Style><LineString><coordinates>-71.5137416,-35.5822949,0 -71.512345,-35.577445,0</coordinates></LineString></Placemark><Placemark><name>Descartado (grupo chico) - Hilera 2004</name><Style><LineStyle><color>ff00ffff</color><width>3</width></LineStyle></Style><LineString><coordinates>-71.516825,-35.5812533,0 -71.5167249,-35.5812133,0</coordinates></LineString></Placemark><Placemark><name>Descartado (grupo chico) - Hilera 2005</name><Style><LineStyle><color>ff00ffff</color><width>3</width></LineStyle></Style><LineString><coordinates>-71.5167333,-35.58123,0 -71.5160466,-35.5815333,0</coordinates></LineString></Placemark><Placemark><name>Descartado (grupo chico) - Hilera 2006</name><Style><LineStyle><color>ff00ffff</color><width>3</width></LineStyle></Style><LineString><coordinates>-71.51685649790856,-35.581228738279236,0 -71.5129399,-35.5824983,0</coordinates></LineString></Placemark><Placemark><name>Descartado (grupo chico) - Hilera 2163</name><Style><LineStyle><color>ff00ffff</color><width>3</width></LineStyle></Style><LineString><coordinates>-71.5147616,-35.5819083,0 -71.5153733,-35.58158,0</coordinates></LineString></Placemark><Placemark><name>Descartado (grupo chico) - Hilera 2009</name><Style><LineStyle><color>ff00ffff</color><width>3</width></LineStyle></Style><LineString><coordinates>-71.5127933,-35.5825316,0 -71.51255,-35.5825199,0</coordinates></LineString></Placemark><Placemark><name>Descartado (grupo chico) - Hilera 2014</name><Style><LineStyle><color>ff00ffff</color><width>3</width></LineStyle></Style><LineString><coordinates>-71.5124783,-35.5826016,0 -71.51227,-35.582565,0</coordinates></LineString></Placemark><Placemark><name>Descartado (grupo chico) - Hilera 2079</name><Style><LineStyle><color>ff00ffff</color><width>3</width></LineStyle></Style><LineString><coordinates>-71.5132033,-35.5823633,0 -71.513335,-35.5823733,0</coordinates></LineString></Placemark><Placemark><name>Descartado (grupo chico) - Hilera 2020</name><Style><LineStyle><color>ff00ffff</color><width>3</width></LineStyle></Style><LineString><coordinates>-71.5118983,-35.582825,0 -71.5116333,-35.5826783,0</coordinates></LineString></Placemark><Placemark><name>Descartado (grupo chico) - Hilera 2024</name><Style><LineStyle><color>ff00ffff</color><width>3</width></LineStyle></Style><LineString><coordinates>-71.5116466,-35.5829666,0 -71.5114033,-35.5829383,0</coordinates></LineString></Placemark><Placemark><name>Descartado (grupo chico) - Hilera 2027</name><Style><LineStyle><color>ff00ffff</color><width>3</width></LineStyle></Style><LineString><coordinates>-71.5112983,-35.5830933,0 -71.511135,-35.5830399,0</coordinates></LineString></Placemark><Placemark><name>Descartado (grupo chico) - Hilera 2030</name><Style><LineStyle><color>ff00ffff</color><width>3</width></LineStyle></Style><LineString><coordinates>-71.511255,-35.5830983,0 -71.511175,-35.5831383,0</coordinates></LineString></Placemark><Placemark><name>Descartado (grupo chico) - Hilera 2034</name><Style><LineStyle><color>ff00ffff</color><width>3</width></LineStyle></Style><LineString><coordinates>-71.5108816,-35.5831883,0 -71.5107699,-35.5831949,0</coordinates></LineString></Placemark><Placemark><name>Descartado (grupo chico) - Hilera 2074</name><Style><LineStyle><color>ff00ffff</color><width>3</width></LineStyle></Style><LineString><coordinates>-71.5096616,-35.5836183,0 -71.5130916,-35.5824333,0</coordinates></LineString></Placemark><Placemark><name>Descartado (grupo chico) - Hilera 2218</name><Style><LineStyle><color>ff00ffff</color><width>3</width></LineStyle></Style><LineString><coordinates>-71.5140366,-35.5821833,0 -71.5085433,-35.58399,0</coordinates></LineString></Placemark><Placemark><name>Descartado (grupo chico) - Hilera 2039</name><Style><LineStyle><color>ff00ffff</color><width>3</width></LineStyle></Style><LineString><coordinates>-71.5102483,-35.5832416,0 -71.5099983,-35.5834449,0</coordinates></LineString></Placemark><Placemark><name>Descartado (grupo chico) - Hilera 2043</name><Style><LineStyle><color>ff00ffff</color><width>3</width></LineStyle></Style><LineString><coordinates>-71.51028,-35.5834133,0 -71.5100183,-35.5835183,0</coordinates></LineString></Placemark><Placemark><name>Descartado (grupo chico) - Hilera 2042</name><Style><LineStyle><color>ff00ffff</color><width>3</width></LineStyle></Style><LineString><coordinates>-71.5101583,-35.5834133,0 -71.5102616,-35.5834316,0</coordinates></LineString></Placemark><Placemark><name>Descartado (grupo chico) - Hilera 2044</name><Style><LineStyle><color>ff00ffff</color><width>3</width></LineStyle></Style><LineString><coordinates>-71.5100183,-35.5835183,0 -71.509905,-35.5834766,0</coordinates></LineString></Placemark><Placemark><name>Descartado (grupo chico) - Hilera 2048</name><Style><LineStyle><color>ff00ffff</color><width>3</width></LineStyle></Style><LineString><coordinates>-71.5097016,-35.5836116,0 -71.5082616,-35.5840399,0</coordinates></LineString></Placemark><Placemark><name>Descartado (grupo chico) - Hilera 2057</name><Style><LineStyle><color>ff00ffff</color><width>3</width></LineStyle></Style><LineString><coordinates>-71.5084566,-35.5839383,0 -71.5087349,-35.5838033,0</coordinates></LineString></Placemark><Placemark><name>Descartado (grupo chico) - Hilera 2060</name><Style><LineStyle><color>ff00ffff</color><width>3</width></LineStyle></Style><LineString><coordinates>-71.5085633,-35.5839683,0 -71.5088133,-35.5837416,0</coordinates></LineString></Placemark><Placemark><name>Descartado (grupo chico) - Hilera 2068</name><Style><LineStyle><color>ff00ffff</color><width>3</width></LineStyle></Style><LineString><coordinates>-71.5091549,-35.5837683,0 -71.5093883,-35.5835949,0</coordinates></LineString></Placemark><Placemark><name>Descartado (grupo chico) - Hilera 2064</name><Style><LineStyle><color>ff00ffff</color><width>3</width></LineStyle></Style><LineString><coordinates>-71.5090583,-35.583695,0 -71.5093483,-35.5837283,0</coordinates></LineString></Placemark><Placemark><name>Trabajado - Cuartel 2076 - Hilera 2076</name><Style><LineStyle><color>ff00ff00</color><width>3</width></LineStyle></Style><LineString><coordinates>-71.5119983,-35.5787033,0 -71.5125233,-35.5800866,0</coordinates></LineString></Placemark><Placemark><name>Trabajado - Cuartel 2076 - Hilera 2128</name><Style><LineStyle><color>ff00ff00</color><width>3</width></LineStyle></Style><LineString><coordinates>-71.5126783,-35.5797849,0 -71.5121766,-35.5782816,0</coordinates></LineString></Placemark><Placemark><name>Trabajado - Cuartel 2076 - Hilera 2157</name><Style><LineStyle><color>ff00ff00</color><width>3</width></LineStyle></Style><LineString><coordinates>-71.5136566,-35.5777116,0 -71.5137666,-35.578255,0</coordinates></LineString></Placemark><Placemark><name>Trabajado - Cuartel 2076 - Hilera 2168</name><Style><LineStyle><color>ff00ff00</color><width>3</width></LineStyle></Style><LineString><coordinates>-71.5144816,-35.58055,0 -71.51328,-35.5768316,0</coordinates></LineString></Placemark><Placemark><name>Trabajado - Cuartel 2076 - Hilera 2170</name><Style><LineStyle><color>ff00ff00</color><width>3</width></LineStyle></Style><LineString><coordinates>-71.5130883,-35.5770333,0 -71.5139866,-35.5799733,0</coordinates></LineString></Placemark><Placemark><name>Trabajado - Cuartel 2076 - Hilera 2183</name><Style><LineStyle><color>ff00ff00</color><width>3</width></LineStyle></Style><LineString><coordinates>-71.51306,-35.5777499,0 -71.5132766,-35.578605,0</coordinates></LineString></Placemark><Placemark><name>Trabajado - Cuartel 2076 - Hilera 2190</name><Style><LineStyle><color>ff00ff00</color><width>3</width></LineStyle></Style><LineString><coordinates>-71.5138183,-35.5805866,0 -71.51267424133395,-35.57692771010826,0</coordinates></LineString></Placemark><Placemark><name>Trabajado - Cuartel 2076 - Hilera 2211</name><Style><LineStyle><color>ff00ff00</color><width>3</width></LineStyle></Style><LineString><coordinates>-71.5123983,-35.5781133,0 -71.5126616,-35.5789883,0</coordinates></LineString></Placemark><Placemark><name>Trabajado - Cuartel 2076 - Hilera 2215</name><Style><LineStyle><color>ff00ff00</color><width>3</width></LineStyle></Style><LineString><coordinates>-71.512525,-35.5774583,0 -71.5130533,-35.5790966,0</coordinates></LineString></Placemark><Placemark><name>Descartado (grupo chico) - Hilera 2082</name><Style><LineStyle><color>ff00ffff</color><width>3</width></LineStyle></Style><LineString><coordinates>-71.51631,-35.5794033,0 -71.51665,-35.57919,0</coordinates></LineString></Placemark><Placemark><name>Descartado (grupo chico) - Hilera 2089</name><Style><LineStyle><color>ff00ffff</color><width>3</width></LineStyle></Style><LineString><coordinates>-71.516365,-35.5791866,0 -71.5161966,-35.5793016,0</coordinates></LineString></Placemark><Placemark><name>Descartado (grupo chico) - Hilera 2094</name><Style><LineStyle><color>ff00ffff</color><width>3</width></LineStyle></Style><LineString><coordinates>-71.5159633,-35.5793933,0 -71.516065,-35.5793599,0</coordinates></LineString></Placemark><Placemark><name>Descartado (grupo chico) - Hilera 2083</name><Style><LineStyle><color>ff00ffff</color><width>3</width></LineStyle></Style><LineString><coordinates>-71.51665,-35.57919,0 -71.51675,-35.578805,0</coordinates></LineString></Placemark><Placemark><name>Descartado (grupo chico) - Hilera 2085</name><Style><LineStyle><color>ff00ffff</color><width>3</width></LineStyle></Style><LineString><coordinates>-71.516195,-35.5772233,0 -71.5161333,-35.5773766,0</coordinates></LineString></Placemark><Placemark><name>Descartado (grupo chico) - Hilera 2086</name><Style><LineStyle><color>ff00ffff</color><width>3</width></LineStyle></Style><LineString><coordinates>-71.5161333,-35.5773766,0 -71.5166566,-35.579155,0</coordinates></LineString></Placemark><Placemark><name>Descartado (grupo chico) - Hilera 2087</name><Style><LineStyle><color>ff00ffff</color><width>3</width></LineStyle></Style><LineString><coordinates>-71.5166566,-35.579155,0 -71.5158116,-35.5771666,0</coordinates></LineString></Placemark><Placemark><name>Descartado (grupo chico) - Hilera 2088</name><Style><LineStyle><color>ff00ffff</color><width>3</width></LineStyle></Style><LineString><coordinates>-71.5158116,-35.5771666,0 -71.51632,-35.5792183,0</coordinates></LineString></Placemark><Placemark><name>Descartado (grupo chico) - Hilera 2090</name><Style><LineStyle><color>ff00ffff</color><width>3</width></LineStyle></Style><LineString><coordinates>-71.5161966,-35.5793016,0 -71.5156033,-35.5771483,0</coordinates></LineString></Placemark><Placemark><name>Descartado (grupo chico) - Hilera 2095</name><Style><LineStyle><color>ff00ffff</color><width>3</width></LineStyle></Style><LineString><coordinates>-71.5165866,-35.5811283,0 -71.5165299,-35.5812366,0</coordinates></LineString></Placemark><Placemark><name>Descartado (grupo chico) - Hilera 2109</name><Style><LineStyle><color>ff00ffff</color><width>3</width></LineStyle></Style><LineString><coordinates>-71.5163049,-35.581285,0 -71.5162633,-35.58143,0</coordinates></LineString></Placemark><Placemark><name>Descartado (grupo chico) - Hilera 2097</name><Style><LineStyle><color>ff00ffff</color><width>3</width></LineStyle></Style><LineString><coordinates>-71.5152033,-35.5771083,0 -71.5150366,-35.5771166,0</coordinates></LineString></Placemark><Placemark><name>Descartado (grupo chico) - Hilera 2103</name><Style><LineStyle><color>ff00ffff</color><width>3</width></LineStyle></Style><LineString><coordinates>-71.51538,-35.578055,0 -71.51533809777214,-35.57824893210588,0</coordinates></LineString></Placemark><Placemark><name>Descartado (grupo chico) - Hilera 2104</name><Style><LineStyle><color>ff00ffff</color><width>3</width></LineStyle></Style><LineString><coordinates>-71.5153683,-35.5782533,0 -71.5154349,-35.5781816,0</coordinates></LineString></Placemark><Placemark><name>Descartado (grupo chico) - Hilera 2105</name><Style><LineStyle><color>ff00ffff</color><width>3</width></LineStyle></Style><LineString><coordinates>-71.5154349,-35.5781816,0 -71.51539,-35.5782983,0</coordinates></LineString></Placemark><Placemark><name>Descartado (grupo chico) - Hilera 2112</name><Style><LineStyle><color>ff00ffff</color><width>3</width></LineStyle></Style><LineString><coordinates>-71.5156616,-35.5794733,0 -71.51472,-35.5770433,0</coordinates></LineString></Placemark><Placemark><name>Descartado (grupo chico) - Hilera 2143</name><Style><LineStyle><color>ff00ffff</color><width>3</width></LineStyle></Style><LineString><coordinates>-71.5157883,-35.5816083,0 -71.51379757864173,-35.57533499027813,0</coordinates></LineString></Placemark><Placemark><name>Descartado (grupo chico) - Hilera 2145</name><Style><LineStyle><color>ff00ffff</color><width>3</width></LineStyle></Style><LineString><coordinates>-71.5140583,-35.5771016,0 -71.5148966,-35.5797366,0</coordinates></LineString></Placemark><Placemark><name>Descartado (grupo chico) - Hilera 2125</name><Style><LineStyle><color>ff00ffff</color><width>3</width></LineStyle></Style><LineString><coordinates>-71.51340897529141,-35.5822426420174,0 -71.5133383,-35.58239,0</coordinates></LineString></Placemark><Placemark><name>Descartado (grupo chico) - Hilera 2216</name><Style><LineStyle><color>ff00ffff</color><width>3</width></LineStyle></Style><LineString><coordinates>-71.5139683,-35.582145,0 -71.5139399,-35.5822266,0</coordinates></LineString></Placemark><Placemark><name>Descartado (grupo chico) - Hilera 2148</name><Style><LineStyle><color>ff00ffff</color><width>3</width></LineStyle></Style><LineString><coordinates>-71.5148933,-35.5798333,0 -71.5154433,-35.5816416,0</coordinates></LineString></Placemark><Placemark><name>Descartado (grupo chico) - Hilera 2153</name><Style><LineStyle><color>ff00ffff</color><width>3</width></LineStyle></Style><LineString><coordinates>-71.515195,-35.5817333,0 -71.5150566,-35.5816733,0</coordinates></LineString></Placemark><Placemark><name>Descartado (grupo chico) - Hilera 2173</name><Style><LineStyle><color>ff00ffff</color><width>3</width></LineStyle></Style><LineString><coordinates>-71.51462,-35.5819366,0 -71.5145299,-35.5819016,0</coordinates></LineString></Placemark><Placemark><name>Descartado (grupo chico) - Hilera 2185</name><Style><LineStyle><color>ff00ffff</color><width>3</width></LineStyle></Style><LineString><coordinates>-71.5144,-35.582025,0 -71.5142316,-35.5820033,0</coordinates></LineString></Placemark><Placemark><name>Descartado (grupo chico) - Hilera 2158</name><Style><LineStyle><color>ff00ffff</color><width>3</width></LineStyle></Style><LineString><coordinates>-71.5137666,-35.578255,0 -71.5136599,-35.5782283,0</coordinates></LineString></Placemark><Placemark><name>Descartado (grupo chico) - Hilera 2159</name><Style><LineStyle><color>ff00ffff</color><width>3</width></LineStyle></Style><LineString><coordinates>-71.5136599,-35.5782283,0 -71.5135516,-35.5782683,0</coordinates></LineString></Placemark><Placemark><name>Descartado (grupo chico) - Hilera 2161</name><Style><LineStyle><color>ff00ffff</color><width>3</width></LineStyle></Style><LineString><coordinates>-71.5148566,-35.5818583,0 -71.5147666,-35.5819616,0</coordinates></LineString></Placemark><Placemark><name>Descartado (grupo chico) - Hilera 2164</name><Style><LineStyle><color>ff00ffff</color><width>3</width></LineStyle></Style><LineString><coordinates>-71.5148683,-35.5819366,0 -71.5149366,-35.5818616,0</coordinates></LineString></Placemark><Placemark><name>Descartado (grupo chico) - Hilera 2162</name><Style><LineStyle><color>ff00ffff</color><width>3</width></LineStyle></Style><LineString><coordinates>-71.5147666,-35.5819616,0 -71.5147833,-35.5818716,0</coordinates></LineString></Placemark><Placemark><name>Descartado (grupo chico) - Hilera 2165</name><Style><LineStyle><color>ff00ffff</color><width>3</width></LineStyle></Style><LineString><coordinates>-71.5149416,-35.5818633,0 -71.51482,-35.58175,0</coordinates></LineString></Placemark><Placemark><name>Descartado (grupo chico) - Hilera 2166</name><Style><LineStyle><color>ff00ffff</color><width>3</width></LineStyle></Style><LineString><coordinates>-71.514829554028,-35.58174666821507,0 -71.5149233,-35.5819266,0</coordinates></LineString></Placemark><Placemark><name>Descartado (grupo chico) - Hilera 2182</name><Style><LineStyle><color>ff00ffff</color><width>3</width></LineStyle></Style><LineString><coordinates>-71.51272,-35.5773916,0 -71.51306,-35.5777499,0</coordinates></LineString></Placemark><Placemark><name>Descartado (grupo chico) - Hilera 2188</name><Style><LineStyle><color>ff00ffff</color><width>3</width></LineStyle></Style><LineString><coordinates>-71.5139016,-35.58094,0 -71.5138549,-35.5810016,0</coordinates></LineString></Placemark><Placemark><name>Descartado (grupo chico) - Hilera 2191</name><Style><LineStyle><color>ff00ffff</color><width>3</width></LineStyle></Style><LineString><coordinates>-71.51314,-35.5787066,0 -71.51317,-35.5785483,0</coordinates></LineString></Placemark><Placemark><name>Descartado (grupo chico) - Hilera 2192</name><Style><LineStyle><color>ff00ffff</color><width>3</width></LineStyle></Style><LineString><coordinates>-71.5131866,-35.5785749,0 -71.51311,-35.5785383,0</coordinates></LineString></Placemark><Placemark><name>Descartado (grupo chico) - Hilera 2200</name><Style><LineStyle><color>ff00ffff</color><width>3</width></LineStyle></Style><LineString><coordinates>-71.51683918597142,-35.58119363685994,0 -71.508695,-35.5839499,0</coordinates></LineString></Placemark><Placemark><name>Descartado (grupo chico) - Hilera 2217</name><Style><LineStyle><color>ff00ffff</color><width>3</width></LineStyle></Style><LineString><coordinates>-71.5139399,-35.5822266,0 -71.5140366,-35.5821833,0</coordinates></LineString></Placemark><Placemark><name>Descartado (grupo chico) - Hilera 2222</name><Style><LineStyle><color>ff00ffff</color><width>3</width></LineStyle></Style><LineString><coordinates>-71.4665266,-35.5813133,0 -71.4688416,-35.5899366,0</coordinates></LineString></Placemark><Placemark><name>Descartado (grupo chico) - Hilera 2392</name><Style><LineStyle><color>ff00ffff</color><width>3</width></LineStyle></Style><LineString><coordinates>-71.4688083,-35.5897999,0 -71.4664583,-35.5815466,0</coordinates></LineString></Placemark><Placemark><name>Trabajado - Cuartel 2223 - Hilera 2223</name><Style><LineStyle><color>ff00ff00</color><width>3</width></LineStyle></Style><LineString><coordinates>-71.4688416,-35.5899366,0 -71.4694483,-35.58968,0</coordinates></LineString></Placemark><Placemark><name>Trabajado - Cuartel 2223 - Hilera 2224</name><Style><LineStyle><color>ff00ff00</color><width>3</width></LineStyle></Style><LineString><coordinates>-71.46946422013814,-35.58975784294677,0 -71.46939132287444,-35.58940140522202,0</coordinates></LineString></Placemark><Placemark><name>Trabajado - Cuartel 2223 - Hilera 2225</name><Style><LineStyle><color>ff00ff00</color><width>3</width></LineStyle></Style><LineString><coordinates>-71.4693966,-35.5895016,0 -71.4693016,-35.5896199,0</coordinates></LineString></Placemark><Placemark><name>Trabajado - Cuartel 2223 - Hilera 2226</name><Style><LineStyle><color>ff00ff00</color><width>3</width></LineStyle></Style><LineString><coordinates>-71.4693016,-35.5896199,0 -71.4693633,-35.5894216,0</coordinates></LineString></Placemark><Placemark><name>Trabajado - Cuartel 2223 - Hilera 2227</name><Style><LineStyle><color>ff00ff00</color><width>3</width></LineStyle></Style><LineString><coordinates>-71.4693633,-35.5894216,0 -71.4694233,-35.5897916,0</coordinates></LineString></Placemark><Placemark><name>Trabajado - Cuartel 2223 - Hilera 2228</name><Style><LineStyle><color>ff00ff00</color><width>3</width></LineStyle></Style><LineString><coordinates>-71.4694233,-35.5897916,0 -71.46888,-35.5899266,0</coordinates></LineString></Placemark><Placemark><name>Trabajado - Cuartel 2223 - Hilera 2314</name><Style><LineStyle><color>ff00ff00</color><width>3</width></LineStyle></Style><LineString><coordinates>-71.46887466076436,-35.58997145914743,0 -71.4694966,-35.58975,0</coordinates></LineString></Placemark><Placemark><name>Trabajado - Cuartel 2223 - Hilera 2315</name><Style><LineStyle><color>ff00ff00</color><width>3</width></LineStyle></Style><LineString><coordinates>-71.4694966,-35.58975,0 -71.4695433,-35.5894083,0</coordinates></LineString></Placemark><Placemark><name>Trabajado - Cuartel 2223 - Hilera 2316</name><Style><LineStyle><color>ff00ff00</color><width>3</width></LineStyle></Style><LineString><coordinates>-71.4693483,-35.5895016,0 -71.469405,-35.5894216,0</coordinates></LineString></Placemark><Placemark><name>Trabajado - Cuartel 2223 - Hilera 2360</name><Style><LineStyle><color>ff00ff00</color><width>3</width></LineStyle></Style><LineString><coordinates>-71.4689233,-35.5901716,0 -71.469105,-35.5898783,0</coordinates></LineString></Placemark><Placemark><name>Trabajado - Cuartel 2223 - Hilera 2361</name><Style><LineStyle><color>ff00ff00</color><width>3</width></LineStyle></Style><LineString><coordinates>-71.4692783,-35.589825,0 -71.469455,-35.5893866,0</coordinates></LineString></Placemark><Placemark><name>Trabajado - Cuartel 2223 - Hilera 2362</name><Style><LineStyle><color>ff00ff00</color><width>3</width></LineStyle></Style><LineString><coordinates>-71.46948372483392,-35.58937300504043,0 -71.4693554343263,-35.58943372268526,0</coordinates></LineString></Placemark><Placemark><name>Trabajado - Cuartel 2223 - Hilera 2364</name><Style><LineStyle><color>ff00ff00</color><width>3</width></LineStyle></Style><LineString><coordinates>-71.46936537948083,-35.589350835685025,0 -71.4694866,-35.5896399,0</coordinates></LineString></Placemark><Placemark><name>Trabajado - Cuartel 2223 - Hilera 2365</name><Style><LineStyle><color>ff00ff00</color><width>3</width></LineStyle></Style><LineString><coordinates>-71.4694866,-35.5896399,0 -71.469385,-35.5897933,0</coordinates></LineString></Placemark><Placemark><name>Trabajado - Cuartel 2223 - Hilera 2386</name><Style><LineStyle><color>ff00ff00</color><width>3</width></LineStyle></Style><LineString><coordinates>-71.4689,-35.5901333,0 -71.4690166,-35.589905,0</coordinates></LineString></Placemark><Placemark><name>Trabajado - Cuartel 2223 - Hilera 2387</name><Style><LineStyle><color>ff00ff00</color><width>3</width></LineStyle></Style><LineString><coordinates>-71.4690166,-35.589905,0 -71.4694666,-35.5896333,0</coordinates></LineString></Placemark><Placemark><name>Trabajado - Cuartel 2223 - Hilera 2388</name><Style><LineStyle><color>ff00ff00</color><width>3</width></LineStyle></Style><LineString><coordinates>-71.4694666,-35.5896333,0 -71.4695,-35.5893833,0</coordinates></LineString></Placemark><Placemark><name>Trabajado - Cuartel 2223 - Hilera 2389</name><Style><LineStyle><color>ff00ff00</color><width>3</width></LineStyle></Style><LineString><coordinates>-71.4693216,-35.58948,0 -71.4693566,-35.5893533,0</coordinates></LineString></Placemark><Placemark><name>Trabajado - Cuartel 2223 - Hilera 2390</name><Style><LineStyle><color>ff00ff00</color><width>3</width></LineStyle></Style><LineString><coordinates>-71.46945,-35.5895533,0 -71.4691033,-35.589905,0</coordinates></LineString></Placemark><Placemark><name>Descartado (grupo chico) - Hilera 2229</name><Style><LineStyle><color>ff00ffff</color><width>3</width></LineStyle></Style><LineString><coordinates>-71.46888,-35.5899266,0 -71.4691216,-35.5906866,0</coordinates></LineString></Placemark><Placemark><name>Descartado (grupo chico) - Hilera 2313</name><Style><LineStyle><color>ff00ffff</color><width>3</width></LineStyle></Style><LineString><coordinates>-71.4691233,-35.5906916,0 -71.4689866,-35.5899316,0</coordinates></LineString></Placemark><Placemark><name>Descartado (grupo chico) - Hilera 2317</name><Style><LineStyle><color>ff00ffff</color><width>3</width></LineStyle></Style><LineString><coordinates>-71.4688849,-35.5899483,0 -71.46909,-35.5906966,0</coordinates></LineString></Placemark><Placemark><name>Descartado (grupo chico) - Hilera 2385</name><Style><LineStyle><color>ff00ffff</color><width>3</width></LineStyle></Style><LineString><coordinates>-71.46907,-35.5906783,0 -71.4689,-35.5901333,0</coordinates></LineString></Placemark><Placemark><name>Descartado (grupo chico) - Hilera 2230</name><Style><LineStyle><color>ff00ffff</color><width>3</width></LineStyle></Style><LineString><coordinates>-71.46910180375708,-35.59068171118871,0 -71.4692366,-35.590715,0</coordinates></LineString></Placemark><Placemark><name>Descartado (grupo chico) - Hilera 2231</name><Style><LineStyle><color>ff00ffff</color><width>3</width></LineStyle></Style><LineString><coordinates>-71.4692366,-35.590715,0 -71.4724883,-35.5898416,0</coordinates></LineString></Placemark><Placemark><name>Descartado (grupo chico) - Hilera 2318</name><Style><LineStyle><color>ff00ffff</color><width>3</width></LineStyle></Style><LineString><coordinates>-71.46921,-35.5907383,0 -71.47256,-35.5898766,0</coordinates></LineString></Placemark><Placemark><name>Descartado (grupo chico) - Hilera 2366</name><Style><LineStyle><color>ff00ffff</color><width>3</width></LineStyle></Style><LineString><coordinates>-71.469195,-35.5907083,0 -71.47254,-35.5898599,0</coordinates></LineString></Placemark><Placemark><name>Descartado (grupo chico) - Hilera 2384</name><Style><LineStyle><color>ff00ffff</color><width>3</width></LineStyle></Style><LineString><coordinates>-71.47242,-35.5898566,0 -71.4691433,-35.5907116,0</coordinates></LineString></Placemark><Placemark><name>Descartado (grupo chico) - Hilera 2232</name><Style><LineStyle><color>ff00ffff</color><width>3</width></LineStyle></Style><LineString><coordinates>-71.47255937201768,-35.58985443878163,0 -71.4739116,-35.593065,0</coordinates></LineString></Placemark><Placemark><name>Descartado (grupo chico) - Hilera 2359</name><Style><LineStyle><color>ff00ffff</color><width>3</width></LineStyle></Style><LineString><coordinates>-71.47391855979971,-35.593035619996286,0 -71.4725983,-35.5898849,0</coordinates></LineString></Placemark><Placemark><name>Descartado (grupo chico) - Hilera 2233</name><Style><LineStyle><color>ff00ffff</color><width>3</width></LineStyle></Style><LineString><coordinates>-71.47392933319101,-35.593040302501244,0 -71.4738566,-35.5931416,0</coordinates></LineString></Placemark><Placemark><name>Descartado (grupo chico) - Hilera 2382</name><Style><LineStyle><color>ff00ffff</color><width>3</width></LineStyle></Style><LineString><coordinates>-71.47376,-35.5931799,0 -71.4738949,-35.5930399,0</coordinates></LineString></Placemark><Placemark><name>Trabajado - Cuartel 2234 - Hilera 2234</name><Style><LineStyle><color>ff00ff00</color><width>3</width></LineStyle></Style><LineString><coordinates>-71.4738566,-35.5931416,0 -71.4747366,-35.5954466,0</coordinates></LineString></Placemark><Placemark><name>Trabajado - Cuartel 2234 - Hilera 2263</name><Style><LineStyle><color>ff00ff00</color><width>3</width></LineStyle></Style><LineString><coordinates>-71.4713416,-35.5924599,0 -71.4725983,-35.595365,0</coordinates></LineString></Placemark><Placemark><name>Trabajado - Cuartel 2234 - Hilera 2265</name><Style><LineStyle><color>ff00ff00</color><width>3</width></LineStyle></Style><LineString><coordinates>-71.4722683,-35.5952283,0 -71.4711466,-35.5925716,0</coordinates></LineString></Placemark><Placemark><name>Trabajado - Cuartel 2234 - Hilera 2272</name><Style><LineStyle><color>ff00ff00</color><width>3</width></LineStyle></Style><LineString><coordinates>-71.4716116,-35.5937833,0 -71.472235,-35.5952183,0</coordinates></LineString></Placemark><Placemark><name>Trabajado - Cuartel 2234 - Hilera 2274</name><Style><LineStyle><color>ff00ff00</color><width>3</width></LineStyle></Style><LineString><coordinates>-71.4721916,-35.595525,0 -71.4708683,-35.5927449,0</coordinates></LineString></Placemark><Placemark><name>Trabajado - Cuartel 2234 - Hilera 2275</name><Style><LineStyle><color>ff00ff00</color><width>3</width></LineStyle></Style><LineString><coordinates>-71.4708683,-35.5927449,0 -71.4716151319716,-35.594582019993545,0</coordinates></LineString></Placemark><Placemark><name>Trabajado - Cuartel 2234 - Hilera 2279</name><Style><LineStyle><color>ff00ff00</color><width>3</width></LineStyle></Style><LineString><coordinates>-71.4726716,-35.59528,0 -71.472065,-35.5939283,0</coordinates></LineString></Placemark><Placemark><name>Trabajado - Cuartel 2234 - Hilera 2281</name><Style><LineStyle><color>ff00ff00</color><width>3</width></LineStyle></Style><LineString><coordinates>-71.4720783,-35.5936616,0 -71.4729783,-35.5954833,0</coordinates></LineString></Placemark><Placemark><name>Trabajado - Cuartel 2234 - Hilera 2282</name><Style><LineStyle><color>ff00ff00</color><width>3</width></LineStyle></Style><LineString><coordinates>-71.4729783,-35.5954833,0 -71.4723033,-35.593675,0</coordinates></LineString></Placemark><Placemark><name>Trabajado - Cuartel 2234 - Hilera 2285</name><Style><LineStyle><color>ff00ff00</color><width>3</width></LineStyle></Style><LineString><coordinates>-71.4725783,-35.5937466,0 -71.4733049,-35.5954316,0</coordinates></LineString></Placemark><Placemark><name>Trabajado - Cuartel 2234 - Hilera 2286</name><Style><LineStyle><color>ff00ff00</color><width>3</width></LineStyle></Style><LineString><coordinates>-71.4733049,-35.5954316,0 -71.47255,-35.5935566,0</coordinates></LineString></Placemark><Placemark><name>Trabajado - Cuartel 2234 - Hilera 2288</name><Style><LineStyle><color>ff00ff00</color><width>3</width></LineStyle></Style><LineString><coordinates>-71.4728666,-35.5936983,0 -71.4736166,-35.5954599,0</coordinates></LineString></Placemark><Placemark><name>Trabajado - Cuartel 2234 - Hilera 2289</name><Style><LineStyle><color>ff00ff00</color><width>3</width></LineStyle></Style><LineString><coordinates>-71.4736166,-35.5954599,0 -71.4728833,-35.59353,0</coordinates></LineString></Placemark><Placemark><name>Trabajado - Cuartel 2234 - Hilera 2291</name><Style><LineStyle><color>ff00ff00</color><width>3</width></LineStyle></Style><LineString><coordinates>-71.47301,-35.5934183,0 -71.47401445307639,-35.59552952505167,0</coordinates></LineString></Placemark><Placemark><name>Trabajado - Cuartel 2234 - Hilera 2297</name><Style><LineStyle><color>ff00ff00</color><width>3</width></LineStyle></Style><LineString><coordinates>-71.47359525941268,-35.593084128395354,0 -71.4746116,-35.5954966,0</coordinates></LineString></Placemark><Placemark><name>Trabajado - Cuartel 2234 - Hilera 2299</name><Style><LineStyle><color>ff00ff00</color><width>3</width></LineStyle></Style><LineString><coordinates>-71.4717933,-35.5955516,0 -71.470735,-35.5930883,0</coordinates></LineString></Placemark><Placemark><name>Trabajado - Cuartel 2234 - Hilera 2301</name><Style><LineStyle><color>ff00ff00</color><width>3</width></LineStyle></Style><LineString><coordinates>-71.4706099,-35.59305,0 -71.4715733,-35.59533,0</coordinates></LineString></Placemark><Placemark><name>Trabajado - Cuartel 2234 - Hilera 2303</name><Style><LineStyle><color>ff00ff00</color><width>3</width></LineStyle></Style><LineString><coordinates>-71.471465,-35.5955566,0 -71.470465,-35.5932949,0</coordinates></LineString></Placemark><Placemark><name>Trabajado - Cuartel 2234 - Hilera 2305</name><Style><LineStyle><color>ff00ff00</color><width>3</width></LineStyle></Style><LineString><coordinates>-71.4704266,-35.5933816,0 -71.47140137030853,-35.59543309363388,0</coordinates></LineString></Placemark><Placemark><name>Trabajado - Cuartel 2234 - Hilera 2306</name><Style><LineStyle><color>ff00ff00</color><width>3</width></LineStyle></Style><LineString><coordinates>-71.470505,-35.5935466,0 -71.471395,-35.59558,0</coordinates></LineString></Placemark><Placemark><name>Trabajado - Cuartel 2234 - Hilera 2322</name><Style><LineStyle><color>ff00ff00</color><width>3</width></LineStyle></Style><LineString><coordinates>-71.4711733,-35.5955683,0 -71.4702833,-35.5934783,0</coordinates></LineString></Placemark><Placemark><name>Trabajado - Cuartel 2234 - Hilera 2324</name><Style><LineStyle><color>ff00ff00</color><width>3</width></LineStyle></Style><LineString><coordinates>-71.47025,-35.593695,0 -71.4710633,-35.595555,0</coordinates></LineString></Placemark><Placemark><name>Trabajado - Cuartel 2234 - Hilera 2325</name><Style><LineStyle><color>ff00ff00</color><width>3</width></LineStyle></Style><LineString><coordinates>-71.4708116,-35.5955483,0 -71.4697669179171,-35.59286957343714,0</coordinates></LineString></Placemark><Placemark><name>Trabajado - Cuartel 2234 - Hilera 2327</name><Style><LineStyle><color>ff00ff00</color><width>3</width></LineStyle></Style><LineString><coordinates>-71.4696716,-35.5930816,0 -71.470665,-35.5953883,0</coordinates></LineString></Placemark><Placemark><name>Trabajado - Cuartel 2234 - Hilera 2329</name><Style><LineStyle><color>ff00ff00</color><width>3</width></LineStyle></Style><LineString><coordinates>-71.4705299,-35.5956199,0 -71.4694283,-35.5930333,0</coordinates></LineString></Placemark><Placemark><name>Trabajado - Cuartel 2234 - Hilera 2331</name><Style><LineStyle><color>ff00ff00</color><width>3</width></LineStyle></Style><LineString><coordinates>-71.4693899,-35.5929666,0 -71.4703666,-35.5954599,0</coordinates></LineString></Placemark><Placemark><name>Trabajado - Cuartel 2234 - Hilera 2333</name><Style><LineStyle><color>ff00ff00</color><width>3</width></LineStyle></Style><LineString><coordinates>-71.4701566,-35.5955416,0 -71.46961027104024,-35.5942930937642,0</coordinates></LineString></Placemark><Placemark><name>Trabajado - Cuartel 2234 - Hilera 2334</name><Style><LineStyle><color>ff00ff00</color><width>3</width></LineStyle></Style><LineString><coordinates>-71.46964007873937,-35.594382671052095,0 -71.4689883,-35.5930399,0</coordinates></LineString></Placemark><Placemark><name>Trabajado - Cuartel 2234 - Hilera 2335</name><Style><LineStyle><color>ff00ff00</color><width>3</width></LineStyle></Style><LineString><coordinates>-71.4689883,-35.5930399,0 -71.4700233,-35.5956316,0</coordinates></LineString></Placemark><Placemark><name>Trabajado - Cuartel 2234 - Hilera 2336</name><Style><LineStyle><color>ff00ff00</color><width>3</width></LineStyle></Style><LineString><coordinates>-71.4700233,-35.5956316,0 -71.4688366,-35.5931216,0</coordinates></LineString></Placemark><Placemark><name>Trabajado - Cuartel 2234 - Hilera 2339</name><Style><LineStyle><color>ff00ff00</color><width>3</width></LineStyle></Style><LineString><coordinates>-71.4687816,-35.593325,0 -71.4697716,-35.59566,0</coordinates></LineString></Placemark><Placemark><name>Trabajado - Cuartel 2234 - Hilera 2340</name><Style><LineStyle><color>ff00ff00</color><width>3</width></LineStyle></Style><LineString><coordinates>-71.4697716,-35.59566,0 -71.46897934765246,-35.594025189747995,0</coordinates></LineString></Placemark><Placemark><name>Trabajado - Cuartel 2234 - Hilera 2341</name><Style><LineStyle><color>ff00ff00</color><width>3</width></LineStyle></Style><LineString><coordinates>-71.4690516,-35.5942716,0 -71.469185,-35.59435,0</coordinates></LineString></Placemark><Placemark><name>Trabajado - Cuartel 2234 - Hilera 2342</name><Style><LineStyle><color>ff00ff00</color><width>3</width></LineStyle></Style><LineString><coordinates>-71.4691016,-35.594305,0 -71.4690383,-35.594085,0</coordinates></LineString></Placemark><Placemark><name>Trabajado - Cuartel 2234 - Hilera 2343</name><Style><LineStyle><color>ff00ff00</color><width>3</width></LineStyle></Style><LineString><coordinates>-71.46911875812256,-35.59419146012386,0 -71.4691116,-35.5945183,0</coordinates></LineString></Placemark><Placemark><name>Trabajado - Cuartel 2234 - Hilera 2344</name><Style><LineStyle><color>ff00ff00</color><width>3</width></LineStyle></Style><LineString><coordinates>-71.4691116,-35.5945183,0 -71.46904308607978,-35.59399690906723,0</coordinates></LineString></Placemark><Placemark><name>Trabajado - Cuartel 2234 - Hilera 2345</name><Style><LineStyle><color>ff00ff00</color><width>3</width></LineStyle></Style><LineString><coordinates>-71.468975,-35.5940266,0 -71.4690683,-35.5940583,0</coordinates></LineString></Placemark><Placemark><name>Trabajado - Cuartel 2234 - Hilera 2346</name><Style><LineStyle><color>ff00ff00</color><width>3</width></LineStyle></Style><LineString><coordinates>-71.4690683,-35.5940583,0 -71.4689866,-35.5939966,0</coordinates></LineString></Placemark><Placemark><name>Trabajado - Cuartel 2234 - Hilera 2347</name><Style><LineStyle><color>ff00ff00</color><width>3</width></LineStyle></Style><LineString><coordinates>-71.46892406786027,-35.59390097373392,0 -71.469185,-35.5943,0</coordinates></LineString></Placemark><Placemark><name>Trabajado - Cuartel 2234 - Hilera 2348</name><Style><LineStyle><color>ff00ff00</color><width>3</width></LineStyle></Style><LineString><coordinates>-71.4689033,-35.5938866,0 -71.4689833,-35.59395,0</coordinates></LineString></Placemark><Placemark><name>Trabajado - Cuartel 2234 - Hilera 2349</name><Style><LineStyle><color>ff00ff00</color><width>3</width></LineStyle></Style><LineString><coordinates>-71.4690466,-35.5939966,0 -71.46855294835531,-35.59347499006266,0</coordinates></LineString></Placemark><Placemark><name>Trabajado - Cuartel 2234 - Hilera 2350</name><Style><LineStyle><color>ff00ff00</color><width>3</width></LineStyle></Style><LineString><coordinates>-71.4689283,-35.5938716,0 -71.4688183,-35.593865,0</coordinates></LineString></Placemark><Placemark><name>Trabajado - Cuartel 2234 - Hilera 2351</name><Style><LineStyle><color>ff00ff00</color><width>3</width></LineStyle></Style><LineString><coordinates>-71.4688183,-35.593865,0 -71.4689766,-35.593825,0</coordinates></LineString></Placemark><Placemark><name>Trabajado - Cuartel 2234 - Hilera 2352</name><Style><LineStyle><color>ff00ff00</color><width>3</width></LineStyle></Style><LineString><coordinates>-71.4689733,-35.5938333,0 -71.468815,-35.59424,0</coordinates></LineString></Placemark><Placemark><name>Trabajado - Cuartel 2234 - Hilera 2353</name><Style><LineStyle><color>ff00ff00</color><width>3</width></LineStyle></Style><LineString><coordinates>-71.4689399,-35.5938533,0 -71.4688566,-35.5940566,0</coordinates></LineString></Placemark><Placemark><name>Trabajado - Cuartel 2234 - Hilera 2354</name><Style><LineStyle><color>ff00ff00</color><width>3</width></LineStyle></Style><LineString><coordinates>-71.4688566,-35.5940566,0 -71.4689683,-35.5938983,0</coordinates></LineString></Placemark><Placemark><name>Trabajado - Cuartel 2234 - Hilera 2355</name><Style><LineStyle><color>ff00ff00</color><width>3</width></LineStyle></Style><LineString><coordinates>-71.46911743767767,-35.594289786403884,0 -71.4689283,-35.5937933,0</coordinates></LineString></Placemark><Placemark><name>Trabajado - Cuartel 2234 - Hilera 2356</name><Style><LineStyle><color>ff00ff00</color><width>3</width></LineStyle></Style><LineString><coordinates>-71.4689816,-35.59393,0 -71.4689949,-35.5937883,0</coordinates></LineString></Placemark><Placemark><name>Trabajado - Cuartel 2234 - Hilera 2357</name><Style><LineStyle><color>ff00ff00</color><width>3</width></LineStyle></Style><LineString><coordinates>-71.4689949,-35.5937883,0 -71.4688966,-35.5938083,0</coordinates></LineString></Placemark><Placemark><name>Trabajado - Cuartel 2234 - Hilera 2358</name><Style><LineStyle><color>ff00ff00</color><width>3</width></LineStyle></Style><LineString><coordinates>-71.4688966,-35.5938083,0 -71.470285,-35.5941816,0</coordinates></LineString></Placemark><Placemark><name>Trabajado - Cuartel 2234 - Hilera 2368</name><Style><LineStyle><color>ff00ff00</color><width>3</width></LineStyle></Style><LineString><coordinates>-71.4691416,-35.5945333,0 -71.4686266,-35.5931766,0</coordinates></LineString></Placemark><Placemark><name>Trabajado - Cuartel 2234 - Hilera 2370</name><Style><LineStyle><color>ff00ff00</color><width>3</width></LineStyle></Style><LineString><coordinates>-71.46849917483681,-35.59324474500325,0 -71.4695466,-35.59565,0</coordinates></LineString></Placemark><Placemark><name>Trabajado - Cuartel 2234 - Hilera 2372</name><Style><LineStyle><color>ff00ff00</color><width>3</width></LineStyle></Style><LineString><coordinates>-71.4682883,-35.5933183,0 -71.4692333,-35.5956766,0</coordinates></LineString></Placemark><Placemark><name>Trabajado - Cuartel 2234 - Hilera 2374</name><Style><LineStyle><color>ff00ff00</color><width>3</width></LineStyle></Style><LineString><coordinates>-71.4691366,-35.5956316,0 -71.4682266,-35.5933816,0</coordinates></LineString></Placemark><Placemark><name>Trabajado - Cuartel 2234 - Hilera 2376</name><Style><LineStyle><color>ff00ff00</color><width>3</width></LineStyle></Style><LineString><coordinates>-71.4679966,-35.5933699,0 -71.4688216,-35.5954333,0</coordinates></LineString></Placemark><Placemark><name>Trabajado - Cuartel 2234 - Hilera 2378</name><Style><LineStyle><color>ff00ff00</color><width>3</width></LineStyle></Style><LineString><coordinates>-71.4687433,-35.5955,0 -71.4678866,-35.5934233,0</coordinates></LineString></Placemark><Placemark><name>Trabajado - Cuartel 2234 - Hilera 2380</name><Style><LineStyle><color>ff00ff00</color><width>3</width></LineStyle></Style><LineString><coordinates>-71.4678333,-35.5933066,0 -71.4686066,-35.5946716,0</coordinates></LineString></Placemark><Placemark><name>Trabajado - Cuartel 2235 - Hilera 2235</name><Style><LineStyle><color>ff00ff00</color><width>3</width></LineStyle></Style><LineString><coordinates>-71.4746866,-35.5954,0 -71.47287,-35.5911383,0</coordinates></LineString></Placemark><Placemark><name>Trabajado - Cuartel 2235 - Hilera 2239</name><Style><LineStyle><color>ff00ff00</color><width>3</width></LineStyle></Style><LineString><coordinates>-71.47431662761386,-35.59536642658094,0 -71.47251964932812,-35.591174081883594,0</coordinates></LineString></Placemark><Placemark><name>Trabajado - Cuartel 2235 - Hilera 2242</name><Style><LineStyle><color>ff00ff00</color><width>3</width></LineStyle></Style><LineString><coordinates>-71.47299,-35.5925433,0 -71.4733283,-35.5933033,0</coordinates></LineString></Placemark><Placemark><name>Trabajado - Cuartel 2235 - Hilera 2244</name><Style><LineStyle><color>ff00ff00</color><width>3</width></LineStyle></Style><LineString><coordinates>-71.473015,-35.5930683,0 -71.4728316,-35.5927166,0</coordinates></LineString></Placemark><Placemark><name>Trabajado - Cuartel 2235 - Hilera 2292</name><Style><LineStyle><color>ff00ff00</color><width>3</width></LineStyle></Style><LineString><coordinates>-71.4740183,-35.5955283,0 -71.4723266,-35.5915033,0</coordinates></LineString></Placemark><Placemark><name>Trabajado - Cuartel 2235 - Hilera 2294</name><Style><LineStyle><color>ff00ff00</color><width>3</width></LineStyle></Style><LineString><coordinates>-71.4725783,-35.5914916,0 -71.47426914675474,-35.595371211572214,0</coordinates></LineString></Placemark><Placemark><name>Descartado (grupo chico) - Hilera 2236</name><Style><LineStyle><color>ff00ffff</color><width>3</width></LineStyle></Style><LineString><coordinates>-71.47287,-35.5911383,0 -71.4727416,-35.5910916,0</coordinates></LineString></Placemark><Placemark><name>Trabajado - Cuartel 2237 - Hilera 2237</name><Style><LineStyle><color>ff00ff00</color><width>3</width></LineStyle></Style><LineString><coordinates>-71.4727416,-35.5910916,0 -71.4736266,-35.5932466,0</coordinates></LineString></Placemark><Placemark><name>Trabajado - Cuartel 2237 - Hilera 2241</name><Style><LineStyle><color>ff00ff00</color><width>3</width></LineStyle></Style><LineString><coordinates>-71.4724783,-35.5912533,0 -71.47299,-35.5925433,0</coordinates></LineString></Placemark><Placemark><name>Trabajado - Cuartel 2237 - Hilera 2245</name><Style><LineStyle><color>ff00ff00</color><width>3</width></LineStyle></Style><LineString><coordinates>-71.4728316,-35.5927166,0 -71.4723166,-35.591415,0</coordinates></LineString></Placemark><Placemark><name>Trabajado - Cuartel 2237 - Hilera 2247</name><Style><LineStyle><color>ff00ff00</color><width>3</width></LineStyle></Style><LineString><coordinates>-71.4722183,-35.5914566,0 -71.4730183,-35.5933433,0</coordinates></LineString></Placemark><Placemark><name>Trabajado - Cuartel 2237 - Hilera 2249</name><Style><LineStyle><color>ff00ff00</color><width>3</width></LineStyle></Style><LineString><coordinates>-71.4727883,-35.5932066,0 -71.472095,-35.5916199,0</coordinates></LineString></Placemark><Placemark><name>Trabajado - Cuartel 2237 - Hilera 2250</name><Style><LineStyle><color>ff00ff00</color><width>3</width></LineStyle></Style><LineString><coordinates>-71.4720966,-35.5916183,0 -71.4727733,-35.5933699,0</coordinates></LineString></Placemark><Placemark><name>Trabajado - Cuartel 2237 - Hilera 2251</name><Style><LineStyle><color>ff00ff00</color><width>3</width></LineStyle></Style><LineString><coordinates>-71.4727216,-35.5933983,0 -71.4719533,-35.5917033,0</coordinates></LineString></Placemark><Placemark><name>Trabajado - Cuartel 2237 - Hilera 2254</name><Style><LineStyle><color>ff00ff00</color><width>3</width></LineStyle></Style><LineString><coordinates>-71.47186,-35.5919699,0 -71.4723983,-35.59357,0</coordinates></LineString></Placemark><Placemark><name>Trabajado - Cuartel 2237 - Hilera 2255</name><Style><LineStyle><color>ff00ff00</color><width>3</width></LineStyle></Style><LineString><coordinates>-71.4723983,-35.59357,0 -71.471735,-35.591885,0</coordinates></LineString></Placemark><Placemark><name>Trabajado - Cuartel 2237 - Hilera 2256</name><Style><LineStyle><color>ff00ff00</color><width>3</width></LineStyle></Style><LineString><coordinates>-71.471735,-35.591885,0 -71.4722766,-35.5936283,0</coordinates></LineString></Placemark><Placemark><name>Trabajado - Cuartel 2237 - Hilera 2257</name><Style><LineStyle><color>ff00ff00</color><width>3</width></LineStyle></Style><LineString><coordinates>-71.4722766,-35.5936283,0 -71.4715983,-35.5921083,0</coordinates></LineString></Placemark><Placemark><name>Trabajado - Cuartel 2237 - Hilera 2259</name><Style><LineStyle><color>ff00ff00</color><width>3</width></LineStyle></Style><LineString><coordinates>-71.4715516,-35.5921766,0 -71.4720733,-35.593455,0</coordinates></LineString></Placemark><Placemark><name>Trabajado - Cuartel 2237 - Hilera 2261</name><Style><LineStyle><color>ff00ff00</color><width>3</width></LineStyle></Style><LineString><coordinates>-71.4719316,-35.5935683,0 -71.4713716,-35.5923066,0</coordinates></LineString></Placemark><Placemark><name>Trabajado - Cuartel 2237 - Hilera 2267</name><Style><LineStyle><color>ff00ff00</color><width>3</width></LineStyle></Style><LineString><coordinates>-71.4710383,-35.5926116,0 -71.4710733,-35.5927016,0</coordinates></LineString></Placemark><Placemark><name>Trabajado - Cuartel 2237 - Hilera 2271</name><Style><LineStyle><color>ff00ff00</color><width>3</width></LineStyle></Style><LineString><coordinates>-71.4711183,-35.5924666,0 -71.4716116,-35.5937833,0</coordinates></LineString></Placemark><Placemark><name>Trabajado - Cuartel 2237 - Hilera 2296</name><Style><LineStyle><color>ff00ff00</color><width>3</width></LineStyle></Style><LineString><coordinates>-71.4727566,-35.5911166,0 -71.47368200493254,-35.59324590979089,0</coordinates></LineString></Placemark><Placemark><name>Descartado (grupo chico) - Hilera 2238</name><Style><LineStyle><color>ff00ffff</color><width>3</width></LineStyle></Style><LineString><coordinates>-71.4735716,-35.5932649,0 -71.4734116,-35.593255,0</coordinates></LineString></Placemark><Placemark><name>Descartado (grupo chico) - Hilera 2240</name><Style><LineStyle><color>ff00ffff</color><width>3</width></LineStyle></Style><LineString><coordinates>-71.4725283,-35.5911716,0 -71.4724783,-35.5912533,0</coordinates></LineString></Placemark><Placemark><name>Descartado (grupo chico) - Hilera 2243</name><Style><LineStyle><color>ff00ffff</color><width>3</width></LineStyle></Style><LineString><coordinates>-71.4733283,-35.5933033,0 -71.473015,-35.5930683,0</coordinates></LineString></Placemark><Placemark><name>Descartado (grupo chico) - Hilera 2248</name><Style><LineStyle><color>ff00ffff</color><width>3</width></LineStyle></Style><LineString><coordinates>-71.4730183,-35.5933433,0 -71.4727883,-35.5932066,0</coordinates></LineString></Placemark><Placemark><name>Descartado (grupo chico) - Hilera 2284</name><Style><LineStyle><color>ff00ffff</color><width>3</width></LineStyle></Style><LineString><coordinates>-71.4723716,-35.5936033,0 -71.4725783,-35.5937466,0</coordinates></LineString></Placemark><Placemark><name>Descartado (grupo chico) - Hilera 2287</name><Style><LineStyle><color>ff00ffff</color><width>3</width></LineStyle></Style><LineString><coordinates>-71.47255,-35.5935566,0 -71.4728666,-35.5936983,0</coordinates></LineString></Placemark><Placemark><name>Trabajado - Cuartel 2246 - Hilera 2246</name><Style><LineStyle><color>ff00ff00</color><width>3</width></LineStyle></Style><LineString><coordinates>-71.4723166,-35.591415,0 -71.4722183,-35.5914566,0</coordinates></LineString></Placemark><Placemark><name>Trabajado - Cuartel 2246 - Hilera 2252</name><Style><LineStyle><color>ff00ff00</color><width>3</width></LineStyle></Style><LineString><coordinates>-71.4719533,-35.5917033,0 -71.4718799,-35.5917566,0</coordinates></LineString></Placemark><Placemark><name>Trabajado - Cuartel 2246 - Hilera 2258</name><Style><LineStyle><color>ff00ff00</color><width>3</width></LineStyle></Style><LineString><coordinates>-71.4715983,-35.5921083,0 -71.4715516,-35.5921766,0</coordinates></LineString></Placemark><Placemark><name>Trabajado - Cuartel 2246 - Hilera 2293</name><Style><LineStyle><color>ff00ff00</color><width>3</width></LineStyle></Style><LineString><coordinates>-71.4723266,-35.5915033,0 -71.4725783,-35.5914916,0</coordinates></LineString></Placemark><Placemark><name>Trabajado - Cuartel 2246 - Hilera 2295</name><Style><LineStyle><color>ff00ff00</color><width>3</width></LineStyle></Style><LineString><coordinates>-71.47253,-35.591185,0 -71.4727566,-35.5911166,0</coordinates></LineString></Placemark><Placemark><name>Descartado (grupo chico) - Hilera 2253</name><Style><LineStyle><color>ff00ffff</color><width>3</width></LineStyle></Style><LineString><coordinates>-71.4718799,-35.5917566,0 -71.47186,-35.5919699,0</coordinates></LineString></Placemark><Placemark><name>Descartado (grupo chico) - Hilera 2260</name><Style><LineStyle><color>ff00ffff</color><width>3</width></LineStyle></Style><LineString><coordinates>-71.4720733,-35.593455,0 -71.4719316,-35.5935683,0</coordinates></LineString></Placemark><Placemark><name>Descartado (grupo chico) - Hilera 2283</name><Style><LineStyle><color>ff00ffff</color><width>3</width></LineStyle></Style><LineString><coordinates>-71.4723033,-35.593675,0 -71.4723716,-35.5936033,0</coordinates></LineString></Placemark><Placemark><name>Descartado (grupo chico) - Hilera 2290</name><Style><LineStyle><color>ff00ffff</color><width>3</width></LineStyle></Style><LineString><coordinates>-71.4728833,-35.59353,0 -71.47301,-35.5934183,0</coordinates></LineString></Placemark><Placemark><name>Descartado (grupo chico) - Hilera 2262</name><Style><LineStyle><color>ff00ffff</color><width>3</width></LineStyle></Style><LineString><coordinates>-71.4713599,-35.5922433,0 -71.4713416,-35.5924599,0</coordinates></LineString></Placemark><Placemark><name>Descartado (grupo chico) - Hilera 2268</name><Style><LineStyle><color>ff00ffff</color><width>3</width></LineStyle></Style><LineString><coordinates>-71.47103,-35.5926183,0 -71.4709983,-35.5927066,0</coordinates></LineString></Placemark><Placemark><name>Descartado (grupo chico) - Hilera 2269</name><Style><LineStyle><color>ff00ffff</color><width>3</width></LineStyle></Style><LineString><coordinates>-71.4709983,-35.5927066,0 -71.4710183,-35.5925349,0</coordinates></LineString></Placemark><Placemark><name>Descartado (grupo chico) - Hilera 2264</name><Style><LineStyle><color>ff00ffff</color><width>3</width></LineStyle></Style><LineString><coordinates>-71.4725983,-35.595365,0 -71.472325,-35.595295,0</coordinates></LineString></Placemark><Placemark><name>Descartado (grupo chico) - Hilera 2277</name><Style><LineStyle><color>ff00ffff</color><width>3</width></LineStyle></Style><LineString><coordinates>-71.4720266,-35.5954916,0 -71.472595,-35.5954916,0</coordinates></LineString></Placemark><Placemark><name>Descartado (grupo chico) - Hilera 2266</name><Style><LineStyle><color>ff00ffff</color><width>3</width></LineStyle></Style><LineString><coordinates>-71.4711466,-35.5925716,0 -71.4710383,-35.5926116,0</coordinates></LineString></Placemark><Placemark><name>Descartado (grupo chico) - Hilera 2270</name><Style><LineStyle><color>ff00ffff</color><width>3</width></LineStyle></Style><LineString><coordinates>-71.4710183,-35.5925716,0 -71.4711066,-35.5925083,0</coordinates></LineString></Placemark><Placemark><name>Descartado (grupo chico) - Hilera 2273</name><Style><LineStyle><color>ff00ffff</color><width>3</width></LineStyle></Style><LineString><coordinates>-71.472235,-35.5952183,0 -71.4721916,-35.595525,0</coordinates></LineString></Placemark><Placemark><name>Descartado (grupo chico) - Hilera 2278</name><Style><LineStyle><color>ff00ffff</color><width>3</width></LineStyle></Style><LineString><coordinates>-71.472595,-35.5954916,0 -71.4726716,-35.59528,0</coordinates></LineString></Placemark><Placemark><name>Descartado (grupo chico) - Hilera 2276</name><Style><LineStyle><color>ff00ffff</color><width>3</width></LineStyle></Style><LineString><coordinates>-71.4715983,-35.5945866,0 -71.4720266,-35.5954916,0</coordinates></LineString></Placemark><Placemark><name>Descartado (grupo chico) - Hilera 2280</name><Style><LineStyle><color>ff00ffff</color><width>3</width></LineStyle></Style><LineString><coordinates>-71.472065,-35.5939283,0 -71.4720783,-35.5936616,0</coordinates></LineString></Placemark><Placemark><name>Descartado (grupo chico) - Hilera 2298</name><Style><LineStyle><color>ff00ffff</color><width>3</width></LineStyle></Style><LineString><coordinates>-71.4746116,-35.5954966,0 -71.46860142478444,-35.59561389043639,0</coordinates></LineString></Placemark><Placemark><name>Descartado (grupo chico) - Hilera 2307</name><Style><LineStyle><color>ff00ffff</color><width>3</width></LineStyle></Style><LineString><coordinates>-71.47081184629867,-35.59554551241551,0 -71.4715066,-35.5955866,0</coordinates></LineString></Placemark><Placemark><name>Descartado (grupo chico) - Hilera 2300</name><Style><LineStyle><color>ff00ffff</color><width>3</width></LineStyle></Style><LineString><coordinates>-71.470735,-35.5930883,0 -71.4706633,-35.5930166,0</coordinates></LineString></Placemark><Placemark><name>Descartado (grupo chico) - Hilera 2302</name><Style><LineStyle><color>ff00ffff</color><width>3</width></LineStyle></Style><LineString><coordinates>-71.4715733,-35.59533,0 -71.471465,-35.5955566,0</coordinates></LineString></Placemark><Placemark><name>Descartado (grupo chico) - Hilera 2320</name><Style><LineStyle><color>ff00ffff</color><width>3</width></LineStyle></Style><LineString><coordinates>-71.471385,-35.5954383,0 -71.4712566,-35.5956283,0</coordinates></LineString></Placemark><Placemark><name>Descartado (grupo chico) - Hilera 2304</name><Style><LineStyle><color>ff00ffff</color><width>3</width></LineStyle></Style><LineString><coordinates>-71.470465,-35.5932949,0 -71.4704266,-35.5933816,0</coordinates></LineString></Placemark><Placemark><name>Descartado (grupo chico) - Hilera 2323</name><Style><LineStyle><color>ff00ffff</color><width>3</width></LineStyle></Style><LineString><coordinates>-71.4702833,-35.5934783,0 -71.47025,-35.593695,0</coordinates></LineString></Placemark><Placemark><name>Descartado (grupo chico) - Hilera 2308</name><Style><LineStyle><color>ff00ffff</color><width>3</width></LineStyle></Style><LineString><coordinates>-71.4685633,-35.595665,0 -71.4683133,-35.5956566,0</coordinates></LineString></Placemark><Placemark><name>Descartado (grupo chico) - Hilera 2309</name><Style><LineStyle><color>ff00ffff</color><width>3</width></LineStyle></Style><LineString><coordinates>-71.4683133,-35.5956566,0 -71.4681966,-35.5958633,0</coordinates></LineString></Placemark><Placemark><name>Descartado (grupo chico) - Hilera 2311</name><Style><LineStyle><color>ff00ffff</color><width>3</width></LineStyle></Style><LineString><coordinates>-71.4681566,-35.5957416,0 -71.468295,-35.5956199,0</coordinates></LineString></Placemark><Placemark><name>Descartado (grupo chico) - Hilera 2377</name><Style><LineStyle><color>ff00ffff</color><width>3</width></LineStyle></Style><LineString><coordinates>-71.4688216,-35.5954333,0 -71.4687433,-35.5955,0</coordinates></LineString></Placemark><Placemark><name>Descartado (grupo chico) - Hilera 2310</name><Style><LineStyle><color>ff00ffff</color><width>3</width></LineStyle></Style><LineString><coordinates>-71.4681966,-35.5958633,0 -71.4681566,-35.5957416,0</coordinates></LineString></Placemark><Placemark><name>Descartado (grupo chico) - Hilera 2312</name><Style><LineStyle><color>ff00ffff</color><width>3</width></LineStyle></Style><LineString><coordinates>-71.473195,-35.593385,0 -71.4739166,-35.5931033,0</coordinates></LineString></Placemark><Placemark><name>Descartado (grupo chico) - Hilera 2319</name><Style><LineStyle><color>ff00ffff</color><width>3</width></LineStyle></Style><LineString><coordinates>-71.4738716,-35.5931233,0 -71.4707833,-35.5940733,0</coordinates></LineString></Placemark><Placemark><name>Descartado (grupo chico) - Hilera 2321</name><Style><LineStyle><color>ff00ffff</color><width>3</width></LineStyle></Style><LineString><coordinates>-71.4712566,-35.5956283,0 -71.4711733,-35.5955683,0</coordinates></LineString></Placemark><Placemark><name>Descartado (grupo chico) - Hilera 2326</name><Style><LineStyle><color>ff00ffff</color><width>3</width></LineStyle></Style><LineString><coordinates>-71.46974,-35.5928766,0 -71.4696716,-35.5930816,0</coordinates></LineString></Placemark><Placemark><name>Descartado (grupo chico) - Hilera 2328</name><Style><LineStyle><color>ff00ffff</color><width>3</width></LineStyle></Style><LineString><coordinates>-71.470665,-35.5953883,0 -71.4705299,-35.5956199,0</coordinates></LineString></Placemark><Placemark><name>Descartado (grupo chico) - Hilera 2330</name><Style><LineStyle><color>ff00ffff</color><width>3</width></LineStyle></Style><LineString><coordinates>-71.4694283,-35.5930333,0 -71.4693433,-35.5929733,0</coordinates></LineString></Placemark><Placemark><name>Descartado (grupo chico) - Hilera 2332</name><Style><LineStyle><color>ff00ffff</color><width>3</width></LineStyle></Style><LineString><coordinates>-71.4703666,-35.5954599,0 -71.4701566,-35.5955416,0</coordinates></LineString></Placemark><Placemark><name>Descartado (grupo chico) - Hilera 2337</name><Style><LineStyle><color>ff00ffff</color><width>3</width></LineStyle></Style><LineString><coordinates>-71.4688366,-35.5931216,0 -71.4688866,-35.5930416,0</coordinates></LineString></Placemark><Placemark><name>Descartado (grupo chico) - Hilera 2338</name><Style><LineStyle><color>ff00ffff</color><width>3</width></LineStyle></Style><LineString><coordinates>-71.4688866,-35.5930416,0 -71.4687816,-35.593325,0</coordinates></LineString></Placemark><Placemark><name>Descartado (grupo chico) - Hilera 2369</name><Style><LineStyle><color>ff00ffff</color><width>3</width></LineStyle></Style><LineString><coordinates>-71.4686266,-35.5931766,0 -71.4685849,-35.5934416,0</coordinates></LineString></Placemark><Placemark><name>Descartado (grupo chico) - Hilera 2363</name><Style><LineStyle><color>ff00ffff</color><width>3</width></LineStyle></Style><LineString><coordinates>-71.4693633,-35.58943,0 -71.4695966,-35.5895683,0</coordinates></LineString></Placemark><Placemark><name>Descartado (grupo chico) - Hilera 2367</name><Style><LineStyle><color>ff00ffff</color><width>3</width></LineStyle></Style><LineString><coordinates>-71.4738933,-35.5931116,0 -71.4691416,-35.5945333,0</coordinates></LineString></Placemark><Placemark><name>Descartado (grupo chico) - Hilera 2381</name><Style><LineStyle><color>ff00ffff</color><width>3</width></LineStyle></Style><LineString><coordinates>-71.4686066,-35.5946716,0 -71.47376,-35.5931799,0</coordinates></LineString></Placemark><Placemark><name>Descartado (grupo chico) - Hilera 2371</name><Style><LineStyle><color>ff00ffff</color><width>3</width></LineStyle></Style><LineString><coordinates>-71.4684983,-35.593245,0 -71.4682883,-35.5933183,0</coordinates></LineString></Placemark><Placemark><name>Descartado (grupo chico) - Hilera 2373</name><Style><LineStyle><color>ff00ffff</color><width>3</width></LineStyle></Style><LineString><coordinates>-71.4692333,-35.5956766,0 -71.4691366,-35.5956316,0</coordinates></LineString></Placemark><Placemark><name>Descartado (grupo chico) - Hilera 2375</name><Style><LineStyle><color>ff00ffff</color><width>3</width></LineStyle></Style><LineString><coordinates>-71.4682266,-35.5933816,0 -71.4679966,-35.5933699,0</coordinates></LineString></Placemark><Placemark><name>Descartado (grupo chico) - Hilera 2379</name><Style><LineStyle><color>ff00ffff</color><width>3</width></LineStyle></Style><LineString><coordinates>-71.4678866,-35.5934233,0 -71.4678983,-35.593555,0</coordinates></LineString></Placemark><Placemark><name>Descartado (grupo chico) - Hilera 2383</name><Style><LineStyle><color>ff00ffff</color><width>3</width></LineStyle></Style><LineString><coordinates>-71.4725483,-35.5898816,0 -71.47242,-35.5898566,0</coordinates></LineString></Placemark><Placemark><name>Descartado (grupo chico) - Hilera 2391</name><Style><LineStyle><color>ff00ffff</color><width>3</width></LineStyle></Style><LineString><coordinates>-71.4691033,-35.589905,0 -71.4688083,-35.5897999,0</coordinates></LineString></Placemark><Placemark><name>Descartado (grupo chico) - Hilera 2393</name><Style><LineStyle><color>ff00ffff</color><width>3</width></LineStyle></Style><LineString><coordinates>-71.4763516,-35.5772233,0 -71.4765,-35.577395,0</coordinates></LineString></Placemark><Placemark><name>Descartado (grupo chico) - Hilera 2394</name><Style><LineStyle><color>ff00ffff</color><width>3</width></LineStyle></Style><LineString><coordinates>-71.47645760502931,-35.57729087558914,0 -71.4766866,-35.5778533,0</coordinates></LineString></Placemark><Placemark><name>Descartado (grupo chico) - Hilera 2442</name><Style><LineStyle><color>ff00ffff</color><width>3</width></LineStyle></Style><LineString><coordinates>-71.4766133,-35.5776516,0 -71.4767649,-35.5777766,0</coordinates></LineString></Placemark><Placemark><name>Descartado (grupo chico) - Hilera 2395</name><Style><LineStyle><color>ff00ffff</color><width>3</width></LineStyle></Style><LineString><coordinates>-71.4766866,-35.5778533,0 -71.4765766,-35.5778633,0</coordinates></LineString></Placemark><Placemark><name>Descartado (grupo chico) - Hilera 2396</name><Style><LineStyle><color>ff00ffff</color><width>3</width></LineStyle></Style><LineString><coordinates>-71.6343733,-35.4327133,0 -71.6344249,-35.4326016,0</coordinates></LineString></Placemark><Placemark><name>Descartado (grupo chico) - Hilera 2397</name><Style><LineStyle><color>ff00ffff</color><width>3</width></LineStyle></Style><LineString><coordinates>-71.6344249,-35.4326016,0 -71.6330833,-35.429925,0</coordinates></LineString></Placemark><Placemark><name>Descartado (grupo chico) - Hilera 2398</name><Style><LineStyle><color>ff00ffff</color><width>3</width></LineStyle></Style><LineString><coordinates>-71.63311,-35.42988,0 -71.635425,-35.42912,0</coordinates></LineString></Placemark><Placemark><name>Descartado (grupo chico) - Hilera 2399</name><Style><LineStyle><color>ff00ffff</color><width>3</width></LineStyle></Style><LineString><coordinates>-71.635425,-35.42912,0 -71.6355516,-35.4289266,0</coordinates></LineString></Placemark><Placemark><name>Descartado (grupo chico) - Hilera 2400</name><Style><LineStyle><color>ff00ffff</color><width>3</width></LineStyle></Style><LineString><coordinates>-71.2143766,-34.68796,0 -71.2143283,-34.6878283,0</coordinates></LineString></Placemark><Placemark><name>Descartado (grupo chico) - Hilera 2421</name><Style><LineStyle><color>ff00ffff</color><width>3</width></LineStyle></Style><LineString><coordinates>-71.2659149,-34.6553483,0 -71.312835,-33.978735,0</coordinates></LineString></Placemark><Placemark><name>Descartado (grupo chico) - Hilera 2437</name><Style><LineStyle><color>ff00ffff</color><width>3</width></LineStyle></Style><LineString><coordinates>-71.1909316,-34.8596816,0 -71.1908233,-34.8597233,0</coordinates></LineString></Placemark><Placemark><name>Descartado (grupo chico) - Hilera 2438</name><Style><LineStyle><color>ff00ffff</color><width>3</width></LineStyle></Style><LineString><coordinates>-71.6368783,-35.4310333,0 -71.63712162902493,-35.43171259352795,0</coordinates></LineString></Placemark><Placemark><name>Descartado (grupo chico) - Hilera 2439</name><Style><LineStyle><color>ff00ffff</color><width>3</width></LineStyle></Style><LineString><coordinates>-71.6371533,-35.431705,0 -71.6372666,-35.43184,0</coordinates></LineString></Placemark><Placemark><name>Descartado (grupo chico) - Hilera 2440</name><Style><LineStyle><color>ff00ffff</color><width>3</width></LineStyle></Style><LineString><coordinates>-71.6372633,-35.431895,0 -71.6371916,-35.4319683,0</coordinates></LineString></Placemark><Placemark><name>Descartado (grupo chico) - Hilera 2441</name><Style><LineStyle><color>ff00ffff</color><width>3</width></LineStyle></Style><LineString><coordinates>-71.4758866,-35.5773683,0 -71.4763466,-35.5772383,0</coordinates></LineString></Placemark><Placemark><name>Descartado (grupo chico) - Hilera 2443</name><Style><LineStyle><color>ff00ffff</color><width>3</width></LineStyle></Style><LineString><coordinates>-71.4767649,-35.5777766,0 -71.4767416,-35.5778849,0</coordinates></LineString></Placemark><Placemark><name>Descartado (grupo chico) - Hilera 2444</name><Style><LineStyle><color>ff00ffff</color><width>3</width></LineStyle></Style><LineString><coordinates>-71.46305,-35.5594799,0 -71.46295,-35.559475,0</coordinates></LineString></Placemark><Placemark><name>Descartado (grupo chico) - Hilera 2445</name><Style><LineStyle><color>ff00ffff</color><width>3</width></LineStyle></Style><LineString><coordinates>-71.3318833,-35.5732049,0 -71.3316616,-35.573265,0</coordinates></LineString></Placemark><Placemark><name>Descartado (grupo chico) - Hilera 2446</name><Style><LineStyle><color>ff00ffff</color><width>3</width></LineStyle></Style><LineString><coordinates>-71.263515,-35.6379299,0 -71.263625,-35.6379333,0</coordinates></LineString></Placemark><Placemark><name>Descartado (grupo chico) - Hilera 2447</name><Style><LineStyle><color>ff00ffff</color><width>3</width></LineStyle></Style><LineString><coordinates>-71.2716166,-35.6407233,0 -71.2717283,-35.640805,0</coordinates></LineString></Placemark><Placemark><name>Trabajado - Cuartel 2448 - Hilera 2448</name><Style><LineStyle><color>ff00ff00</color><width>3</width></LineStyle></Style><LineString><coordinates>-71.2998949,-35.6439866,0 -71.2998983,-35.6438783,0</coordinates></LineString></Placemark><Placemark><name>Trabajado - Cuartel 2448 - Hilera 2449</name><Style><LineStyle><color>ff00ff00</color><width>3</width></LineStyle></Style><LineString><coordinates>-71.2998983,-35.6438783,0 -71.2998399,-35.64382,0</coordinates></LineString></Placemark><Placemark><name>Trabajado - Cuartel 2448 - Hilera 2450</name><Style><LineStyle><color>ff00ff00</color><width>3</width></LineStyle></Style><LineString><coordinates>-71.2998399,-35.64382,0 -71.299535,-35.6438333,0</coordinates></LineString></Placemark><Placemark><name>Trabajado - Cuartel 2448 - Hilera 2451</name><Style><LineStyle><color>ff00ff00</color><width>3</width></LineStyle></Style><LineString><coordinates>-71.299535,-35.6438333,0 -71.2996449,-35.64387,0</coordinates></LineString></Placemark><Placemark><name>Trabajado - Cuartel 2448 - Hilera 2452</name><Style><LineStyle><color>ff00ff00</color><width>3</width></LineStyle></Style><LineString><coordinates>-71.2996449,-35.64387,0 -71.29949729845272,-35.643693191079414,0</coordinates></LineString></Placemark><Placemark><name>Trabajado - Cuartel 2448 - Hilera 2453</name><Style><LineStyle><color>ff00ff00</color><width>3</width></LineStyle></Style><LineString><coordinates>-71.299515,-35.6436833,0 -71.2994166,-35.6437383,0</coordinates></LineString></Placemark><Placemark><name>Trabajado - Cuartel 2448 - Hilera 2454</name><Style><LineStyle><color>ff00ff00</color><width>3</width></LineStyle></Style><LineString><coordinates>-71.2994166,-35.6437383,0 -71.2993933,-35.6439433,0</coordinates></LineString></Placemark><Placemark><name>Trabajado - Cuartel 2448 - Hilera 2566</name><Style><LineStyle><color>ff00ff00</color><width>3</width></LineStyle></Style><LineString><coordinates>-71.2998283,-35.6441083,0 -71.2999066,-35.6445116,0</coordinates></LineString></Placemark><Placemark><name>Trabajado - Cuartel 2448 - Hilera 2567</name><Style><LineStyle><color>ff00ff00</color><width>3</width></LineStyle></Style><LineString><coordinates>-71.29992,-35.6444883,0 -71.2997566,-35.6444383,0</coordinates></LineString></Placemark><Placemark><name>Trabajado - Cuartel 2448 - Hilera 2568</name><Style><LineStyle><color>ff00ff00</color><width>3</width></LineStyle></Style><LineString><coordinates>-71.29972060922364,-35.64453294241188,0 -71.2998916,-35.6440833,0</coordinates></LineString></Placemark><Placemark><name>Trabajado - Cuartel 2448 - Hilera 2663</name><Style><LineStyle><color>ff00ff00</color><width>3</width></LineStyle></Style><LineString><coordinates>-71.29972670975602,-35.643891153082,0 -71.29995,-35.6444983,0</coordinates></LineString></Placemark><Placemark><name>Trabajado - Cuartel 2448 - Hilera 2664</name><Style><LineStyle><color>ff00ff00</color><width>3</width></LineStyle></Style><LineString><coordinates>-71.2999699,-35.6444633,0 -71.2998983,-35.644395,0</coordinates></LineString></Placemark><Placemark><name>Trabajado - Cuartel 2448 - Hilera 2665</name><Style><LineStyle><color>ff00ff00</color><width>3</width></LineStyle></Style><LineString><coordinates>-71.2997716,-35.6445883,0 -71.2998816,-35.6440466,0</coordinates></LineString></Placemark><Placemark><name>Trabajado - Cuartel 2448 - Hilera 2726</name><Style><LineStyle><color>ff00ff00</color><width>3</width></LineStyle></Style><LineString><coordinates>-71.3004833,-35.644055,0 -71.2995466,-35.6437366,0</coordinates></LineString></Placemark><Placemark><name>Trabajado - Cuartel 2448 - Hilera 2727</name><Style><LineStyle><color>ff00ff00</color><width>3</width></LineStyle></Style><LineString><coordinates>-71.2995749,-35.6437633,0 -71.2998983,-35.6440433,0</coordinates></LineString></Placemark><Placemark><name>Trabajado - Cuartel 2448 - Hilera 2783</name><Style><LineStyle><color>ff00ff00</color><width>3</width></LineStyle></Style><LineString><coordinates>-71.29980202274739,-35.64392001350765,0 -71.2997983,-35.6443116,0</coordinates></LineString></Placemark><Placemark><name>Trabajado - Cuartel 2448 - Hilera 2784</name><Style><LineStyle><color>ff00ff00</color><width>3</width></LineStyle></Style><LineString><coordinates>-71.29978822106706,-35.64429941103225,0 -71.2999416,-35.6444849,0</coordinates></LineString></Placemark><Placemark><name>Trabajado - Cuartel 2448 - Hilera 2785</name><Style><LineStyle><color>ff00ff00</color><width>3</width></LineStyle></Style><LineString><coordinates>-71.2999166,-35.6444849,0 -71.2998383,-35.6445749,0</coordinates></LineString></Placemark><Placemark><name>Trabajado - Cuartel 2448 - Hilera 2945</name><Style><LineStyle><color>ff00ff00</color><width>3</width></LineStyle></Style><LineString><coordinates>-71.2998916,-35.6440383,0 -71.2999366,-35.6444983,0</coordinates></LineString></Placemark><Placemark><name>Trabajado - Cuartel 2448 - Hilera 2946</name><Style><LineStyle><color>ff00ff00</color><width>3</width></LineStyle></Style><LineString><coordinates>-71.2998966,-35.644515,0 -71.30008,-35.6445683,0</coordinates></LineString></Placemark><Placemark><name>Trabajado - Cuartel 2448 - Hilera 2947</name><Style><LineStyle><color>ff00ff00</color><width>3</width></LineStyle></Style><LineString><coordinates>-71.30008,-35.6445683,0 -71.2999066,-35.6445533,0</coordinates></LineString></Placemark><Placemark><name>Trabajado - Cuartel 2448 - Hilera 2948</name><Style><LineStyle><color>ff00ff00</color><width>3</width></LineStyle></Style><LineString><coordinates>-71.2999116,-35.6445233,0 -71.2997783,-35.644625,0</coordinates></LineString></Placemark><Placemark><name>Trabajado - Cuartel 2448 - Hilera 2949</name><Style><LineStyle><color>ff00ff00</color><width>3</width></LineStyle></Style><LineString><coordinates>-71.2997266,-35.6445849,0 -71.29984805015405,-35.644075506870756,0</coordinates></LineString></Placemark><Placemark><name>Trabajado - Cuartel 2448 - Hilera 2950</name><Style><LineStyle><color>ff00ff00</color><width>3</width></LineStyle></Style><LineString><coordinates>-71.299845,-35.6440883,0 -71.29995219626639,-35.64405074375052,0</coordinates></LineString></Placemark><Placemark><name>Trabajado - Cuartel 2448 - Hilera 2987</name><Style><LineStyle><color>ff00ff00</color><width>3</width></LineStyle></Style><LineString><coordinates>-71.2998683,-35.6440683,0 -71.2998083,-35.6441216,0</coordinates></LineString></Placemark><Placemark><name>Trabajado - Cuartel 2448 - Hilera 2989</name><Style><LineStyle><color>ff00ff00</color><width>3</width></LineStyle></Style><LineString><coordinates>-71.29991657086913,-35.644458804713366,0 -71.2997933,-35.6445099,0</coordinates></LineString></Placemark><Placemark><name>Trabajado - Cuartel 2448 - Hilera 2990</name><Style><LineStyle><color>ff00ff00</color><width>3</width></LineStyle></Style><LineString><coordinates>-71.2998366,-35.6445783,0 -71.2997783,-35.6443983,0</coordinates></LineString></Placemark><Placemark><name>Trabajado - Cuartel 2448 - Hilera 2993</name><Style><LineStyle><color>ff00ff00</color><width>3</width></LineStyle></Style><LineString><coordinates>-71.29978561838821,-35.64430471111249,0 -71.3000033,-35.6446166,0</coordinates></LineString></Placemark><Placemark><name>Trabajado - Cuartel 2448 - Hilera 2994</name><Style><LineStyle><color>ff00ff00</color><width>3</width></LineStyle></Style><LineString><coordinates>-71.3000033,-35.6446166,0 -71.2999566,-35.6448633,0</coordinates></LineString></Placemark><Placemark><name>Trabajado - Cuartel 2448 - Hilera 2995</name><Style><LineStyle><color>ff00ff00</color><width>3</width></LineStyle></Style><LineString><coordinates>-71.2999183,-35.6448516,0 -71.29984907049975,-35.644181862924704,0</coordinates></LineString></Placemark><Placemark><name>Trabajado - Cuartel 2448 - Hilera 2996</name><Style><LineStyle><color>ff00ff00</color><width>3</width></LineStyle></Style><LineString><coordinates>-71.2998916,-35.6445933,0 -71.3000666,-35.64452,0</coordinates></LineString></Placemark><Placemark><name>Trabajado - Cuartel 2448 - Hilera 2997</name><Style><LineStyle><color>ff00ff00</color><width>3</width></LineStyle></Style><LineString><coordinates>-71.3000666,-35.64452,0 -71.2997883,-35.6445349,0</coordinates></LineString></Placemark><Placemark><name>Trabajado - Cuartel 2448 - Hilera 2998</name><Style><LineStyle><color>ff00ff00</color><width>3</width></LineStyle></Style><LineString><coordinates>-71.2997883,-35.6445349,0 -71.2998433,-35.644455,0</coordinates></LineString></Placemark><Placemark><name>Trabajado - Cuartel 2448 - Hilera 3071</name><Style><LineStyle><color>ff00ff00</color><width>3</width></LineStyle></Style><LineString><coordinates>-71.3,-35.644085,0 -71.2997133,-35.6439016,0</coordinates></LineString></Placemark><Placemark><name>Trabajado - Cuartel 2448 - Hilera 3072</name><Style><LineStyle><color>ff00ff00</color><width>3</width></LineStyle></Style><LineString><coordinates>-71.2997133,-35.6439016,0 -71.2995041393762,-35.643893853310225,0</coordinates></LineString></Placemark><Placemark><name>Trabajado - Cuartel 2448 - Hilera 3073</name><Style><LineStyle><color>ff00ff00</color><width>3</width></LineStyle></Style><LineString><coordinates>-71.2995749,-35.6439483,0 -71.2997999,-35.64392,0</coordinates></LineString></Placemark><Placemark><name>Trabajado - Cuartel 2448 - Hilera 3342</name><Style><LineStyle><color>ff00ff00</color><width>3</width></LineStyle></Style><LineString><coordinates>-71.299905,-35.6444666,0 -71.2997933,-35.6444033,0</coordinates></LineString></Placemark><Placemark><name>Trabajado - Cuartel 2448 - Hilera 3343</name><Style><LineStyle><color>ff00ff00</color><width>3</width></LineStyle></Style><LineString><coordinates>-71.2997933,-35.6444033,0 -71.2997333,-35.64402,0</coordinates></LineString></Placemark><Placemark><name>Trabajado - Cuartel 2448 - Hilera 3344</name><Style><LineStyle><color>ff00ff00</color><width>3</width></LineStyle></Style><LineString><coordinates>-71.2994666,-35.6439866,0 -71.2994483,-35.64389,0</coordinates></LineString></Placemark><Placemark><name>Trabajado - Cuartel 2448 - Hilera 3345</name><Style><LineStyle><color>ff00ff00</color><width>3</width></LineStyle></Style><LineString><coordinates>-71.2996916,-35.6438999,0 -71.2996416,-35.6439816,0</coordinates></LineString></Placemark><Placemark><name>Trabajado - Cuartel 2448 - Hilera 3346</name><Style><LineStyle><color>ff00ff00</color><width>3</width></LineStyle></Style><LineString><coordinates>-71.2997516,-35.6438799,0 -71.2996483,-35.6439133,0</coordinates></LineString></Placemark><Placemark><name>Trabajado - Cuartel 2448 - Hilera 3524</name><Style><LineStyle><color>ff00ff00</color><width>3</width></LineStyle></Style><LineString><coordinates>-71.2998716,-35.644015,0 -71.2996533,-35.64378,0</coordinates></LineString></Placemark><Placemark><name>Trabajado - Cuartel 2448 - Hilera 3525</name><Style><LineStyle><color>ff00ff00</color><width>3</width></LineStyle></Style><LineString><coordinates>-71.2996116,-35.6438316,0 -71.2996283,-35.6437483,0</coordinates></LineString></Placemark><Placemark><name>Trabajado - Cuartel 2448 - Hilera 3526</name><Style><LineStyle><color>ff00ff00</color><width>3</width></LineStyle></Style><LineString><coordinates>-71.29963486098136,-35.64375089978886,0 -71.2995483,-35.6437166,0</coordinates></LineString></Placemark><Placemark><name>Trabajado - Cuartel 2448 - Hilera 3527</name><Style><LineStyle><color>ff00ff00</color><width>3</width></LineStyle></Style><LineString><coordinates>-71.2997883,-35.6438349,0 -71.29991,-35.644,0</coordinates></LineString></Placemark><Placemark><name>Trabajado - Cuartel 2448 - Hilera 3587</name><Style><LineStyle><color>ff00ff00</color><width>3</width></LineStyle></Style><LineString><coordinates>-71.2999116,-35.6440816,0 -71.2998433,-35.644145,0</coordinates></LineString></Placemark><Placemark><name>Trabajado - Cuartel 2455 - Hilera 2455</name><Style><LineStyle><color>ff00ff00</color><width>3</width></LineStyle></Style><LineString><coordinates>-71.2993933,-35.6439433,0 -71.30393,-35.644455,0</coordinates></LineString></Placemark><Placemark><name>Trabajado - Cuartel 2455 - Hilera 2569</name><Style><LineStyle><color>ff00ff00</color><width>3</width></LineStyle></Style><LineString><coordinates>-71.2998916,-35.6440833,0 -71.3041966,-35.6446099,0</coordinates></LineString></Placemark><Placemark><name>Trabajado - Cuartel 2455 - Hilera 2662</name><Style><LineStyle><color>ff00ff00</color><width>3</width></LineStyle></Style><LineString><coordinates>-71.30530940919964,-35.644629613702726,0 -71.2998633,-35.6440816,0</coordinates></LineString></Placemark><Placemark><name>Trabajado - Cuartel 2455 - Hilera 2666</name><Style><LineStyle><color>ff00ff00</color><width>3</width></LineStyle></Style><LineString><coordinates>-71.2998816,-35.6440466,0 -71.30418,-35.6445733,0</coordinates></LineString></Placemark><Placemark><name>Trabajado - Cuartel 2455 - Hilera 2724</name><Style><LineStyle><color>ff00ff00</color><width>3</width></LineStyle></Style><LineString><coordinates>-71.3040883,-35.644495,0 -71.29987214866331,-35.64404422254462,0</coordinates></LineString></Placemark><Placemark><name>Trabajado - Cuartel 2455 - Hilera 2782</name><Style><LineStyle><color>ff00ff00</color><width>3</width></LineStyle></Style><LineString><coordinates>-71.30417224536004,-35.64452735473175,0 -71.2998583,-35.6441133,0</coordinates></LineString></Placemark><Placemark><name>Trabajado - Cuartel 2455 - Hilera 2951</name><Style><LineStyle><color>ff00ff00</color><width>3</width></LineStyle></Style><LineString><coordinates>-71.2999449,-35.6440533,0 -71.3041933,-35.644605,0</coordinates></LineString></Placemark><Placemark><name>Trabajado - Cuartel 2455 - Hilera 2999</name><Style><LineStyle><color>ff00ff00</color><width>3</width></LineStyle></Style><LineString><coordinates>-71.29946640290102,-35.64398774434278,0 -71.3041962020958,-35.644533020716786,0</coordinates></LineString></Placemark><Placemark><name>Trabajado - Cuartel 2455 - Hilera 3528</name><Style><LineStyle><color>ff00ff00</color><width>3</width></LineStyle></Style><LineString><coordinates>-71.29991,-35.644,0 -71.3040583,-35.6445566,0</coordinates></LineString></Placemark><Placemark><name>Trabajado - Cuartel 2456 - Hilera 2456</name><Style><LineStyle><color>ff00ff00</color><width>3</width></LineStyle></Style><LineString><coordinates>-71.30393,-35.644455,0 -71.30418,-35.6447283,0</coordinates></LineString></Placemark><Placemark><name>Trabajado - Cuartel 2456 - Hilera 2723</name><Style><LineStyle><color>ff00ff00</color><width>3</width></LineStyle></Style><LineString><coordinates>-71.3042083,-35.6447333,0 -71.3040883,-35.644495,0</coordinates></LineString></Placemark><Placemark><name>Trabajado - Cuartel 2456 - Hilera 2728</name><Style><LineStyle><color>ff00ff00</color><width>3</width></LineStyle></Style><LineString><coordinates>-71.3037899,-35.6444666,0 -71.304175,-35.6447583,0</coordinates></LineString></Placemark><Placemark><name>Trabajado - Cuartel 2456 - Hilera 2781</name><Style><LineStyle><color>ff00ff00</color><width>3</width></LineStyle></Style><LineString><coordinates>-71.3041983,-35.6445766,0 -71.30413,-35.6445233,0</coordinates></LineString></Placemark><Placemark><name>Trabajado - Cuartel 2456 - Hilera 2786</name><Style><LineStyle><color>ff00ff00</color><width>3</width></LineStyle></Style><LineString><coordinates>-71.3039016,-35.64448,0 -71.304185,-35.6447116,0</coordinates></LineString></Placemark><Placemark><name>Trabajado - Cuartel 2456 - Hilera 2944</name><Style><LineStyle><color>ff00ff00</color><width>3</width></LineStyle></Style><LineString><coordinates>-71.3041966,-35.644625,0 -71.304045,-35.644475,0</coordinates></LineString></Placemark><Placemark><name>Trabajado - Cuartel 2456 - Hilera 3352</name><Style><LineStyle><color>ff00ff00</color><width>3</width></LineStyle></Style><LineString><coordinates>-71.3039733,-35.6444516,0 -71.3041833,-35.6446166,0</coordinates></LineString></Placemark><Placemark><name>Trabajado - Cuartel 2456 - Hilera 3521</name><Style><LineStyle><color>ff00ff00</color><width>3</width></LineStyle></Style><LineString><coordinates>-71.3047249,-35.6453433,0 -71.3042883,-35.6445516,0</coordinates></LineString></Placemark><Placemark><name>Trabajado - Cuartel 2456 - Hilera 3522</name><Style><LineStyle><color>ff00ff00</color><width>3</width></LineStyle></Style><LineString><coordinates>-71.3042883,-35.6445516,0 -71.3037466,-35.6444216,0</coordinates></LineString></Placemark><Placemark><name>Trabajado - Cuartel 2456 - Hilera 3523</name><Style><LineStyle><color>ff00ff00</color><width>3</width></LineStyle></Style><LineString><coordinates>-71.303745,-35.6444166,0 -71.3035516,-35.644335,0</coordinates></LineString></Placemark><Placemark><name>Trabajado - Cuartel 2456 - Hilera 3529</name><Style><LineStyle><color>ff00ff00</color><width>3</width></LineStyle></Style><LineString><coordinates>-71.3040583,-35.6445566,0 -71.3041816,-35.64465,0</coordinates></LineString></Placemark><Placemark><name>Trabajado - Cuartel 2457 - Hilera 2457</name><Style><LineStyle><color>ff00ff00</color><width>3</width></LineStyle></Style><LineString><coordinates>-71.30419496162034,-35.64457427275942,0 -71.3034633,-35.6521066,0</coordinates></LineString></Placemark><Placemark><name>Trabajado - Cuartel 2457 - Hilera 2459</name><Style><LineStyle><color>ff00ff00</color><width>3</width></LineStyle></Style><LineString><coordinates>-71.3035283,-35.652035,0 -71.3038733,-35.6491616,0</coordinates></LineString></Placemark><Placemark><name>Trabajado - Cuartel 2457 - Hilera 2460</name><Style><LineStyle><color>ff00ff00</color><width>3</width></LineStyle></Style><LineString><coordinates>-71.3038733,-35.6491616,0 -71.3036216,-35.6519883,0</coordinates></LineString></Placemark><Placemark><name>Trabajado - Cuartel 2457 - Hilera 2462</name><Style><LineStyle><color>ff00ff00</color><width>3</width></LineStyle></Style><LineString><coordinates>-71.3037233,-35.6520899,0 -71.30404808971154,-35.64886840052917,0</coordinates></LineString></Placemark><Placemark><name>Trabajado - Cuartel 2457 - Hilera 2463</name><Style><LineStyle><color>ff00ff00</color><width>3</width></LineStyle></Style><LineString><coordinates>-71.3039866,-35.6494783,0 -71.30440662113573,-35.649220947248985,0</coordinates></LineString></Placemark><Placemark><name>Trabajado - Cuartel 2457 - Hilera 2464</name><Style><LineStyle><color>ff00ff00</color><width>3</width></LineStyle></Style><LineString><coordinates>-71.3043783,-35.6492383,0 -71.3046033,-35.6492216,0</coordinates></LineString></Placemark><Placemark><name>Trabajado - Cuartel 2457 - Hilera 2465</name><Style><LineStyle><color>ff00ff00</color><width>3</width></LineStyle></Style><LineString><coordinates>-71.3045949,-35.6492033,0 -71.3045483,-35.6493116,0</coordinates></LineString></Placemark><Placemark><name>Trabajado - Cuartel 2457 - Hilera 2466</name><Style><LineStyle><color>ff00ff00</color><width>3</width></LineStyle></Style><LineString><coordinates>-71.3045483,-35.6493116,0 -71.30418,-35.6493916,0</coordinates></LineString></Placemark><Placemark><name>Trabajado - Cuartel 2457 - Hilera 2467</name><Style><LineStyle><color>ff00ff00</color><width>3</width></LineStyle></Style><LineString><coordinates>-71.30418,-35.6493916,0 -71.304005,-35.65225,0</coordinates></LineString></Placemark><Placemark><name>Trabajado - Cuartel 2457 - Hilera 2468</name><Style><LineStyle><color>ff00ff00</color><width>3</width></LineStyle></Style><LineString><coordinates>-71.304005,-35.65225,0 -71.30442,-35.6492433,0</coordinates></LineString></Placemark><Placemark><name>Trabajado - Cuartel 2457 - Hilera 2469</name><Style><LineStyle><color>ff00ff00</color><width>3</width></LineStyle></Style><LineString><coordinates>-71.30448,-35.6492366,0 -71.3042283,-35.652305,0</coordinates></LineString></Placemark><Placemark><name>Trabajado - Cuartel 2457 - Hilera 2471</name><Style><LineStyle><color>ff00ff00</color><width>3</width></LineStyle></Style><LineString><coordinates>-71.3043433,-35.6522766,0 -71.3044633,-35.6512583,0</coordinates></LineString></Placemark><Placemark><name>Trabajado - Cuartel 2457 - Hilera 2472</name><Style><LineStyle><color>ff00ff00</color><width>3</width></LineStyle></Style><LineString><coordinates>-71.3045399,-35.651205,0 -71.3045283,-35.650425,0</coordinates></LineString></Placemark><Placemark><name>Trabajado - Cuartel 2457 - Hilera 2474</name><Style><LineStyle><color>ff00ff00</color><width>3</width></LineStyle></Style><LineString><coordinates>-71.30478227222906,-35.65090399076644,0 -71.3046,-35.6502183,0</coordinates></LineString></Placemark><Placemark><name>Trabajado - Cuartel 2457 - Hilera 2475</name><Style><LineStyle><color>ff00ff00</color><width>3</width></LineStyle></Style><LineString><coordinates>-71.3046183,-35.6501733,0 -71.3045966,-35.6500999,0</coordinates></LineString></Placemark><Placemark><name>Trabajado - Cuartel 2457 - Hilera 2476</name><Style><LineStyle><color>ff00ff00</color><width>3</width></LineStyle></Style><LineString><coordinates>-71.3045966,-35.6500999,0 -71.3045866,-35.6498166,0</coordinates></LineString></Placemark><Placemark><name>Trabajado - Cuartel 2457 - Hilera 2477</name><Style><LineStyle><color>ff00ff00</color><width>3</width></LineStyle></Style><LineString><coordinates>-71.3046366,-35.6497983,0 -71.3046083,-35.6497249,0</coordinates></LineString></Placemark><Placemark><name>Trabajado - Cuartel 2457 - Hilera 2478</name><Style><LineStyle><color>ff00ff00</color><width>3</width></LineStyle></Style><LineString><coordinates>-71.3046083,-35.6497249,0 -71.30470832117608,-35.64940483223656,0</coordinates></LineString></Placemark><Placemark><name>Trabajado - Cuartel 2457 - Hilera 2479</name><Style><LineStyle><color>ff00ff00</color><width>3</width></LineStyle></Style><LineString><coordinates>-71.3047249,-35.6494083,0 -71.30451786588287,-35.64918130282305,0</coordinates></LineString></Placemark><Placemark><name>Trabajado - Cuartel 2457 - Hilera 2480</name><Style><LineStyle><color>ff00ff00</color><width>3</width></LineStyle></Style><LineString><coordinates>-71.3045466,-35.6492283,0 -71.3045516,-35.6493733,0</coordinates></LineString></Placemark><Placemark><name>Trabajado - Cuartel 2457 - Hilera 2481</name><Style><LineStyle><color>ff00ff00</color><width>3</width></LineStyle></Style><LineString><coordinates>-71.3045949,-35.649335,0 -71.3045383,-35.6492183,0</coordinates></LineString></Placemark><Placemark><name>Trabajado - Cuartel 2457 - Hilera 2482</name><Style><LineStyle><color>ff00ff00</color><width>3</width></LineStyle></Style><LineString><coordinates>-71.3044716,-35.6492866,0 -71.3046516,-35.6493616,0</coordinates></LineString></Placemark><Placemark><name>Trabajado - Cuartel 2457 - Hilera 2483</name><Style><LineStyle><color>ff00ff00</color><width>3</width></LineStyle></Style><LineString><coordinates>-71.3046533,-35.6492783,0 -71.304795,-35.6493966,0</coordinates></LineString></Placemark><Placemark><name>Trabajado - Cuartel 2457 - Hilera 2484</name><Style><LineStyle><color>ff00ff00</color><width>3</width></LineStyle></Style><LineString><coordinates>-71.304795,-35.6493966,0 -71.3048149,-35.6496183,0</coordinates></LineString></Placemark><Placemark><name>Trabajado - Cuartel 2457 - Hilera 2485</name><Style><LineStyle><color>ff00ff00</color><width>3</width></LineStyle></Style><LineString><coordinates>-71.30483,-35.6496133,0 -71.304705,-35.65026,0</coordinates></LineString></Placemark><Placemark><name>Trabajado - Cuartel 2457 - Hilera 2486</name><Style><LineStyle><color>ff00ff00</color><width>3</width></LineStyle></Style><LineString><coordinates>-71.304705,-35.65026,0 -71.3046683,-35.6510516,0</coordinates></LineString></Placemark><Placemark><name>Trabajado - Cuartel 2457 - Hilera 2487</name><Style><LineStyle><color>ff00ff00</color><width>3</width></LineStyle></Style><LineString><coordinates>-71.3046683,-35.6510516,0 -71.304535,-35.6522633,0</coordinates></LineString></Placemark><Placemark><name>Trabajado - Cuartel 2457 - Hilera 2489</name><Style><LineStyle><color>ff00ff00</color><width>3</width></LineStyle></Style><LineString><coordinates>-71.3046666,-35.6523066,0 -71.3047716,-35.6521316,0</coordinates></LineString></Placemark><Placemark><name>Trabajado - Cuartel 2457 - Hilera 2490</name><Style><LineStyle><color>ff00ff00</color><width>3</width></LineStyle></Style><LineString><coordinates>-71.3047716,-35.6521316,0 -71.3048116,-35.650925,0</coordinates></LineString></Placemark><Placemark><name>Trabajado - Cuartel 2457 - Hilera 2491</name><Style><LineStyle><color>ff00ff00</color><width>3</width></LineStyle></Style><LineString><coordinates>-71.304845,-35.650915,0 -71.3049183,-35.65099,0</coordinates></LineString></Placemark><Placemark><name>Trabajado - Cuartel 2457 - Hilera 2492</name><Style><LineStyle><color>ff00ff00</color><width>3</width></LineStyle></Style><LineString><coordinates>-71.30483034905296,-35.650971706203016,0 -71.3051183,-35.6510316,0</coordinates></LineString></Placemark><Placemark><name>Trabajado - Cuartel 2457 - Hilera 2493</name><Style><LineStyle><color>ff00ff00</color><width>3</width></LineStyle></Style><LineString><coordinates>-71.3048283,-35.6509783,0 -71.30492,-35.6509266,0</coordinates></LineString></Placemark><Placemark><name>Trabajado - Cuartel 2457 - Hilera 2494</name><Style><LineStyle><color>ff00ff00</color><width>3</width></LineStyle></Style><LineString><coordinates>-71.3049783,-35.6509349,0 -71.30492,-35.6513666,0</coordinates></LineString></Placemark><Placemark><name>Trabajado - Cuartel 2457 - Hilera 2495</name><Style><LineStyle><color>ff00ff00</color><width>3</width></LineStyle></Style><LineString><coordinates>-71.30492,-35.6513666,0 -71.305135,-35.6514683,0</coordinates></LineString></Placemark><Placemark><name>Trabajado - Cuartel 2457 - Hilera 2496</name><Style><LineStyle><color>ff00ff00</color><width>3</width></LineStyle></Style><LineString><coordinates>-71.30592236202384,-35.65117213630294,0 -71.3049933,-35.6515216,0</coordinates></LineString></Placemark><Placemark><name>Trabajado - Cuartel 2457 - Hilera 2497</name><Style><LineStyle><color>ff00ff00</color><width>3</width></LineStyle></Style><LineString><coordinates>-71.3049933,-35.6515216,0 -71.3049383,-35.652215,0</coordinates></LineString></Placemark><Placemark><name>Trabajado - Cuartel 2457 - Hilera 2499</name><Style><LineStyle><color>ff00ff00</color><width>3</width></LineStyle></Style><LineString><coordinates>-71.30542620194737,-35.65127532786277,0 -71.3049616,-35.6523516,0</coordinates></LineString></Placemark><Placemark><name>Trabajado - Cuartel 2457 - Hilera 2500</name><Style><LineStyle><color>ff00ff00</color><width>3</width></LineStyle></Style><LineString><coordinates>-71.3049616,-35.6523516,0 -71.3051266,-35.6510183,0</coordinates></LineString></Placemark><Placemark><name>Trabajado - Cuartel 2457 - Hilera 2501</name><Style><LineStyle><color>ff00ff00</color><width>3</width></LineStyle></Style><LineString><coordinates>-71.3051266,-35.6510183,0 -71.30522,-35.65097,0</coordinates></LineString></Placemark><Placemark><name>Trabajado - Cuartel 2457 - Hilera 2502</name><Style><LineStyle><color>ff00ff00</color><width>3</width></LineStyle></Style><LineString><coordinates>-71.30522,-35.65097,0 -71.3052466,-35.651075,0</coordinates></LineString></Placemark><Placemark><name>Trabajado - Cuartel 2457 - Hilera 2503</name><Style><LineStyle><color>ff00ff00</color><width>3</width></LineStyle></Style><LineString><coordinates>-71.3052466,-35.651075,0 -71.3053399,-35.6511266,0</coordinates></LineString></Placemark><Placemark><name>Trabajado - Cuartel 2457 - Hilera 2504</name><Style><LineStyle><color>ff00ff00</color><width>3</width></LineStyle></Style><LineString><coordinates>-71.30541969640521,-35.65095896569141,0 -71.3052883,-35.651235,0</coordinates></LineString></Placemark><Placemark><name>Trabajado - Cuartel 2457 - Hilera 2505</name><Style><LineStyle><color>ff00ff00</color><width>3</width></LineStyle></Style><LineString><coordinates>-71.3053166,-35.6511899,0 -71.3054133,-35.6512716,0</coordinates></LineString></Placemark><Placemark><name>Trabajado - Cuartel 2457 - Hilera 2506</name><Style><LineStyle><color>ff00ff00</color><width>3</width></LineStyle></Style><LineString><coordinates>-71.3051383,-35.6519066,0 -71.305275,-35.65182,0</coordinates></LineString></Placemark><Placemark><name>Trabajado - Cuartel 2457 - Hilera 2507</name><Style><LineStyle><color>ff00ff00</color><width>3</width></LineStyle></Style><LineString><coordinates>-71.305275,-35.65182,0 -71.3052683,-35.65196,0</coordinates></LineString></Placemark><Placemark><name>Trabajado - Cuartel 2457 - Hilera 2508</name><Style><LineStyle><color>ff00ff00</color><width>3</width></LineStyle></Style><LineString><coordinates>-71.3052683,-35.65196,0 -71.3052183,-35.6520283,0</coordinates></LineString></Placemark><Placemark><name>Trabajado - Cuartel 2457 - Hilera 2510</name><Style><LineStyle><color>ff00ff00</color><width>3</width></LineStyle></Style><LineString><coordinates>-71.3052033,-35.6520433,0 -71.30528,-35.65244,0</coordinates></LineString></Placemark><Placemark><name>Trabajado - Cuartel 2457 - Hilera 2511</name><Style><LineStyle><color>ff00ff00</color><width>3</width></LineStyle></Style><LineString><coordinates>-71.3053033,-35.65243,0 -71.3053033,-35.6522133,0</coordinates></LineString></Placemark><Placemark><name>Trabajado - Cuartel 2457 - Hilera 2512</name><Style><LineStyle><color>ff00ff00</color><width>3</width></LineStyle></Style><LineString><coordinates>-71.3053033,-35.6522133,0 -71.3053666,-35.6521566,0</coordinates></LineString></Placemark><Placemark><name>Trabajado - Cuartel 2457 - Hilera 2513</name><Style><LineStyle><color>ff00ff00</color><width>3</width></LineStyle></Style><LineString><coordinates>-71.3053666,-35.6521566,0 -71.30533,-35.6519,0</coordinates></LineString></Placemark><Placemark><name>Trabajado - Cuartel 2457 - Hilera 2514</name><Style><LineStyle><color>ff00ff00</color><width>3</width></LineStyle></Style><LineString><coordinates>-71.3053183,-35.6518916,0 -71.3053916,-35.6515133,0</coordinates></LineString></Placemark><Placemark><name>Trabajado - Cuartel 2457 - Hilera 2515</name><Style><LineStyle><color>ff00ff00</color><width>3</width></LineStyle></Style><LineString><coordinates>-71.30545,-35.651495,0 -71.3053766,-35.6514016,0</coordinates></LineString></Placemark><Placemark><name>Trabajado - Cuartel 2457 - Hilera 2516</name><Style><LineStyle><color>ff00ff00</color><width>3</width></LineStyle></Style><LineString><coordinates>-71.3053399,-35.6512333,0 -71.3053933,-35.6512983,0</coordinates></LineString></Placemark><Placemark><name>Trabajado - Cuartel 2457 - Hilera 2517</name><Style><LineStyle><color>ff00ff00</color><width>3</width></LineStyle></Style><LineString><coordinates>-71.3053933,-35.6512983,0 -71.30535755092899,-35.65067864943599,0</coordinates></LineString></Placemark><Placemark><name>Trabajado - Cuartel 2457 - Hilera 2518</name><Style><LineStyle><color>ff00ff00</color><width>3</width></LineStyle></Style><LineString><coordinates>-71.3054333,-35.6509633,0 -71.3054833,-35.6510266,0</coordinates></LineString></Placemark><Placemark><name>Trabajado - Cuartel 2457 - Hilera 2519</name><Style><LineStyle><color>ff00ff00</color><width>3</width></LineStyle></Style><LineString><coordinates>-71.3054833,-35.6510266,0 -71.305395,-35.6510399,0</coordinates></LineString></Placemark><Placemark><name>Trabajado - Cuartel 2457 - Hilera 2520</name><Style><LineStyle><color>ff00ff00</color><width>3</width></LineStyle></Style><LineString><coordinates>-71.305395,-35.6510399,0 -71.3051983,-35.6507966,0</coordinates></LineString></Placemark><Placemark><name>Trabajado - Cuartel 2457 - Hilera 2521</name><Style><LineStyle><color>ff00ff00</color><width>3</width></LineStyle></Style><LineString><coordinates>-71.3052616,-35.6507616,0 -71.3054616,-35.6502916,0</coordinates></LineString></Placemark><Placemark><name>Trabajado - Cuartel 2457 - Hilera 2522</name><Style><LineStyle><color>ff00ff00</color><width>3</width></LineStyle></Style><LineString><coordinates>-71.305445,-35.6502216,0 -71.3054666,-35.6496083,0</coordinates></LineString></Placemark><Placemark><name>Trabajado - Cuartel 2457 - Hilera 2523</name><Style><LineStyle><color>ff00ff00</color><width>3</width></LineStyle></Style><LineString><coordinates>-71.3054883,-35.6495366,0 -71.3053883,-35.649325,0</coordinates></LineString></Placemark><Placemark><name>Trabajado - Cuartel 2457 - Hilera 2524</name><Style><LineStyle><color>ff00ff00</color><width>3</width></LineStyle></Style><LineString><coordinates>-71.3053883,-35.649325,0 -71.30514,-35.6494566,0</coordinates></LineString></Placemark><Placemark><name>Trabajado - Cuartel 2457 - Hilera 2525</name><Style><LineStyle><color>ff00ff00</color><width>3</width></LineStyle></Style><LineString><coordinates>-71.30522685231169,-35.649494485414046,0 -71.304667152557,-35.64925034157338,0</coordinates></LineString></Placemark><Placemark><name>Trabajado - Cuartel 2457 - Hilera 2526</name><Style><LineStyle><color>ff00ff00</color><width>3</width></LineStyle></Style><LineString><coordinates>-71.3049566,-35.6493766,0 -71.3048466,-35.64945,0</coordinates></LineString></Placemark><Placemark><name>Trabajado - Cuartel 2457 - Hilera 2527</name><Style><LineStyle><color>ff00ff00</color><width>3</width></LineStyle></Style><LineString><coordinates>-71.3048949,-35.6493866,0 -71.3047516,-35.6508316,0</coordinates></LineString></Placemark><Placemark><name>Trabajado - Cuartel 2457 - Hilera 2528</name><Style><LineStyle><color>ff00ff00</color><width>3</width></LineStyle></Style><LineString><coordinates>-71.3047516,-35.6508316,0 -71.30719000795945,-35.651186272222624,0</coordinates></LineString></Placemark><Placemark><name>Trabajado - Cuartel 2457 - Hilera 2529</name><Style><LineStyle><color>ff00ff00</color><width>3</width></LineStyle></Style><LineString><coordinates>-71.3055883,-35.6509533,0 -71.305595,-35.6513216,0</coordinates></LineString></Placemark><Placemark><name>Trabajado - Cuartel 2457 - Hilera 2530</name><Style><LineStyle><color>ff00ff00</color><width>3</width></LineStyle></Style><LineString><coordinates>-71.305645,-35.6513249,0 -71.3053066,-35.6513266,0</coordinates></LineString></Placemark><Placemark><name>Trabajado - Cuartel 2457 - Hilera 2531</name><Style><LineStyle><color>ff00ff00</color><width>3</width></LineStyle></Style><LineString><coordinates>-71.3053066,-35.6513266,0 -71.3048133,-35.6516283,0</coordinates></LineString></Placemark><Placemark><name>Trabajado - Cuartel 2457 - Hilera 2532</name><Style><LineStyle><color>ff00ff00</color><width>3</width></LineStyle></Style><LineString><coordinates>-71.30532,-35.65141,0 -71.305445,-35.6514799,0</coordinates></LineString></Placemark><Placemark><name>Trabajado - Cuartel 2457 - Hilera 2533</name><Style><LineStyle><color>ff00ff00</color><width>3</width></LineStyle></Style><LineString><coordinates>-71.305445,-35.6514799,0 -71.3055616,-35.6519183,0</coordinates></LineString></Placemark><Placemark><name>Trabajado - Cuartel 2457 - Hilera 2534</name><Style><LineStyle><color>ff00ff00</color><width>3</width></LineStyle></Style><LineString><coordinates>-71.3055616,-35.6519183,0 -71.305505,-35.65199,0</coordinates></LineString></Placemark><Placemark><name>Trabajado - Cuartel 2457 - Hilera 2535</name><Style><LineStyle><color>ff00ff00</color><width>3</width></LineStyle></Style><LineString><coordinates>-71.3054083,-35.6519483,0 -71.3055033,-35.6521916,0</coordinates></LineString></Placemark><Placemark><name>Trabajado - Cuartel 2457 - Hilera 2536</name><Style><LineStyle><color>ff00ff00</color><width>3</width></LineStyle></Style><LineString><coordinates>-71.3055366,-35.6522083,0 -71.3055733,-35.6525516,0</coordinates></LineString></Placemark><Placemark><name>Trabajado - Cuartel 2457 - Hilera 2537</name><Style><LineStyle><color>ff00ff00</color><width>3</width></LineStyle></Style><LineString><coordinates>-71.3055733,-35.6525516,0 -71.30570780364354,-35.65213757931349,0</coordinates></LineString></Placemark><Placemark><name>Trabajado - Cuartel 2457 - Hilera 2539</name><Style><LineStyle><color>ff00ff00</color><width>3</width></LineStyle></Style><LineString><coordinates>-71.305595,-35.6521416,0 -71.305745,-35.6511049,0</coordinates></LineString></Placemark><Placemark><name>Trabajado - Cuartel 2457 - Hilera 2540</name><Style><LineStyle><color>ff00ff00</color><width>3</width></LineStyle></Style><LineString><coordinates>-71.3057516,-35.6511083,0 -71.3059266,-35.6510783,0</coordinates></LineString></Placemark><Placemark><name>Trabajado - Cuartel 2457 - Hilera 2541</name><Style><LineStyle><color>ff00ff00</color><width>3</width></LineStyle></Style><LineString><coordinates>-71.3059266,-35.6510783,0 -71.3059333,-35.6511916,0</coordinates></LineString></Placemark><Placemark><name>Trabajado - Cuartel 2457 - Hilera 2542</name><Style><LineStyle><color>ff00ff00</color><width>3</width></LineStyle></Style><LineString><coordinates>-71.30582,-35.6512066,0 -71.3059083,-35.6513416,0</coordinates></LineString></Placemark><Placemark><name>Trabajado - Cuartel 2457 - Hilera 2543</name><Style><LineStyle><color>ff00ff00</color><width>3</width></LineStyle></Style><LineString><coordinates>-71.3059083,-35.6513416,0 -71.3058033,-35.6519616,0</coordinates></LineString></Placemark><Placemark><name>Trabajado - Cuartel 2457 - Hilera 2544</name><Style><LineStyle><color>ff00ff00</color><width>3</width></LineStyle></Style><LineString><coordinates>-71.3058016,-35.6519366,0 -71.3058416,-35.6520983,0</coordinates></LineString></Placemark><Placemark><name>Trabajado - Cuartel 2457 - Hilera 2545</name><Style><LineStyle><color>ff00ff00</color><width>3</width></LineStyle></Style><LineString><coordinates>-71.3058416,-35.6520983,0 -71.305775,-35.6522433,0</coordinates></LineString></Placemark><Placemark><name>Trabajado - Cuartel 2457 - Hilera 2546</name><Style><LineStyle><color>ff00ff00</color><width>3</width></LineStyle></Style><LineString><coordinates>-71.305775,-35.6522433,0 -71.3058783,-35.6526216,0</coordinates></LineString></Placemark><Placemark><name>Trabajado - Cuartel 2457 - Hilera 2547</name><Style><LineStyle><color>ff00ff00</color><width>3</width></LineStyle></Style><LineString><coordinates>-71.3058783,-35.6526216,0 -71.3060766,-35.6511416,0</coordinates></LineString></Placemark><Placemark><name>Trabajado - Cuartel 2457 - Hilera 2548</name><Style><LineStyle><color>ff00ff00</color><width>3</width></LineStyle></Style><LineString><coordinates>-71.3060766,-35.6511416,0 -71.3062166,-35.6511616,0</coordinates></LineString></Placemark><Placemark><name>Trabajado - Cuartel 2457 - Hilera 2549</name><Style><LineStyle><color>ff00ff00</color><width>3</width></LineStyle></Style><LineString><coordinates>-71.3062166,-35.6511616,0 -71.3060899,-35.6522333,0</coordinates></LineString></Placemark><Placemark><name>Trabajado - Cuartel 2457 - Hilera 2550</name><Style><LineStyle><color>ff00ff00</color><width>3</width></LineStyle></Style><LineString><coordinates>-71.3061083,-35.6522633,0 -71.3060766,-35.6525233,0</coordinates></LineString></Placemark><Placemark><name>Trabajado - Cuartel 2457 - Hilera 2552</name><Style><LineStyle><color>ff00ff00</color><width>3</width></LineStyle></Style><LineString><coordinates>-71.3062016,-35.65266,0 -71.3062733,-35.6525916,0</coordinates></LineString></Placemark><Placemark><name>Trabajado - Cuartel 2457 - Hilera 2553</name><Style><LineStyle><color>ff00ff00</color><width>3</width></LineStyle></Style><LineString><coordinates>-71.3062733,-35.6525916,0 -71.3062283,-35.6524166,0</coordinates></LineString></Placemark><Placemark><name>Trabajado - Cuartel 2457 - Hilera 2554</name><Style><LineStyle><color>ff00ff00</color><width>3</width></LineStyle></Style><LineString><coordinates>-71.3063033,-35.6524433,0 -71.30637127130906,-35.65054869072769,0</coordinates></LineString></Placemark><Placemark><name>Trabajado - Cuartel 2457 - Hilera 2555</name><Style><LineStyle><color>ff00ff00</color><width>3</width></LineStyle></Style><LineString><coordinates>-71.30635,-35.6511416,0 -71.3067983,-35.6510233,0</coordinates></LineString></Placemark><Placemark><name>Trabajado - Cuartel 2457 - Hilera 2556</name><Style><LineStyle><color>ff00ff00</color><width>3</width></LineStyle></Style><LineString><coordinates>-71.3067983,-35.6510233,0 -71.3066149,-35.6510266,0</coordinates></LineString></Placemark><Placemark><name>Trabajado - Cuartel 2457 - Hilera 2557</name><Style><LineStyle><color>ff00ff00</color><width>3</width></LineStyle></Style><LineString><coordinates>-71.3066783,-35.6511066,0 -71.3105833,-35.6514149,0</coordinates></LineString></Placemark><Placemark><name>Trabajado - Cuartel 2457 - Hilera 2560</name><Style><LineStyle><color>ff00ff00</color><width>3</width></LineStyle></Style><LineString><coordinates>-71.31031991454074,-35.6514381216151,0 -71.30363941205391,-35.650783998121156,0</coordinates></LineString></Placemark><Placemark><name>Trabajado - Cuartel 2457 - Hilera 2561</name><Style><LineStyle><color>ff00ff00</color><width>3</width></LineStyle></Style><LineString><coordinates>-71.3080268445723,-35.65118355127584,0 -71.3045016,-35.65085,0</coordinates></LineString></Placemark><Placemark><name>Trabajado - Cuartel 2457 - Hilera 2562</name><Style><LineStyle><color>ff00ff00</color><width>3</width></LineStyle></Style><LineString><coordinates>-71.3045399,-35.6491849,0 -71.3043033,-35.6493316,0</coordinates></LineString></Placemark><Placemark><name>Trabajado - Cuartel 2457 - Hilera 2563</name><Style><LineStyle><color>ff00ff00</color><width>3</width></LineStyle></Style><LineString><coordinates>-71.3041449,-35.6493283,0 -71.3039783,-35.6491133,0</coordinates></LineString></Placemark><Placemark><name>Trabajado - Cuartel 2457 - Hilera 2564</name><Style><LineStyle><color>ff00ff00</color><width>3</width></LineStyle></Style><LineString><coordinates>-71.30499058778061,-35.64936381221546,0 -71.30383,-35.6490766,0</coordinates></LineString></Placemark><Placemark><name>Trabajado - Cuartel 2457 - Hilera 2572</name><Style><LineStyle><color>ff00ff00</color><width>3</width></LineStyle></Style><LineString><coordinates>-71.3063599,-35.6526933,0 -71.3065579689449,-35.64984627724682,0</coordinates></LineString></Placemark><Placemark><name>Trabajado - Cuartel 2457 - Hilera 2573</name><Style><LineStyle><color>ff00ff00</color><width>3</width></LineStyle></Style><LineString><coordinates>-71.3063332154068,-35.65100384134414,0 -71.30665,-35.6511383,0</coordinates></LineString></Placemark><Placemark><name>Trabajado - Cuartel 2457 - Hilera 2574</name><Style><LineStyle><color>ff00ff00</color><width>3</width></LineStyle></Style><LineString><coordinates>-71.3067551680575,-35.64944754509335,0 -71.3065483,-35.6527733,0</coordinates></LineString></Placemark><Placemark><name>Trabajado - Cuartel 2457 - Hilera 2575</name><Style><LineStyle><color>ff00ff00</color><width>3</width></LineStyle></Style><LineString><coordinates>-71.3065483,-35.6527733,0 -71.3066933,-35.6525966,0</coordinates></LineString></Placemark><Placemark><name>Trabajado - Cuartel 2457 - Hilera 2576</name><Style><LineStyle><color>ff00ff00</color><width>3</width></LineStyle></Style><LineString><coordinates>-71.3066933,-35.6525966,0 -71.3067916,-35.6511466,0</coordinates></LineString></Placemark><Placemark><name>Trabajado - Cuartel 2457 - Hilera 2577</name><Style><LineStyle><color>ff00ff00</color><width>3</width></LineStyle></Style><LineString><coordinates>-71.3067916,-35.6511466,0 -71.3069416,-35.6512866,0</coordinates></LineString></Placemark><Placemark><name>Trabajado - Cuartel 2457 - Hilera 2578</name><Style><LineStyle><color>ff00ff00</color><width>3</width></LineStyle></Style><LineString><coordinates>-71.3069416,-35.6512866,0 -71.3069416,-35.6515333,0</coordinates></LineString></Placemark><Placemark><name>Trabajado - Cuartel 2457 - Hilera 2579</name><Style><LineStyle><color>ff00ff00</color><width>3</width></LineStyle></Style><LineString><coordinates>-71.3069366,-35.651425,0 -71.30682466094969,-35.65231332790852,0</coordinates></LineString></Placemark><Placemark><name>Trabajado - Cuartel 2457 - Hilera 2581</name><Style><LineStyle><color>ff00ff00</color><width>3</width></LineStyle></Style><LineString><coordinates>-71.3068816,-35.6523816,0 -71.30686,-35.6528433,0</coordinates></LineString></Placemark><Placemark><name>Trabajado - Cuartel 2457 - Hilera 2582</name><Style><LineStyle><color>ff00ff00</color><width>3</width></LineStyle></Style><LineString><coordinates>-71.3069116,-35.6528333,0 -71.30705,-35.6527083,0</coordinates></LineString></Placemark><Placemark><name>Trabajado - Cuartel 2457 - Hilera 2583</name><Style><LineStyle><color>ff00ff00</color><width>3</width></LineStyle></Style><LineString><coordinates>-71.306995,-35.6525916,0 -71.30717,-35.6511583,0</coordinates></LineString></Placemark><Placemark><name>Trabajado - Cuartel 2457 - Hilera 2584</name><Style><LineStyle><color>ff00ff00</color><width>3</width></LineStyle></Style><LineString><coordinates>-71.305955,-35.6510066,0 -71.3060266,-35.6494,0</coordinates></LineString></Placemark><Placemark><name>Trabajado - Cuartel 2457 - Hilera 2585</name><Style><LineStyle><color>ff00ff00</color><width>3</width></LineStyle></Style><LineString><coordinates>-71.30657490159126,-35.64943756151432,0 -71.30525930370688,-35.649347436208174,0</coordinates></LineString></Placemark><Placemark><name>Trabajado - Cuartel 2457 - Hilera 2586</name><Style><LineStyle><color>ff00ff00</color><width>3</width></LineStyle></Style><LineString><coordinates>-71.3051583,-35.6494683,0 -71.3048216,-35.6493916,0</coordinates></LineString></Placemark><Placemark><name>Trabajado - Cuartel 2457 - Hilera 2587</name><Style><LineStyle><color>ff00ff00</color><width>3</width></LineStyle></Style><LineString><coordinates>-71.3048216,-35.6493916,0 -71.3048716,-35.64931,0</coordinates></LineString></Placemark><Placemark><name>Trabajado - Cuartel 2457 - Hilera 2588</name><Style><LineStyle><color>ff00ff00</color><width>3</width></LineStyle></Style><LineString><coordinates>-71.3048716,-35.64931,0 -71.3047366,-35.6508283,0</coordinates></LineString></Placemark><Placemark><name>Trabajado - Cuartel 2457 - Hilera 2589</name><Style><LineStyle><color>ff00ff00</color><width>3</width></LineStyle></Style><LineString><coordinates>-71.3047766,-35.650905,0 -71.3072599,-35.6512,0</coordinates></LineString></Placemark><Placemark><name>Trabajado - Cuartel 2457 - Hilera 2590</name><Style><LineStyle><color>ff00ff00</color><width>3</width></LineStyle></Style><LineString><coordinates>-71.3072599,-35.6512,0 -71.3071683,-35.6523266,0</coordinates></LineString></Placemark><Placemark><name>Trabajado - Cuartel 2457 - Hilera 2591</name><Style><LineStyle><color>ff00ff00</color><width>3</width></LineStyle></Style><LineString><coordinates>-71.3071216,-35.6523366,0 -71.3070883,-35.65244,0</coordinates></LineString></Placemark><Placemark><name>Trabajado - Cuartel 2457 - Hilera 2592</name><Style><LineStyle><color>ff00ff00</color><width>3</width></LineStyle></Style><LineString><coordinates>-71.3070883,-35.65244,0 -71.3070933,-35.6528166,0</coordinates></LineString></Placemark><Placemark><name>Trabajado - Cuartel 2457 - Hilera 2594</name><Style><LineStyle><color>ff00ff00</color><width>3</width></LineStyle></Style><LineString><coordinates>-71.307265,-35.6527833,0 -71.3073283,-35.6515483,0</coordinates></LineString></Placemark><Placemark><name>Trabajado - Cuartel 2457 - Hilera 2595</name><Style><LineStyle><color>ff00ff00</color><width>3</width></LineStyle></Style><LineString><coordinates>-71.3073283,-35.6515483,0 -71.307375,-35.6514583,0</coordinates></LineString></Placemark><Placemark><name>Trabajado - Cuartel 2457 - Hilera 2596</name><Style><LineStyle><color>ff00ff00</color><width>3</width></LineStyle></Style><LineString><coordinates>-71.3073416,-35.6514266,0 -71.3074216,-35.6511549,0</coordinates></LineString></Placemark><Placemark><name>Trabajado - Cuartel 2457 - Hilera 2597</name><Style><LineStyle><color>ff00ff00</color><width>3</width></LineStyle></Style><LineString><coordinates>-71.3074216,-35.6511549,0 -71.3075633,-35.6514516,0</coordinates></LineString></Placemark><Placemark><name>Trabajado - Cuartel 2457 - Hilera 2598</name><Style><LineStyle><color>ff00ff00</color><width>3</width></LineStyle></Style><LineString><coordinates>-71.307535,-35.6514683,0 -71.3075666,-35.65156,0</coordinates></LineString></Placemark><Placemark><name>Trabajado - Cuartel 2457 - Hilera 2599</name><Style><LineStyle><color>ff00ff00</color><width>3</width></LineStyle></Style><LineString><coordinates>-71.3075666,-35.65156,0 -71.3074816,-35.6520066,0</coordinates></LineString></Placemark><Placemark><name>Trabajado - Cuartel 2457 - Hilera 2600</name><Style><LineStyle><color>ff00ff00</color><width>3</width></LineStyle></Style><LineString><coordinates>-71.3074816,-35.6520066,0 -71.3074133,-35.6528633,0</coordinates></LineString></Placemark><Placemark><name>Trabajado - Cuartel 2457 - Hilera 2602</name><Style><LineStyle><color>ff00ff00</color><width>3</width></LineStyle></Style><LineString><coordinates>-71.3075633,-35.6530016,0 -71.3075899,-35.6522249,0</coordinates></LineString></Placemark><Placemark><name>Trabajado - Cuartel 2457 - Hilera 2603</name><Style><LineStyle><color>ff00ff00</color><width>3</width></LineStyle></Style><LineString><coordinates>-71.3076116,-35.652215,0 -71.307725,-35.6512366,0</coordinates></LineString></Placemark><Placemark><name>Trabajado - Cuartel 2457 - Hilera 2604</name><Style><LineStyle><color>ff00ff00</color><width>3</width></LineStyle></Style><LineString><coordinates>-71.307725,-35.6512366,0 -71.30787,-35.6513166,0</coordinates></LineString></Placemark><Placemark><name>Trabajado - Cuartel 2457 - Hilera 2605</name><Style><LineStyle><color>ff00ff00</color><width>3</width></LineStyle></Style><LineString><coordinates>-71.30787,-35.6513166,0 -71.3077216,-35.6527916,0</coordinates></LineString></Placemark><Placemark><name>Trabajado - Cuartel 2457 - Hilera 2607</name><Style><LineStyle><color>ff00ff00</color><width>3</width></LineStyle></Style><LineString><coordinates>-71.3078716,-35.6528916,0 -71.308025,-35.6511966,0</coordinates></LineString></Placemark><Placemark><name>Trabajado - Cuartel 2457 - Hilera 2608</name><Style><LineStyle><color>ff00ff00</color><width>3</width></LineStyle></Style><LineString><coordinates>-71.3064383,-35.6510116,0 -71.3065083,-35.649445,0</coordinates></LineString></Placemark><Placemark><name>Trabajado - Cuartel 2457 - Hilera 2609</name><Style><LineStyle><color>ff00ff00</color><width>3</width></LineStyle></Style><LineString><coordinates>-71.3065083,-35.649445,0 -71.3052383,-35.6494016,0</coordinates></LineString></Placemark><Placemark><name>Trabajado - Cuartel 2457 - Hilera 2610</name><Style><LineStyle><color>ff00ff00</color><width>3</width></LineStyle></Style><LineString><coordinates>-71.3052349,-35.6493733,0 -71.3055983,-35.6493633,0</coordinates></LineString></Placemark><Placemark><name>Trabajado - Cuartel 2457 - Hilera 2611</name><Style><LineStyle><color>ff00ff00</color><width>3</width></LineStyle></Style><LineString><coordinates>-71.3056266,-35.6493866,0 -71.3055033,-35.6508966,0</coordinates></LineString></Placemark><Placemark><name>Trabajado - Cuartel 2457 - Hilera 2612</name><Style><LineStyle><color>ff00ff00</color><width>3</width></LineStyle></Style><LineString><coordinates>-71.3055033,-35.6508966,0 -71.3066733,-35.6510716,0</coordinates></LineString></Placemark><Placemark><name>Trabajado - Cuartel 2457 - Hilera 2613</name><Style><LineStyle><color>ff00ff00</color><width>3</width></LineStyle></Style><LineString><coordinates>-71.30595332855896,-35.65101590188425,0 -71.3081766,-35.6512833,0</coordinates></LineString></Placemark><Placemark><name>Trabajado - Cuartel 2457 - Hilera 2614</name><Style><LineStyle><color>ff00ff00</color><width>3</width></LineStyle></Style><LineString><coordinates>-71.3081766,-35.6512833,0 -71.3080816,-35.6530683,0</coordinates></LineString></Placemark><Placemark><name>Trabajado - Cuartel 2457 - Hilera 2615</name><Style><LineStyle><color>ff00ff00</color><width>3</width></LineStyle></Style><LineString><coordinates>-71.3080816,-35.6530683,0 -71.30846,-35.6512583,0</coordinates></LineString></Placemark><Placemark><name>Trabajado - Cuartel 2457 - Hilera 2616</name><Style><LineStyle><color>ff00ff00</color><width>3</width></LineStyle></Style><LineString><coordinates>-71.30846,-35.6512583,0 -71.3084466,-35.6531133,0</coordinates></LineString></Placemark><Placemark><name>Trabajado - Cuartel 2457 - Hilera 2617</name><Style><LineStyle><color>ff00ff00</color><width>3</width></LineStyle></Style><LineString><coordinates>-71.3084466,-35.6531133,0 -71.3085233,-35.6521483,0</coordinates></LineString></Placemark><Placemark><name>Trabajado - Cuartel 2457 - Hilera 2618</name><Style><LineStyle><color>ff00ff00</color><width>3</width></LineStyle></Style><LineString><coordinates>-71.3085249,-35.65215,0 -71.3086416,-35.6513133,0</coordinates></LineString></Placemark><Placemark><name>Trabajado - Cuartel 2457 - Hilera 2619</name><Style><LineStyle><color>ff00ff00</color><width>3</width></LineStyle></Style><LineString><coordinates>-71.3086416,-35.6513133,0 -71.3087683,-35.6513399,0</coordinates></LineString></Placemark><Placemark><name>Trabajado - Cuartel 2457 - Hilera 2620</name><Style><LineStyle><color>ff00ff00</color><width>3</width></LineStyle></Style><LineString><coordinates>-71.3087683,-35.6513399,0 -71.30872297271854,-35.65321983333325,0</coordinates></LineString></Placemark><Placemark><name>Trabajado - Cuartel 2457 - Hilera 2621</name><Style><LineStyle><color>ff00ff00</color><width>3</width></LineStyle></Style><LineString><coordinates>-71.3087333,-35.65322,0 -71.3087866,-35.653145,0</coordinates></LineString></Placemark><Placemark><name>Trabajado - Cuartel 2457 - Hilera 2622</name><Style><LineStyle><color>ff00ff00</color><width>3</width></LineStyle></Style><LineString><coordinates>-71.3087866,-35.653145,0 -71.3089433,-35.6513099,0</coordinates></LineString></Placemark><Placemark><name>Trabajado - Cuartel 2457 - Hilera 2624</name><Style><LineStyle><color>ff00ff00</color><width>3</width></LineStyle></Style><LineString><coordinates>-71.3090333,-35.6512783,0 -71.3090116,-35.6532633,0</coordinates></LineString></Placemark><Placemark><name>Trabajado - Cuartel 2457 - Hilera 2626</name><Style><LineStyle><color>ff00ff00</color><width>3</width></LineStyle></Style><LineString><coordinates>-71.3091566,-35.6531716,0 -71.3092266,-35.65303,0</coordinates></LineString></Placemark><Placemark><name>Trabajado - Cuartel 2457 - Hilera 2627</name><Style><LineStyle><color>ff00ff00</color><width>3</width></LineStyle></Style><LineString><coordinates>-71.3092266,-35.65303,0 -71.3091683,-35.652785,0</coordinates></LineString></Placemark><Placemark><name>Trabajado - Cuartel 2457 - Hilera 2628</name><Style><LineStyle><color>ff00ff00</color><width>3</width></LineStyle></Style><LineString><coordinates>-71.3091683,-35.652785,0 -71.3092116,-35.6526016,0</coordinates></LineString></Placemark><Placemark><name>Trabajado - Cuartel 2457 - Hilera 2629</name><Style><LineStyle><color>ff00ff00</color><width>3</width></LineStyle></Style><LineString><coordinates>-71.3092116,-35.6526016,0 -71.30916,-35.6524666,0</coordinates></LineString></Placemark><Placemark><name>Trabajado - Cuartel 2457 - Hilera 2630</name><Style><LineStyle><color>ff00ff00</color><width>3</width></LineStyle></Style><LineString><coordinates>-71.30916,-35.6524666,0 -71.30941437591362,-35.649749727342616,0</coordinates></LineString></Placemark><Placemark><name>Trabajado - Cuartel 2457 - Hilera 2631</name><Style><LineStyle><color>ff00ff00</color><width>3</width></LineStyle></Style><LineString><coordinates>-71.3092633,-35.6513633,0 -71.30670658100681,-35.65106170777215,0</coordinates></LineString></Placemark><Placemark><name>Trabajado - Cuartel 2457 - Hilera 2632</name><Style><LineStyle><color>ff00ff00</color><width>3</width></LineStyle></Style><LineString><coordinates>-71.30764,-35.6511383,0 -71.30775,-35.6496416,0</coordinates></LineString></Placemark><Placemark><name>Trabajado - Cuartel 2457 - Hilera 2633</name><Style><LineStyle><color>ff00ff00</color><width>3</width></LineStyle></Style><LineString><coordinates>-71.30775,-35.6496416,0 -71.305335,-35.6492899,0</coordinates></LineString></Placemark><Placemark><name>Trabajado - Cuartel 2457 - Hilera 2634</name><Style><LineStyle><color>ff00ff00</color><width>3</width></LineStyle></Style><LineString><coordinates>-71.305335,-35.6492899,0 -71.3051866,-35.6494316,0</coordinates></LineString></Placemark><Placemark><name>Trabajado - Cuartel 2457 - Hilera 2635</name><Style><LineStyle><color>ff00ff00</color><width>3</width></LineStyle></Style><LineString><coordinates>-71.3051866,-35.6494316,0 -71.3050816,-35.6494366,0</coordinates></LineString></Placemark><Placemark><name>Trabajado - Cuartel 2457 - Hilera 2636</name><Style><LineStyle><color>ff00ff00</color><width>3</width></LineStyle></Style><LineString><coordinates>-71.3047933,-35.6493033,0 -71.3047349,-35.6508166,0</coordinates></LineString></Placemark><Placemark><name>Trabajado - Cuartel 2457 - Hilera 2637</name><Style><LineStyle><color>ff00ff00</color><width>3</width></LineStyle></Style><LineString><coordinates>-71.3047616,-35.6508483,0 -71.30563,-35.6509999,0</coordinates></LineString></Placemark><Placemark><name>Trabajado - Cuartel 2457 - Hilera 2639</name><Style><LineStyle><color>ff00ff00</color><width>3</width></LineStyle></Style><LineString><coordinates>-71.30897,-35.6533266,0 -71.3092233,-35.65152,0</coordinates></LineString></Placemark><Placemark><name>Trabajado - Cuartel 2457 - Hilera 2641</name><Style><LineStyle><color>ff00ff00</color><width>3</width></LineStyle></Style><LineString><coordinates>-71.3093733,-35.6514333,0 -71.3092916,-35.653355,0</coordinates></LineString></Placemark><Placemark><name>Trabajado - Cuartel 2457 - Hilera 2642</name><Style><LineStyle><color>ff00ff00</color><width>3</width></LineStyle></Style><LineString><coordinates>-71.3092916,-35.653355,0 -71.3096333,-35.6513366,0</coordinates></LineString></Placemark><Placemark><name>Trabajado - Cuartel 2457 - Hilera 2643</name><Style><LineStyle><color>ff00ff00</color><width>3</width></LineStyle></Style><LineString><coordinates>-71.3096333,-35.6513366,0 -71.3095633,-35.653355,0</coordinates></LineString></Placemark><Placemark><name>Trabajado - Cuartel 2457 - Hilera 2645</name><Style><LineStyle><color>ff00ff00</color><width>3</width></LineStyle></Style><LineString><coordinates>-71.30974,-35.6533033,0 -71.30977,-35.6527816,0</coordinates></LineString></Placemark><Placemark><name>Trabajado - Cuartel 2457 - Hilera 2646</name><Style><LineStyle><color>ff00ff00</color><width>3</width></LineStyle></Style><LineString><coordinates>-71.3097899,-35.6527633,0 -71.3099216,-35.6524933,0</coordinates></LineString></Placemark><Placemark><name>Trabajado - Cuartel 2457 - Hilera 2648</name><Style><LineStyle><color>ff00ff00</color><width>3</width></LineStyle></Style><LineString><coordinates>-71.30985,-35.6523916,0 -71.3099166,-35.65137,0</coordinates></LineString></Placemark><Placemark><name>Trabajado - Cuartel 2457 - Hilera 2649</name><Style><LineStyle><color>ff00ff00</color><width>3</width></LineStyle></Style><LineString><coordinates>-71.3099166,-35.65137,0 -71.3100083,-35.6517149,0</coordinates></LineString></Placemark><Placemark><name>Trabajado - Cuartel 2457 - Hilera 2650</name><Style><LineStyle><color>ff00ff00</color><width>3</width></LineStyle></Style><LineString><coordinates>-71.3100083,-35.6517149,0 -71.309925,-35.6534983,0</coordinates></LineString></Placemark><Placemark><name>Trabajado - Cuartel 2457 - Hilera 2651</name><Style><LineStyle><color>ff00ff00</color><width>3</width></LineStyle></Style><LineString><coordinates>-71.3099766,-35.6534649,0 -71.3101833,-35.65139,0</coordinates></LineString></Placemark><Placemark><name>Trabajado - Cuartel 2457 - Hilera 2653</name><Style><LineStyle><color>ff00ff00</color><width>3</width></LineStyle></Style><LineString><coordinates>-71.3098983,-35.65139,0 -71.3061883,-35.6511216,0</coordinates></LineString></Placemark><Placemark><name>Trabajado - Cuartel 2457 - Hilera 2654</name><Style><LineStyle><color>ff00ff00</color><width>3</width></LineStyle></Style><LineString><coordinates>-71.3061883,-35.6511216,0 -71.3061066,-35.65105,0</coordinates></LineString></Placemark><Placemark><name>Trabajado - Cuartel 2457 - Hilera 2655</name><Style><LineStyle><color>ff00ff00</color><width>3</width></LineStyle></Style><LineString><coordinates>-71.3061066,-35.65105,0 -71.3062233,-35.6494183,0</coordinates></LineString></Placemark><Placemark><name>Trabajado - Cuartel 2457 - Hilera 2656</name><Style><LineStyle><color>ff00ff00</color><width>3</width></LineStyle></Style><LineString><coordinates>-71.3062233,-35.6494183,0 -71.3051333,-35.6494866,0</coordinates></LineString></Placemark><Placemark><name>Trabajado - Cuartel 2457 - Hilera 2657</name><Style><LineStyle><color>ff00ff00</color><width>3</width></LineStyle></Style><LineString><coordinates>-71.30510839950118,-35.64949666772844,0 -71.30446506291136,-35.64919987572782,0</coordinates></LineString></Placemark><Placemark><name>Trabajado - Cuartel 2457 - Hilera 2658</name><Style><LineStyle><color>ff00ff00</color><width>3</width></LineStyle></Style><LineString><coordinates>-71.304505,-35.6492183,0 -71.3041116,-35.6493649,0</coordinates></LineString></Placemark><Placemark><name>Trabajado - Cuartel 2457 - Hilera 2659</name><Style><LineStyle><color>ff00ff00</color><width>3</width></LineStyle></Style><LineString><coordinates>-71.3040583,-35.6493316,0 -71.3039516,-35.6491316,0</coordinates></LineString></Placemark><Placemark><name>Trabajado - Cuartel 2457 - Hilera 2660</name><Style><LineStyle><color>ff00ff00</color><width>3</width></LineStyle></Style><LineString><coordinates>-71.3039516,-35.6491316,0 -71.30375716881869,-35.64909069944196,0</coordinates></LineString></Placemark><Placemark><name>Trabajado - Cuartel 2457 - Hilera 2667</name><Style><LineStyle><color>ff00ff00</color><width>3</width></LineStyle></Style><LineString><coordinates>-71.3103216,-35.6514266,0 -71.310205,-35.6535466,0</coordinates></LineString></Placemark><Placemark><name>Trabajado - Cuartel 2457 - Hilera 2669</name><Style><LineStyle><color>ff00ff00</color><width>3</width></LineStyle></Style><LineString><coordinates>-71.31030340620107,-35.653570197852844,0 -71.3104916,-35.6514016,0</coordinates></LineString></Placemark><Placemark><name>Trabajado - Cuartel 2457 - Hilera 2670</name><Style><LineStyle><color>ff00ff00</color><width>3</width></LineStyle></Style><LineString><coordinates>-71.3104916,-35.6514016,0 -71.3106233,-35.6516583,0</coordinates></LineString></Placemark><Placemark><name>Trabajado - Cuartel 2457 - Hilera 2671</name><Style><LineStyle><color>ff00ff00</color><width>3</width></LineStyle></Style><LineString><coordinates>-71.3106233,-35.6516583,0 -71.3104516,-35.6536183,0</coordinates></LineString></Placemark><Placemark><name>Trabajado - Cuartel 2457 - Hilera 2675</name><Style><LineStyle><color>ff00ff00</color><width>3</width></LineStyle></Style><LineString><coordinates>-71.3104099,-35.6526733,0 -71.3104316,-35.6514866,0</coordinates></LineString></Placemark><Placemark><name>Trabajado - Cuartel 2457 - Hilera 2676</name><Style><LineStyle><color>ff00ff00</color><width>3</width></LineStyle></Style><LineString><coordinates>-71.3104316,-35.6514866,0 -71.3046766,-35.6508966,0</coordinates></LineString></Placemark><Placemark><name>Trabajado - Cuartel 2457 - Hilera 2677</name><Style><LineStyle><color>ff00ff00</color><width>3</width></LineStyle></Style><LineString><coordinates>-71.3046416,-35.65087,0 -71.3047016,-35.6492333,0</coordinates></LineString></Placemark><Placemark><name>Trabajado - Cuartel 2457 - Hilera 2678</name><Style><LineStyle><color>ff00ff00</color><width>3</width></LineStyle></Style><LineString><coordinates>-71.3047016,-35.6492333,0 -71.30442147055717,-35.64925564161201,0</coordinates></LineString></Placemark><Placemark><name>Trabajado - Cuartel 2457 - Hilera 2679</name><Style><LineStyle><color>ff00ff00</color><width>3</width></LineStyle></Style><LineString><coordinates>-71.30444174559518,-35.64920254381393,0 -71.3049783,-35.6494066,0</coordinates></LineString></Placemark><Placemark><name>Trabajado - Cuartel 2457 - Hilera 2680</name><Style><LineStyle><color>ff00ff00</color><width>3</width></LineStyle></Style><LineString><coordinates>-71.3049583,-35.649395,0 -71.3048683,-35.6495466,0</coordinates></LineString></Placemark><Placemark><name>Trabajado - Cuartel 2457 - Hilera 2681</name><Style><LineStyle><color>ff00ff00</color><width>3</width></LineStyle></Style><LineString><coordinates>-71.3049066,-35.6494616,0 -71.3048083,-35.6509216,0</coordinates></LineString></Placemark><Placemark><name>Trabajado - Cuartel 2457 - Hilera 2682</name><Style><LineStyle><color>ff00ff00</color><width>3</width></LineStyle></Style><LineString><coordinates>-71.3048083,-35.6509216,0 -71.3049583,-35.6508833,0</coordinates></LineString></Placemark><Placemark><name>Trabajado - Cuartel 2457 - Hilera 2683</name><Style><LineStyle><color>ff00ff00</color><width>3</width></LineStyle></Style><LineString><coordinates>-71.3049583,-35.6508833,0 -71.30528599884579,-35.64653047623141,0</coordinates></LineString></Placemark><Placemark><name>Trabajado - Cuartel 2457 - Hilera 2684</name><Style><LineStyle><color>ff00ff00</color><width>3</width></LineStyle></Style><LineString><coordinates>-71.3050583,-35.649555,0 -71.30525587536701,-35.64932175426943,0</coordinates></LineString></Placemark><Placemark><name>Trabajado - Cuartel 2457 - Hilera 2685</name><Style><LineStyle><color>ff00ff00</color><width>3</width></LineStyle></Style><LineString><coordinates>-71.3052066,-35.6492783,0 -71.3040149,-35.6488583,0</coordinates></LineString></Placemark><Placemark><name>Trabajado - Cuartel 2457 - Hilera 2686</name><Style><LineStyle><color>ff00ff00</color><width>3</width></LineStyle></Style><LineString><coordinates>-71.3040149,-35.6488583,0 -71.3040149,-35.6490299,0</coordinates></LineString></Placemark><Placemark><name>Trabajado - Cuartel 2457 - Hilera 2687</name><Style><LineStyle><color>ff00ff00</color><width>3</width></LineStyle></Style><LineString><coordinates>-71.3040149,-35.6490299,0 -71.3044033,-35.6492233,0</coordinates></LineString></Placemark><Placemark><name>Trabajado - Cuartel 2457 - Hilera 2688</name><Style><LineStyle><color>ff00ff00</color><width>3</width></LineStyle></Style><LineString><coordinates>-71.3044033,-35.6492233,0 -71.30583973570064,-35.649302602670254,0</coordinates></LineString></Placemark><Placemark><name>Trabajado - Cuartel 2457 - Hilera 2689</name><Style><LineStyle><color>ff00ff00</color><width>3</width></LineStyle></Style><LineString><coordinates>-71.30522,-35.649505,0 -71.305125,-35.6509666,0</coordinates></LineString></Placemark><Placemark><name>Trabajado - Cuartel 2457 - Hilera 2690</name><Style><LineStyle><color>ff00ff00</color><width>3</width></LineStyle></Style><LineString><coordinates>-71.3051149,-35.6508866,0 -71.3052083,-35.6509316,0</coordinates></LineString></Placemark><Placemark><name>Trabajado - Cuartel 2457 - Hilera 2691</name><Style><LineStyle><color>ff00ff00</color><width>3</width></LineStyle></Style><LineString><coordinates>-71.3052116,-35.6509549,0 -71.30538,-35.6493116,0</coordinates></LineString></Placemark><Placemark><name>Trabajado - Cuartel 2457 - Hilera 2692</name><Style><LineStyle><color>ff00ff00</color><width>3</width></LineStyle></Style><LineString><coordinates>-71.30538,-35.6493116,0 -71.3055383,-35.6492883,0</coordinates></LineString></Placemark><Placemark><name>Trabajado - Cuartel 2457 - Hilera 2693</name><Style><LineStyle><color>ff00ff00</color><width>3</width></LineStyle></Style><LineString><coordinates>-71.3055383,-35.6492883,0 -71.30538621995375,-35.651073644159176,0</coordinates></LineString></Placemark><Placemark><name>Trabajado - Cuartel 2457 - Hilera 2694</name><Style><LineStyle><color>ff00ff00</color><width>3</width></LineStyle></Style><LineString><coordinates>-71.30541,-35.651075,0 -71.3053183,-35.6511149,0</coordinates></LineString></Placemark><Placemark><name>Trabajado - Cuartel 2457 - Hilera 2695</name><Style><LineStyle><color>ff00ff00</color><width>3</width></LineStyle></Style><LineString><coordinates>-71.3053183,-35.6511149,0 -71.30539,-35.65098,0</coordinates></LineString></Placemark><Placemark><name>Trabajado - Cuartel 2457 - Hilera 2696</name><Style><LineStyle><color>ff00ff00</color><width>3</width></LineStyle></Style><LineString><coordinates>-71.3054083,-35.6509366,0 -71.3055699,-35.6508466,0</coordinates></LineString></Placemark><Placemark><name>Trabajado - Cuartel 2457 - Hilera 2697</name><Style><LineStyle><color>ff00ff00</color><width>3</width></LineStyle></Style><LineString><coordinates>-71.3055699,-35.6508466,0 -71.3057149,-35.6494866,0</coordinates></LineString></Placemark><Placemark><name>Trabajado - Cuartel 2457 - Hilera 2698</name><Style><LineStyle><color>ff00ff00</color><width>3</width></LineStyle></Style><LineString><coordinates>-71.3057149,-35.6494866,0 -71.3054366,-35.6493316,0</coordinates></LineString></Placemark><Placemark><name>Trabajado - Cuartel 2457 - Hilera 2699</name><Style><LineStyle><color>ff00ff00</color><width>3</width></LineStyle></Style><LineString><coordinates>-71.30554898640706,-35.649285623742564,0 -71.30507293840738,-35.649480370651524,0</coordinates></LineString></Placemark><Placemark><name>Trabajado - Cuartel 2457 - Hilera 2700</name><Style><LineStyle><color>ff00ff00</color><width>3</width></LineStyle></Style><LineString><coordinates>-71.3052166,-35.6494216,0 -71.30581,-35.6493783,0</coordinates></LineString></Placemark><Placemark><name>Trabajado - Cuartel 2457 - Hilera 2701</name><Style><LineStyle><color>ff00ff00</color><width>3</width></LineStyle></Style><LineString><coordinates>-71.30581,-35.6493783,0 -71.3057233,-35.6509316,0</coordinates></LineString></Placemark><Placemark><name>Trabajado - Cuartel 2457 - Hilera 2702</name><Style><LineStyle><color>ff00ff00</color><width>3</width></LineStyle></Style><LineString><coordinates>-71.3057233,-35.6509316,0 -71.3057816,-35.65101,0</coordinates></LineString></Placemark><Placemark><name>Trabajado - Cuartel 2457 - Hilera 2703</name><Style><LineStyle><color>ff00ff00</color><width>3</width></LineStyle></Style><LineString><coordinates>-71.3057816,-35.65101,0 -71.3060066,-35.649525,0</coordinates></LineString></Placemark><Placemark><name>Trabajado - Cuartel 2457 - Hilera 2704</name><Style><LineStyle><color>ff00ff00</color><width>3</width></LineStyle></Style><LineString><coordinates>-71.3060066,-35.649525,0 -71.306145,-35.6494866,0</coordinates></LineString></Placemark><Placemark><name>Trabajado - Cuartel 2457 - Hilera 2705</name><Style><LineStyle><color>ff00ff00</color><width>3</width></LineStyle></Style><LineString><coordinates>-71.306145,-35.6494866,0 -71.3060333,-35.6509583,0</coordinates></LineString></Placemark><Placemark><name>Trabajado - Cuartel 2457 - Hilera 2706</name><Style><LineStyle><color>ff00ff00</color><width>3</width></LineStyle></Style><LineString><coordinates>-71.3060333,-35.6509583,0 -71.306195,-35.6508799,0</coordinates></LineString></Placemark><Placemark><name>Trabajado - Cuartel 2457 - Hilera 2707</name><Style><LineStyle><color>ff00ff00</color><width>3</width></LineStyle></Style><LineString><coordinates>-71.306195,-35.6508799,0 -71.3062533,-35.650485,0</coordinates></LineString></Placemark><Placemark><name>Trabajado - Cuartel 2457 - Hilera 2708</name><Style><LineStyle><color>ff00ff00</color><width>3</width></LineStyle></Style><LineString><coordinates>-71.3062116,-35.6504483,0 -71.30629029419173,-35.650122281205654,0</coordinates></LineString></Placemark><Placemark><name>Trabajado - Cuartel 2457 - Hilera 2709</name><Style><LineStyle><color>ff00ff00</color><width>3</width></LineStyle></Style><LineString><coordinates>-71.3062816,-35.65009,0 -71.306395,-35.649925,0</coordinates></LineString></Placemark><Placemark><name>Trabajado - Cuartel 2457 - Hilera 2710</name><Style><LineStyle><color>ff00ff00</color><width>3</width></LineStyle></Style><LineString><coordinates>-71.306395,-35.649925,0 -71.3062766,-35.6497883,0</coordinates></LineString></Placemark><Placemark><name>Trabajado - Cuartel 2457 - Hilera 2711</name><Style><LineStyle><color>ff00ff00</color><width>3</width></LineStyle></Style><LineString><coordinates>-71.3062766,-35.6497883,0 -71.3062666,-35.649555,0</coordinates></LineString></Placemark><Placemark><name>Trabajado - Cuartel 2457 - Hilera 2712</name><Style><LineStyle><color>ff00ff00</color><width>3</width></LineStyle></Style><LineString><coordinates>-71.3062666,-35.649555,0 -71.3063383,-35.6494783,0</coordinates></LineString></Placemark><Placemark><name>Trabajado - Cuartel 2457 - Hilera 2713</name><Style><LineStyle><color>ff00ff00</color><width>3</width></LineStyle></Style><LineString><coordinates>-71.30635,-35.6494333,0 -71.30612,-35.6493316,0</coordinates></LineString></Placemark><Placemark><name>Trabajado - Cuartel 2457 - Hilera 2714</name><Style><LineStyle><color>ff00ff00</color><width>3</width></LineStyle></Style><LineString><coordinates>-71.30612,-35.6493316,0 -71.305305,-35.6493316,0</coordinates></LineString></Placemark><Placemark><name>Trabajado - Cuartel 2457 - Hilera 2715</name><Style><LineStyle><color>ff00ff00</color><width>3</width></LineStyle></Style><LineString><coordinates>-71.3054183,-35.6493333,0 -71.3064683,-35.6495283,0</coordinates></LineString></Placemark><Placemark><name>Trabajado - Cuartel 2457 - Hilera 2716</name><Style><LineStyle><color>ff00ff00</color><width>3</width></LineStyle></Style><LineString><coordinates>-71.3064683,-35.6495283,0 -71.3063833,-35.65052,0</coordinates></LineString></Placemark><Placemark><name>Trabajado - Cuartel 2457 - Hilera 2717</name><Style><LineStyle><color>ff00ff00</color><width>3</width></LineStyle></Style><LineString><coordinates>-71.3064333,-35.6507266,0 -71.3063399,-35.6509933,0</coordinates></LineString></Placemark><Placemark><name>Trabajado - Cuartel 2457 - Hilera 2718</name><Style><LineStyle><color>ff00ff00</color><width>3</width></LineStyle></Style><LineString><coordinates>-71.3065649,-35.6498466,0 -71.3066583,-35.6496616,0</coordinates></LineString></Placemark><Placemark><name>Trabajado - Cuartel 2457 - Hilera 2719</name><Style><LineStyle><color>ff00ff00</color><width>3</width></LineStyle></Style><LineString><coordinates>-71.3066583,-35.6496616,0 -71.306575,-35.6494366,0</coordinates></LineString></Placemark><Placemark><name>Trabajado - Cuartel 2457 - Hilera 2720</name><Style><LineStyle><color>ff00ff00</color><width>3</width></LineStyle></Style><LineString><coordinates>-71.3051216,-35.6494783,0 -71.3045616,-35.6492116,0</coordinates></LineString></Placemark><Placemark><name>Trabajado - Cuartel 2457 - Hilera 2721</name><Style><LineStyle><color>ff00ff00</color><width>3</width></LineStyle></Style><LineString><coordinates>-71.30438818210898,-35.64920052682942,0 -71.3039716,-35.6494483,0</coordinates></LineString></Placemark><Placemark><name>Trabajado - Cuartel 2457 - Hilera 2722</name><Style><LineStyle><color>ff00ff00</color><width>3</width></LineStyle></Style><LineString><coordinates>-71.3039716,-35.6494483,0 -71.3038466,-35.6491216,0</coordinates></LineString></Placemark><Placemark><name>Trabajado - Cuartel 2457 - Hilera 2729</name><Style><LineStyle><color>ff00ff00</color><width>3</width></LineStyle></Style><LineString><coordinates>-71.3038349,-35.6487133,0 -71.3039016,-35.64877,0</coordinates></LineString></Placemark><Placemark><name>Trabajado - Cuartel 2457 - Hilera 2730</name><Style><LineStyle><color>ff00ff00</color><width>3</width></LineStyle></Style><LineString><coordinates>-71.3039016,-35.64877,0 -71.3067733,-35.6494483,0</coordinates></LineString></Placemark><Placemark><name>Trabajado - Cuartel 2457 - Hilera 2731</name><Style><LineStyle><color>ff00ff00</color><width>3</width></LineStyle></Style><LineString><coordinates>-71.306665,-35.6509033,0 -71.3067733,-35.6510816,0</coordinates></LineString></Placemark><Placemark><name>Trabajado - Cuartel 2457 - Hilera 2732</name><Style><LineStyle><color>ff00ff00</color><width>3</width></LineStyle></Style><LineString><coordinates>-71.3067733,-35.6510816,0 -71.306935,-35.6496349,0</coordinates></LineString></Placemark><Placemark><name>Trabajado - Cuartel 2457 - Hilera 2734</name><Style><LineStyle><color>ff00ff00</color><width>3</width></LineStyle></Style><LineString><coordinates>-71.3070966,-35.6495116,0 -71.3069383,-35.6510766,0</coordinates></LineString></Placemark><Placemark><name>Trabajado - Cuartel 2457 - Hilera 2735</name><Style><LineStyle><color>ff00ff00</color><width>3</width></LineStyle></Style><LineString><coordinates>-71.3069383,-35.6510766,0 -71.3071166,-35.6510433,0</coordinates></LineString></Placemark><Placemark><name>Trabajado - Cuartel 2457 - Hilera 2736</name><Style><LineStyle><color>ff00ff00</color><width>3</width></LineStyle></Style><LineString><coordinates>-71.3071166,-35.6510433,0 -71.30736997432835,-35.64827973442451,0</coordinates></LineString></Placemark><Placemark><name>Trabajado - Cuartel 2457 - Hilera 2737</name><Style><LineStyle><color>ff00ff00</color><width>3</width></LineStyle></Style><LineString><coordinates>-71.30725,-35.6495883,0 -71.3073933,-35.6496733,0</coordinates></LineString></Placemark><Placemark><name>Trabajado - Cuartel 2457 - Hilera 2738</name><Style><LineStyle><color>ff00ff00</color><width>3</width></LineStyle></Style><LineString><coordinates>-71.3073933,-35.6496733,0 -71.30731,-35.6510416,0</coordinates></LineString></Placemark><Placemark><name>Trabajado - Cuartel 2457 - Hilera 2739</name><Style><LineStyle><color>ff00ff00</color><width>3</width></LineStyle></Style><LineString><coordinates>-71.30731,-35.6510416,0 -71.3074416,-35.6510983,0</coordinates></LineString></Placemark><Placemark><name>Trabajado - Cuartel 2457 - Hilera 2740</name><Style><LineStyle><color>ff00ff00</color><width>3</width></LineStyle></Style><LineString><coordinates>-71.3067066,-35.6510616,0 -71.3067466,-35.6494833,0</coordinates></LineString></Placemark><Placemark><name>Trabajado - Cuartel 2457 - Hilera 2741</name><Style><LineStyle><color>ff00ff00</color><width>3</width></LineStyle></Style><LineString><coordinates>-71.3067466,-35.6494833,0 -71.30539,-35.649325,0</coordinates></LineString></Placemark><Placemark><name>Trabajado - Cuartel 2457 - Hilera 2742</name><Style><LineStyle><color>ff00ff00</color><width>3</width></LineStyle></Style><LineString><coordinates>-71.30539,-35.649325,0 -71.3053266,-35.6494116,0</coordinates></LineString></Placemark><Placemark><name>Trabajado - Cuartel 2457 - Hilera 2743</name><Style><LineStyle><color>ff00ff00</color><width>3</width></LineStyle></Style><LineString><coordinates>-71.30549271607711,-35.6493620143108,0 -71.3051199,-35.6494733,0</coordinates></LineString></Placemark><Placemark><name>Trabajado - Cuartel 2457 - Hilera 2744</name><Style><LineStyle><color>ff00ff00</color><width>3</width></LineStyle></Style><LineString><coordinates>-71.30520712015738,-35.64952082246613,0 -71.3046183,-35.6492,0</coordinates></LineString></Placemark><Placemark><name>Trabajado - Cuartel 2457 - Hilera 2745</name><Style><LineStyle><color>ff00ff00</color><width>3</width></LineStyle></Style><LineString><coordinates>-71.30451459519865,-35.64889629519861,0 -71.3050849,-35.6494666,0</coordinates></LineString></Placemark><Placemark><name>Trabajado - Cuartel 2457 - Hilera 2746</name><Style><LineStyle><color>ff00ff00</color><width>3</width></LineStyle></Style><LineString><coordinates>-71.3050849,-35.6494666,0 -71.3075016,-35.649525,0</coordinates></LineString></Placemark><Placemark><name>Trabajado - Cuartel 2457 - Hilera 2747</name><Style><LineStyle><color>ff00ff00</color><width>3</width></LineStyle></Style><LineString><coordinates>-71.3075016,-35.649525,0 -71.3075733,-35.6495716,0</coordinates></LineString></Placemark><Placemark><name>Trabajado - Cuartel 2457 - Hilera 2748</name><Style><LineStyle><color>ff00ff00</color><width>3</width></LineStyle></Style><LineString><coordinates>-71.3075733,-35.6495716,0 -71.3074366,-35.651165,0</coordinates></LineString></Placemark><Placemark><name>Trabajado - Cuartel 2457 - Hilera 2750</name><Style><LineStyle><color>ff00ff00</color><width>3</width></LineStyle></Style><LineString><coordinates>-71.3075983,-35.6510466,0 -71.30767,-35.6496116,0</coordinates></LineString></Placemark><Placemark><name>Trabajado - Cuartel 2457 - Hilera 2751</name><Style><LineStyle><color>ff00ff00</color><width>3</width></LineStyle></Style><LineString><coordinates>-71.30767,-35.6496116,0 -71.3078599,-35.6497733,0</coordinates></LineString></Placemark><Placemark><name>Trabajado - Cuartel 2457 - Hilera 2752</name><Style><LineStyle><color>ff00ff00</color><width>3</width></LineStyle></Style><LineString><coordinates>-71.3078599,-35.6497733,0 -71.3078033,-35.6511183,0</coordinates></LineString></Placemark><Placemark><name>Trabajado - Cuartel 2457 - Hilera 2753</name><Style><LineStyle><color>ff00ff00</color><width>3</width></LineStyle></Style><LineString><coordinates>-71.3078566,-35.6511066,0 -71.3079966,-35.64975,0</coordinates></LineString></Placemark><Placemark><name>Trabajado - Cuartel 2457 - Hilera 2755</name><Style><LineStyle><color>ff00ff00</color><width>3</width></LineStyle></Style><LineString><coordinates>-71.30828852967585,-35.6481790595904,0 -71.3080716,-35.6512316,0</coordinates></LineString></Placemark><Placemark><name>Trabajado - Cuartel 2457 - Hilera 2756</name><Style><LineStyle><color>ff00ff00</color><width>3</width></LineStyle></Style><LineString><coordinates>-71.3081233,-35.6511766,0 -71.3072716,-35.6511366,0</coordinates></LineString></Placemark><Placemark><name>Trabajado - Cuartel 2457 - Hilera 2757</name><Style><LineStyle><color>ff00ff00</color><width>3</width></LineStyle></Style><LineString><coordinates>-71.3072716,-35.6511366,0 -71.3071133,-35.6495366,0</coordinates></LineString></Placemark><Placemark><name>Trabajado - Cuartel 2457 - Hilera 2758</name><Style><LineStyle><color>ff00ff00</color><width>3</width></LineStyle></Style><LineString><coordinates>-71.3058333,-35.6494,0 -71.3044866,-35.6489799,0</coordinates></LineString></Placemark><Placemark><name>Trabajado - Cuartel 2457 - Hilera 2759</name><Style><LineStyle><color>ff00ff00</color><width>3</width></LineStyle></Style><LineString><coordinates>-71.3045083,-35.6489366,0 -71.3046016,-35.6489783,0</coordinates></LineString></Placemark><Placemark><name>Trabajado - Cuartel 2457 - Hilera 2762</name><Style><LineStyle><color>ff00ff00</color><width>3</width></LineStyle></Style><LineString><coordinates>-71.3048883,-35.6478549,0 -71.3065933,-35.6479816,0</coordinates></LineString></Placemark><Placemark><name>Trabajado - Cuartel 2457 - Hilera 2763</name><Style><LineStyle><color>ff00ff00</color><width>3</width></LineStyle></Style><LineString><coordinates>-71.3065933,-35.6479816,0 -71.3066666,-35.6480633,0</coordinates></LineString></Placemark><Placemark><name>Trabajado - Cuartel 2457 - Hilera 2764</name><Style><LineStyle><color>ff00ff00</color><width>3</width></LineStyle></Style><LineString><coordinates>-71.3066666,-35.6480633,0 -71.3066233,-35.6481549,0</coordinates></LineString></Placemark><Placemark><name>Trabajado - Cuartel 2457 - Hilera 2766</name><Style><LineStyle><color>ff00ff00</color><width>3</width></LineStyle></Style><LineString><coordinates>-71.3065399,-35.6481266,0 -71.30574320527448,-35.64796360991563,0</coordinates></LineString></Placemark><Placemark><name>Trabajado - Cuartel 2457 - Hilera 2767</name><Style><LineStyle><color>ff00ff00</color><width>3</width></LineStyle></Style><LineString><coordinates>-71.30575,-35.647965,0 -71.30556,-35.649215,0</coordinates></LineString></Placemark><Placemark><name>Trabajado - Cuartel 2457 - Hilera 2768</name><Style><LineStyle><color>ff00ff00</color><width>3</width></LineStyle></Style><LineString><coordinates>-71.3055233,-35.6492216,0 -71.3054533,-35.649375,0</coordinates></LineString></Placemark><Placemark><name>Trabajado - Cuartel 2457 - Hilera 2769</name><Style><LineStyle><color>ff00ff00</color><width>3</width></LineStyle></Style><LineString><coordinates>-71.3054533,-35.649375,0 -71.30555,-35.648585,0</coordinates></LineString></Placemark><Placemark><name>Trabajado - Cuartel 2457 - Hilera 2770</name><Style><LineStyle><color>ff00ff00</color><width>3</width></LineStyle></Style><LineString><coordinates>-71.3054866,-35.6485383,0 -71.3055433,-35.648075,0</coordinates></LineString></Placemark><Placemark><name>Trabajado - Cuartel 2457 - Hilera 2772</name><Style><LineStyle><color>ff00ff00</color><width>3</width></LineStyle></Style><LineString><coordinates>-71.3054033,-35.6479633,0 -71.3052699,-35.6492549,0</coordinates></LineString></Placemark><Placemark><name>Trabajado - Cuartel 2457 - Hilera 2773</name><Style><LineStyle><color>ff00ff00</color><width>3</width></LineStyle></Style><LineString><coordinates>-71.3052699,-35.6492549,0 -71.3050966,-35.6490833,0</coordinates></LineString></Placemark><Placemark><name>Trabajado - Cuartel 2457 - Hilera 2775</name><Style><LineStyle><color>ff00ff00</color><width>3</width></LineStyle></Style><LineString><coordinates>-71.3050783,-35.64797,0 -71.3049499,-35.6491016,0</coordinates></LineString></Placemark><Placemark><name>Trabajado - Cuartel 2457 - Hilera 2776</name><Style><LineStyle><color>ff00ff00</color><width>3</width></LineStyle></Style><LineString><coordinates>-71.3049499,-35.6491016,0 -71.3048416,-35.64901,0</coordinates></LineString></Placemark><Placemark><name>Trabajado - Cuartel 2457 - Hilera 2777</name><Style><LineStyle><color>ff00ff00</color><width>3</width></LineStyle></Style><LineString><coordinates>-71.3048233,-35.6489883,0 -71.3049,-35.647865,0</coordinates></LineString></Placemark><Placemark><name>Trabajado - Cuartel 2457 - Hilera 2779</name><Style><LineStyle><color>ff00ff00</color><width>3</width></LineStyle></Style><LineString><coordinates>-71.3048066,-35.6479233,0 -71.30471283201268,-35.64899046062118,0</coordinates></LineString></Placemark><Placemark><name>Trabajado - Cuartel 2457 - Hilera 2780</name><Style><LineStyle><color>ff00ff00</color><width>3</width></LineStyle></Style><LineString><coordinates>-71.3047533,-35.6485299,0 -71.3045316,-35.64891,0</coordinates></LineString></Placemark><Placemark><name>Trabajado - Cuartel 2457 - Hilera 2788</name><Style><LineStyle><color>ff00ff00</color><width>3</width></LineStyle></Style><LineString><coordinates>-71.3039399,-35.6486716,0 -71.3040883,-35.6486799,0</coordinates></LineString></Placemark><Placemark><name>Trabajado - Cuartel 2457 - Hilera 2789</name><Style><LineStyle><color>ff00ff00</color><width>3</width></LineStyle></Style><LineString><coordinates>-71.3040883,-35.6486799,0 -71.304185,-35.6477416,0</coordinates></LineString></Placemark><Placemark><name>Trabajado - Cuartel 2457 - Hilera 2790</name><Style><LineStyle><color>ff00ff00</color><width>3</width></LineStyle></Style><LineString><coordinates>-71.304185,-35.6477416,0 -71.3042616,-35.6486566,0</coordinates></LineString></Placemark><Placemark><name>Trabajado - Cuartel 2457 - Hilera 2791</name><Style><LineStyle><color>ff00ff00</color><width>3</width></LineStyle></Style><LineString><coordinates>-71.3042616,-35.6486566,0 -71.3043866,-35.6488083,0</coordinates></LineString></Placemark><Placemark><name>Trabajado - Cuartel 2457 - Hilera 2792</name><Style><LineStyle><color>ff00ff00</color><width>3</width></LineStyle></Style><LineString><coordinates>-71.3043866,-35.6488083,0 -71.304515,-35.6478316,0</coordinates></LineString></Placemark><Placemark><name>Trabajado - Cuartel 2457 - Hilera 2794</name><Style><LineStyle><color>ff00ff00</color><width>3</width></LineStyle></Style><LineString><coordinates>-71.3046283,-35.6479616,0 -71.3046883,-35.6489916,0</coordinates></LineString></Placemark><Placemark><name>Trabajado - Cuartel 2457 - Hilera 2795</name><Style><LineStyle><color>ff00ff00</color><width>3</width></LineStyle></Style><LineString><coordinates>-71.3046883,-35.6489916,0 -71.3048083,-35.6490166,0</coordinates></LineString></Placemark><Placemark><name>Trabajado - Cuartel 2457 - Hilera 2796</name><Style><LineStyle><color>ff00ff00</color><width>3</width></LineStyle></Style><LineString><coordinates>-71.3048083,-35.6490166,0 -71.304985,-35.647895,0</coordinates></LineString></Placemark><Placemark><name>Trabajado - Cuartel 2457 - Hilera 2797</name><Style><LineStyle><color>ff00ff00</color><width>3</width></LineStyle></Style><LineString><coordinates>-71.304985,-35.647895,0 -71.3058133,-35.6479883,0</coordinates></LineString></Placemark><Placemark><name>Trabajado - Cuartel 2457 - Hilera 2798</name><Style><LineStyle><color>ff00ff00</color><width>3</width></LineStyle></Style><LineString><coordinates>-71.3059383204279,-35.646502880525695,0 -71.3057266,-35.6493,0</coordinates></LineString></Placemark><Placemark><name>Trabajado - Cuartel 2457 - Hilera 2799</name><Style><LineStyle><color>ff00ff00</color><width>3</width></LineStyle></Style><LineString><coordinates>-71.3058416,-35.64928,0 -71.306085,-35.6479466,0</coordinates></LineString></Placemark><Placemark><name>Trabajado - Cuartel 2457 - Hilera 2800</name><Style><LineStyle><color>ff00ff00</color><width>3</width></LineStyle></Style><LineString><coordinates>-71.306085,-35.6479466,0 -71.305995,-35.6493233,0</coordinates></LineString></Placemark><Placemark><name>Trabajado - Cuartel 2457 - Hilera 2801</name><Style><LineStyle><color>ff00ff00</color><width>3</width></LineStyle></Style><LineString><coordinates>-71.305995,-35.6493233,0 -71.3061366,-35.6492933,0</coordinates></LineString></Placemark><Placemark><name>Trabajado - Cuartel 2457 - Hilera 2802</name><Style><LineStyle><color>ff00ff00</color><width>3</width></LineStyle></Style><LineString><coordinates>-71.3061366,-35.6492933,0 -71.30643287321901,-35.646528154646006,0</coordinates></LineString></Placemark><Placemark><name>Trabajado - Cuartel 2457 - Hilera 2803</name><Style><LineStyle><color>ff00ff00</color><width>3</width></LineStyle></Style><LineString><coordinates>-71.306275,-35.6480016,0 -71.3064216,-35.64811,0</coordinates></LineString></Placemark><Placemark><name>Trabajado - Cuartel 2457 - Hilera 2804</name><Style><LineStyle><color>ff00ff00</color><width>3</width></LineStyle></Style><LineString><coordinates>-71.30656520417816,-35.64650971776777,0 -71.30622123807085,-35.65034277372111,0</coordinates></LineString></Placemark><Placemark><name>Trabajado - Cuartel 2457 - Hilera 2805</name><Style><LineStyle><color>ff00ff00</color><width>3</width></LineStyle></Style><LineString><coordinates>-71.3063033,-35.6494283,0 -71.306475,-35.6492133,0</coordinates></LineString></Placemark><Placemark><name>Trabajado - Cuartel 2457 - Hilera 2806</name><Style><LineStyle><color>ff00ff00</color><width>3</width></LineStyle></Style><LineString><coordinates>-71.306475,-35.6492133,0 -71.30656,-35.6480533,0</coordinates></LineString></Placemark><Placemark><name>Trabajado - Cuartel 2457 - Hilera 2807</name><Style><LineStyle><color>ff00ff00</color><width>3</width></LineStyle></Style><LineString><coordinates>-71.3065783,-35.6480233,0 -71.3066833,-35.6480649,0</coordinates></LineString></Placemark><Placemark><name>Trabajado - Cuartel 2457 - Hilera 2808</name><Style><LineStyle><color>ff00ff00</color><width>3</width></LineStyle></Style><LineString><coordinates>-71.3066833,-35.6480649,0 -71.30653,-35.6491849,0</coordinates></LineString></Placemark><Placemark><name>Trabajado - Cuartel 2457 - Hilera 2809</name><Style><LineStyle><color>ff00ff00</color><width>3</width></LineStyle></Style><LineString><coordinates>-71.30653,-35.6491849,0 -71.3061483,-35.6494016,0</coordinates></LineString></Placemark><Placemark><name>Trabajado - Cuartel 2457 - Hilera 2810</name><Style><LineStyle><color>ff00ff00</color><width>3</width></LineStyle></Style><LineString><coordinates>-71.3061483,-35.6494016,0 -71.3050466,-35.6494633,0</coordinates></LineString></Placemark><Placemark><name>Trabajado - Cuartel 2457 - Hilera 2811</name><Style><LineStyle><color>ff00ff00</color><width>3</width></LineStyle></Style><LineString><coordinates>-71.30453,-35.6492749,0 -71.3046566,-35.6492699,0</coordinates></LineString></Placemark><Placemark><name>Trabajado - Cuartel 2457 - Hilera 2812</name><Style><LineStyle><color>ff00ff00</color><width>3</width></LineStyle></Style><LineString><coordinates>-71.3053933,-35.6493549,0 -71.306775,-35.6493549,0</coordinates></LineString></Placemark><Placemark><name>Trabajado - Cuartel 2457 - Hilera 2813</name><Style><LineStyle><color>ff00ff00</color><width>3</width></LineStyle></Style><LineString><coordinates>-71.306775,-35.6493549,0 -71.3068133,-35.6491516,0</coordinates></LineString></Placemark><Placemark><name>Trabajado - Cuartel 2457 - Hilera 2814</name><Style><LineStyle><color>ff00ff00</color><width>3</width></LineStyle></Style><LineString><coordinates>-71.3068133,-35.6491516,0 -71.3068383,-35.64924,0</coordinates></LineString></Placemark><Placemark><name>Trabajado - Cuartel 2457 - Hilera 2815</name><Style><LineStyle><color>ff00ff00</color><width>3</width></LineStyle></Style><LineString><coordinates>-71.3068383,-35.64924,0 -71.3068916,-35.6480483,0</coordinates></LineString></Placemark><Placemark><name>Trabajado - Cuartel 2457 - Hilera 2816</name><Style><LineStyle><color>ff00ff00</color><width>3</width></LineStyle></Style><LineString><coordinates>-71.3068916,-35.6480483,0 -71.3070383,-35.6482733,0</coordinates></LineString></Placemark><Placemark><name>Trabajado - Cuartel 2457 - Hilera 2817</name><Style><LineStyle><color>ff00ff00</color><width>3</width></LineStyle></Style><LineString><coordinates>-71.3070383,-35.6482733,0 -71.3069483,-35.6493266,0</coordinates></LineString></Placemark><Placemark><name>Trabajado - Cuartel 2457 - Hilera 2818</name><Style><LineStyle><color>ff00ff00</color><width>3</width></LineStyle></Style><LineString><coordinates>-71.3069483,-35.6493266,0 -71.307075,-35.649465,0</coordinates></LineString></Placemark><Placemark><name>Trabajado - Cuartel 2457 - Hilera 2819</name><Style><LineStyle><color>ff00ff00</color><width>3</width></LineStyle></Style><LineString><coordinates>-71.307075,-35.649465,0 -71.30732144638206,-35.64670869177953,0</coordinates></LineString></Placemark><Placemark><name>Trabajado - Cuartel 2457 - Hilera 2820</name><Style><LineStyle><color>ff00ff00</color><width>3</width></LineStyle></Style><LineString><coordinates>-71.3071966,-35.648105,0 -71.3073466,-35.6482783,0</coordinates></LineString></Placemark><Placemark><name>Trabajado - Cuartel 2457 - Hilera 2822</name><Style><LineStyle><color>ff00ff00</color><width>3</width></LineStyle></Style><LineString><coordinates>-71.307395,-35.6493633,0 -71.3074566,-35.648325,0</coordinates></LineString></Placemark><Placemark><name>Trabajado - Cuartel 2457 - Hilera 2824</name><Style><LineStyle><color>ff00ff00</color><width>3</width></LineStyle></Style><LineString><coordinates>-71.30765,-35.6480883,0 -71.30762,-35.6492966,0</coordinates></LineString></Placemark><Placemark><name>Trabajado - Cuartel 2457 - Hilera 2825</name><Style><LineStyle><color>ff00ff00</color><width>3</width></LineStyle></Style><LineString><coordinates>-71.30762,-35.6492966,0 -71.3077099,-35.6494683,0</coordinates></LineString></Placemark><Placemark><name>Trabajado - Cuartel 2457 - Hilera 2826</name><Style><LineStyle><color>ff00ff00</color><width>3</width></LineStyle></Style><LineString><coordinates>-71.3077099,-35.6494683,0 -71.30781,-35.6481916,0</coordinates></LineString></Placemark><Placemark><name>Trabajado - Cuartel 2457 - Hilera 2827</name><Style><LineStyle><color>ff00ff00</color><width>3</width></LineStyle></Style><LineString><coordinates>-71.30781,-35.6481916,0 -71.307925,-35.648185,0</coordinates></LineString></Placemark><Placemark><name>Trabajado - Cuartel 2457 - Hilera 2828</name><Style><LineStyle><color>ff00ff00</color><width>3</width></LineStyle></Style><LineString><coordinates>-71.307925,-35.648185,0 -71.3078016,-35.6494399,0</coordinates></LineString></Placemark><Placemark><name>Trabajado - Cuartel 2457 - Hilera 2830</name><Style><LineStyle><color>ff00ff00</color><width>3</width></LineStyle></Style><LineString><coordinates>-71.3080066,-35.6494783,0 -71.30823147063056,-35.646864606717656,0</coordinates></LineString></Placemark><Placemark><name>Trabajado - Cuartel 2457 - Hilera 2831</name><Style><LineStyle><color>ff00ff00</color><width>3</width></LineStyle></Style><LineString><coordinates>-71.3081183,-35.64818,0 -71.3059233,-35.6479316,0</coordinates></LineString></Placemark><Placemark><name>Trabajado - Cuartel 2457 - Hilera 2832</name><Style><LineStyle><color>ff00ff00</color><width>3</width></LineStyle></Style><LineString><coordinates>-71.3059233,-35.6479316,0 -71.3055883,-35.6493466,0</coordinates></LineString></Placemark><Placemark><name>Trabajado - Cuartel 2457 - Hilera 2833</name><Style><LineStyle><color>ff00ff00</color><width>3</width></LineStyle></Style><LineString><coordinates>-71.3055883,-35.6493466,0 -71.3050866,-35.6494516,0</coordinates></LineString></Placemark><Placemark><name>Trabajado - Cuartel 2457 - Hilera 2834</name><Style><LineStyle><color>ff00ff00</color><width>3</width></LineStyle></Style><LineString><coordinates>-71.3050866,-35.6494516,0 -71.3047633,-35.6492133,0</coordinates></LineString></Placemark><Placemark><name>Trabajado - Cuartel 2457 - Hilera 2835</name><Style><LineStyle><color>ff00ff00</color><width>3</width></LineStyle></Style><LineString><coordinates>-71.304635,-35.6493016,0 -71.30508,-35.6494733,0</coordinates></LineString></Placemark><Placemark><name>Trabajado - Cuartel 2457 - Hilera 2836</name><Style><LineStyle><color>ff00ff00</color><width>3</width></LineStyle></Style><LineString><coordinates>-71.3052607977344,-35.64933284610914,0 -71.306825,-35.6494399,0</coordinates></LineString></Placemark><Placemark><name>Trabajado - Cuartel 2457 - Hilera 2837</name><Style><LineStyle><color>ff00ff00</color><width>3</width></LineStyle></Style><LineString><coordinates>-71.306825,-35.6494399,0 -71.3070083,-35.6480783,0</coordinates></LineString></Placemark><Placemark><name>Trabajado - Cuartel 2457 - Hilera 2838</name><Style><LineStyle><color>ff00ff00</color><width>3</width></LineStyle></Style><LineString><coordinates>-71.3070083,-35.6480783,0 -71.307975,-35.6481433,0</coordinates></LineString></Placemark><Placemark><name>Trabajado - Cuartel 2457 - Hilera 2839</name><Style><LineStyle><color>ff00ff00</color><width>3</width></LineStyle></Style><LineString><coordinates>-71.307975,-35.6481433,0 -71.3081233,-35.6480916,0</coordinates></LineString></Placemark><Placemark><name>Trabajado - Cuartel 2457 - Hilera 2841</name><Style><LineStyle><color>ff00ff00</color><width>3</width></LineStyle></Style><LineString><coordinates>-71.30844980079871,-35.64649211323127,0 -71.3082566,-35.6481483,0</coordinates></LineString></Placemark><Placemark><name>Trabajado - Cuartel 2457 - Hilera 2842</name><Style><LineStyle><color>ff00ff00</color><width>3</width></LineStyle></Style><LineString><coordinates>-71.3082566,-35.6481483,0 -71.3079883,-35.6478916,0</coordinates></LineString></Placemark><Placemark><name>Trabajado - Cuartel 2457 - Hilera 2843</name><Style><LineStyle><color>ff00ff00</color><width>3</width></LineStyle></Style><LineString><coordinates>-71.3079883,-35.6478916,0 -71.3080716,-35.6466866,0</coordinates></LineString></Placemark><Placemark><name>Trabajado - Cuartel 2457 - Hilera 2844</name><Style><LineStyle><color>ff00ff00</color><width>3</width></LineStyle></Style><LineString><coordinates>-71.30814592464287,-35.64628470596711,0 -71.3078133,-35.6480833,0</coordinates></LineString></Placemark><Placemark><name>Trabajado - Cuartel 2457 - Hilera 2845</name><Style><LineStyle><color>ff00ff00</color><width>3</width></LineStyle></Style><LineString><coordinates>-71.3078133,-35.6480833,0 -71.3077016,-35.6479516,0</coordinates></LineString></Placemark><Placemark><name>Trabajado - Cuartel 2457 - Hilera 2846</name><Style><LineStyle><color>ff00ff00</color><width>3</width></LineStyle></Style><LineString><coordinates>-71.30769257758728,-35.64805367340563,0 -71.30774900986329,-35.64741523723861,0</coordinates></LineString></Placemark><Placemark><name>Trabajado - Cuartel 2457 - Hilera 2847</name><Style><LineStyle><color>ff00ff00</color><width>3</width></LineStyle></Style><LineString><coordinates>-71.3077399,-35.6475183,0 -71.3075816,-35.6474683,0</coordinates></LineString></Placemark><Placemark><name>Trabajado - Cuartel 2457 - Hilera 2848</name><Style><LineStyle><color>ff00ff00</color><width>3</width></LineStyle></Style><LineString><coordinates>-71.3075816,-35.6474683,0 -71.3075099,-35.6480216,0</coordinates></LineString></Placemark><Placemark><name>Trabajado - Cuartel 2457 - Hilera 2849</name><Style><LineStyle><color>ff00ff00</color><width>3</width></LineStyle></Style><LineString><coordinates>-71.3075099,-35.6480216,0 -71.3074016,-35.6479416,0</coordinates></LineString></Placemark><Placemark><name>Trabajado - Cuartel 2457 - Hilera 2850</name><Style><LineStyle><color>ff00ff00</color><width>3</width></LineStyle></Style><LineString><coordinates>-71.3074016,-35.6479416,0 -71.30765,-35.64673,0</coordinates></LineString></Placemark><Placemark><name>Trabajado - Cuartel 2457 - Hilera 2851</name><Style><LineStyle><color>ff00ff00</color><width>3</width></LineStyle></Style><LineString><coordinates>-71.30765,-35.64673,0 -71.3074933,-35.6465,0</coordinates></LineString></Placemark><Placemark><name>Trabajado - Cuartel 2457 - Hilera 2852</name><Style><LineStyle><color>ff00ff00</color><width>3</width></LineStyle></Style><LineString><coordinates>-71.3074933,-35.6465,0 -71.3073149,-35.6467083,0</coordinates></LineString></Placemark><Placemark><name>Trabajado - Cuartel 2457 - Hilera 2853</name><Style><LineStyle><color>ff00ff00</color><width>3</width></LineStyle></Style><LineString><coordinates>-71.3071683,-35.6481783,0 -71.30725,-35.64826,0</coordinates></LineString></Placemark><Placemark><name>Trabajado - Cuartel 2457 - Hilera 2854</name><Style><LineStyle><color>ff00ff00</color><width>3</width></LineStyle></Style><LineString><coordinates>-71.30725,-35.64826,0 -71.3072233,-35.6480449,0</coordinates></LineString></Placemark><Placemark><name>Trabajado - Cuartel 2457 - Hilera 2855</name><Style><LineStyle><color>ff00ff00</color><width>3</width></LineStyle></Style><LineString><coordinates>-71.3072233,-35.6480449,0 -71.3070983,-35.6479116,0</coordinates></LineString></Placemark><Placemark><name>Trabajado - Cuartel 2457 - Hilera 2856</name><Style><LineStyle><color>ff00ff00</color><width>3</width></LineStyle></Style><LineString><coordinates>-71.3070983,-35.6479116,0 -71.307115,-35.6475583,0</coordinates></LineString></Placemark><Placemark><name>Trabajado - Cuartel 2457 - Hilera 2857</name><Style><LineStyle><color>ff00ff00</color><width>3</width></LineStyle></Style><LineString><coordinates>-71.307115,-35.6475583,0 -71.30695439041382,-35.64741453336667,0</coordinates></LineString></Placemark><Placemark><name>Trabajado - Cuartel 2457 - Hilera 2858</name><Style><LineStyle><color>ff00ff00</color><width>3</width></LineStyle></Style><LineString><coordinates>-71.306965,-35.6474066,0 -71.30722,-35.6468083,0</coordinates></LineString></Placemark><Placemark><name>Trabajado - Cuartel 2457 - Hilera 2859</name><Style><LineStyle><color>ff00ff00</color><width>3</width></LineStyle></Style><LineString><coordinates>-71.30722,-35.6468083,0 -71.3070833,-35.6464616,0</coordinates></LineString></Placemark><Placemark><name>Trabajado - Cuartel 2457 - Hilera 2860</name><Style><LineStyle><color>ff00ff00</color><width>3</width></LineStyle></Style><LineString><coordinates>-71.30721364232186,-35.64504192830183,0 -71.3069566,-35.6478416,0</coordinates></LineString></Placemark><Placemark><name>Trabajado - Cuartel 2457 - Hilera 2862</name><Style><LineStyle><color>ff00ff00</color><width>3</width></LineStyle></Style><LineString><coordinates>-71.3067733,-35.6479066,0 -71.3068833,-35.646535,0</coordinates></LineString></Placemark><Placemark><name>Trabajado - Cuartel 2457 - Hilera 2863</name><Style><LineStyle><color>ff00ff00</color><width>3</width></LineStyle></Style><LineString><coordinates>-71.3068833,-35.646535,0 -71.3069833,-35.64645,0</coordinates></LineString></Placemark><Placemark><name>Trabajado - Cuartel 2457 - Hilera 2864</name><Style><LineStyle><color>ff00ff00</color><width>3</width></LineStyle></Style><LineString><coordinates>-71.3069833,-35.64645,0 -71.30694569017862,-35.64629731055425,0</coordinates></LineString></Placemark><Placemark><name>Trabajado - Cuartel 2457 - Hilera 2865</name><Style><LineStyle><color>ff00ff00</color><width>3</width></LineStyle></Style><LineString><coordinates>-71.3069599,-35.646355,0 -71.30707,-35.6464216,0</coordinates></LineString></Placemark><Placemark><name>Trabajado - Cuartel 2457 - Hilera 2867</name><Style><LineStyle><color>ff00ff00</color><width>3</width></LineStyle></Style><LineString><coordinates>-71.3077633,-35.6465599,0 -71.30767850665822,-35.64754943829825,0</coordinates></LineString></Placemark><Placemark><name>Trabajado - Cuartel 2457 - Hilera 2868</name><Style><LineStyle><color>ff00ff00</color><width>3</width></LineStyle></Style><LineString><coordinates>-71.3077349,-35.6469333,0 -71.3075016,-35.6472016,0</coordinates></LineString></Placemark><Placemark><name>Trabajado - Cuartel 2457 - Hilera 2869</name><Style><LineStyle><color>ff00ff00</color><width>3</width></LineStyle></Style><LineString><coordinates>-71.30747587542766,-35.647156661833286,0 -71.30776129072223,-35.64765525282716,0</coordinates></LineString></Placemark><Placemark><name>Trabajado - Cuartel 2457 - Hilera 2870</name><Style><LineStyle><color>ff00ff00</color><width>3</width></LineStyle></Style><LineString><coordinates>-71.3076466,-35.6474549,0 -71.3075666,-35.6474216,0</coordinates></LineString></Placemark><Placemark><name>Trabajado - Cuartel 2457 - Hilera 2871</name><Style><LineStyle><color>ff00ff00</color><width>3</width></LineStyle></Style><LineString><coordinates>-71.3075666,-35.6474216,0 -71.307615,-35.64733,0</coordinates></LineString></Placemark><Placemark><name>Trabajado - Cuartel 2457 - Hilera 2872</name><Style><LineStyle><color>ff00ff00</color><width>3</width></LineStyle></Style><LineString><coordinates>-71.307615,-35.64733,0 -71.307695,-35.6474516,0</coordinates></LineString></Placemark><Placemark><name>Trabajado - Cuartel 2457 - Hilera 2873</name><Style><LineStyle><color>ff00ff00</color><width>3</width></LineStyle></Style><LineString><coordinates>-71.307775,-35.64765,0 -71.3078466,-35.6475766,0</coordinates></LineString></Placemark><Placemark><name>Trabajado - Cuartel 2457 - Hilera 2874</name><Style><LineStyle><color>ff00ff00</color><width>3</width></LineStyle></Style><LineString><coordinates>-71.3078466,-35.6475766,0 -71.3077099,-35.6475266,0</coordinates></LineString></Placemark><Placemark><name>Trabajado - Cuartel 2457 - Hilera 2875</name><Style><LineStyle><color>ff00ff00</color><width>3</width></LineStyle></Style><LineString><coordinates>-71.3074716,-35.6471583,0 -71.3076016,-35.6466949,0</coordinates></LineString></Placemark><Placemark><name>Trabajado - Cuartel 2457 - Hilera 2876</name><Style><LineStyle><color>ff00ff00</color><width>3</width></LineStyle></Style><LineString><coordinates>-71.3076016,-35.6466949,0 -71.3073333,-35.6464566,0</coordinates></LineString></Placemark><Placemark><name>Trabajado - Cuartel 2457 - Hilera 2878</name><Style><LineStyle><color>ff00ff00</color><width>3</width></LineStyle></Style><LineString><coordinates>-71.306775,-35.6464466,0 -71.3066316,-35.64795,0</coordinates></LineString></Placemark><Placemark><name>Trabajado - Cuartel 2457 - Hilera 2879</name><Style><LineStyle><color>ff00ff00</color><width>3</width></LineStyle></Style><LineString><coordinates>-71.3066316,-35.64795,0 -71.3064666,-35.6478733,0</coordinates></LineString></Placemark><Placemark><name>Trabajado - Cuartel 2457 - Hilera 2881</name><Style><LineStyle><color>ff00ff00</color><width>3</width></LineStyle></Style><LineString><coordinates>-71.3062716,-35.6478983,0 -71.3076083,-35.6480433,0</coordinates></LineString></Placemark><Placemark><name>Trabajado - Cuartel 2457 - Hilera 2882</name><Style><LineStyle><color>ff00ff00</color><width>3</width></LineStyle></Style><LineString><coordinates>-71.3076083,-35.6480433,0 -71.3075116,-35.647135,0</coordinates></LineString></Placemark><Placemark><name>Trabajado - Cuartel 2457 - Hilera 2883</name><Style><LineStyle><color>ff00ff00</color><width>3</width></LineStyle></Style><LineString><coordinates>-71.3075116,-35.647135,0 -71.3075899,-35.6470583,0</coordinates></LineString></Placemark><Placemark><name>Trabajado - Cuartel 2457 - Hilera 2884</name><Style><LineStyle><color>ff00ff00</color><width>3</width></LineStyle></Style><LineString><coordinates>-71.3075899,-35.6470583,0 -71.3075533,-35.6468983,0</coordinates></LineString></Placemark><Placemark><name>Trabajado - Cuartel 2457 - Hilera 2885</name><Style><LineStyle><color>ff00ff00</color><width>3</width></LineStyle></Style><LineString><coordinates>-71.3075533,-35.6468983,0 -71.3072666,-35.6465066,0</coordinates></LineString></Placemark><Placemark><name>Trabajado - Cuartel 2457 - Hilera 2888</name><Style><LineStyle><color>ff00ff00</color><width>3</width></LineStyle></Style><LineString><coordinates>-71.3063216,-35.64631,0 -71.30608572041706,-35.64789952608844,0</coordinates></LineString></Placemark><Placemark><name>Trabajado - Cuartel 2457 - Hilera 2889</name><Style><LineStyle><color>ff00ff00</color><width>3</width></LineStyle></Style><LineString><coordinates>-71.3061066,-35.6479016,0 -71.3060266,-35.6477533,0</coordinates></LineString></Placemark><Placemark><name>Trabajado - Cuartel 2457 - Hilera 2890</name><Style><LineStyle><color>ff00ff00</color><width>3</width></LineStyle></Style><LineString><coordinates>-71.3060266,-35.6477533,0 -71.3060866,-35.6464066,0</coordinates></LineString></Placemark><Placemark><name>Trabajado - Cuartel 2457 - Hilera 2892</name><Style><LineStyle><color>ff00ff00</color><width>3</width></LineStyle></Style><LineString><coordinates>-71.3057433,-35.6479633,0 -71.3057883,-35.6463266,0</coordinates></LineString></Placemark><Placemark><name>Trabajado - Cuartel 2457 - Hilera 2894</name><Style><LineStyle><color>ff00ff00</color><width>3</width></LineStyle></Style><LineString><coordinates>-71.3056433,-35.6464466,0 -71.3055516,-35.6492899,0</coordinates></LineString></Placemark><Placemark><name>Trabajado - Cuartel 2457 - Hilera 2895</name><Style><LineStyle><color>ff00ff00</color><width>3</width></LineStyle></Style><LineString><coordinates>-71.3052516,-35.6494233,0 -71.3049466,-35.6494083,0</coordinates></LineString></Placemark><Placemark><name>Trabajado - Cuartel 2457 - Hilera 2896</name><Style><LineStyle><color>ff00ff00</color><width>3</width></LineStyle></Style><LineString><coordinates>-71.3049466,-35.6494083,0 -71.3047166,-35.6492166,0</coordinates></LineString></Placemark><Placemark><name>Trabajado - Cuartel 2457 - Hilera 2897</name><Style><LineStyle><color>ff00ff00</color><width>3</width></LineStyle></Style><LineString><coordinates>-71.3047166,-35.6492166,0 -71.304795,-35.6493466,0</coordinates></LineString></Placemark><Placemark><name>Trabajado - Cuartel 2457 - Hilera 2898</name><Style><LineStyle><color>ff00ff00</color><width>3</width></LineStyle></Style><LineString><coordinates>-71.3051716,-35.649505,0 -71.3054178446562,-35.64933286400625,0</coordinates></LineString></Placemark><Placemark><name>Trabajado - Cuartel 2457 - Hilera 2899</name><Style><LineStyle><color>ff00ff00</color><width>3</width></LineStyle></Style><LineString><coordinates>-71.30536,-35.6493733,0 -71.305455,-35.646625,0</coordinates></LineString></Placemark><Placemark><name>Trabajado - Cuartel 2457 - Hilera 2910</name><Style><LineStyle><color>ff00ff00</color><width>3</width></LineStyle></Style><LineString><coordinates>-71.304605,-35.648945,0 -71.3047266,-35.648915,0</coordinates></LineString></Placemark><Placemark><name>Trabajado - Cuartel 2457 - Hilera 2911</name><Style><LineStyle><color>ff00ff00</color><width>3</width></LineStyle></Style><LineString><coordinates>-71.304705,-35.64899,0 -71.3044116,-35.6486866,0</coordinates></LineString></Placemark><Placemark><name>Trabajado - Cuartel 2457 - Hilera 2921</name><Style><LineStyle><color>ff00ff00</color><width>3</width></LineStyle></Style><LineString><coordinates>-71.3039433,-35.64871,0 -71.3040466,-35.6488683,0</coordinates></LineString></Placemark><Placemark><name>Trabajado - Cuartel 2457 - Hilera 2922</name><Style><LineStyle><color>ff00ff00</color><width>3</width></LineStyle></Style><LineString><coordinates>-71.3040416,-35.6491083,0 -71.304155,-35.64925,0</coordinates></LineString></Placemark><Placemark><name>Trabajado - Cuartel 2457 - Hilera 2923</name><Style><LineStyle><color>ff00ff00</color><width>3</width></LineStyle></Style><LineString><coordinates>-71.304155,-35.64925,0 -71.30401671024865,-35.65078600402405,0</coordinates></LineString></Placemark><Placemark><name>Trabajado - Cuartel 2457 - Hilera 2924</name><Style><LineStyle><color>ff00ff00</color><width>3</width></LineStyle></Style><LineString><coordinates>-71.3042833,-35.64921,0 -71.3041566,-35.6493833,0</coordinates></LineString></Placemark><Placemark><name>Trabajado - Cuartel 2457 - Hilera 2943</name><Style><LineStyle><color>ff00ff00</color><width>3</width></LineStyle></Style><LineString><coordinates>-71.30345,-35.6520283,0 -71.3037466,-35.64951,0</coordinates></LineString></Placemark><Placemark><name>Trabajado - Cuartel 2457 - Hilera 2952</name><Style><LineStyle><color>ff00ff00</color><width>3</width></LineStyle></Style><LineString><coordinates>-71.3041933,-35.644605,0 -71.3034383,-35.652025,0</coordinates></LineString></Placemark><Placemark><name>Trabajado - Cuartel 2457 - Hilera 3000</name><Style><LineStyle><color>ff00ff00</color><width>3</width></LineStyle></Style><LineString><coordinates>-71.30417,-35.64453,0 -71.3034866,-35.6520916,0</coordinates></LineString></Placemark><Placemark><name>Trabajado - Cuartel 2457 - Hilera 3044</name><Style><LineStyle><color>ff00ff00</color><width>3</width></LineStyle></Style><LineString><coordinates>-71.3081599,-35.6512233,0 -71.3083399,-35.6494166,0</coordinates></LineString></Placemark><Placemark><name>Trabajado - Cuartel 2457 - Hilera 3045</name><Style><LineStyle><color>ff00ff00</color><width>3</width></LineStyle></Style><LineString><coordinates>-71.3083033,-35.6493516,0 -71.308345,-35.6492183,0</coordinates></LineString></Placemark><Placemark><name>Trabajado - Cuartel 2457 - Hilera 3046</name><Style><LineStyle><color>ff00ff00</color><width>3</width></LineStyle></Style><LineString><coordinates>-71.308345,-35.6492183,0 -71.30840266958975,-35.64748821230752,0</coordinates></LineString></Placemark><Placemark><name>Trabajado - Cuartel 2457 - Hilera 3048</name><Style><LineStyle><color>ff00ff00</color><width>3</width></LineStyle></Style><LineString><coordinates>-71.3085183,-35.64955,0 -71.3085333,-35.6494249,0</coordinates></LineString></Placemark><Placemark><name>Trabajado - Cuartel 2457 - Hilera 3049</name><Style><LineStyle><color>ff00ff00</color><width>3</width></LineStyle></Style><LineString><coordinates>-71.3085333,-35.6494249,0 -71.3086399,-35.649285,0</coordinates></LineString></Placemark><Placemark><name>Trabajado - Cuartel 2457 - Hilera 3050</name><Style><LineStyle><color>ff00ff00</color><width>3</width></LineStyle></Style><LineString><coordinates>-71.3086399,-35.649285,0 -71.3083466,-35.65108,0</coordinates></LineString></Placemark><Placemark><name>Trabajado - Cuartel 2457 - Hilera 3052</name><Style><LineStyle><color>ff00ff00</color><width>3</width></LineStyle></Style><LineString><coordinates>-71.3085383,-35.6509766,0 -71.3087083,-35.6496366,0</coordinates></LineString></Placemark><Placemark><name>Trabajado - Cuartel 2457 - Hilera 3053</name><Style><LineStyle><color>ff00ff00</color><width>3</width></LineStyle></Style><LineString><coordinates>-71.3087083,-35.6496366,0 -71.3086733,-35.651165,0</coordinates></LineString></Placemark><Placemark><name>Trabajado - Cuartel 2457 - Hilera 3055</name><Style><LineStyle><color>ff00ff00</color><width>3</width></LineStyle></Style><LineString><coordinates>-71.3088,-35.6512533,0 -71.3089366,-35.6498733,0</coordinates></LineString></Placemark><Placemark><name>Trabajado - Cuartel 2457 - Hilera 3056</name><Style><LineStyle><color>ff00ff00</color><width>3</width></LineStyle></Style><LineString><coordinates>-71.3089366,-35.6498733,0 -71.3091366,-35.649785,0</coordinates></LineString></Placemark><Placemark><name>Trabajado - Cuartel 2457 - Hilera 3057</name><Style><LineStyle><color>ff00ff00</color><width>3</width></LineStyle></Style><LineString><coordinates>-71.3091366,-35.649785,0 -71.3089633,-35.6513016,0</coordinates></LineString></Placemark><Placemark><name>Trabajado - Cuartel 2457 - Hilera 3059</name><Style><LineStyle><color>ff00ff00</color><width>3</width></LineStyle></Style><LineString><coordinates>-71.3091316,-35.6510399,0 -71.3092216,-35.65046,0</coordinates></LineString></Placemark><Placemark><name>Trabajado - Cuartel 2457 - Hilera 3061</name><Style><LineStyle><color>ff00ff00</color><width>3</width></LineStyle></Style><LineString><coordinates>-71.3091033,-35.65038,0 -71.3092266,-35.6498766,0</coordinates></LineString></Placemark><Placemark><name>Trabajado - Cuartel 2457 - Hilera 3062</name><Style><LineStyle><color>ff00ff00</color><width>3</width></LineStyle></Style><LineString><coordinates>-71.3092266,-35.6498766,0 -71.3093916,-35.6497483,0</coordinates></LineString></Placemark><Placemark><name>Trabajado - Cuartel 2457 - Hilera 3064</name><Style><LineStyle><color>ff00ff00</color><width>3</width></LineStyle></Style><LineString><coordinates>-71.3094383,-35.6511533,0 -71.3094349,-35.649715,0</coordinates></LineString></Placemark><Placemark><name>Trabajado - Cuartel 2457 - Hilera 3067</name><Style><LineStyle><color>ff00ff00</color><width>3</width></LineStyle></Style><LineString><coordinates>-71.3083733,-35.648195,0 -71.3077366,-35.6480683,0</coordinates></LineString></Placemark><Placemark><name>Trabajado - Cuartel 2457 - Hilera 3068</name><Style><LineStyle><color>ff00ff00</color><width>3</width></LineStyle></Style><LineString><coordinates>-71.3077166,-35.6480383,0 -71.3076733,-35.647425,0</coordinates></LineString></Placemark><Placemark><name>Trabajado - Cuartel 2457 - Hilera 3069</name><Style><LineStyle><color>ff00ff00</color><width>3</width></LineStyle></Style><LineString><coordinates>-71.3076733,-35.647425,0 -71.30757,-35.6473933,0</coordinates></LineString></Placemark><Placemark><name>Trabajado - Cuartel 2457 - Hilera 3070</name><Style><LineStyle><color>ff00ff00</color><width>3</width></LineStyle></Style><LineString><coordinates>-71.30757,-35.6473933,0 -71.3074383,-35.6480266,0</coordinates></LineString></Placemark><Placemark><name>Trabajado - Cuartel 2457 - Hilera 3076</name><Style><LineStyle><color>ff00ff00</color><width>3</width></LineStyle></Style><LineString><coordinates>-71.3093983,-35.649675,0 -71.30953,-35.6494316,0</coordinates></LineString></Placemark><Placemark><name>Trabajado - Cuartel 2457 - Hilera 3077</name><Style><LineStyle><color>ff00ff00</color><width>3</width></LineStyle></Style><LineString><coordinates>-71.30953,-35.6494316,0 -71.3094966,-35.6497266,0</coordinates></LineString></Placemark><Placemark><name>Trabajado - Cuartel 2457 - Hilera 3079</name><Style><LineStyle><color>ff00ff00</color><width>3</width></LineStyle></Style><LineString><coordinates>-71.3094266,-35.6496049,0 -71.3097533,-35.649235,0</coordinates></LineString></Placemark><Placemark><name>Trabajado - Cuartel 2457 - Hilera 3080</name><Style><LineStyle><color>ff00ff00</color><width>3</width></LineStyle></Style><LineString><coordinates>-71.3097733,-35.6492316,0 -71.3096883,-35.65135,0</coordinates></LineString></Placemark><Placemark><name>Trabajado - Cuartel 2457 - Hilera 3081</name><Style><LineStyle><color>ff00ff00</color><width>3</width></LineStyle></Style><LineString><coordinates>-71.3096883,-35.65135,0 -71.3099466,-35.6484816,0</coordinates></LineString></Placemark><Placemark><name>Trabajado - Cuartel 2457 - Hilera 3082</name><Style><LineStyle><color>ff00ff00</color><width>3</width></LineStyle></Style><LineString><coordinates>-71.3099466,-35.6484816,0 -71.3101599,-35.6484416,0</coordinates></LineString></Placemark><Placemark><name>Trabajado - Cuartel 2457 - Hilera 3083</name><Style><LineStyle><color>ff00ff00</color><width>3</width></LineStyle></Style><LineString><coordinates>-71.3101599,-35.6484416,0 -71.3099816,-35.6513916,0</coordinates></LineString></Placemark><Placemark><name>Trabajado - Cuartel 2457 - Hilera 3084</name><Style><LineStyle><color>ff00ff00</color><width>3</width></LineStyle></Style><LineString><coordinates>-71.3099816,-35.6513916,0 -71.3102716,-35.6482233,0</coordinates></LineString></Placemark><Placemark><name>Trabajado - Cuartel 2457 - Hilera 3085</name><Style><LineStyle><color>ff00ff00</color><width>3</width></LineStyle></Style><LineString><coordinates>-71.3102716,-35.6482233,0 -71.3107216,-35.6481549,0</coordinates></LineString></Placemark><Placemark><name>Trabajado - Cuartel 2457 - Hilera 3086</name><Style><LineStyle><color>ff00ff00</color><width>3</width></LineStyle></Style><LineString><coordinates>-71.3107216,-35.6481549,0 -71.310705,-35.64807,0</coordinates></LineString></Placemark><Placemark><name>Trabajado - Cuartel 2457 - Hilera 3087</name><Style><LineStyle><color>ff00ff00</color><width>3</width></LineStyle></Style><LineString><coordinates>-71.3106683,-35.6480433,0 -71.3106816,-35.6481233,0</coordinates></LineString></Placemark><Placemark><name>Trabajado - Cuartel 2457 - Hilera 3088</name><Style><LineStyle><color>ff00ff00</color><width>3</width></LineStyle></Style><LineString><coordinates>-71.3106866,-35.6480799,0 -71.3104266,-35.6487183,0</coordinates></LineString></Placemark><Placemark><name>Trabajado - Cuartel 2457 - Hilera 3089</name><Style><LineStyle><color>ff00ff00</color><width>3</width></LineStyle></Style><LineString><coordinates>-71.3103983,-35.6486883,0 -71.3105033,-35.6487166,0</coordinates></LineString></Placemark><Placemark><name>Trabajado - Cuartel 2457 - Hilera 3090</name><Style><LineStyle><color>ff00ff00</color><width>3</width></LineStyle></Style><LineString><coordinates>-71.31041508094033,-35.64866075049548,0 -71.3103583,-35.6487516,0</coordinates></LineString></Placemark><Placemark><name>Trabajado - Cuartel 2457 - Hilera 3091</name><Style><LineStyle><color>ff00ff00</color><width>3</width></LineStyle></Style><LineString><coordinates>-71.310425,-35.6486649,0 -71.3103416,-35.6481999,0</coordinates></LineString></Placemark><Placemark><name>Trabajado - Cuartel 2457 - Hilera 3092</name><Style><LineStyle><color>ff00ff00</color><width>3</width></LineStyle></Style><LineString><coordinates>-71.3103416,-35.6481999,0 -71.3101916,-35.6481683,0</coordinates></LineString></Placemark><Placemark><name>Trabajado - Cuartel 2457 - Hilera 3093</name><Style><LineStyle><color>ff00ff00</color><width>3</width></LineStyle></Style><LineString><coordinates>-71.3097133,-35.6485283,0 -71.3098166,-35.6485616,0</coordinates></LineString></Placemark><Placemark><name>Trabajado - Cuartel 2457 - Hilera 3094</name><Style><LineStyle><color>ff00ff00</color><width>3</width></LineStyle></Style><LineString><coordinates>-71.30867847444665,-35.648514836305374,0 -71.3099283,-35.648505,0</coordinates></LineString></Placemark><Placemark><name>Trabajado - Cuartel 2457 - Hilera 3095</name><Style><LineStyle><color>ff00ff00</color><width>3</width></LineStyle></Style><LineString><coordinates>-71.3099283,-35.648505,0 -71.309845,-35.6486283,0</coordinates></LineString></Placemark><Placemark><name>Trabajado - Cuartel 2457 - Hilera 3096</name><Style><LineStyle><color>ff00ff00</color><width>3</width></LineStyle></Style><LineString><coordinates>-71.309845,-35.6486283,0 -71.3096133,-35.6486516,0</coordinates></LineString></Placemark><Placemark><name>Trabajado - Cuartel 2457 - Hilera 3097</name><Style><LineStyle><color>ff00ff00</color><width>3</width></LineStyle></Style><LineString><coordinates>-71.3096133,-35.6486516,0 -71.30882,-35.6485799,0</coordinates></LineString></Placemark><Placemark><name>Trabajado - Cuartel 2457 - Hilera 3353</name><Style><LineStyle><color>ff00ff00</color><width>3</width></LineStyle></Style><LineString><coordinates>-71.3077116,-35.646535,0 -71.3074633,-35.6472666,0</coordinates></LineString></Placemark><Placemark><name>Trabajado - Cuartel 2457 - Hilera 3354</name><Style><LineStyle><color>ff00ff00</color><width>3</width></LineStyle></Style><LineString><coordinates>-71.3074633,-35.6472666,0 -71.3075283,-35.6473633,0</coordinates></LineString></Placemark><Placemark><name>Trabajado - Cuartel 2457 - Hilera 3355</name><Style><LineStyle><color>ff00ff00</color><width>3</width></LineStyle></Style><LineString><coordinates>-71.3075283,-35.6473633,0 -71.307745,-35.647415,0</coordinates></LineString></Placemark><Placemark><name>Trabajado - Cuartel 2457 - Hilera 3356</name><Style><LineStyle><color>ff00ff00</color><width>3</width></LineStyle></Style><LineString><coordinates>-71.307715,-35.648055,0 -71.3083099,-35.6481583,0</coordinates></LineString></Placemark><Placemark><name>Trabajado - Cuartel 2457 - Hilera 3357</name><Style><LineStyle><color>ff00ff00</color><width>3</width></LineStyle></Style><LineString><coordinates>-71.3083099,-35.6481583,0 -71.30885882898919,-35.648667445047785,0</coordinates></LineString></Placemark><Placemark><name>Trabajado - Cuartel 2457 - Hilera 3358</name><Style><LineStyle><color>ff00ff00</color><width>3</width></LineStyle></Style><LineString><coordinates>-71.309305,-35.6485066,0 -71.3096316,-35.6486133,0</coordinates></LineString></Placemark><Placemark><name>Trabajado - Cuartel 2457 - Hilera 3359</name><Style><LineStyle><color>ff00ff00</color><width>3</width></LineStyle></Style><LineString><coordinates>-71.3096316,-35.6486133,0 -71.3098299,-35.6485833,0</coordinates></LineString></Placemark><Placemark><name>Trabajado - Cuartel 2457 - Hilera 3360</name><Style><LineStyle><color>ff00ff00</color><width>3</width></LineStyle></Style><LineString><coordinates>-71.3098299,-35.6485833,0 -71.3101133,-35.64819,0</coordinates></LineString></Placemark><Placemark><name>Trabajado - Cuartel 2457 - Hilera 3361</name><Style><LineStyle><color>ff00ff00</color><width>3</width></LineStyle></Style><LineString><coordinates>-71.3101133,-35.64819,0 -71.31042,-35.64817,0</coordinates></LineString></Placemark><Placemark><name>Trabajado - Cuartel 2457 - Hilera 3362</name><Style><LineStyle><color>ff00ff00</color><width>3</width></LineStyle></Style><LineString><coordinates>-71.310445,-35.6482066,0 -71.3103833,-35.6491816,0</coordinates></LineString></Placemark><Placemark><name>Trabajado - Cuartel 2457 - Hilera 3363</name><Style><LineStyle><color>ff00ff00</color><width>3</width></LineStyle></Style><LineString><coordinates>-71.3103833,-35.6491816,0 -71.3101483,-35.6513466,0</coordinates></LineString></Placemark><Placemark><name>Trabajado - Cuartel 2457 - Hilera 3365</name><Style><LineStyle><color>ff00ff00</color><width>3</width></LineStyle></Style><LineString><coordinates>-71.310245,-35.651395,0 -71.3105933,-35.6481183,0</coordinates></LineString></Placemark><Placemark><name>Trabajado - Cuartel 2457 - Hilera 3366</name><Style><LineStyle><color>ff00ff00</color><width>3</width></LineStyle></Style><LineString><coordinates>-71.3105933,-35.6481183,0 -71.3108349,-35.6479683,0</coordinates></LineString></Placemark><Placemark><name>Trabajado - Cuartel 2457 - Hilera 3367</name><Style><LineStyle><color>ff00ff00</color><width>3</width></LineStyle></Style><LineString><coordinates>-71.3108349,-35.6479683,0 -71.3107299,-35.648505,0</coordinates></LineString></Placemark><Placemark><name>Trabajado - Cuartel 2457 - Hilera 3368</name><Style><LineStyle><color>ff00ff00</color><width>3</width></LineStyle></Style><LineString><coordinates>-71.3107299,-35.648505,0 -71.3105383,-35.651445,0</coordinates></LineString></Placemark><Placemark><name>Trabajado - Cuartel 2457 - Hilera 3369</name><Style><LineStyle><color>ff00ff00</color><width>3</width></LineStyle></Style><LineString><coordinates>-71.3105383,-35.651445,0 -71.3109133,-35.6479199,0</coordinates></LineString></Placemark><Placemark><name>Trabajado - Cuartel 2457 - Hilera 3371</name><Style><LineStyle><color>ff00ff00</color><width>3</width></LineStyle></Style><LineString><coordinates>-71.311055,-35.648085,0 -71.310725,-35.6514616,0</coordinates></LineString></Placemark><Placemark><name>Trabajado - Cuartel 2457 - Hilera 3372</name><Style><LineStyle><color>ff00ff00</color><width>3</width></LineStyle></Style><LineString><coordinates>-71.310725,-35.6514616,0 -71.31062,-35.6513466,0</coordinates></LineString></Placemark><Placemark><name>Trabajado - Cuartel 2457 - Hilera 3374</name><Style><LineStyle><color>ff00ff00</color><width>3</width></LineStyle></Style><LineString><coordinates>-71.31000774431068,-35.648086468478766,0 -71.3112083,-35.6478899,0</coordinates></LineString></Placemark><Placemark><name>Trabajado - Cuartel 2457 - Hilera 3375</name><Style><LineStyle><color>ff00ff00</color><width>3</width></LineStyle></Style><LineString><coordinates>-71.3112083,-35.6478899,0 -71.3115066,-35.6476283,0</coordinates></LineString></Placemark><Placemark><name>Trabajado - Cuartel 2457 - Hilera 3387</name><Style><LineStyle><color>ff00ff00</color><width>3</width></LineStyle></Style><LineString><coordinates>-71.3111566,-35.6478933,0 -71.3112066,-35.6478166,0</coordinates></LineString></Placemark><Placemark><name>Trabajado - Cuartel 2457 - Hilera 3389</name><Style><LineStyle><color>ff00ff00</color><width>3</width></LineStyle></Style><LineString><coordinates>-71.3108916,-35.6458016,0 -71.31083,-35.6457333,0</coordinates></LineString></Placemark><Placemark><name>Trabajado - Cuartel 2457 - Hilera 3390</name><Style><LineStyle><color>ff00ff00</color><width>3</width></LineStyle></Style><LineString><coordinates>-71.31083,-35.6457333,0 -71.3108149,-35.6464233,0</coordinates></LineString></Placemark><Placemark><name>Trabajado - Cuartel 2457 - Hilera 3391</name><Style><LineStyle><color>ff00ff00</color><width>3</width></LineStyle></Style><LineString><coordinates>-71.3108149,-35.6464233,0 -71.3107816,-35.6455583,0</coordinates></LineString></Placemark><Placemark><name>Trabajado - Cuartel 2457 - Hilera 3392</name><Style><LineStyle><color>ff00ff00</color><width>3</width></LineStyle></Style><LineString><coordinates>-71.3107816,-35.6455583,0 -71.310425,-35.6454383,0</coordinates></LineString></Placemark><Placemark><name>Trabajado - Cuartel 2457 - Hilera 3393</name><Style><LineStyle><color>ff00ff00</color><width>3</width></LineStyle></Style><LineString><coordinates>-71.310425,-35.6454383,0 -71.3102366,-35.64564,0</coordinates></LineString></Placemark><Placemark><name>Trabajado - Cuartel 2457 - Hilera 3394</name><Style><LineStyle><color>ff00ff00</color><width>3</width></LineStyle></Style><LineString><coordinates>-71.3102366,-35.64564,0 -71.31015392273538,-35.6466768093736,0</coordinates></LineString></Placemark><Placemark><name>Trabajado - Cuartel 2457 - Hilera 3395</name><Style><LineStyle><color>ff00ff00</color><width>3</width></LineStyle></Style><LineString><coordinates>-71.31005436272301,-35.64726434192426,0 -71.3103099,-35.6454483,0</coordinates></LineString></Placemark><Placemark><name>Trabajado - Cuartel 2457 - Hilera 3396</name><Style><LineStyle><color>ff00ff00</color><width>3</width></LineStyle></Style><LineString><coordinates>-71.31037,-35.6454466,0 -71.3104616,-35.64552,0</coordinates></LineString></Placemark><Placemark><name>Trabajado - Cuartel 2457 - Hilera 3397</name><Style><LineStyle><color>ff00ff00</color><width>3</width></LineStyle></Style><LineString><coordinates>-71.3104366,-35.6455483,0 -71.31024555756024,-35.64759739873344,0</coordinates></LineString></Placemark><Placemark><name>Trabajado - Cuartel 2457 - Hilera 3398</name><Style><LineStyle><color>ff00ff00</color><width>3</width></LineStyle></Style><LineString><coordinates>-71.310475,-35.64646,0 -71.31004779768965,-35.64650694009848,0</coordinates></LineString></Placemark><Placemark><name>Trabajado - Cuartel 2457 - Hilera 3399</name><Style><LineStyle><color>ff00ff00</color><width>3</width></LineStyle></Style><LineString><coordinates>-71.3103249,-35.6464866,0 -71.3101433,-35.646865,0</coordinates></LineString></Placemark><Placemark><name>Trabajado - Cuartel 2457 - Hilera 3400</name><Style><LineStyle><color>ff00ff00</color><width>3</width></LineStyle></Style><LineString><coordinates>-71.3101433,-35.646865,0 -71.3102666,-35.6469583,0</coordinates></LineString></Placemark><Placemark><name>Trabajado - Cuartel 2457 - Hilera 3401</name><Style><LineStyle><color>ff00ff00</color><width>3</width></LineStyle></Style><LineString><coordinates>-71.3102666,-35.6469583,0 -71.30998552404219,-35.64813881902279,0</coordinates></LineString></Placemark><Placemark><name>Trabajado - Cuartel 2457 - Hilera 3402</name><Style><LineStyle><color>ff00ff00</color><width>3</width></LineStyle></Style><LineString><coordinates>-71.3101566,-35.647325,0 -71.3102233,-35.6472516,0</coordinates></LineString></Placemark><Placemark><name>Trabajado - Cuartel 2457 - Hilera 3403</name><Style><LineStyle><color>ff00ff00</color><width>3</width></LineStyle></Style><LineString><coordinates>-71.3101566,-35.64763,0 -71.3102233,-35.6477083,0</coordinates></LineString></Placemark><Placemark><name>Trabajado - Cuartel 2457 - Hilera 3404</name><Style><LineStyle><color>ff00ff00</color><width>3</width></LineStyle></Style><LineString><coordinates>-71.3102233,-35.6477083,0 -71.3101016,-35.6481416,0</coordinates></LineString></Placemark><Placemark><name>Trabajado - Cuartel 2457 - Hilera 3405</name><Style><LineStyle><color>ff00ff00</color><width>3</width></LineStyle></Style><LineString><coordinates>-71.31006872302139,-35.64818274301327,0 -71.310165,-35.648035,0</coordinates></LineString></Placemark><Placemark><name>Trabajado - Cuartel 2457 - Hilera 3406</name><Style><LineStyle><color>ff00ff00</color><width>3</width></LineStyle></Style><LineString><coordinates>-71.310165,-35.648035,0 -71.3102366,-35.6481266,0</coordinates></LineString></Placemark><Placemark><name>Trabajado - Cuartel 2457 - Hilera 3407</name><Style><LineStyle><color>ff00ff00</color><width>3</width></LineStyle></Style><LineString><coordinates>-71.3102366,-35.6481266,0 -71.3101299,-35.648075,0</coordinates></LineString></Placemark><Placemark><name>Trabajado - Cuartel 2457 - Hilera 3408</name><Style><LineStyle><color>ff00ff00</color><width>3</width></LineStyle></Style><LineString><coordinates>-71.31007,-35.6481833,0 -71.3099716,-35.6481366,0</coordinates></LineString></Placemark><Placemark><name>Trabajado - Cuartel 2457 - Hilera 3409</name><Style><LineStyle><color>ff00ff00</color><width>3</width></LineStyle></Style><LineString><coordinates>-71.3100999,-35.6481116,0 -71.31002,-35.6479899,0</coordinates></LineString></Placemark><Placemark><name>Trabajado - Cuartel 2457 - Hilera 3410</name><Style><LineStyle><color>ff00ff00</color><width>3</width></LineStyle></Style><LineString><coordinates>-71.31002,-35.6479899,0 -71.3100816,-35.6472833,0</coordinates></LineString></Placemark><Placemark><name>Trabajado - Cuartel 2457 - Hilera 3411</name><Style><LineStyle><color>ff00ff00</color><width>3</width></LineStyle></Style><LineString><coordinates>-71.3102766,-35.645535,0 -71.3102133,-35.6456,0</coordinates></LineString></Placemark><Placemark><name>Trabajado - Cuartel 2457 - Hilera 3412</name><Style><LineStyle><color>ff00ff00</color><width>3</width></LineStyle></Style><LineString><coordinates>-71.3102133,-35.6456,0 -71.3101333,-35.6455183,0</coordinates></LineString></Placemark><Placemark><name>Trabajado - Cuartel 2457 - Hilera 3413</name><Style><LineStyle><color>ff00ff00</color><width>3</width></LineStyle></Style><LineString><coordinates>-71.3101333,-35.6455183,0 -71.30995,-35.6455716,0</coordinates></LineString></Placemark><Placemark><name>Trabajado - Cuartel 2457 - Hilera 3414</name><Style><LineStyle><color>ff00ff00</color><width>3</width></LineStyle></Style><LineString><coordinates>-71.30995,-35.6455716,0 -71.3101366,-35.6457516,0</coordinates></LineString></Placemark><Placemark><name>Trabajado - Cuartel 2457 - Hilera 3415</name><Style><LineStyle><color>ff00ff00</color><width>3</width></LineStyle></Style><LineString><coordinates>-71.3101366,-35.6457516,0 -71.3101433,-35.6465066,0</coordinates></LineString></Placemark><Placemark><name>Trabajado - Cuartel 2457 - Hilera 3416</name><Style><LineStyle><color>ff00ff00</color><width>3</width></LineStyle></Style><LineString><coordinates>-71.310045,-35.6465399,0 -71.310045,-35.6464666,0</coordinates></LineString></Placemark><Placemark><name>Trabajado - Cuartel 2457 - Hilera 3417</name><Style><LineStyle><color>ff00ff00</color><width>3</width></LineStyle></Style><LineString><coordinates>-71.310045,-35.6464666,0 -71.3101616,-35.64636,0</coordinates></LineString></Placemark><Placemark><name>Trabajado - Cuartel 2457 - Hilera 3418</name><Style><LineStyle><color>ff00ff00</color><width>3</width></LineStyle></Style><LineString><coordinates>-71.3101616,-35.64636,0 -71.3101133,-35.6464883,0</coordinates></LineString></Placemark><Placemark><name>Trabajado - Cuartel 2457 - Hilera 3419</name><Style><LineStyle><color>ff00ff00</color><width>3</width></LineStyle></Style><LineString><coordinates>-71.3100633,-35.6464816,0 -71.31003,-35.6463483,0</coordinates></LineString></Placemark><Placemark><name>Trabajado - Cuartel 2457 - Hilera 3420</name><Style><LineStyle><color>ff00ff00</color><width>3</width></LineStyle></Style><LineString><coordinates>-71.310075,-35.64645,0 -71.3101866,-35.6462699,0</coordinates></LineString></Placemark><Placemark><name>Trabajado - Cuartel 2457 - Hilera 3421</name><Style><LineStyle><color>ff00ff00</color><width>3</width></LineStyle></Style><LineString><coordinates>-71.3101866,-35.6462699,0 -71.3101783,-35.6456416,0</coordinates></LineString></Placemark><Placemark><name>Trabajado - Cuartel 2457 - Hilera 3422</name><Style><LineStyle><color>ff00ff00</color><width>3</width></LineStyle></Style><LineString><coordinates>-71.3101733,-35.6456783,0 -71.3099666,-35.6456433,0</coordinates></LineString></Placemark><Placemark><name>Trabajado - Cuartel 2457 - Hilera 3423</name><Style><LineStyle><color>ff00ff00</color><width>3</width></LineStyle></Style><LineString><coordinates>-71.3099666,-35.6456433,0 -71.3097349,-35.64576,0</coordinates></LineString></Placemark><Placemark><name>Trabajado - Cuartel 2457 - Hilera 3424</name><Style><LineStyle><color>ff00ff00</color><width>3</width></LineStyle></Style><LineString><coordinates>-71.3097349,-35.64576,0 -71.3103383,-35.6461049,0</coordinates></LineString></Placemark><Placemark><name>Trabajado - Cuartel 2457 - Hilera 3425</name><Style><LineStyle><color>ff00ff00</color><width>3</width></LineStyle></Style><LineString><coordinates>-71.3103383,-35.6461049,0 -71.3100183,-35.6461683,0</coordinates></LineString></Placemark><Placemark><name>Trabajado - Cuartel 2457 - Hilera 3426</name><Style><LineStyle><color>ff00ff00</color><width>3</width></LineStyle></Style><LineString><coordinates>-71.3100183,-35.6461683,0 -71.3099049,-35.646575,0</coordinates></LineString></Placemark><Placemark><name>Trabajado - Cuartel 2457 - Hilera 3427</name><Style><LineStyle><color>ff00ff00</color><width>3</width></LineStyle></Style><LineString><coordinates>-71.3099049,-35.646575,0 -71.3099183,-35.64665,0</coordinates></LineString></Placemark><Placemark><name>Trabajado - Cuartel 2457 - Hilera 3428</name><Style><LineStyle><color>ff00ff00</color><width>3</width></LineStyle></Style><LineString><coordinates>-71.3099183,-35.64665,0 -71.3101983,-35.6469066,0</coordinates></LineString></Placemark><Placemark><name>Trabajado - Cuartel 2457 - Hilera 3429</name><Style><LineStyle><color>ff00ff00</color><width>3</width></LineStyle></Style><LineString><coordinates>-71.3101983,-35.6469066,0 -71.3099049,-35.6471366,0</coordinates></LineString></Placemark><Placemark><name>Trabajado - Cuartel 2457 - Hilera 3430</name><Style><LineStyle><color>ff00ff00</color><width>3</width></LineStyle></Style><LineString><coordinates>-71.3099049,-35.6471366,0 -71.3098166,-35.6471083,0</coordinates></LineString></Placemark><Placemark><name>Trabajado - Cuartel 2457 - Hilera 3431</name><Style><LineStyle><color>ff00ff00</color><width>3</width></LineStyle></Style><LineString><coordinates>-71.3098166,-35.6471083,0 -71.3098633,-35.6471883,0</coordinates></LineString></Placemark><Placemark><name>Trabajado - Cuartel 2457 - Hilera 3432</name><Style><LineStyle><color>ff00ff00</color><width>3</width></LineStyle></Style><LineString><coordinates>-71.3098633,-35.6471883,0 -71.3099316,-35.6475383,0</coordinates></LineString></Placemark><Placemark><name>Trabajado - Cuartel 2457 - Hilera 3433</name><Style><LineStyle><color>ff00ff00</color><width>3</width></LineStyle></Style><LineString><coordinates>-71.3099316,-35.6475383,0 -71.309795,-35.6474366,0</coordinates></LineString></Placemark><Placemark><name>Trabajado - Cuartel 2457 - Hilera 3434</name><Style><LineStyle><color>ff00ff00</color><width>3</width></LineStyle></Style><LineString><coordinates>-71.309795,-35.6474366,0 -71.309845,-35.6477516,0</coordinates></LineString></Placemark><Placemark><name>Trabajado - Cuartel 2457 - Hilera 3435</name><Style><LineStyle><color>ff00ff00</color><width>3</width></LineStyle></Style><LineString><coordinates>-71.309845,-35.6477516,0 -71.3100233,-35.6477216,0</coordinates></LineString></Placemark><Placemark><name>Trabajado - Cuartel 2457 - Hilera 3436</name><Style><LineStyle><color>ff00ff00</color><width>3</width></LineStyle></Style><LineString><coordinates>-71.3099733,-35.6477433,0 -71.3098166,-35.6481,0</coordinates></LineString></Placemark><Placemark><name>Trabajado - Cuartel 2457 - Hilera 3437</name><Style><LineStyle><color>ff00ff00</color><width>3</width></LineStyle></Style><LineString><coordinates>-71.3098166,-35.6481,0 -71.3090155767736,-35.64819703926917,0</coordinates></LineString></Placemark><Placemark><name>Trabajado - Cuartel 2457 - Hilera 3438</name><Style><LineStyle><color>ff00ff00</color><width>3</width></LineStyle></Style><LineString><coordinates>-71.3096383,-35.6481216,0 -71.30976,-35.6481466,0</coordinates></LineString></Placemark><Placemark><name>Trabajado - Cuartel 2457 - Hilera 3439</name><Style><LineStyle><color>ff00ff00</color><width>3</width></LineStyle></Style><LineString><coordinates>-71.3099216,-35.6481666,0 -71.3102433,-35.6483483,0</coordinates></LineString></Placemark><Placemark><name>Trabajado - Cuartel 2457 - Hilera 3440</name><Style><LineStyle><color>ff00ff00</color><width>3</width></LineStyle></Style><LineString><coordinates>-71.3102433,-35.6483483,0 -71.3099933,-35.6480933,0</coordinates></LineString></Placemark><Placemark><name>Trabajado - Cuartel 2457 - Hilera 3441</name><Style><LineStyle><color>ff00ff00</color><width>3</width></LineStyle></Style><LineString><coordinates>-71.3099933,-35.6480933,0 -71.3099733,-35.6479199,0</coordinates></LineString></Placemark><Placemark><name>Trabajado - Cuartel 2457 - Hilera 3442</name><Style><LineStyle><color>ff00ff00</color><width>3</width></LineStyle></Style><LineString><coordinates>-71.3100066,-35.6479166,0 -71.3101416,-35.6481683,0</coordinates></LineString></Placemark><Placemark><name>Trabajado - Cuartel 2457 - Hilera 3443</name><Style><LineStyle><color>ff00ff00</color><width>3</width></LineStyle></Style><LineString><coordinates>-71.3101416,-35.6481683,0 -71.3099966,-35.6480066,0</coordinates></LineString></Placemark><Placemark><name>Trabajado - Cuartel 2457 - Hilera 3444</name><Style><LineStyle><color>ff00ff00</color><width>3</width></LineStyle></Style><LineString><coordinates>-71.3099966,-35.6480066,0 -71.3102566,-35.6479099,0</coordinates></LineString></Placemark><Placemark><name>Trabajado - Cuartel 2457 - Hilera 3445</name><Style><LineStyle><color>ff00ff00</color><width>3</width></LineStyle></Style><LineString><coordinates>-71.3102566,-35.6479099,0 -71.3094983,-35.6476883,0</coordinates></LineString></Placemark><Placemark><name>Trabajado - Cuartel 2457 - Hilera 3446</name><Style><LineStyle><color>ff00ff00</color><width>3</width></LineStyle></Style><LineString><coordinates>-71.31078,-35.647955,0 -71.3102149,-35.647195,0</coordinates></LineString></Placemark><Placemark><name>Trabajado - Cuartel 2457 - Hilera 3447</name><Style><LineStyle><color>ff00ff00</color><width>3</width></LineStyle></Style><LineString><coordinates>-71.3099533,-35.64712,0 -71.3100166,-35.6470016,0</coordinates></LineString></Placemark><Placemark><name>Trabajado - Cuartel 2457 - Hilera 3448</name><Style><LineStyle><color>ff00ff00</color><width>3</width></LineStyle></Style><LineString><coordinates>-71.3100166,-35.6470016,0 -71.309955,-35.6466933,0</coordinates></LineString></Placemark><Placemark><name>Trabajado - Cuartel 2457 - Hilera 3449</name><Style><LineStyle><color>ff00ff00</color><width>3</width></LineStyle></Style><LineString><coordinates>-71.309955,-35.6466933,0 -71.30972,-35.6467483,0</coordinates></LineString></Placemark><Placemark><name>Trabajado - Cuartel 2457 - Hilera 3450</name><Style><LineStyle><color>ff00ff00</color><width>3</width></LineStyle></Style><LineString><coordinates>-71.3103183,-35.6460433,0 -71.3100549,-35.6455983,0</coordinates></LineString></Placemark><Placemark><name>Trabajado - Cuartel 2457 - Hilera 3451</name><Style><LineStyle><color>ff00ff00</color><width>3</width></LineStyle></Style><LineString><coordinates>-71.3100549,-35.6455983,0 -71.3100849,-35.6455099,0</coordinates></LineString></Placemark><Placemark><name>Trabajado - Cuartel 2457 - Hilera 3452</name><Style><LineStyle><color>ff00ff00</color><width>3</width></LineStyle></Style><LineString><coordinates>-71.3100849,-35.6455099,0 -71.3100099,-35.6455983,0</coordinates></LineString></Placemark><Placemark><name>Trabajado - Cuartel 2457 - Hilera 3453</name><Style><LineStyle><color>ff00ff00</color><width>3</width></LineStyle></Style><LineString><coordinates>-71.3100549,-35.6456033,0 -71.3097616,-35.6456249,0</coordinates></LineString></Placemark><Placemark><name>Trabajado - Cuartel 2457 - Hilera 3454</name><Style><LineStyle><color>ff00ff00</color><width>3</width></LineStyle></Style><LineString><coordinates>-71.3097616,-35.6456249,0 -71.3096583,-35.645825,0</coordinates></LineString></Placemark><Placemark><name>Trabajado - Cuartel 2457 - Hilera 3455</name><Style><LineStyle><color>ff00ff00</color><width>3</width></LineStyle></Style><LineString><coordinates>-71.3096583,-35.645825,0 -71.3094216,-35.6458499,0</coordinates></LineString></Placemark><Placemark><name>Trabajado - Cuartel 2457 - Hilera 3456</name><Style><LineStyle><color>ff00ff00</color><width>3</width></LineStyle></Style><LineString><coordinates>-71.3094216,-35.6458499,0 -71.30970663999871,-35.64641997999737,0</coordinates></LineString></Placemark><Placemark><name>Trabajado - Cuartel 2457 - Hilera 3457</name><Style><LineStyle><color>ff00ff00</color><width>3</width></LineStyle></Style><LineString><coordinates>-71.3097266,-35.6464133,0 -71.3095283,-35.6464016,0</coordinates></LineString></Placemark><Placemark><name>Trabajado - Cuartel 2457 - Hilera 3458</name><Style><LineStyle><color>ff00ff00</color><width>3</width></LineStyle></Style><LineString><coordinates>-71.3095283,-35.6464016,0 -71.3096016,-35.6466299,0</coordinates></LineString></Placemark><Placemark><name>Trabajado - Cuartel 2457 - Hilera 3459</name><Style><LineStyle><color>ff00ff00</color><width>3</width></LineStyle></Style><LineString><coordinates>-71.3093166,-35.646585,0 -71.3095366,-35.6470666,0</coordinates></LineString></Placemark><Placemark><name>Trabajado - Cuartel 2457 - Hilera 3460</name><Style><LineStyle><color>ff00ff00</color><width>3</width></LineStyle></Style><LineString><coordinates>-71.30953,-35.6469383,0 -71.3097483,-35.6469283,0</coordinates></LineString></Placemark><Placemark><name>Trabajado - Cuartel 2457 - Hilera 3461</name><Style><LineStyle><color>ff00ff00</color><width>3</width></LineStyle></Style><LineString><coordinates>-71.3097483,-35.6469283,0 -71.3096233,-35.6468866,0</coordinates></LineString></Placemark><Placemark><name>Trabajado - Cuartel 2457 - Hilera 3462</name><Style><LineStyle><color>ff00ff00</color><width>3</width></LineStyle></Style><LineString><coordinates>-71.3096233,-35.6468866,0 -71.30977,-35.6470099,0</coordinates></LineString></Placemark><Placemark><name>Trabajado - Cuartel 2457 - Hilera 3463</name><Style><LineStyle><color>ff00ff00</color><width>3</width></LineStyle></Style><LineString><coordinates>-71.30977,-35.6470099,0 -71.3095566,-35.6471883,0</coordinates></LineString></Placemark><Placemark><name>Trabajado - Cuartel 2457 - Hilera 3464</name><Style><LineStyle><color>ff00ff00</color><width>3</width></LineStyle></Style><LineString><coordinates>-71.3101166,-35.6471333,0 -71.31007,-35.6472183,0</coordinates></LineString></Placemark><Placemark><name>Trabajado - Cuartel 2457 - Hilera 3465</name><Style><LineStyle><color>ff00ff00</color><width>3</width></LineStyle></Style><LineString><coordinates>-71.3103883,-35.6475983,0 -71.3097566,-35.6466383,0</coordinates></LineString></Placemark><Placemark><name>Trabajado - Cuartel 2457 - Hilera 3466</name><Style><LineStyle><color>ff00ff00</color><width>3</width></LineStyle></Style><LineString><coordinates>-71.30972,-35.6466933,0 -71.3096066,-35.6466883,0</coordinates></LineString></Placemark><Placemark><name>Trabajado - Cuartel 2457 - Hilera 3467</name><Style><LineStyle><color>ff00ff00</color><width>3</width></LineStyle></Style><LineString><coordinates>-71.3095883,-35.6467383,0 -71.309515,-35.64653,0</coordinates></LineString></Placemark><Placemark><name>Trabajado - Cuartel 2457 - Hilera 3468</name><Style><LineStyle><color>ff00ff00</color><width>3</width></LineStyle></Style><LineString><coordinates>-71.309515,-35.64653,0 -71.3096216,-35.646565,0</coordinates></LineString></Placemark><Placemark><name>Trabajado - Cuartel 2457 - Hilera 3469</name><Style><LineStyle><color>ff00ff00</color><width>3</width></LineStyle></Style><LineString><coordinates>-71.3096383,-35.6464949,0 -71.309355,-35.6461966,0</coordinates></LineString></Placemark><Placemark><name>Trabajado - Cuartel 2457 - Hilera 3470</name><Style><LineStyle><color>ff00ff00</color><width>3</width></LineStyle></Style><LineString><coordinates>-71.309355,-35.6461966,0 -71.3100083,-35.6458633,0</coordinates></LineString></Placemark><Placemark><name>Trabajado - Cuartel 2457 - Hilera 3471</name><Style><LineStyle><color>ff00ff00</color><width>3</width></LineStyle></Style><LineString><coordinates>-71.3100083,-35.6458633,0 -71.3099633,-35.645995,0</coordinates></LineString></Placemark><Placemark><name>Trabajado - Cuartel 2457 - Hilera 3472</name><Style><LineStyle><color>ff00ff00</color><width>3</width></LineStyle></Style><LineString><coordinates>-71.309885,-35.6460049,0 -71.3097283,-35.6458699,0</coordinates></LineString></Placemark><Placemark><name>Trabajado - Cuartel 2457 - Hilera 3473</name><Style><LineStyle><color>ff00ff00</color><width>3</width></LineStyle></Style><LineString><coordinates>-71.3097283,-35.6458699,0 -71.3095516,-35.6459516,0</coordinates></LineString></Placemark><Placemark><name>Trabajado - Cuartel 2457 - Hilera 3474</name><Style><LineStyle><color>ff00ff00</color><width>3</width></LineStyle></Style><LineString><coordinates>-71.3095516,-35.6459516,0 -71.3093816,-35.6458849,0</coordinates></LineString></Placemark><Placemark><name>Trabajado - Cuartel 2457 - Hilera 3475</name><Style><LineStyle><color>ff00ff00</color><width>3</width></LineStyle></Style><LineString><coordinates>-71.3090899,-35.6460166,0 -71.3092816,-35.645965,0</coordinates></LineString></Placemark><Placemark><name>Trabajado - Cuartel 2457 - Hilera 3476</name><Style><LineStyle><color>ff00ff00</color><width>3</width></LineStyle></Style><LineString><coordinates>-71.3092816,-35.645965,0 -71.309505,-35.6461183,0</coordinates></LineString></Placemark><Placemark><name>Trabajado - Cuartel 2457 - Hilera 3477</name><Style><LineStyle><color>ff00ff00</color><width>3</width></LineStyle></Style><LineString><coordinates>-71.309505,-35.6461183,0 -71.3094716,-35.6463483,0</coordinates></LineString></Placemark><Placemark><name>Trabajado - Cuartel 2457 - Hilera 3479</name><Style><LineStyle><color>ff00ff00</color><width>3</width></LineStyle></Style><LineString><coordinates>-71.3093883,-35.64645,0 -71.3094416,-35.6465449,0</coordinates></LineString></Placemark><Placemark><name>Trabajado - Cuartel 2457 - Hilera 3480</name><Style><LineStyle><color>ff00ff00</color><width>3</width></LineStyle></Style><LineString><coordinates>-71.3094983,-35.6465916,0 -71.30975,-35.646955,0</coordinates></LineString></Placemark><Placemark><name>Trabajado - Cuartel 2457 - Hilera 3481</name><Style><LineStyle><color>ff00ff00</color><width>3</width></LineStyle></Style><LineString><coordinates>-71.3096899,-35.6469816,0 -71.3096966,-35.6472133,0</coordinates></LineString></Placemark><Placemark><name>Trabajado - Cuartel 2457 - Hilera 3482</name><Style><LineStyle><color>ff00ff00</color><width>3</width></LineStyle></Style><LineString><coordinates>-71.3098516,-35.6476799,0 -71.3091149,-35.6475016,0</coordinates></LineString></Placemark><Placemark><name>Trabajado - Cuartel 2457 - Hilera 3483</name><Style><LineStyle><color>ff00ff00</color><width>3</width></LineStyle></Style><LineString><coordinates>-71.3091149,-35.6475016,0 -71.3093466,-35.6476166,0</coordinates></LineString></Placemark><Placemark><name>Trabajado - Cuartel 2457 - Hilera 3484</name><Style><LineStyle><color>ff00ff00</color><width>3</width></LineStyle></Style><LineString><coordinates>-71.3093466,-35.6476166,0 -71.3094283,-35.6477783,0</coordinates></LineString></Placemark><Placemark><name>Trabajado - Cuartel 2457 - Hilera 3485</name><Style><LineStyle><color>ff00ff00</color><width>3</width></LineStyle></Style><LineString><coordinates>-71.3094283,-35.6477783,0 -71.3095283,-35.64783,0</coordinates></LineString></Placemark><Placemark><name>Trabajado - Cuartel 2457 - Hilera 3486</name><Style><LineStyle><color>ff00ff00</color><width>3</width></LineStyle></Style><LineString><coordinates>-71.3095283,-35.64783,0 -71.3095933,-35.6479533,0</coordinates></LineString></Placemark><Placemark><name>Trabajado - Cuartel 2457 - Hilera 3487</name><Style><LineStyle><color>ff00ff00</color><width>3</width></LineStyle></Style><LineString><coordinates>-71.3090266,-35.6479216,0 -71.309475,-35.6480966,0</coordinates></LineString></Placemark><Placemark><name>Trabajado - Cuartel 2457 - Hilera 3488</name><Style><LineStyle><color>ff00ff00</color><width>3</width></LineStyle></Style><LineString><coordinates>-71.30962,-35.6481633,0 -71.3097083,-35.6482666,0</coordinates></LineString></Placemark><Placemark><name>Trabajado - Cuartel 2457 - Hilera 3489</name><Style><LineStyle><color>ff00ff00</color><width>3</width></LineStyle></Style><LineString><coordinates>-71.3097083,-35.6482666,0 -71.30937359502087,-35.64824803908752,0</coordinates></LineString></Placemark><Placemark><name>Trabajado - Cuartel 2457 - Hilera 3490</name><Style><LineStyle><color>ff00ff00</color><width>3</width></LineStyle></Style><LineString><coordinates>-71.3094416,-35.6482899,0 -71.3098316,-35.6483683,0</coordinates></LineString></Placemark><Placemark><name>Trabajado - Cuartel 2457 - Hilera 3491</name><Style><LineStyle><color>ff00ff00</color><width>3</width></LineStyle></Style><LineString><coordinates>-71.3098316,-35.6483683,0 -71.3090583,-35.6481616,0</coordinates></LineString></Placemark><Placemark><name>Trabajado - Cuartel 2457 - Hilera 3492</name><Style><LineStyle><color>ff00ff00</color><width>3</width></LineStyle></Style><LineString><coordinates>-71.3090716,-35.6481116,0 -71.3099933,-35.6482883,0</coordinates></LineString></Placemark><Placemark><name>Trabajado - Cuartel 2457 - Hilera 3493</name><Style><LineStyle><color>ff00ff00</color><width>3</width></LineStyle></Style><LineString><coordinates>-71.3091999,-35.6475616,0 -71.3091716,-35.6474316,0</coordinates></LineString></Placemark><Placemark><name>Trabajado - Cuartel 2457 - Hilera 3494</name><Style><LineStyle><color>ff00ff00</color><width>3</width></LineStyle></Style><LineString><coordinates>-71.3091033,-35.6474766,0 -71.3093333,-35.6474833,0</coordinates></LineString></Placemark><Placemark><name>Trabajado - Cuartel 2457 - Hilera 3495</name><Style><LineStyle><color>ff00ff00</color><width>3</width></LineStyle></Style><LineString><coordinates>-71.3093716,-35.647445,0 -71.3087516,-35.6477883,0</coordinates></LineString></Placemark><Placemark><name>Trabajado - Cuartel 2457 - Hilera 3496</name><Style><LineStyle><color>ff00ff00</color><width>3</width></LineStyle></Style><LineString><coordinates>-71.3093399,-35.6479833,0 -71.3094883,-35.6482583,0</coordinates></LineString></Placemark><Placemark><name>Trabajado - Cuartel 2457 - Hilera 3497</name><Style><LineStyle><color>ff00ff00</color><width>3</width></LineStyle></Style><LineString><coordinates>-71.3093033,-35.6482066,0 -71.3091216,-35.6481516,0</coordinates></LineString></Placemark><Placemark><name>Trabajado - Cuartel 2457 - Hilera 3498</name><Style><LineStyle><color>ff00ff00</color><width>3</width></LineStyle></Style><LineString><coordinates>-71.3091216,-35.6481516,0 -71.3092916,-35.6482733,0</coordinates></LineString></Placemark><Placemark><name>Trabajado - Cuartel 2457 - Hilera 3499</name><Style><LineStyle><color>ff00ff00</color><width>3</width></LineStyle></Style><LineString><coordinates>-71.3090149,-35.6481933,0 -71.308925,-35.6481683,0</coordinates></LineString></Placemark><Placemark><name>Trabajado - Cuartel 2457 - Hilera 3500</name><Style><LineStyle><color>ff00ff00</color><width>3</width></LineStyle></Style><LineString><coordinates>-71.308925,-35.6481683,0 -71.30908,-35.6481349,0</coordinates></LineString></Placemark><Placemark><name>Trabajado - Cuartel 2457 - Hilera 3501</name><Style><LineStyle><color>ff00ff00</color><width>3</width></LineStyle></Style><LineString><coordinates>-71.3088416,-35.647715,0 -71.3088383,-35.6479783,0</coordinates></LineString></Placemark><Placemark><name>Trabajado - Cuartel 2457 - Hilera 3502</name><Style><LineStyle><color>ff00ff00</color><width>3</width></LineStyle></Style><LineString><coordinates>-71.3088383,-35.6479783,0 -71.30919,-35.6483316,0</coordinates></LineString></Placemark><Placemark><name>Trabajado - Cuartel 2457 - Hilera 3503</name><Style><LineStyle><color>ff00ff00</color><width>3</width></LineStyle></Style><LineString><coordinates>-71.30919,-35.6483316,0 -71.3093516,-35.6483816,0</coordinates></LineString></Placemark><Placemark><name>Trabajado - Cuartel 2457 - Hilera 3504</name><Style><LineStyle><color>ff00ff00</color><width>3</width></LineStyle></Style><LineString><coordinates>-71.3093516,-35.6483816,0 -71.3092583,-35.6484766,0</coordinates></LineString></Placemark><Placemark><name>Trabajado - Cuartel 2457 - Hilera 3505</name><Style><LineStyle><color>ff00ff00</color><width>3</width></LineStyle></Style><LineString><coordinates>-71.3092583,-35.6484766,0 -71.308875,-35.6485616,0</coordinates></LineString></Placemark><Placemark><name>Trabajado - Cuartel 2457 - Hilera 3506</name><Style><LineStyle><color>ff00ff00</color><width>3</width></LineStyle></Style><LineString><coordinates>-71.308875,-35.6485616,0 -71.30886,-35.6486666,0</coordinates></LineString></Placemark><Placemark><name>Trabajado - Cuartel 2457 - Hilera 3507</name><Style><LineStyle><color>ff00ff00</color><width>3</width></LineStyle></Style><LineString><coordinates>-71.3087666,-35.6486033,0 -71.3086016,-35.648575,0</coordinates></LineString></Placemark><Placemark><name>Trabajado - Cuartel 2457 - Hilera 3508</name><Style><LineStyle><color>ff00ff00</color><width>3</width></LineStyle></Style><LineString><coordinates>-71.3086016,-35.648575,0 -71.3083466,-35.6481683,0</coordinates></LineString></Placemark><Placemark><name>Trabajado - Cuartel 2457 - Hilera 3509</name><Style><LineStyle><color>ff00ff00</color><width>3</width></LineStyle></Style><LineString><coordinates>-71.3083466,-35.6481683,0 -71.308295,-35.6476433,0</coordinates></LineString></Placemark><Placemark><name>Trabajado - Cuartel 2457 - Hilera 3511</name><Style><LineStyle><color>ff00ff00</color><width>3</width></LineStyle></Style><LineString><coordinates>-71.3084066,-35.6474883,0 -71.308485,-35.6474383,0</coordinates></LineString></Placemark><Placemark><name>Trabajado - Cuartel 2457 - Hilera 3512</name><Style><LineStyle><color>ff00ff00</color><width>3</width></LineStyle></Style><LineString><coordinates>-71.308485,-35.6474383,0 -71.3085766,-35.6467683,0</coordinates></LineString></Placemark><Placemark><name>Trabajado - Cuartel 2457 - Hilera 3516</name><Style><LineStyle><color>ff00ff00</color><width>3</width></LineStyle></Style><LineString><coordinates>-71.3079466,-35.6461366,0 -71.3078016,-35.6465066,0</coordinates></LineString></Placemark><Placemark><name>Trabajado - Cuartel 2457 - Hilera 3530</name><Style><LineStyle><color>ff00ff00</color><width>3</width></LineStyle></Style><LineString><coordinates>-71.3077466,-35.6464849,0 -71.3079549,-35.6461433,0</coordinates></LineString></Placemark><Placemark><name>Trabajado - Cuartel 2457 - Hilera 3531</name><Style><LineStyle><color>ff00ff00</color><width>3</width></LineStyle></Style><LineString><coordinates>-71.3080616,-35.6461849,0 -71.30814,-35.6466583,0</coordinates></LineString></Placemark><Placemark><name>Trabajado - Cuartel 2457 - Hilera 3533</name><Style><LineStyle><color>ff00ff00</color><width>3</width></LineStyle></Style><LineString><coordinates>-71.3087016,-35.6467066,0 -71.3086233,-35.6461716,0</coordinates></LineString></Placemark><Placemark><name>Trabajado - Cuartel 2457 - Hilera 3534</name><Style><LineStyle><color>ff00ff00</color><width>3</width></LineStyle></Style><LineString><coordinates>-71.3086233,-35.6461716,0 -71.308605,-35.646625,0</coordinates></LineString></Placemark><Placemark><name>Trabajado - Cuartel 2457 - Hilera 3536</name><Style><LineStyle><color>ff00ff00</color><width>3</width></LineStyle></Style><LineString><coordinates>-71.308485,-35.64675,0 -71.3084233,-35.6465783,0</coordinates></LineString></Placemark><Placemark><name>Trabajado - Cuartel 2457 - Hilera 3537</name><Style><LineStyle><color>ff00ff00</color><width>3</width></LineStyle></Style><LineString><coordinates>-71.308465,-35.6464933,0 -71.3083416,-35.6460749,0</coordinates></LineString></Placemark><Placemark><name>Trabajado - Cuartel 2457 - Hilera 3539</name><Style><LineStyle><color>ff00ff00</color><width>3</width></LineStyle></Style><LineString><coordinates>-71.30877,-35.6457849,0 -71.3091633,-35.6457216,0</coordinates></LineString></Placemark><Placemark><name>Trabajado - Cuartel 2457 - Hilera 3540</name><Style><LineStyle><color>ff00ff00</color><width>3</width></LineStyle></Style><LineString><coordinates>-71.3091633,-35.6457216,0 -71.3093083,-35.6452283,0</coordinates></LineString></Placemark><Placemark><name>Trabajado - Cuartel 2457 - Hilera 3542</name><Style><LineStyle><color>ff00ff00</color><width>3</width></LineStyle></Style><LineString><coordinates>-71.30947,-35.6451349,0 -71.30957,-35.645475,0</coordinates></LineString></Placemark><Placemark><name>Trabajado - Cuartel 2457 - Hilera 3543</name><Style><LineStyle><color>ff00ff00</color><width>3</width></LineStyle></Style><LineString><coordinates>-71.30957,-35.645475,0 -71.3096149,-35.6451416,0</coordinates></LineString></Placemark><Placemark><name>Trabajado - Cuartel 2457 - Hilera 3544</name><Style><LineStyle><color>ff00ff00</color><width>3</width></LineStyle></Style><LineString><coordinates>-71.3096149,-35.6451416,0 -71.30982,-35.6453149,0</coordinates></LineString></Placemark><Placemark><name>Trabajado - Cuartel 2457 - Hilera 3545</name><Style><LineStyle><color>ff00ff00</color><width>3</width></LineStyle></Style><LineString><coordinates>-71.30982,-35.6453149,0 -71.309645,-35.6451183,0</coordinates></LineString></Placemark><Placemark><name>Trabajado - Cuartel 2457 - Hilera 3547</name><Style><LineStyle><color>ff00ff00</color><width>3</width></LineStyle></Style><LineString><coordinates>-71.3091833,-35.6451316,0 -71.309025,-35.6457783,0</coordinates></LineString></Placemark><Placemark><name>Trabajado - Cuartel 2457 - Hilera 3548</name><Style><LineStyle><color>ff00ff00</color><width>3</width></LineStyle></Style><LineString><coordinates>-71.3089616,-35.6457483,0 -71.309025,-35.64505,0</coordinates></LineString></Placemark><Placemark><name>Trabajado - Cuartel 2457 - Hilera 3550</name><Style><LineStyle><color>ff00ff00</color><width>3</width></LineStyle></Style><LineString><coordinates>-71.3088933,-35.6451983,0 -71.3088166,-35.6456233,0</coordinates></LineString></Placemark><Placemark><name>Trabajado - Cuartel 2457 - Hilera 3552</name><Style><LineStyle><color>ff00ff00</color><width>3</width></LineStyle></Style><LineString><coordinates>-71.3086633,-35.6455133,0 -71.30871,-35.6450216,0</coordinates></LineString></Placemark><Placemark><name>Trabajado - Cuartel 2457 - Hilera 3554</name><Style><LineStyle><color>ff00ff00</color><width>3</width></LineStyle></Style><LineString><coordinates>-71.30857,-35.6452016,0 -71.3085233,-35.64568,0</coordinates></LineString></Placemark><Placemark><name>Trabajado - Cuartel 2457 - Hilera 3556</name><Style><LineStyle><color>ff00ff00</color><width>3</width></LineStyle></Style><LineString><coordinates>-71.3087199,-35.645775,0 -71.3084933,-35.6457716,0</coordinates></LineString></Placemark><Placemark><name>Trabajado - Cuartel 2457 - Hilera 3558</name><Style><LineStyle><color>ff00ff00</color><width>3</width></LineStyle></Style><LineString><coordinates>-71.3084049,-35.6458849,0 -71.3084316,-35.6466416,0</coordinates></LineString></Placemark><Placemark><name>Trabajado - Cuartel 2457 - Hilera 3560</name><Style><LineStyle><color>ff00ff00</color><width>3</width></LineStyle></Style><LineString><coordinates>-71.3082999,-35.646705,0 -71.3082999,-35.644945,0</coordinates></LineString></Placemark><Placemark><name>Trabajado - Cuartel 2457 - Hilera 3561</name><Style><LineStyle><color>ff00ff00</color><width>3</width></LineStyle></Style><LineString><coordinates>-71.3082999,-35.644945,0 -71.3081366,-35.646685,0</coordinates></LineString></Placemark><Placemark><name>Trabajado - Cuartel 2457 - Hilera 3562</name><Style><LineStyle><color>ff00ff00</color><width>3</width></LineStyle></Style><LineString><coordinates>-71.3081366,-35.646685,0 -71.3080866,-35.6449349,0</coordinates></LineString></Placemark><Placemark><name>Trabajado - Cuartel 2457 - Hilera 3564</name><Style><LineStyle><color>ff00ff00</color><width>3</width></LineStyle></Style><LineString><coordinates>-71.30796,-35.64517,0 -71.3079649,-35.645275,0</coordinates></LineString></Placemark><Placemark><name>Trabajado - Cuartel 2457 - Hilera 3566</name><Style><LineStyle><color>ff00ff00</color><width>3</width></LineStyle></Style><LineString><coordinates>-71.3079033,-35.6453583,0 -71.30770307917491,-35.64679951452655,0</coordinates></LineString></Placemark><Placemark><name>Trabajado - Cuartel 2457 - Hilera 3568</name><Style><LineStyle><color>ff00ff00</color><width>3</width></LineStyle></Style><LineString><coordinates>-71.3076083,-35.6468383,0 -71.307675,-35.6448799,0</coordinates></LineString></Placemark><Placemark><name>Trabajado - Cuartel 2457 - Hilera 3569</name><Style><LineStyle><color>ff00ff00</color><width>3</width></LineStyle></Style><LineString><coordinates>-71.307675,-35.6448799,0 -71.3075233,-35.647085,0</coordinates></LineString></Placemark><Placemark><name>Trabajado - Cuartel 2457 - Hilera 3570</name><Style><LineStyle><color>ff00ff00</color><width>3</width></LineStyle></Style><LineString><coordinates>-71.3075233,-35.647085,0 -71.3074583,-35.6469783,0</coordinates></LineString></Placemark><Placemark><name>Trabajado - Cuartel 2457 - Hilera 3571</name><Style><LineStyle><color>ff00ff00</color><width>3</width></LineStyle></Style><LineString><coordinates>-71.3074666,-35.6470049,0 -71.3075416,-35.6468466,0</coordinates></LineString></Placemark><Placemark><name>Trabajado - Cuartel 2457 - Hilera 3572</name><Style><LineStyle><color>ff00ff00</color><width>3</width></LineStyle></Style><LineString><coordinates>-71.3075416,-35.6468466,0 -71.3074099,-35.6458583,0</coordinates></LineString></Placemark><Placemark><name>Trabajado - Cuartel 2457 - Hilera 3573</name><Style><LineStyle><color>ff00ff00</color><width>3</width></LineStyle></Style><LineString><coordinates>-71.3074099,-35.6458583,0 -71.3074583,-35.6457766,0</coordinates></LineString></Placemark><Placemark><name>Trabajado - Cuartel 2457 - Hilera 3574</name><Style><LineStyle><color>ff00ff00</color><width>3</width></LineStyle></Style><LineString><coordinates>-71.3074583,-35.6457766,0 -71.3073816,-35.6448816,0</coordinates></LineString></Placemark><Placemark><name>Trabajado - Cuartel 2457 - Hilera 3575</name><Style><LineStyle><color>ff00ff00</color><width>3</width></LineStyle></Style><LineString><coordinates>-71.3073816,-35.6448816,0 -71.3072233,-35.646415,0</coordinates></LineString></Placemark><Placemark><name>Trabajado - Cuartel 2457 - Hilera 3576</name><Style><LineStyle><color>ff00ff00</color><width>3</width></LineStyle></Style><LineString><coordinates>-71.3072233,-35.646415,0 -71.307085,-35.6462183,0</coordinates></LineString></Placemark><Placemark><name>Trabajado - Cuartel 2457 - Hilera 3578</name><Style><LineStyle><color>ff00ff00</color><width>3</width></LineStyle></Style><LineString><coordinates>-71.3070766,-35.6449633,0 -71.306945,-35.6457849,0</coordinates></LineString></Placemark><Placemark><name>Trabajado - Cuartel 2457 - Hilera 3580</name><Style><LineStyle><color>ff00ff00</color><width>3</width></LineStyle></Style><LineString><coordinates>-71.3069766,-35.6458099,0 -71.3069183,-35.6462633,0</coordinates></LineString></Placemark><Placemark><name>Trabajado - Cuartel 2457 - Hilera 3581</name><Style><LineStyle><color>ff00ff00</color><width>3</width></LineStyle></Style><LineString><coordinates>-71.3069183,-35.6462633,0 -71.3067816,-35.646355,0</coordinates></LineString></Placemark><Placemark><name>Trabajado - Cuartel 2457 - Hilera 3582</name><Style><LineStyle><color>ff00ff00</color><width>3</width></LineStyle></Style><LineString><coordinates>-71.3067816,-35.646355,0 -71.30683758706203,-35.64514028650875,0</coordinates></LineString></Placemark><Placemark><name>Trabajado - Cuartel 2457 - Hilera 3585</name><Style><LineStyle><color>ff00ff00</color><width>3</width></LineStyle></Style><LineString><coordinates>-71.3069416,-35.6451383,0 -71.3069149,-35.6449349,0</coordinates></LineString></Placemark><Placemark><name>Descartado (grupo chico) - Hilera 2458</name><Style><LineStyle><color>ff00ffff</color><width>3</width></LineStyle></Style><LineString><coordinates>-71.3034633,-35.6521066,0 -71.3035283,-35.652035,0</coordinates></LineString></Placemark><Placemark><name>Trabajado - Cuartel 2461 - Hilera 2461</name><Style><LineStyle><color>ff00ff00</color><width>3</width></LineStyle></Style><LineString><coordinates>-71.3036216,-35.6519883,0 -71.3037233,-35.6520899,0</coordinates></LineString></Placemark><Placemark><name>Trabajado - Cuartel 2461 - Hilera 2488</name><Style><LineStyle><color>ff00ff00</color><width>3</width></LineStyle></Style><LineString><coordinates>-71.304535,-35.6522633,0 -71.3046666,-35.6523066,0</coordinates></LineString></Placemark><Placemark><name>Trabajado - Cuartel 2461 - Hilera 2498</name><Style><LineStyle><color>ff00ff00</color><width>3</width></LineStyle></Style><LineString><coordinates>-71.3049383,-35.652215,0 -71.3050783,-35.6522283,0</coordinates></LineString></Placemark><Placemark><name>Trabajado - Cuartel 2461 - Hilera 2509</name><Style><LineStyle><color>ff00ff00</color><width>3</width></LineStyle></Style><LineString><coordinates>-71.3052183,-35.6520283,0 -71.3051216,-35.65198,0</coordinates></LineString></Placemark><Placemark><name>Trabajado - Cuartel 2461 - Hilera 2538</name><Style><LineStyle><color>ff00ff00</color><width>3</width></LineStyle></Style><LineString><coordinates>-71.3057033,-35.6521366,0 -71.305595,-35.6521416,0</coordinates></LineString></Placemark><Placemark><name>Trabajado - Cuartel 2461 - Hilera 2571</name><Style><LineStyle><color>ff00ff00</color><width>3</width></LineStyle></Style><LineString><coordinates>-71.3034983,-35.652125,0 -71.3063116,-35.6527266,0</coordinates></LineString></Placemark><Placemark><name>Trabajado - Cuartel 2461 - Hilera 2926</name><Style><LineStyle><color>ff00ff00</color><width>3</width></LineStyle></Style><LineString><coordinates>-71.303465,-35.6520633,0 -71.3037699,-35.6521883,0</coordinates></LineString></Placemark><Placemark><name>Trabajado - Cuartel 2461 - Hilera 2942</name><Style><LineStyle><color>ff00ff00</color><width>3</width></LineStyle></Style><LineString><coordinates>-71.3035916,-35.652105,0 -71.30345,-35.6520283,0</coordinates></LineString></Placemark><Placemark><name>Trabajado - Cuartel 2461 - Hilera 2953</name><Style><LineStyle><color>ff00ff00</color><width>3</width></LineStyle></Style><LineString><coordinates>-71.3034383,-35.652025,0 -71.3034983,-35.6521116,0</coordinates></LineString></Placemark><Placemark><name>Trabajado - Cuartel 2461 - Hilera 2954</name><Style><LineStyle><color>ff00ff00</color><width>3</width></LineStyle></Style><LineString><coordinates>-71.3034983,-35.6521116,0 -71.3037666,-35.6522566,0</coordinates></LineString></Placemark><Placemark><name>Trabajado - Cuartel 2461 - Hilera 3001</name><Style><LineStyle><color>ff00ff00</color><width>3</width></LineStyle></Style><LineString><coordinates>-71.3034866,-35.6520916,0 -71.3037716,-35.6522266,0</coordinates></LineString></Placemark><Placemark><name>Trabajado - Cuartel 2461 - Hilera 3043</name><Style><LineStyle><color>ff00ff00</color><width>3</width></LineStyle></Style><LineString><coordinates>-71.3038733,-35.6521966,0 -71.3044483,-35.6522966,0</coordinates></LineString></Placemark><Placemark><name>Descartado (grupo chico) - Hilera 2470</name><Style><LineStyle><color>ff00ffff</color><width>3</width></LineStyle></Style><LineString><coordinates>-71.3042283,-35.652305,0 -71.3043433,-35.6522766,0</coordinates></LineString></Placemark><Placemark><name>Descartado (grupo chico) - Hilera 2473</name><Style><LineStyle><color>ff00ffff</color><width>3</width></LineStyle></Style><LineString><coordinates>-71.3045616,-35.6503816,0 -71.3046483,-35.6504,0</coordinates></LineString></Placemark><Placemark><name>Descartado (grupo chico) - Hilera 2551</name><Style><LineStyle><color>ff00ffff</color><width>3</width></LineStyle></Style><LineString><coordinates>-71.3060766,-35.6525233,0 -71.3062016,-35.65266,0</coordinates></LineString></Placemark><Placemark><name>Descartado (grupo chico) - Hilera 2558</name><Style><LineStyle><color>ff00ffff</color><width>3</width></LineStyle></Style><LineString><coordinates>-71.3104566,-35.651455,0 -71.3098933,-35.651335,0</coordinates></LineString></Placemark><Placemark><name>Descartado (grupo chico) - Hilera 3364</name><Style><LineStyle><color>ff00ffff</color><width>3</width></LineStyle></Style><LineString><coordinates>-71.3101483,-35.6513466,0 -71.310245,-35.651395,0</coordinates></LineString></Placemark><Placemark><name>Descartado (grupo chico) - Hilera 3373</name><Style><LineStyle><color>ff00ffff</color><width>3</width></LineStyle></Style><LineString><coordinates>-71.310625,-35.6513583,0 -71.3107416,-35.6513799,0</coordinates></LineString></Placemark><Placemark><name>Descartado (grupo chico) - Hilera 2559</name><Style><LineStyle><color>ff00ffff</color><width>3</width></LineStyle></Style><LineString><coordinates>-71.3098933,-35.651335,0 -71.3096916,-35.6513766,0</coordinates></LineString></Placemark><Placemark><name>Descartado (grupo chico) - Hilera 2652</name><Style><LineStyle><color>ff00ffff</color><width>3</width></LineStyle></Style><LineString><coordinates>-71.3101833,-35.65139,0 -71.3099666,-35.651435,0</coordinates></LineString></Placemark><Placemark><name>Trabajado - Cuartel 2565 - Hilera 2565</name><Style><LineStyle><color>ff00ff00</color><width>3</width></LineStyle></Style><LineString><coordinates>-71.303785,-35.6490183,0 -71.30407,-35.644465,0</coordinates></LineString></Placemark><Placemark><name>Trabajado - Cuartel 2565 - Hilera 2661</name><Style><LineStyle><color>ff00ff00</color><width>3</width></LineStyle></Style><LineString><coordinates>-71.30375751732856,-35.64951063414061,0 -71.3041883,-35.6445466,0</coordinates></LineString></Placemark><Placemark><name>Trabajado - Cuartel 2565 - Hilera 2760</name><Style><LineStyle><color>ff00ff00</color><width>3</width></LineStyle></Style><LineString><coordinates>-71.304665,-35.6490449,0 -71.30482951302305,-35.64636185498875,0</coordinates></LineString></Placemark><Placemark><name>Trabajado - Cuartel 2565 - Hilera 2787</name><Style><LineStyle><color>ff00ff00</color><width>3</width></LineStyle></Style><LineString><coordinates>-71.304185,-35.6447116,0 -71.3039375380472,-35.64870976129389,0</coordinates></LineString></Placemark><Placemark><name>Trabajado - Cuartel 2565 - Hilera 2904</name><Style><LineStyle><color>ff00ff00</color><width>3</width></LineStyle></Style><LineString><coordinates>-71.3050683,-35.6477266,0 -71.3051749,-35.6462883,0</coordinates></LineString></Placemark><Placemark><name>Trabajado - Cuartel 2565 - Hilera 2906</name><Style><LineStyle><color>ff00ff00</color><width>3</width></LineStyle></Style><LineString><coordinates>-71.3050116,-35.6464699,0 -71.3048766,-35.6477666,0</coordinates></LineString></Placemark><Placemark><name>Trabajado - Cuartel 2565 - Hilera 2909</name><Style><LineStyle><color>ff00ff00</color><width>3</width></LineStyle></Style><LineString><coordinates>-71.3046966,-35.6464799,0 -71.3045849,-35.6489316,0</coordinates></LineString></Placemark><Placemark><name>Trabajado - Cuartel 2565 - Hilera 2912</name><Style><LineStyle><color>ff00ff00</color><width>3</width></LineStyle></Style><LineString><coordinates>-71.3044116,-35.6486866,0 -71.30459,-35.6462433,0</coordinates></LineString></Placemark><Placemark><name>Trabajado - Cuartel 2565 - Hilera 2914</name><Style><LineStyle><color>ff00ff00</color><width>3</width></LineStyle></Style><LineString><coordinates>-71.3044449,-35.6464066,0 -71.3043266,-35.6471216,0</coordinates></LineString></Placemark><Placemark><name>Trabajado - Cuartel 2565 - Hilera 2915</name><Style><LineStyle><color>ff00ff00</color><width>3</width></LineStyle></Style><LineString><coordinates>-71.3043266,-35.6471216,0 -71.3042716,-35.6477516,0</coordinates></LineString></Placemark><Placemark><name>Trabajado - Cuartel 2565 - Hilera 2917</name><Style><LineStyle><color>ff00ff00</color><width>3</width></LineStyle></Style><LineString><coordinates>-71.3041716,-35.6477916,0 -71.3042783,-35.6462466,0</coordinates></LineString></Placemark><Placemark><name>Trabajado - Cuartel 2565 - Hilera 2919</name><Style><LineStyle><color>ff00ff00</color><width>3</width></LineStyle></Style><LineString><coordinates>-71.30415,-35.6462883,0 -71.3040166,-35.6477333,0</coordinates></LineString></Placemark><Placemark><name>Descartado (grupo chico) - Hilera 2570</name><Style><LineStyle><color>ff00ffff</color><width>3</width></LineStyle></Style><LineString><coordinates>-71.3035649,-35.650855,0 -71.3034983,-35.652125,0</coordinates></LineString></Placemark><Placemark><name>Descartado (grupo chico) - Hilera 2981</name><Style><LineStyle><color>ff00ffff</color><width>3</width></LineStyle></Style><LineString><coordinates>-71.3034116,-35.6520316,0 -71.3034416,-35.651825,0</coordinates></LineString></Placemark><Placemark><name>Descartado (grupo chico) - Hilera 2580</name><Style><LineStyle><color>ff00ffff</color><width>3</width></LineStyle></Style><LineString><coordinates>-71.3068433,-35.6523149,0 -71.30706572494313,-35.652702256232544,0</coordinates></LineString></Placemark><Placemark><name>Descartado (grupo chico) - Hilera 2593</name><Style><LineStyle><color>ff00ffff</color><width>3</width></LineStyle></Style><LineString><coordinates>-71.3070933,-35.6528166,0 -71.307265,-35.6527833,0</coordinates></LineString></Placemark><Placemark><name>Descartado (grupo chico) - Hilera 2601</name><Style><LineStyle><color>ff00ffff</color><width>3</width></LineStyle></Style><LineString><coordinates>-71.3073866,-35.6529416,0 -71.3074783,-35.653005,0</coordinates></LineString></Placemark><Placemark><name>Descartado (grupo chico) - Hilera 2606</name><Style><LineStyle><color>ff00ffff</color><width>3</width></LineStyle></Style><LineString><coordinates>-71.3077216,-35.6527916,0 -71.3078716,-35.6528916,0</coordinates></LineString></Placemark><Placemark><name>Descartado (grupo chico) - Hilera 2623</name><Style><LineStyle><color>ff00ffff</color><width>3</width></LineStyle></Style><LineString><coordinates>-71.3089433,-35.6513099,0 -71.3090333,-35.6512783,0</coordinates></LineString></Placemark><Placemark><name>Descartado (grupo chico) - Hilera 2640</name><Style><LineStyle><color>ff00ffff</color><width>3</width></LineStyle></Style><LineString><coordinates>-71.3092233,-35.65152,0 -71.3093733,-35.6514333,0</coordinates></LineString></Placemark><Placemark><name>Descartado (grupo chico) - Hilera 3051</name><Style><LineStyle><color>ff00ffff</color><width>3</width></LineStyle></Style><LineString><coordinates>-71.3083466,-35.65108,0 -71.3085383,-35.6509766,0</coordinates></LineString></Placemark><Placemark><name>Descartado (grupo chico) - Hilera 3063</name><Style><LineStyle><color>ff00ffff</color><width>3</width></LineStyle></Style><LineString><coordinates>-71.309275,-35.6512566,0 -71.3094383,-35.6511533,0</coordinates></LineString></Placemark><Placemark><name>Descartado (grupo chico) - Hilera 2625</name><Style><LineStyle><color>ff00ffff</color><width>3</width></LineStyle></Style><LineString><coordinates>-71.3090116,-35.6532633,0 -71.3091566,-35.6531716,0</coordinates></LineString></Placemark><Placemark><name>Descartado (grupo chico) - Hilera 2644</name><Style><LineStyle><color>ff00ffff</color><width>3</width></LineStyle></Style><LineString><coordinates>-71.3095633,-35.653355,0 -71.30974,-35.6533033,0</coordinates></LineString></Placemark><Placemark><name>Descartado (grupo chico) - Hilera 2638</name><Style><LineStyle><color>ff00ffff</color><width>3</width></LineStyle></Style><LineString><coordinates>-71.305545,-35.652495,0 -71.30897,-35.6533266,0</coordinates></LineString></Placemark><Placemark><name>Descartado (grupo chico) - Hilera 2647</name><Style><LineStyle><color>ff00ffff</color><width>3</width></LineStyle></Style><LineString><coordinates>-71.3099216,-35.6524933,0 -71.3098816,-35.6524149,0</coordinates></LineString></Placemark><Placemark><name>Descartado (grupo chico) - Hilera 2668</name><Style><LineStyle><color>ff00ffff</color><width>3</width></LineStyle></Style><LineString><coordinates>-71.310205,-35.6535466,0 -71.310315,-35.6534366,0</coordinates></LineString></Placemark><Placemark><name>Descartado (grupo chico) - Hilera 2672</name><Style><LineStyle><color>ff00ffff</color><width>3</width></LineStyle></Style><LineString><coordinates>-71.3104516,-35.6536183,0 -71.3105633,-35.6536066,0</coordinates></LineString></Placemark><Placemark><name>Descartado (grupo chico) - Hilera 2673</name><Style><LineStyle><color>ff00ffff</color><width>3</width></LineStyle></Style><LineString><coordinates>-71.3105616,-35.6536116,0 -71.31105528938751,-35.647915016786676,0</coordinates></LineString></Placemark><Placemark><name>Descartado (grupo chico) - Hilera 2674</name><Style><LineStyle><color>ff00ffff</color><width>3</width></LineStyle></Style><LineString><coordinates>-71.3105916,-35.653485,0 -71.3103249,-35.6536,0</coordinates></LineString></Placemark><Placemark><name>Descartado (grupo chico) - Hilera 2725</name><Style><LineStyle><color>ff00ffff</color><width>3</width></LineStyle></Style><LineString><coordinates>-71.300565,-35.6441183,0 -71.3004833,-35.644055,0</coordinates></LineString></Placemark><Placemark><name>Descartado (grupo chico) - Hilera 2733</name><Style><LineStyle><color>ff00ffff</color><width>3</width></LineStyle></Style><LineString><coordinates>-71.306935,-35.6496349,0 -71.3070966,-35.6495116,0</coordinates></LineString></Placemark><Placemark><name>Descartado (grupo chico) - Hilera 2821</name><Style><LineStyle><color>ff00ffff</color><width>3</width></LineStyle></Style><LineString><coordinates>-71.307265,-35.649475,0 -71.307395,-35.6493633,0</coordinates></LineString></Placemark><Placemark><name>Descartado (grupo chico) - Hilera 2749</name><Style><LineStyle><color>ff00ffff</color><width>3</width></LineStyle></Style><LineString><coordinates>-71.3074366,-35.651165,0 -71.3075983,-35.6510466,0</coordinates></LineString></Placemark><Placemark><name>Descartado (grupo chico) - Hilera 2754</name><Style><LineStyle><color>ff00ffff</color><width>3</width></LineStyle></Style><LineString><coordinates>-71.3079966,-35.64975,0 -71.308175,-35.6497766,0</coordinates></LineString></Placemark><Placemark><name>Descartado (grupo chico) - Hilera 2829</name><Style><LineStyle><color>ff00ffff</color><width>3</width></LineStyle></Style><LineString><coordinates>-71.3078016,-35.6494399,0 -71.3080066,-35.6494783,0</coordinates></LineString></Placemark><Placemark><name>Descartado (grupo chico) - Hilera 3047</name><Style><LineStyle><color>ff00ffff</color><width>3</width></LineStyle></Style><LineString><coordinates>-71.3081899,-35.6495799,0 -71.3084833,-35.6495799,0</coordinates></LineString></Placemark><Placemark><name>Descartado (grupo chico) - Hilera 2761</name><Style><LineStyle><color>ff00ffff</color><width>3</width></LineStyle></Style><LineString><coordinates>-71.3047349,-35.6479049,0 -71.3048883,-35.6478549,0</coordinates></LineString></Placemark><Placemark><name>Descartado (grupo chico) - Hilera 2778</name><Style><LineStyle><color>ff00ffff</color><width>3</width></LineStyle></Style><LineString><coordinates>-71.3049,-35.647865,0 -71.3048066,-35.6479233,0</coordinates></LineString></Placemark><Placemark><name>Descartado (grupo chico) - Hilera 2916</name><Style><LineStyle><color>ff00ffff</color><width>3</width></LineStyle></Style><LineString><coordinates>-71.3042716,-35.6477516,0 -71.3041716,-35.6477916,0</coordinates></LineString></Placemark><Placemark><name>Descartado (grupo chico) - Hilera 2765</name><Style><LineStyle><color>ff00ffff</color><width>3</width></LineStyle></Style><LineString><coordinates>-71.3066233,-35.6481549,0 -71.3065083,-35.6481866,0</coordinates></LineString></Placemark><Placemark><name>Descartado (grupo chico) - Hilera 2861</name><Style><LineStyle><color>ff00ffff</color><width>3</width></LineStyle></Style><LineString><coordinates>-71.3069566,-35.6478416,0 -71.3067733,-35.6479066,0</coordinates></LineString></Placemark><Placemark><name>Trabajado - Cuartel 2771 - Hilera 2771</name><Style><LineStyle><color>ff00ff00</color><width>3</width></LineStyle></Style><LineString><coordinates>-71.3055433,-35.648075,0 -71.3054033,-35.6479633,0</coordinates></LineString></Placemark><Placemark><name>Trabajado - Cuartel 2771 - Hilera 2774</name><Style><LineStyle><color>ff00ff00</color><width>3</width></LineStyle></Style><LineString><coordinates>-71.30518,-35.6480666,0 -71.3050783,-35.64797,0</coordinates></LineString></Placemark><Placemark><name>Trabajado - Cuartel 2771 - Hilera 2793</name><Style><LineStyle><color>ff00ff00</color><width>3</width></LineStyle></Style><LineString><coordinates>-71.304515,-35.6478316,0 -71.3046283,-35.6479616,0</coordinates></LineString></Placemark><Placemark><name>Trabajado - Cuartel 2771 - Hilera 2903</name><Style><LineStyle><color>ff00ff00</color><width>3</width></LineStyle></Style><LineString><coordinates>-71.305195,-35.6478399,0 -71.3050683,-35.6477266,0</coordinates></LineString></Placemark><Placemark><name>Trabajado - Cuartel 2771 - Hilera 2907</name><Style><LineStyle><color>ff00ff00</color><width>3</width></LineStyle></Style><LineString><coordinates>-71.3048766,-35.6477666,0 -71.30476,-35.6477133,0</coordinates></LineString></Placemark><Placemark><name>Descartado (grupo chico) - Hilera 2823</name><Style><LineStyle><color>ff00ffff</color><width>3</width></LineStyle></Style><LineString><coordinates>-71.3074566,-35.648325,0 -71.30765,-35.6480883,0</coordinates></LineString></Placemark><Placemark><name>Descartado (grupo chico) - Hilera 2840</name><Style><LineStyle><color>ff00ffff</color><width>3</width></LineStyle></Style><LineString><coordinates>-71.3082383,-35.646865,0 -71.30841,-35.6468333,0</coordinates></LineString></Placemark><Placemark><name>Descartado (grupo chico) - Hilera 3513</name><Style><LineStyle><color>ff00ffff</color><width>3</width></LineStyle></Style><LineString><coordinates>-71.3085766,-35.6467683,0 -71.308065,-35.64665,0</coordinates></LineString></Placemark><Placemark><name>Descartado (grupo chico) - Hilera 3532</name><Style><LineStyle><color>ff00ffff</color><width>3</width></LineStyle></Style><LineString><coordinates>-71.30814,-35.6466583,0 -71.3087016,-35.6467066,0</coordinates></LineString></Placemark><Placemark><name>Descartado (grupo chico) - Hilera 2866</name><Style><LineStyle><color>ff00ffff</color><width>3</width></LineStyle></Style><LineString><coordinates>-71.30707,-35.6464216,0 -71.3077633,-35.6465599,0</coordinates></LineString></Placemark><Placemark><name>Descartado (grupo chico) - Hilera 2877</name><Style><LineStyle><color>ff00ffff</color><width>3</width></LineStyle></Style><LineString><coordinates>-71.3073333,-35.6464566,0 -71.306775,-35.6464466,0</coordinates></LineString></Placemark><Placemark><name>Descartado (grupo chico) - Hilera 2880</name><Style><LineStyle><color>ff00ffff</color><width>3</width></LineStyle></Style><LineString><coordinates>-71.3065416,-35.6465083,0 -71.3064349,-35.6465283,0</coordinates></LineString></Placemark><Placemark><name>Descartado (grupo chico) - Hilera 3517</name><Style><LineStyle><color>ff00ffff</color><width>3</width></LineStyle></Style><LineString><coordinates>-71.3078016,-35.6465066,0 -71.3069783,-35.6464283,0</coordinates></LineString></Placemark><Placemark><name>Descartado (grupo chico) - Hilera 2886</name><Style><LineStyle><color>ff00ffff</color><width>3</width></LineStyle></Style><LineString><coordinates>-71.30770911470957,-35.646551001989124,0 -71.30411863383742,-35.646177750527734,0</coordinates></LineString></Placemark><Placemark><name>Descartado (grupo chico) - Hilera 2887</name><Style><LineStyle><color>ff00ffff</color><width>3</width></LineStyle></Style><LineString><coordinates>-71.3062883,-35.6464033,0 -71.3063216,-35.64631,0</coordinates></LineString></Placemark><Placemark><name>Trabajado - Cuartel 2891 - Hilera 2891</name><Style><LineStyle><color>ff00ff00</color><width>3</width></LineStyle></Style><LineString><coordinates>-71.3060866,-35.6464066,0 -71.3059466,-35.6465033,0</coordinates></LineString></Placemark><Placemark><name>Trabajado - Cuartel 2891 - Hilera 2893</name><Style><LineStyle><color>ff00ff00</color><width>3</width></LineStyle></Style><LineString><coordinates>-71.3057883,-35.6463266,0 -71.3056433,-35.6464466,0</coordinates></LineString></Placemark><Placemark><name>Trabajado - Cuartel 2891 - Hilera 2901</name><Style><LineStyle><color>ff00ff00</color><width>3</width></LineStyle></Style><LineString><coordinates>-71.30535,-35.6463433,0 -71.3052583,-35.6464416,0</coordinates></LineString></Placemark><Placemark><name>Trabajado - Cuartel 2891 - Hilera 2905</name><Style><LineStyle><color>ff00ff00</color><width>3</width></LineStyle></Style><LineString><coordinates>-71.3051749,-35.6462883,0 -71.3050116,-35.6464699,0</coordinates></LineString></Placemark><Placemark><name>Trabajado - Cuartel 2891 - Hilera 2908</name><Style><LineStyle><color>ff00ff00</color><width>3</width></LineStyle></Style><LineString><coordinates>-71.3048233,-35.6463616,0 -71.3046966,-35.6464799,0</coordinates></LineString></Placemark><Placemark><name>Trabajado - Cuartel 2891 - Hilera 2913</name><Style><LineStyle><color>ff00ff00</color><width>3</width></LineStyle></Style><LineString><coordinates>-71.30459,-35.6462433,0 -71.3044449,-35.6464066,0</coordinates></LineString></Placemark><Placemark><name>Descartado (grupo chico) - Hilera 2900</name><Style><LineStyle><color>ff00ffff</color><width>3</width></LineStyle></Style><LineString><coordinates>-71.305455,-35.646625,0 -71.30535,-35.6463433,0</coordinates></LineString></Placemark><Placemark><name>Descartado (grupo chico) - Hilera 2902</name><Style><LineStyle><color>ff00ffff</color><width>3</width></LineStyle></Style><LineString><coordinates>-71.3052583,-35.6464416,0 -71.3053083,-35.6465316,0</coordinates></LineString></Placemark><Placemark><name>Descartado (grupo chico) - Hilera 2918</name><Style><LineStyle><color>ff00ffff</color><width>3</width></LineStyle></Style><LineString><coordinates>-71.3042783,-35.6462466,0 -71.30415,-35.6462883,0</coordinates></LineString></Placemark><Placemark><name>Descartado (grupo chico) - Hilera 2920</name><Style><LineStyle><color>ff00ffff</color><width>3</width></LineStyle></Style><LineString><coordinates>-71.3041133,-35.6476983,0 -71.3039916,-35.6477083,0</coordinates></LineString></Placemark><Placemark><name>Descartado (grupo chico) - Hilera 2925</name><Style><LineStyle><color>ff00ffff</color><width>3</width></LineStyle></Style><LineString><coordinates>-71.3040266,-35.6507866,0 -71.303605,-35.6508183,0</coordinates></LineString></Placemark><Placemark><name>Descartado (grupo chico) - Hilera 2927</name><Style><LineStyle><color>ff00ffff</color><width>3</width></LineStyle></Style><LineString><coordinates>-71.3037699,-35.6521883,0 -71.30317,-35.6597366,0</coordinates></LineString></Placemark><Placemark><name>Descartado (grupo chico) - Hilera 2928</name><Style><LineStyle><color>ff00ffff</color><width>3</width></LineStyle></Style><LineString><coordinates>-71.30315,-35.6597583,0 -71.3032116,-35.65985,0</coordinates></LineString></Placemark><Placemark><name>Descartado (grupo chico) - Hilera 2929</name><Style><LineStyle><color>ff00ffff</color><width>3</width></LineStyle></Style><LineString><coordinates>-71.3032116,-35.65985,0 -71.3032116,-35.6610583,0</coordinates></LineString></Placemark><Placemark><name>Trabajado - Cuartel 2930 - Hilera 2930</name><Style><LineStyle><color>ff00ff00</color><width>3</width></LineStyle></Style><LineString><coordinates>-71.3031833,-35.6610583,0 -71.30324316660933,-35.66328330240229,0</coordinates></LineString></Placemark><Placemark><name>Trabajado - Cuartel 2930 - Hilera 2956</name><Style><LineStyle><color>ff00ff00</color><width>3</width></LineStyle></Style><LineString><coordinates>-71.3028416,-35.6589283,0 -71.3031033,-35.6657483,0</coordinates></LineString></Placemark><Placemark><name>Trabajado - Cuartel 2930 - Hilera 2963</name><Style><LineStyle><color>ff00ff00</color><width>3</width></LineStyle></Style><LineString><coordinates>-71.3026366,-35.6589666,0 -71.302675,-35.665685,0</coordinates></LineString></Placemark><Placemark><name>Trabajado - Cuartel 2930 - Hilera 2969</name><Style><LineStyle><color>ff00ff00</color><width>3</width></LineStyle></Style><LineString><coordinates>-71.3024916,-35.665505,0 -71.302385,-35.6593833,0</coordinates></LineString></Placemark><Placemark><name>Trabajado - Cuartel 2930 - Hilera 2971</name><Style><LineStyle><color>ff00ff00</color><width>3</width></LineStyle></Style><LineString><coordinates>-71.3022416,-35.6591633,0 -71.3023516,-35.6656533,0</coordinates></LineString></Placemark><Placemark><name>Trabajado - Cuartel 2930 - Hilera 2976</name><Style><LineStyle><color>ff00ff00</color><width>3</width></LineStyle></Style><LineString><coordinates>-71.3021783,-35.6636083,0 -71.302105,-35.6618416,0</coordinates></LineString></Placemark><Placemark><name>Trabajado - Cuartel 2930 - Hilera 2979</name><Style><LineStyle><color>ff00ff00</color><width>3</width></LineStyle></Style><LineString><coordinates>-71.30193,-35.6594,0 -71.30204221394517,-35.66545333332828,0</coordinates></LineString></Placemark><Placemark><name>Trabajado - Cuartel 2930 - Hilera 3004</name><Style><LineStyle><color>ff00ff00</color><width>3</width></LineStyle></Style><LineString><coordinates>-71.30176,-35.6594149,0 -71.3018883,-35.6654283,0</coordinates></LineString></Placemark><Placemark><name>Trabajado - Cuartel 2930 - Hilera 3005</name><Style><LineStyle><color>ff00ff00</color><width>3</width></LineStyle></Style><LineString><coordinates>-71.3018883,-35.6654283,0 -71.301635,-35.6593933,0</coordinates></LineString></Placemark><Placemark><name>Trabajado - Cuartel 2930 - Hilera 3008</name><Style><LineStyle><color>ff00ff00</color><width>3</width></LineStyle></Style><LineString><coordinates>-71.3014433,-35.6596266,0 -71.3014149,-35.6654733,0</coordinates></LineString></Placemark><Placemark><name>Trabajado - Cuartel 2930 - Hilera 3009</name><Style><LineStyle><color>ff00ff00</color><width>3</width></LineStyle></Style><LineString><coordinates>-71.3014149,-35.6654733,0 -71.3012633,-35.6597299,0</coordinates></LineString></Placemark><Placemark><name>Trabajado - Cuartel 2930 - Hilera 3011</name><Style><LineStyle><color>ff00ff00</color><width>3</width></LineStyle></Style><LineString><coordinates>-71.3011483,-35.659675,0 -71.30124,-35.6647816,0</coordinates></LineString></Placemark><Placemark><name>Trabajado - Cuartel 2930 - Hilera 3014</name><Style><LineStyle><color>ff00ff00</color><width>3</width></LineStyle></Style><LineString><coordinates>-71.30106,-35.665305,0 -71.3009283,-35.6598433,0</coordinates></LineString></Placemark><Placemark><name>Trabajado - Cuartel 2930 - Hilera 3017</name><Style><LineStyle><color>ff00ff00</color><width>3</width></LineStyle></Style><LineString><coordinates>-71.30081,-35.66091,0 -71.300855,-35.6639816,0</coordinates></LineString></Placemark><Placemark><name>Trabajado - Cuartel 2930 - Hilera 3020</name><Style><LineStyle><color>ff00ff00</color><width>3</width></LineStyle></Style><LineString><coordinates>-71.300735,-35.6651033,0 -71.3006783,-35.6599549,0</coordinates></LineString></Placemark><Placemark><name>Trabajado - Cuartel 2930 - Hilera 3022</name><Style><LineStyle><color>ff00ff00</color><width>3</width></LineStyle></Style><LineString><coordinates>-71.30052,-35.6600466,0 -71.3006520813475,-35.6652183772425,0</coordinates></LineString></Placemark><Placemark><name>Trabajado - Cuartel 2930 - Hilera 3028</name><Style><LineStyle><color>ff00ff00</color><width>3</width></LineStyle></Style><LineString><coordinates>-71.3004983,-35.6651583,0 -71.3003866,-35.660285,0</coordinates></LineString></Placemark><Placemark><name>Trabajado - Cuartel 2930 - Hilera 3030</name><Style><LineStyle><color>ff00ff00</color><width>3</width></LineStyle></Style><LineString><coordinates>-71.3002666,-35.6601083,0 -71.3003,-35.6650783,0</coordinates></LineString></Placemark><Placemark><name>Trabajado - Cuartel 2930 - Hilera 3038</name><Style><LineStyle><color>ff00ff00</color><width>3</width></LineStyle></Style><LineString><coordinates>-71.2999116,-35.6603366,0 -71.30019,-35.6651866,0</coordinates></LineString></Placemark><Placemark><name>Trabajado - Cuartel 2930 - Hilera 3040</name><Style><LineStyle><color>ff00ff00</color><width>3</width></LineStyle></Style><LineString><coordinates>-71.2998133,-35.6651866,0 -71.2997516,-35.66034,0</coordinates></LineString></Placemark><Placemark><name>Descartado (grupo chico) - Hilera 2931</name><Style><LineStyle><color>ff00ffff</color><width>3</width></LineStyle></Style><LineString><coordinates>-71.3032433,-35.6632833,0 -71.303135,-35.66331,0</coordinates></LineString></Placemark><Placemark><name>Descartado (grupo chico) - Hilera 2958</name><Style><LineStyle><color>ff00ffff</color><width>3</width></LineStyle></Style><LineString><coordinates>-71.3030766,-35.6634633,0 -71.3032466,-35.6633916,0</coordinates></LineString></Placemark><Placemark><name>Descartado (grupo chico) - Hilera 2932</name><Style><LineStyle><color>ff00ffff</color><width>3</width></LineStyle></Style><LineString><coordinates>-71.303135,-35.66331,0 -71.3029883,-35.6588449,0</coordinates></LineString></Placemark><Placemark><name>Descartado (grupo chico) - Hilera 2962</name><Style><LineStyle><color>ff00ffff</color><width>3</width></LineStyle></Style><LineString><coordinates>-71.3027916,-35.6632683,0 -71.3026366,-35.6589666,0</coordinates></LineString></Placemark><Placemark><name>Descartado (grupo chico) - Hilera 2933</name><Style><LineStyle><color>ff00ffff</color><width>3</width></LineStyle></Style><LineString><coordinates>-71.3029883,-35.6588449,0 -71.3027983,-35.6588583,0</coordinates></LineString></Placemark><Placemark><name>Trabajado - Cuartel 2934 - Hilera 2934</name><Style><LineStyle><color>ff00ff00</color><width>3</width></LineStyle></Style><LineString><coordinates>-71.3027983,-35.6588583,0 -71.3014683,-35.6595383,0</coordinates></LineString></Placemark><Placemark><name>Trabajado - Cuartel 2934 - Hilera 2939</name><Style><LineStyle><color>ff00ff00</color><width>3</width></LineStyle></Style><LineString><coordinates>-71.3018683,-35.6593566,0 -71.3032366,-35.6585383,0</coordinates></LineString></Placemark><Placemark><name>Trabajado - Cuartel 2934 - Hilera 2941</name><Style><LineStyle><color>ff00ff00</color><width>3</width></LineStyle></Style><LineString><coordinates>-71.30321,-35.65845,0 -71.3034666,-35.658255,0</coordinates></LineString></Placemark><Placemark><name>Trabajado - Cuartel 2934 - Hilera 2955</name><Style><LineStyle><color>ff00ff00</color><width>3</width></LineStyle></Style><LineString><coordinates>-71.3031616,-35.65872,0 -71.3028433,-35.6588833,0</coordinates></LineString></Placemark><Placemark><name>Trabajado - Cuartel 2934 - Hilera 2978</name><Style><LineStyle><color>ff00ff00</color><width>3</width></LineStyle></Style><LineString><coordinates>-71.3020683,-35.65934,0 -71.30193,-35.6594,0</coordinates></LineString></Placemark><Placemark><name>Trabajado - Cuartel 2934 - Hilera 3002</name><Style><LineStyle><color>ff00ff00</color><width>3</width></LineStyle></Style><LineString><coordinates>-71.3034149,-35.6583566,0 -71.3031866,-35.6586833,0</coordinates></LineString></Placemark><Placemark><name>Trabajado - Cuartel 2934 - Hilera 3003</name><Style><LineStyle><color>ff00ff00</color><width>3</width></LineStyle></Style><LineString><coordinates>-71.3031866,-35.6586833,0 -71.30176,-35.6594149,0</coordinates></LineString></Placemark><Placemark><name>Trabajado - Cuartel 2934 - Hilera 3007</name><Style><LineStyle><color>ff00ff00</color><width>3</width></LineStyle></Style><LineString><coordinates>-71.3017633,-35.659455,0 -71.3014433,-35.6596266,0</coordinates></LineString></Placemark><Placemark><name>Trabajado - Cuartel 2934 - Hilera 3041</name><Style><LineStyle><color>ff00ff00</color><width>3</width></LineStyle></Style><LineString><coordinates>-71.2997516,-35.66034,0 -71.3032349,-35.6586883,0</coordinates></LineString></Placemark><Placemark><name>Trabajado - Cuartel 2934 - Hilera 3042</name><Style><LineStyle><color>ff00ff00</color><width>3</width></LineStyle></Style><LineString><coordinates>-71.30327,-35.6584533,0 -71.3034633,-35.6582133,0</coordinates></LineString></Placemark><Placemark><name>Descartado (grupo chico) - Hilera 2935</name><Style><LineStyle><color>ff00ffff</color><width>3</width></LineStyle></Style><LineString><coordinates>-71.3014683,-35.6595383,0 -71.29799,-35.6610466,0</coordinates></LineString></Placemark><Placemark><name>Descartado (grupo chico) - Hilera 2938</name><Style><LineStyle><color>ff00ffff</color><width>3</width></LineStyle></Style><LineString><coordinates>-71.29796,-35.6611216,0 -71.30185,-35.659335,0</coordinates></LineString></Placemark><Placemark><name>Descartado (grupo chico) - Hilera 3037</name><Style><LineStyle><color>ff00ffff</color><width>3</width></LineStyle></Style><LineString><coordinates>-71.3000766,-35.6603116,0 -71.2999116,-35.6603366,0</coordinates></LineString></Placemark><Placemark><name>Descartado (grupo chico) - Hilera 2936</name><Style><LineStyle><color>ff00ffff</color><width>3</width></LineStyle></Style><LineString><coordinates>-71.29799,-35.6610466,0 -71.297895,-35.6611966,0</coordinates></LineString></Placemark><Placemark><name>Descartado (grupo chico) - Hilera 2937</name><Style><LineStyle><color>ff00ffff</color><width>3</width></LineStyle></Style><LineString><coordinates>-71.2979283,-35.661225,0 -71.29796,-35.6611216,0</coordinates></LineString></Placemark><Placemark><name>Descartado (grupo chico) - Hilera 2940</name><Style><LineStyle><color>ff00ffff</color><width>3</width></LineStyle></Style><LineString><coordinates>-71.3032366,-35.6585383,0 -71.30321,-35.65845,0</coordinates></LineString></Placemark><Placemark><name>Descartado (grupo chico) - Hilera 2957</name><Style><LineStyle><color>ff00ffff</color><width>3</width></LineStyle></Style><LineString><coordinates>-71.3031033,-35.6657483,0 -71.3030766,-35.6634633,0</coordinates></LineString></Placemark><Placemark><name>Descartado (grupo chico) - Hilera 2959</name><Style><LineStyle><color>ff00ffff</color><width>3</width></LineStyle></Style><LineString><coordinates>-71.3032466,-35.6633916,0 -71.3031766,-35.66585,0</coordinates></LineString></Placemark><Placemark><name>Descartado (grupo chico) - Hilera 2961</name><Style><LineStyle><color>ff00ffff</color><width>3</width></LineStyle></Style><LineString><coordinates>-71.3028083,-35.66563,0 -71.3027916,-35.6632683,0</coordinates></LineString></Placemark><Placemark><name>Descartado (grupo chico) - Hilera 2975</name><Style><LineStyle><color>ff00ffff</color><width>3</width></LineStyle></Style><LineString><coordinates>-71.3021983,-35.6654316,0 -71.3021733,-35.6636016,0</coordinates></LineString></Placemark><Placemark><name>Trabajado - Cuartel 2960 - Hilera 2960</name><Style><LineStyle><color>ff00ff00</color><width>3</width></LineStyle></Style><LineString><coordinates>-71.3031766,-35.66585,0 -71.3028083,-35.66563,0</coordinates></LineString></Placemark><Placemark><name>Trabajado - Cuartel 2960 - Hilera 2964</name><Style><LineStyle><color>ff00ff00</color><width>3</width></LineStyle></Style><LineString><coordinates>-71.30230876308677,-35.6656001745459,0 -71.30329490375188,-35.6658285781467,0</coordinates></LineString></Placemark><Placemark><name>Trabajado - Cuartel 2960 - Hilera 2967</name><Style><LineStyle><color>ff00ff00</color><width>3</width></LineStyle></Style><LineString><coordinates>-71.3033766,-35.66583,0 -71.30282,-35.6657533,0</coordinates></LineString></Placemark><Placemark><name>Trabajado - Cuartel 2960 - Hilera 2968</name><Style><LineStyle><color>ff00ff00</color><width>3</width></LineStyle></Style><LineString><coordinates>-71.30282,-35.6657533,0 -71.3024916,-35.665505,0</coordinates></LineString></Placemark><Placemark><name>Trabajado - Cuartel 2960 - Hilera 2972</name><Style><LineStyle><color>ff00ff00</color><width>3</width></LineStyle></Style><LineString><coordinates>-71.3023516,-35.6656533,0 -71.302475,-35.6657083,0</coordinates></LineString></Placemark><Placemark><name>Trabajado - Cuartel 2960 - Hilera 2974</name><Style><LineStyle><color>ff00ff00</color><width>3</width></LineStyle></Style><LineString><coordinates>-71.302575,-35.6656483,0 -71.3021983,-35.6654316,0</coordinates></LineString></Placemark><Placemark><name>Trabajado - Cuartel 2960 - Hilera 2980</name><Style><LineStyle><color>ff00ff00</color><width>3</width></LineStyle></Style><LineString><coordinates>-71.3020449,-35.6654533,0 -71.30235,-35.6656399,0</coordinates></LineString></Placemark><Placemark><name>Trabajado - Cuartel 2960 - Hilera 2992</name><Style><LineStyle><color>ff00ff00</color><width>3</width></LineStyle></Style><LineString><coordinates>-71.3024966,-35.66571,0 -71.3032899,-35.665905,0</coordinates></LineString></Placemark><Placemark><name>Descartado (grupo chico) - Hilera 2965</name><Style><LineStyle><color>ff00ffff</color><width>3</width></LineStyle></Style><LineString><coordinates>-71.3032216,-35.6658116,0 -71.3033783,-35.6657466,0</coordinates></LineString></Placemark><Placemark><name>Descartado (grupo chico) - Hilera 2966</name><Style><LineStyle><color>ff00ffff</color><width>3</width></LineStyle></Style><LineString><coordinates>-71.3033783,-35.6657466,0 -71.3033766,-35.66583,0</coordinates></LineString></Placemark><Placemark><name>Descartado (grupo chico) - Hilera 2970</name><Style><LineStyle><color>ff00ffff</color><width>3</width></LineStyle></Style><LineString><coordinates>-71.302385,-35.6593833,0 -71.3022416,-35.6591633,0</coordinates></LineString></Placemark><Placemark><name>Descartado (grupo chico) - Hilera 2973</name><Style><LineStyle><color>ff00ffff</color><width>3</width></LineStyle></Style><LineString><coordinates>-71.302475,-35.6657083,0 -71.302575,-35.6656483,0</coordinates></LineString></Placemark><Placemark><name>Descartado (grupo chico) - Hilera 2991</name><Style><LineStyle><color>ff00ffff</color><width>3</width></LineStyle></Style><LineString><coordinates>-71.3026066,-35.6656766,0 -71.3024966,-35.66571,0</coordinates></LineString></Placemark><Placemark><name>Descartado (grupo chico) - Hilera 2977</name><Style><LineStyle><color>ff00ffff</color><width>3</width></LineStyle></Style><LineString><coordinates>-71.302055,-35.66181,0 -71.3020683,-35.65934,0</coordinates></LineString></Placemark><Placemark><name>Descartado (grupo chico) - Hilera 2982</name><Style><LineStyle><color>ff00ffff</color><width>3</width></LineStyle></Style><LineString><coordinates>-71.3039566,-35.6461049,0 -71.3042633,-35.6445316,0</coordinates></LineString></Placemark><Placemark><name>Descartado (grupo chico) - Hilera 3519</name><Style><LineStyle><color>ff00ffff</color><width>3</width></LineStyle></Style><LineString><coordinates>-71.3045133,-35.6455666,0 -71.3045133,-35.64548,0</coordinates></LineString></Placemark><Placemark><name>Descartado (grupo chico) - Hilera 2983</name><Style><LineStyle><color>ff00ffff</color><width>3</width></LineStyle></Style><LineString><coordinates>-71.3042633,-35.6445316,0 -71.305135,-35.6445883,0</coordinates></LineString></Placemark><Placemark><name>Descartado (grupo chico) - Hilera 2984</name><Style><LineStyle><color>ff00ffff</color><width>3</width></LineStyle></Style><LineString><coordinates>-71.30515,-35.6445699,0 -71.3053116,-35.64462,0</coordinates></LineString></Placemark><Placemark><name>Descartado (grupo chico) - Hilera 2985</name><Style><LineStyle><color>ff00ffff</color><width>3</width></LineStyle></Style><LineString><coordinates>-71.3053166,-35.6446633,0 -71.3066533,-35.6447216,0</coordinates></LineString></Placemark><Placemark><name>Descartado (grupo chico) - Hilera 2986</name><Style><LineStyle><color>ff00ffff</color><width>3</width></LineStyle></Style><LineString><coordinates>-71.3066533,-35.6447216,0 -71.3067566,-35.6446233,0</coordinates></LineString></Placemark><Placemark><name>Descartado (grupo chico) - Hilera 3583</name><Style><LineStyle><color>ff00ffff</color><width>3</width></LineStyle></Style><LineString><coordinates>-71.3068283,-35.64514,0 -71.30694,-35.6450716,0</coordinates></LineString></Placemark><Placemark><name>Descartado (grupo chico) - Hilera 2988</name><Style><LineStyle><color>ff00ffff</color><width>3</width></LineStyle></Style><LineString><coordinates>-71.2998383,-35.6445166,0 -71.312835,-33.978735,0</coordinates></LineString></Placemark><Placemark><name>Descartado (grupo chico) - Hilera 3006</name><Style><LineStyle><color>ff00ffff</color><width>3</width></LineStyle></Style><LineString><coordinates>-71.301635,-35.6593933,0 -71.3017633,-35.659455,0</coordinates></LineString></Placemark><Placemark><name>Descartado (grupo chico) - Hilera 3010</name><Style><LineStyle><color>ff00ffff</color><width>3</width></LineStyle></Style><LineString><coordinates>-71.3012633,-35.6597299,0 -71.3011483,-35.659675,0</coordinates></LineString></Placemark><Placemark><name>Descartado (grupo chico) - Hilera 3015</name><Style><LineStyle><color>ff00ffff</color><width>3</width></LineStyle></Style><LineString><coordinates>-71.3009283,-35.6598433,0 -71.3008466,-35.6597966,0</coordinates></LineString></Placemark><Placemark><name>Descartado (grupo chico) - Hilera 3012</name><Style><LineStyle><color>ff00ffff</color><width>3</width></LineStyle></Style><LineString><coordinates>-71.3012533,-35.6647933,0 -71.3011583,-35.6653783,0</coordinates></LineString></Placemark><Placemark><name>Descartado (grupo chico) - Hilera 3013</name><Style><LineStyle><color>ff00ffff</color><width>3</width></LineStyle></Style><LineString><coordinates>-71.3011583,-35.6653783,0 -71.30106,-35.665305,0</coordinates></LineString></Placemark><Placemark><name>Descartado (grupo chico) - Hilera 3019</name><Style><LineStyle><color>ff00ffff</color><width>3</width></LineStyle></Style><LineString><coordinates>-71.3009316,-35.6651733,0 -71.300735,-35.6651033,0</coordinates></LineString></Placemark><Placemark><name>Descartado (grupo chico) - Hilera 3016</name><Style><LineStyle><color>ff00ffff</color><width>3</width></LineStyle></Style><LineString><coordinates>-71.3008466,-35.6597966,0 -71.300835,-35.6609033,0</coordinates></LineString></Placemark><Placemark><name>Descartado (grupo chico) - Hilera 3018</name><Style><LineStyle><color>ff00ffff</color><width>3</width></LineStyle></Style><LineString><coordinates>-71.30089,-35.6640216,0 -71.3009316,-35.6651733,0</coordinates></LineString></Placemark><Placemark><name>Descartado (grupo chico) - Hilera 3023</name><Style><LineStyle><color>ff00ffff</color><width>3</width></LineStyle></Style><LineString><coordinates>-71.3005583,-35.66296,0 -71.3007583,-35.6651316,0</coordinates></LineString></Placemark><Placemark><name>Descartado (grupo chico) - Hilera 3026</name><Style><LineStyle><color>ff00ffff</color><width>3</width></LineStyle></Style><LineString><coordinates>-71.300745,-35.6635633,0 -71.3007683,-35.6649366,0</coordinates></LineString></Placemark><Placemark><name>Descartado (grupo chico) - Hilera 3021</name><Style><LineStyle><color>ff00ffff</color><width>3</width></LineStyle></Style><LineString><coordinates>-71.3006783,-35.6599549,0 -71.30052,-35.6600466,0</coordinates></LineString></Placemark><Placemark><name>Descartado (grupo chico) - Hilera 3024</name><Style><LineStyle><color>ff00ffff</color><width>3</width></LineStyle></Style><LineString><coordinates>-71.3007583,-35.6651316,0 -71.3006566,-35.6652183,0</coordinates></LineString></Placemark><Placemark><name>Descartado (grupo chico) - Hilera 3027</name><Style><LineStyle><color>ff00ffff</color><width>3</width></LineStyle></Style><LineString><coordinates>-71.3007683,-35.6649366,0 -71.3004983,-35.6651583,0</coordinates></LineString></Placemark><Placemark><name>Descartado (grupo chico) - Hilera 3025</name><Style><LineStyle><color>ff00ffff</color><width>3</width></LineStyle></Style><LineString><coordinates>-71.300595,-35.6635416,0 -71.300745,-35.6635633,0</coordinates></LineString></Placemark><Placemark><name>Descartado (grupo chico) - Hilera 3029</name><Style><LineStyle><color>ff00ffff</color><width>3</width></LineStyle></Style><LineString><coordinates>-71.3003866,-35.660285,0 -71.3002666,-35.6601083,0</coordinates></LineString></Placemark><Placemark><name>Descartado (grupo chico) - Hilera 3031</name><Style><LineStyle><color>ff00ffff</color><width>3</width></LineStyle></Style><LineString><coordinates>-71.3003,-35.6650783,0 -71.2999616,-35.6651883,0</coordinates></LineString></Placemark><Placemark><name>Descartado (grupo chico) - Hilera 3032</name><Style><LineStyle><color>ff00ffff</color><width>3</width></LineStyle></Style><LineString><coordinates>-71.2999616,-35.6651883,0 -71.2997999,-35.6651583,0</coordinates></LineString></Placemark><Placemark><name>Descartado (grupo chico) - Hilera 3033</name><Style><LineStyle><color>ff00ffff</color><width>3</width></LineStyle></Style><LineString><coordinates>-71.2997999,-35.6651583,0 -71.3001433,-35.6651466,0</coordinates></LineString></Placemark><Placemark><name>Descartado (grupo chico) - Hilera 3039</name><Style><LineStyle><color>ff00ffff</color><width>3</width></LineStyle></Style><LineString><coordinates>-71.3001316,-35.6651583,0 -71.299865,-35.66518,0</coordinates></LineString></Placemark><Placemark><name>Descartado (grupo chico) - Hilera 3034</name><Style><LineStyle><color>ff00ffff</color><width>3</width></LineStyle></Style><LineString><coordinates>-71.3001433,-35.6651466,0 -71.30013,-35.662125,0</coordinates></LineString></Placemark><Placemark><name>Descartado (grupo chico) - Hilera 3035</name><Style><LineStyle><color>ff00ffff</color><width>3</width></LineStyle></Style><LineString><coordinates>-71.3001466,-35.6620916,0 -71.3000966,-35.6619616,0</coordinates></LineString></Placemark><Placemark><name>Descartado (grupo chico) - Hilera 3036</name><Style><LineStyle><color>ff00ffff</color><width>3</width></LineStyle></Style><LineString><coordinates>-71.3000966,-35.6619616,0 -71.3000766,-35.6603116,0</coordinates></LineString></Placemark><Placemark><name>Descartado (grupo chico) - Hilera 3054</name><Style><LineStyle><color>ff00ffff</color><width>3</width></LineStyle></Style><LineString><coordinates>-71.3086733,-35.651165,0 -71.3088,-35.6512533,0</coordinates></LineString></Placemark><Placemark><name>Descartado (grupo chico) - Hilera 3058</name><Style><LineStyle><color>ff00ffff</color><width>3</width></LineStyle></Style><LineString><coordinates>-71.30897,-35.6513383,0 -71.3091566,-35.6510966,0</coordinates></LineString></Placemark><Placemark><name>Descartado (grupo chico) - Hilera 3060</name><Style><LineStyle><color>ff00ffff</color><width>3</width></LineStyle></Style><LineString><coordinates>-71.30918,-35.6504466,0 -71.3091033,-35.65038,0</coordinates></LineString></Placemark><Placemark><name>Descartado (grupo chico) - Hilera 3065</name><Style><LineStyle><color>ff00ffff</color><width>3</width></LineStyle></Style><LineString><coordinates>-71.3094349,-35.649715,0 -71.3089133,-35.6496283,0</coordinates></LineString></Placemark><Placemark><name>Descartado (grupo chico) - Hilera 3075</name><Style><LineStyle><color>ff00ffff</color><width>3</width></LineStyle></Style><LineString><coordinates>-71.3089216,-35.6496433,0 -71.3093983,-35.649675,0</coordinates></LineString></Placemark><Placemark><name>Descartado (grupo chico) - Hilera 3066</name><Style><LineStyle><color>ff00ffff</color><width>3</width></LineStyle></Style><LineString><coordinates>-71.3089133,-35.6496283,0 -71.3083633,-35.6488483,0</coordinates></LineString></Placemark><Placemark><name>Descartado (grupo chico) - Hilera 3074</name><Style><LineStyle><color>ff00ffff</color><width>3</width></LineStyle></Style><LineString><coordinates>-71.304195,-35.64454,0 -71.3039616,-35.6477516,0</coordinates></LineString></Placemark><Placemark><name>Descartado (grupo chico) - Hilera 3078</name><Style><LineStyle><color>ff00ffff</color><width>3</width></LineStyle></Style><LineString><coordinates>-71.3094966,-35.6497266,0 -71.3094266,-35.6496049,0</coordinates></LineString></Placemark><Placemark><name>Descartado (grupo chico) - Hilera 3112</name><Style><LineStyle><color>ff00ffff</color><width>3</width></LineStyle></Style><LineString><coordinates>-71.2655133,-34.6536266,0 -71.26533,-34.65358,0</coordinates></LineString></Placemark><Placemark><name>Descartado (grupo chico) - Hilera 3113</name><Style><LineStyle><color>ff00ffff</color><width>3</width></LineStyle></Style><LineString><coordinates>-70.7030916,-33.7337599,0 -70.7028716,-33.7345183,0</coordinates></LineString></Placemark><Placemark><name>Descartado (grupo chico) - Hilera 3114</name><Style><LineStyle><color>ff00ffff</color><width>3</width></LineStyle></Style><LineString><coordinates>-70.7028716,-33.7345183,0 -70.7027966,-33.7345933,0</coordinates></LineString></Placemark><Placemark><name>Descartado (grupo chico) - Hilera 3115</name><Style><LineStyle><color>ff00ffff</color><width>3</width></LineStyle></Style><LineString><coordinates>-70.6846516,-33.7320766,0 -70.6843266,-33.7320083,0</coordinates></LineString></Placemark><Placemark><name>Descartado (grupo chico) - Hilera 3116</name><Style><LineStyle><color>ff00ffff</color><width>3</width></LineStyle></Style><LineString><coordinates>-70.6590016,-33.655285,0 -70.6588933,-33.655195,0</coordinates></LineString></Placemark><Placemark><name>Descartado (grupo chico) - Hilera 3119</name><Style><LineStyle><color>ff00ffff</color><width>3</width></LineStyle></Style><LineString><coordinates>-70.5654716,-33.7083033,0 -70.5655783,-33.70832,0</coordinates></LineString></Placemark><Placemark><name>Trabajado - Cuartel 3120 - Hilera 3120</name><Style><LineStyle><color>ff00ff00</color><width>3</width></LineStyle></Style><LineString><coordinates>-70.5665016,-33.7082833,0 -70.5664766,-33.709035,0</coordinates></LineString></Placemark><Placemark><name>Trabajado - Cuartel 3120 - Hilera 3121</name><Style><LineStyle><color>ff00ff00</color><width>3</width></LineStyle></Style><LineString><coordinates>-70.56645418489288,-33.708976483141996,0 -70.56652,-33.7091483,0</coordinates></LineString></Placemark><Placemark><name>Trabajado - Cuartel 3120 - Hilera 3269</name><Style><LineStyle><color>ff00ff00</color><width>3</width></LineStyle></Style><LineString><coordinates>-70.5703616,-33.7104949,0 -70.57026,-33.7075816,0</coordinates></LineString></Placemark><Placemark><name>Trabajado - Cuartel 3120 - Hilera 3272</name><Style><LineStyle><color>ff00ff00</color><width>3</width></LineStyle></Style><LineString><coordinates>-70.57047,-33.7075033,0 -70.5705,-33.7094883,0</coordinates></LineString></Placemark><Placemark><name>Trabajado - Cuartel 3120 - Hilera 3273</name><Style><LineStyle><color>ff00ff00</color><width>3</width></LineStyle></Style><LineString><coordinates>-70.5705,-33.7094883,0 -70.570595,-33.7075383,0</coordinates></LineString></Placemark><Placemark><name>Trabajado - Cuartel 3120 - Hilera 3276</name><Style><LineStyle><color>ff00ff00</color><width>3</width></LineStyle></Style><LineString><coordinates>-70.5699716,-33.707645,0 -70.5700566,-33.71055,0</coordinates></LineString></Placemark><Placemark><name>Trabajado - Cuartel 3120 - Hilera 3279</name><Style><LineStyle><color>ff00ff00</color><width>3</width></LineStyle></Style><LineString><coordinates>-70.5702616,-33.7104516,0 -70.5702083,-33.7075399,0</coordinates></LineString></Placemark><Placemark><name>Trabajado - Cuartel 3120 - Hilera 3284</name><Style><LineStyle><color>ff00ff00</color><width>3</width></LineStyle></Style><LineString><coordinates>-70.56994,-33.710645,0 -70.5698966,-33.707445,0</coordinates></LineString></Placemark><Placemark><name>Trabajado - Cuartel 3120 - Hilera 3291</name><Style><LineStyle><color>ff00ff00</color><width>3</width></LineStyle></Style><LineString><coordinates>-70.56956,-33.710775,0 -70.5696333,-33.7074283,0</coordinates></LineString></Placemark><Placemark><name>Trabajado - Cuartel 3120 - Hilera 3295</name><Style><LineStyle><color>ff00ff00</color><width>3</width></LineStyle></Style><LineString><coordinates>-70.5692916,-33.7108733,0 -70.5693216,-33.7075166,0</coordinates></LineString></Placemark><Placemark><name>Trabajado - Cuartel 3120 - Hilera 3297</name><Style><LineStyle><color>ff00ff00</color><width>3</width></LineStyle></Style><LineString><coordinates>-70.56906,-33.707325,0 -70.5690766,-33.71094,0</coordinates></LineString></Placemark><Placemark><name>Trabajado - Cuartel 3120 - Hilera 3307</name><Style><LineStyle><color>ff00ff00</color><width>3</width></LineStyle></Style><LineString><coordinates>-70.5688866,-33.7109383,0 -70.5689583,-33.7073066,0</coordinates></LineString></Placemark><Placemark><name>Trabajado - Cuartel 3120 - Hilera 3311</name><Style><LineStyle><color>ff00ff00</color><width>3</width></LineStyle></Style><LineString><coordinates>-70.5687616,-33.71099,0 -70.568545,-33.7072666,0</coordinates></LineString></Placemark><Placemark><name>Trabajado - Cuartel 3120 - Hilera 3313</name><Style><LineStyle><color>ff00ff00</color><width>3</width></LineStyle></Style><LineString><coordinates>-70.5682033,-33.7073316,0 -70.5682966,-33.711175,0</coordinates></LineString></Placemark><Placemark><name>Trabajado - Cuartel 3120 - Hilera 3315</name><Style><LineStyle><color>ff00ff00</color><width>3</width></LineStyle></Style><LineString><coordinates>-70.56849,-33.7110933,0 -70.5684349,-33.70733,0</coordinates></LineString></Placemark><Placemark><name>Trabajado - Cuartel 3120 - Hilera 3318</name><Style><LineStyle><color>ff00ff00</color><width>3</width></LineStyle></Style><LineString><coordinates>-70.5678983,-33.7071883,0 -70.56779856269063,-33.71159683112161,0</coordinates></LineString></Placemark><Placemark><name>Trabajado - Cuartel 3120 - Hilera 3320</name><Style><LineStyle><color>ff00ff00</color><width>3</width></LineStyle></Style><LineString><coordinates>-70.568175,-33.7112466,0 -70.5681416,-33.7072883,0</coordinates></LineString></Placemark><Placemark><name>Trabajado - Cuartel 3120 - Hilera 3322</name><Style><LineStyle><color>ff00ff00</color><width>3</width></LineStyle></Style><LineString><coordinates>-70.567645,-33.7071383,0 -70.5676616,-33.711215,0</coordinates></LineString></Placemark><Placemark><name>Trabajado - Cuartel 3120 - Hilera 3324</name><Style><LineStyle><color>ff00ff00</color><width>3</width></LineStyle></Style><LineString><coordinates>-70.5678683,-33.7112916,0 -70.5678166,-33.7072116,0</coordinates></LineString></Placemark><Placemark><name>Trabajado - Cuartel 3120 - Hilera 3326</name><Style><LineStyle><color>ff00ff00</color><width>3</width></LineStyle></Style><LineString><coordinates>-70.5675333,-33.7071516,0 -70.5677916,-33.7116283,0</coordinates></LineString></Placemark><Placemark><name>Trabajado - Cuartel 3120 - Hilera 3330</name><Style><LineStyle><color>ff00ff00</color><width>3</width></LineStyle></Style><LineString><coordinates>-70.5677566,-33.7113666,0 -70.5672666,-33.7071816,0</coordinates></LineString></Placemark><Placemark><name>Trabajado - Cuartel 3120 - Hilera 3332</name><Style><LineStyle><color>ff00ff00</color><width>3</width></LineStyle></Style><LineString><coordinates>-70.5671933,-33.707265,0 -70.567275,-33.7102316,0</coordinates></LineString></Placemark><Placemark><name>Trabajado - Cuartel 3120 - Hilera 3334</name><Style><LineStyle><color>ff00ff00</color><width>3</width></LineStyle></Style><LineString><coordinates>-70.5670233,-33.7099,0 -70.5669216,-33.707065,0</coordinates></LineString></Placemark><Placemark><name>Trabajado - Cuartel 3120 - Hilera 3335</name><Style><LineStyle><color>ff00ff00</color><width>3</width></LineStyle></Style><LineString><coordinates>-70.5669216,-33.707065,0 -70.5669283,-33.7092633,0</coordinates></LineString></Placemark><Placemark><name>Trabajado - Cuartel 3120 - Hilera 3336</name><Style><LineStyle><color>ff00ff00</color><width>3</width></LineStyle></Style><LineString><coordinates>-70.5669283,-33.7092633,0 -70.5666466,-33.7070683,0</coordinates></LineString></Placemark><Placemark><name>Trabajado - Cuartel 3120 - Hilera 3337</name><Style><LineStyle><color>ff00ff00</color><width>3</width></LineStyle></Style><LineString><coordinates>-70.5666466,-33.7070683,0 -70.5678116,-33.7114183,0</coordinates></LineString></Placemark><Placemark><name>Trabajado - Cuartel 3131 - Hilera 3131</name><Style><LineStyle><color>ff00ff00</color><width>3</width></LineStyle></Style><LineString><coordinates>-70.5690999,-33.7110966,0 -70.5690116,-33.71104,0</coordinates></LineString></Placemark><Placemark><name>Trabajado - Cuartel 3131 - Hilera 3139</name><Style><LineStyle><color>ff00ff00</color><width>3</width></LineStyle></Style><LineString><coordinates>-70.5691783,-33.7110583,0 -70.56888,-33.7111783,0</coordinates></LineString></Placemark><Placemark><name>Trabajado - Cuartel 3131 - Hilera 3145</name><Style><LineStyle><color>ff00ff00</color><width>3</width></LineStyle></Style><LineString><coordinates>-70.5692483,-33.7110133,0 -70.5686866,-33.7111216,0</coordinates></LineString></Placemark><Placemark><name>Trabajado - Cuartel 3131 - Hilera 3150</name><Style><LineStyle><color>ff00ff00</color><width>3</width></LineStyle></Style><LineString><coordinates>-70.569425,-33.7109233,0 -70.5685733,-33.711235,0</coordinates></LineString></Placemark><Placemark><name>Trabajado - Cuartel 3131 - Hilera 3156</name><Style><LineStyle><color>ff00ff00</color><width>3</width></LineStyle></Style><LineString><coordinates>-70.57029930988702,-33.71066637078213,0 -70.56832,-33.7112983,0</coordinates></LineString></Placemark><Placemark><name>Trabajado - Cuartel 3131 - Hilera 3159</name><Style><LineStyle><color>ff00ff00</color><width>3</width></LineStyle></Style><LineString><coordinates>-70.56802,-33.711385,0 -70.5681733,-33.7113216,0</coordinates></LineString></Placemark><Placemark><name>Trabajado - Cuartel 3131 - Hilera 3163</name><Style><LineStyle><color>ff00ff00</color><width>3</width></LineStyle></Style><LineString><coordinates>-70.5679399,-33.7114683,0 -70.5697383,-33.7108683,0</coordinates></LineString></Placemark><Placemark><name>Trabajado - Cuartel 3131 - Hilera 3168</name><Style><LineStyle><color>ff00ff00</color><width>3</width></LineStyle></Style><LineString><coordinates>-70.5700333,-33.7108416,0 -70.5698416,-33.7107733,0</coordinates></LineString></Placemark><Placemark><name>Trabajado - Cuartel 3131 - Hilera 3176</name><Style><LineStyle><color>ff00ff00</color><width>3</width></LineStyle></Style><LineString><coordinates>-70.57063,-33.7106633,0 -70.5704433,-33.7106866,0</coordinates></LineString></Placemark><Placemark><name>Trabajado - Cuartel 3131 - Hilera 3187</name><Style><LineStyle><color>ff00ff00</color><width>3</width></LineStyle></Style><LineString><coordinates>-70.5708916,-33.7106533,0 -70.5707133,-33.7107166,0</coordinates></LineString></Placemark><Placemark><name>Trabajado - Cuartel 3131 - Hilera 3268</name><Style><LineStyle><color>ff00ff00</color><width>3</width></LineStyle></Style><LineString><coordinates>-70.5705966,-33.710645,0 -70.5703616,-33.7104949,0</coordinates></LineString></Placemark><Placemark><name>Trabajado - Cuartel 3131 - Hilera 3277</name><Style><LineStyle><color>ff00ff00</color><width>3</width></LineStyle></Style><LineString><coordinates>-70.5700566,-33.71055,0 -70.570165,-33.7106133,0</coordinates></LineString></Placemark><Placemark><name>Trabajado - Cuartel 3131 - Hilera 3282</name><Style><LineStyle><color>ff00ff00</color><width>3</width></LineStyle></Style><LineString><coordinates>-70.569725,-33.7105366,0 -70.56984,-33.7106816,0</coordinates></LineString></Placemark><Placemark><name>Trabajado - Cuartel 3131 - Hilera 3283</name><Style><LineStyle><color>ff00ff00</color><width>3</width></LineStyle></Style><LineString><coordinates>-70.56984,-33.7106816,0 -70.56994,-33.710645,0</coordinates></LineString></Placemark><Placemark><name>Trabajado - Cuartel 3131 - Hilera 3290</name><Style><LineStyle><color>ff00ff00</color><width>3</width></LineStyle></Style><LineString><coordinates>-70.5694316,-33.7107083,0 -70.56956,-33.710775,0</coordinates></LineString></Placemark><Placemark><name>Trabajado - Cuartel 3131 - Hilera 3294</name><Style><LineStyle><color>ff00ff00</color><width>3</width></LineStyle></Style><LineString><coordinates>-70.5691683,-33.710795,0 -70.5692916,-33.7108733,0</coordinates></LineString></Placemark><Placemark><name>Trabajado - Cuartel 3131 - Hilera 3298</name><Style><LineStyle><color>ff00ff00</color><width>3</width></LineStyle></Style><LineString><coordinates>-70.5690766,-33.71094,0 -70.5691866,-33.7109366,0</coordinates></LineString></Placemark><Placemark><name>Trabajado - Cuartel 3131 - Hilera 3305</name><Style><LineStyle><color>ff00ff00</color><width>3</width></LineStyle></Style><LineString><coordinates>-70.5696099,-33.7108416,0 -70.5690766,-33.7109733,0</coordinates></LineString></Placemark><Placemark><name>Trabajado - Cuartel 3131 - Hilera 3306</name><Style><LineStyle><color>ff00ff00</color><width>3</width></LineStyle></Style><LineString><coordinates>-70.5690766,-33.7109733,0 -70.5688866,-33.7109383,0</coordinates></LineString></Placemark><Placemark><name>Trabajado - Cuartel 3131 - Hilera 3310</name><Style><LineStyle><color>ff00ff00</color><width>3</width></LineStyle></Style><LineString><coordinates>-70.5685466,-33.7110633,0 -70.5687616,-33.71099,0</coordinates></LineString></Placemark><Placemark><name>Trabajado - Cuartel 3131 - Hilera 3314</name><Style><LineStyle><color>ff00ff00</color><width>3</width></LineStyle></Style><LineString><coordinates>-70.5682966,-33.711175,0 -70.56849,-33.7110933,0</coordinates></LineString></Placemark><Placemark><name>Trabajado - Cuartel 3131 - Hilera 3319</name><Style><LineStyle><color>ff00ff00</color><width>3</width></LineStyle></Style><LineString><coordinates>-70.56782,-33.7113366,0 -70.568175,-33.7112466,0</coordinates></LineString></Placemark><Placemark><name>Descartado (grupo chico) - Hilera 3132</name><Style><LineStyle><color>ff00ffff</color><width>3</width></LineStyle></Style><LineString><coordinates>-70.5690116,-33.71104,0 -70.56894,-33.7111083,0</coordinates></LineString></Placemark><Placemark><name>Descartado (grupo chico) - Hilera 3133</name><Style><LineStyle><color>ff00ffff</color><width>3</width></LineStyle></Style><LineString><coordinates>-70.56894,-33.7111083,0 -70.5689616,-33.7114199,0</coordinates></LineString></Placemark><Placemark><name>Descartado (grupo chico) - Hilera 3151</name><Style><LineStyle><color>ff00ffff</color><width>3</width></LineStyle></Style><LineString><coordinates>-70.56852948119018,-33.70912339887849,0 -70.5686166,-33.7133216,0</coordinates></LineString></Placemark><Placemark><name>Descartado (grupo chico) - Hilera 3138</name><Style><LineStyle><color>ff00ffff</color><width>3</width></LineStyle></Style><LineString><coordinates>-70.5692116,-33.714045,0 -70.56913773452156,-33.70741995421965,0</coordinates></LineString></Placemark><Placemark><name>Descartado (grupo chico) - Hilera 3155</name><Style><LineStyle><color>ff00ffff</color><width>3</width></LineStyle></Style><LineString><coordinates>-70.569575,-33.7139983,0 -70.56942986068607,-33.70762479999953,0</coordinates></LineString></Placemark><Placemark><name>Descartado (grupo chico) - Hilera 3164</name><Style><LineStyle><color>ff00ffff</color><width>3</width></LineStyle></Style><LineString><coordinates>-70.56967304482463,-33.70744145412689,0 -70.5698051633735,-33.714379599666636,0</coordinates></LineString></Placemark><Placemark><name>Descartado (grupo chico) - Hilera 3160</name><Style><LineStyle><color>ff00ffff</color><width>3</width></LineStyle></Style><LineString><coordinates>-70.5681733,-33.7113216,0 -70.5682716,-33.71136,0</coordinates></LineString></Placemark><Placemark><name>Descartado (grupo chico) - Hilera 3323</name><Style><LineStyle><color>ff00ffff</color><width>3</width></LineStyle></Style><LineString><coordinates>-70.5676616,-33.711215,0 -70.5678216,-33.7113449,0</coordinates></LineString></Placemark><Placemark><name>Descartado (grupo chico) - Hilera 3178</name><Style><LineStyle><color>ff00ffff</color><width>3</width></LineStyle></Style><LineString><coordinates>-70.5704433,-33.712785,0 -70.5704883,-33.7139616,0</coordinates></LineString></Placemark><Placemark><name>Descartado (grupo chico) - Hilera 3199</name><Style><LineStyle><color>ff00ffff</color><width>3</width></LineStyle></Style><LineString><coordinates>-70.5698116,-33.7143699,0 -70.57215467342493,-33.71277983659838,0</coordinates></LineString></Placemark><Placemark><name>Descartado (grupo chico) - Hilera 3246</name><Style><LineStyle><color>ff00ffff</color><width>3</width></LineStyle></Style><LineString><coordinates>-70.5725316,-33.7124966,0 -70.56965,-33.7143716,0</coordinates></LineString></Placemark><Placemark><name>Descartado (grupo chico) - Hilera 3249</name><Style><LineStyle><color>ff00ffff</color><width>3</width></LineStyle></Style><LineString><coordinates>-70.5697216,-33.714385,0 -70.57254,-33.7125266,0</coordinates></LineString></Placemark><Placemark><name>Descartado (grupo chico) - Hilera 3201</name><Style><LineStyle><color>ff00ffff</color><width>3</width></LineStyle></Style><LineString><coordinates>-70.5712883,-33.71077,0 -70.571095,-33.7107133,0</coordinates></LineString></Placemark><Placemark><name>Descartado (grupo chico) - Hilera 3204</name><Style><LineStyle><color>ff00ffff</color><width>3</width></LineStyle></Style><LineString><coordinates>-70.5715983,-33.7108783,0 -70.5713733,-33.7108116,0</coordinates></LineString></Placemark><Placemark><name>Descartado (grupo chico) - Hilera 3267</name><Style><LineStyle><color>ff00ffff</color><width>3</width></LineStyle></Style><LineString><coordinates>-70.5727733,-33.7108983,0 -70.5705966,-33.710645,0</coordinates></LineString></Placemark><Placemark><name>Descartado (grupo chico) - Hilera 3205</name><Style><LineStyle><color>ff00ffff</color><width>3</width></LineStyle></Style><LineString><coordinates>-70.5713733,-33.7108116,0 -70.5713733,-33.711825,0</coordinates></LineString></Placemark><Placemark><name>Descartado (grupo chico) - Hilera 3207</name><Style><LineStyle><color>ff00ffff</color><width>3</width></LineStyle></Style><LineString><coordinates>-70.5714083,-33.7132783,0 -70.5719266,-33.712885,0</coordinates></LineString></Placemark><Placemark><name>Descartado (grupo chico) - Hilera 3209</name><Style><LineStyle><color>ff00ffff</color><width>3</width></LineStyle></Style><LineString><coordinates>-70.57189,-33.7109433,0 -70.5717583,-33.7107416,0</coordinates></LineString></Placemark><Placemark><name>Descartado (grupo chico) - Hilera 3214</name><Style><LineStyle><color>ff00ffff</color><width>3</width></LineStyle></Style><LineString><coordinates>-70.5721766,-33.7110633,0 -70.5719999,-33.71077,0</coordinates></LineString></Placemark><Placemark><name>Descartado (grupo chico) - Hilera 3210</name><Style><LineStyle><color>ff00ffff</color><width>3</width></LineStyle></Style><LineString><coordinates>-70.5717583,-33.7107416,0 -70.5716416,-33.710795,0</coordinates></LineString></Placemark><Placemark><name>Descartado (grupo chico) - Hilera 3218</name><Style><LineStyle><color>ff00ffff</color><width>3</width></LineStyle></Style><LineString><coordinates>-70.5725683,-33.7108883,0 -70.5722616,-33.71087,0</coordinates></LineString></Placemark><Placemark><name>Descartado (grupo chico) - Hilera 3222</name><Style><LineStyle><color>ff00ffff</color><width>3</width></LineStyle></Style><LineString><coordinates>-70.57252,-33.710925,0 -70.5727933,-33.71093,0</coordinates></LineString></Placemark><Placemark><name>Descartado (grupo chico) - Hilera 3227</name><Style><LineStyle><color>ff00ffff</color><width>3</width></LineStyle></Style><LineString><coordinates>-70.5730733,-33.7109833,0 -70.5728616,-33.7109166,0</coordinates></LineString></Placemark><Placemark><name>Descartado (grupo chico) - Hilera 3236</name><Style><LineStyle><color>ff00ffff</color><width>3</width></LineStyle></Style><LineString><coordinates>-70.573345,-33.7110083,0 -70.5731416,-33.710985,0</coordinates></LineString></Placemark><Placemark><name>Descartado (grupo chico) - Hilera 3241</name><Style><LineStyle><color>ff00ffff</color><width>3</width></LineStyle></Style><LineString><coordinates>-70.5736833,-33.7110916,0 -70.5734616,-33.7110349,0</coordinates></LineString></Placemark><Placemark><name>Descartado (grupo chico) - Hilera 3253</name><Style><LineStyle><color>ff00ffff</color><width>3</width></LineStyle></Style><LineString><coordinates>-70.5739666,-33.7111049,0 -70.5737716,-33.7110449,0</coordinates></LineString></Placemark><Placemark><name>Descartado (grupo chico) - Hilera 3257</name><Style><LineStyle><color>ff00ffff</color><width>3</width></LineStyle></Style><LineString><coordinates>-70.5741033,-33.7111283,0 -70.574265,-33.711165,0</coordinates></LineString></Placemark><Placemark><name>Descartado (grupo chico) - Hilera 3226</name><Style><LineStyle><color>ff00ffff</color><width>3</width></LineStyle></Style><LineString><coordinates>-70.57312,-33.7113433,0 -70.5730733,-33.7109833,0</coordinates></LineString></Placemark><Placemark><name>Descartado (grupo chico) - Hilera 3237</name><Style><LineStyle><color>ff00ffff</color><width>3</width></LineStyle></Style><LineString><coordinates>-70.5731416,-33.710985,0 -70.5731716,-33.711435,0</coordinates></LineString></Placemark><Placemark><name>Descartado (grupo chico) - Hilera 3242</name><Style><LineStyle><color>ff00ffff</color><width>3</width></LineStyle></Style><LineString><coordinates>-70.5734616,-33.7110349,0 -70.5734766,-33.7112166,0</coordinates></LineString></Placemark><Placemark><name>Descartado (grupo chico) - Hilera 3239</name><Style><LineStyle><color>ff00ffff</color><width>3</width></LineStyle></Style><LineString><coordinates>-70.5731798295183,-33.71298189539641,0 -70.5734766,-33.7128216,0</coordinates></LineString></Placemark><Placemark><name>Descartado (grupo chico) - Hilera 3262</name><Style><LineStyle><color>ff00ffff</color><width>3</width></LineStyle></Style><LineString><coordinates>-70.5744983,-33.7113016,0 -70.574365,-33.7111816,0</coordinates></LineString></Placemark><Placemark><name>Descartado (grupo chico) - Hilera 3270</name><Style><LineStyle><color>ff00ffff</color><width>3</width></LineStyle></Style><LineString><coordinates>-70.57026,-33.7075816,0 -70.570365,-33.7074716,0</coordinates></LineString></Placemark><Placemark><name>Descartado (grupo chico) - Hilera 3281</name><Style><LineStyle><color>ff00ffff</color><width>3</width></LineStyle></Style><LineString><coordinates>-70.5697416,-33.7073933,0 -70.5696616,-33.7074416,0</coordinates></LineString></Placemark><Placemark><name>Descartado (grupo chico) - Hilera 3293</name><Style><LineStyle><color>ff00ffff</color><width>3</width></LineStyle></Style><LineString><coordinates>-70.5693849,-33.7073416,0 -70.5691316,-33.70742,0</coordinates></LineString></Placemark><Placemark><name>Trabajado - Cuartel 3271 - Hilera 3271</name><Style><LineStyle><color>ff00ff00</color><width>3</width></LineStyle></Style><LineString><coordinates>-70.570365,-33.7074716,0 -70.57047,-33.7075033,0</coordinates></LineString></Placemark><Placemark><name>Trabajado - Cuartel 3271 - Hilera 3274</name><Style><LineStyle><color>ff00ff00</color><width>3</width></LineStyle></Style><LineString><coordinates>-70.570595,-33.7075383,0 -70.5699999,-33.707465,0</coordinates></LineString></Placemark><Placemark><name>Trabajado - Cuartel 3271 - Hilera 3280</name><Style><LineStyle><color>ff00ff00</color><width>3</width></LineStyle></Style><LineString><coordinates>-70.5702083,-33.7075399,0 -70.5697616,-33.7074083,0</coordinates></LineString></Placemark><Placemark><name>Trabajado - Cuartel 3271 - Hilera 3285</name><Style><LineStyle><color>ff00ff00</color><width>3</width></LineStyle></Style><LineString><coordinates>-70.5698966,-33.707445,0 -70.569795,-33.7073883,0</coordinates></LineString></Placemark><Placemark><name>Trabajado - Cuartel 3271 - Hilera 3286</name><Style><LineStyle><color>ff00ff00</color><width>3</width></LineStyle></Style><LineString><coordinates>-70.569795,-33.7073883,0 -70.5694066,-33.7073566,0</coordinates></LineString></Placemark><Placemark><name>Trabajado - Cuartel 3271 - Hilera 3292</name><Style><LineStyle><color>ff00ff00</color><width>3</width></LineStyle></Style><LineString><coordinates>-70.5696333,-33.7074283,0 -70.5693849,-33.7073416,0</coordinates></LineString></Placemark><Placemark><name>Trabajado - Cuartel 3271 - Hilera 3296</name><Style><LineStyle><color>ff00ff00</color><width>3</width></LineStyle></Style><LineString><coordinates>-70.5693216,-33.7075166,0 -70.56906,-33.707325,0</coordinates></LineString></Placemark><Placemark><name>Trabajado - Cuartel 3271 - Hilera 3308</name><Style><LineStyle><color>ff00ff00</color><width>3</width></LineStyle></Style><LineString><coordinates>-70.5689583,-33.7073066,0 -70.568725,-33.707085,0</coordinates></LineString></Placemark><Placemark><name>Descartado (grupo chico) - Hilera 3275</name><Style><LineStyle><color>ff00ffff</color><width>3</width></LineStyle></Style><LineString><coordinates>-70.5699999,-33.707465,0 -70.5699716,-33.707645,0</coordinates></LineString></Placemark><Placemark><name>Descartado (grupo chico) - Hilera 3287</name><Style><LineStyle><color>ff00ffff</color><width>3</width></LineStyle></Style><LineString><coordinates>-70.5694066,-33.7073566,0 -70.5693916,-33.7075383,0</coordinates></LineString></Placemark><Placemark><name>Descartado (grupo chico) - Hilera 3278</name><Style><LineStyle><color>ff00ffff</color><width>3</width></LineStyle></Style><LineString><coordinates>-70.570165,-33.7106133,0 -70.5702616,-33.7104516,0</coordinates></LineString></Placemark><Placemark><name>Descartado (grupo chico) - Hilera 3288</name><Style><LineStyle><color>ff00ffff</color><width>3</width></LineStyle></Style><LineString><coordinates>-70.5693916,-33.7075383,0 -70.5694233,-33.7076249,0</coordinates></LineString></Placemark><Placemark><name>Descartado (grupo chico) - Hilera 3289</name><Style><LineStyle><color>ff00ffff</color><width>3</width></LineStyle></Style><LineString><coordinates>-70.5694916,-33.7106316,0 -70.5694316,-33.7107083,0</coordinates></LineString></Placemark><Placemark><name>Descartado (grupo chico) - Hilera 3299</name><Style><LineStyle><color>ff00ffff</color><width>3</width></LineStyle></Style><LineString><coordinates>-70.5691866,-33.7109366,0 -70.5693366,-33.7111983,0</coordinates></LineString></Placemark><Placemark><name>Descartado (grupo chico) - Hilera 3309</name><Style><LineStyle><color>ff00ffff</color><width>3</width></LineStyle></Style><LineString><coordinates>-70.568725,-33.707085,0 -70.5685366,-33.7091233,0</coordinates></LineString></Placemark><Placemark><name>Descartado (grupo chico) - Hilera 3312</name><Style><LineStyle><color>ff00ffff</color><width>3</width></LineStyle></Style><LineString><coordinates>-70.568545,-33.7072666,0 -70.5682033,-33.7073316,0</coordinates></LineString></Placemark><Placemark><name>Descartado (grupo chico) - Hilera 3317</name><Style><LineStyle><color>ff00ffff</color><width>3</width></LineStyle></Style><LineString><coordinates>-70.5680433,-33.7071716,0 -70.5678983,-33.7071883,0</coordinates></LineString></Placemark><Placemark><name>Descartado (grupo chico) - Hilera 3316</name><Style><LineStyle><color>ff00ffff</color><width>3</width></LineStyle></Style><LineString><coordinates>-70.5684349,-33.70733,0 -70.5680433,-33.7071716,0</coordinates></LineString></Placemark><Placemark><name>Descartado (grupo chico) - Hilera 3321</name><Style><LineStyle><color>ff00ffff</color><width>3</width></LineStyle></Style><LineString><coordinates>-70.5681416,-33.7072883,0 -70.567645,-33.7071383,0</coordinates></LineString></Placemark><Placemark><name>Descartado (grupo chico) - Hilera 3325</name><Style><LineStyle><color>ff00ffff</color><width>3</width></LineStyle></Style><LineString><coordinates>-70.5678166,-33.7072116,0 -70.5675333,-33.7071516,0</coordinates></LineString></Placemark><Placemark><name>Descartado (grupo chico) - Hilera 3331</name><Style><LineStyle><color>ff00ffff</color><width>3</width></LineStyle></Style><LineString><coordinates>-70.5672666,-33.7071816,0 -70.5671933,-33.707265,0</coordinates></LineString></Placemark><Placemark><name>Descartado (grupo chico) - Hilera 3333</name><Style><LineStyle><color>ff00ffff</color><width>3</width></LineStyle></Style><LineString><coordinates>-70.567275,-33.7102316,0 -70.5670233,-33.7099,0</coordinates></LineString></Placemark><Placemark><name>Descartado (grupo chico) - Hilera 3338</name><Style><LineStyle><color>ff00ffff</color><width>3</width></LineStyle></Style><LineString><coordinates>-70.5678116,-33.7114183,0 -70.567775,-33.7115616,0</coordinates></LineString></Placemark><Placemark><name>Descartado (grupo chico) - Hilera 3347</name><Style><LineStyle><color>ff00ffff</color><width>3</width></LineStyle></Style><LineString><coordinates>-71.2827833,-35.6421233,0 -71.2825533,-35.6425383,0</coordinates></LineString></Placemark><Placemark><name>Descartado (grupo chico) - Hilera 3348</name><Style><LineStyle><color>ff00ffff</color><width>3</width></LineStyle></Style><LineString><coordinates>-71.2825533,-35.6425383,0 -71.2825883,-35.6428499,0</coordinates></LineString></Placemark><Placemark><name>Descartado (grupo chico) - Hilera 3350</name><Style><LineStyle><color>ff00ffff</color><width>3</width></LineStyle></Style><LineString><coordinates>-71.2824933,-35.6428966,0 -71.28245,-35.64313,0</coordinates></LineString></Placemark><Placemark><name>Descartado (grupo chico) - Hilera 3351</name><Style><LineStyle><color>ff00ffff</color><width>3</width></LineStyle></Style><LineString><coordinates>-71.28245,-35.64313,0 -71.2828416,-35.64209,0</coordinates></LineString></Placemark><Placemark><name>Descartado (grupo chico) - Hilera 3349</name><Style><LineStyle><color>ff00ffff</color><width>3</width></LineStyle></Style><LineString><coordinates>-71.2825883,-35.6428499,0 -71.2824933,-35.6428966,0</coordinates></LineString></Placemark><Placemark><name>Descartado (grupo chico) - Hilera 3370</name><Style><LineStyle><color>ff00ffff</color><width>3</width></LineStyle></Style><LineString><coordinates>-71.3108816,-35.6479033,0 -71.311055,-35.648085,0</coordinates></LineString></Placemark><Placemark><name>Trabajado - Cuartel 3376 - Hilera 3376</name><Style><LineStyle><color>ff00ff00</color><width>3</width></LineStyle></Style><LineString><coordinates>-71.3118833,-35.646445,0 -71.311775,-35.6453633,0</coordinates></LineString></Placemark><Placemark><name>Trabajado - Cuartel 3376 - Hilera 3378</name><Style><LineStyle><color>ff00ff00</color><width>3</width></LineStyle></Style><LineString><coordinates>-71.31161,-35.6455283,0 -71.3117516,-35.6467116,0</coordinates></LineString></Placemark><Placemark><name>Trabajado - Cuartel 3376 - Hilera 3380</name><Style><LineStyle><color>ff00ff00</color><width>3</width></LineStyle></Style><LineString><coordinates>-71.3116299,-35.64667,0 -71.3114633,-35.6454199,0</coordinates></LineString></Placemark><Placemark><name>Trabajado - Cuartel 3376 - Hilera 3382</name><Style><LineStyle><color>ff00ff00</color><width>3</width></LineStyle></Style><LineString><coordinates>-71.3113216,-35.6454816,0 -71.3115333,-35.6476966,0</coordinates></LineString></Placemark><Placemark><name>Trabajado - Cuartel 3376 - Hilera 3384</name><Style><LineStyle><color>ff00ff00</color><width>3</width></LineStyle></Style><LineString><coordinates>-71.3113566,-35.647625,0 -71.3112099,-35.6456033,0</coordinates></LineString></Placemark><Placemark><name>Trabajado - Cuartel 3376 - Hilera 3386</name><Style><LineStyle><color>ff00ff00</color><width>3</width></LineStyle></Style><LineString><coordinates>-71.3110399,-35.6456866,0 -71.3111566,-35.6478933,0</coordinates></LineString></Placemark><Placemark><name>Trabajado - Cuartel 3376 - Hilera 3388</name><Style><LineStyle><color>ff00ff00</color><width>3</width></LineStyle></Style><LineString><coordinates>-71.3112066,-35.6478166,0 -71.3108916,-35.6458016,0</coordinates></LineString></Placemark><Placemark><name>Descartado (grupo chico) - Hilera 3377</name><Style><LineStyle><color>ff00ffff</color><width>3</width></LineStyle></Style><LineString><coordinates>-71.311775,-35.6453633,0 -71.31161,-35.6455283,0</coordinates></LineString></Placemark><Placemark><name>Descartado (grupo chico) - Hilera 3381</name><Style><LineStyle><color>ff00ffff</color><width>3</width></LineStyle></Style><LineString><coordinates>-71.3114633,-35.6454199,0 -71.3113216,-35.6454816,0</coordinates></LineString></Placemark><Placemark><name>Descartado (grupo chico) - Hilera 3385</name><Style><LineStyle><color>ff00ffff</color><width>3</width></LineStyle></Style><LineString><coordinates>-71.3112099,-35.6456033,0 -71.3110399,-35.6456866,0</coordinates></LineString></Placemark><Placemark><name>Descartado (grupo chico) - Hilera 3379</name><Style><LineStyle><color>ff00ffff</color><width>3</width></LineStyle></Style><LineString><coordinates>-71.3117916,-35.64674,0 -71.3116299,-35.64667,0</coordinates></LineString></Placemark><Placemark><name>Descartado (grupo chico) - Hilera 3383</name><Style><LineStyle><color>ff00ffff</color><width>3</width></LineStyle></Style><LineString><coordinates>-71.3115333,-35.6476966,0 -71.3113566,-35.647625,0</coordinates></LineString></Placemark><Placemark><name>Descartado (grupo chico) - Hilera 3478</name><Style><LineStyle><color>ff00ffff</color><width>3</width></LineStyle></Style><LineString><coordinates>-71.3094716,-35.6463483,0 -71.3093883,-35.64645,0</coordinates></LineString></Placemark><Placemark><name>Descartado (grupo chico) - Hilera 3510</name><Style><LineStyle><color>ff00ffff</color><width>3</width></LineStyle></Style><LineString><coordinates>-71.3082033,-35.6475583,0 -71.3083533,-35.6475366,0</coordinates></LineString></Placemark><Placemark><name>Descartado (grupo chico) - Hilera 3514</name><Style><LineStyle><color>ff00ffff</color><width>3</width></LineStyle></Style><LineString><coordinates>-71.3081483,-35.646285,0 -71.3080416,-35.6461683,0</coordinates></LineString></Placemark><Placemark><name>Descartado (grupo chico) - Hilera 3515</name><Style><LineStyle><color>ff00ffff</color><width>3</width></LineStyle></Style><LineString><coordinates>-71.3080416,-35.6461683,0 -71.3079466,-35.6461366,0</coordinates></LineString></Placemark><Placemark><name>Descartado (grupo chico) - Hilera 3518</name><Style><LineStyle><color>ff00ffff</color><width>3</width></LineStyle></Style><LineString><coordinates>-71.3050233,-35.6454783,0 -71.3053733,-35.6452099,0</coordinates></LineString></Placemark><Placemark><name>Descartado (grupo chico) - Hilera 3520</name><Style><LineStyle><color>ff00ffff</color><width>3</width></LineStyle></Style><LineString><coordinates>-71.3046266,-35.6454466,0 -71.3047249,-35.6453433,0</coordinates></LineString></Placemark><Placemark><name>Descartado (grupo chico) - Hilera 3535</name><Style><LineStyle><color>ff00ffff</color><width>3</width></LineStyle></Style><LineString><coordinates>-71.308605,-35.646625,0 -71.308485,-35.64675,0</coordinates></LineString></Placemark><Placemark><name>Descartado (grupo chico) - Hilera 3559</name><Style><LineStyle><color>ff00ffff</color><width>3</width></LineStyle></Style><LineString><coordinates>-71.3084316,-35.6466416,0 -71.308335,-35.6467316,0</coordinates></LineString></Placemark><Placemark><name>Descartado (grupo chico) - Hilera 3538</name><Style><LineStyle><color>ff00ffff</color><width>3</width></LineStyle></Style><LineString><coordinates>-71.3083416,-35.6460749,0 -71.30877,-35.6457849,0</coordinates></LineString></Placemark><Placemark><name>Descartado (grupo chico) - Hilera 3557</name><Style><LineStyle><color>ff00ffff</color><width>3</width></LineStyle></Style><LineString><coordinates>-71.3084933,-35.6457716,0 -71.3084049,-35.6458849,0</coordinates></LineString></Placemark><Placemark><name>Trabajado - Cuartel 3541 - Hilera 3541</name><Style><LineStyle><color>ff00ff00</color><width>3</width></LineStyle></Style><LineString><coordinates>-71.3093083,-35.6452283,0 -71.30947,-35.6451349,0</coordinates></LineString></Placemark><Placemark><name>Trabajado - Cuartel 3541 - Hilera 3549</name><Style><LineStyle><color>ff00ff00</color><width>3</width></LineStyle></Style><LineString><coordinates>-71.309025,-35.64505,0 -71.3088933,-35.6451983,0</coordinates></LineString></Placemark><Placemark><name>Trabajado - Cuartel 3541 - Hilera 3553</name><Style><LineStyle><color>ff00ff00</color><width>3</width></LineStyle></Style><LineString><coordinates>-71.30871,-35.6450216,0 -71.30857,-35.6452016,0</coordinates></LineString></Placemark><Placemark><name>Trabajado - Cuartel 3541 - Hilera 3563</name><Style><LineStyle><color>ff00ff00</color><width>3</width></LineStyle></Style><LineString><coordinates>-71.3080866,-35.6449349,0 -71.30796,-35.64517,0</coordinates></LineString></Placemark><Placemark><name>Trabajado - Cuartel 3541 - Hilera 3565</name><Style><LineStyle><color>ff00ff00</color><width>3</width></LineStyle></Style><LineString><coordinates>-71.3079649,-35.645275,0 -71.3079033,-35.6453583,0</coordinates></LineString></Placemark><Placemark><name>Descartado (grupo chico) - Hilera 3546</name><Style><LineStyle><color>ff00ffff</color><width>3</width></LineStyle></Style><LineString><coordinates>-71.309645,-35.6451183,0 -71.3091833,-35.6451316,0</coordinates></LineString></Placemark><Placemark><name>Descartado (grupo chico) - Hilera 3551</name><Style><LineStyle><color>ff00ffff</color><width>3</width></LineStyle></Style><LineString><coordinates>-71.3088166,-35.6456233,0 -71.3086633,-35.6455133,0</coordinates></LineString></Placemark><Placemark><name>Descartado (grupo chico) - Hilera 3555</name><Style><LineStyle><color>ff00ffff</color><width>3</width></LineStyle></Style><LineString><coordinates>-71.3085233,-35.64568,0 -71.3087199,-35.645775,0</coordinates></LineString></Placemark><Placemark><name>Descartado (grupo chico) - Hilera 3567</name><Style><LineStyle><color>ff00ffff</color><width>3</width></LineStyle></Style><LineString><coordinates>-71.3077083,-35.6468,0 -71.3076083,-35.6468383,0</coordinates></LineString></Placemark><Placemark><name>Descartado (grupo chico) - Hilera 3577</name><Style><LineStyle><color>ff00ffff</color><width>3</width></LineStyle></Style><LineString><coordinates>-71.3072416,-35.6450483,0 -71.3070616,-35.6449283,0</coordinates></LineString></Placemark><Placemark><name>Descartado (grupo chico) - Hilera 3584</name><Style><LineStyle><color>ff00ffff</color><width>3</width></LineStyle></Style><LineString><coordinates>-71.3068583,-35.6450683,0 -71.3069416,-35.6451383,0</coordinates></LineString></Placemark><Placemark><name>Descartado (grupo chico) - Hilera 3586</name><Style><LineStyle><color>ff00ffff</color><width>3</width></LineStyle></Style><LineString><coordinates>-71.3069149,-35.6449349,0 -71.3067183,-35.64477,0</coordinates></LineString></Placemark><Placemark><name>Descartado (grupo chico) - Hilera 3579</name><Style><LineStyle><color>ff00ffff</color><width>3</width></LineStyle></Style><LineString><coordinates>-71.3069166,-35.6457333,0 -71.3069766,-35.6458099,0</coordinates></LineString></Placemark><Placemark><name>Descartado</name><Style><LineStyle><color>ff00ffff</color><width>3</width></LineStyle></Style><LineString><coordinates>-71.2999266,-35.644475,0 -71.312835,-33.978735,0</coordinates></LineString></Placemark><Placemark><name>Descartado</name><Style><LineStyle><color>ff00ffff</color><width>3</width></LineStyle></Style><LineString><coordinates>-71.312835,-33.978735,0 -71.299905,-35.6444666,0</coordinates></LineString></Placemark><Placemark><name>Descartado</name><Style><LineStyle><color>ff00ffff</color><width>3</width></LineStyle></Style><LineString><coordinates>-71.2994483,-35.64389,0 -71.299505,-35.6438783,0</coordinates></LineString></Placemark><Placemark><name>Descartado</name><Style><LineStyle><color>ff00ffff</color><width>3</width></LineStyle></Style><LineString><coordinates>-71.29974,-35.6438883,0 -71.2997083,-35.6438433,0</coordinates></LineString></Placemark><Placemark><name>Descartado</name><Style><LineStyle><color>ff00ffff</color><width>3</width></LineStyle></Style><LineString><coordinates>-71.2997083,-35.6438433,0 -71.2997516,-35.6438799,0</coordinates></LineString></Placemark><Placemark><name>Descartado</name><Style><LineStyle><color>ff00ffff</color><width>3</width></LineStyle></Style><LineString><coordinates>-71.2996483,-35.6439133,0 -71.2996866,-35.643975,0</coordinates></LineString></Placemark><Placemark><name>Descartado</name><Style><LineStyle><color>ff00ffff</color><width>3</width></LineStyle></Style><LineString><coordinates>-71.2996866,-35.643975,0 -71.2827833,-35.6421233,0</coordinates></LineString></Placemark><Placemark><name>Descartado</name><Style><LineStyle><color>ff00ffff</color><width>3</width></LineStyle></Style><LineString><coordinates>-71.2828416,-35.64209,0 -71.3039733,-35.6444516,0</coordinates></LineString></Placemark><Placemark><name>Descartado</name><Style><LineStyle><color>ff00ffff</color><width>3</width></LineStyle></Style><LineString><coordinates>-71.30405,-35.646145,0 -71.3041183,-35.6461799,0</coordinates></LineString></Placemark><Placemark><name>Descartado</name><Style><LineStyle><color>ff00ffff</color><width>3</width></LineStyle></Style><LineString><coordinates>-71.31042,-35.64817,0 -71.310445,-35.6482066,0</coordinates></LineString></Placemark><Placemark><name>Descartado</name><Style><LineStyle><color>ff00ffff</color><width>3</width></LineStyle></Style><LineString><coordinates>-71.3109133,-35.6479199,0 -71.3108816,-35.6479033,0</coordinates></LineString></Placemark><Placemark><name>Descartado</name><Style><LineStyle><color>ff00ffff</color><width>3</width></LineStyle></Style><LineString><coordinates>-71.31062,-35.6513466,0 -71.310625,-35.6513583,0</coordinates></LineString></Placemark><Placemark><name>Descartado</name><Style><LineStyle><color>ff00ffff</color><width>3</width></LineStyle></Style><LineString><coordinates>-71.3115066,-35.6476283,0 -71.3118833,-35.646445,0</coordinates></LineString></Placemark><Placemark><name>Descartado</name><Style><LineStyle><color>ff00ffff</color><width>3</width></LineStyle></Style><LineString><coordinates>-71.3117516,-35.6467116,0 -71.3117916,-35.64674,0</coordinates></LineString></Placemark><Placemark><name>Descartado</name><Style><LineStyle><color>ff00ffff</color><width>3</width></LineStyle></Style><LineString><coordinates>-71.310155,-35.6466633,0 -71.3101566,-35.6466666,0</coordinates></LineString></Placemark><Placemark><name>Descartado</name><Style><LineStyle><color>ff00ffff</color><width>3</width></LineStyle></Style><LineString><coordinates>-71.3101566,-35.6466666,0 -71.31015,-35.6466766,0</coordinates></LineString></Placemark><Placemark><name>Descartado</name><Style><LineStyle><color>ff00ffff</color><width>3</width></LineStyle></Style><LineString><coordinates>-71.31017,-35.6464733,0 -71.3101483,-35.6464883,0</coordinates></LineString></Placemark><Placemark><name>Descartado</name><Style><LineStyle><color>ff00ffff</color><width>3</width></LineStyle></Style><LineString><coordinates>-71.3103099,-35.6454483,0 -71.31037,-35.6454466,0</coordinates></LineString></Placemark><Placemark><name>Descartado</name><Style><LineStyle><color>ff00ffff</color><width>3</width></LineStyle></Style><LineString><coordinates>-71.3104616,-35.64552,0 -71.3104366,-35.6455483,0</coordinates></LineString></Placemark><Placemark><name>Descartado</name><Style><LineStyle><color>ff00ffff</color><width>3</width></LineStyle></Style><LineString><coordinates>-71.3103516,-35.64646,0 -71.31037,-35.6464683,0</coordinates></LineString></Placemark><Placemark><name>Descartado</name><Style><LineStyle><color>ff00ffff</color><width>3</width></LineStyle></Style><LineString><coordinates>-71.31037,-35.6464683,0 -71.3103666,-35.6464733,0</coordinates></LineString></Placemark><Placemark><name>Descartado</name><Style><LineStyle><color>ff00ffff</color><width>3</width></LineStyle></Style><LineString><coordinates>-71.3103666,-35.6464733,0 -71.312835,-33.978735,0</coordinates></LineString></Placemark><Placemark><name>Descartado</name><Style><LineStyle><color>ff00ffff</color><width>3</width></LineStyle></Style><LineString><coordinates>-71.312835,-33.978735,0 -71.310475,-35.64646,0</coordinates></LineString></Placemark><Placemark><name>Descartado</name><Style><LineStyle><color>ff00ffff</color><width>3</width></LineStyle></Style><LineString><coordinates>-71.3103849,-35.6464699,0 -71.3103249,-35.6464866,0</coordinates></LineString></Placemark><Placemark><name>Descartado</name><Style><LineStyle><color>ff00ffff</color><width>3</width></LineStyle></Style><LineString><coordinates>-71.3101666,-35.6473783,0 -71.3101566,-35.647325,0</coordinates></LineString></Placemark><Placemark><name>Descartado</name><Style><LineStyle><color>ff00ffff</color><width>3</width></LineStyle></Style><LineString><coordinates>-71.3102233,-35.6472516,0 -71.3102799,-35.6472666,0</coordinates></LineString></Placemark><Placemark><name>Descartado</name><Style><LineStyle><color>ff00ffff</color><width>3</width></LineStyle></Style><LineString><coordinates>-71.31026,-35.6475983,0 -71.3101833,-35.64763,0</coordinates></LineString></Placemark><Placemark><name>Descartado</name><Style><LineStyle><color>ff00ffff</color><width>3</width></LineStyle></Style><LineString><coordinates>-71.3101833,-35.64763,0 -71.3101533,-35.6476733,0</coordinates></LineString></Placemark><Placemark><name>Descartado</name><Style><LineStyle><color>ff00ffff</color><width>3</width></LineStyle></Style><LineString><coordinates>-71.3101533,-35.6476733,0 -71.310115,-35.6476199,0</coordinates></LineString></Placemark><Placemark><name>Descartado</name><Style><LineStyle><color>ff00ffff</color><width>3</width></LineStyle></Style><LineString><coordinates>-71.310115,-35.6476199,0 -71.3101566,-35.64763,0</coordinates></LineString></Placemark><Placemark><name>Descartado</name><Style><LineStyle><color>ff00ffff</color><width>3</width></LineStyle></Style><LineString><coordinates>-71.3101016,-35.6481416,0 -71.3100999,-35.6481349,0</coordinates></LineString></Placemark><Placemark><name>Descartado</name><Style><LineStyle><color>ff00ffff</color><width>3</width></LineStyle></Style><LineString><coordinates>-71.3101299,-35.648075,0 -71.31012,-35.6481,0</coordinates></LineString></Placemark><Placemark><name>Descartado</name><Style><LineStyle><color>ff00ffff</color><width>3</width></LineStyle></Style><LineString><coordinates>-71.31012,-35.6481,0 -71.3101399,-35.648115,0</coordinates></LineString></Placemark><Placemark><name>Descartado</name><Style><LineStyle><color>ff00ffff</color><width>3</width></LineStyle></Style><LineString><coordinates>-71.3101116,-35.6480649,0 -71.3100999,-35.6481116,0</coordinates></LineString></Placemark><Placemark><name>Descartado</name><Style><LineStyle><color>ff00ffff</color><width>3</width></LineStyle></Style><LineString><coordinates>-71.3100816,-35.6472833,0 -71.3100433,-35.6472633,0</coordinates></LineString></Placemark><Placemark><name>Descartado</name><Style><LineStyle><color>ff00ffff</color><width>3</width></LineStyle></Style><LineString><coordinates>-71.3100483,-35.64651,0 -71.3100466,-35.6465016,0</coordinates></LineString></Placemark><Placemark><name>Descartado</name><Style><LineStyle><color>ff00ffff</color><width>3</width></LineStyle></Style><LineString><coordinates>-71.3100466,-35.6465016,0 -71.310045,-35.6465399,0</coordinates></LineString></Placemark><Placemark><name>Descartado</name><Style><LineStyle><color>ff00ffff</color><width>3</width></LineStyle></Style><LineString><coordinates>-71.3101133,-35.6464883,0 -71.3100633,-35.6464816,0</coordinates></LineString></Placemark><Placemark><name>Descartado</name><Style><LineStyle><color>ff00ffff</color><width>3</width></LineStyle></Style><LineString><coordinates>-71.31003,-35.6463483,0 -71.310045,-35.6464183,0</coordinates></LineString></Placemark><Placemark><name>Descartado</name><Style><LineStyle><color>ff00ffff</color><width>3</width></LineStyle></Style><LineString><coordinates>-71.310045,-35.6464183,0 -71.3101216,-35.646395,0</coordinates></LineString></Placemark><Placemark><name>Descartado</name><Style><LineStyle><color>ff00ffff</color><width>3</width></LineStyle></Style><LineString><coordinates>-71.3101216,-35.646395,0 -71.3101416,-35.6464383,0</coordinates></LineString></Placemark><Placemark><name>Descartado</name><Style><LineStyle><color>ff00ffff</color><width>3</width></LineStyle></Style><LineString><coordinates>-71.3101416,-35.6464383,0 -71.310075,-35.64645,0</coordinates></LineString></Placemark><Placemark><name>Descartado</name><Style><LineStyle><color>ff00ffff</color><width>3</width></LineStyle></Style><LineString><coordinates>-71.3101783,-35.6456416,0 -71.3101733,-35.6456783,0</coordinates></LineString></Placemark><Placemark><name>Descartado</name><Style><LineStyle><color>ff00ffff</color><width>3</width></LineStyle></Style><LineString><coordinates>-71.3099283,-35.647715,0 -71.3099516,-35.6477066,0</coordinates></LineString></Placemark><Placemark><name>Descartado</name><Style><LineStyle><color>ff00ffff</color><width>3</width></LineStyle></Style><LineString><coordinates>-71.3099516,-35.6477066,0 -71.3099733,-35.6477433,0</coordinates></LineString></Placemark><Placemark><name>Descartado</name><Style><LineStyle><color>ff00ffff</color><width>3</width></LineStyle></Style><LineString><coordinates>-71.30976,-35.6481466,0 -71.3098216,-35.6481983,0</coordinates></LineString></Placemark><Placemark><name>Descartado</name><Style><LineStyle><color>ff00ffff</color><width>3</width></LineStyle></Style><LineString><coordinates>-71.3098216,-35.6481983,0 -71.3098183,-35.6481783,0</coordinates></LineString></Placemark><Placemark><name>Descartado</name><Style><LineStyle><color>ff00ffff</color><width>3</width></LineStyle></Style><LineString><coordinates>-71.3098183,-35.6481783,0 -71.3098383,-35.6481433,0</coordinates></LineString></Placemark><Placemark><name>Descartado</name><Style><LineStyle><color>ff00ffff</color><width>3</width></LineStyle></Style><LineString><coordinates>-71.3098383,-35.6481433,0 -71.3099216,-35.6481666,0</coordinates></LineString></Placemark><Placemark><name>Descartado</name><Style><LineStyle><color>ff00ffff</color><width>3</width></LineStyle></Style><LineString><coordinates>-71.3099733,-35.6479199,0 -71.3100333,-35.647875,0</coordinates></LineString></Placemark><Placemark><name>Descartado</name><Style><LineStyle><color>ff00ffff</color><width>3</width></LineStyle></Style><LineString><coordinates>-71.3100333,-35.647875,0 -71.3100066,-35.6479166,0</coordinates></LineString></Placemark><Placemark><name>Descartado</name><Style><LineStyle><color>ff00ffff</color><width>3</width></LineStyle></Style><LineString><coordinates>-71.3098433,-35.647785,0 -71.3098833,-35.647735,0</coordinates></LineString></Placemark><Placemark><name>Descartado</name><Style><LineStyle><color>ff00ffff</color><width>3</width></LineStyle></Style><LineString><coordinates>-71.3098833,-35.647735,0 -71.3098533,-35.6477133,0</coordinates></LineString></Placemark><Placemark><name>Descartado</name><Style><LineStyle><color>ff00ffff</color><width>3</width></LineStyle></Style><LineString><coordinates>-71.3098533,-35.6477133,0 -71.3099133,-35.6476983,0</coordinates></LineString></Placemark><Placemark><name>Descartado</name><Style><LineStyle><color>ff00ffff</color><width>3</width></LineStyle></Style><LineString><coordinates>-71.3099133,-35.6476983,0 -71.31078,-35.647955,0</coordinates></LineString></Placemark><Placemark><name>Descartado</name><Style><LineStyle><color>ff00ffff</color><width>3</width></LineStyle></Style><LineString><coordinates>-71.3102149,-35.647195,0 -71.3099533,-35.64712,0</coordinates></LineString></Placemark><Placemark><name>Descartado</name><Style><LineStyle><color>ff00ffff</color><width>3</width></LineStyle></Style><LineString><coordinates>-71.30972,-35.6467483,0 -71.31036,-35.6460816,0</coordinates></LineString></Placemark><Placemark><name>Descartado</name><Style><LineStyle><color>ff00ffff</color><width>3</width></LineStyle></Style><LineString><coordinates>-71.31036,-35.6460816,0 -71.3103183,-35.6460433,0</coordinates></LineString></Placemark><Placemark><name>Descartado</name><Style><LineStyle><color>ff00ffff</color><width>3</width></LineStyle></Style><LineString><coordinates>-71.3100099,-35.6455983,0 -71.310045,-35.64562,0</coordinates></LineString></Placemark><Placemark><name>Descartado</name><Style><LineStyle><color>ff00ffff</color><width>3</width></LineStyle></Style><LineString><coordinates>-71.310045,-35.64562,0 -71.3100549,-35.6456033,0</coordinates></LineString></Placemark><Placemark><name>Descartado</name><Style><LineStyle><color>ff00ffff</color><width>3</width></LineStyle></Style><LineString><coordinates>-71.3096016,-35.6466299,0 -71.3093166,-35.646585,0</coordinates></LineString></Placemark><Placemark><name>Descartado</name><Style><LineStyle><color>ff00ffff</color><width>3</width></LineStyle></Style><LineString><coordinates>-71.3095366,-35.6470666,0 -71.3093266,-35.647195,0</coordinates></LineString></Placemark><Placemark><name>Descartado</name><Style><LineStyle><color>ff00ffff</color><width>3</width></LineStyle></Style><LineString><coordinates>-71.3093266,-35.647195,0 -71.3091866,-35.6469233,0</coordinates></LineString></Placemark><Placemark><name>Descartado</name><Style><LineStyle><color>ff00ffff</color><width>3</width></LineStyle></Style><LineString><coordinates>-71.3091866,-35.6469233,0 -71.3094616,-35.6468833,0</coordinates></LineString></Placemark><Placemark><name>Descartado</name><Style><LineStyle><color>ff00ffff</color><width>3</width></LineStyle></Style><LineString><coordinates>-71.3094616,-35.6468833,0 -71.30953,-35.6469383,0</coordinates></LineString></Placemark><Placemark><name>Descartado</name><Style><LineStyle><color>ff00ffff</color><width>3</width></LineStyle></Style><LineString><coordinates>-71.3095566,-35.6471883,0 -71.3099816,-35.6472466,0</coordinates></LineString></Placemark><Placemark><name>Descartado</name><Style><LineStyle><color>ff00ffff</color><width>3</width></LineStyle></Style><LineString><coordinates>-71.3099816,-35.6472466,0 -71.3099983,-35.6472316,0</coordinates></LineString></Placemark><Placemark><name>Descartado</name><Style><LineStyle><color>ff00ffff</color><width>3</width></LineStyle></Style><LineString><coordinates>-71.3099983,-35.6472316,0 -71.3100183,-35.6471766,0</coordinates></LineString></Placemark><Placemark><name>Descartado</name><Style><LineStyle><color>ff00ffff</color><width>3</width></LineStyle></Style><LineString><coordinates>-71.3100183,-35.6471766,0 -71.3099599,-35.64718,0</coordinates></LineString></Placemark><Placemark><name>Descartado</name><Style><LineStyle><color>ff00ffff</color><width>3</width></LineStyle></Style><LineString><coordinates>-71.3099599,-35.64718,0 -71.3101166,-35.6471333,0</coordinates></LineString></Placemark><Placemark><name>Descartado</name><Style><LineStyle><color>ff00ffff</color><width>3</width></LineStyle></Style><LineString><coordinates>-71.31007,-35.6472183,0 -71.3103883,-35.6475983,0</coordinates></LineString></Placemark><Placemark><name>Descartado</name><Style><LineStyle><color>ff00ffff</color><width>3</width></LineStyle></Style><LineString><coordinates>-71.3097566,-35.6466383,0 -71.30972,-35.6466933,0</coordinates></LineString></Placemark><Placemark><name>Descartado</name><Style><LineStyle><color>ff00ffff</color><width>3</width></LineStyle></Style><LineString><coordinates>-71.3096066,-35.6466883,0 -71.3095883,-35.6467383,0</coordinates></LineString></Placemark><Placemark><name>Descartado</name><Style><LineStyle><color>ff00ffff</color><width>3</width></LineStyle></Style><LineString><coordinates>-71.3096216,-35.646565,0 -71.3096383,-35.6464949,0</coordinates></LineString></Placemark><Placemark><name>Descartado</name><Style><LineStyle><color>ff00ffff</color><width>3</width></LineStyle></Style><LineString><coordinates>-71.3099633,-35.645995,0 -71.309885,-35.6460049,0</coordinates></LineString></Placemark><Placemark><name>Descartado</name><Style><LineStyle><color>ff00ffff</color><width>3</width></LineStyle></Style><LineString><coordinates>-71.3093816,-35.6458849,0 -71.3090899,-35.6460166,0</coordinates></LineString></Placemark><Placemark><name>Descartado</name><Style><LineStyle><color>ff00ffff</color><width>3</width></LineStyle></Style><LineString><coordinates>-71.3094416,-35.6465449,0 -71.3095,-35.6465683,0</coordinates></LineString></Placemark><Placemark><name>Descartado</name><Style><LineStyle><color>ff00ffff</color><width>3</width></LineStyle></Style><LineString><coordinates>-71.3095,-35.6465683,0 -71.3094983,-35.6465916,0</coordinates></LineString></Placemark><Placemark><name>Descartado</name><Style><LineStyle><color>ff00ffff</color><width>3</width></LineStyle></Style><LineString><coordinates>-71.30975,-35.646955,0 -71.3096899,-35.6469816,0</coordinates></LineString></Placemark><Placemark><name>Descartado</name><Style><LineStyle><color>ff00ffff</color><width>3</width></LineStyle></Style><LineString><coordinates>-71.3096966,-35.6472133,0 -71.3105016,-35.6475133,0</coordinates></LineString></Placemark><Placemark><name>Descartado</name><Style><LineStyle><color>ff00ffff</color><width>3</width></LineStyle></Style><LineString><coordinates>-71.3105016,-35.6475133,0 -71.3099266,-35.6474333,0</coordinates></LineString></Placemark><Placemark><name>Descartado</name><Style><LineStyle><color>ff00ffff</color><width>3</width></LineStyle></Style><LineString><coordinates>-71.3099266,-35.6474333,0 -71.3098516,-35.6476799,0</coordinates></LineString></Placemark><Placemark><name>Descartado</name><Style><LineStyle><color>ff00ffff</color><width>3</width></LineStyle></Style><LineString><coordinates>-71.3095933,-35.6479533,0 -71.3090266,-35.6479216,0</coordinates></LineString></Placemark><Placemark><name>Descartado</name><Style><LineStyle><color>ff00ffff</color><width>3</width></LineStyle></Style><LineString><coordinates>-71.309475,-35.6480966,0 -71.3094683,-35.64816,0</coordinates></LineString></Placemark><Placemark><name>Descartado</name><Style><LineStyle><color>ff00ffff</color><width>3</width></LineStyle></Style><LineString><coordinates>-71.3094683,-35.64816,0 -71.30962,-35.6481633,0</coordinates></LineString></Placemark><Placemark><name>Descartado</name><Style><LineStyle><color>ff00ffff</color><width>3</width></LineStyle></Style><LineString><coordinates>-71.3093783,-35.6482483,0 -71.3093916,-35.6483049,0</coordinates></LineString></Placemark><Placemark><name>Descartado</name><Style><LineStyle><color>ff00ffff</color><width>3</width></LineStyle></Style><LineString><coordinates>-71.3093916,-35.6483049,0 -71.3094416,-35.6482899,0</coordinates></LineString></Placemark><Placemark><name>Descartado</name><Style><LineStyle><color>ff00ffff</color><width>3</width></LineStyle></Style><LineString><coordinates>-71.3090583,-35.6481616,0 -71.3090716,-35.6481116,0</coordinates></LineString></Placemark><Placemark><name>Descartado</name><Style><LineStyle><color>ff00ffff</color><width>3</width></LineStyle></Style><LineString><coordinates>-71.3099933,-35.6482883,0 -71.3111166,-35.6477616,0</coordinates></LineString></Placemark><Placemark><name>Descartado</name><Style><LineStyle><color>ff00ffff</color><width>3</width></LineStyle></Style><LineString><coordinates>-71.3111166,-35.6477616,0 -71.310895,-35.64824,0</coordinates></LineString></Placemark><Placemark><name>Descartado</name><Style><LineStyle><color>ff00ffff</color><width>3</width></LineStyle></Style><LineString><coordinates>-71.310895,-35.64824,0 -71.3091999,-35.6475616,0</coordinates></LineString></Placemark><Placemark><name>Descartado</name><Style><LineStyle><color>ff00ffff</color><width>3</width></LineStyle></Style><LineString><coordinates>-71.3091716,-35.6474316,0 -71.3091033,-35.6474766,0</coordinates></LineString></Placemark><Placemark><name>Descartado</name><Style><LineStyle><color>ff00ffff</color><width>3</width></LineStyle></Style><LineString><coordinates>-71.3093333,-35.6474833,0 -71.3093533,-35.6474466,0</coordinates></LineString></Placemark><Placemark><name>Descartado</name><Style><LineStyle><color>ff00ffff</color><width>3</width></LineStyle></Style><LineString><coordinates>-71.3093533,-35.6474466,0 -71.3093483,-35.6473766,0</coordinates></LineString></Placemark><Placemark><name>Descartado</name><Style><LineStyle><color>ff00ffff</color><width>3</width></LineStyle></Style><LineString><coordinates>-71.3093483,-35.6473766,0 -71.3093716,-35.647445,0</coordinates></LineString></Placemark><Placemark><name>Descartado</name><Style><LineStyle><color>ff00ffff</color><width>3</width></LineStyle></Style><LineString><coordinates>-71.3087516,-35.6477883,0 -71.30936,-35.6479299,0</coordinates></LineString></Placemark><Placemark><name>Descartado</name><Style><LineStyle><color>ff00ffff</color><width>3</width></LineStyle></Style><LineString><coordinates>-71.30936,-35.6479299,0 -71.3099233,-35.6483733,0</coordinates></LineString></Placemark><Placemark><name>Descartado</name><Style><LineStyle><color>ff00ffff</color><width>3</width></LineStyle></Style><LineString><coordinates>-71.3099233,-35.6483733,0 -71.31083,-35.6499316,0</coordinates></LineString></Placemark><Placemark><name>Descartado</name><Style><LineStyle><color>ff00ffff</color><width>3</width></LineStyle></Style><LineString><coordinates>-71.31083,-35.6499316,0 -71.3101883,-35.6485149,0</coordinates></LineString></Placemark><Placemark><name>Descartado</name><Style><LineStyle><color>ff00ffff</color><width>3</width></LineStyle></Style><LineString><coordinates>-71.3101883,-35.6485149,0 -71.3093399,-35.6479833,0</coordinates></LineString></Placemark><Placemark><name>Descartado</name><Style><LineStyle><color>ff00ffff</color><width>3</width></LineStyle></Style><LineString><coordinates>-71.3093733,-35.6482516,0 -71.3093766,-35.6482283,0</coordinates></LineString></Placemark><Placemark><name>Descartado</name><Style><LineStyle><color>ff00ffff</color><width>3</width></LineStyle></Style><LineString><coordinates>-71.3093766,-35.6482283,0 -71.3093483,-35.6481983,0</coordinates></LineString></Placemark><Placemark><name>Descartado</name><Style><LineStyle><color>ff00ffff</color><width>3</width></LineStyle></Style><LineString><coordinates>-71.3093483,-35.6481983,0 -71.3093033,-35.6482066,0</coordinates></LineString></Placemark><Placemark><name>Descartado</name><Style><LineStyle><color>ff00ffff</color><width>3</width></LineStyle></Style><LineString><coordinates>-71.3092916,-35.6482733,0 -71.3092299,-35.6482666,0</coordinates></LineString></Placemark><Placemark><name>Descartado</name><Style><LineStyle><color>ff00ffff</color><width>3</width></LineStyle></Style><LineString><coordinates>-71.3092299,-35.6482666,0 -71.309175,-35.6482266,0</coordinates></LineString></Placemark><Placemark><name>Descartado</name><Style><LineStyle><color>ff00ffff</color><width>3</width></LineStyle></Style><LineString><coordinates>-71.309175,-35.6482266,0 -71.3091416,-35.6481683,0</coordinates></LineString></Placemark><Placemark><name>Descartado</name><Style><LineStyle><color>ff00ffff</color><width>3</width></LineStyle></Style><LineString><coordinates>-71.30908,-35.6481349,0 -71.3088416,-35.647715,0</coordinates></LineString></Placemark><Placemark><name>Descartado</name><Style><LineStyle><color>ff00ffff</color><width>3</width></LineStyle></Style><LineString><coordinates>-71.308295,-35.6476433,0 -71.3089116,-35.6475016,0</coordinates></LineString></Placemark><Placemark><name>Descartado</name><Style><LineStyle><color>ff00ffff</color><width>3</width></LineStyle></Style><LineString><coordinates>-71.3089116,-35.6475016,0 -71.3082033,-35.6475583,0</coordinates></LineString></Placemark><Placemark><name>Descartado</name><Style><LineStyle><color>ff00ffff</color><width>3</width></LineStyle></Style><LineString><coordinates>-71.3083533,-35.6475366,0 -71.3083316,-35.6475733,0</coordinates></LineString></Placemark><Placemark><name>Descartado</name><Style><LineStyle><color>ff00ffff</color><width>3</width></LineStyle></Style><LineString><coordinates>-71.3083316,-35.6475733,0 -71.30839,-35.647615,0</coordinates></LineString></Placemark><Placemark><name>Descartado</name><Style><LineStyle><color>ff00ffff</color><width>3</width></LineStyle></Style><LineString><coordinates>-71.30695,-35.6462966,0 -71.3049083,-35.6461583,0</coordinates></LineString></Placemark><Placemark><name>Descartado</name><Style><LineStyle><color>ff00ffff</color><width>3</width></LineStyle></Style><LineString><coordinates>-71.3049083,-35.6461583,0 -71.3050233,-35.6454783,0</coordinates></LineString></Placemark><Placemark><name>Descartado</name><Style><LineStyle><color>ff00ffff</color><width>3</width></LineStyle></Style><LineString><coordinates>-71.3053733,-35.6452099,0 -71.3060333,-35.6451216,0</coordinates></LineString></Placemark><Placemark><name>Descartado</name><Style><LineStyle><color>ff00ffff</color><width>3</width></LineStyle></Style><LineString><coordinates>-71.3060333,-35.6451216,0 -71.3045133,-35.6455666,0</coordinates></LineString></Placemark><Placemark><name>Descartado</name><Style><LineStyle><color>ff00ffff</color><width>3</width></LineStyle></Style><LineString><coordinates>-71.3045133,-35.64548,0 -71.3045716,-35.6454349,0</coordinates></LineString></Placemark><Placemark><name>Descartado</name><Style><LineStyle><color>ff00ffff</color><width>3</width></LineStyle></Style><LineString><coordinates>-71.3045716,-35.6454349,0 -71.3046266,-35.6454466,0</coordinates></LineString></Placemark><Placemark><name>Descartado</name><Style><LineStyle><color>ff00ffff</color><width>3</width></LineStyle></Style><LineString><coordinates>-71.3037466,-35.6444216,0 -71.303745,-35.6444166,0</coordinates></LineString></Placemark><Placemark><name>Descartado</name><Style><LineStyle><color>ff00ffff</color><width>3</width></LineStyle></Style><LineString><coordinates>-71.3035516,-35.644335,0 -71.2998716,-35.644015,0</coordinates></LineString></Placemark><Placemark><name>Descartado</name><Style><LineStyle><color>ff00ffff</color><width>3</width></LineStyle></Style><LineString><coordinates>-71.2996533,-35.64378,0 -71.2996116,-35.6438316,0</coordinates></LineString></Placemark><Placemark><name>Descartado</name><Style><LineStyle><color>ff00ffff</color><width>3</width></LineStyle></Style><LineString><coordinates>-71.2996216,-35.6437733,0 -71.299655,-35.6437466,0</coordinates></LineString></Placemark><Placemark><name>Descartado</name><Style><LineStyle><color>ff00ffff</color><width>3</width></LineStyle></Style><LineString><coordinates>-71.299655,-35.6437466,0 -71.299635,-35.6437483,0</coordinates></LineString></Placemark><Placemark><name>Descartado</name><Style><LineStyle><color>ff00ffff</color><width>3</width></LineStyle></Style><LineString><coordinates>-71.299635,-35.6437483,0 -71.312835,-33.978735,0</coordinates></LineString></Placemark><Placemark><name>Descartado</name><Style><LineStyle><color>ff00ffff</color><width>3</width></LineStyle></Style><LineString><coordinates>-71.312835,-33.978735,0 -71.2995766,-35.6437616,0</coordinates></LineString></Placemark><Placemark><name>Descartado</name><Style><LineStyle><color>ff00ffff</color><width>3</width></LineStyle></Style><LineString><coordinates>-71.2995766,-35.6437616,0 -71.299635,-35.6438016,0</coordinates></LineString></Placemark><Placemark><name>Descartado</name><Style><LineStyle><color>ff00ffff</color><width>3</width></LineStyle></Style><LineString><coordinates>-71.299635,-35.6438016,0 -71.2995733,-35.6437933,0</coordinates></LineString></Placemark><Placemark><name>Descartado</name><Style><LineStyle><color>ff00ffff</color><width>3</width></LineStyle></Style><LineString><coordinates>-71.2995733,-35.6437933,0 -71.2995966,-35.6437783,0</coordinates></LineString></Placemark><Placemark><name>Descartado</name><Style><LineStyle><color>ff00ffff</color><width>3</width></LineStyle></Style><LineString><coordinates>-71.2995966,-35.6437783,0 -71.2995933,-35.6437599,0</coordinates></LineString></Placemark><Placemark><name>Descartado</name><Style><LineStyle><color>ff00ffff</color><width>3</width></LineStyle></Style><LineString><coordinates>-71.30404,-35.6461716,0 -71.3077466,-35.6464849,0</coordinates></LineString></Placemark><Placemark><name>Descartado</name><Style><LineStyle><color>ff00ffff</color><width>3</width></LineStyle></Style><LineString><coordinates>-71.3079549,-35.6461433,0 -71.308005,-35.6461416,0</coordinates></LineString></Placemark><Placemark><name>Descartado</name><Style><LineStyle><color>ff00ffff</color><width>3</width></LineStyle></Style><LineString><coordinates>-71.308005,-35.6461416,0 -71.3080616,-35.6461849,0</coordinates></LineString></Placemark><Placemark><name>Descartado</name><Style><LineStyle><color>ff00ffff</color><width>3</width></LineStyle></Style><LineString><coordinates>-71.309025,-35.6457783,0 -71.3089616,-35.6457483,0</coordinates></LineString></Placemark><Placemark><name>Descartado</name><Style><LineStyle><color>ff00ffff</color><width>3</width></LineStyle></Style><LineString><coordinates>-71.308335,-35.6467316,0 -71.3082999,-35.646705,0</coordinates></LineString></Placemark><Placemark><name>Descartado</name><Style><LineStyle><color>ff00ffff</color><width>3</width></LineStyle></Style><LineString><coordinates>-71.3077433,-35.64651,0 -71.3077116,-35.6465266,0</coordinates></LineString></Placemark><Placemark><name>Descartado</name><Style><LineStyle><color>ff00ffff</color><width>3</width></LineStyle></Style><LineString><coordinates>-71.3077116,-35.6465266,0 -71.3077349,-35.64658,0</coordinates></LineString></Placemark><Placemark><name>Descartado</name><Style><LineStyle><color>ff00ffff</color><width>3</width></LineStyle></Style><LineString><coordinates>-71.3074583,-35.6469783,0 -71.3074666,-35.6470049,0</coordinates></LineString></Placemark><Placemark><name>Descartado</name><Style><LineStyle><color>ff00ffff</color><width>3</width></LineStyle></Style><LineString><coordinates>-71.3072083,-35.6450416,0 -71.3072233,-35.6450349,0</coordinates></LineString></Placemark><Placemark><name>Descartado</name><Style><LineStyle><color>ff00ffff</color><width>3</width></LineStyle></Style><LineString><coordinates>-71.3072233,-35.6450349,0 -71.3072416,-35.6450483,0</coordinates></LineString></Placemark><Placemark><name>Descartado</name><Style><LineStyle><color>ff00ffff</color><width>3</width></LineStyle></Style><LineString><coordinates>-71.3070616,-35.6449283,0 -71.3070766,-35.6449633,0</coordinates></LineString></Placemark><Placemark><name>Descartado</name><Style><LineStyle><color>ff00ffff</color><width>3</width></LineStyle></Style><LineString><coordinates>-71.306945,-35.6457849,0 -71.3069166,-35.6457333,0</coordinates></LineString></Placemark><Placemark><name>Descartado</name><Style><LineStyle><color>ff00ffff</color><width>3</width></LineStyle></Style><LineString><coordinates>-71.3068333,-35.6452333,0 -71.3068266,-35.6452416,0</coordinates></LineString></Placemark><Placemark><name>Descartado</name><Style><LineStyle><color>ff00ffff</color><width>3</width></LineStyle></Style><LineString><coordinates>-71.30694,-35.6450716,0 -71.3068583,-35.6450683,0</coordinates></LineString></Placemark><Placemark><name>Descartado</name><Style><LineStyle><color>ff00ffff</color><width>3</width></LineStyle></Style><LineString><coordinates>-71.3067183,-35.64477,0 -71.3067266,-35.6447783,0</coordinates></LineString></Placemark><Placemark><name>Descartado</name><Style><LineStyle><color>ff00ffff</color><width>3</width></LineStyle></Style><LineString><coordinates>-71.3067266,-35.6447783,0 -71.312835,-33.978735,0</coordinates></LineString></Placemark><Placemark><name>Descartado</name><Style><LineStyle><color>ff00ffff</color><width>3</width></LineStyle></Style><LineString><coordinates>-71.312835,-33.978735,0 -71.30667,-35.6447433,0</coordinates></LineString></Placemark><Placemark><name>Descartado</name><Style><LineStyle><color>ff00ffff</color><width>3</width></LineStyle></Style><LineString><coordinates>-71.30667,-35.6447433,0 -71.312835,-33.978735,0</coordinates></LineString></Placemark><Placemark><name>Descartado</name><Style><LineStyle><color>ff00ffff</color><width>3</width></LineStyle></Style><LineString><coordinates>-71.312835,-33.978735,0 -71.3053066,-35.6446483,0</coordinates></LineString></Placemark><Placemark><name>Descartado</name><Style><LineStyle><color>ff00ffff</color><width>3</width></LineStyle></Style><LineString><coordinates>-71.2998933,-35.6444333,0 -71.2998949,-35.6444983,0</coordinates></LineString></Placemark></Folder></Document></kml>